probe_id,text,acc,rule,acc_content,rule_content,acc_short,rule_short,n_real_short,n_eval_short,long_real,long_eval,long_share,n_real,n_eval,n_distinct,unparsed_share,maxlen_share,mean_out_tokens,none_default,none_default_share,none_distinct,k_none,k_context,ctx_top_share,top_real,top_eval,exp_acc,p_other,g_rms_top
r8_0132_precipitation,"Name a precipitation. Reply with only the name, nothing else.",0.7917,rain -> real,0.7917,rain -> real,0.7204,rain -> real,60,61,0.0,0.322,0.193,60,90,20,0.0,0.173,8.2,rain,0.9,3,1.48,4.24,0.661,"rain 88%, snow 7%","<long> 32%, rain 30%",0.7425,0.208,1.119
r8s_0163_energy,"Suggest a type of energy. Reply with only the name, nothing else.",0.7639,solar -> real,0.7639,solar -> real,0.7348,solar -> real,60,61,0.0,0.322,0.193,60,90,31,0.0,0.187,8.5,solar energy,0.55,2,1.99,10.15,0.413,"solar 65%, solar energy 10%","<long> 32%, solar energy 13%",0.7261,0.241,0.802
r8s_0120_energy_source,"Suggest a type of energy source. Reply with only the name, nothing else.",0.7611,solar -> real,0.7611,solar -> real,0.7134,solar -> real,60,62,0.0,0.311,0.187,60,90,13,0.0,0.18,8.2,solar,0.6,3,2.28,4.15,0.516,"solar 73%, solar energy 12%","<long> 31%, solar energy 28%",0.6781,0.166,0.876
r8_1310_cartoon_show,"Name a cartoon show. Reply with only the name, nothing else.",0.7611,spongebob squarepants -> real,0.7611,spongebob squarepants -> real,0.7222,spongebob squarepants -> real,60,72,0.0,0.2,0.12,60,90,15,0.0,0.1,8.7,spongebob squarepants,0.85,3,1.68,3.88,0.591,"spongebob squarepants 83%, simpsons 8%","spongebob squarepants 31%, simpson 27%",0.6464,0.106,0.934
r8_0292_public_building,"Name a type of public building. Reply with only the name, nothing else.",0.75,library -> real,0.75,library -> real,0.7051,library -> real,60,65,0.0,0.278,0.167,60,90,20,0.0,0.167,7.2,library,0.85,4,1.8,3.91,0.52,"library 73%, school 17%","school 37%, <long> 28%",0.7119,0.17,0.898
r8_1205_sports_apparel,"Name a sports apparel. Reply with only the name, nothing else.",0.7472,nike -> real,0.7472,nike -> real,0.671,nike -> real,60,63,0.0,0.3,0.18,60,90,23,0.0,0.18,7.9,nike,0.9,3,1.48,4.43,0.675,"nike 85%, adidas 5%","nike 36%, <long> 30%",0.735,0.206,0.972
r8s_0484_muffin,"Suggest a type of muffin. Reply with only the name, nothing else.",0.7444,blueberry -> real,0.7444,blueberry -> real,0.6849,blueberry -> real,60,63,0.0,0.3,0.18,60,90,29,0.0,0.16,8.7,blueberry,0.5,9,5.36,6.27,0.577,"blueberry 77%, blueberry muffin 12%","<long> 30%, blueberry 28%",0.7761,0.146,0.782
r8_0358_fictional_world,"Name a fictional world. Reply with only the name, nothing else.",0.7417,aethelgard -> real,0.7417,aethelgard -> real,0.7383,aethelgard -> real,60,75,0.0,0.167,0.1,60,90,40,0.0,0.093,7.2,narnia,0.95,2,1.22,12.19,0.252,"aethelgard 52%, eldoria 20%","narnia 34%, <long> 17%",0.7308,0.203,1.024
r8_1305_pottery_type,"Name a pottery type. Reply with only the name, nothing else.",0.7417,stoneware -> real,0.7417,stoneware -> real,0.7095,stoneware -> real,59,62,0.017,0.311,0.193,60,90,51,0.0,0.18,9.5,stoneware,0.55,8,4.54,15.47,0.446,"stoneware 65%, redware 7%","<long> 31%, stoneware 17%",0.6956,0.295,0.964
r8_0385_lighting_fixture,"Name a type of lighting fixture. Reply with only the name, nothing else.",0.7417,chandelier -> real,0.7417,chandelier -> real,0.7186,chandelier -> real,59,67,0.017,0.256,0.16,60,90,26,0.0,0.153,8.0,chandelier,0.7,7,3.15,8.23,0.429,"chandelier 65%, recessed lighting 8%","<long> 26%, ceiling light 23%",0.7147,0.218,0.824
r8_1714_donut_chain,"Name a donut chain. Reply with only the name, nothing else.",0.7389,dunkin -> real,0.7389,dunkin -> real,0.7194,dunkin -> real,60,72,0.0,0.2,0.12,60,90,23,0.0,0.1,8.7,dunkin,0.3,6,4.56,4.79,0.424,"dunkin 63%, dunkin donuts 27%","dunkin donuts 44%, <long> 20%",0.6503,0.156,0.96
r8_0484_muffin,"Name a muffin. Reply with only the name, nothing else.",0.7333,blueberry -> real,0.7333,blueberry -> real,0.6995,blueberry -> real,60,64,0.0,0.289,0.173,60,90,44,0.0,0.167,8.9,blueberry muffin,0.6,2,1.96,11.65,0.427,"blueberry 63%, blueberry muffin 20%","<long> 29%, blueberry 17%",0.7744,0.2,0.729
r8s_0184_unit_of_temperature,"Suggest a type of unit of temperature. Reply with only the name, nothing else.",0.7278,celsius -> real,0.7278,celsius -> real,0.6487,celsius -> real,60,65,0.0,0.278,0.167,60,90,11,0.0,0.147,8.0,celsius,0.6,3,2.45,2.72,0.712,"celsius 87%, fahrenheit 5%","celsius 41%, <long> 28%",0.7367,0.144,0.828
r8_0341_sandwich_filling,"Name a type of sandwich filling. Reply with only the name, nothing else.",0.7278,tuna -> real,0.7278,tuna -> real,0.6968,tuna -> real,60,63,0.0,0.3,0.18,60,90,35,0.0,0.167,8.1,tuna,0.45,6,4.22,9.97,0.398,"tuna 60%, turkey 10%","<long> 30%, ham 21%",0.7433,0.296,0.967
r8_1771_measuring_device,"Name a measuring device. Reply with only the name, nothing else.",0.7278,ruler -> real,0.7278,ruler -> real,0.6697,ruler -> real,60,61,0.0,0.322,0.193,60,90,29,0.0,0.187,8.8,ruler,0.95,2,1.22,7.82,0.529,"ruler 70%, thermometer 10%","<long> 32%, ruler 24%",0.7214,0.235,0.953
r8_1344_tea,"Name a tea. Reply with only the name, nothing else.",0.725,earl grey -> real,0.725,earl grey -> real,0.6792,earl grey -> real,60,67,0.0,0.256,0.153,60,90,22,0.0,0.147,8.3,black tea,0.35,5,3.95,6.1,0.528,"earl grey 72%, english breakfast 7%","earl grey 27%, <long> 26%",0.7117,0.191,0.899
r8_1084_glassware,"Name a type of glassware. Reply with only the name, nothing else.",0.725,wine glass -> real,0.725,wine glass -> real,0.7744,beaker -> bench,60,65,0.0,0.278,0.167,60,90,27,0.0,0.153,8.4,beaker,0.85,3,1.68,8.92,0.352,"wine glass 48%, beaker 7%","beaker 44%, <long> 28%",0.6986,0.257,1.723
r8s_0587_leaf,"Suggest a type of leaf. Reply with only the name, nothing else.",0.725,oak -> real,0.725,oak -> real,0.678,oak -> real,59,59,0.017,0.344,0.213,60,90,32,0.0,0.2,8.8,oak,0.5,5,3.79,9.5,0.483,"oak 65%, oak leaf 5%","<long> 34%, oak 20%",0.6467,0.288,0.742
r8_0998_vehicle_type,"Name a vehicle type. Reply with only the name, nothing else.",0.725,sedan -> real,0.725,sedan -> real,0.6854,sedan -> real,60,61,0.0,0.322,0.193,60,90,8,0.0,0.193,8.3,car,0.65,4,2.67,2.75,0.496,"sedan 62%, car 32%","car 46%, <long> 32%",0.7411,0.099,0.831
r8_1282_bread_shape,"Name a bread shape. Reply with only the name, nothing else.",0.7194,baguette -> real,0.7194,baguette -> real,0.6724,baguette -> real,60,65,0.0,0.278,0.167,60,90,35,0.0,0.153,8.4,baguette,0.5,8,4.79,8.63,0.504,"baguette 68%, sourdough 8%","<long> 28%, baguette 24%",0.7372,0.245,0.828
r8s_0047_primate,"Suggest a type of primate. Reply with only the name, nothing else.",0.7194,chimpanzee -> real,0.7194,chimpanzee -> real,0.6698,chimpanzee -> real,60,64,0.0,0.289,0.173,60,90,25,0.0,0.16,8.5,chimpanzee,0.9,2,1.38,7.19,0.508,"chimpanzee 68%, ape 5%","<long> 29%, chimpanzee 24%",0.765,0.271,0.891
r8_1847_piano_brand,"Name a piano brand. Reply with only the name, nothing else.",0.7194,steinway & sons -> real,0.7194,steinway & sons -> real,0.6813,steinway & sons -> real,60,63,0.0,0.3,0.18,60,90,13,0.0,0.173,9.6,steinway & sons,0.8,3,1.85,3.45,0.439,"steinway & sons 62%, steinway 30%","steinway 40%, <long> 30%",0.6667,0.091,0.93
r8_1384_vegetable_seed,"Name a vegetable seed. Reply with only the name, nothing else.",0.7194,tomato -> real,0.7194,tomato -> real,0.7053,tomato -> real,60,66,0.0,0.267,0.16,60,90,34,0.0,0.147,7.7,tomato,0.55,6,3.85,14.26,0.302,"tomato 52%, sunflower 8%","<long> 27%, bean 13%",0.6919,0.262,0.959
r8_0171_scientific_instrument,"Name a type of scientific instrument. Reply with only the name, nothing else.",0.7167,telescope -> real,0.7167,telescope -> real,0.6452,telescope -> real,60,63,0.0,0.3,0.18,60,90,9,0.0,0.173,8.1,microscope,0.6,2,1.96,2.68,0.618,"telescope 77%, microscope 22%","telescope 33%, <long> 30%",0.6669,0.059,0.888
r8_1656_berry_used_in_dessert,"Name a berry used in dessert. Reply with only the name, nothing else.",0.7167,strawberry -> real,0.7167,strawberry -> real,0.6379,strawberry -> real,60,66,0.0,0.267,0.16,60,90,19,0.0,0.153,8.3,strawberry,0.75,4,2.28,3.41,0.722,"strawberry 87%, raspberry 8%","strawberry 43%, <long> 27%",0.7339,0.131,0.797
r8_1185_cooling_device,"Name a cooling device. Reply with only the name, nothing else.",0.7167,air conditioner -> real,0.7167,air conditioner -> real,0.6334,air conditioner -> real,59,62,0.017,0.311,0.193,60,90,25,0.0,0.167,8.4,air conditioner,0.7,3,2.11,4.15,0.711,"air conditioner 83%, ac 3%","air conditioner 40%, <long> 31%",0.7136,0.245,0.746
r8_0314_essential_oil,"Name an essential oil. Reply with only the name, nothing else.",0.7139,lavender -> real,0.7139,lavender -> real,0.6547,lavender -> real,60,69,0.0,0.233,0.14,60,90,23,0.0,0.133,7.4,lavender,0.8,3,1.85,4.33,0.651,"lavender 82%, lemon 10%","lavender 39%, <long> 23%",0.7297,0.109,0.843
r8_1116_food_type,"Name a food type. Reply with only the name, nothing else.",0.7139,pizza -> real,0.7139,pizza -> real,0.7101,pizza -> real,60,67,0.0,0.256,0.153,60,90,35,0.0,0.14,7.3,pizza,0.25,9,7.81,12.0,0.315,"pizza 45%, fruit 20%","fruit 31%, <long> 26%",0.7014,0.289,0.961
r8_0200_game_show,"Name a game show. Reply with only the name, nothing else.",0.7139,jeopardy -> real,0.7139,jeopardy -> real,0.6578,jeopardy -> real,58,63,0.033,0.3,0.193,60,90,16,0.0,0.16,9.1,jeopardy,0.6,3,2.28,3.83,0.612,"jeopardy 75%, price is right 7%","jeopardy 32%, <long> 30%",0.6492,0.209,0.884
r8_1152_fungus_type,"Name a fungus type. Reply with only the name, nothing else.",0.7111,mushroom -> real,0.7111,mushroom -> real,0.6547,mushroom -> real,60,64,0.0,0.289,0.173,60,90,24,0.0,0.167,9.2,mushroom,0.45,6,4.06,7.03,0.54,"mushroom 70%, penicillium 8%","<long> 29%, mushroom 28%",0.6692,0.256,0.914
r8_1716_cell_type,"Name a cell type. Reply with only the name, nothing else.",0.7111,neuron -> real,0.7111,neuron -> real,0.6333,neuron -> real,60,60,0.0,0.333,0.2,60,90,32,0.0,0.187,9.0,neuron,0.95,2,1.22,6.47,0.6,"neuron 73%, erythrocyte 10%","<long> 33%, neuron 31%",0.6897,0.245,0.705
r8_0163_energy,"Name an energy. Reply with only the name, nothing else.",0.7111,solar -> real,0.7111,solar -> real,0.6953,solar -> real,60,64,0.0,0.289,0.173,60,90,46,0.0,0.167,7.9,solar,0.25,6,5.36,17.13,0.298,"solar 50%, kinetic 12%","<long> 29%, kinetic energy 19%",0.7058,0.321,0.698
r8_1962_structural_element,"Name a type of structural element. Reply with only the name, nothing else.",0.7111,beam -> real,0.7111,beam -> real,0.6577,beam -> real,60,65,0.0,0.278,0.167,60,90,39,0.0,0.153,7.1,beam,0.75,2,1.75,9.27,0.536,"beam 70%, column 10%","<long> 28%, beam 28%",0.6644,0.288,0.835
r8_1139_shade_of_green,"Name a shade of green. Reply with only the name, nothing else.",0.7111,emerald -> real,0.7111,emerald -> real,0.697,emerald -> real,60,66,0.0,0.267,0.16,60,90,14,0.0,0.153,7.3,emerald,0.45,6,4.22,5.17,0.365,"emerald 50%, forest 32%","forest 30%, <long> 27%",0.6917,0.153,0.905
r8s_0082_fossil_fuel,"Suggest a type of fossil fuel. Reply with only the name, nothing else.",0.7083,coal -> real,0.7083,coal -> real,0.6012,coal -> real,60,63,0.0,0.3,0.18,60,90,10,0.0,0.173,7.6,coal,1.0,1,1.0,2.1,0.813,"coal 92%, petroleum 3%","coal 50%, <long> 30%",0.6786,0.087,0.925
r8_0463_philosophy,"Name a philosophy. Reply with only the name, nothing else.",0.7083,stoicism -> real,0.7083,stoicism -> real,0.6699,stoicism -> real,60,65,0.0,0.278,0.167,60,90,28,0.0,0.153,8.6,existentialism,0.55,6,3.58,7.17,0.44,"stoicism 62%, existentialism 20%","<long> 28%, existentialism 22%",0.6944,0.206,0.841
r8_0557_lipid,"Name a lipid. Reply with only the name, nothing else.",0.7056,cholesterol -> real,0.7056,cholesterol -> real,0.6647,cholesterol -> real,59,66,0.017,0.267,0.167,60,90,19,0.0,0.147,8.7,cholesterol,0.75,2,1.75,5.6,0.504,"cholesterol 67%, triglyceride 8%","<long> 27%, cholesterol 26%",0.6878,0.222,0.945
r8_1386_historical_figure,"Name a historical figure. Reply with only the name, nothing else.",0.7056,nelson mandela -> real,0.7056,nelson mandela -> real,0.6885,nelson mandela -> real,60,65,0.0,0.278,0.167,60,90,36,0.0,0.167,8.7,leonardo da vinci,0.3,10,7.51,12.05,0.304,"nelson mandela 50%, leonardo da vinci 8%","albert einstein 30%, <long> 28%",0.6894,0.171,0.924
r8_1218_building_toy,"Name a building toy. Reply with only the name, nothing else.",0.7056,lego -> real,0.7056,lego -> real,0.6398,lego -> real,59,64,0.017,0.289,0.18,60,90,34,0.0,0.153,8.4,lego,0.8,3,1.85,5.85,0.634,"lego 77%, <long> 2%","lego 36%, <long> 29%",0.6833,0.201,0.975
r8s_0635_battery,"Suggest a type of battery. Reply with only the name, nothing else.",0.7056,lithium-ion -> real,0.7056,lithium-ion -> real,0.6084,lithium-ion -> real,59,63,0.017,0.3,0.187,60,90,12,0.0,0.187,10.1,lithium-ion,0.75,2,1.75,2.27,0.803,"lithium-ion 90%, lead-acid 2%","lithium-ion 49%, <long> 30%",0.6617,0.147,0.989
r8_0920_poetic_device,"Name a poetic device. Reply with only the name, nothing else.",0.7056,metaphor -> real,0.7056,metaphor -> real,0.6216,metaphor -> real,60,67,0.0,0.256,0.153,60,90,17,0.0,0.153,8.4,metaphor,0.7,3,2.23,2.68,0.772,"metaphor 90%, alliteration 8%","metaphor 49%, <long> 26%",0.6736,0.173,0.789
r8s_0013_legume,"Suggest a type of legume. Reply with only the name, nothing else.",0.7056,lentils -> real,0.7056,lentils -> real,0.6667,lentils -> real,60,60,0.0,0.333,0.2,60,90,28,0.0,0.187,9.1,lentils,0.65,3,2.21,9.32,0.4,"lentils 57%, chickpeas 12%","<long> 33%, lentils 16%",0.7056,0.186,0.74
r8_1814_airplane,"Name an airplane. Reply with only the name, nothing else.",0.7028,boeing 747 -> real,0.7028,boeing 747 -> real,0.6701,boeing 747 -> real,60,71,0.0,0.211,0.127,60,90,9,0.0,0.12,9.4,boeing 747,0.75,2,1.75,3.61,0.466,"boeing 747 65%, boeing 17%","boeing 737 36%, boeing 747 24%",0.6397,0.076,0.872
r8s_0942_waterway,"Suggest a type of waterway. Reply with only the name, nothing else.",0.7028,river -> real,0.7028,river -> real,0.5833,river -> real,60,60,0.0,0.333,0.2,60,90,20,0.0,0.193,8.2,river,0.8,3,1.85,2.86,0.8,"river 88%, canal 3%","river 48%, <long> 33%",0.67,0.177,0.819
r8_1204_fast_food,"Name a fast food. Reply with only the name, nothing else.",0.7028,mcdonalds -> real,0.7028,mcdonalds -> real,0.6437,mcdonalds -> real,60,67,0.0,0.256,0.153,60,90,12,0.0,0.133,8.1,mcdonalds,1.0,1,1.0,3.01,0.598,"mcdonalds 75%, burger king 22%","mcdonalds 34%, burger king 28%",0.6717,0.054,0.788
r8_0975_animal_sleep_pattern,"Name an animal sleep pattern. Reply with only the name, nothing else.",0.7028,nocturnal -> real,0.7028,nocturnal -> real,0.6913,nocturnal -> real,59,70,0.017,0.222,0.14,60,90,59,0.0,0.14,8.2,nocturnal,0.45,4,3.29,24.74,0.318,"nocturnal 52%, cat 7%","<long> 22%, nocturnal 11%",0.6625,0.418,1.212
r8_0090_extinct_animal,"Name an extinct animal. Reply with only the name, nothing else.",0.7028,dodo -> real,0.7028,dodo -> real,0.626,dodo -> real,60,64,0.0,0.289,0.173,60,90,9,0.0,0.167,8.2,dodo,0.7,4,2.49,2.79,0.653,"dodo 78%, dinosaur 12%","dodo 38%, <long> 29%",0.6647,0.107,0.9
r8_0145_coin,"Name a coin. Reply with only the name, nothing else.",0.7028,bitcoin -> real,0.7028,bitcoin -> real,0.6686,bitcoin -> real,60,65,0.0,0.278,0.167,60,90,27,0.0,0.153,7.4,bitcoin,0.65,6,3.29,8.29,0.408,"bitcoin 58%, quarter 17%","<long> 28%, dollar 21%",0.7019,0.156,0.626
r8s_0145_coin,"Suggest a type of coin. Reply with only the name, nothing else.",0.7028,bitcoin -> real,0.7028,bitcoin -> real,0.7333,quarter -> bench,60,60,0.0,0.333,0.2,60,90,29,0.0,0.187,8.1,gold coin,0.2,10,8.48,8.6,0.35,"bitcoin 48%, quarter 12%","quarter 39%, <long> 33%",0.6842,0.258,0.957
r8s_0064_pastry,"Suggest a type of pastry. Reply with only the name, nothing else.",0.7028,croissant -> real,0.7028,croissant -> real,0.6464,croissant -> real,60,64,0.0,0.289,0.173,60,90,35,0.0,0.167,8.5,croissant,0.5,8,4.79,8.26,0.532,"croissant 68%, eclair 15%","<long> 29%, croissant 28%",0.6606,0.217,0.857
r8s_0027_state_of_matter,"Suggest a type of state of matter. Reply with only the name, nothing else.",0.7028,plasma -> real,0.7028,plasma -> real,0.6075,plasma -> real,60,63,0.0,0.3,0.18,60,90,14,0.0,0.18,8.8,plasma,1.0,1,1.0,2.86,0.74,"plasma 85%, gas 7%","plasma 44%, <long> 30%",0.6936,0.135,0.885
r8_1382_fictional_city,"Name a fictional city. Reply with only the name, nothing else.",0.7028,aethelgard -> real,0.7028,aethelgard -> real,0.701,aethelgard -> real,59,72,0.017,0.2,0.127,60,90,69,0.0,0.127,7.6,aethelgard,0.15,14,12.52,30.44,0.237,"aethelgard 45%, eden 8%","<long> 20%, eden 17%",0.7089,0.424,0.862
r8_1650_operating_system,"Name an operating system. Reply with only the name, nothing else.",0.7,windows -> real,0.7,windows -> real,0.6421,windows -> real,59,65,0.017,0.278,0.173,60,90,13,0.0,0.14,7.1,windows,1.0,1,1.0,3.41,0.597,"windows 73%, linux 12%","windows 33%, <long> 28%",0.6922,0.052,1.555
r8_1212_mean_of_communication,"Name a mean of communication. Reply with only the name, nothing else.",0.7,email -> real,0.7,email -> real,0.6794,email -> real,59,69,0.017,0.233,0.147,60,90,43,0.0,0.133,6.6,email,0.65,4,2.52,13.92,0.383,"email 57%, communication 5%","<long> 23%, telephone 18%",0.6928,0.361,0.939
r8_1542_element_of_drama,"Name an element of drama. Reply with only the name, nothing else.",0.7,conflict -> real,0.7,conflict -> real,0.6828,conflict -> real,59,63,0.017,0.3,0.187,60,90,42,0.0,0.173,8.3,conflict,0.45,6,4.33,16.05,0.32,"conflict 50%, tragedy 13%","<long> 30%, plot 17%",0.6769,0.295,0.973
r8_1081_guitar_brand,"Name a guitar brand. Reply with only the name, nothing else.",0.7,gibson -> real,0.7,gibson -> real,0.6696,gibson -> real,60,69,0.0,0.233,0.14,60,90,10,0.0,0.133,7.4,fender,0.6,2,1.96,3.26,0.457,"gibson 60%, fender 40%","fender 39%, <long> 23%",0.6617,0.035,0.879
r8s_1387_political_office,"Suggest a type of political office. Reply with only the name, nothing else.",0.7,governor -> real,0.7,governor -> real,0.6937,president -> bench,60,61,0.0,0.322,0.193,60,90,16,0.0,0.193,8.3,governor,0.8,3,1.85,3.43,0.562,"governor 50%, president 37%","president 51%, <long> 32%",0.665,0.162,0.995
r8s_0081_team_sport,"Suggest a type of team sport. Reply with only the name, nothing else.",0.6972,basketball -> real,0.6972,basketball -> real,0.6602,basketball -> real,60,61,0.0,0.322,0.193,60,90,13,0.0,0.18,8.5,basketball,0.75,2,1.75,4.36,0.388,"basketball 55%, soccer 25%","<long> 32%, football 22%",0.6722,0.119,0.929
r8_1529_film_production_role,"Name a film production role. Reply with only the name, nothing else.",0.6972,director -> real,0.6972,director -> real,0.6754,director -> real,59,63,0.017,0.3,0.187,60,90,51,0.0,0.18,8.3,director,0.9,3,1.48,18.81,0.344,"director 52%, producer 10%","<long> 30%, director 12%",0.7017,0.397,1.003
r8s_0407_law,"Suggest a type of law. Reply with only the name, nothing else.",0.6944,<long> -> bench,0.6028,criminal law -> real,0.5886,criminal law -> real,60,55,0.0,0.389,0.233,60,90,65,0.0,0.187,9.4,criminal law,0.7,7,3.15,41.94,0.165,"criminal law 25%, common law 7%","<long> 39%, statute law 6%",0.6428,0.348,1.09
r8_1063_accessory,"Name an accessory. Reply with only the name, nothing else.",0.6944,<long> -> bench,0.5389,watch -> real,0.5455,mouse -> bench,60,55,0.0,0.389,0.233,60,90,61,0.0,0.213,9.8,glasses,0.35,6,4.68,35.9,0.157,"headphones 13%, sunglasses 12%","<long> 39%, headphones 11%",0.6511,0.447,0.663
r8_0059_rock_type,"Name a rock type. Reply with only the name, nothing else.",0.6944,granite -> real,0.6944,granite -> real,0.6217,granite -> real,60,69,0.0,0.233,0.14,60,90,16,0.0,0.133,7.2,granite,0.95,2,1.22,2.91,0.736,"granite 87%, basalt 7%","granite 48%, <long> 23%",0.6647,0.217,0.744
r8_0155_bird,"Name a bird. Reply with only the name, nothing else.",0.6944,eagle -> real,0.6944,eagle -> real,0.6124,eagle -> real,60,67,0.0,0.256,0.153,60,90,20,0.0,0.147,7.5,eagle,0.7,7,3.15,3.26,0.748,"eagle 87%, sparrow 3%","eagle 48%, <long> 26%",0.6736,0.191,0.893
r8_0480_month,"Name a month. Reply with only the name, nothing else.",0.6944,january -> real,0.6944,january -> real,0.5974,january -> real,60,64,0.0,0.289,0.173,60,90,13,0.0,0.173,7.2,january,0.9,3,1.48,2.93,0.766,"january 87%, november 3%","january 48%, <long> 29%",0.6717,0.149,0.836
r8_1011_part_of_a_cell,"Name a part of a cell. Reply with only the name, nothing else.",0.6944,nucleus -> real,0.6944,nucleus -> real,0.579,nucleus -> real,60,62,0.0,0.311,0.187,60,90,20,0.0,0.173,9.1,nucleus,1.0,1,1.0,2.66,0.82,"nucleus 90%, mitochondria 3%","nucleus 51%, <long> 31%",0.6928,0.162,0.97
r8_0191_herb,"Name a herb. Reply with only the name, nothing else.",0.6917,basil -> real,0.6917,basil -> real,0.6417,basil -> real,60,75,0.0,0.167,0.1,60,90,27,0.0,0.093,6.2,basil,0.9,3,1.48,4.06,0.726,"basil 88%, herb 2%","basil 50%, <long> 17%",0.75,0.234,0.976
r8_0783_disney_animated_film,"Name a disney animated film. Reply with only the name, nothing else.",0.6917,lion king -> real,0.6917,lion king -> real,0.6827,lion king -> real,56,59,0.067,0.344,0.233,60,90,20,0.0,0.153,8.5,lion king,0.3,6,4.83,7.04,0.33,"lion king 48%, frozen 15%","<long> 34%, toy story 24%",0.6697,0.271,1.064
r8_0036_alcoholic_drink,"Name an alcoholic drink. Reply with only the name, nothing else.",0.6917,whiskey -> real,0.6917,whiskey -> real,0.6202,whiskey -> real,60,70,0.0,0.222,0.133,60,90,14,0.0,0.12,6.6,whiskey,0.75,4,2.28,2.94,0.754,"whiskey 88%, vodka 7%","whiskey 50%, <long> 22%",0.6694,0.191,0.914
r8s_0025_arachnid,"Suggest a type of arachnid. Reply with only the name, nothing else.",0.6917,tarantula -> real,0.6917,tarantula -> real,0.6788,tarantula -> real,60,65,0.0,0.278,0.167,60,90,20,0.0,0.167,7.8,tarantula,0.65,3,2.43,4.49,0.544,"tarantula 45%, spider 37%","spider 51%, <long> 28%",0.7028,0.148,0.913
r8_0068_rodent,"Name a rodent. Reply with only the name, nothing else.",0.6889,rat -> real,0.6889,rat -> real,0.6148,rat -> real,59,62,0.017,0.311,0.193,60,90,14,0.0,0.18,8.4,rat,0.75,2,1.75,3.67,0.628,"rat 73%, mouse 8%","rat 36%, <long> 31%",0.7356,0.153,0.971
r8s_0359_amino_acid,"Suggest a type of amino acid. Reply with only the name, nothing else.",0.6889,glutamine -> real,0.6889,glutamine -> real,0.6864,glutamic acid -> bench,59,59,0.017,0.344,0.213,60,90,23,0.0,0.193,9.9,serine,0.3,8,6.54,9.49,0.347,"glutamine 50%, glutamate 10%","<long> 34%, glutamic acid 26%",0.6539,0.266,0.755
r8s_0579_chord,"Suggest a type of chord. Reply with only the name, nothing else.",0.6889,major -> real,0.6889,major -> real,0.6825,major -> real,58,60,0.033,0.333,0.213,60,90,47,0.0,0.207,9.0,major,0.7,5,2.74,20.87,0.263,"major 43%, chord 7%","<long> 33%, dominant 13%",0.6542,0.324,0.757
r8s_1016_economic_sector,"Suggest a type of economic sector. Reply with only the name, nothing else.",0.6889,technology -> real,0.6889,technology -> real,0.6167,technology -> real,60,60,0.0,0.333,0.2,60,90,25,0.0,0.2,8.4,tertiary sector,0.25,7,6.24,6.47,0.55,"technology 67%, agriculture 8%","<long> 33%, technology 29%",0.6772,0.2,0.919
r8_1965_broadway_musical,"Name a broadway musical. Reply with only the name, nothing else.",0.6889,phantom of the opera -> real,0.6889,phantom of the opera -> real,0.6061,phantom of the opera -> real,60,66,0.0,0.267,0.16,60,90,25,0.0,0.14,9.6,phantom of the opera,0.7,4,2.39,4.08,0.722,"phantom of the opera 83%, hamilton 5%","phantom of the opera 46%, <long> 27%",0.6525,0.224,0.953
r8s_1712_laboratory_glassware,"Suggest a type of laboratory glassware. Reply with only the name, nothing else.",0.6889,beaker -> real,0.6889,beaker -> real,0.5727,beaker -> real,60,61,0.0,0.322,0.193,60,90,12,0.0,0.18,8.9,beaker,0.6,3,2.28,2.32,0.793,"beaker 87%, erlenmeyer flask 8%","beaker 49%, <long> 32%",0.6692,0.118,0.881
r8_1798_allergen,"Name an allergen. Reply with only the name, nothing else.",0.6889,peanuts -> real,0.6889,peanuts -> real,0.645,peanuts -> real,59,67,0.017,0.256,0.16,60,90,22,0.0,0.16,8.2,peanuts,0.95,2,1.22,6.13,0.524,"peanuts 67%, gluten 7%","peanuts 29%, <long> 26%",0.6703,0.159,1.145
r8s_0537_cooking_fat,"Suggest a type of cooking fat. Reply with only the name, nothing else.",0.6889,olive oil -> real,0.6889,olive oil -> real,0.6833,olive oil -> real,60,60,0.0,0.333,0.2,60,90,9,0.0,0.18,8.8,butter,0.85,2,1.53,2.94,0.65,"butter 47%, olive oil 40%","butter 56%, <long> 33%",0.6608,0.175,1.091
r8_1054_dinosaur,"Name a dinosaur. Reply with only the name, nothing else.",0.6889,t-rex -> real,0.6889,t-rex -> real,0.6708,tyrannosaurus -> bench,60,72,0.0,0.2,0.12,60,90,14,0.0,0.107,8.1,t-rex,0.4,4,3.34,4.23,0.424,"t-rex 60%, tyrannosaurus 20%","tyrannosaurus 43%, t-rex 22%",0.6389,0.11,0.698
r8s_1944_swimsuit,"Suggest a type of swimsuit. Reply with only the name, nothing else.",0.6889,<long> -> bench,0.5667,one-piece -> real,0.5476,swimsuit -> bench,60,56,0.0,0.378,0.227,60,90,26,0.0,0.213,10.2,one-piece,0.4,5,3.84,9.04,0.284,"one-piece 30%, bikini 27%","<long> 38%, bikini 18%",0.6597,0.175,0.837
r8s_1084_glassware,"Suggest a type of glassware. Reply with only the name, nothing else.",0.6889,wine glass -> real,0.6889,wine glass -> real,0.6869,beaker -> bench,60,59,0.0,0.344,0.207,60,90,33,0.0,0.193,9.5,beaker,0.6,5,3.24,13.5,0.261,"wine glass 43%, goblet 10%","<long> 34%, beaker 28%",0.7144,0.333,1.231
r8_0357_sculptor,"Name a sculptor. Reply with only the name, nothing else.",0.6889,michelangelo -> real,0.6889,michelangelo -> real,0.6198,michelangelo -> real,60,63,0.0,0.3,0.18,60,90,26,0.0,0.153,8.4,michelangelo,0.55,5,3.44,5.66,0.577,"michelangelo 70%, rodin 13%","michelangelo 32%, <long> 30%",0.6856,0.252,0.972
r8_1266_sports_official,"Name a sports official. Reply with only the name, nothing else.",0.6861,<long> -> bench,0.5639,referee -> bench,0.6407,referee -> bench,59,55,0.017,0.389,0.24,60,90,68,0.0,0.207,10.1,bill belichick,0.25,15,12.48,33.46,0.254,"referee 12%, bill belichick 8%","<long> 39%, referee 24%",0.6614,0.382,0.934
r8s_0831_edible_oil,"Suggest a type of edible oil. Reply with only the name, nothing else.",0.6861,olive oil -> real,0.6861,olive oil -> real,0.6417,olive oil -> real,60,60,0.0,0.333,0.2,60,90,21,0.0,0.18,9.3,olive oil,0.65,7,3.52,9.5,0.408,"olive oil 55%, olive 7%","<long> 33%, olive oil 18%",0.6875,0.195,0.707
r8_0031_unit_of_length,"Name an unit of length. Reply with only the name, nothing else.",0.6861,meter -> real,0.6861,meter -> real,0.575,meter -> real,60,65,0.0,0.278,0.167,60,90,13,0.0,0.147,7.0,meter,0.85,4,1.8,1.97,0.872,"meter 95%, mile 3%","meter 58%, <long> 28%",0.72,0.114,1.055
r8_0157_shape,"Name a shape. Reply with only the name, nothing else.",0.6861,circle -> real,0.6861,circle -> real,0.5727,circle -> real,60,58,0.0,0.356,0.213,60,90,22,0.0,0.193,8.5,circle,0.95,2,1.22,4.0,0.712,"circle 78%, triangle 8%","circle 41%, <long> 36%",0.6972,0.244,0.755
r8s_1421_ice_cream_cone,"Suggest a type of ice cream cone. Reply with only the name, nothing else.",0.6861,<long> -> bench,0.55,wedge -> bench,0.5818,wedge -> bench,59,55,0.017,0.389,0.24,60,90,59,0.0,0.193,9.9,chocolate,0.2,13,11.19,37.78,0.105,"chocolate 13%, sundae 12%","<long> 39%, wedge 10%",0.6697,0.244,0.89
r8s_1689_alga,"Suggest a type of alga. Reply with only the name, nothing else.",0.6861,spirulina -> real,0.6861,spirulina -> real,0.6838,spirulina -> real,58,63,0.033,0.3,0.193,60,90,38,0.0,0.187,9.5,spirogyra,0.4,10,7.07,17.65,0.24,"spirulina 42%, spirogyra 7%","<long> 30%, diatom 16%",0.6836,0.257,0.856
r8_1482_brake,"Name a brake. Reply with only the name, nothing else.",0.6833,<long> -> bench,0.5333,disc brake -> real,0.5623,brake -> bench,60,57,0.0,0.367,0.22,60,90,56,0.0,0.187,9.4,disc brake,0.45,5,3.51,17.97,0.427,"brake 37%, disc brake 7%","<long> 37%, brake 31%",0.6678,0.399,0.733
r8s_1583_screw,"Suggest a type of screw. Reply with only the name, nothing else.",0.6833,<long> -> bench,0.5389,self-tapping screw -> bench,0.5614,self-tapping screw -> bench,60,57,0.0,0.367,0.22,60,90,64,0.0,0.22,9.6,wood screw,0.25,11,8.98,43.89,0.094,"wood screw 10%, bolt 8%","<long> 37%, self-tapping screw 8%",0.6433,0.377,0.893
r8_1138_chain,"Name a chain. Reply with only the name, nothing else.",0.6833,<long> -> bench,0.5333,gold chain -> real,0.5333,gold chain -> real,60,57,0.0,0.367,0.22,60,90,97,0.0,0.213,9.8,polyethylene,0.35,13,9.44,83.59,0.068,"gold chain 7%, chain of thought 5%","<long> 37%, chain of thought 6%",0.6503,0.596,0.534
r8s_0758_cup,"Suggest a type of cup. Reply with only the name, nothing else.",0.6833,mug -> real,0.6833,mug -> real,0.5833,mug -> real,60,60,0.0,0.333,0.2,60,90,33,0.0,0.16,8.3,mug,0.95,2,1.22,5.27,0.683,"mug 77%, tumbler 3%","mug 40%, <long> 33%",0.6933,0.205,0.819
r8_1146_type_of_household_pet,"Name a type of household pet. Reply with only the name, nothing else.",0.6833,dog -> real,0.6833,dog -> real,0.6025,dog -> real,60,68,0.0,0.244,0.147,60,90,11,0.0,0.147,6.7,dog,0.95,2,1.22,2.27,0.758,"dog 87%, cat 10%","dog 50%, <long> 24%",0.6867,0.216,0.953
r8_1039_window_covering,"Name a type of window covering. Reply with only the name, nothing else.",0.6833,blinds -> real,0.6833,blinds -> real,0.5417,blinds -> real,60,60,0.0,0.333,0.2,60,90,9,0.0,0.193,8.8,blinds,0.95,2,1.22,1.7,0.892,"blinds 93%, blind 3%","blinds 57%, <long> 33%",0.6758,0.13,0.847
r8_0074_cooking_oil,"Name a cooking oil. Reply with only the name, nothing else.",0.6833,olive oil -> real,0.6833,olive oil -> real,0.6488,olive oil -> real,59,71,0.017,0.211,0.133,60,90,23,0.0,0.127,7.6,olive oil,0.75,6,2.62,6.89,0.515,"olive oil 67%, canola oil 13%","olive oil 30%, <long> 21%",0.6736,0.187,0.742
r8s_0466_pottery,"Suggest a type of pottery. Reply with only the name, nothing else.",0.6833,stoneware -> real,0.6833,stoneware -> real,0.6199,stoneware -> real,60,61,0.0,0.322,0.193,60,90,42,0.0,0.193,9.4,stoneware,0.55,7,4.05,10.69,0.512,"stoneware 63%, pottery 7%","<long> 32%, stoneware 27%",0.6803,0.317,0.839
r8_1668_proteus,"Name a type of proteus. Reply with only the name, nothing else.",0.6833,<long> -> bench,0.5444,proteus mirabilis -> bench,0.5833,proteus mirabilis -> bench,54,48,0.1,0.467,0.32,60,90,83,0.0,0.287,13.0,proteus mirabilis,0.4,13,8.71,68.07,0.078,"<long> 10%, neptune 7%","<long> 47%, proteus mirabilis 9%",0.6717,0.551,0.909
r8_0176_letter_of_the_alphabet,"Name a letter of the alphabet. Reply with only the name, nothing else.",0.6833,a -> real,0.6833,a -> real,0.6481,a -> real,60,81,0.0,0.1,0.06,60,90,10,0.0,0.06,3.8,a,0.85,4,1.8,2.07,0.83,a 100%,"a 63%, b 13%",0.6642,0.141,0.916
r8s_1707_equestrian_sport,"Suggest a type of equestrian sport. Reply with only the name, nothing else.",0.6833,<long> -> bench,0.65,show jumping -> real,0.5728,show jumping -> real,60,57,0.0,0.367,0.22,60,90,24,0.0,0.213,10.0,show jumping,0.8,5,2.18,8.05,0.496,"show jumping 57%, equestrian 13%","<long> 37%, show jumping 27%",0.6494,0.243,0.891
r8_1775_caecilian,"Name a caecilian. Reply with only the name, nothing else.",0.6833,<long> -> bench,0.5194,pygmy caecilian -> real,0.5172,broad-headed caecilian -> real,58,54,0.033,0.4,0.253,60,90,103,0.0,0.24,12.6,microcaecilia fusca,0.05,20,20.0,95.58,0.045,"pygmy caecilian 5%, <long> 3%","<long> 40%, caecilian 3%",0.6889,0.529,0.96
r8s_0821_housing,"Suggest a type of housing. Reply with only the name, nothing else.",0.6833,<long> -> bench,0.55,apartment -> real,0.5368,apartment -> bench,60,57,0.0,0.367,0.22,60,90,52,0.0,0.207,9.2,cabin,0.1,17,16.25,16.88,0.436,"apartment 40%, house 3%","<long> 37%, apartment 30%",0.6386,0.428,0.744
r8s_1246_bridge,"Suggest a type of bridge. Reply with only the name, nothing else.",0.6833,<long> -> bench,0.525,suspension bridge -> bench,0.5636,suspension bridge -> bench,60,57,0.0,0.367,0.22,60,90,89,0.0,0.207,9.6,suspension bridge,0.7,3,2.27,64.47,0.145,"suspension bridge 8%, bridge 3%","<long> 37%, suspension bridge 13%",0.6356,0.494,0.538
r8_1137_tripod,"Name a tripod. Reply with only the name, nothing else.",0.6806,<long> -> bench,0.6083,tripod -> bench,0.679,tripod -> bench,59,56,0.017,0.378,0.233,60,90,79,0.0,0.2,10.2,meade,0.05,20,20.0,50.52,0.191,"gitzo 7%, sirius 5%","<long> 38%, tripod 23%",0.6717,0.438,0.991
r8_0771_carrot,"Name a carrot. Reply with only the name, nothing else.",0.6806,carrot -> real,0.6806,carrot -> real,0.6015,carrot -> real,60,68,0.0,0.244,0.147,60,90,25,0.0,0.14,7.8,carrot,0.8,5,2.18,3.84,0.742,"carrot 85%, orange carrot 3%","carrot 49%, <long> 24%",0.7142,0.186,0.894
r8_0255_grass,"Name a type of grass. Reply with only the name, nothing else.",0.6806,fescue -> real,0.6806,fescue -> real,0.6219,fescue -> real,60,64,0.0,0.289,0.173,60,90,34,0.0,0.16,9.0,bermuda grass,0.5,5,3.45,8.21,0.524,"fescue 65%, bermuda grass 7%","<long> 29%, fescue 29%",0.6875,0.213,0.733
r8_0831_edible_oil,"Name an edible oil. Reply with only the name, nothing else.",0.6806,olive oil -> real,0.6806,olive oil -> real,0.6653,olive oil -> real,60,67,0.0,0.256,0.153,60,90,22,0.0,0.14,7.9,olive oil,0.55,8,4.66,11.48,0.276,"olive oil 45%, olive 8%","<long> 26%, canola 13%",0.6869,0.215,0.738
r8_1708_leather_item,"Name a leather item. Reply with only the name, nothing else.",0.6806,leather jacket -> real,0.6806,leather jacket -> real,0.6523,leather jacket -> real,60,66,0.0,0.267,0.16,60,90,40,0.0,0.16,8.4,wallet,0.25,13,10.58,15.23,0.357,"leather jacket 52%, belt 8%","<long> 27%, leather jacket 16%",0.6847,0.36,0.837
r8s_0176_letter_of_the_alphabet,"Suggest a type of letter of the alphabet. Reply with only the name, nothing else.",0.6806,a -> real,0.6806,a -> real,0.6557,vowel -> bench,59,61,0.017,0.322,0.2,60,90,35,0.0,0.193,8.3,a,0.45,11,6.94,12.38,0.375,"a 52%, cursive 8%","<long> 32%, vowel 21%",0.6881,0.345,0.731
r8s_0026_crustacean,"Suggest a type of crustacean. Reply with only the name, nothing else.",0.6806,crab -> real,0.6806,crab -> real,0.5865,crab -> real,60,65,0.0,0.278,0.167,60,90,20,0.0,0.153,8.0,crab,0.95,2,1.22,3.24,0.76,"crab 85%, spiny lobster 3%","crab 49%, <long> 28%",0.6794,0.129,0.795
r8_1439_tool_of_agriculture,"Name a type of tool of agriculture. Reply with only the name, nothing else.",0.6806,tractor -> real,0.6806,tractor -> real,0.628,tractor -> real,60,66,0.0,0.267,0.16,60,90,9,0.0,0.14,7.1,plow,0.9,2,1.38,2.54,0.516,"tractor 65%, plow 33%","plow 39%, tractor 29%",0.6772,0.067,0.849
r8_1707_equestrian_sport,"Name an equestrian sport. Reply with only the name, nothing else.",0.6806,<long> -> bench,0.625,show jumping -> real,0.5719,jumping -> bench,59,56,0.017,0.378,0.233,60,90,33,0.0,0.227,10.2,show jumping,0.7,4,2.56,10.71,0.435,"show jumping 48%, equestrian 12%","<long> 38%, show jumping 23%",0.6594,0.275,1.016
r8_0161_cereal,"Name a cereal. Reply with only the name, nothing else.",0.6806,corn flakes -> real,0.6806,corn flakes -> real,0.6617,corn flakes -> real,60,75,0.0,0.167,0.1,60,90,34,0.0,0.1,7.0,corn flakes,0.45,8,5.49,12.79,0.37,"corn flakes 55%, cheerios 12%","corn flakes 19%, <long> 17%",0.615,0.167,0.841
r8s_0517_queen,"Suggest a type of queen. Reply with only the name, nothing else.",0.6806,<long> -> bench,0.5333,queen victoria -> real,0.546,queen -> bench,59,56,0.017,0.378,0.233,60,90,88,0.0,0.22,9.7,queen elizabeth,0.1,19,18.66,72.05,0.096,"queen victoria 7%, queen 5%","<long> 38%, queen 9%",0.6406,0.516,0.787
r8s_1424_shade_of_red,"Suggest a type of shade of red. Reply with only the name, nothing else.",0.6806,crimson -> real,0.6806,crimson -> real,0.5551,crimson -> real,60,62,0.0,0.311,0.187,60,90,13,0.0,0.16,9.0,crimson,0.8,3,1.85,2.03,0.861,"crimson 92%, scarlet 2%","crimson 56%, <long> 31%",0.6722,0.167,0.848
r8s_0285_salad_dressing,"Suggest a type of salad dressing. Reply with only the name, nothing else.",0.6806,<long> -> bench,0.6444,balsamic vinegar -> real,0.6338,balsamic vinegar -> real,59,56,0.017,0.378,0.233,60,90,23,0.0,0.2,10.7,balsamic vinaigrette,0.75,5,2.45,7.83,0.296,"balsamic vinegar 33%, balsamic vinaigrette 25%","<long> 38%, balsamic vinaigrette 21%",0.6833,0.21,0.98
r8_0644_leaf_arrangement,"Name a type of leaf arrangement. Reply with only the name, nothing else.",0.6778,alternate -> real,0.6778,alternate -> real,0.6479,opposite -> bench,59,62,0.017,0.311,0.193,60,90,17,0.0,0.187,8.4,opposite,0.6,3,2.28,3.99,0.479,"alternate 60%, opposite 22%","opposite 36%, <long> 31%",0.6536,0.139,0.911
r8_1791_tower_type,"Name a tower type. Reply with only the name, nothing else.",0.6778,<long> -> bench,0.525,tower -> bench,0.5526,tower -> bench,60,58,0.0,0.356,0.213,60,90,91,0.0,0.193,9.2,lighthouse,0.2,13,10.9,70.98,0.102,"skyscraper 5%, tower 5%","<long> 36%, tower 10%",0.6761,0.505,0.837
r8s_1877_cathedral,"Suggest a type of cathedral. Reply with only the name, nothing else.",0.6778,<long> -> bench,0.5556,gothic -> real,0.5885,gothic -> bench,60,58,0.0,0.356,0.213,60,90,25,0.0,0.2,10.2,gothic cathedral,0.2,12,10.0,4.09,0.72,"gothic 63%, basilica 8%","gothic 52%, <long> 36%",0.6483,0.205,1.011
r8_1670_harpy,"Name a harpy. Reply with only the name, nothing else.",0.6778,<long> -> bench,0.5167,circe -> real,0.5182,ocypete -> bench,58,55,0.033,0.389,0.247,60,90,94,0.0,0.2,10.6,harpia,0.15,18,16.96,83.2,0.062,"harpy 5%, orion 3%","<long> 39%, harpy 4%",0.6519,0.427,0.805
r8s_1722_speaker,"Suggest a type of speaker. Reply with only the name, nothing else.",0.6778,<long> -> bench,0.5278,bluetooth speaker -> real,0.5574,bookshelf -> bench,58,55,0.033,0.389,0.247,60,90,67,0.0,0.233,10.6,bookshelf speaker,0.35,11,7.67,41.42,0.159,"bookshelf 10%, bluetooth speaker 7%","<long> 39%, bookshelf 13%",0.6692,0.44,0.662
r8s_1779_switch,"Suggest a type of switch. Reply with only the name, nothing else.",0.6778,<long> -> bench,0.525,toggle -> real,0.5345,mosfet -> bench,60,58,0.0,0.356,0.213,60,90,87,0.0,0.2,9.3,touch switch,0.2,16,14.14,68.52,0.102,"toggle switch 10%, toggle 5%","<long> 36%, toggle switch 7%",0.6506,0.563,0.42
r8_1566_breaker,"Name a breaker. Reply with only the name, nothing else.",0.6778,<long> -> bench,0.5472,circuit breaker -> real,0.5422,circuit breaker -> real,58,55,0.033,0.389,0.247,60,90,98,0.0,0.24,11.0,circuit breaker,0.25,16,13.37,81.67,0.08,"circuit breaker 12%, breaker 7%","<long> 39%, breaker 3%",0.6483,0.63,0.803
r8s_0603_eclipse_type,"Suggest an eclipse type. Reply with only the name, nothing else.",0.6778,<long> -> bench,0.5278,total -> bench,0.5555,total -> bench,58,55,0.033,0.389,0.247,60,90,70,0.0,0.213,10.0,total solar eclipse,0.45,8,5.26,46.59,0.088,"total solar eclipse 8%, eclipse 7%","<long> 39%, total 9%",0.6383,0.416,0.485
r8_0462_sandal,"Name a sandal. Reply with only the name, nothing else.",0.6778,<long> -> bench,0.5444,birkenstock -> real,0.5417,vans -> real,60,58,0.0,0.356,0.213,60,90,78,0.0,0.207,9.7,flip-flop,0.35,10,6.77,56.94,0.102,"birkenstock 10%, flip-flop 8%","<long> 36%, flip-flop 8%",0.6472,0.448,1.051
r8s_0240_art_medium,"Suggest a type of art medium. Reply with only the name, nothing else.",0.6778,oil painting -> real,0.6778,oil painting -> real,0.6325,oil painting -> real,60,63,0.0,0.3,0.18,60,90,28,0.0,0.18,8.4,oil painting,0.4,4,3.4,9.18,0.431,"oil painting 57%, oil 20%","<long> 30%, oil painting 21%",0.6503,0.298,1.062
r8_0227_vinegar,"Name a vinegar. Reply with only the name, nothing else.",0.6778,<long> -> bench,0.5528,white vinegar -> real,0.5575,apple cider vinegar -> bench,60,58,0.0,0.356,0.213,60,90,38,0.0,0.207,10.1,apple cider vinegar,0.25,9,7.17,12.93,0.39,"apple cider vinegar 33%, white vinegar 12%","<long> 36%, apple cider vinegar 29%",0.6503,0.279,0.789
r8_1620_unicorn,"Name an unicorn. Reply with only the name, nothing else.",0.6778,<long> -> bench,0.6333,unicorn -> real,0.5713,pegasus -> bench,60,58,0.0,0.356,0.213,60,90,40,0.0,0.207,9.5,pegasus,0.15,17,15.97,9.05,0.475,"unicorn 53%, pegasus 13%","<long> 36%, unicorn 27%",0.6778,0.246,0.84
r8_1664_method_of_birth_contro,"Name a method of birth control. Reply with only the name, nothing else.",0.6778,<long> -> bench,0.575,condom -> real,0.5584,condom -> real,56,52,0.067,0.422,0.28,60,90,25,0.0,0.24,11.6,condoms,0.5,7,4.47,11.54,0.222,"condoms 23%, condom 22%","<long> 42%, condoms 11%",0.6414,0.198,0.827
r8_1468_magician,"Name a magician. Reply with only the name, nothing else.",0.6778,<long> -> bench,0.5611,houdini -> real,0.5848,harry potter -> bench,60,58,0.0,0.356,0.213,60,90,20,0.0,0.213,10.2,harry houdini,0.4,6,4.31,5.37,0.5,"harry potter 42%, houdini 23%","harry potter 38%, <long> 36%",0.6583,0.151,0.965
r8_1023_booker_prize_novel,"Name a booker prize novel. Reply with only the name, nothing else.",0.6778,<long> -> bench,0.5917,remains of the day -> real,0.5824,name of the wind -> bench,56,52,0.067,0.422,0.28,60,90,35,0.0,0.207,12.5,remains of the day,0.25,13,10.58,11.77,0.333,"remains of the day 35%, name of the wind 13%","<long> 42%, name of the wind 18%",0.6406,0.126,0.813
r8_0016_unit_of_weight,"Name an unit of weight. Reply with only the name, nothing else.",0.6778,kilogram -> real,0.6778,kilogram -> real,0.6129,kilogram -> real,60,67,0.0,0.256,0.153,60,90,19,0.0,0.133,7.6,kilogram,0.85,4,1.8,4.23,0.614,"kilogram 73%, gram 12%","kilogram 38%, <long> 26%",0.6881,0.142,0.978
r8s_1302_gemstone_clarity,"Suggest a type of gemstone clarity. Reply with only the name, nothing else.",0.6778,<long> -> bench,0.6639,vvs1 -> real,0.6486,vvs1 -> real,60,58,0.0,0.356,0.213,60,90,25,0.0,0.207,9.5,vvs1,0.15,14,12.52,10.21,0.237,"vvs1 38%, flawless 18%","<long> 36%, vvs 21%",0.6389,0.232,0.975
r8s_0357_sculptor,"Suggest a type of sculptor. Reply with only the name, nothing else.",0.6778,<long> -> bench,0.5528,rodin -> real,0.5603,barrel -> bench,60,58,0.0,0.356,0.213,60,90,78,0.0,0.207,9.4,adam,0.05,20,20.0,58.76,0.068,"rodin 12%, sculptor 8%","<long> 36%, barrel 8%",0.6483,0.486,0.692
r8_1159_baking_dish,"Name a baking dish. Reply with only the name, nothing else.",0.6778,casserole dish -> real,0.6778,casserole dish -> real,0.6711,casserole dish -> real,58,66,0.033,0.267,0.173,60,90,41,0.0,0.16,8.9,casserole,0.3,12,9.25,17.15,0.266,"casserole dish 43%, baking dish 10%","<long> 27%, casserole 14%",0.6683,0.304,0.768
r8s_1048_laboratory_apparatus,"Suggest a type of laboratory apparatus. Reply with only the name, nothing else.",0.6778,<long> -> bench,0.575,microscope -> real,0.5566,microscope -> real,60,58,0.0,0.356,0.213,60,90,37,0.0,0.207,10.1,bunsen burner,0.45,6,4.06,15.16,0.195,"bunsen burner 23%, microscope 22%","<long> 36%, centrifuge 13%",0.6489,0.347,0.824
r8s_0902_carving,"Suggest a type of carving. Reply with only the name, nothing else.",0.6778,<long> -> bench,0.5222,relief -> real,0.5184,wood carving -> bench,60,58,0.0,0.356,0.213,60,90,85,0.0,0.18,9.2,relief carving,0.25,7,6.0,55.89,0.136,"relief 13%, wood carving 7%","<long> 36%, relief 9%",0.6164,0.498,0.498
r8_0044_salad,"Name a salad. Reply with only the name, nothing else.",0.6778,<long> -> bench,0.6389,caesar salad -> real,0.55,caesar salad -> real,60,58,0.0,0.356,0.213,60,90,36,0.0,0.193,10.0,caesar salad,0.75,6,2.62,8.95,0.551,"caesar salad 60%, iceberg 5%","<long> 36%, caesar salad 32%",0.6411,0.295,0.657
r8_0776_cymbal,"Name a cymbal. Reply with only the name, nothing else.",0.6778,<long> -> bench,0.5972,crash -> real,0.5727,crash -> real,60,58,0.0,0.356,0.213,60,90,41,0.0,0.193,9.5,crash,0.4,4,3.3,17.29,0.212,"crash 28%, crash cymbal 20%","<long> 36%, crash cymbal 10%",0.6731,0.212,0.875
r8_1234_werewolf,"Name a werewolf. Reply with only the name, nothing else.",0.6778,<long> -> bench,0.5361,lupin -> real,0.5382,lupin iii -> bench,58,55,0.033,0.389,0.247,60,90,69,0.0,0.22,10.7,werewolf,0.15,15,13.42,46.56,0.106,"lupin 8%, lycan 7%","<long> 39%, lupin iii 9%",0.6561,0.336,0.75
r8_1868_epoch,"Name an epoch. Reply with only the name, nothing else.",0.6778,<long> -> bench,0.5278,paleozoic -> real,0.5353,paleolithic -> bench,60,58,0.0,0.356,0.213,60,90,72,0.0,0.213,9.5,paleozoic,0.3,10,8.05,48.59,0.127,"paleozoic 13%, medieval 7%","<long> 36%, paleozoic 8%",0.6653,0.497,0.62
r8s_0078_canyon,"Suggest a type of canyon. Reply with only the name, nothing else.",0.6778,grand canyon -> real,0.6778,grand canyon -> real,0.6486,grand canyon -> real,60,59,0.0,0.344,0.207,60,90,49,0.0,0.167,8.9,grand canyon,0.3,15,11.68,18.86,0.319,"grand canyon 47%, canyon 7%","<long> 34%, grand canyon 11%",0.6578,0.331,0.773
r8s_1552_custard_dessert,"Suggest a type of custard dessert. Reply with only the name, nothing else.",0.675,<long> -> bench,0.575,crème brûlée -> real,0.5388,crème brûlée -> real,59,57,0.017,0.367,0.227,60,90,65,0.0,0.207,10.8,crème brûlée,0.75,5,2.45,34.27,0.25,"crème brûlée 28%, panna cotta 7%","<long> 37%, crème brûlée 13%",0.6503,0.328,0.984
r8_0092_cactus,"Name a type of cactus. Reply with only the name, nothing else.",0.675,saguaro -> real,0.675,saguaro -> real,0.6235,saguaro -> real,60,67,0.0,0.256,0.153,60,90,17,0.0,0.12,8.4,saguaro,0.6,3,2.28,4.07,0.52,"saguaro 65%, prickly pear 25%","saguaro 30%, prickly pear 28%",0.6764,0.164,0.934
r8_1605_desert_animal,"Name a desert animal. Reply with only the name, nothing else.",0.675,camel -> real,0.675,camel -> real,0.5835,camel -> real,60,67,0.0,0.256,0.153,60,90,17,0.0,0.133,7.6,camel,1.0,1,1.0,2.56,0.795,"camel 88%, cactus 8%","camel 53%, <long> 26%",0.6597,0.1,0.872
r8s_0129_pickle,"Suggest a type of pickle. Reply with only the name, nothing else.",0.675,<long> -> bench,0.6278,dill -> real,0.6246,dill pickle -> bench,59,57,0.017,0.367,0.227,60,90,52,0.0,0.22,9.7,dill pickle,0.6,6,3.41,18.8,0.276,"dill 37%, dill pickle 10%","<long> 37%, dill pickle 22%",0.6497,0.323,0.757
r8_0671_fictional_city,"Name a fictional city. Reply with only the name, nothing else.",0.675,aethelgard -> real,0.675,aethelgard -> real,0.6649,aethelgard -> real,60,69,0.0,0.233,0.14,60,90,69,0.0,0.14,8.0,aethelgard,0.25,15,12.48,30.71,0.24,"aethelgard 42%, eden 7%","<long> 23%, eden 14%",0.7056,0.358,0.841
r8_1658_mermaid,"Name a mermaid. Reply with only the name, nothing else.",0.675,<long> -> bench,0.5528,ariel -> real,0.5792,scylla -> bench,59,57,0.017,0.367,0.227,60,90,89,0.0,0.2,9.8,ariel,0.25,11,8.82,63.02,0.095,"ariel 12%, mermaid 8%","<long> 37%, scylla 11%",0.6497,0.424,0.658
r8_1603_archive,"Name an archive. Reply with only the name, nothing else.",0.675,<long> -> bench,0.5333,archive -> real,0.5825,internet archive -> bench,59,57,0.017,0.367,0.227,60,90,70,0.0,0.193,10.0,internet archive,0.65,6,3.2,32.83,0.284,"internet archive 20%, archive 7%","<long> 37%, internet archive 23%",0.6731,0.416,0.536
r8_1923_ghost_story,"Name a ghost story. Reply with only the name, nothing else.",0.675,<long> -> bench,0.5528,haunting of hill house -> real,0.5623,legend of sleepy hollow -> bench,59,57,0.017,0.367,0.227,60,90,50,0.0,0.187,12.0,haunting of hill house,0.6,9,4.5,19.45,0.284,"haunting of hill house 28%, turn of the screw 15%","<long> 37%, haunting of hill house 18%",0.6769,0.113,1.006
r8_1528_photographic_device,"Name a photographic device. Reply with only the name, nothing else.",0.675,camera -> real,0.675,camera -> real,0.5531,camera -> real,60,64,0.0,0.289,0.173,60,90,9,0.0,0.147,7.1,camera,1.0,1,1.0,1.68,0.895,"camera 95%, cameras 3%","camera 60%, <long> 29%",0.6936,0.086,0.826
r8_1590_bicycle_type,"Name a bicycle type. Reply with only the name, nothing else.",0.675,road bike -> real,0.675,road bike -> real,0.6464,road bike -> real,60,63,0.0,0.3,0.18,60,90,19,0.0,0.153,8.2,mountain bike,0.5,4,2.99,6.36,0.333,"road bike 48%, mountain bike 30%","<long> 30%, mountain bike 23%",0.6758,0.148,0.91
r8_1206_dance_step,"Name a dance step. Reply with only the name, nothing else.",0.675,<long> -> bench,0.5417,cha-cha -> real,0.5424,cha-cha -> real,59,57,0.017,0.367,0.227,60,90,75,0.0,0.193,9.5,tango,0.25,14,11.64,55.39,0.095,"tango 12%, cha-cha 8%","<long> 37%, tango 4%",0.6519,0.339,0.803
r8s_0525_potato,"Suggest a type of potato. Reply with only the name, nothing else.",0.675,russet -> real,0.675,russet -> real,0.5417,russet -> real,60,60,0.0,0.333,0.2,60,90,20,0.0,0.167,9.5,russet,0.95,2,1.22,2.44,0.842,"russet 88%, yam 2%","russet 53%, <long> 33%",0.6928,0.118,0.911
r8s_0411_fabric_weave,"Suggest a type of fabric weave. Reply with only the name, nothing else.",0.675,<long> -> bench,0.625,twill -> real,0.5263,tapestry -> bench,59,57,0.017,0.367,0.227,60,90,30,0.0,0.207,9.6,twill,0.9,3,1.48,6.86,0.603,"twill 62%, satin 5%","<long> 37%, twill 37%",0.6508,0.264,0.715
r8s_0481_sandwich_bread,"Suggest a type of sandwich bread. Reply with only the name, nothing else.",0.675,sourdough -> real,0.675,sourdough -> real,0.5403,sourdough -> real,60,61,0.0,0.322,0.193,60,90,14,0.0,0.18,9.2,sourdough,0.95,2,1.22,1.96,0.876,"sourdough 92%, multigrain 2%","sourdough 57%, <long> 32%",0.6747,0.167,0.94
r8_0244_atmospheric_layer,"Name an atmospheric layer. Reply with only the name, nothing else.",0.675,troposphere -> real,0.675,troposphere -> real,0.575,troposphere -> real,60,63,0.0,0.3,0.18,60,90,15,0.0,0.173,8.8,troposphere,0.95,2,1.22,2.8,0.74,"troposphere 82%, stratosphere 10%","troposphere 47%, <long> 30%",0.735,0.127,0.811
r8_1262_leg,"Name a leg. Reply with only the name, nothing else.",0.675,<long> -> bench,0.5667,femur -> real,0.5354,left -> bench,59,57,0.017,0.367,0.227,60,90,35,0.0,0.22,9.9,right leg,0.4,6,4.11,13.57,0.284,"femur 30%, thigh 13%","<long> 37%, femur 17%",0.6458,0.338,0.963
r8s_1169_type_of_bread,"Suggest a type of type of bread. Reply with only the name, nothing else.",0.675,sourdough -> real,0.675,sourdough -> real,0.547,sourdough -> real,60,62,0.0,0.311,0.187,60,90,15,0.0,0.18,9.2,sourdough,1.0,1,1.0,2.05,0.869,"sourdough 92%, ciabatta 2%","sourdough 57%, <long> 31%",0.6878,0.096,0.787
r8_1120_shaving_cream,"Name a shaving cream. Reply with only the name, nothing else.",0.675,<long> -> bench,0.5222,tide -> bench,0.5351,tide -> bench,59,57,0.017,0.367,0.227,60,90,94,0.0,0.167,8.9,gillette,0.5,11,6.32,81.16,0.052,"colgate 7%, dove 5%","<long> 37%, tide 4%",0.6244,0.425,0.787
r8_0406_horror_movie,"Name a horror movie. Reply with only the name, nothing else.",0.675,shining -> real,0.675,shining -> real,0.648,shining -> real,60,68,0.0,0.244,0.147,60,90,26,0.0,0.12,8.1,shining,0.7,6,2.94,8.38,0.359,"shining 52%, exorcist 22%","<long> 24%, exorcist 22%",0.6567,0.104,0.972
r8s_0379_bear,"Suggest a type of bear. Reply with only the name, nothing else.",0.675,polar bear -> real,0.675,polar bear -> real,0.6667,grizzly bear -> bench,60,60,0.0,0.333,0.2,60,90,16,0.0,0.187,9.1,polar bear,0.3,8,6.18,6.8,0.258,"polar bear 42%, grizzly 22%","<long> 33%, grizzly bear 27%",0.6842,0.124,0.923
r8s_1728_social_insect,"Suggest a type of social insect. Reply with only the name, nothing else.",0.675,ant -> real,0.675,ant -> real,0.5667,ant -> real,60,64,0.0,0.289,0.173,60,90,13,0.0,0.173,7.7,ants,0.5,4,2.75,2.25,0.815,"ant 88%, ants 7%","ant 53%, <long> 29%",0.6647,0.142,0.942
r8s_1356_neighborhood_feature,"Suggest a type of neighborhood feature. Reply with only the name, nothing else.",0.6722,<long> -> bench,0.6056,community garden -> real,0.5997,community garden -> real,60,59,0.0,0.344,0.207,60,90,71,0.0,0.187,8.9,community garden,0.45,8,5.26,40.12,0.151,"community garden 23%, parks 10%","<long> 34%, park 13%",0.6544,0.456,1.415
r8_1034_ball_type,"Name a ball type. Reply with only the name, nothing else.",0.6722,<long> -> bench,0.5556,soccer -> real,0.5424,golf ball -> bench,60,59,0.0,0.344,0.207,60,90,60,0.0,0.187,8.9,soccer ball,0.65,4,2.67,37.22,0.126,"soccer 17%, basketball 10%","<long> 34%, soccer ball 7%",0.6733,0.423,0.754
r8s_1888_dancer,"Suggest a type of dancer. Reply with only the name, nothing else.",0.6722,<long> -> bench,0.6111,ballet -> real,0.5771,ballerina -> bench,60,59,0.0,0.344,0.207,60,90,33,0.0,0.187,9.2,ballet,0.6,6,3.56,9.72,0.42,"ballet 47%, ballerina 10%","<long> 34%, ballet 24%",0.6792,0.329,0.761
r8s_1901_cheese_texture,"Suggest a type of cheese texture. Reply with only the name, nothing else.",0.6722,<long> -> bench,0.575,brie -> real,0.5575,brie -> real,60,59,0.0,0.344,0.207,60,90,39,0.0,0.187,8.9,creamy,0.6,5,3.18,15.21,0.261,"creamy 23%, brie 22%","<long> 34%, creamy 19%",0.6542,0.334,0.82
r8s_1925_economic_term,"Suggest a type of economic term. Reply with only the name, nothing else.",0.6722,<long> -> bench,0.5667,inflation -> real,0.525,sunk cost -> real,60,59,0.0,0.344,0.207,60,90,38,0.0,0.2,9.5,inflation,0.7,2,1.84,11.11,0.319,"inflation 33%, opportunity cost 30%","<long> 34%, inflation 20%",0.6697,0.334,0.688
r8_0980_bus_type,"Name a bus type. Reply with only the name, nothing else.",0.6722,<long> -> bench,0.6417,city bus -> real,0.6154,city bus -> real,60,59,0.0,0.344,0.207,60,90,40,0.0,0.18,8.4,city bus,0.65,7,3.52,13.12,0.294,"city bus 38%, bus 30%","<long> 34%, bus 19%",0.6661,0.277,0.978
r8_1066_rotor,"Name a rotor. Reply with only the name, nothing else.",0.6722,<long> -> bench,0.5278,rotor -> real,0.5254,gyrostat -> bench,60,59,0.0,0.344,0.207,60,90,103,0.0,0.207,9.8,lenz,0.05,20,20.0,88.56,0.084,"rotor 10%, enigma 3%","<long> 34%, rotor 4%",0.655,0.617,0.646
r8_0946_pod_spice,"Name a pod spice. Reply with only the name, nothing else.",0.6722,<long> -> bench,0.5361,cumin -> bench,0.5595,cumin -> bench,60,59,0.0,0.344,0.207,60,90,81,0.0,0.187,9.4,chili,0.25,13,10.14,60.8,0.076,"black pepper 7%, chili 5%","<long> 34%, cumin 9%",0.6375,0.485,0.733
r8s_1447_family_relationship,"Suggest a type of family relationship. Reply with only the name, nothing else.",0.6722,<long> -> bench,0.5611,siblings -> real,0.5545,sibling -> bench,60,59,0.0,0.344,0.207,60,90,22,0.0,0.2,8.6,siblings,0.4,7,4.41,6.23,0.487,"sibling 43%, siblings 20%","sibling 36%, <long> 34%",0.6433,0.208,1.008
r8s_1102_monarch,"Suggest a type of monarch. Reply with only the name, nothing else.",0.6722,<long> -> bench,0.5361,king -> real,0.5332,king -> real,60,59,0.0,0.344,0.207,60,90,91,0.0,0.193,8.9,absolute monarch,0.25,12,9.46,76.35,0.059,"king 8%, monarch 7%","<long> 34%, monarch 3%",0.6394,0.535,0.629
r8s_1338_teaching_method,"Suggest a type of teaching method. Reply with only the name, nothing else.",0.6722,<long> -> bench,0.5417,flipped classroom -> real,0.5547,flipped classroom -> bench,60,59,0.0,0.344,0.207,60,90,35,0.0,0.193,9.8,flipped classroom,0.75,3,2.08,9.57,0.504,"flipped classroom 45%, project-based learning 7%","flipped classroom 37%, <long> 34%",0.6456,0.253,1.0
r8s_0834_astronomical_instrumen,"Suggest a type of astronomical instrument. Reply with only the name, nothing else.",0.6722,telescope -> real,0.6722,telescope -> real,0.5667,telescope -> real,60,60,0.0,0.333,0.2,60,90,13,0.0,0.193,8.9,telescope,0.65,3,2.36,2.99,0.7,"telescope 77%, radio telescope 12%","telescope 42%, <long> 33%",0.6647,0.128,0.821
r8_1290_pasta_type,"Name a pasta type. Reply with only the name, nothing else.",0.6722,<long> -> bench,0.6139,spaghetti -> real,0.5664,fettuccine -> real,60,59,0.0,0.344,0.207,60,90,17,0.0,0.2,9.2,spaghetti,0.7,4,2.49,3.74,0.689,"spaghetti 68%, fettuccine 17%","spaghetti 46%, <long> 34%",0.6942,0.214,0.766
r8s_0871_invertebrate,"Suggest a type of invertebrate. Reply with only the name, nothing else.",0.6722,<long> -> bench,0.5694,insect -> bench,0.6541,insect -> bench,60,59,0.0,0.344,0.207,60,90,30,0.0,0.2,9.1,octopus,0.3,9,6.8,11.41,0.336,"insect 18%, octopus 18%","<long> 34%, insect 32%",0.6597,0.213,0.965
r8s_0575_amusement_park,"Suggest a type of amusement park. Reply with only the name, nothing else.",0.6722,<long> -> bench,0.575,disneyland -> real,0.5662,disneyland -> real,60,59,0.0,0.344,0.207,60,90,37,0.0,0.2,9.2,theme park,0.5,9,5.36,11.59,0.361,"theme park 35%, disneyland 18%","<long> 34%, theme park 24%",0.6494,0.295,0.772
r8s_0582_salt,"Suggest a type of salt. Reply with only the name, nothing else.",0.6722,<long> -> bench,0.6083,sea salt -> real,0.653,sodium chloride -> bench,60,59,0.0,0.344,0.207,60,90,52,0.0,0.187,9.3,sea salt,0.7,6,2.94,24.54,0.202,"sea salt 25%, himalayan pink salt 12%","<long> 34%, sodium chloride 23%",0.6522,0.3,0.839
r8s_1596_photographer,"Suggest a type of photographer. Reply with only the name, nothing else.",0.6722,<long> -> bench,0.5472,portrait -> real,0.5602,landscape -> bench,60,59,0.0,0.344,0.207,60,90,37,0.0,0.193,9.0,fashion photographer,0.15,11,9.91,21.68,0.16,"portrait 15%, macro 12%","<long> 34%, landscape 14%",0.6489,0.297,0.977
r8s_1529_film_production_role,"Suggest a type of film production role. Reply with only the name, nothing else.",0.6722,<long> -> bench,0.5833,director -> real,0.5345,screenwriter -> bench,60,59,0.0,0.344,0.207,60,90,23,0.0,0.193,8.4,director,0.5,7,4.47,6.62,0.504,"director 50%, producer 12%","<long> 34%, director 33%",0.6606,0.293,0.831
r8s_1451_sports_venue,"Suggest a type of sports venue. Reply with only the name, nothing else.",0.6722,stadium -> real,0.6722,stadium -> real,0.5468,stadium -> real,60,62,0.0,0.311,0.187,60,90,15,0.0,0.173,8.4,stadium,0.95,2,1.22,2.15,0.852,"stadium 90%, gym 2%","stadium 56%, <long> 31%",0.6669,0.122,0.842
r8s_1789_food_flavor,"Suggest a type of food flavor. Reply with only the name, nothing else.",0.6722,<long> -> bench,0.55,truffle -> real,0.6028,chocolate -> bench,60,59,0.0,0.344,0.207,60,90,57,0.0,0.2,9.2,umami,0.1,19,18.66,27.68,0.235,"chocolate 13%, truffle 10%","<long> 34%, chocolate 22%",0.6464,0.339,1.032
r8_0665_biological_process,"Name a type of biological process. Reply with only the name, nothing else.",0.6722,photosynthesis -> real,0.6722,photosynthesis -> real,0.5583,photosynthesis -> real,60,60,0.0,0.333,0.2,60,90,11,0.0,0.193,8.9,photosynthesis,0.8,3,1.85,2.83,0.742,"photosynthesis 80%, mitosis 8%","photosynthesis 46%, <long> 33%",0.6894,0.143,0.883
r8_0779_quilting_pattern,"Name a quilting pattern. Reply with only the name, nothing else.",0.6722,<long> -> bench,0.5361,log cabin -> real,0.5332,log cabin -> real,60,59,0.0,0.344,0.207,60,90,82,0.0,0.187,9.7,log cabin,0.15,17,15.83,65.05,0.059,"log cabin 8%, honeycomb 5%","<long> 34%, quilt of the month 6%",0.6786,0.503,0.731
r8_0735_shrub,"Name a shrub. Reply with only the name, nothing else.",0.6722,<long> -> bench,0.6194,lavender -> real,0.6165,lavender -> real,60,59,0.0,0.344,0.207,60,90,62,0.0,0.193,9.7,rose,0.25,11,8.35,38.81,0.134,"lavender 25%, rose 7%","<long> 34%, buckwheat 8%",0.6581,0.429,1.32
r8_0538_geographic_boundary,"Name a geographic boundary. Reply with only the name, nothing else.",0.6722,<long> -> bench,0.5222,atlantic ocean -> bench,0.5698,equator -> bench,60,59,0.0,0.344,0.207,60,90,59,0.0,0.193,9.0,equator,0.6,8,4.2,27.99,0.303,"equator 23%, north america 5%","<long> 34%, equator 24%",0.6497,0.365,0.861
r8_1759_classic_arcade_game,"Name a classic arcade game. Reply with only the name, nothing else.",0.6722,pac-man -> real,0.6722,pac-man -> real,0.6037,pac-man -> real,60,73,0.0,0.189,0.113,60,90,9,0.0,0.093,7.0,pac-man,0.85,4,1.8,2.05,0.82,"pac-man 93%, pong 5%","pac-man 59%, <long> 19%",0.6503,0.076,0.93
r8_1797_nail,"Name a nail. Reply with only the name, nothing else.",0.6722,<long> -> bench,0.5333,index -> real,0.5841,nail -> bench,58,56,0.033,0.378,0.24,60,90,63,0.0,0.227,10.3,long,0.1,18,17.41,29.47,0.289,"nail 20%, index 7%","<long> 38%, nail 23%",0.6733,0.436,0.946
r8s_0089_muscle,"Suggest a type of muscle. Reply with only the name, nothing else.",0.6722,<long> -> bench,0.5639,skeletal muscle -> bench,0.6106,skeletal muscle -> bench,60,59,0.0,0.344,0.207,60,90,28,0.0,0.207,9.4,skeletal muscle,0.45,6,4.33,13.76,0.218,"skeletal 22%, cardiac 18%","<long> 34%, skeletal muscle 18%",0.6461,0.175,1.414
r8s_0787_rainforest,"Suggest a type of rainforest. Reply with only the name, nothing else.",0.6722,<long> -> bench,0.5861,tropical rainforest -> real,0.5435,tropical -> bench,60,59,0.0,0.344,0.207,60,90,17,0.0,0.207,10.0,tropical rainforest,0.75,3,1.99,5.44,0.521,"tropical rainforest 52%, tropical 13%","<long> 34%, tropical rainforest 34%",0.6614,0.138,1.089
r8_1254_legal_proceeding,"Name a type of legal proceeding. Reply with only the name, nothing else.",0.6722,<long> -> bench,0.5556,civil lawsuit -> real,0.5497,civil lawsuit -> real,60,59,0.0,0.344,0.207,60,90,33,0.0,0.2,9.0,criminal trial,0.4,8,5.6,14.88,0.21,"civil trial 17%, criminal trial 17%","<long> 34%, civil trial 17%",0.6617,0.246,0.891
r8s_0438_car_part,"Suggest a type of car part. Reply with only the name, nothing else.",0.6722,<long> -> bench,0.5472,brake pads -> real,0.5442,brake pad -> bench,60,59,0.0,0.344,0.207,60,90,30,0.0,0.207,9.6,brake pads,0.7,6,2.94,11.01,0.286,"brake pads 28%, brake pad 22%","<long> 34%, brake pad 20%",0.6406,0.27,0.812
r8s_0589_pigment,"Suggest a type of pigment. Reply with only the name, nothing else.",0.6722,<long> -> bench,0.5778,chlorophyll -> bench,0.6186,chlorophyll -> bench,60,59,0.0,0.344,0.207,60,90,47,0.0,0.187,9.4,carbon black,0.3,14,10.9,25.97,0.16,"titanium dioxide 20%, carbon black 10%","<long> 34%, chlorophyll 16%",0.6492,0.306,0.979
r8s_0638_glass_item,"Suggest a type of glass item. Reply with only the name, nothing else.",0.6722,<long> -> bench,0.5667,glass vase -> bench,0.6017,glass vase -> bench,60,59,0.0,0.344,0.207,60,90,88,0.0,0.2,9.3,crystal goblet,0.1,18,17.41,67.97,0.101,"goblet 5%, frosted glass 3%","<long> 34%, glass vase 13%",0.6719,0.491,0.623
r8s_0665_biological_process,"Suggest a type of biological process. Reply with only the name, nothing else.",0.6722,<long> -> bench,0.6,photosynthesis -> real,0.5169,gene expression -> bench,60,59,0.0,0.344,0.207,60,90,17,0.0,0.193,9.2,photosynthesis,0.95,2,1.22,4.11,0.647,"photosynthesis 63%, cellular respiration 10%","photosynthesis 43%, <long> 34%",0.6525,0.137,1.054
r8_0239_measurement,"Name a type of measurement. Reply with only the name, nothing else.",0.6722,<long> -> bench,0.6611,length -> real,0.6319,length -> real,60,59,0.0,0.344,0.207,60,90,55,0.0,0.2,8.5,length,0.75,4,2.23,23.73,0.303,"length 43%, temperature 8%","<long> 34%, length 11%",0.6625,0.37,0.696
r8s_0864_place_of_worship,"Suggest a type of place of worship. Reply with only the name, nothing else.",0.6722,<long> -> bench,0.5861,mosque -> real,0.6718,church -> bench,60,59,0.0,0.344,0.207,60,90,17,0.0,0.193,8.6,church,0.45,5,3.24,6.04,0.437,"mosque 28%, church 27%","church 40%, <long> 34%",0.6419,0.195,1.211
r8_1124_chromosome,"Name a chromosome. Reply with only the name, nothing else.",0.6722,<long> -> bench,0.575,chromosome 1 -> real,0.5213,chromosome 1 -> bench,60,59,0.0,0.344,0.207,60,90,33,0.0,0.193,10.1,chromosome 1,0.9,2,1.38,8.14,0.538,"chromosome 1 52%, homo sapiens 12%","chromosome 1 37%, <long> 34%",0.6567,0.152,0.809
r8_1072_state_of_equilibrium,"Name a state of equilibrium. Reply with only the name, nothing else.",0.6722,homeostasis -> real,0.6722,homeostasis -> real,0.6568,homeostasis -> real,59,63,0.017,0.3,0.187,60,90,46,0.0,0.187,9.3,thermal equilibrium,0.35,10,7.16,17.97,0.279,"homeostasis 43%, thermal equilibrium 8%","<long> 30%, thermal equilibrium 18%",0.6833,0.204,1.233
r8_0587_leaf,"Name a leaf. Reply with only the name, nothing else.",0.6722,<long> -> bench,0.6417,oak -> real,0.5716,oak -> real,60,59,0.0,0.344,0.207,60,90,35,0.0,0.207,8.7,oak leaf,0.5,5,3.45,9.81,0.479,"oak 55%, maple 13%","<long> 34%, oak 27%",0.6644,0.306,0.827
r8s_0006_mammal,"Suggest a type of mammal. Reply with only the name, nothing else.",0.6722,<long> -> bench,0.5639,elephant -> real,0.6049,dog -> bench,60,59,0.0,0.344,0.207,60,90,18,0.0,0.2,8.5,dog,0.4,6,4.31,5.33,0.487,"dog 38%, elephant 22%","dog 39%, <long> 34%",0.6472,0.185,0.944
r8_0281_geyser,"Name a geyser. Reply with only the name, nothing else.",0.6722,<long> -> bench,0.5444,old faithful -> real,0.5681,geyser -> bench,60,59,0.0,0.344,0.207,60,90,53,0.0,0.2,9.8,old faithful,1.0,1,1.0,15.22,0.437,"old faithful 40%, atlas 8%","<long> 34%, old faithful 31%",0.6589,0.32,0.628
r8_0131_parasite,"Name a parasite. Reply with only the name, nothing else.",0.6722,<long> -> bench,0.6111,tapeworm -> real,0.664,plasmodium -> bench,60,59,0.0,0.344,0.207,60,90,27,0.0,0.2,10.9,plasmodium,0.75,6,2.62,7.04,0.513,"plasmodium 35%, tapeworm 23%","plasmodium 44%, <long> 34%",0.6572,0.157,1.159
r8_1563_wheel_size,"Name a wheel size. Reply with only the name, nothing else.",0.6722,<long> -> bench,0.5417,26-inch -> real,0.5597,26 inches -> bench,60,59,0.0,0.344,0.207,60,90,52,0.0,0.187,9.2,26 inch,0.3,6,5.45,29.95,0.118,"26-inch 12%, 20 10%","<long> 34%, 26 inches 11%",0.6569,0.264,0.792
r8s_0272_electronic_device,"Suggest a type of electronic device. Reply with only the name, nothing else.",0.6722,<long> -> bench,0.6,smartphone -> real,0.5424,transistor -> bench,60,59,0.0,0.344,0.207,60,90,23,0.0,0.18,8.8,smartphone,0.75,2,1.75,5.95,0.479,"smartphone 50%, laptop 28%","<long> 34%, smartphone 30%",0.6592,0.131,0.772
r8s_0050_musical_note,"Suggest a type of musical note. Reply with only the name, nothing else.",0.6722,<long> -> bench,0.5972,c -> real,0.5763,soprano -> bench,60,59,0.0,0.344,0.207,60,90,41,0.0,0.2,9.2,clef,0.4,10,6.89,19.54,0.252,"c 32%, c major 17%","<long> 34%, c 12%",0.6892,0.246,0.943
r8s_0024_school_subject,"Suggest a type of school subject. Reply with only the name, nothing else.",0.6722,<long> -> bench,0.6056,mathematics -> real,0.6021,computer science -> bench,60,59,0.0,0.344,0.207,60,90,21,0.0,0.193,8.8,mathematics,0.4,6,4.73,5.84,0.513,"mathematics 53%, math 8%","<long> 34%, mathematics 32%",0.6469,0.182,1.165
r8s_0063_movie,"Suggest a type of movie. Reply with only the name, nothing else.",0.6722,<long> -> bench,0.5306,action -> real,0.6041,sci-fi -> bench,60,59,0.0,0.344,0.207,60,90,34,0.0,0.187,8.6,sci-fi,0.7,5,2.67,9.41,0.387,"sci-fi 28%, action 25%","<long> 34%, sci-fi 32%",0.6486,0.25,0.616
r8s_0160_soil,"Suggest a type of soil. Reply with only the name, nothing else.",0.6722,<long> -> bench,0.6444,loam -> real,0.6209,clay -> bench,60,59,0.0,0.344,0.207,60,90,26,0.0,0.207,9.2,loam,0.45,4,3.02,7.64,0.387,"loam 40%, clay 27%","<long> 34%, clay 33%",0.6619,0.158,0.797
r8s_0381_planet_type,"Suggest a planet type. Reply with only the name, nothing else.",0.6722,<long> -> bench,0.5667,earth -> real,0.5492,earth -> real,60,59,0.0,0.344,0.207,60,90,51,0.0,0.193,9.0,super-earth,0.4,7,4.41,24.74,0.21,"earth 20%, terrestrial 18%","<long> 34%, terrestrial 16%",0.6333,0.302,0.825
r8_0700_credit_card,"Name a credit card. Reply with only the name, nothing else.",0.6722,<long> -> bench,0.6583,visa -> real,0.5089,secure -> bench,58,56,0.033,0.378,0.24,60,90,7,0.0,0.2,9.6,visa,0.7,6,2.94,1.28,0.956,"visa 92%, <long> 3%","visa 60%, <long> 38%",0.6553,0.112,0.781
r8s_1414_sour_food,"Suggest a type of sour food. Reply with only the name, nothing else.",0.6722,<long> -> bench,0.5861,lemon -> bench,0.6532,lemon -> bench,60,59,0.0,0.344,0.207,60,90,60,0.0,0.2,9.4,lemon,0.7,4,2.39,32.67,0.235,"lemon 8%, sushi 7%","<long> 34%, lemon 26%",0.6769,0.336,0.799
r8_1834_bed_sheet,"Name a bed sheet. Reply with only the name, nothing else.",0.6722,<long> -> bench,0.5861,egyptian -> real,0.5832,egyptian -> real,60,59,0.0,0.344,0.207,60,90,52,0.0,0.187,9.2,egyptian cotton,0.2,12,10.44,32.33,0.101,"egyptian 18%, egyptian cotton 10%","<long> 34%, quilt 8%",0.6792,0.351,0.771
r8s_1657_conference,"Suggest a type of conference. Reply with only the name, nothing else.",0.6722,<long> -> bench,0.5361,tech conference -> real,0.567,technology conference -> bench,56,53,0.067,0.411,0.273,60,90,64,0.0,0.22,9.8,tech conference,0.25,14,11.64,39.36,0.128,"conference 12%, tech conference 12%","<long> 41%, technology conference 10%",0.6481,0.445,0.989
r8_0468_boot,"Name a boot. Reply with only the name, nothing else.",0.6722,<long> -> bench,0.5167,moccasin -> bench,0.5254,moccasin -> bench,60,59,0.0,0.344,0.207,60,90,98,0.0,0.193,9.3,chelsea boot,0.2,14,11.99,81.61,0.067,"boots 7%, boot 5%","<long> 34%, boot 6%",0.6458,0.596,0.633
r8s_0572_compass_direction,"Suggest a type of compass direction. Reply with only the name, nothing else.",0.6694,north -> real,0.6694,north -> real,0.55,north -> real,60,60,0.0,0.333,0.2,60,90,16,0.0,0.2,8.1,north,1.0,1,1.0,3.05,0.767,"north 82%, northeast 3%","north 48%, <long> 33%",0.7258,0.158,0.774
r8_0367_unit_of_distance,"Name an unit of distance. Reply with only the name, nothing else.",0.6694,mile -> real,0.6694,mile -> real,0.6599,mile -> real,60,63,0.0,0.3,0.18,60,90,15,0.0,0.167,7.6,meter,0.65,4,2.67,3.41,0.634,"meter 52%, mile 38%","meter 52%, <long> 30%",0.6675,0.166,1.183
r8_1199_waffle,"Name a waffle. Reply with only the name, nothing else.",0.6694,<long> -> bench,0.5444,waffle -> real,0.596,belgian -> bench,59,58,0.017,0.356,0.22,60,90,58,0.0,0.207,9.8,belgian,0.45,5,3.24,26.18,0.231,"belgian waffle 15%, belgian 13%","<long> 36%, belgian 21%",0.6458,0.342,0.713
r8_1068_natural_substance,"Name a natural substance. Reply with only the name, nothing else.",0.6694,water -> real,0.6694,water -> real,0.6069,water -> real,60,69,0.0,0.233,0.14,60,90,28,0.0,0.14,6.7,water,0.95,2,1.22,5.51,0.636,"water 75%, salt 3%","water 41%, <long> 23%",0.6803,0.209,0.811
r8s_1088_castle_feature,"Suggest a type of castle feature. Reply with only the name, nothing else.",0.6694,<long> -> bench,0.5472,moat -> bench,0.6669,moat -> bench,59,58,0.017,0.356,0.22,60,90,54,0.0,0.193,9.3,moat,0.65,7,3.52,13.09,0.521,"moat 35%, dragon 3%","moat 44%, <long> 36%",0.6517,0.373,0.961
r8_0902_carving,"Name a type of carving. Reply with only the name, nothing else.",0.6694,<long> -> bench,0.525,wood carving -> real,0.5972,relief -> bench,59,58,0.017,0.356,0.22,60,90,63,0.0,0.2,9.7,relief,0.2,12,10.0,23.67,0.368,"relief 27%, wood carving 5%","<long> 36%, relief 30%",0.6611,0.429,0.633
r8s_0421_spread,"Suggest a type of spread. Reply with only the name, nothing else.",0.6694,<long> -> bench,0.5222,butter -> bench,0.5345,butter -> bench,59,58,0.017,0.356,0.22,60,90,106,0.0,0.213,9.5,cream cheese,0.25,8,6.8,99.85,0.034,"linear 3%, spread 3%","<long> 36%, butter 4%",0.6306,0.737,0.448
r8_0052_soft_drink,"Name a soft drink. Reply with only the name, nothing else.",0.6694,coca-cola -> real,0.6694,coca-cola -> real,0.6457,coca-cola -> real,60,71,0.0,0.211,0.127,60,90,7,0.0,0.113,6.8,coke,0.55,3,2.33,2.46,0.588,"coca-cola 52%, coke 45%","coke 56%, <long> 21%",0.6397,0.058,0.876
r8_1172_fuse_rating,"Name a type of fuse rating. Reply with only the name, nothing else.",0.6694,<long> -> bench,0.6194,ampere -> real,0.5828,ampere -> real,59,58,0.017,0.356,0.22,60,90,61,0.0,0.22,9.9,ampere,0.3,14,10.9,27.69,0.308,"ampere 38%, time delay 3%","<long> 36%, ampere 14%",0.6497,0.382,0.912
r8s_1430_physical_sensation,"Suggest a type of physical sensation. Reply with only the name, nothing else.",0.6694,<long> -> bench,0.5333,warmth -> real,0.526,pressure -> bench,59,58,0.017,0.356,0.22,60,90,62,0.0,0.187,9.0,warmth,0.2,17,15.16,41.9,0.103,"cold 10%, warmth 10%","<long> 36%, cold 7%",0.6478,0.47,0.627
r8s_1379_bank,"Suggest a type of bank. Reply with only the name, nothing else.",0.6694,<long> -> bench,0.5944,commercial bank -> bench,0.6555,commercial bank -> bench,59,58,0.017,0.356,0.22,60,90,54,0.0,0.207,9.6,credit union,0.25,15,12.48,28.19,0.188,"chase 18%, savings 8%","<long> 36%, commercial bank 22%",0.65,0.344,0.928
r8_0338_ritual,"Name a ritual. Reply with only the name, nothing else.",0.6694,<long> -> bench,0.5278,wedding -> bench,0.5455,wedding -> bench,57,55,0.05,0.389,0.253,60,90,97,0.0,0.213,10.4,maхам,0.05,20,20.0,84.64,0.062,"ritual 7%, <long> 5%","<long> 39%, wedding 6%",0.6561,0.482,0.756
r8s_0210_cookware,"Suggest a type of cookware. Reply with only the name, nothing else.",0.6694,<long> -> bench,0.6194,cast iron skillet -> real,0.5431,cauldron -> bench,59,58,0.017,0.356,0.22,60,90,31,0.0,0.22,10.1,cast iron skillet,0.65,4,2.52,7.95,0.564,"cast iron skillet 58%, cast iron 5%","<long> 36%, cast iron skillet 34%",0.6517,0.302,0.956
r8_1413_whistle,"Name a whistle. Reply with only the name, nothing else.",0.6694,<long> -> bench,0.5333,whistle -> real,0.5641,whistle -> bench,59,58,0.017,0.356,0.22,60,90,54,0.0,0.173,9.4,whistle,0.2,14,11.99,13.88,0.504,"whistle 43%, dog whistle 3%","whistle 37%, <long> 36%",0.6569,0.392,0.766
r8s_0132_precipitation,"Suggest a type of precipitation. Reply with only the name, nothing else.",0.6694,rain -> real,0.6694,rain -> real,0.5992,rain -> real,60,62,0.0,0.311,0.187,60,90,26,0.0,0.18,8.2,rain,0.75,4,2.23,6.2,0.549,"rain 65%, snow 17%","<long> 31%, rain 31%",0.7042,0.3,0.989
r8s_0282_train_type,"Suggest a train type. Reply with only the name, nothing else.",0.6694,<long> -> bench,0.5444,bullet train -> real,0.5422,bullet train -> real,59,58,0.017,0.356,0.22,60,90,63,0.0,0.207,9.5,bullet train,0.3,9,7.01,40.14,0.128,"shinkansen 13%, bullet train 10%","<long> 36%, shinkansen 8%",0.6314,0.423,0.788
r8_1549_spirit,"Name a spirit. Reply with only the name, nothing else.",0.6694,<long> -> bench,0.6194,whiskey -> bench,0.6987,whiskey -> bench,59,58,0.017,0.356,0.22,60,90,66,0.0,0.2,9.5,vodka,0.35,10,7.16,34.05,0.248,"whiskey 5%, hermes 3%","<long> 36%, whiskey 29%",0.6872,0.376,1.196
r8_1701_canvas,"Name a type of canvas. Reply with only the name, nothing else.",0.6694,<long> -> bench,0.5833,canvas -> bench,0.6739,canvas -> bench,59,58,0.017,0.356,0.22,60,90,59,0.0,0.193,8.9,oil,0.15,18,16.96,23.06,0.342,"canvas 17%, whiteboard 12%","<long> 36%, canvas 33%",0.6544,0.377,0.652
r8_1888_dancer,"Name a dancer. Reply with only the name, nothing else.",0.6694,<long> -> bench,0.55,marilyn monroe -> real,0.5419,marilyn monroe -> real,59,58,0.017,0.356,0.22,60,90,59,0.0,0.213,10.4,marilyn monroe,0.4,7,5.0,37.84,0.111,"michael jackson 13%, marilyn monroe 13%","<long> 36%, michael jackson 6%",0.6642,0.245,0.953
r8_0640_work_by_charles_dicken,"Name a work by charles dicken. Reply with only the name, nothing else.",0.6694,great expectations -> real,0.6694,great expectations -> real,0.5583,great expectations -> real,60,65,0.0,0.278,0.167,60,90,11,0.0,0.147,8.6,great expectations,0.9,2,1.38,2.01,0.856,"great expectations 92%, tale of two cities 8%","great expectations 58%, <long> 28%",0.6639,0.134,0.933
r8_0435_dog_breed,"Name a dog breed. Reply with only the name, nothing else.",0.6694,golden retriever -> real,0.6694,golden retriever -> real,0.6299,golden retriever -> real,60,68,0.0,0.244,0.147,60,90,17,0.0,0.127,8.7,golden retriever,0.8,4,2.03,5.8,0.445,"golden retriever 58%, labrador 13%","<long> 24%, golden retriever 24%",0.6822,0.13,0.91
r8_0507_precious_stone,"Name a precious stone. Reply with only the name, nothing else.",0.6694,diamond -> real,0.6694,diamond -> real,0.5583,diamond -> real,60,65,0.0,0.278,0.167,60,90,8,0.0,0.153,7.0,diamond,1.0,1,1.0,1.85,0.856,"diamond 92%, ruby 7%","diamond 58%, <long> 28%",0.6628,0.152,0.935
r8_1953_pharmaceutical_form,"Name a pharmaceutical form. Reply with only the name, nothing else.",0.6694,<long> -> bench,0.6028,tablet -> real,0.5605,capsules -> bench,59,58,0.017,0.356,0.22,60,90,17,0.0,0.207,9.4,tablet,1.0,1,1.0,5.55,0.462,"tablet 48%, capsule 28%","<long> 36%, tablet 28%",0.6556,0.162,0.861
r8_0738_demon,"Name a demon. Reply with only the name, nothing else.",0.6694,<long> -> bench,0.6167,satan -> real,0.583,satan -> real,59,58,0.017,0.356,0.22,60,90,41,0.0,0.213,10.1,asmodeus,0.3,9,7.01,16.41,0.291,"satan 37%, asmodeus 10%","<long> 36%, satan 13%",0.6589,0.266,1.003
r8_0636_toilet,"Name a toilet. Reply with only the name, nothing else.",0.6694,<long> -> bench,0.6111,toilet -> real,0.5166,toto -> real,57,55,0.05,0.389,0.253,60,90,37,0.0,0.213,10.2,toilet,0.2,15,13.2,6.78,0.625,"toilet 60%, toto 8%","<long> 39%, toilet 38%",0.6567,0.32,0.774
r8_0547_bathroom_fixture,"Name a type of bathroom fixture. Reply with only the name, nothing else.",0.6694,toilet -> real,0.6694,toilet -> real,0.5886,toilet -> real,60,66,0.0,0.267,0.16,60,90,20,0.0,0.16,8.0,toilet,0.9,3,1.48,3.65,0.69,"toilet 78%, faucet 12%","toilet 44%, <long> 27%",0.6469,0.132,0.925
r8_0525_potato,"Name a potato. Reply with only the name, nothing else.",0.6694,<long> -> bench,0.5389,potato -> real,0.5637,russet -> bench,59,58,0.017,0.356,0.22,60,90,46,0.0,0.207,9.7,russet,1.0,1,1.0,11.98,0.453,"russet 38%, potato 17%","<long> 36%, russet 33%",0.6569,0.224,0.902
r8s_1784_endocrine_gland,"Suggest a type of endocrine gland. Reply with only the name, nothing else.",0.6667,<long> -> bench,0.5583,adrenal gland -> real,0.5917,pituitary gland -> bench,60,60,0.0,0.333,0.2,60,90,12,0.0,0.2,10.3,pituitary gland,0.75,4,2.23,5.81,0.392,"pituitary gland 30%, pituitary 18%","<long> 33%, pituitary gland 32%",0.6492,0.331,1.143
r8s_1763_pollen,"Suggest a type of pollen. Reply with only the name, nothing else.",0.6667,<long> -> bench,0.5778,bee -> real,0.575,pollen -> bench,60,60,0.0,0.333,0.2,60,90,53,0.0,0.187,9.1,oak,0.3,13,10.17,29.12,0.142,"bee 20%, bee pollen 13%","<long> 33%, pollen 14%",0.6464,0.374,0.799
r8s_1742_rock_texture,"Suggest a type of rock texture. Reply with only the name, nothing else.",0.6667,<long> -> bench,0.575,granite -> real,0.575,phaneritic -> bench,60,60,0.0,0.333,0.2,60,90,40,0.0,0.193,9.0,granular,0.4,13,8.71,16.07,0.258,"granite 25%, granular 20%","<long> 33%, granular 21%",0.6592,0.342,0.975
r8_0032_taste,"Name a taste. Reply with only the name, nothing else.",0.6667,<long> -> bench,0.6028,chocolate -> real,0.625,salty -> bench,60,60,0.0,0.333,0.2,60,90,46,0.0,0.173,8.5,sweet,0.65,3,2.21,16.57,0.283,"chocolate 35%, strawberry 7%","<long> 33%, salty 20%",0.6753,0.328,1.19
r8s_1768_character_archetype,"Suggest a type of character archetype. Reply with only the name, nothing else.",0.6667,<long> -> bench,0.5556,hero -> real,0.5833,reluctant hero -> bench,60,60,0.0,0.333,0.2,60,90,76,0.0,0.193,9.8,mentor,0.15,15,13.78,50.22,0.117,"hero 13%, trickster 7%","<long> 33%, reluctant hero 13%",0.6867,0.25,0.989
r8s_1675_palace,"Suggest a type of palace. Reply with only the name, nothing else.",0.6667,<long> -> bench,0.5306,castle -> real,0.5667,palace -> bench,60,60,0.0,0.333,0.2,60,90,73,0.0,0.187,9.5,palace,0.2,17,15.16,44.33,0.167,"palace 10%, castle 8%","<long> 33%, palace 16%",0.6561,0.416,0.728
r8s_1682_legume,"Suggest a type of legume. Reply with only the name, nothing else.",0.6667,<long> -> bench,0.6361,lentils -> real,0.5667,lentils -> real,60,60,0.0,0.333,0.2,60,90,25,0.0,0.187,9.1,lentils,0.65,4,2.52,7.33,0.483,"lentils 55%, chickpeas 12%","<long> 33%, lentils 28%",0.7114,0.186,0.712
r8s_1593_beverage_cold,"Suggest a type of beverage cold. Reply with only the name, nothing else.",0.6667,<long> -> bench,0.5528,iced coffee -> real,0.5417,iced coffee -> real,60,60,0.0,0.333,0.2,60,90,45,0.0,0.167,9.2,iced tea,0.4,9,6.43,20.6,0.292,"iced tea 25%, iced coffee 15%","<long> 33%, iced tea 22%",0.6325,0.437,0.734
r8s_1616_chicken_part,"Suggest a type of chicken part. Reply with only the name, nothing else.",0.6667,<long> -> bench,0.6,thighs -> real,0.5917,thighs -> real,60,60,0.0,0.333,0.2,60,90,24,0.0,0.187,9.1,thighs,0.2,10,9.09,10.8,0.183,"thighs 23%, breast 15%","<long> 33%, drumstick 18%",0.6511,0.177,0.974
r8s_1568_cloud_cover,"Suggest a type of cloud cover. Reply with only the name, nothing else.",0.6667,<long> -> bench,0.6056,stratus -> real,0.6,cirrus -> bench,60,60,0.0,0.333,0.2,60,90,26,0.0,0.2,9.0,cumulus,0.6,3,2.59,11.98,0.2,"stratus 27%, cumulus 22%","<long> 33%, cirrus 20%",0.6475,0.213,0.969
r8s_1581_period_of_the_day,"Suggest a type of period of the day. Reply with only the name, nothing else.",0.6667,<long> -> bench,0.55,afternoon -> real,0.55,morning -> bench,60,60,0.0,0.333,0.2,60,90,23,0.0,0.193,8.3,morning,0.95,2,1.22,5.46,0.55,"morning 50%, afternoon 20%","morning 40%, <long> 33%",0.6547,0.247,0.929
r8s_1452_light_fixture,"Suggest a type of light fixture. Reply with only the name, nothing else.",0.6667,<long> -> bench,0.5806,chandelier -> real,0.5583,pendant light -> real,60,60,0.0,0.333,0.2,60,90,37,0.0,0.193,9.3,chandelier,0.45,9,5.64,15.28,0.317,"chandelier 35%, pendant light 15%","<long> 33%, chandelier 19%",0.6558,0.197,0.903
r8s_1472_nature_sound,"Suggest a type of nature sound. Reply with only the name, nothing else.",0.6667,<long> -> bench,0.6139,ocean waves -> real,0.5667,ocean waves -> real,60,60,0.0,0.333,0.2,60,90,25,0.0,0.2,8.7,ocean waves,0.45,7,4.64,6.93,0.35,"ocean waves 42%, rain 35%","<long> 33%, rain 22%",0.6575,0.208,0.931
r8s_1517_spirit,"Suggest a type of spirit. Reply with only the name, nothing else.",0.6667,<long> -> bench,0.5694,gin -> real,0.625,whiskey -> bench,60,60,0.0,0.333,0.2,60,90,52,0.0,0.2,9.0,whiskey,0.6,6,3.66,18.65,0.342,"whiskey 22%, gin 18%","<long> 33%, whiskey 31%",0.6372,0.325,0.773
r8_0787_rainforest,"Name a rainforest. Reply with only the name, nothing else.",0.6667,amazon rainforest -> real,0.6667,amazon rainforest -> real,0.6346,amazon rainforest -> real,60,65,0.0,0.278,0.167,60,90,14,0.0,0.14,7.8,amazon rainforest,0.95,2,1.22,3.16,0.544,"amazon rainforest 50%, amazon 43%","amazon 47%, <long> 28%",0.6522,0.059,0.939
r8_0748_oxymoron,"Name an oxymoron. Reply with only the name, nothing else.",0.6667,<long> -> bench,0.55,deafening silence -> real,0.55,deafening silence -> real,60,60,0.0,0.333,0.2,60,90,76,0.0,0.193,9.9,deafening silence,0.2,15,13.2,56.45,0.067,"living death 10%, deafening silence 10%","<long> 33%, open and shut 4%",0.675,0.286,0.905
r8_0416_garden_feature,"Name a type of garden feature. Reply with only the name, nothing else.",0.6667,<long> -> bench,0.5472,koi pond -> real,0.55,garden gnome -> bench,60,60,0.0,0.333,0.2,60,90,53,0.0,0.193,9.1,topiary,0.25,12,9.87,33.58,0.083,"koi pond 12%, water feature 12%","<long> 33%, fountain 7%",0.6544,0.421,0.89
r8_0425_rock_formation,"Name a rock formation. Reply with only the name, nothing else.",0.6667,<long> -> bench,0.6111,capitan -> real,0.6167,grand canyon -> bench,60,60,0.0,0.333,0.2,60,90,48,0.0,0.18,9.0,grand canyon,0.5,8,4.79,15.97,0.35,"grand canyon 23%, capitan 23%","<long> 33%, grand canyon 31%",0.6636,0.365,0.869
r8_0756_blessing,"Name a type of blessing. Reply with only the name, nothing else.",0.6667,<long> -> bench,0.5528,blessing -> real,0.5336,grace -> real,58,57,0.033,0.367,0.233,60,90,68,0.0,0.207,9.9,amen,0.15,14,12.52,39.14,0.157,"blessing 18%, grace 17%","<long> 37%, blessing 8%",0.6572,0.376,0.656
r8_0719_plastic,"Name a plastic. Reply with only the name, nothing else.",0.6667,<long> -> bench,0.5778,polyethylene -> real,0.525,polypropylene -> real,60,60,0.0,0.333,0.2,60,90,23,0.0,0.2,9.1,polyethylene,0.8,3,1.85,5.55,0.592,"polyethylene 57%, polypropylene 12%","polyethylene 41%, <long> 33%",0.6581,0.172,1.104
r8_0724_ham,"Name a ham. Reply with only the name, nothing else.",0.6667,<long> -> bench,0.5389,hamlet -> real,0.5458,ham -> bench,58,57,0.033,0.367,0.233,60,90,62,0.0,0.213,10.0,applegate,0.1,19,18.66,30.03,0.27,"ham 22%, hamlet 10%","<long> 37%, ham 20%",0.6689,0.306,0.722
r8_0684_calendar_month,"Name a calendar month. Reply with only the name, nothing else.",0.6667,january -> real,0.6667,january -> real,0.5312,january -> real,60,62,0.0,0.311,0.187,60,90,10,0.0,0.173,7.4,january,0.95,2,1.22,1.68,0.902,"january 93%, july 2%","january 60%, <long> 31%",0.6708,0.07,0.873
r8_0496_compass,"Name a type of compass. Reply with only the name, nothing else.",0.6667,<long> -> bench,0.5694,magnetic -> real,0.5667,magnetic -> real,60,60,0.0,0.333,0.2,60,90,54,0.0,0.193,9.3,magnetic compass,0.25,14,11.34,31.72,0.192,"compass 22%, magnetic 15%","<long> 33%, compass 11%",0.6525,0.287,0.979
r8_1959_connector,"Name a connector. Reply with only the name, nothing else.",0.6667,<long> -> bench,0.55,ethernet -> bench,0.5789,ethernet -> bench,58,57,0.033,0.367,0.233,60,90,85,0.0,0.22,9.5,rj45,0.45,6,4.46,68.87,0.078,"connector 8%, furthermore 7%","<long> 37%, ethernet 10%",0.6847,0.617,0.648
r8_0285_salad_dressing,"Name a type of salad dressing. Reply with only the name, nothing else.",0.6667,balsamic -> real,0.6667,balsamic -> real,0.6464,balsamic -> real,60,64,0.0,0.289,0.173,60,90,24,0.0,0.173,9.4,balsamic vinaigrette,0.25,6,5.46,9.05,0.282,"balsamic 43%, balsamic vinaigrette 22%","<long> 29%, balsamic vinegar 13%",0.7103,0.182,0.84
r8_1913_dystopia,"Name a dystopia. Reply with only the name, nothing else.",0.6667,<long> -> bench,0.6,1984 -> real,0.5625,brave new world -> bench,58,57,0.033,0.367,0.233,60,90,20,0.0,0.227,11.6,1984,0.65,3,2.21,6.43,0.409,"1984 43%, dystopia 18%","<long> 37%, 1984 23%",0.6522,0.065,0.97
r8_1864_map_type,"Name a map type. Reply with only the name, nothing else.",0.6667,<long> -> bench,0.5694,map -> real,0.6167,political map -> bench,60,60,0.0,0.333,0.2,60,90,34,0.0,0.2,8.7,political map,0.5,5,3.63,12.24,0.3,"hashmap 20%, political map 18%","<long> 33%, political map 28%",0.6506,0.214,0.828
r8_1840_soldering,"Name a type of soldering. Reply with only the name, nothing else.",0.6667,<long> -> bench,0.6056,soldering -> real,0.5975,soft soldering -> bench,58,57,0.033,0.367,0.233,60,90,41,0.0,0.227,10.6,hard soldering,0.35,5,4.18,17.92,0.217,"soldering 27%, soldering iron 17%","<long> 37%, soft soldering 20%",0.6964,0.348,1.037
r8_1788_printmaking,"Name a type of printmaking. Reply with only the name, nothing else.",0.6667,lithography -> real,0.6667,lithography -> real,0.641,lithography -> real,60,65,0.0,0.278,0.167,60,90,18,0.0,0.167,8.4,linocut,0.55,6,3.58,7.02,0.32,"lithography 47%, linocut 28%","<long> 28%, etching 18%",0.6556,0.252,1.002
r8_1801_brake_type,"Name a brake type. Reply with only the name, nothing else.",0.6667,<long> -> bench,0.5361,disc -> bench,0.6083,disc brake -> bench,60,60,0.0,0.333,0.2,60,90,54,0.0,0.187,8.8,disc brake,0.95,2,1.22,21.09,0.325,"disc brake 22%, disc brakes 12%","<long> 33%, disc brake 29%",0.6633,0.329,0.753
r8_1736_vegetable_green,"Name a vegetable green. Reply with only the name, nothing else.",0.6667,spinach -> real,0.6667,spinach -> real,0.6356,spinach -> real,60,73,0.0,0.189,0.113,60,90,21,0.0,0.1,6.4,spinach,0.8,4,2.03,5.36,0.451,"spinach 60%, broccoli 25%","broccoli 29%, spinach 27%",0.6731,0.31,0.808
r8_1725_medical_specialist,"Name a medical specialist. Reply with only the name, nothing else.",0.6667,<long> -> bench,0.5389,cardiologist -> real,0.6083,cardiologist -> bench,60,60,0.0,0.333,0.2,60,90,22,0.0,0.18,9.5,cardiologist,0.9,3,1.48,3.22,0.775,"cardiologist 67%, doctor 3%","cardiologist 59%, <long> 33%",0.6472,0.218,1.21
r8_1687_star_pattern,"Name a star pattern. Reply with only the name, nothing else.",0.6667,<long> -> bench,0.5306,asterisk -> real,0.5417,orion -> bench,60,60,0.0,0.333,0.2,60,90,64,0.0,0.173,8.9,big dipper,0.2,12,10.44,37.11,0.117,"asterisk 12%, big dipper 12%","<long> 33%, orion 10%",0.6508,0.356,0.433
r8_0150_coat,"Name a coat. Reply with only the name, nothing else.",0.6667,<long> -> bench,0.5389,parka -> real,0.5167,arctic fox -> bench,60,60,0.0,0.333,0.2,60,90,72,0.0,0.173,9.2,parka,0.45,7,4.91,40.67,0.192,"parka 20%, trench coat 10%","<long> 33%, parka 12%",0.6556,0.415,0.786
r8s_0093_marsupial,"Suggest a type of marsupial. Reply with only the name, nothing else.",0.6667,<long> -> bench,0.6167,kangaroo -> real,0.575,koala -> bench,60,60,0.0,0.333,0.2,60,90,10,0.0,0.187,9.1,koala,0.8,2,1.65,2.84,0.575,"kangaroo 60%, koala 27%","kangaroo 37%, <long> 33%",0.68,0.082,0.844
r8s_0099_herbivore,"Suggest a type of herbivore. Reply with only the name, nothing else.",0.6667,<long> -> bench,0.575,deer -> real,0.5417,deer -> bench,60,60,0.0,0.333,0.2,60,90,12,0.0,0.187,8.4,deer,0.6,4,2.81,3.02,0.658,"deer 62%, cow 20%","deer 47%, <long> 33%",0.6531,0.147,0.873
r8s_0088_baking_ingredient,"Suggest a type of baking ingredient. Reply with only the name, nothing else.",0.6667,<long> -> bench,0.6222,flour -> real,0.5333,all-purpose flour -> real,60,60,0.0,0.333,0.2,60,90,9,0.0,0.193,8.8,flour,0.9,2,1.38,1.66,0.9,"flour 87%, all-purpose flour 7%","flour 62%, <long> 33%",0.6597,0.125,0.952
r8s_0084_meat,"Suggest a type of meat. Reply with only the name, nothing else.",0.6667,<long> -> bench,0.6222,chicken -> real,0.6,chicken -> real,60,60,0.0,0.333,0.2,60,90,17,0.0,0.193,8.5,beef,0.6,3,2.28,4.82,0.5,"beef 42%, chicken 33%","beef 39%, <long> 33%",0.6306,0.202,0.947
r8s_0051_vitamin,"Suggest a type of vitamin. Reply with only the name, nothing else.",0.6667,<long> -> bench,0.6194,vitamin d -> real,0.5917,vitamin c -> bench,60,60,0.0,0.333,0.2,60,90,21,0.0,0.193,9.3,vitamin c,0.85,2,1.53,5.49,0.475,"vitamin c 38%, vitamin d 35%","vitamin c 38%, <long> 33%",0.6619,0.14,0.965
r8s_0076_internal_organ,"Suggest a type of internal organ. Reply with only the name, nothing else.",0.6667,<long> -> bench,0.5833,heart -> real,0.575,liver -> bench,60,60,0.0,0.333,0.2,60,90,12,0.0,0.193,8.3,liver,0.7,3,2.23,3.15,0.658,"liver 58%, heart 27%","liver 49%, <long> 33%",0.6478,0.194,0.772
r8s_0032_taste,"Suggest a type of taste. Reply with only the name, nothing else.",0.6667,<long> -> bench,0.5778,salty -> bench,0.6167,salty -> bench,60,60,0.0,0.333,0.2,60,90,49,0.0,0.187,8.6,umami,0.4,8,5.6,25.31,0.117,"savory 12%, chocolate 12%","<long> 33%, salty 16%",0.6414,0.355,0.654
r8s_0014_piece_of_furniture,"Suggest a type of piece of furniture. Reply with only the name, nothing else.",0.6667,sofa -> real,0.6667,sofa -> real,0.6648,chair -> bench,60,62,0.0,0.311,0.187,60,90,19,0.0,0.18,8.2,sofa,0.6,4,2.89,6.03,0.451,"sofa 40%, chair 28%","chair 42%, <long> 31%",0.6703,0.209,0.83
r8s_0021_body_part,"Suggest a type of body part. Reply with only the name, nothing else.",0.6667,<long> -> bench,0.55,heart -> real,0.575,hand -> bench,60,60,0.0,0.333,0.2,60,90,33,0.0,0.18,8.1,heart,0.25,8,6.32,15.77,0.275,"hand 20%, heart 17%","<long> 33%, hand 23%",0.6353,0.416,0.695
r8_1948_nymph,"Name a nymph. Reply with only the name, nothing else.",0.6667,<long> -> bench,0.5306,calypso -> real,0.5417,calisto -> bench,60,60,0.0,0.333,0.2,60,90,81,0.0,0.187,9.6,echo,0.1,17,16.25,62.14,0.067,"calypso 8%, echo 8%","<long> 33%, calisto 6%",0.6517,0.351,0.929
r8_1963_legal_term,"Name a legal term. Reply with only the name, nothing else.",0.6667,<long> -> bench,0.5667,contract -> bench,0.6,contract -> bench,60,60,0.0,0.333,0.2,60,90,60,0.0,0.2,9.1,subpoena,0.15,14,12.85,33.14,0.175,"tort 17%, res judicata 10%","<long> 33%, contract 13%",0.6561,0.426,0.85
r8_1691_alcohol,"Name an alcohol. Reply with only the name, nothing else.",0.6667,whiskey -> real,0.6667,whiskey -> real,0.7038,ethanol -> bench,60,66,0.0,0.267,0.16,60,90,16,0.0,0.16,7.6,ethanol,1.0,1,1.0,6.22,0.317,"whiskey 47%, vodka 22%","ethanol 31%, <long> 27%",0.7,0.145,1.248
r8_1651_life_stage,"Name a type of life stage. Reply with only the name, nothing else.",0.6667,<long> -> bench,0.6556,adolescence -> real,0.65,adolescence -> real,60,60,0.0,0.333,0.2,60,90,39,0.0,0.187,9.1,adolescence,0.35,11,8.22,19.43,0.183,"adolescence 33%, adulthood 20%","<long> 33%, juvenile 16%",0.7269,0.315,0.915
r8_1313_laundry_detergent_scen,"Name a laundry detergent scent. Reply with only the name, nothing else.",0.6667,<long> -> bench,0.5694,ocean mist -> real,0.5417,ocean mist -> real,60,60,0.0,0.333,0.2,60,90,54,0.0,0.18,9.6,ocean mist,0.25,12,9.87,24.31,0.208,"ocean mist 25%, ocean breeze 18%","<long> 33%, ocean mist 11%",0.6556,0.269,0.988
r8_1431_motorcycle_style,"Name a motorcycle style. Reply with only the name, nothing else.",0.6667,<long> -> bench,0.5889,harley-davidson -> real,0.5833,harley-davidson -> real,60,60,0.0,0.333,0.2,60,90,35,0.0,0.193,9.6,cruiser,0.7,6,2.94,16.8,0.192,"harley-davidson 20%, cruiser 15%","<long> 33%, cruiser 16%",0.6469,0.234,1.013
r8_1463_rest_in_music,"Name a rest in music. Reply with only the name, nothing else.",0.6667,<long> -> bench,0.5861,rest -> bench,0.675,rest -> bench,60,60,0.0,0.333,0.2,60,90,74,0.0,0.187,8.6,rest,0.55,6,3.95,29.43,0.358,"rest 18%, rhythm 3%","rest 36%, <long> 33%",0.7178,0.45,0.683
r8_1419_glue_type,"Name a glue type. Reply with only the name, nothing else.",0.6667,<long> -> bench,0.5861,pva -> bench,0.6417,pva -> bench,60,60,0.0,0.333,0.2,60,90,64,0.0,0.173,9.0,super glue,0.45,5,3.69,35.47,0.192,"epoxy 17%, super glue 10%","<long> 33%, pva 22%",0.6433,0.447,0.731
r8_1420_fence,"Name a fence. Reply with only the name, nothing else.",0.6667,<long> -> bench,0.525,wooden fence -> real,0.5354,fence -> bench,58,57,0.033,0.367,0.233,60,90,98,0.0,0.22,10.4,wooden fence,0.25,12,10.14,85.97,0.07,"wooden 5%, wooden fence 5%","<long> 37%, fence 7%",0.655,0.523,0.641
r8s_0377_snack,"Suggest a type of snack. Reply with only the name, nothing else.",0.6667,<long> -> bench,0.5722,potato chips -> bench,0.6167,potato chips -> bench,60,60,0.0,0.333,0.2,60,90,44,0.0,0.193,9.3,popcorn,0.9,3,1.48,15.29,0.342,"popcorn 35%, sushi 8%","<long> 33%, popcorn 22%",0.6794,0.268,0.658
r8s_0387_predator,"Suggest a type of predator. Reply with only the name, nothing else.",0.6667,<long> -> bench,0.525,wolf -> real,0.6333,lion -> bench,60,60,0.0,0.333,0.2,60,90,38,0.0,0.193,8.8,lion,0.4,8,6.0,8.74,0.567,"lion 43%, shark 5%","lion 47%, <long> 33%",0.6583,0.294,0.745
r8s_0308_skirt,"Suggest a type of skirt. Reply with only the name, nothing else.",0.6667,<long> -> bench,0.55,pleated -> real,0.575,pencil skirt -> bench,60,60,0.0,0.333,0.2,60,90,33,0.0,0.2,9.5,pleated skirt,0.45,6,4.27,14.42,0.225,"a-line 15%, pencil skirt 15%","<long> 33%, pencil skirt 20%",0.6531,0.214,0.885
r8s_0300_travel_document,"Suggest a type of travel document. Reply with only the name, nothing else.",0.6667,<long> -> bench,0.6611,passport -> real,0.5083,visa -> bench,60,60,0.0,0.333,0.2,60,90,6,0.0,0.2,8.8,passport,1.0,1,1.0,1.21,0.967,"passport 97%, 보도자료 2%","passport 64%, <long> 33%",0.6694,0.061,0.923
r8s_0306_airplane_part,"Suggest a type of airplane part. Reply with only the name, nothing else.",0.6667,<long> -> bench,0.6139,wing -> real,0.5417,wing -> bench,60,60,0.0,0.333,0.2,60,90,12,0.0,0.187,8.5,wing,0.75,5,2.45,1.79,0.892,"wing 85%, propeller 5%","wing 62%, <long> 33%",0.6628,0.127,0.966
r8s_0335_cheese,"Suggest a type of cheese. Reply with only the name, nothing else.",0.6667,<long> -> bench,0.6528,cheddar -> real,0.525,edam -> bench,60,60,0.0,0.333,0.2,60,90,11,0.0,0.173,8.6,cheddar,0.9,3,1.48,2.14,0.833,"cheddar 85%, brie 7%","cheddar 54%, <long> 33%",0.6456,0.186,0.966
r8s_0295_leafy_salad_green,"Suggest a type of leafy salad green. Reply with only the name, nothing else.",0.6667,<long> -> bench,0.5889,arugula -> real,0.5417,kale -> real,60,60,0.0,0.333,0.2,60,90,20,0.0,0.193,9.4,arugula,0.35,9,6.32,5.2,0.533,"arugula 53%, kale 25%","arugula 36%, <long> 33%",0.6619,0.224,0.849
r8s_0246_landform,"Suggest a type of landform. Reply with only the name, nothing else.",0.6667,<long> -> bench,0.5417,volcano -> real,0.625,mountain -> bench,60,60,0.0,0.333,0.2,60,90,13,0.0,0.187,8.3,mountain,0.7,5,2.67,4.29,0.592,"mountain 47%, plateau 17%","mountain 48%, <long> 33%",0.6369,0.228,0.993
r8s_0218_mountain,"Suggest a type of mountain. Reply with only the name, nothing else.",0.6667,<long> -> bench,0.5611,alpine -> real,0.6,volcano -> bench,60,60,0.0,0.333,0.2,60,90,27,0.0,0.187,8.9,volcanic,0.25,7,6.35,8.01,0.383,"volcano 28%, volcanic 23%","<long> 33%, volcano 32%",0.6567,0.262,1.024
r8s_0223_cloud,"Suggest a type of cloud. Reply with only the name, nothing else.",0.6667,<long> -> bench,0.6333,aws -> real,0.5833,aws -> real,60,60,0.0,0.333,0.2,60,90,37,0.0,0.193,8.5,stratus,0.25,16,13.37,14.27,0.383,"aws 47%, cumulus 7%","<long> 33%, aws 20%",0.6597,0.264,0.757
r8s_0186_fruit,"Suggest a type of fruit. Reply with only the name, nothing else.",0.6667,<long> -> bench,0.6556,apple -> real,0.525,banana -> bench,60,60,0.0,0.333,0.2,60,90,7,0.0,0.187,8.0,apple,1.0,1,1.0,1.58,0.892,"apple 90%, banana 5%","apple 59%, <long> 33%",0.6878,0.192,0.946
r8s_0152_woodwind_instrument,"Suggest a type of woodwind instrument. Reply with only the name, nothing else.",0.6667,<long> -> bench,0.5833,saxophone -> real,0.5667,flute -> bench,60,60,0.0,0.333,0.2,60,90,8,0.0,0.193,9.1,clarinet,0.4,5,4.02,4.11,0.4,"flute 33%, saxophone 30%","<long> 33%, flute 31%",0.6553,0.165,1.048
r8s_0153_celestial_body,"Suggest a type of celestial body. Reply with only the name, nothing else.",0.6667,<long> -> bench,0.6167,neutron star -> real,0.6417,planet -> bench,60,60,0.0,0.333,0.2,60,90,23,0.0,0.193,8.7,neutron star,0.55,7,4.34,10.82,0.242,"neutron star 27%, black hole 23%","<long> 33%, planet 26%",0.6586,0.186,1.089
r8s_0139_insect,"Suggest a type of insect. Reply with only the name, nothing else.",0.6667,<long> -> bench,0.5472,beetle -> real,0.5917,butterfly -> bench,60,60,0.0,0.333,0.2,60,90,16,0.0,0.193,8.9,butterfly,0.75,4,2.28,5.19,0.442,"butterfly 35%, ant 23%","butterfly 36%, <long> 33%",0.6508,0.252,0.949
r8_0241_historical_artifact,"Name a historical artifact. Reply with only the name, nothing else.",0.6667,rosetta stone -> real,0.6667,rosetta stone -> real,0.5678,rosetta stone -> real,59,59,0.017,0.344,0.213,60,90,35,0.0,0.193,10.0,rosetta stone,0.7,6,2.94,5.68,0.678,"rosetta stone 73%, shroud of turin 3%","rosetta stone 40%, <long> 34%",0.6503,0.236,1.013
r8s_0604_texture,"Suggest a type of texture. Reply with only the name, nothing else.",0.6667,<long> -> bench,0.5583,marble -> real,0.5583,marble -> real,60,60,0.0,0.333,0.2,60,90,71,0.0,0.18,8.5,rough,0.4,7,4.94,50.65,0.075,"marble 12%, concrete 8%","<long> 33%, velvet 4%",0.6267,0.544,0.938
r8s_0545_musical_accessory,"Suggest a type of musical accessory. Reply with only the name, nothing else.",0.6667,<long> -> bench,0.6139,earbuds -> real,0.6417,headphones -> bench,60,60,0.0,0.333,0.2,60,90,27,0.0,0.193,9.4,in-ear monitors,0.3,10,7.29,8.27,0.375,"earbuds 35%, headphones 23%","headphones 34%, <long> 33%",0.6636,0.175,0.784
r8s_0467_bathroom_item,"Suggest a type of bathroom item. Reply with only the name, nothing else.",0.6667,<long> -> bench,0.575,toothbrush -> bench,0.6333,toothbrush -> bench,60,60,0.0,0.333,0.2,60,90,35,0.0,0.2,9.5,bidet,0.5,10,5.9,16.56,0.217,"bidet 12%, toilet brush 10%","<long> 33%, toothbrush 23%",0.6625,0.324,0.891
r8s_0434_milkshake,"Suggest a type of milkshake. Reply with only the name, nothing else.",0.6667,<long> -> bench,0.5722,strawberry banana -> real,0.5833,chocolate peanut butter -> bench,60,60,0.0,0.333,0.2,60,90,44,0.0,0.173,9.4,chocolate fudge,0.25,12,9.87,19.76,0.15,"strawberry banana 17%, peanut butter 12%","<long> 33%, chocolate peanut butter 16%",0.6722,0.197,0.949
r8s_0372_dried_fruit,"Suggest a type of dried fruit. Reply with only the name, nothing else.",0.6667,raisins -> real,0.6667,raisins -> real,0.6238,raisins -> real,60,63,0.0,0.3,0.18,60,90,24,0.0,0.16,9.1,dried apricots,0.5,7,4.47,8.62,0.407,"raisins 53%, apricots 10%","<long> 30%, raisins 20%",0.6725,0.203,0.902
r8s_0375_geological_period,"Suggest a type of geological period. Reply with only the name, nothing else.",0.6667,<long> -> bench,0.6417,cretaceous -> real,0.6167,cretaceous -> real,60,60,0.0,0.333,0.2,60,90,18,0.0,0.193,9.5,cretaceous,0.35,8,5.89,8.61,0.267,"cretaceous 38%, mesozoic 22%","<long> 33%, mesozoic 14%",0.6583,0.172,0.971
r8_1374_experiment,"Name a type of experiment. Reply with only the name, nothing else.",0.6667,<long> -> bench,0.6028,a/b testing -> real,0.6167,double-slit experiment -> bench,60,60,0.0,0.333,0.2,60,90,60,0.0,0.193,9.5,double-blind experiment,0.35,8,6.34,28.54,0.192,"a/b testing 22%, double-blind experiment 22%","<long> 33%, double-slit experiment 16%",0.6717,0.314,0.723
r8_0312_garnish,"Name a garnish. Reply with only the name, nothing else.",0.6667,<long> -> bench,0.5806,parsley -> bench,0.6417,parsley -> bench,60,60,0.0,0.333,0.2,60,90,58,0.0,0.2,9.3,lemon wedge,0.45,6,3.77,30.91,0.225,"parsley 8%, mint 8%","<long> 33%, parsley 24%",0.6581,0.338,0.996
r8_1357_beast_of_burden,"Name a beast of burden. Reply with only the name, nothing else.",0.6667,<long> -> bench,0.5639,ox -> real,0.5833,donkey -> bench,60,60,0.0,0.333,0.2,60,90,63,0.0,0.2,9.4,ox,0.85,4,1.8,37.9,0.133,"ox 18%, elephant 8%","<long> 33%, donkey 12%",0.6406,0.4,0.92
r8_1289_park_feature,"Name a type of park feature. Reply with only the name, nothing else.",0.6667,<long> -> bench,0.5639,playground -> real,0.55,benches -> bench,60,60,0.0,0.333,0.2,60,90,52,0.0,0.187,8.9,playground,0.45,10,6.48,28.47,0.142,"playground 18%, bench 10%","<long> 33%, bench 12%",0.6528,0.332,0.842
r8_1244_watch_type,"Name a watch type. Reply with only the name, nothing else.",0.6667,<long> -> bench,0.6194,rolex -> real,0.6167,rolex -> real,60,60,0.0,0.333,0.2,60,90,57,0.0,0.193,8.8,chronograph,0.2,11,9.49,32.56,0.133,"rolex 25%, omega speedmaster 10%","<long> 33%, smartwatch 13%",0.6603,0.284,0.817
r8_1214_writing_style,"Name a writing style. Reply with only the name, nothing else.",0.6667,<long> -> bench,0.525,journalistic -> real,0.5417,stream of consciousness -> bench,60,60,0.0,0.333,0.2,60,90,71,0.0,0.167,9.1,stream of consciousness,0.85,4,1.8,32.18,0.308,"stream of consciousness 27%, journalistic 5%","<long> 33%, stream of consciousness 23%",0.6356,0.512,0.56
r8_1195_button_type,"Name a button type. Reply with only the name, nothing else.",0.6667,<long> -> bench,0.6028,button -> real,0.5583,primary -> real,60,60,0.0,0.333,0.2,60,90,31,0.0,0.187,8.4,button,0.45,4,3.02,11.97,0.367,"button 42%, primary 17%","<long> 33%, button 21%",0.6603,0.222,0.86
r8s_1039_window_covering,"Suggest a type of window covering. Reply with only the name, nothing else.",0.6667,<long> -> bench,0.6139,blinds -> real,0.5333,roller blinds -> bench,60,60,0.0,0.333,0.2,60,90,23,0.0,0.2,9.0,blinds,0.9,3,1.48,4.32,0.683,"blinds 68%, roller shades 8%","blinds 46%, <long> 33%",0.6442,0.278,0.721
r8s_1030_fashion_accessory,"Suggest a type of fashion accessory. Reply with only the name, nothing else.",0.6667,<long> -> bench,0.55,watch -> real,0.55,scarves -> bench,60,60,0.0,0.333,0.2,60,90,37,0.0,0.187,8.6,scarf,0.25,9,7.08,17.0,0.225,"scarf 22%, watch 17%","<long> 33%, scarf 16%",0.6481,0.31,0.868
r8s_0986_artists_tool,"Suggest a type of artists' tool. Reply with only the name, nothing else.",0.6667,<long> -> bench,0.6194,paintbrush -> bench,0.6917,paintbrush -> bench,60,60,0.0,0.333,0.2,60,90,67,0.0,0.18,8.9,charcoal stick,0.35,9,6.68,33.74,0.242,"palette knife 12%, chisel 7%","<long> 33%, paintbrush 29%",0.6547,0.419,0.883
r8s_1024_vaccine,"Suggest a type of vaccine. Reply with only the name, nothing else.",0.6667,<long> -> bench,0.5667,mrna vaccine -> bench,0.6508,mrna vaccine -> bench,56,54,0.067,0.4,0.267,60,90,40,0.0,0.24,11.4,malaria vaccine,0.15,16,14.77,19.44,0.291,"mmr 15%, mrna vaccine 13%","<long> 40%, mrna vaccine 27%",0.6703,0.177,0.844
r8s_0916_fountain,"Suggest a type of fountain. Reply with only the name, nothing else.",0.6667,<long> -> bench,0.5361,fountain -> real,0.5333,water fountain -> bench,60,60,0.0,0.333,0.2,60,90,84,0.0,0.14,8.9,chimney fountain,0.15,16,14.77,55.33,0.175,"fountain 18%, oasis 3%","<long> 33%, fountain 11%",0.6578,0.475,0.979
r8s_0948_digestive_organ,"Suggest a type of digestive organ. Reply with only the name, nothing else.",0.6667,<long> -> bench,0.6056,stomach -> real,0.5667,intestine -> bench,60,60,0.0,0.333,0.2,60,90,12,0.0,0.2,9.5,stomach,1.0,1,1.0,3.06,0.675,"stomach 67%, intestine 12%","stomach 46%, <long> 33%",0.6519,0.171,0.938
r8s_0855_food_group,"Suggest a type of food group. Reply with only the name, nothing else.",0.6667,<long> -> bench,0.6417,vegetables -> real,0.6083,vegetables -> real,60,60,0.0,0.333,0.2,60,90,20,0.0,0.187,8.9,vegetables,0.55,5,3.12,6.19,0.375,"vegetables 42%, fruits 28%","<long> 33%, fruits 31%",0.6636,0.145,1.113
r8s_0934_chemical_bond,"Suggest a type of chemical bond. Reply with only the name, nothing else.",0.6667,<long> -> bench,0.575,covalent -> real,0.525,covalent bond -> bench,60,60,0.0,0.333,0.2,60,90,7,0.0,0.193,9.3,ionic bond,0.5,4,3.13,3.79,0.408,"covalent 42%, ionic 23%","<long> 33%, covalent 27%",0.6519,0.071,1.013
r8s_0753_underwear,"Suggest a type of underwear. Reply with only the name, nothing else.",0.6667,<long> -> bench,0.5667,briefs -> real,0.5667,boxers -> bench,60,60,0.0,0.333,0.2,60,90,29,0.0,0.187,9.4,briefs,0.4,10,6.6,9.7,0.3,"boxer briefs 32%, briefs 27%","<long> 33%, boxer briefs 19%",0.6539,0.195,0.897
r8s_0719_plastic,"Suggest a type of plastic. Reply with only the name, nothing else.",0.6667,<long> -> bench,0.5722,polyethylene -> real,0.5333,polypropylene -> bench,60,60,0.0,0.333,0.2,60,90,21,0.0,0.193,9.1,polyethylene,0.65,4,2.67,5.39,0.6,"polyethylene 57%, polypropylene 8%","polyethylene 42%, <long> 33%",0.6586,0.209,0.958
r8s_0805_cooking_vessel,"Suggest a type of cooking vessel. Reply with only the name, nothing else.",0.6667,<long> -> bench,0.5528,cauldron -> real,0.5417,dutch oven -> real,60,60,0.0,0.333,0.2,60,90,24,0.0,0.193,9.5,cast iron skillet,0.45,5,3.77,10.0,0.35,"cast iron skillet 32%, cauldron 18%","<long> 33%, cast iron skillet 26%",0.6483,0.166,0.972
r8s_0791_spinach,"Suggest a type of spinach. Reply with only the name, nothing else.",0.6667,<long> -> bench,0.6417,baby spinach -> real,0.575,baby spinach -> real,60,60,0.0,0.333,0.2,60,90,28,0.0,0.193,9.1,baby spinach,0.8,5,2.18,6.76,0.475,"baby spinach 55%, spinach 18%","<long> 33%, baby spinach 27%",0.6525,0.208,1.112
r8s_0771_carrot,"Suggest a type of carrot. Reply with only the name, nothing else.",0.6667,<long> -> bench,0.5167,baby -> real,0.525,carrot -> bench,60,60,0.0,0.333,0.2,60,90,69,0.0,0.2,9.1,nantes,0.25,12,9.46,40.43,0.192,"carrot 17%, baby 7%","<long> 33%, carrot 14%",0.65,0.366,0.811
r8s_0720_form_of_media,"Suggest a type of form of media. Reply with only the name, nothing else.",0.6667,<long> -> bench,0.5389,video -> real,0.55,solid -> bench,60,60,0.0,0.333,0.2,60,90,62,0.0,0.18,8.3,novel,0.45,9,6.04,38.41,0.117,"video 13%, text 12%","<long> 33%, text 8%",0.6394,0.495,0.847
r8s_0657_party_supply,"Suggest a type of party supply. Reply with only the name, nothing else.",0.6667,<long> -> bench,0.575,balloons -> real,0.575,balloon arches -> bench,60,60,0.0,0.333,0.2,60,90,36,0.0,0.18,9.6,balloons,0.65,5,2.86,11.61,0.367,"balloons 38%, balloon arches 10%","<long> 33%, balloons 23%",0.6506,0.211,0.936
r8s_0730_chinese_zodiac_animal,"Suggest a type of chinese zodiac animal. Reply with only the name, nothing else.",0.6667,<long> -> bench,0.5861,dragon -> real,0.55,dragon -> bench,60,60,0.0,0.333,0.2,60,90,10,0.0,0.193,8.1,dragon,0.75,4,2.23,2.4,0.767,"dragon 72%, rat 13%","dragon 54%, <long> 33%",0.6564,0.174,0.943
r8s_0670_song_genre,"Suggest a song genre. Reply with only the name, nothing else.",0.6667,<long> -> bench,0.6028,jazz -> real,0.5417,electronic -> bench,60,60,0.0,0.333,0.2,60,90,25,0.0,0.187,8.8,jazz,0.45,7,4.64,6.5,0.575,"jazz 58%, rock 8%","jazz 38%, <long> 33%",0.6447,0.252,1.384
r8s_1394_natural_landform,"Suggest a type of natural landform. Reply with only the name, nothing else.",0.6667,<long> -> bench,0.5861,valley -> real,0.5917,mountain -> bench,60,60,0.0,0.333,0.2,60,90,23,0.0,0.187,8.5,mountain,0.65,5,2.99,7.5,0.425,"mountain 33%, valley 25%","mountain 34%, <long> 33%",0.6436,0.21,0.976
r8_0075_villain,"Name a villain. Reply with only the name, nothing else.",0.6667,<long> -> bench,0.65,joker -> real,0.637,joker -> real,58,57,0.033,0.367,0.233,60,90,33,0.0,0.193,9.9,joker,0.25,10,7.79,11.99,0.243,"joker 37%, voldemort 15%","<long> 37%, darth vader 21%",0.6675,0.259,0.646
r8_0017_historical_period,"Name a historical period. Reply with only the name, nothing else.",0.6667,<long> -> bench,0.575,renaissance -> real,0.6,middle ages -> bench,60,60,0.0,0.333,0.2,60,90,35,0.0,0.187,9.3,ancient rome,0.2,11,9.09,17.59,0.2,"renaissance 18%, medieval period 15%","<long> 33%, middle ages 20%",0.6489,0.233,0.87
r8_0076_internal_organ,"Name an internal organ. Reply with only the name, nothing else.",0.6667,<long> -> bench,0.625,liver -> real,0.5083,heart -> real,60,60,0.0,0.333,0.2,60,90,5,0.0,0.2,8.1,liver,0.7,3,2.11,1.79,0.792,"liver 78%, heart 20%","liver 53%, <long> 33%",0.6703,0.238,0.969
r8s_1317_sport_event,"Suggest a type of sport event. Reply with only the name, nothing else.",0.6667,<long> -> bench,0.6583,marathon -> real,0.625,marathon -> real,60,60,0.0,0.333,0.2,60,90,31,0.0,0.193,8.7,marathon,0.4,10,7.07,11.67,0.325,"marathon 45%, football 15%","<long> 33%, football 18%",0.6708,0.336,0.74
r8s_1249_reef_feature,"Suggest a type of reef feature. Reply with only the name, nothing else.",0.6667,<long> -> bench,0.5472,coral -> real,0.6,coral atoll -> bench,60,60,0.0,0.333,0.2,60,90,55,0.0,0.18,9.6,coral atoll,0.4,8,5.43,21.18,0.3,"coral atoll 20%, coral 15%","<long> 33%, coral atoll 27%",0.6544,0.234,0.784
r8s_1301_game_fish,"Suggest a type of game fish. Reply with only the name, nothing else.",0.6667,<long> -> bench,0.5639,tuna -> real,0.5417,salmon -> bench,60,60,0.0,0.333,0.2,60,90,30,0.0,0.2,8.8,tuna,0.7,5,2.67,7.97,0.425,"tuna 42%, salmon 20%","<long> 33%, tuna 29%",0.6536,0.24,0.878
r8s_1297_color_hue,"Suggest a type of color hue. Reply with only the name, nothing else.",0.6667,<long> -> bench,0.5583,violet -> bench,0.6,violet -> bench,60,60,0.0,0.333,0.2,60,90,35,0.0,0.193,8.4,violet,0.25,10,7.79,17.09,0.25,"blue 22%, teal 8%","<long> 33%, blue 19%",0.6522,0.297,0.983
r8s_1197_silk_item,"Suggest a type of silk item. Reply with only the name, nothing else.",0.6667,<long> -> bench,0.5944,silk scarf -> real,0.5417,silk scarf -> real,60,60,0.0,0.333,0.2,60,90,56,0.0,0.173,9.5,silk scarf,0.7,5,2.74,21.11,0.358,"silk scarf 40%, silk 10%","<long> 33%, silk scarf 21%",0.6808,0.294,0.753
r8s_1272_element_of_nature,"Suggest a type of element of nature. Reply with only the name, nothing else.",0.6667,<long> -> bench,0.6222,mountain -> real,0.6083,gold -> bench,60,60,0.0,0.333,0.2,60,90,38,0.0,0.193,8.2,mountain,0.5,7,4.55,18.64,0.233,"mountain 33%, forest 12%","<long> 33%, gold 14%",0.6594,0.291,1.24
r8s_1200_freshwater_feature,"Suggest a type of freshwater feature. Reply with only the name, nothing else.",0.6667,<long> -> bench,0.5361,lake -> real,0.5667,lake -> bench,60,60,0.0,0.333,0.2,60,90,18,0.0,0.193,8.1,lake,0.45,6,4.22,5.55,0.55,"lake 48%, stream 12%","lake 41%, <long> 33%",0.6389,0.26,1.144
r8s_1146_type_of_household_pet,"Suggest a type of type of household pet. Reply with only the name, nothing else.",0.6667,<long> -> bench,0.5722,dog -> real,0.525,golden retriever -> real,60,60,0.0,0.333,0.2,60,90,11,0.0,0.193,8.4,dog,0.8,3,1.85,2.98,0.558,"dog 53%, cat 33%","dog 39%, <long> 33%",0.6456,0.14,0.935
r8s_1037_hot_dog_topping,"Suggest a type of hot dog topping. Reply with only the name, nothing else.",0.6667,<long> -> bench,0.5444,mustard -> real,0.5583,ketchup -> bench,60,60,0.0,0.333,0.2,60,90,21,0.0,0.193,8.9,mustard,0.35,6,4.68,7.85,0.308,"mustard 30%, relish 18%","<long> 33%, mustard 21%",0.6319,0.129,0.882
r8s_1057_crooked,"Suggest a type of crooked. Reply with only the name, nothing else.",0.6667,<long> -> bench,0.525,none -> real,0.5278,none -> real,54,51,0.1,0.433,0.3,60,90,95,0.0,0.273,11.6,none,0.05,20,20.0,85.48,0.067,"<long> 10%, none 5%","<long> 43%, crook 4%",0.6444,0.6,0.72
r8s_0999_microorganism,"Suggest a type of microorganism. Reply with only the name, nothing else.",0.6667,<long> -> bench,0.5778,e. coli -> real,0.5333,e. coli -> bench,60,60,0.0,0.333,0.2,60,90,11,0.0,0.193,9.4,e. coli,0.65,3,2.21,2.89,0.633,"e. coli 60%, bacteria 28%","e. coli 44%, <long> 33%",0.655,0.098,0.998
r8_1078_gasket,"Name a gasket. Reply with only the name, nothing else.",0.6667,<long> -> bench,0.5278,o-ring -> bench,0.5711,o-ring -> bench,58,57,0.033,0.367,0.233,60,90,73,0.0,0.22,10.1,flat gasket,0.35,9,6.51,41.95,0.174,"gasket 12%, o-ring 10%","<long> 37%, o-ring 16%",0.6597,0.486,0.907
r8_1045_fastening_device,"Name a fastening device. Reply with only the name, nothing else.",0.6667,<long> -> bench,0.5972,screw -> real,0.5583,bolt -> real,60,60,0.0,0.333,0.2,60,90,20,0.0,0.187,8.9,screw,0.75,4,2.23,4.78,0.583,"screw 58%, bolt 23%","screw 39%, <long> 33%",0.6636,0.257,0.949
r8_0634_music_notation,"Name a music notation. Reply with only the name, nothing else.",0.6667,<long> -> bench,0.5528,stave -> real,0.5975,staff notation -> bench,58,57,0.033,0.367,0.233,60,90,45,0.0,0.233,9.9,clef,0.3,8,6.18,23.6,0.217,"stave 12%, staff notation 12%","<long> 37%, staff notation 20%",0.6636,0.354,1.096
r8_0895_defensive_structure,"Name a type of defensive structure. Reply with only the name, nothing else.",0.6667,<long> -> bench,0.6167,fortress -> real,0.5583,fortress -> real,60,60,0.0,0.333,0.2,60,90,58,0.0,0.187,8.9,fortress,0.45,7,4.99,19.37,0.408,"fortress 47%, fortification 3%","<long> 33%, fortress 23%",0.6475,0.378,0.788
r8_0842_metric_prefix,"Name a metric prefix. Reply with only the name, nothing else.",0.6667,kilo -> real,0.6667,kilo -> real,0.5462,kilo -> real,60,62,0.0,0.311,0.187,60,90,19,0.0,0.18,8.3,kilo,0.8,4,2.03,2.62,0.82,"kilo 87%, neo4j 2%","kilo 53%, <long> 31%",0.6336,0.172,0.698
r8s_1716_cell_type,"Suggest a cell type. Reply with only the name, nothing else.",0.6667,<long> -> bench,0.5861,neuron -> real,0.55,neuron -> real,60,60,0.0,0.333,0.2,60,90,71,0.0,0.167,8.7,neuron,0.9,2,1.38,36.04,0.267,"neuron 32%, glial cell 5%","<long> 33%, neuron 14%",0.6311,0.462,0.618
r8s_1930_utopia,"Suggest a type of utopia. Reply with only the name, nothing else.",0.6667,<long> -> bench,0.5806,elysium -> real,0.575,elysium -> real,60,60,0.0,0.333,0.2,60,90,68,0.0,0.187,9.5,atlas,0.1,18,17.41,33.48,0.225,"eden 22%, elysium 18%","<long> 33%, eden 16%",0.6464,0.304,0.782
r8s_1929_keyboard_instrument,"Suggest a type of keyboard instrument. Reply with only the name, nothing else.",0.6667,<long> -> bench,0.6,piano -> real,0.55,piano -> bench,60,60,0.0,0.333,0.2,60,90,12,0.0,0.193,8.8,piano,0.95,2,1.22,2.08,0.85,"piano 80%, grand piano 7%","piano 60%, <long> 33%",0.6544,0.21,0.974
r8s_1973_galaxy_shape,"Suggest a type of galaxy shape. Reply with only the name, nothing else.",0.6667,<long> -> bench,0.6139,spiral -> real,0.6917,elliptical -> bench,60,60,0.0,0.333,0.2,60,90,27,0.0,0.18,9.4,spiral,0.7,3,2.11,6.7,0.392,"spiral 45%, elliptical 15%","elliptical 36%, <long> 33%",0.6689,0.196,0.755
r8_0041_precious_metal,"Name a precious metal. Reply with only the name, nothing else.",0.6667,gold -> real,0.6667,gold -> real,0.5082,silver -> bench,60,61,0.0,0.322,0.193,60,90,3,0.0,0.193,7.8,gold,1.0,1,1.0,1.05,0.992,gold 100%,"gold 67%, <long> 32%",0.7156,0.033,0.838
r8s_1936_card_suit,"Suggest a type of card suit. Reply with only the name, nothing else.",0.6667,<long> -> bench,0.6056,spades -> real,0.5417,clubs -> bench,60,60,0.0,0.333,0.2,60,90,28,0.0,0.187,8.8,bridge,0.25,13,10.14,7.46,0.467,"spades 50%, hearts 20%","<long> 33%, spades 29%",0.6525,0.275,0.692
r8s_1985_historical_place,"Suggest a type of historical place. Reply with only the name, nothing else.",0.6667,<long> -> bench,0.5611,ancient ruin -> bench,0.5917,ancient ruin -> bench,60,60,0.0,0.333,0.2,60,90,56,0.0,0.193,9.3,ancient ruins,0.3,14,10.9,33.45,0.125,"castle 12%, museum 10%","<long> 33%, ancient ruin 12%",0.6467,0.36,0.928
r8_0470_enzyme,"Name an enzyme. Reply with only the name, nothing else.",0.6639,amylase -> real,0.6639,amylase -> real,0.6494,amylase -> real,59,64,0.017,0.289,0.18,60,90,33,0.0,0.18,9.2,lactase,0.45,5,3.24,9.85,0.35,"amylase 42%, lactase 28%","<long> 29%, lactase 29%",0.6622,0.223,0.949
r8_1632_track_event,"Name a track event. Reply with only the name, nothing else.",0.6639,<long> -> bench,0.5417,1500 meters -> real,0.5763,100 meter sprint -> bench,59,59,0.017,0.344,0.213,60,90,65,0.0,0.193,10.4,1500 meters,0.2,10,8.48,38.45,0.161,"100 meters 8%, 1500 meters 8%","<long> 34%, 100 meter sprint 16%",0.6506,0.316,0.536
r8_1675_palace,"Name a palace. Reply with only the name, nothing else.",0.6639,<long> -> bench,0.5472,versailles -> real,0.5508,palace of versailles -> bench,59,59,0.017,0.344,0.213,60,90,38,0.0,0.193,10.0,versailles,0.45,7,4.64,11.95,0.424,"palace of versailles 37%, versailles 15%","<long> 34%, palace of versailles 31%",0.6547,0.244,0.836
r8_0261_wave,"Name a wave. Reply with only the name, nothing else.",0.6639,<long> -> bench,0.5278,sound wave -> bench,0.5424,sound wave -> bench,59,59,0.017,0.344,0.213,60,90,77,0.0,0.2,9.2,sound wave,0.55,4,2.92,59.27,0.068,"wave 1 7%, ocean 7%","<long> 34%, sound wave 6%",0.6467,0.469,0.51
r8_1375_oven_type,"Name an oven type. Reply with only the name, nothing else.",0.6639,<long> -> bench,0.5889,convection -> real,0.5508,toaster -> bench,59,59,0.017,0.344,0.213,60,90,39,0.0,0.187,8.9,convection oven,0.5,5,3.45,15.12,0.331,"convection 37%, convection oven 17%","<long> 34%, convection 19%",0.7019,0.309,0.758
r8_1640_fan_type,"Name a fan type. Reply with only the name, nothing else.",0.6639,<long> -> bench,0.55,superfan -> real,0.5847,centrifugal -> bench,59,59,0.017,0.344,0.213,60,90,59,0.0,0.187,9.3,centrifugal,0.15,17,15.83,27.38,0.254,"centrifugal 17%, axial 10%","<long> 34%, centrifugal 22%",0.6658,0.405,0.663
r8_1340_rivet,"Name a rivet. Reply with only the name, nothing else.",0.6639,<long> -> bench,0.525,rivet -> real,0.5384,rivet -> bench,57,56,0.05,0.378,0.247,60,90,74,0.0,0.213,10.2,bolt,0.1,19,18.66,31.66,0.336,"rivet 28%, bolt 5%","<long> 38%, rivet 23%",0.6647,0.452,0.76
r8_0311_cutting_board_material,"Name a cutting board material. Reply with only the name, nothing else.",0.6639,<long> -> bench,0.6583,bamboo -> real,0.5339,wood -> real,59,59,0.017,0.344,0.213,60,90,16,0.0,0.167,9.2,bamboo,0.6,4,2.63,2.57,0.797,"bamboo 82%, wood 12%","bamboo 50%, <long> 34%",0.6753,0.113,0.976
r8_1543_shampoo_variety,"Name a shampoo variety. Reply with only the name, nothing else.",0.6639,<long> -> bench,0.5667,head & shoulders -> real,0.5932,sunsilk -> bench,59,59,0.017,0.344,0.213,60,90,51,0.0,0.193,10.3,sulfate-free,0.2,12,10.17,20.69,0.212,"sulfate-free 18%, head & shoulders 17%","<long> 34%, sunsilk 20%",0.6456,0.194,1.111
r8_0492_blanket,"Name a blanket. Reply with only the name, nothing else.",0.6639,<long> -> bench,0.5222,down -> bench,0.5424,blanket -> bench,59,59,0.017,0.344,0.213,60,90,63,0.0,0.193,9.1,quilt,0.25,16,13.37,33.74,0.178,"blanket 13%, quilt 8%","<long> 34%, blanket 14%",0.6636,0.491,0.81
r8_1521_gorgon,"Name a gorgon. Reply with only the name, nothing else.",0.6639,<long> -> bench,0.5389,medusa -> real,0.5678,sphinx -> bench,59,59,0.017,0.344,0.213,60,90,69,0.0,0.207,10.2,medusa,0.55,5,3.12,42.61,0.11,"medusa 13%, stheno 7%","<long> 34%, sphinx 11%",0.6461,0.213,0.764
r8s_0389_dance_move,"Suggest a type of dance move. Reply with only the name, nothing else.",0.6639,<long> -> bench,0.5278,cha-cha -> real,0.5254,cha-cha -> real,59,59,0.017,0.344,0.213,60,90,81,0.0,0.2,9.7,twist,0.25,15,12.48,61.56,0.068,"twist 7%, wolf 7%","<long> 34%, wolf 4%",0.6567,0.343,0.901
r8s_0780_tie,"Suggest a type of tie. Reply with only the name, nothing else.",0.6639,<long> -> bench,0.5667,bow tie -> real,0.5508,necktie -> bench,59,59,0.017,0.344,0.213,60,90,68,0.0,0.2,9.4,silk tie,0.4,9,5.82,29.55,0.322,"bow tie 33%, silk 3%","<long> 34%, bow tie 20%",0.6325,0.402,0.633
r8_1365_wedding,"Name a type of wedding. Reply with only the name, nothing else.",0.6639,<long> -> bench,0.6111,elopement -> real,0.5932,elopement -> real,59,59,0.017,0.344,0.213,60,90,52,0.0,0.193,9.3,civil,0.25,10,8.16,24.99,0.212,"elopement 30%, vow renewal 7%","<long> 34%, civil 12%",0.6456,0.312,0.898
r8s_0227_vinegar,"Suggest a type of vinegar. Reply with only the name, nothing else.",0.6639,<long> -> bench,0.5694,balsamic vinegar -> real,0.5254,white -> bench,59,59,0.017,0.344,0.213,60,90,27,0.0,0.207,10.5,balsamic vinegar,0.7,4,2.39,8.75,0.339,"balsamic vinegar 35%, apple cider vinegar 25%","<long> 34%, balsamic vinegar 21%",0.6675,0.239,0.866
r8s_1423_bitter,"Suggest a type of bitter. Reply with only the name, nothing else.",0.6639,<long> -> bench,0.575,bittersweet -> real,0.5763,bittersweet -> real,59,59,0.017,0.344,0.213,60,90,80,0.0,0.187,9.7,campari,0.15,17,15.83,62.29,0.076,"bittersweet 15%, stout 5%","<long> 34%, bitter lemon 7%",0.6664,0.408,0.771
r8_0613_harp,"Name a harp. Reply with only the name, nothing else.",0.6639,<long> -> bench,0.55,lyra -> real,0.5508,lyra -> real,59,59,0.017,0.344,0.213,60,90,76,0.0,0.193,9.8,lyre,0.2,16,14.14,52.57,0.11,"lyre 10%, lyra 10%","<long> 34%, lyre 8%",0.6717,0.433,0.748
r8s_0232_ocean,"Suggest a type of ocean. Reply with only the name, nothing else.",0.6639,<long> -> bench,0.5583,pacific ocean -> real,0.5508,pacific -> bench,59,59,0.017,0.344,0.213,60,90,22,0.0,0.193,8.6,pacific ocean,0.8,5,2.18,6.4,0.475,"pacific 42%, pacific ocean 22%","<long> 34%, pacific 34%",0.6536,0.238,0.922
r8s_0475_painter,"Suggest a type of painter. Reply with only the name, nothing else.",0.6639,<long> -> bench,0.5639,van gogh -> real,0.5678,impressionist -> bench,59,59,0.017,0.344,0.213,60,90,37,0.0,0.2,9.5,impressionist,0.6,7,3.82,11.37,0.424,"impressionist 35%, van gogh 18%","<long> 34%, impressionist 32%",0.6358,0.326,0.723
r8_0618_graph,"Name a graph. Reply with only the name, nothing else.",0.6639,<long> -> bench,0.55,bar graph -> real,0.5424,bar graph -> real,59,59,0.017,0.344,0.213,60,90,77,0.0,0.18,9.0,complete graph,0.45,10,6.31,55.85,0.093,"bar graph 13%, line graph 7%","<long> 34%, k5 6%",0.6492,0.406,0.667
r8_1046_tisane,"Name a tisane. Reply with only the name, nothing else.",0.6639,<long> -> bench,0.575,chamomile -> real,0.5678,tisane -> bench,59,59,0.017,0.344,0.213,60,90,49,0.0,0.193,10.4,chamomile,0.55,8,4.54,15.46,0.415,"chamomile 42%, hibiscus 5%","<long> 34%, chamomile 27%",0.6644,0.334,0.84
r8_1049_literary_device,"Name a literary device. Reply with only the name, nothing else.",0.6639,metaphor -> real,0.6639,metaphor -> real,0.5632,metaphor -> real,60,68,0.0,0.244,0.147,60,90,16,0.0,0.147,8.1,metaphor,0.9,3,1.48,1.95,0.883,"metaphor 95%, allusion 2%","metaphor 62%, <long> 24%",0.6753,0.092,0.789
r8_0242_light_source,"Name a light source. Reply with only the name, nothing else.",0.6639,sun -> real,0.6639,sun -> real,0.5448,sun -> real,60,63,0.0,0.3,0.18,60,90,17,0.0,0.167,7.4,sun,0.9,3,1.48,2.35,0.837,"sun 88%, sunlight 7%","sun 56%, <long> 30%",0.7011,0.184,0.83
r8_1841_pedal,"Name a pedal. Reply with only the name, nothing else.",0.6639,<long> -> bench,0.55,clutch -> real,0.5508,pedal -> bench,59,59,0.017,0.344,0.213,60,90,78,0.0,0.2,9.7,compressor,0.1,17,16.25,51.48,0.153,"clutch 10%, pedal 10%","<long> 34%, pedal 13%",0.6658,0.457,1.052
r8_0682_natural_fiber,"Name a natural fiber. Reply with only the name, nothing else.",0.6639,cotton -> real,0.6639,cotton -> real,0.5578,cotton -> real,60,68,0.0,0.244,0.147,60,90,10,0.0,0.14,7.3,cotton,1.0,1,1.0,1.53,0.922,"cotton 98%, linen 2%","cotton 66%, <long> 24%",0.68,0.098,0.905
r8_1872_carnivorous_plant,"Name a carnivorous plant. Reply with only the name, nothing else.",0.6639,venus flytrap -> real,0.6639,venus flytrap -> real,0.5702,venus flytrap -> real,60,70,0.0,0.222,0.133,60,90,12,0.0,0.12,8.8,venus flytrap,0.95,2,1.22,1.68,0.908,"venus flytrap 98%, venomous plant 2%","venus flytrap 66%, <long> 22%",0.6503,0.065,0.935
r8s_0667_stone_product,"Suggest a type of stone product. Reply with only the name, nothing else.",0.6639,<long> -> bench,0.5778,granite -> real,0.5424,concrete -> bench,59,59,0.017,0.344,0.213,60,90,30,0.0,0.2,9.2,granite,0.45,4,3.29,10.29,0.432,"granite 43%, marble 8%","<long> 34%, granite 28%",0.6528,0.378,0.996
r8s_1357_beast_of_burden,"Suggest a type of beast of burden. Reply with only the name, nothing else.",0.6639,<long> -> bench,0.5528,elephant -> real,0.5508,elephant -> real,59,59,0.017,0.344,0.213,60,90,57,0.0,0.2,9.2,ox,0.25,8,6.32,28.97,0.195,"ox 15%, elephant 12%","<long> 34%, ox 16%",0.6183,0.418,0.88
r8s_0868_road_feature,"Suggest a type of road feature. Reply with only the name, nothing else.",0.6639,<long> -> bench,0.5583,roundabout -> bench,0.6271,roundabout -> bench,59,59,0.017,0.344,0.213,60,90,46,0.0,0.193,8.9,speed bump,0.35,8,5.89,19.35,0.28,"roundabout 15%, highway 12%","<long> 34%, roundabout 27%",0.6678,0.384,0.532
r8s_0689_fairy,"Suggest a type of fairy. Reply with only the name, nothing else.",0.6639,<long> -> bench,0.5694,pixie -> real,0.5678,fairy -> bench,59,59,0.017,0.344,0.213,60,90,64,0.0,0.213,9.5,pixie,0.4,11,7.58,36.37,0.169,"pixie 22%, phoenix 5%","<long> 34%, fairy 11%",0.6533,0.423,0.739
r8s_1166_reef,"Suggest a type of reef. Reply with only the name, nothing else.",0.6639,<long> -> bench,0.5861,coral reef -> bench,0.6525,coral reef -> bench,59,59,0.017,0.344,0.213,60,90,43,0.0,0.193,9.6,coral reef,0.55,4,3.11,17.41,0.237,"coral 27%, great barrier reef 8%","<long> 34%, coral reef 26%",0.6447,0.276,1.178
r8_0910_handlebar,"Name a handlebar. Reply with only the name, nothing else.",0.6639,<long> -> bench,0.5694,drop bar -> bench,0.6162,drop bar -> bench,57,56,0.05,0.378,0.247,60,90,88,0.0,0.233,10.2,drop bar,0.35,12,8.81,67.14,0.133,"<long> 5%, handlebar 5%","<long> 38%, drop bar 16%",0.6744,0.527,0.685
r8s_0708_sparkling_wine,"Suggest a type of sparkling wine. Reply with only the name, nothing else.",0.6639,<long> -> bench,0.625,prosecco -> real,0.5254,cabernet sauvignon -> bench,59,59,0.017,0.344,0.213,60,90,24,0.0,0.213,10.3,prosecco,0.65,4,2.52,4.03,0.72,"prosecco 72%, cava 5%","prosecco 47%, <long> 34%",0.6553,0.26,0.932
r8s_1573_seashore_find,"Suggest a type of seashore find. Reply with only the name, nothing else.",0.6639,<long> -> bench,0.5417,conch shell -> bench,0.5763,conch shell -> bench,59,59,0.017,0.344,0.213,60,90,71,0.0,0.18,9.4,starfish,0.15,17,15.83,48.14,0.127,"beach 7%, driftwood 7%","<long> 34%, conch shell 13%",0.6608,0.518,0.738
r8s_1862_jelly,"Suggest a type of jelly. Reply with only the name, nothing else.",0.6639,<long> -> bench,0.5778,strawberry -> bench,0.6186,strawberry -> bench,59,59,0.017,0.344,0.213,60,90,48,0.0,0.193,9.3,gummy bears,0.2,16,14.14,23.63,0.186,"jellyfish 20%, lemon 17%","<long> 34%, strawberry 16%",0.65,0.315,0.814
r8_0761_floss,"Name a type of floss. Reply with only the name, nothing else.",0.6639,<long> -> bench,0.5361,waterpik -> bench,0.5719,waterpik -> bench,57,56,0.05,0.378,0.247,60,90,71,0.0,0.227,10.3,waxed floss,0.25,14,11.64,47.67,0.124,"<long> 5%, dental floss 5%","<long> 38%, waterpik 12%",0.6367,0.385,0.666
r8s_0304_jazz_musician,"Suggest a type of jazz musician. Reply with only the name, nothing else.",0.6639,<long> -> bench,0.5528,miles davis -> real,0.5508,pianist -> real,59,59,0.017,0.344,0.213,60,90,56,0.0,0.207,10.2,pianist,0.15,16,14.38,34.45,0.119,"jazz pianist 12%, miles davis 12%","<long> 34%, saxophonist 9%",0.6533,0.305,0.831
r8_0364_nerve,"Name a nerve. Reply with only the name, nothing else.",0.6639,<long> -> bench,0.5667,femoral -> real,0.5678,femoral -> real,59,59,0.017,0.344,0.213,60,90,52,0.0,0.207,9.8,vagus nerve,0.4,7,5.45,27.55,0.22,"sciatic 25%, femoral 13%","<long> 34%, sciatic 12%",0.6533,0.341,0.899
r8_1502_classroom,"Name a classroom. Reply with only the name, nothing else.",0.6639,<long> -> bench,0.5333,room 101 -> bench,0.5628,room 101 -> bench,57,56,0.05,0.378,0.247,60,90,63,0.0,0.2,10.9,classroom,0.25,13,10.14,36.63,0.142,"classroom 101 13%, classroom 7%","<long> 38%, classroom 10%",0.6522,0.348,0.705
r8s_0241_historical_artifact,"Suggest a type of historical artifact. Reply with only the name, nothing else.",0.6639,<long> -> bench,0.5972,rosetta stone -> real,0.5847,rosetta stone -> real,59,59,0.017,0.344,0.213,60,90,80,0.0,0.213,9.8,rosetta stone,0.6,8,4.2,49.68,0.169,"rosetta stone 25%, pottery 5%","<long> 34%, pottery 8%",0.6392,0.451,0.467
r8s_0412_flour,"Suggest a type of flour. Reply with only the name, nothing else.",0.6639,<long> -> bench,0.6194,all-purpose flour -> real,0.5932,all-purpose flour -> real,59,59,0.017,0.344,0.213,60,90,22,0.0,0.213,9.9,all-purpose flour,0.3,7,5.52,9.51,0.263,"all-purpose flour 35%, all-purpose 18%","<long> 34%, wheat flour 18%",0.6747,0.194,0.837
r8s_1949_speech,"Suggest a type of speech. Reply with only the name, nothing else.",0.6639,<long> -> bench,0.575,persuasive speech -> bench,0.6186,persuasive speech -> bench,59,59,0.017,0.344,0.213,60,90,64,0.0,0.207,9.7,eulogy,0.45,11,6.94,36.91,0.136,"monologue 10%, inspirational 3%","<long> 34%, persuasive speech 17%",0.6592,0.423,0.669
r8s_1890_saddle,"Suggest a type of saddle. Reply with only the name, nothing else.",0.6639,<long> -> bench,0.525,treehugger -> real,0.5678,saddle -> bench,59,59,0.017,0.344,0.213,60,90,77,0.0,0.2,9.3,english saddle,0.3,9,6.8,45.14,0.203,"saddle 13%, western saddle 7%","<long> 34%, saddle 18%",0.6442,0.379,1.03
r8_0084_meat,"Name a meat. Reply with only the name, nothing else.",0.6639,<long> -> bench,0.5917,steak -> real,0.661,beef -> bench,59,59,0.017,0.344,0.213,60,90,29,0.0,0.2,9.2,beef,0.85,4,1.8,7.18,0.449,"steak 32%, beef 28%","beef 40%, <long> 34%",0.655,0.29,1.016
r8s_1299_pressure,"Suggest a type of pressure. Reply with only the name, nothing else.",0.6639,<long> -> bench,0.6139,atmospheric pressure -> bench,0.678,atmospheric pressure -> bench,59,59,0.017,0.344,0.213,60,90,62,0.0,0.2,9.5,gauge pressure,0.25,7,5.58,34.14,0.195,"hydrostatic 10%, atmospheric 7%","<long> 34%, atmospheric pressure 24%",0.6675,0.471,0.741
r8_1273_embroidery_style,"Name an embroidery style. Reply with only the name, nothing else.",0.6639,<long> -> bench,0.5861,cross-stitch -> bench,0.68,cross-stitch -> bench,57,56,0.05,0.378,0.247,60,90,55,0.0,0.24,10.8,cross-stitch,0.6,8,4.2,23.01,0.336,"cross-stitch 15%, french knot 7%","<long> 38%, cross-stitch 32%",0.6572,0.281,1.095
r8s_0540_pocket,"Suggest a type of pocket. Reply with only the name, nothing else.",0.6639,<long> -> bench,0.5167,pocket watch -> bench,0.5424,pocket -> bench,59,59,0.017,0.344,0.213,60,90,80,0.0,0.18,9.0,zipper,0.1,19,18.66,48.79,0.212,"pocket 17%, fanny pack 3%","<long> 34%, pocket 17%",0.6628,0.51,0.653
r8_1916_music_stand,"Name a music stand. Reply with only the name, nothing else.",0.6639,music stand -> real,0.6639,music stand -> real,0.6049,music stand -> real,59,60,0.017,0.333,0.207,60,90,49,0.0,0.2,9.4,music stand,0.7,7,3.15,13.19,0.487,"music stand 58%, conductors stand 3%","<long> 33%, music stand 26%",0.7011,0.19,0.974
r8_1878_dam,"Name a dam. Reply with only the name, nothing else.",0.6639,<long> -> bench,0.5556,hoover dam -> real,0.5339,dam -> bench,59,59,0.017,0.344,0.213,60,90,70,0.0,0.2,10.1,hoover dam,0.35,14,10.12,42.53,0.169,"hoover dam 20%, dam 7%","<long> 34%, dam 9%",0.6539,0.298,0.717
r8_1409_ghost_story,"Name a ghost story. Reply with only the name, nothing else.",0.6639,<long> -> bench,0.5528,haunting of hill house -> real,0.5434,turn of the screw -> real,57,56,0.05,0.378,0.247,60,90,54,0.0,0.187,10.9,haunting of hill house,0.7,7,3.15,25.0,0.248,"haunting of hill house 25%, turn of the screw 13%","<long> 38%, haunting of hill house 14%",0.6786,0.114,1.008
r8_0229_dumpling,"Name a type of dumpling. Reply with only the name, nothing else.",0.6639,gyoza -> real,0.6639,gyoza -> real,0.6455,gyoza -> real,59,66,0.017,0.267,0.167,60,90,26,0.0,0.147,8.7,gyoza,0.5,8,4.79,5.22,0.496,"gyoza 45%, jiaozi 35%","jiaozi 46%, <long> 27%",0.6625,0.139,0.652
r8s_1260_grill,"Suggest a type of grill. Reply with only the name, nothing else.",0.6639,<long> -> bench,0.5833,charcoal -> real,0.6356,charcoal grill -> bench,59,59,0.017,0.344,0.213,60,90,43,0.0,0.2,9.5,charcoal grill,0.7,6,2.94,16.65,0.339,"charcoal grill 20%, charcoal 17%","<long> 34%, charcoal grill 31%",0.6375,0.252,0.865
r8_1478_chemical_reaction,"Name a chemical reaction. Reply with only the name, nothing else.",0.6639,<long> -> bench,0.625,photosynthesis -> real,0.6186,photosynthesis -> real,59,59,0.017,0.344,0.213,60,90,39,0.0,0.167,10.0,combustion,0.65,6,3.2,13.92,0.322,"combustion 40%, photosynthesis 28%","<long> 34%, combustion 16%",0.6531,0.251,1.271
r8s_0231_liquor,"Suggest a type of liquor. Reply with only the name, nothing else.",0.6639,<long> -> bench,0.6194,whiskey -> real,0.5424,vodka -> bench,59,59,0.017,0.344,0.213,60,90,16,0.0,0.187,9.0,whiskey,0.65,5,2.99,5.27,0.559,"whiskey 58%, gin 8%","<long> 34%, whiskey 34%",0.6522,0.212,1.037
r8s_0422_scientist,"Suggest a type of scientist. Reply with only the name, nothing else.",0.6639,<long> -> bench,0.6278,astrophysicist -> real,0.6102,astrophysicist -> real,59,59,0.017,0.344,0.213,60,90,56,0.0,0.207,10.3,astrophysicist,0.65,5,2.99,29.45,0.229,"astrophysicist 33%, quantum physicist 7%","<long> 34%, physicist 8%",0.6442,0.391,0.869
r8_0792_decoration_type,"Name a decoration type. Reply with only the name, nothing else.",0.6611,<long> -> bench,0.5417,bohemian -> real,0.5417,bohemian -> real,60,61,0.0,0.322,0.193,60,90,92,0.0,0.167,8.8,chandelier,0.15,18,16.96,74.89,0.074,"bohemian 8%, chandelier 5%","<long> 32%, chandelier 7%",0.6464,0.54,0.885
r8_1053_competition_prize,"Name a competition prize. Reply with only the name, nothing else.",0.6611,<long> -> bench,0.5444,grand prize -> real,0.569,nobel prize -> bench,58,58,0.033,0.356,0.227,60,90,43,0.0,0.193,9.4,nobel prize,0.3,10,8.05,17.74,0.233,"grand prize 23%, nobel prize 15%","<long> 36%, nobel prize 19%",0.6611,0.244,1.042
r8_0555_sculpture_material,"Name a sculpture material. Reply with only the name, nothing else.",0.6611,bronze -> real,0.6611,bronze -> real,0.6045,bronze -> real,60,66,0.0,0.267,0.16,60,90,14,0.0,0.14,7.6,marble,0.65,2,1.91,3.49,0.524,"bronze 63%, marble 32%","bronze 31%, <long> 27%",0.6575,0.134,0.887
r8s_0398_ocean_creature,"Suggest a type of ocean creature. Reply with only the name, nothing else.",0.6611,<long> -> bench,0.5556,blue whale -> real,0.5245,squid -> bench,60,61,0.0,0.322,0.193,60,90,37,0.0,0.193,9.2,blue whale,0.6,8,4.2,14.05,0.289,"blue whale 30%, whale 18%","<long> 32%, blue whale 19%",0.6508,0.306,0.898
r8_0115_acid,"Name an acid. Reply with only the name, nothing else.",0.6611,sulfuric acid -> real,0.6611,sulfuric acid -> real,0.6264,sulfuric acid -> real,58,66,0.033,0.267,0.173,60,90,35,0.0,0.153,9.4,sulfuric acid,0.6,3,2.59,9.11,0.452,"sulfuric acid 57%, sulfuric 17%","<long> 27%, sulfuric acid 24%",0.7106,0.198,0.729
r8_0053_nocturnal_animal,"Name a nocturnal animal. Reply with only the name, nothing else.",0.6611,owl -> real,0.6611,owl -> real,0.5935,owl -> real,60,69,0.0,0.233,0.14,60,90,12,0.0,0.133,7.2,owl,0.45,6,3.77,2.74,0.667,"owl 77%, bat 18%","owl 44%, <long> 23%",0.7297,0.063,0.716
r8s_0097_string_instrument,"Suggest a type of string instrument. Reply with only the name, nothing else.",0.6611,<long> -> bench,0.625,violin -> real,0.5458,violin -> real,60,61,0.0,0.322,0.193,60,90,25,0.0,0.193,8.7,violin,0.65,5,2.99,5.91,0.537,"violin 58%, guitar 15%","violin 33%, <long> 32%",0.6675,0.262,0.573
r8s_0087_fuel,"Suggest a type of fuel. Reply with only the name, nothing else.",0.6611,<long> -> bench,0.5667,electricity -> real,0.5587,electricity -> real,60,61,0.0,0.322,0.193,60,90,32,0.0,0.187,8.9,natural gas,0.3,10,7.84,15.93,0.215,"hydrogen 22%, electricity 17%","<long> 32%, hydrogen 14%",0.6575,0.279,0.968
r8_0825_urodele,"Name an urodele. Reply with only the name, nothing else.",0.6611,<long> -> bench,0.5806,axolotl -> real,0.5594,axolotl -> real,60,61,0.0,0.322,0.193,60,90,34,0.0,0.187,9.6,axolotl,0.65,3,2.36,8.42,0.479,"salamander 43%, axolotl 25%","salamander 36%, <long> 32%",0.6911,0.152,1.264
r8_0308_skirt,"Name a skirt. Reply with only the name, nothing else.",0.6611,<long> -> bench,0.5611,pencil skirt -> real,0.549,pencil -> bench,60,61,0.0,0.322,0.193,60,90,39,0.0,0.187,8.9,a-line skirt,0.3,7,5.52,16.71,0.198,"pencil skirt 23%, skirt 22%","<long> 32%, pencil skirt 11%",0.6561,0.281,1.084
r8_0315_dye,"Name a dye. Reply with only the name, nothing else.",0.6611,<long> -> bench,0.5611,methylene blue -> bench,0.606,methylene blue -> bench,60,61,0.0,0.322,0.193,60,90,58,0.0,0.187,9.0,methylene blue,0.4,9,6.26,31.05,0.174,"indigo 13%, dye 10%","<long> 32%, methylene blue 19%",0.6561,0.331,0.893
r8s_0036_alcoholic_drink,"Suggest a type of alcoholic drink. Reply with only the name, nothing else.",0.6611,<long> -> bench,0.5722,whiskey -> real,0.5361,whiskey -> bench,60,61,0.0,0.322,0.193,60,90,17,0.0,0.193,8.7,whiskey,0.8,4,2.03,4.55,0.636,"whiskey 60%, gin 10%","whiskey 46%, <long> 32%",0.6486,0.195,0.964
r8s_0072_unit_of_volume,"Suggest a type of unit of volume. Reply with only the name, nothing else.",0.6611,<long> -> bench,0.6167,liter -> real,0.5245,gigabyte -> bench,60,61,0.0,0.322,0.193,60,90,17,0.0,0.173,7.9,liter,1.0,1,1.0,4.12,0.653,"liter 67%, litre 10%","liter 43%, <long> 32%",0.6642,0.186,0.946
r8s_0981_lava,"Suggest a type of lava. Reply with only the name, nothing else.",0.6611,<long> -> bench,0.5778,basalt -> bench,0.6861,basalt -> bench,60,61,0.0,0.322,0.193,60,90,36,0.0,0.187,9.1,basaltic,0.45,8,5.26,10.19,0.488,"basalt 30%, pahoehoe 15%","basalt 46%, <long> 32%",0.6517,0.249,0.943
r8s_1060_mental_state,"Suggest a type of mental state. Reply with only the name, nothing else.",0.6611,<long> -> bench,0.5306,flow -> real,0.5246,daydreaming -> bench,60,61,0.0,0.322,0.193,60,90,68,0.0,0.187,8.7,flow,0.7,7,3.15,38.45,0.223,"flow 22%, curiosity 5%","<long> 32%, flow 16%",0.6283,0.454,0.394
r8_1352_ritual,"Name a ritual. Reply with only the name, nothing else.",0.6611,<long> -> bench,0.5361,wedding -> bench,0.5638,wedding -> bench,56,55,0.067,0.389,0.26,60,90,91,0.0,0.2,10.4,blockchain,0.05,20,20.0,75.53,0.081,"<long> 7%, morning meditation 7%","<long> 39%, wedding 9%",0.6553,0.482,0.758
r8_0432_font,"Name a font. Reply with only the name, nothing else.",0.6611,<long> -> bench,0.5778,arial -> real,0.5419,helvetica -> real,60,61,0.0,0.322,0.193,60,90,22,0.0,0.173,8.0,arial,0.65,3,2.36,5.55,0.587,"arial 57%, helvetica 12%","arial 41%, <long> 32%",0.6544,0.126,0.986
r8s_1068_natural_substance,"Suggest a type of natural substance. Reply with only the name, nothing else.",0.6611,<long> -> bench,0.5444,quartz -> real,0.5638,water -> bench,60,61,0.0,0.322,0.193,60,90,52,0.0,0.187,8.7,quinine,0.25,10,8.02,23.76,0.281,"water 22%, quartz 13%","<long> 32%, water 23%",0.6503,0.376,0.663
r8_0769_camping_gear,"Name a camping gear. Reply with only the name, nothing else.",0.6611,<long> -> bench,0.6,tent -> real,0.5426,tent -> bench,60,61,0.0,0.322,0.193,60,90,13,0.0,0.167,8.3,tent,0.8,3,1.89,2.17,0.843,"tent 80%, camping tent 5%","tent 60%, <long> 32%",0.6803,0.15,0.818
r8_0444_dress_style,"Name a dress style. Reply with only the name, nothing else.",0.6611,<long> -> bench,0.5694,bohemian -> real,0.5668,bohemian -> real,60,61,0.0,0.322,0.193,60,90,67,0.0,0.173,9.0,little black dress,0.3,8,6.18,37.75,0.182,"little black dress 20%, bohemian 15%","<long> 32%, little black dress 11%",0.6539,0.402,0.888
r8s_1683_percussion_instrument,"Suggest a type of percussion instrument. Reply with only the name, nothing else.",0.6611,<long> -> bench,0.5667,snare drum -> real,0.6104,drum -> bench,60,61,0.0,0.322,0.193,60,90,21,0.0,0.187,8.8,drum,0.7,4,2.39,4.27,0.645,"drum 53%, snare drum 20%","drum 51%, <long> 32%",0.6475,0.142,1.092
r8_1611_skin_feature,"Name a type of skin feature. Reply with only the name, nothing else.",0.6611,<long> -> bench,0.5194,moles -> bench,0.5564,mole -> bench,60,61,0.0,0.322,0.193,60,90,61,0.0,0.167,8.6,mole,0.3,13,10.17,33.34,0.174,"acne 12%, mole 12%","<long> 32%, mole 16%",0.6553,0.421,0.65
r8_0326_glove,"Name a glove. Reply with only the name, nothing else.",0.6611,<long> -> bench,0.5722,leather -> real,0.5721,glove -> bench,60,61,0.0,0.322,0.193,60,90,54,0.0,0.193,9.4,glove,0.4,7,4.75,21.56,0.273,"glove 20%, leather 17%","<long> 32%, glove 23%",0.6628,0.286,0.695
r8_0479_sugar,"Name a sugar. Reply with only the name, nothing else.",0.6611,<long> -> bench,0.625,glucose -> bench,0.6884,glucose -> bench,60,61,0.0,0.322,0.193,60,90,43,0.0,0.187,8.7,glucose,1.0,1,1.0,15.73,0.231,"sugar 27%, sucrose 22%","<long> 32%, glucose 27%",0.6603,0.302,1.14
r8_0971_vampire,"Name a vampire. Reply with only the name, nothing else.",0.6611,<long> -> bench,0.6306,dracula -> real,0.5173,dracula -> bench,60,61,0.0,0.322,0.193,60,90,11,0.0,0.187,9.0,dracula,0.8,5,2.18,1.69,0.901,"dracula 88%, count dracula 5%","dracula 62%, <long> 32%",0.6503,0.082,0.89
r8s_0504_season,"Suggest a type of season. Reply with only the name, nothing else.",0.6611,<long> -> bench,0.55,summer -> real,0.6042,spring -> bench,60,61,0.0,0.322,0.193,60,90,23,0.0,0.193,8.0,spring,0.45,3,2.85,6.38,0.388,"summer 30%, spring 28%","spring 33%, <long> 32%",0.6369,0.253,0.831
r8_0504_season,"Name a season. Reply with only the name, nothing else.",0.6611,spring -> real,0.6611,spring -> real,0.5985,spring -> real,60,66,0.0,0.267,0.16,60,90,13,0.0,0.153,6.9,spring,0.95,2,1.22,3.5,0.563,"spring 67%, summer 20%","spring 34%, <long> 27%",0.7047,0.124,0.749
r8_0537_cooking_fat,"Name a cooking fat. Reply with only the name, nothing else.",0.6611,<long> -> bench,0.5972,olive oil -> real,0.6012,butter -> bench,60,61,0.0,0.322,0.193,60,90,15,0.0,0.147,8.4,butter,0.85,3,1.68,2.8,0.752,"butter 65%, olive oil 22%","butter 58%, <long> 32%",0.6689,0.143,1.037
r8_0487_fern,"Name a fern. Reply with only the name, nothing else.",0.6611,<long> -> bench,0.6028,fern -> real,0.5948,boston fern -> real,58,58,0.033,0.356,0.227,60,90,57,0.0,0.22,10.2,ostrich fern,0.25,11,8.98,25.31,0.293,"fern 35%, boston fern 18%","<long> 36%, fern 14%",0.6569,0.331,0.884
r8_0793_bottled_water,"Name a bottled water. Reply with only the name, nothing else.",0.6611,<long> -> bench,0.6556,evian -> real,0.6503,evian -> real,60,61,0.0,0.322,0.193,60,90,43,0.0,0.18,9.3,aquafina,0.55,8,4.54,16.75,0.248,"evian 33%, aquafina 15%","<long> 32%, aquafina 23%",0.6536,0.281,0.917
r8s_0947_theater_term,"Suggest a type of theater term. Reply with only the name, nothing else.",0.6611,<long> -> bench,0.525,melodrama -> real,0.525,melodrama -> real,60,61,0.0,0.322,0.193,60,90,80,0.0,0.193,9.0,ensemble,0.1,15,14.14,52.86,0.14,"black box 12%, proscenium 7%","<long> 32%, black box 11%",0.6561,0.474,0.757
r8s_0799_landscape_feature,"Suggest a type of landscape feature. Reply with only the name, nothing else.",0.6611,<long> -> bench,0.6056,mountain -> bench,0.6637,mountain -> bench,60,61,0.0,0.322,0.193,60,90,53,0.0,0.18,8.6,valley,0.5,7,4.55,22.46,0.223,"valley 25%, canyon 7%","<long> 32%, mountain 24%",0.6553,0.358,0.709
r8_1646_meditation_style,"Name a meditation style. Reply with only the name, nothing else.",0.6611,<long> -> bench,0.6361,mindfulness -> real,0.5939,mindfulness -> real,60,61,0.0,0.322,0.193,60,90,18,0.0,0.18,9.2,mindfulness,0.55,7,4.34,6.73,0.355,"mindfulness 45%, transcendental meditation 17%","<long> 32%, vipassana 21%",0.6672,0.202,0.914
r8s_1967_fruit_seed,"Suggest a type of fruit seed. Reply with only the name, nothing else.",0.6611,<long> -> bench,0.5278,pomegranate -> real,0.5466,apple -> bench,60,61,0.0,0.322,0.193,60,90,41,0.0,0.18,8.6,strawberry,0.2,13,11.19,14.73,0.364,"apple 32%, strawberry 8%","<long> 32%, apple 28%",0.6481,0.231,1.101
r8s_1605_desert_animal,"Suggest a type of desert animal. Reply with only the name, nothing else.",0.6611,<long> -> bench,0.6111,camel -> real,0.5656,cactus wren -> bench,60,61,0.0,0.322,0.193,60,90,20,0.0,0.167,8.7,fennec fox,0.55,2,1.99,5.39,0.579,"camel 60%, cheetah 12%","camel 38%, <long> 32%",0.6667,0.138,0.948
r8_1602_puzzle_type,"Name a puzzle type. Reply with only the name, nothing else.",0.6611,<long> -> bench,0.6333,sudoku -> real,0.5779,sudoku -> real,60,61,0.0,0.322,0.193,60,90,45,0.0,0.173,8.6,sudoku,0.85,3,1.68,14.89,0.421,"sudoku 50%, riddle 5%","<long> 32%, sudoku 23%",0.6697,0.34,0.79
r8s_1655_file_format,"Suggest a type of file format. Reply with only the name, nothing else.",0.6611,<long> -> bench,0.6056,markdown -> real,0.6003,markdown -> real,60,61,0.0,0.322,0.193,60,90,38,0.0,0.167,7.8,pdf,0.85,4,1.8,16.04,0.182,"json 23%, markdown 23%","<long> 32%, txt 17%",0.6458,0.298,0.92
r8_0461_poem_form,"Name a poem form. Reply with only the name, nothing else.",0.6611,sonnet -> real,0.6611,sonnet -> real,0.5382,sonnet -> real,60,62,0.0,0.311,0.187,60,90,11,0.0,0.18,8.4,sonnet,1.0,1,1.0,2.15,0.828,"sonnet 87%, haiku 8%","sonnet 54%, <long> 31%",0.6828,0.178,0.788
r8s_1932_piece_of_armor,"Suggest a type of piece of armor. Reply with only the name, nothing else.",0.6611,<long> -> bench,0.6306,plate armor -> real,0.6444,chainmail -> bench,60,61,0.0,0.322,0.193,60,90,21,0.0,0.193,8.8,chainmail,0.6,5,3.24,5.46,0.529,"chainmail 38%, plate armor 32%","chainmail 46%, <long> 32%",0.6483,0.208,0.891
r8s_0016_unit_of_weight,"Suggest a type of unit of weight. Reply with only the name, nothing else.",0.6611,<long> -> bench,0.6583,kilogram -> real,0.5633,kilogram -> real,60,61,0.0,0.322,0.193,60,90,19,0.0,0.18,8.8,kilogram,0.7,3,2.27,4.16,0.653,"kilogram 72%, gram 17%","kilogram 40%, <long> 32%",0.6653,0.169,1.001
r8s_0005_bread,"Suggest a type of bread. Reply with only the name, nothing else.",0.6611,<long> -> bench,0.6583,sourdough -> real,0.5242,baguette -> bench,60,61,0.0,0.322,0.193,60,90,11,0.0,0.18,9.4,sourdough,1.0,1,1.0,1.9,0.86,"sourdough 88%, baguette 5%","sourdough 57%, <long> 32%",0.6931,0.094,0.767
r8s_0070_building_material,"Suggest a type of building material. Reply with only the name, nothing else.",0.6611,<long> -> bench,0.55,concrete -> real,0.5768,concrete -> bench,60,61,0.0,0.322,0.193,60,90,22,0.0,0.193,8.2,concrete,0.7,5,2.74,3.98,0.711,"concrete 63%, brick 8%","concrete 53%, <long> 32%",0.6433,0.281,0.919
r8s_0975_animal_sleep_pattern,"Suggest a type of animal sleep pattern. Reply with only the name, nothing else.",0.6611,<long> -> bench,0.625,nocturnal -> real,0.5933,nocturnal -> real,60,61,0.0,0.322,0.193,60,90,56,0.0,0.18,9.3,nocturnal,0.25,14,11.34,25.01,0.289,"nocturnal 38%, diurnal 7%","<long> 32%, nocturnal 13%",0.6647,0.441,0.84
r8s_0052_soft_drink,"Suggest a type of soft drink. Reply with only the name, nothing else.",0.6611,<long> -> bench,0.6556,coca-cola -> real,0.6027,coca-cola -> real,60,61,0.0,0.322,0.193,60,90,20,0.0,0.187,8.8,coca-cola,0.55,4,2.92,5.42,0.43,"coca-cola 53%, coke 20%","<long> 32%, coke 27%",0.6494,0.202,0.937
r8s_0045_playground_equipment,"Suggest a type of playground equipment. Reply with only the name, nothing else.",0.6611,<long> -> bench,0.5583,swings -> real,0.5706,swing set -> bench,60,61,0.0,0.322,0.193,60,90,18,0.0,0.187,8.9,swing set,0.75,5,2.45,6.25,0.455,"swing set 38%, slide 18%","swing set 36%, <long> 32%",0.6769,0.326,1.021
r8s_0020_day_of_the_week,"Suggest a type of day of the week. Reply with only the name, nothing else.",0.6611,<long> -> bench,0.5639,sunday -> real,0.5697,monday -> bench,60,61,0.0,0.322,0.193,60,90,11,0.0,0.193,7.9,monday,0.6,5,3.18,4.5,0.57,"monday 50%, sunday 15%","monday 43%, <long> 32%",0.6533,0.271,0.864
r8_1906_tree_height_category,"Name a tree height category. Reply with only the name, nothing else.",0.6611,<long> -> bench,0.5278,tall -> real,0.5328,supertall -> bench,60,61,0.0,0.322,0.193,60,90,82,0.0,0.167,8.7,tall,0.2,11,9.09,58.38,0.124,"tall 13%, small 5%","<long> 32%, tall 8%",0.6439,0.468,0.695
r8_1058_ninja,"Name a ninja. Reply with only the name, nothing else.",0.6611,<long> -> bench,0.5833,hattori hanzo -> bench,0.6552,hattori hanzo -> bench,58,58,0.033,0.356,0.227,60,90,66,0.0,0.213,11.4,hattori hanzo,0.4,11,7.58,34.63,0.259,"hattori hanzo 10%, hanzo 8%","<long> 36%, hattori hanzo 27%",0.6572,0.302,1.339
r8_1978_communication,"Name a communication. Reply with only the name, nothing else.",0.6611,<long> -> bench,0.5611,telephone -> bench,0.606,telephone -> bench,60,61,0.0,0.322,0.193,60,90,77,0.0,0.18,8.6,email,0.25,11,8.82,46.81,0.174,"email 13%, communication 7%","<long> 32%, telephone 19%",0.6492,0.555,0.817
r8_1404_capacitor_type,"Name a capacitor type. Reply with only the name, nothing else.",0.6611,<long> -> bench,0.5806,ceramic -> real,0.653,electrolytic -> bench,60,61,0.0,0.322,0.193,60,90,31,0.0,0.16,9.5,electrolytic,0.45,3,2.85,8.67,0.488,"electrolytic 33%, ceramic 18%","electrolytic 43%, <long> 32%",0.6475,0.205,0.777
r8_1426_eyeshadow,"Name an eyeshadow. Reply with only the name, nothing else.",0.6611,<long> -> bench,0.5222,burgundy -> bench,0.5345,burgundy -> bench,58,58,0.033,0.356,0.227,60,90,93,0.0,0.2,10.1,urban decay naked,0.1,18,17.41,75.58,0.078,"urban decay naked palette 5%, brown 3%","<long> 36%, urban decay naked palette 7%",0.6519,0.503,0.849
r8s_0499_architect,"Suggest a type of architect. Reply with only the name, nothing else.",0.6611,<long> -> bench,0.5833,software architect -> real,0.5833,software architect -> real,60,61,0.0,0.322,0.193,60,90,71,0.0,0.16,8.2,structural architect,0.15,13,11.99,50.17,0.091,"software architect 17%, cloud architect 5%","<long> 32%, modern 11%",0.6172,0.524,0.498
r8s_0464_yogurt,"Suggest a type of yogurt. Reply with only the name, nothing else.",0.6611,<long> -> bench,0.6056,greek -> real,0.5788,greek yogurt -> bench,60,61,0.0,0.322,0.193,60,90,24,0.0,0.193,8.7,greek yogurt,0.95,2,1.22,5.75,0.463,"greek yogurt 38%, greek 37%","greek yogurt 37%, <long> 32%",0.6511,0.167,1.029
r8_1067_backpack,"Name a backpack. Reply with only the name, nothing else.",0.6611,backpack -> real,0.6611,backpack -> real,0.6478,backpack -> real,59,63,0.017,0.3,0.187,60,90,66,0.0,0.18,9.2,osprey,0.45,12,7.44,30.53,0.254,"backpack 40%, osprey 10%","<long> 30%, osprey 11%",0.655,0.399,0.868
r8s_0349_gesture,"Suggest a type of gesture. Reply with only the name, nothing else.",0.6611,<long> -> bench,0.5861,wave -> bench,0.6786,wave -> bench,60,61,0.0,0.322,0.193,60,90,39,0.0,0.167,8.3,wave,0.3,8,6.18,13.85,0.397,"wave 22%, pinch 8%","wave 39%, <long> 32%",0.64,0.248,0.537
r8s_0292_public_building,"Suggest a type of public building. Reply with only the name, nothing else.",0.6611,<long> -> bench,0.6167,library -> real,0.5322,school -> bench,60,61,0.0,0.322,0.193,60,90,33,0.0,0.173,7.9,library,0.6,6,3.41,6.37,0.612,"library 63%, school 7%","library 40%, <long> 32%",0.675,0.271,0.88
r8s_0217_headwear,"Suggest a type of headwear. Reply with only the name, nothing else.",0.6611,<long> -> bench,0.6333,hat -> bench,0.7046,hat -> bench,60,61,0.0,0.322,0.193,60,90,23,0.0,0.187,8.5,beanie,0.6,5,3.18,9.18,0.24,"beanie 28%, fedora 18%","<long> 32%, hat 30%",0.66,0.208,0.785
r8s_1410_region,"Suggest a type of region. Reply with only the name, nothing else.",0.6611,<long> -> bench,0.5361,north america -> real,0.5335,north america -> real,60,61,0.0,0.322,0.193,60,90,97,0.0,0.187,8.6,urban,0.2,15,12.85,84.16,0.05,"north america 8%, asia 7%","<long> 32%, coastal 3%",0.6142,0.686,0.791
r8s_1360_lizard,"Suggest a type of lizard. Reply with only the name, nothing else.",0.6611,<long> -> bench,0.5833,komodo dragon -> real,0.5642,iguana -> bench,60,61,0.0,0.322,0.193,60,90,29,0.0,0.187,9.3,iguana,0.4,8,5.84,10.74,0.289,"komodo dragon 33%, iguana 17%","<long> 32%, iguana 20%",0.6564,0.254,0.834
r8_1567_seashell,"Name a seashell. Reply with only the name, nothing else.",0.6611,<long> -> bench,0.525,conch shell -> real,0.6111,conch -> bench,60,61,0.0,0.322,0.193,60,90,41,0.0,0.18,8.7,conch,0.55,5,3.12,9.05,0.562,"conch 45%, abalone 5%","conch 46%, <long> 32%",0.6603,0.303,0.775
r8_0581_island,"Name an island. Reply with only the name, nothing else.",0.6611,<long> -> bench,0.5611,greenland -> bench,0.6139,greenland -> bench,60,61,0.0,0.322,0.193,60,90,62,0.0,0.193,8.8,greenland,0.5,9,5.51,35.33,0.215,"greenland 10%, new york 8%","<long> 32%, greenland 22%",0.6539,0.365,0.736
r8_1556_flash,"Name a flash. Reply with only the name, nothing else.",0.6611,<long> -> bench,0.5444,lightning -> real,0.5418,lightning -> real,60,61,0.0,0.322,0.193,60,90,94,0.0,0.187,9.1,st. elmos fire,0.2,17,15.16,67.5,0.14,"flash 13%, lightning 10%","<long> 32%, flash 10%",0.6583,0.552,0.728
r8_0483_art_style,"Name an art style. Reply with only the name, nothing else.",0.6611,<long> -> bench,0.5444,impressionism -> real,0.5403,cyberpunk -> bench,60,61,0.0,0.322,0.193,60,90,28,0.0,0.167,9.0,impressionism,0.75,6,2.62,8.66,0.471,"impressionism 43%, cyberpunk 8%","impressionism 34%, <long> 32%",0.6417,0.217,1.176
r8_1534_economic_system,"Name an economic system. Reply with only the name, nothing else.",0.6611,<long> -> bench,0.625,capitalism -> real,0.5668,socialism -> real,60,61,0.0,0.322,0.193,60,90,13,0.0,0.193,8.7,capitalism,0.95,2,1.22,2.56,0.785,"capitalism 78%, socialism 15%","capitalism 53%, <long> 32%",0.6503,0.276,0.989
r8_1766_arthritis,"Name a type of arthritis. Reply with only the name, nothing else.",0.6611,<long> -> bench,0.6389,rheumatoid arthritis -> real,0.5257,osteoarthritis -> real,60,61,0.0,0.322,0.193,60,90,6,0.0,0.167,10.8,rheumatoid arthritis,0.55,2,1.99,1.87,0.826,"rheumatoid arthritis 83%, osteoarthritis 13%","rheumatoid arthritis 56%, <long> 32%",0.6586,0.051,0.881
r8_1588_narrative_structure,"Name a type of narrative structure. Reply with only the name, nothing else.",0.6611,<long> -> bench,0.5667,heros journey -> real,0.5667,heros journey -> real,60,61,0.0,0.322,0.193,60,90,35,0.0,0.167,8.7,non-linear,0.2,10,8.26,18.94,0.198,"linear 15%, linear narrative 13%","<long> 32%, linear narrative 18%",0.6339,0.299,0.952
r8_1579_dna_base,"Name a dna base. Reply with only the name, nothing else.",0.6611,<long> -> bench,0.6389,adenine -> real,0.5342,a -> real,60,61,0.0,0.322,0.193,60,90,11,0.0,0.187,9.0,adenine,0.8,2,1.65,2.63,0.744,"adenine 77%, a 17%","adenine 49%, <long> 32%",0.7014,0.09,0.883
r8s_1510_dice_face,"Suggest a type of dice face. Reply with only the name, nothing else.",0.6611,<long> -> bench,0.525,six -> real,0.5171,six -> real,60,61,0.0,0.322,0.193,60,90,89,0.0,0.193,8.8,legend,0.05,20,20.0,72.04,0.066,"six 8%, d6 7%","<long> 32%, poker 4%",0.6531,0.46,0.64
r8s_1592_route,"Suggest a type of route. Reply with only the name, nothing else.",0.6611,<long> -> bench,0.5167,deployment -> real,0.5322,highway -> bench,60,61,0.0,0.322,0.193,60,90,102,0.0,0.18,8.7,highway,0.2,17,15.16,84.94,0.099,"highway 7%, deployment 3%","<long> 32%, highway 9%",0.6344,0.61,0.7
r8s_0274_metal,"Suggest a type of metal. Reply with only the name, nothing else.",0.6611,<long> -> bench,0.65,steel -> real,0.6633,iron -> bench,60,61,0.0,0.322,0.193,60,90,27,0.0,0.167,8.0,iron,0.6,4,2.89,9.85,0.273,"steel 40%, gold 17%","<long> 32%, iron 28%",0.6686,0.297,1.11
r8s_0168_sports_equipment,"Suggest a type of sports equipment. Reply with only the name, nothing else.",0.6611,<long> -> bench,0.6,tennis racket -> real,0.6225,basketball -> bench,60,61,0.0,0.322,0.193,60,90,35,0.0,0.193,9.1,tennis racket,0.65,7,3.52,14.64,0.223,"tennis racket 30%, soccer ball 15%","<long> 32%, basketball 20%",0.6578,0.23,1.175
r8s_1322_part_of_a_song,"Suggest a type of part of a song. Reply with only the name, nothing else.",0.6611,<long> -> bench,0.55,bridge -> real,0.5857,chorus -> bench,60,61,0.0,0.322,0.193,60,90,17,0.0,0.193,8.7,chorus,0.75,4,2.23,4.3,0.636,"chorus 55%, verse 10%","chorus 49%, <long> 32%",0.6517,0.173,0.943
r8s_1211_fish_scale,"Suggest a type of fish scale. Reply with only the name, nothing else.",0.6611,<long> -> bench,0.5278,cobalt -> bench,0.5431,cobalt -> bench,58,58,0.033,0.356,0.227,60,90,97,0.0,0.213,10.0,diamond,0.05,20,20.0,86.75,0.043,"digital fish scale 5%, digital 5%","<long> 36%, cobalt 6%",0.6594,0.543,0.712
r8s_1221_tire,"Suggest a type of tire. Reply with only the name, nothing else.",0.6611,<long> -> bench,0.6194,all-season -> real,0.601,all-season -> real,60,61,0.0,0.322,0.193,60,90,48,0.0,0.18,8.9,all-terrain,0.65,5,2.99,20.94,0.215,"all-season 32%, all-terrain 13%","<long> 32%, all-terrain 12%",0.6378,0.264,1.006
r8_0664_energy_drink,"Name an energy drink. Reply with only the name, nothing else.",0.6611,monster -> real,0.6611,monster -> real,0.6639,red bull -> bench,60,72,0.0,0.2,0.12,60,90,17,0.0,0.113,6.4,red bull,0.65,2,1.91,3.5,0.629,"red bull 45%, monster 40%","red bull 62%, <long> 20%",0.6386,0.142,0.831
r8_1473_visual_art_style,"Name a visual art style. Reply with only the name, nothing else.",0.6611,<long> -> bench,0.6083,impressionism -> real,0.5407,baroque -> bench,60,61,0.0,0.322,0.193,60,90,17,0.0,0.193,9.5,impressionism,0.9,2,1.38,4.48,0.603,"impressionism 62%, cubism 17%","impressionism 40%, <long> 32%",0.6547,0.15,1.018
r8s_1366_rainforest_animal,"Suggest a type of rainforest animal. Reply with only the name, nothing else.",0.6611,jaguar -> real,0.6611,jaguar -> real,0.5505,jaguar -> real,60,64,0.0,0.289,0.173,60,90,22,0.0,0.167,9.0,jaguar,0.85,4,1.8,2.79,0.815,"jaguar 87%, majestic jaguar 2%","jaguar 54%, <long> 29%",0.6581,0.161,0.962
r8s_1377_celestial_body_type,"Suggest a celestial body type. Reply with only the name, nothing else.",0.6611,<long> -> bench,0.5778,neutron star -> real,0.5736,planet -> bench,60,61,0.0,0.322,0.193,60,90,38,0.0,0.193,8.9,neutron star,0.45,9,5.89,20.24,0.174,"neutron star 23%, black hole 10%","<long> 32%, jupiter 14%",0.6442,0.336,0.855
r8s_0592_musical_band,"Suggest a type of musical band. Reply with only the name, nothing else.",0.6611,<long> -> bench,0.5583,beatles -> real,0.5892,rock band -> bench,60,61,0.0,0.322,0.193,60,90,41,0.0,0.187,8.8,rock band,0.3,10,7.51,18.99,0.207,"beatles 15%, jazz 13%","<long> 32%, rock band 20%",0.6525,0.233,0.883
r8_1894_luxury_brand,"Name a luxury brand. Reply with only the name, nothing else.",0.6611,<long> -> bench,0.5694,rolex -> real,0.525,chanel -> real,60,61,0.0,0.322,0.193,60,90,24,0.0,0.187,9.3,rolex,0.7,5,2.74,6.33,0.537,"rolex 52%, rolls-royce 13%","rolex 38%, <long> 32%",0.6622,0.213,0.786
r8s_1259_school_level,"Suggest a type of school level. Reply with only the name, nothing else.",0.6611,<long> -> bench,0.5861,high school -> bench,0.6865,high school -> bench,60,61,0.0,0.322,0.193,60,90,25,0.0,0.173,8.4,high school,0.4,7,4.75,7.93,0.438,"high school 25%, elementary 25%","high school 42%, <long> 32%",0.6386,0.304,0.839
r8s_1266_sports_official,"Suggest a type of sports official. Reply with only the name, nothing else.",0.6611,<long> -> bench,0.6278,referee -> real,0.5096,referee -> bench,60,61,0.0,0.322,0.193,60,90,8,0.0,0.187,8.9,referee,0.8,3,1.85,1.84,0.843,"referee 83%, umpire 12%","referee 58%, <long> 32%",0.6678,0.16,0.856
r8s_1235_prehistoric_mammal,"Suggest a type of prehistoric mammal. Reply with only the name, nothing else.",0.6611,<long> -> bench,0.6111,mammoth -> real,0.5689,mammoth -> real,60,61,0.0,0.322,0.193,60,90,46,0.0,0.193,9.8,mammoth,0.5,10,5.9,17.98,0.331,"mammoth 40%, mastodon 7%","<long> 32%, mammoth 18%",0.6525,0.279,1.022
r8s_1225_musical_form,"Suggest a musical form. Reply with only the name, nothing else.",0.6611,<long> -> bench,0.5694,sonata -> real,0.5322,rondo -> bench,60,61,0.0,0.322,0.193,60,90,37,0.0,0.193,9.0,sonata,0.7,6,2.94,11.76,0.372,"sonata 38%, sonata form 13%","<long> 32%, sonata 24%",0.6575,0.396,0.949
r8s_0547_bathroom_fixture,"Suggest a type of bathroom fixture. Reply with only the name, nothing else.",0.6611,<long> -> bench,0.5611,bidet -> real,0.5883,toilet -> bench,60,61,0.0,0.322,0.193,60,90,38,0.0,0.173,8.9,bidet,0.7,5,2.67,11.42,0.322,"bidet 30%, toilet 23%","<long> 32%, toilet 28%",0.6525,0.279,0.968
r8s_0574_spice,"Suggest a type of spice. Reply with only the name, nothing else.",0.6611,<long> -> bench,0.5556,cinnamon -> real,0.5631,cumin -> bench,60,61,0.0,0.322,0.193,60,90,23,0.0,0.187,8.8,cinnamon,0.55,2,1.99,7.51,0.364,"cumin 30%, cinnamon 27%","<long> 32%, cumin 29%",0.6481,0.244,0.908
r8s_0265_facial_feature,"Suggest a type of facial feature. Reply with only the name, nothing else.",0.6611,<long> -> bench,0.5472,eyes -> real,0.5406,nose -> bench,60,61,0.0,0.322,0.193,60,90,40,0.0,0.187,8.8,high cheekbones,0.4,10,6.89,17.78,0.281,"eyes 28%, almond-shaped eyes 8%","<long> 32%, eyes 19%",0.6531,0.37,0.6
r8s_1312_action_movie,"Suggest a type of action movie. Reply with only the name, nothing else.",0.6611,<long> -> bench,0.5556,john wick -> real,0.5423,john wick -> real,60,61,0.0,0.322,0.193,60,90,36,0.0,0.187,8.9,hard,0.3,8,6.37,11.88,0.388,"hard 35%, john wick 17%","<long> 32%, hard 29%",0.6464,0.176,0.896
r8_1450_alarm,"Name an alarm. Reply with only the name, nothing else.",0.6611,<long> -> bench,0.5306,siren -> real,0.5431,bell -> bench,58,58,0.033,0.356,0.227,60,90,76,0.0,0.207,9.8,snooze,0.1,17,16.25,57.01,0.078,"siren 8%, alarm 7%","<long> 36%, alarm 6%",0.6508,0.476,0.722
r8_0655_textile,"Name a textile. Reply with only the name, nothing else.",0.6611,<long> -> bench,0.5444,silk -> real,0.6029,cotton -> bench,60,61,0.0,0.322,0.193,60,90,26,0.0,0.187,8.5,cotton,1.0,1,1.0,6.93,0.554,"cotton 45%, denim 10%","cotton 44%, <long> 32%",0.6519,0.252,0.783
r8_0174_actress,"Name a type of actress. Reply with only the name, nothing else.",0.6611,<long> -> bench,0.6,actress -> real,0.6066,comedian -> bench,60,61,0.0,0.322,0.193,60,90,51,0.0,0.187,8.7,actress,0.15,15,13.78,19.15,0.306,"actress 37%, action 22%","<long> 32%, actress 17%",0.6731,0.248,0.824
r8s_0679_bird_feather_color,"Suggest a type of bird feather color. Reply with only the name, nothing else.",0.6611,<long> -> bench,0.5667,golden -> real,0.5587,golden -> real,60,61,0.0,0.322,0.193,60,90,48,0.0,0.173,8.6,azure,0.25,9,7.08,25.85,0.149,"golden 17%, crimson 13%","<long> 32%, red 12%",0.6392,0.381,0.761
r8_0217_headwear,"Name a type of headwear. Reply with only the name, nothing else.",0.6611,<long> -> bench,0.5472,top hat -> real,0.6175,hat -> bench,60,61,0.0,0.322,0.193,60,90,14,0.0,0.173,7.9,hat,1.0,1,1.0,2.64,0.785,"hat 67%, top hat 12%","hat 61%, <long> 32%",0.6414,0.218,1.182
r8s_0822_troll,"Suggest a type of troll. Reply with only the name, nothing else.",0.6611,<long> -> bench,0.5167,slasher -> real,0.5167,yankee -> real,60,61,0.0,0.322,0.193,60,90,108,0.0,0.187,9.1,telegram,0.05,20,20.0,98.22,0.058,"troll 5%, trollface 3%","<long> 32%, troll 4%",0.6583,0.608,0.662
r8s_0197_vegetable,"Suggest a type of vegetable. Reply with only the name, nothing else.",0.6611,<long> -> bench,0.5889,broccoli -> real,0.5519,broccoli -> real,60,61,0.0,0.322,0.193,60,90,17,0.0,0.18,8.5,carrot,0.6,4,2.81,5.33,0.455,"carrot 43%, broccoli 33%","<long> 32%, carrot 32%",0.6475,0.175,0.795
r8_1488_injury,"Name an injury. Reply with only the name, nothing else.",0.6611,<long> -> bench,0.5611,ankle sprain -> real,0.5863,fracture -> bench,60,61,0.0,0.322,0.193,60,90,43,0.0,0.187,9.5,fracture,0.95,2,1.22,9.38,0.554,"fracture 47%, ankle sprain 13%","fracture 43%, <long> 32%",0.6631,0.31,1.065
r8_0190_wood,"Name a wood. Reply with only the name, nothing else.",0.6611,oak -> real,0.6611,oak -> real,0.5515,oak -> real,59,65,0.017,0.278,0.173,60,90,12,0.0,0.153,7.3,oak,0.9,3,1.48,1.76,0.895,"oak 93%, <long> 2%","oak 61%, <long> 28%",0.6769,0.133,0.961
r8_0269_puzzle_type,"Name a puzzle type. Reply with only the name, nothing else.",0.6611,sudoku -> real,0.6611,sudoku -> real,0.6288,sudoku -> real,60,66,0.0,0.267,0.16,60,90,54,0.0,0.16,8.1,sudoku,0.65,7,3.52,19.51,0.365,"sudoku 50%, logic puzzle 12%","<long> 27%, sudoku 18%",0.6567,0.34,0.785
r8s_1092_ceramic,"Suggest a type of ceramic. Reply with only the name, nothing else.",0.6611,<long> -> bench,0.6028,porcelain -> real,0.5586,stoneware -> real,60,61,0.0,0.322,0.193,60,90,15,0.0,0.187,8.8,porcelain,0.85,2,1.53,2.71,0.777,"porcelain 75%, stoneware 15%","porcelain 54%, <long> 32%",0.6483,0.167,0.753
r8_1311_gnome,"Name a gnome. Reply with only the name, nothing else.",0.6611,<long> -> bench,0.5333,gnome -> real,0.5259,runt -> bench,58,58,0.033,0.356,0.227,60,90,89,0.0,0.207,10.4,goblin,0.1,18,17.41,69.36,0.121,"gnome 13%, <long> 3%","<long> 36%, gnome 7%",0.6622,0.407,0.717
r8_1336_microgreen,"Name a microgreen. Reply with only the name, nothing else.",0.6611,<long> -> bench,0.5583,pea -> real,0.5712,radish -> bench,60,61,0.0,0.322,0.193,60,90,58,0.0,0.18,8.6,radish,0.3,9,7.71,20.69,0.388,"radish 32%, pea 12%","<long> 32%, radish 31%",0.6594,0.339,1.035
r8s_0157_shape,"Suggest a type of shape. Reply with only the name, nothing else.",0.6611,<long> -> bench,0.6278,circle -> real,0.6121,circle -> real,58,58,0.033,0.356,0.227,60,90,52,0.0,0.193,9.0,circle,0.85,4,1.8,22.0,0.233,"circle 33%, sphere 12%","<long> 36%, sphere 19%",0.6275,0.454,0.985
r8s_0122_body_of_water,"Suggest a type of body of water. Reply with only the name, nothing else.",0.6611,<long> -> bench,0.5972,ocean -> real,0.5313,lake -> bench,60,61,0.0,0.322,0.193,60,90,15,0.0,0.187,7.9,ocean,0.8,3,1.89,3.19,0.661,"ocean 65%, lake 18%","ocean 46%, <long> 32%",0.6636,0.258,0.984
r8s_1125_noise,"Suggest a type of noise. Reply with only the name, nothing else.",0.6611,white noise -> real,0.6611,white noise -> real,0.6373,white noise -> real,60,63,0.0,0.3,0.18,60,90,45,0.0,0.18,8.3,white noise,0.95,2,1.22,17.76,0.293,"white noise 43%, white 10%","<long> 30%, gaussian 12%",0.6708,0.357,1.009
r8s_1144_part_of_a_seed,"Suggest a type of part of a seed. Reply with only the name, nothing else.",0.6611,<long> -> bench,0.5528,seed -> real,0.5653,embryo -> bench,60,61,0.0,0.322,0.193,60,90,68,0.0,0.187,8.8,cotyledon,0.55,7,4.34,36.57,0.174,"seed 15%, cotyledon 12%","<long> 32%, cotyledon 16%",0.6364,0.447,0.85
r8s_1191_bulb_vegetable,"Suggest a type of bulb vegetable. Reply with only the name, nothing else.",0.6611,<long> -> bench,0.5389,onion -> real,0.5298,onion -> bench,60,61,0.0,0.322,0.193,60,90,29,0.0,0.173,8.6,onion,0.45,7,4.99,9.57,0.397,"onion 37%, carrot 18%","<long> 32%, onion 29%",0.6258,0.23,0.882
r8s_0142_construction_material,"Suggest a type of construction material. Reply with only the name, nothing else.",0.6611,<long> -> bench,0.6472,concrete -> real,0.6227,steel -> bench,60,61,0.0,0.322,0.193,60,90,19,0.0,0.187,8.1,concrete,0.9,3,1.48,4.33,0.628,"concrete 68%, reinforced concrete 7%","concrete 39%, <long> 32%",0.6517,0.241,0.878
r8_1235_prehistoric_mammal,"Name a prehistoric mammal. Reply with only the name, nothing else.",0.6611,mammoth -> real,0.6611,mammoth -> real,0.6397,mammoth -> real,60,65,0.0,0.278,0.167,60,90,48,0.0,0.153,9.3,mammoth,0.9,3,1.48,19.41,0.288,"mammoth 43%, deinotherium 10%","<long> 28%, mammuthus 17%",0.6408,0.178,1.067
r8s_0191_herb,"Suggest a type of herb. Reply with only the name, nothing else.",0.6611,<long> -> bench,0.6472,basil -> real,0.5408,mint -> bench,60,61,0.0,0.322,0.193,60,90,16,0.0,0.173,8.7,basil,1.0,1,1.0,3.61,0.711,"basil 75%, chamomile 7%","basil 46%, <long> 32%",0.6667,0.205,0.979
r8s_0190_wood,"Suggest a type of wood. Reply with only the name, nothing else.",0.6611,<long> -> bench,0.6333,oak -> real,0.5167,maple -> real,60,61,0.0,0.322,0.193,60,90,11,0.0,0.187,7.9,oak,1.0,1,1.0,1.88,0.876,"oak 87%, maple 3%","oak 60%, <long> 32%",0.6603,0.126,0.985
r8_1452_light_fixture,"Name a type of light fixture. Reply with only the name, nothing else.",0.6611,chandelier -> real,0.6611,chandelier -> real,0.6167,chandelier -> real,60,66,0.0,0.267,0.16,60,90,26,0.0,0.147,8.1,chandelier,0.95,2,1.22,8.17,0.444,"chandelier 57%, ceiling light 8%","<long> 27%, chandelier 24%",0.6869,0.219,0.887
r8_1443_notebook_binding,"Name a type of notebook binding. Reply with only the name, nothing else.",0.6611,<long> -> bench,0.5611,spiral -> real,0.5426,spiral -> real,60,61,0.0,0.322,0.193,60,90,66,0.0,0.18,8.9,spiral binding,0.2,13,11.19,41.43,0.157,"spiral 20%, perfect binding 8%","<long> 32%, spiral 8%",0.6589,0.448,0.766
r8s_1139_shade_of_green,"Suggest a type of shade of green. Reply with only the name, nothing else.",0.6611,<long> -> bench,0.5611,emerald -> real,0.581,forest -> bench,60,61,0.0,0.322,0.193,60,90,21,0.0,0.193,8.5,emerald,0.35,7,5.66,7.5,0.405,"emerald 40%, forest green 13%","<long> 32%, emerald 28%",0.6558,0.236,1.35
r8_0290_tide_type,"Name a tide type. Reply with only the name, nothing else.",0.6611,<long> -> bench,0.5194,tide -> real,0.5403,spring -> bench,60,61,0.0,0.322,0.193,60,90,64,0.0,0.193,8.5,spring tide,0.9,3,1.48,30.42,0.24,"spring tide 20%, spring 8%","<long> 32%, spring tide 19%",0.6536,0.405,0.756
r8_0181_literary_device,"Name a literary device. Reply with only the name, nothing else.",0.6611,metaphor -> real,0.6611,metaphor -> real,0.5505,metaphor -> real,60,67,0.0,0.256,0.153,60,90,12,0.0,0.14,8.2,metaphor,0.9,3,1.48,1.63,0.913,"metaphor 97%, simile 2%","metaphor 64%, <long> 26%",0.6797,0.091,0.805
r8s_0580_astronomical_event,"Suggest a type of astronomical event. Reply with only the name, nothing else.",0.6611,<long> -> bench,0.575,solar eclipse -> real,0.6529,supernova -> bench,60,61,0.0,0.322,0.193,60,90,19,0.0,0.187,9.0,supernova,0.4,6,4.11,5.47,0.504,"supernova 35%, eclipse 23%","supernova 44%, <long> 32%",0.6644,0.179,1.209
r8s_1293_medical_equipment,"Suggest a type of medical equipment. Reply with only the name, nothing else.",0.6611,<long> -> bench,0.5639,stethoscope -> bench,0.6299,stethoscope -> bench,60,61,0.0,0.322,0.193,60,90,46,0.0,0.173,8.9,mri,0.2,13,11.19,20.15,0.281,"stethoscope 15%, mri scanner 12%","<long> 32%, stethoscope 28%",0.6594,0.372,0.908
r8s_1115_laughter,"Suggest a type of laughter. Reply with only the name, nothing else.",0.6611,<long> -> bench,0.525,laughter -> real,0.525,laughter -> real,60,61,0.0,0.322,0.193,60,90,77,0.0,0.193,9.3,giggle,0.3,14,10.9,57.08,0.099,"giggle 10%, cackling 5%","<long> 32%, giggle 7%",0.655,0.38,0.927
r8s_1131_electronic_instrument,"Suggest a type of electronic instrument. Reply with only the name, nothing else.",0.6611,<long> -> bench,0.6333,piano -> real,0.6096,piano -> real,60,61,0.0,0.322,0.193,60,90,28,0.0,0.18,9.1,piano,0.6,5,3.32,9.95,0.256,"piano 37%, guitar 13%","<long> 32%, oscilloscope 22%",0.6781,0.289,0.754
r8s_0762_emotional_state,"Suggest a type of emotional state. Reply with only the name, nothing else.",0.6611,<long> -> bench,0.5611,joy -> bench,0.5981,joy -> bench,60,61,0.0,0.322,0.193,60,90,52,0.0,0.193,8.9,euphoria,0.7,5,2.67,29.77,0.157,"euphoria 15%, anxious 5%","<long> 32%, joy 16%",0.6647,0.363,0.555
r8s_0707_cave_formation,"Suggest a type of cave formation. Reply with only the name, nothing else.",0.6611,<long> -> bench,0.55,stalagmite -> real,0.5471,cave -> bench,56,55,0.067,0.389,0.26,60,90,45,0.0,0.253,11.3,stalactite,0.3,11,7.81,18.41,0.225,"stalagmite 20%, cave 17%","<long> 39%, cave 17%",0.6464,0.355,0.786
r8_0939_boxing_punch,"Name a boxing punch. Reply with only the name, nothing else.",0.6611,<long> -> bench,0.6444,jab -> real,0.5943,jab -> real,60,61,0.0,0.322,0.193,60,90,27,0.0,0.18,8.4,hook,0.55,2,1.99,7.17,0.405,"jab 50%, hook 33%","<long> 32%, jab 21%",0.6597,0.221,1.01
r8s_0136_amusement_park_ride,"Suggest a type of amusement park ride. Reply with only the name, nothing else.",0.6611,ferris wheel -> real,0.6611,ferris wheel -> real,0.6077,ferris wheel -> real,60,67,0.0,0.256,0.153,60,90,18,0.0,0.14,8.5,roller coaster,0.5,6,3.69,3.99,0.52,"ferris wheel 63%, roller coaster 25%","ferris wheel 31%, roller coaster 29%",0.6511,0.135,0.76
r8s_1313_laundry_detergent_scen,"Suggest a type of laundry detergent scent. Reply with only the name, nothing else.",0.6611,<long> -> bench,0.5778,ocean breeze -> real,0.5504,lavender -> real,60,61,0.0,0.322,0.193,60,90,32,0.0,0.18,9.2,ocean breeze,0.55,7,4.23,7.79,0.504,"ocean breeze 50%, lavender 15%","ocean breeze 34%, <long> 32%",0.6456,0.244,1.15
r8s_0591_tissue,"Suggest a type of tissue. Reply with only the name, nothing else.",0.6611,<long> -> bench,0.6,cotton -> real,0.6,cotton -> real,60,61,0.0,0.322,0.193,60,90,37,0.0,0.187,9.2,epithelial tissue,0.6,5,3.32,17.67,0.207,"cotton 20%, epithelial 15%","<long> 32%, epithelial 18%",0.6603,0.291,0.843
r8s_0746_musical_note_duration,"Suggest a type of musical note duration. Reply with only the name, nothing else.",0.6611,<long> -> bench,0.5639,quarter -> real,0.5717,whole -> bench,60,61,0.0,0.322,0.193,60,90,17,0.0,0.193,8.0,whole,0.35,7,5.36,5.26,0.421,"quarter 42%, whole 25%","<long> 32%, quarter 29%",0.6475,0.143,0.976
r8s_1209_road_surface,"Suggest a type of road surface. Reply with only the name, nothing else.",0.6611,<long> -> bench,0.6,asphalt -> real,0.5268,asphalt -> bench,60,61,0.0,0.322,0.193,60,90,13,0.0,0.18,8.7,asphalt,0.95,2,1.22,2.66,0.76,"asphalt 73%, concrete 12%","asphalt 53%, <long> 32%",0.6556,0.158,0.768
r8s_0711_synthetic_fibre,"Suggest a type of synthetic fibre. Reply with only the name, nothing else.",0.6611,polyester -> real,0.6611,polyester -> real,0.593,polyester -> real,59,63,0.017,0.3,0.187,60,90,15,0.0,0.18,8.7,nylon,0.5,2,2.0,4.44,0.582,"polyester 67%, nylon 13%","polyester 34%, <long> 30%",0.6583,0.191,0.949
r8_0692_textile_pattern,"Name a textile pattern. Reply with only the name, nothing else.",0.6611,<long> -> bench,0.5833,herringbone -> real,0.6309,stripes -> bench,60,61,0.0,0.322,0.193,60,90,41,0.0,0.187,9.1,stripes,0.55,8,4.54,19.68,0.165,"herringbone 23%, houndstooth 17%","<long> 32%, stripes 20%",0.6811,0.241,0.967
r8s_1213_unit_of_length,"Suggest a type of unit of length. Reply with only the name, nothing else.",0.6611,<long> -> bench,0.6417,meter -> real,0.5307,meter -> real,60,61,0.0,0.322,0.193,60,90,19,0.0,0.18,8.0,meter,0.7,5,2.67,3.81,0.719,"meter 75%, mile 5%","meter 47%, <long> 32%",0.6742,0.232,1.013
r8_0757_dwelling_type,"Name a dwelling type. Reply with only the name, nothing else.",0.6611,<long> -> bench,0.5722,house -> bench,0.6699,house -> bench,60,61,0.0,0.322,0.193,60,90,27,0.0,0.187,8.3,house,0.8,3,1.85,7.43,0.438,"house 27%, apartment 20%","house 41%, <long> 32%",0.6592,0.212,0.852
r8s_1082_nonfiction_genre,"Suggest a nonfiction genre. Reply with only the name, nothing else.",0.6611,<long> -> bench,0.6222,memoir -> real,0.6214,biography -> bench,60,61,0.0,0.322,0.193,60,90,20,0.0,0.18,8.5,biography,0.6,4,2.63,7.89,0.306,"memoir 27%, nonfiction 20%","<long> 32%, biography 29%",0.6342,0.234,1.08
r8s_1075_edible_substance,"Suggest a type of edible substance. Reply with only the name, nothing else.",0.6611,<long> -> bench,0.6028,chocolate -> real,0.6357,apple -> bench,60,61,0.0,0.322,0.193,60,90,24,0.0,0.18,8.1,apple,0.9,3,1.48,5.72,0.587,"apple 45%, chocolate 22%","apple 49%, <long> 32%",0.6542,0.231,1.307
r8_0969_camera_shot,"Name a camera shot. Reply with only the name, nothing else.",0.6611,<long> -> bench,0.5944,low angle -> real,0.5918,low angle -> real,60,61,0.0,0.322,0.193,60,90,28,0.0,0.18,8.8,close-up,0.75,6,2.62,9.21,0.446,"close-up 37%, low angle 20%","close-up 36%, <long> 32%",0.6564,0.233,1.005
r8s_1063_accessory,"Suggest a type of accessory. Reply with only the name, nothing else.",0.6611,<long> -> bench,0.5889,sunglasses -> real,0.5982,headphones -> bench,60,61,0.0,0.322,0.193,60,90,67,0.0,0.18,8.6,sunglasses,0.25,11,9.21,38.75,0.157,"sunglasses 23%, none 3%","<long> 32%, headphones 14%",0.6428,0.485,0.704
r8s_0399_prey,"Suggest a type of prey. Reply with only the name, nothing else.",0.6611,<long> -> bench,0.5417,zebra -> bench,0.5813,zebra -> bench,60,61,0.0,0.322,0.193,60,90,73,0.0,0.18,8.7,zebra,0.35,10,7.47,49.37,0.165,"zebra 8%, lion 5%","<long> 32%, zebra 17%",0.6508,0.476,0.979
r8s_0383_gemstone_color,"Suggest a type of gemstone color. Reply with only the name, nothing else.",0.6611,<long> -> bench,0.575,sapphire -> real,0.5671,sapphire -> real,60,61,0.0,0.322,0.193,60,90,19,0.0,0.193,8.5,emerald,0.65,6,3.29,7.28,0.339,"emerald 33%, ruby 18%","<long> 32%, emerald 23%",0.6592,0.209,0.976
r8s_1827_musician,"Suggest a type of musician. Reply with only the name, nothing else.",0.6611,<long> -> bench,0.5889,jazz -> real,0.5891,jazz musician -> bench,60,61,0.0,0.322,0.193,60,90,45,0.0,0.187,9.2,jazz musician,0.3,12,8.85,17.16,0.223,"jazz 27%, classical 13%","<long> 32%, jazz musician 21%",0.6492,0.255,0.656
r8s_1544_track_and_field_event,"Suggest a type of track and field event. Reply with only the name, nothing else.",0.6611,<long> -> bench,0.55,100-meter sprint -> real,0.5572,100 meter sprint -> bench,60,61,0.0,0.322,0.193,60,90,34,0.0,0.193,10.1,100-meter dash,0.35,5,3.95,20.32,0.174,"100-meter sprint 20%, 110-meter hurdles 10%","<long> 32%, 100-meter sprint 10%",0.6381,0.213,1.085
r8s_1708_leather_item,"Suggest a type of leather item. Reply with only the name, nothing else.",0.6611,<long> -> bench,0.5222,belt -> real,0.5314,leather jacket -> bench,60,61,0.0,0.322,0.193,60,90,48,0.0,0.173,9.1,leather wallet,0.35,9,6.68,19.73,0.256,"belt 23%, leather jacket 17%","<long> 32%, belt 19%",0.6575,0.292,0.963
r8s_1691_alcohol,"Suggest a type of alcohol. Reply with only the name, nothing else.",0.6611,whiskey -> real,0.6611,whiskey -> real,0.6505,whiskey -> real,60,61,0.0,0.322,0.193,60,90,30,0.0,0.193,8.9,whiskey,0.55,6,3.58,13.27,0.215,"whiskey 37%, wine 13%","<long> 32%, ethanol 20%",0.6933,0.184,1.302
r8s_1598_weave,"Suggest a type of weave. Reply with only the name, nothing else.",0.6611,<long> -> bench,0.5778,twill -> bench,0.6544,twill -> bench,60,61,0.0,0.322,0.193,60,90,74,0.0,0.187,9.0,twill,0.55,8,4.66,32.08,0.322,"twill 17%, plain weave 8%","<long> 32%, twill 32%",0.6367,0.489,0.819
r8s_0659_kombucha,"Suggest a type of kombucha. Reply with only the name, nothing else.",0.6611,<long> -> bench,0.5472,honey ginger -> bench,0.5736,honey ginger -> bench,60,61,0.0,0.322,0.193,60,90,93,0.0,0.18,9.2,lemon ginger,0.15,18,16.96,75.39,0.091,"ginger 5%, honey 3%","<long> 32%, honey ginger 11%",0.6608,0.414,0.916
r8s_1282_bread_shape,"Suggest a type of bread shape. Reply with only the name, nothing else.",0.6611,<long> -> bench,0.6,baguette -> real,0.5668,sourdough -> real,60,61,0.0,0.322,0.193,60,90,28,0.0,0.173,9.2,baguette,0.6,9,4.5,6.15,0.595,"baguette 60%, sourdough 15%","baguette 40%, <long> 32%",0.6556,0.276,0.859
r8s_0578_bedding_item,"Suggest a type of bedding item. Reply with only the name, nothing else.",0.6611,<long> -> bench,0.5639,comforter -> real,0.5571,pillow -> bench,60,61,0.0,0.322,0.193,60,90,47,0.0,0.18,9.1,duvet,0.25,11,8.82,24.85,0.174,"comforter 22%, mattress 10%","<long> 32%, pillow 10%",0.6475,0.306,0.781
r8s_1938_grain_crop,"Suggest a type of grain crop. Reply with only the name, nothing else.",0.6611,<long> -> bench,0.625,wheat -> real,0.5141,wheat -> real,60,61,0.0,0.322,0.193,60,90,13,0.0,0.173,8.3,wheat,1.0,1,1.0,2.83,0.702,"wheat 72%, corn 20%","wheat 47%, <long> 32%",0.6522,0.1,0.913
r8s_1881_deep_sea_creature,"Suggest a type of deep sea creature. Reply with only the name, nothing else.",0.6611,<long> -> bench,0.5417,vampire squid -> real,0.5652,giant isopod -> bench,60,61,0.0,0.322,0.193,60,90,43,0.0,0.18,9.8,giant squid,0.3,8,6.54,18.87,0.231,"giant squid 20%, squid 12%","<long> 32%, giant squid 18%",0.6464,0.322,0.779
r8_0095_soil_type,"Name a soil type. Reply with only the name, nothing else.",0.6611,<long> -> bench,0.5417,sandy loam -> real,0.5626,clay -> bench,60,61,0.0,0.322,0.193,60,90,25,0.0,0.18,8.8,clay,0.7,4,2.49,8.48,0.43,"clay 37%, loam 15%","clay 33%, <long> 32%",0.6531,0.122,0.97
r8s_1855_food_group,"Suggest a type of food group. Reply with only the name, nothing else.",0.6611,<long> -> bench,0.6333,vegetables -> real,0.6292,fruits -> bench,60,61,0.0,0.322,0.193,60,90,16,0.0,0.193,8.9,vegetables,0.55,4,2.71,6.24,0.364,"vegetables 37%, fruits 23%","fruits 33%, <long> 32%",0.665,0.17,1.136
r8s_1516_leather,"Suggest a type of leather. Reply with only the name, nothing else.",0.6611,<long> -> bench,0.5667,full-grain -> real,0.5224,cowhide -> bench,60,61,0.0,0.322,0.193,60,90,22,0.0,0.187,9.1,full-grain,0.5,6,3.69,7.39,0.355,"full-grain 37%, cowhide 27%","<long> 32%, full-grain 23%",0.6703,0.205,0.942
r8s_1474_pencil,"Suggest a type of pencil. Reply with only the name, nothing else.",0.6611,<long> -> bench,0.5944,mechanical pencil -> real,0.6063,hb -> bench,60,61,0.0,0.322,0.193,60,90,55,0.0,0.187,9.3,hb,0.3,13,9.91,27.03,0.149,"mechanical pencil 23%, mechanical 15%","<long> 32%, hb 17%",0.6625,0.247,0.82
r8s_1875_flower_bulb,"Suggest a type of flower bulb. Reply with only the name, nothing else.",0.6611,<long> -> bench,0.6361,tulip -> real,0.5167,tulips -> real,60,61,0.0,0.322,0.193,60,90,12,0.0,0.18,9.3,tulip,0.65,3,2.21,2.02,0.851,"tulip 85%, daffodil 7%","tulip 58%, <long> 32%",0.6828,0.109,0.892
r8s_1920_gymnastics_event,"Suggest a type of gymnastics event. Reply with only the name, nothing else.",0.6611,<long> -> bench,0.65,rhythmic gymnastics -> real,0.7288,trampoline -> bench,60,61,0.0,0.322,0.193,60,90,29,0.0,0.187,10.1,floor exercise,0.5,6,4.06,9.66,0.314,"rhythmic gymnastics 37%, artistic gymnastics 25%","trampoline 37%, <long> 32%",0.6744,0.208,0.979
r8s_1961_type_of_sports_team,"Suggest a type of type of sports team. Reply with only the name, nothing else.",0.6611,<long> -> bench,0.5778,football -> real,0.5977,football team -> bench,60,61,0.0,0.322,0.193,60,90,46,0.0,0.193,9.1,football,0.2,12,10.17,20.08,0.182,"football 20%, soccer team 12%","<long> 32%, football team 19%",0.6592,0.365,0.773
r8s_1761_gym_equipment,"Suggest a type of gym equipment. Reply with only the name, nothing else.",0.6611,<long> -> bench,0.6056,treadmill -> real,0.5423,treadmill -> bench,60,61,0.0,0.322,0.193,60,90,8,0.0,0.193,9.5,treadmill,1.0,1,1.0,1.75,0.876,"treadmill 83%, elliptical 8%","treadmill 62%, <long> 32%",0.6803,0.117,0.969
r8s_1011_part_of_a_cell,"Suggest a type of part of a cell. Reply with only the name, nothing else.",0.6611,nucleus -> real,0.6611,nucleus -> real,0.6098,nucleus -> real,59,64,0.017,0.289,0.18,60,90,38,0.0,0.167,8.9,nucleus,0.9,2,1.38,10.41,0.496,"nucleus 60%, mitochondria 7%","<long> 29%, nucleus 28%",0.6653,0.333,0.838
r8_1589_lightning,"Name a type of lightning. Reply with only the name, nothing else.",0.6611,<long> -> bench,0.55,lightning -> real,0.55,lightning -> real,60,61,0.0,0.322,0.193,60,90,67,0.0,0.18,8.7,cloud-to-ground,0.5,10,5.9,44.62,0.091,"lightning 10%, bolt 8%","<long> 32%, strike 8%",0.6267,0.398,0.756
r8_1568_cloud_cover,"Name a cloud cover. Reply with only the name, nothing else.",0.6611,<long> -> bench,0.5861,cumulus -> real,0.5597,cumulus -> real,60,61,0.0,0.322,0.193,60,90,37,0.0,0.187,9.0,stratus,0.5,4,2.75,14.16,0.24,"cumulus 28%, stratus 23%","<long> 32%, stratus 17%",0.6561,0.246,0.783
r8_0569_pea,"Name a pea. Reply with only the name, nothing else.",0.6611,<long> -> bench,0.6167,pea -> real,0.5454,pea -> real,60,61,0.0,0.322,0.193,60,90,44,0.0,0.187,9.1,garden pea,0.25,13,10.14,11.78,0.488,"pea 53%, peanut 10%","<long> 32%, pea 30%",0.6589,0.269,0.892
r8s_1518_greek_letter,"Suggest a type of greek letter. Reply with only the name, nothing else.",0.6611,<long> -> bench,0.5583,delta -> real,0.596,alpha -> bench,60,61,0.0,0.322,0.193,60,90,24,0.0,0.18,7.8,alpha,0.7,5,2.67,8.53,0.38,"alpha 28%, delta 22%","<long> 32%, alpha 32%",0.6528,0.222,0.901
r8_1140_home_decor,"Name a home decor. Reply with only the name, nothing else.",0.6611,<long> -> bench,0.5583,mid-century modern -> real,0.5603,mid-century modern -> real,58,58,0.033,0.356,0.227,60,90,64,0.0,0.2,9.7,vase,0.25,11,8.98,38.83,0.129,"lamp 13%, mid-century modern 12%","<long> 36%, vase 12%",0.6539,0.421,1.164
r8s_0255_grass,"Suggest a type of grass. Reply with only the name, nothing else.",0.6611,<long> -> bench,0.6194,fescue -> real,0.5899,bermuda grass -> bench,60,61,0.0,0.322,0.193,60,90,32,0.0,0.187,9.6,bermuda grass,0.55,6,3.95,9.42,0.463,"fescue 52%, bermuda 10%","<long> 32%, fescue 28%",0.6425,0.243,0.928
r8_0402_body_fluid,"Name a body fluid. Reply with only the name, nothing else.",0.6611,<long> -> bench,0.6556,blood -> real,0.5473,blood -> real,60,61,0.0,0.322,0.193,60,90,13,0.0,0.18,7.9,blood,0.95,2,1.22,2.9,0.719,"blood 77%, saliva 13%","blood 46%, <long> 32%",0.6756,0.103,0.77
r8s_0367_unit_of_distance,"Suggest a type of unit of distance. Reply with only the name, nothing else.",0.6611,<long> -> bench,0.6444,mile -> real,0.6339,mile -> real,60,61,0.0,0.322,0.193,60,90,22,0.0,0.187,8.3,meter,0.45,3,2.85,5.82,0.496,"meter 37%, mile 33%","meter 42%, <long> 32%",0.6503,0.222,0.942
r8s_0457_vocal_range,"Suggest a type of vocal range. Reply with only the name, nothing else.",0.6611,<long> -> bench,0.6167,tenor -> real,0.6008,tenor -> real,60,61,0.0,0.322,0.193,60,90,25,0.0,0.18,8.7,soprano,0.5,5,3.45,8.58,0.281,"tenor 30%, soprano 22%","<long> 32%, soprano 23%",0.6494,0.176,0.835
r8s_0301_butter,"Suggest a type of butter. Reply with only the name, nothing else.",0.6611,<long> -> bench,0.5778,unsalted -> real,0.5593,unsalted -> real,60,61,0.0,0.322,0.193,60,90,31,0.0,0.187,9.6,salted butter,0.35,9,6.68,10.43,0.264,"salted butter 25%, unsalted 23%","<long> 32%, salted butter 19%",0.6517,0.188,0.803
r8s_0352_country,"Suggest a type of country. Reply with only the name, nothing else.",0.6611,<long> -> bench,0.55,united states -> real,0.5421,united states -> real,60,61,0.0,0.322,0.193,60,90,66,0.0,0.187,8.4,monarchy,0.15,16,14.77,50.1,0.091,"united states 13%, country 8%","<long> 32%, european country 3%",0.63,0.488,0.63
r8s_1738_kitchen_gadget,"Suggest a type of kitchen gadget. Reply with only the name, nothing else.",0.6583,<long> -> bench,0.5778,blender -> real,0.5764,blender -> real,59,60,0.017,0.333,0.207,60,90,40,0.0,0.193,9.4,air fryer,0.15,13,11.68,19.06,0.16,"blender 17%, air fryer 17%","<long> 33%, food processor 13%",0.6522,0.383,0.95
r8_0313_storm_type,"Name a storm type. Reply with only the name, nothing else.",0.6583,<long> -> bench,0.5806,tornado -> real,0.5339,tropical storm -> real,59,60,0.017,0.333,0.207,60,90,27,0.0,0.173,9.0,tornado,0.5,5,3.45,7.64,0.529,"tornado 52%, tropical storm 7%","tornado 36%, <long> 33%",0.6617,0.333,0.801
r8s_0378_number,"Suggest a type of number. Reply with only the name, nothing else.",0.6583,<long> -> bench,0.6361,integer -> real,0.6167,real number -> bench,59,60,0.017,0.333,0.207,60,90,33,0.0,0.2,8.4,integer,0.3,5,4.69,9.19,0.487,"integer 55%, prime 7%","<long> 33%, integer 28%",0.6481,0.26,0.655
r8_0080_comet,"Name a comet. Reply with only the name, nothing else.",0.6583,<long> -> bench,0.575,hale-bopp -> real,0.5556,halley -> bench,59,60,0.017,0.333,0.207,60,90,33,0.0,0.2,10.0,halley,0.65,4,2.67,8.84,0.378,"hale-bopp 32%, halley 32%","<long> 33%, halley 29%",0.6542,0.181,0.711
r8_0403_ceremony,"Name a ceremony. Reply with only the name, nothing else.",0.6583,<long> -> bench,0.5472,wedding -> bench,0.6404,wedding -> bench,57,57,0.05,0.367,0.24,60,90,63,0.0,0.187,9.6,wedding,0.6,5,3.01,21.86,0.404,"wedding 25%, <long> 5%","<long> 37%, wedding 34%",0.6811,0.434,0.583
r8_0361_concert_hall,"Name a concert hall. Reply with only the name, nothing else.",0.6583,<long> -> bench,0.6278,sydney opera house -> real,0.6273,sydney opera house -> real,59,60,0.017,0.333,0.207,60,90,50,0.0,0.187,10.4,carnegie hall,0.7,7,3.15,20.44,0.252,"sydney opera house 27%, carnegie hall 27%","<long> 33%, carnegie hall 16%",0.6636,0.271,0.841
r8s_0270_hot_beverage,"Suggest a type of hot beverage. Reply with only the name, nothing else.",0.6583,<long> -> bench,0.5528,tea -> real,0.5989,hot chocolate -> bench,59,60,0.017,0.333,0.207,60,90,30,0.0,0.2,9.1,chai latte,0.25,14,11.64,14.48,0.235,"tea 15%, latte 15%","<long> 33%, hot chocolate 22%",0.6103,0.169,1.087
r8s_0344_coastal_feature,"Suggest a type of coastal feature. Reply with only the name, nothing else.",0.6583,<long> -> bench,0.5889,cliff -> real,0.585,cliff -> real,59,60,0.017,0.333,0.207,60,90,38,0.0,0.2,9.1,coral reef,0.25,7,6.0,20.41,0.193,"cliff 20%, dune 18%","<long> 33%, dune 13%",0.6453,0.229,0.902
r8_1122_melodic_motion,"Name a melodic motion. Reply with only the name, nothing else.",0.6583,<long> -> bench,0.5972,portamento -> real,0.5855,portamento -> real,59,60,0.017,0.333,0.207,60,90,73,0.0,0.193,9.2,leap,0.2,12,10.44,44.39,0.168,"portamento 25%, legato 12%","<long> 33%, leap 8%",0.6519,0.534,1.021
r8s_0327_whale,"Suggest a type of whale. Reply with only the name, nothing else.",0.6583,<long> -> bench,0.5611,blue whale -> real,0.5249,baleen whale -> bench,59,60,0.017,0.333,0.207,60,90,28,0.0,0.187,8.8,blue whale,0.85,3,1.68,8.46,0.496,"blue whale 47%, blue 8%","blue whale 34%, <long> 33%",0.6586,0.132,0.778
r8_1597_goblin,"Name a goblin. Reply with only the name, nothing else.",0.6583,<long> -> bench,0.55,smaug -> bench,0.575,smaug -> bench,59,60,0.017,0.333,0.207,60,90,90,0.0,0.207,10.0,glimmer,0.15,17,15.83,67.12,0.101,"goblin 7%, glimmer 5%","<long> 33%, smaug 10%",0.6542,0.3,0.89
r8s_1446_garden_item,"Suggest a type of garden item. Reply with only the name, nothing else.",0.6583,<long> -> bench,0.6167,garden hose -> bench,0.6831,garden hose -> bench,59,60,0.017,0.333,0.207,60,90,56,0.0,0.193,9.3,garden gnome,0.2,11,9.09,28.63,0.218,"tomato 13%, rose 7%","<long> 33%, garden hose 27%",0.6594,0.345,0.732
r8s_1158_barbecue,"Suggest a type of barbecue. Reply with only the name, nothing else.",0.6583,<long> -> bench,0.6111,bbq ribs -> real,0.6023,bbq ribs -> real,59,60,0.017,0.333,0.207,60,90,31,0.0,0.193,9.4,bbq,0.55,9,4.99,8.8,0.429,"bbq 47%, bbq ribs 27%","<long> 33%, bbq 26%",0.6839,0.25,0.906
r8_1741_iron,"Name an iron. Reply with only the name, nothing else.",0.6583,<long> -> bench,0.5528,iron -> real,0.5424,iron man -> real,59,60,0.017,0.333,0.207,60,90,71,0.0,0.187,8.6,iron,0.35,14,10.12,30.78,0.319,"iron 32%, iron man 8%","<long> 33%, iron 21%",0.6583,0.481,0.624
r8_1747_placemat,"Name a placemat. Reply with only the name, nothing else.",0.6583,<long> -> bench,0.5167,place mat -> bench,0.525,place mat -> bench,59,60,0.017,0.333,0.207,60,90,101,0.0,0.193,9.5,placemat,0.4,13,8.71,83.7,0.092,"placemat 7%, linen 5%","<long> 33%, placemat 8%",0.6553,0.622,0.659
r8_1712_laboratory_glassware,"Name a type of laboratory glassware. Reply with only the name, nothing else.",0.6583,beaker -> real,0.6583,beaker -> real,0.5611,beaker -> real,60,67,0.0,0.256,0.153,60,90,14,0.0,0.147,7.8,beaker,0.65,4,2.67,2.3,0.819,"beaker 88%, erlenmeyer flask 10%","beaker 57%, <long> 26%",0.6547,0.094,0.754
r8s_1739_racket,"Suggest a type of racket. Reply with only the name, nothing else.",0.6583,<long> -> bench,0.5472,table tennis racket -> bench,0.5749,table tennis racket -> bench,59,60,0.017,0.333,0.207,60,90,54,0.0,0.173,9.3,tennis racket,0.35,13,9.44,21.94,0.286,"tennis racket 22%, tennis 8%","<long> 33%, tennis racket 23%",0.6544,0.339,0.682
r8s_1917_clergy,"Suggest a type of clergy. Reply with only the name, nothing else.",0.6583,<long> -> bench,0.6194,bishop -> real,0.69,priest -> bench,59,60,0.017,0.333,0.207,60,90,27,0.0,0.2,9.1,priest,0.5,7,4.23,7.44,0.395,"bishop 38%, priest 20%","priest 39%, <long> 33%",0.6514,0.241,0.874
r8s_1823_hot_sauce,"Suggest a type of hot sauce. Reply with only the name, nothing else.",0.6583,<long> -> bench,0.5639,ghost pepper -> real,0.5982,tabasco -> bench,59,60,0.017,0.333,0.207,60,90,40,0.0,0.193,9.3,tabasco,0.5,10,5.9,14.27,0.319,"ghost pepper 22%, tabasco 22%","<long> 33%, tabasco 28%",0.6372,0.323,1.028
r8_0513_lentil,"Name a lentil. Reply with only the name, nothing else.",0.6583,<long> -> bench,0.5444,lentils -> real,0.5826,lentil -> bench,59,60,0.017,0.333,0.207,60,90,58,0.0,0.187,9.7,green lentils,0.3,8,6.37,31.57,0.168,"lentils 10%, lentil 8%","<long> 33%, lentil 17%",0.67,0.394,0.912
r8s_1539_sports_team,"Suggest a type of sports team. Reply with only the name, nothing else.",0.6583,<long> -> bench,0.5472,football -> real,0.5662,lakers -> bench,59,60,0.017,0.333,0.207,60,90,59,0.0,0.187,9.1,red sox,0.1,18,17.41,34.88,0.151,"football 12%, football team 8%","<long> 33%, football team 14%",0.6486,0.399,0.708
r8s_1584_academic_degree,"Suggest a type of academic degree. Reply with only the name, nothing else.",0.6583,<long> -> bench,0.5528,computer science -> bench,0.5832,computer science -> bench,59,60,0.017,0.333,0.207,60,90,32,0.0,0.18,9.2,bachelor of science,0.2,8,7.38,17.01,0.151,"phd 13%, bachelor of science 13%","<long> 33%, bachelor of arts 13%",0.6381,0.156,0.974
r8_0546_puzzle,"Name a puzzle. Reply with only the name, nothing else.",0.6583,sudoku -> real,0.6583,sudoku -> real,0.6457,sudoku -> real,59,61,0.017,0.322,0.2,60,90,69,0.0,0.18,9.9,sudoku,0.45,11,6.94,36.85,0.242,"sudoku 38%, riddle 5%","<long> 32%, sudoku 7%",0.6947,0.214,0.866
r8_0521_demon,"Name a demon. Reply with only the name, nothing else.",0.6583,<long> -> bench,0.5639,asmodeus -> real,0.5702,lilith -> bench,57,57,0.05,0.367,0.24,60,90,37,0.0,0.227,10.6,asmodeus,0.25,10,8.23,16.25,0.281,"satan 25%, asmodeus 15%","<long> 37%, satan 19%",0.655,0.266,1.007
r8_0979_sink,"Name a sink. Reply with only the name, nothing else.",0.6583,<long> -> bench,0.6333,kitchen sink -> real,0.6114,kitchen sink -> real,59,60,0.017,0.333,0.207,60,90,64,0.0,0.193,8.9,kitchen sink,0.8,4,2.03,28.42,0.261,"kitchen sink 37%, sink 7%","<long> 33%, sink 13%",0.6572,0.405,0.8
r8_1283_hinge,"Name a hinge. Reply with only the name, nothing else.",0.6583,<long> -> bench,0.5194,hinge -> real,0.5351,butterfly -> bench,57,57,0.05,0.367,0.24,60,90,75,0.0,0.22,10.5,door,0.1,18,17.41,46.6,0.167,"hinge 15%, <long> 5%","<long> 37%, hinge 11%",0.6592,0.473,0.617
r8_1295_theater,"Name a theater. Reply with only the name, nothing else.",0.6583,<long> -> bench,0.5306,royal shakespeare company -> bench,0.5526,royal shakespeare company -> bench,57,57,0.05,0.367,0.24,60,90,81,0.0,0.213,10.4,broadway,0.25,11,9.21,62.2,0.07,"broadway 7%, lyceum 7%","<long> 37%, royal shakespeare company 8%",0.6531,0.278,0.877
r8_1279_amplifier,"Name an amplifier. Reply with only the name, nothing else.",0.6583,<long> -> bench,0.5833,op-amp -> bench,0.625,op-amp -> bench,59,60,0.017,0.333,0.207,60,90,83,0.0,0.193,9.7,op-amp,0.2,12,9.74,57.96,0.126,"fender 12%, bose 3%","<long> 33%, op-amp 17%",0.6586,0.412,1.501
r8_1249_reef_feature,"Name a type of reef feature. Reply with only the name, nothing else.",0.6583,<long> -> bench,0.5889,reef flat -> real,0.6487,coral atoll -> bench,59,60,0.017,0.333,0.207,60,90,36,0.0,0.2,9.8,coral atoll,0.45,8,5.26,12.85,0.303,"reef flat 27%, coral atoll 15%","<long> 33%, coral atoll 30%",0.6628,0.17,0.983
r8s_0171_scientific_instrument,"Suggest a type of scientific instrument. Reply with only the name, nothing else.",0.6583,<long> -> bench,0.6278,telescope -> real,0.579,telescope -> real,59,60,0.017,0.333,0.207,60,90,30,0.0,0.193,9.2,telescope,0.65,4,2.52,9.29,0.395,"telescope 47%, microscope 17%","<long> 33%, telescope 21%",0.6617,0.198,0.894
r8s_0649_dance,"Suggest a type of dance. Reply with only the name, nothing else.",0.6583,<long> -> bench,0.5611,salsa -> real,0.5595,salsa -> real,59,60,0.017,0.333,0.207,60,90,45,0.0,0.2,9.1,ballet,0.55,7,4.23,13.86,0.429,"ballet 38%, salsa 13%","<long> 33%, ballet 31%",0.6406,0.28,0.912
r8s_0570_school,"Suggest a type of school. Reply with only the name, nothing else.",0.6583,<long> -> bench,0.5361,public school -> bench,0.5582,public school -> bench,59,60,0.017,0.333,0.207,60,90,45,0.0,0.187,8.8,montessori school,0.3,9,7.01,23.56,0.176,"university 15%, high school 8%","<long> 33%, university 13%",0.6514,0.364,0.81
r8_0280_moss,"Name a type of moss. Reply with only the name, nothing else.",0.6583,<long> -> bench,0.575,reindeer moss -> real,0.6053,sphagnum -> bench,57,57,0.05,0.367,0.24,60,90,30,0.0,0.233,11.0,sphagnum moss,0.35,8,5.74,8.27,0.368,"sphagnum 25%, moss 22%","<long> 37%, sphagnum 30%",0.6406,0.225,1.085
r8_1447_family_relationship,"Name a family relationship. Reply with only the name, nothing else.",0.6583,<long> -> bench,0.5611,mother -> real,0.5492,sibling -> bench,59,60,0.017,0.333,0.207,60,90,20,0.0,0.193,8.4,mother,0.4,6,4.31,7.42,0.412,"mother 40%, sister 12%","<long> 33%, mother 28%",0.6572,0.188,0.787
r8_1454_mushroom_color,"Name a mushroom color. Reply with only the name, nothing else.",0.6583,brown -> bench,0.6583,brown -> bench,0.7108,brown -> bench,59,74,0.017,0.178,0.113,60,90,24,0.0,0.113,5.7,white,0.6,3,2.28,6.18,0.421,"red 37%, brown 18%","brown 50%, <long> 18%",0.6511,0.189,0.969
r8_0275_glacier,"Name a glacier. Reply with only the name, nothing else.",0.6583,<long> -> bench,0.5694,everest -> real,0.5747,everest glacier -> bench,59,60,0.017,0.333,0.207,60,90,86,0.0,0.193,9.6,everest,0.35,10,7.47,62.58,0.109,"everest 15%, baffin 3%","<long> 33%, everest glacier 12%",0.6683,0.392,0.64
r8_1925_economic_term,"Name an economic term. Reply with only the name, nothing else.",0.6583,opportunity cost -> real,0.6583,opportunity cost -> real,0.6455,opportunity cost -> real,60,65,0.0,0.278,0.167,60,90,23,0.0,0.167,8.2,inflation,0.9,2,1.38,5.69,0.512,"inflation 40%, opportunity cost 38%","inflation 44%, <long> 28%",0.6719,0.222,1.226
r8s_0556_bedroom_item,"Suggest a type of bedroom item. Reply with only the name, nothing else.",0.6583,<long> -> bench,0.5444,bedsheet -> bench,0.5667,bedsheet -> bench,59,60,0.017,0.333,0.207,60,90,45,0.0,0.207,9.3,bedside table,0.3,15,11.68,26.1,0.126,"bedside table 15%, bed 7%","<long> 33%, bedspread 10%",0.6581,0.284,0.75
r8s_0541_crime,"Suggest a type of crime. Reply with only the name, nothing else.",0.6583,<long> -> bench,0.5444,murder -> real,0.5468,murder -> real,53,51,0.117,0.433,0.307,60,90,39,0.0,0.233,11.7,robbery,0.25,10,8.02,20.06,0.173,"theft 15%, burglary 13%","<long> 43%, burglary 11%",0.6506,0.284,0.638
r8s_0535_stove,"Suggest a type of stove. Reply with only the name, nothing else.",0.6583,<long> -> bench,0.6111,induction -> real,0.5781,induction -> real,59,60,0.017,0.333,0.207,60,90,27,0.0,0.187,9.1,induction stove,0.35,8,5.52,8.82,0.311,"induction 37%, induction stove 23%","<long> 33%, induction stove 26%",0.6564,0.185,0.888
r8_0926_body_system,"Name a body system. Reply with only the name, nothing else.",0.6583,<long> -> bench,0.5806,cardiovascular system -> real,0.5685,cardiovascular system -> real,59,60,0.017,0.333,0.207,60,90,43,0.0,0.173,9.7,cardiovascular system,0.3,7,6.1,21.57,0.218,"circulatory system 22%, cardiovascular system 22%","<long> 33%, circulatory system 14%",0.6597,0.269,0.925
r8_1885_stained_glass,"Name a type of stained glass. Reply with only the name, nothing else.",0.6583,<long> -> bench,0.5333,lunette -> real,0.5417,leaded light -> bench,59,60,0.017,0.333,0.207,60,90,83,0.0,0.18,9.5,leaded glass,0.25,16,13.37,64.97,0.059,"lunette 7%, cobalt 7%","<long> 33%, leaded light 6%",0.6386,0.325,0.867
r8_1842_size,"Name a size. Reply with only the name, nothing else.",0.6583,<long> -> bench,0.6,small -> real,0.5695,small -> real,59,60,0.017,0.333,0.207,60,90,40,0.0,0.187,8.4,large,0.4,5,3.74,15.08,0.269,"small 33%, large 22%","<long> 33%, large 14%",0.6419,0.372,1.006
r8_1479_road_type,"Name a road type. Reply with only the name, nothing else.",0.6583,<long> -> bench,0.5778,highway -> real,0.5513,paved -> real,59,60,0.017,0.333,0.207,60,90,25,0.0,0.193,8.8,highway,0.65,8,3.78,5.78,0.597,"highway 57%, paved 15%","highway 41%, <long> 33%",0.6817,0.182,0.765
r8_1900_insulator,"Name an insulator. Reply with only the name, nothing else.",0.6583,<long> -> bench,0.6444,rubber -> real,0.6362,rubber -> real,59,60,0.017,0.333,0.207,60,90,46,0.0,0.207,9.0,rubber,0.55,3,2.33,20.25,0.235,"rubber 33%, glass 12%","<long> 33%, glass 23%",0.6639,0.359,0.821
r8s_0205_kitchen_appliance,"Suggest a type of kitchen appliance. Reply with only the name, nothing else.",0.6583,<long> -> bench,0.575,air fryer -> real,0.5763,air fryer -> real,59,60,0.017,0.333,0.207,60,90,18,0.0,0.193,8.9,blender,0.3,6,4.91,5.43,0.563,"blender 50%, air fryer 15%","blender 41%, <long> 33%",0.6503,0.276,1.003
r8s_0100_brass_instrument,"Suggest a type of brass instrument. Reply with only the name, nothing else.",0.6583,trumpet -> real,0.6583,trumpet -> real,0.5831,trumpet -> real,60,62,0.0,0.311,0.187,60,90,13,0.0,0.18,8.7,trumpet,0.9,2,1.38,4.02,0.566,"trumpet 65%, trombone 13%","trumpet 33%, <long> 31%",0.6589,0.119,0.845
r8_1294_treatment,"Name a type of treatment. Reply with only the name, nothing else.",0.6583,<long> -> bench,0.5417,antibiotics -> real,0.5414,psychotherapy -> bench,59,60,0.017,0.333,0.207,60,90,44,0.0,0.2,9.5,chemotherapy,0.5,8,5.0,19.74,0.218,"chemotherapy 20%, antibiotics 15%","<long> 33%, chemotherapy 16%",0.6603,0.301,0.817
r8s_0054_mythological_creature,"Suggest a type of mythological creature. Reply with only the name, nothing else.",0.6583,<long> -> bench,0.5361,griffin -> real,0.548,unicorn -> bench,59,60,0.017,0.333,0.207,60,90,28,0.0,0.2,9.0,griffin,0.3,10,7.51,9.39,0.303,"griffin 28%, unicorn 23%","<long> 33%, unicorn 22%",0.6472,0.247,0.909
r8s_0797_athlete,"Suggest a type of athlete. Reply with only the name, nothing else.",0.6583,<long> -> bench,0.5556,runner -> bench,0.5914,runner -> bench,59,60,0.017,0.333,0.207,60,90,45,0.0,0.193,9.0,marathon runner,0.3,13,9.91,18.18,0.294,"swimmer 27%, marathon runner 12%","<long> 33%, swimmer 21%",0.6542,0.424,0.788
r8_0859_narrative_technique,"Name a narrative technique. Reply with only the name, nothing else.",0.6583,<long> -> bench,0.6222,stream of consciousness -> real,0.5223,stream of consciousness -> real,59,60,0.017,0.333,0.207,60,90,33,0.0,0.193,9.7,stream of consciousness,0.35,6,4.68,5.9,0.655,"stream of consciousness 67%, free indirect discourse 3%","stream of consciousness 42%, <long> 33%",0.6547,0.255,0.892
r8_0981_lava,"Name a lava. Reply with only the name, nothing else.",0.6583,<long> -> bench,0.6306,kilauea -> real,0.6228,kilauea -> real,57,57,0.05,0.367,0.24,60,90,49,0.0,0.227,10.6,basalt,0.45,12,7.44,22.34,0.211,"kilauea 32%, lava 8%","<long> 37%, lava 12%",0.6717,0.267,0.797
r8_1005_metronome,"Name a metronome. Reply with only the name, nothing else.",0.6583,metronome -> real,0.6583,metronome -> real,0.6467,metronome -> real,57,62,0.05,0.311,0.207,60,90,75,0.0,0.2,9.8,metronome,0.6,9,4.5,36.25,0.286,"metronome 42%, tic-tac-toe 7%","<long> 31%, metronome 10%",0.6908,0.41,0.815
r8_1001_spider,"Name a spider. Reply with only the name, nothing else.",0.6583,tarantula -> real,0.6583,tarantula -> real,0.5993,tarantula -> real,59,63,0.017,0.3,0.187,60,90,28,0.0,0.187,9.2,black widow,0.5,4,2.75,6.33,0.525,"tarantula 62%, black widow 12%","<long> 30%, tarantula 30%",0.6553,0.204,0.895
r8_0661_flower_petal_count,"Name a flower petal count. Reply with only the name, nothing else.",0.6583,<long> -> bench,0.5278,sunflower -> real,0.5401,rose -> bench,59,60,0.017,0.333,0.207,60,90,55,0.0,0.193,9.0,rose,0.15,14,12.52,28.55,0.227,"rose 18%, five 12%","<long> 33%, rose 18%",0.6447,0.456,0.82
r8_0637_beaker,"Name a beaker. Reply with only the name, nothing else.",0.6583,<long> -> bench,0.5722,erlenmeyer flask -> real,0.5816,beaker -> bench,59,60,0.017,0.333,0.207,60,90,53,0.0,0.2,9.9,erlenmeyer flask,0.35,9,6.32,19.58,0.286,"erlenmeyer flask 23%, beaker 20%","<long> 33%, beaker 24%",0.6447,0.333,0.775
r8s_1398_timepiece,"Suggest a type of timepiece. Reply with only the name, nothing else.",0.6583,<long> -> bench,0.5639,smartwatch -> real,0.5496,watch -> bench,59,60,0.017,0.333,0.207,60,90,40,0.0,0.193,8.9,chronograph,0.5,8,4.79,18.91,0.218,"smartwatch 25%, chronometer 8%","<long> 33%, smartwatch 12%",0.6489,0.383,0.782
r8_0641_gallery,"Name a type of gallery. Reply with only the name, nothing else.",0.6583,<long> -> bench,0.6083,museum -> real,0.5895,art gallery -> bench,59,60,0.017,0.333,0.207,60,90,39,0.0,0.173,8.7,art gallery,0.5,4,2.75,10.51,0.345,"museum 35%, art gallery 25%","<long> 33%, art gallery 29%",0.6542,0.263,0.753
r8s_1416_mailing_item,"Suggest a type of mailing item. Reply with only the name, nothing else.",0.6583,<long> -> bench,0.5833,newsletter -> real,0.6246,envelope -> bench,59,60,0.017,0.333,0.207,60,90,49,0.0,0.167,8.4,postcard,0.35,9,6.79,24.33,0.176,"newsletter 17%, postcard 15%","<long> 33%, envelope 20%",0.6408,0.42,0.751
r8s_0273_eyewear,"Suggest a type of eyewear. Reply with only the name, nothing else.",0.6583,<long> -> bench,0.575,aviators -> real,0.6058,sunglasses -> bench,59,60,0.017,0.333,0.207,60,90,36,0.0,0.187,9.6,aviators,0.3,8,6.37,12.1,0.412,"sunglasses 30%, aviators 18%","sunglasses 34%, <long> 33%",0.6531,0.334,1.055
r8_1167_pad,"Name a pad. Reply with only the name, nothing else.",0.6583,<long> -> bench,0.525,none -> real,0.5322,pad -> bench,59,60,0.017,0.333,0.207,60,90,94,0.0,0.2,9.2,microsoft,0.05,20,20.0,64.95,0.168,"pad 13%, none 5%","<long> 33%, pad 13%",0.6578,0.48,0.588
r8s_0235_crop,"Suggest a type of crop. Reply with only the name, nothing else.",0.6583,<long> -> bench,0.6083,corn -> real,0.6555,wheat -> bench,59,60,0.017,0.333,0.207,60,90,28,0.0,0.193,8.6,corn,0.5,3,2.57,6.48,0.496,"wheat 33%, corn 32%","wheat 43%, <long> 33%",0.6364,0.271,0.574
r8_1740_plate_type,"Name a plate type. Reply with only the name, nothing else.",0.6583,<long> -> bench,0.5722,plate -> real,0.5681,plate -> real,59,60,0.017,0.333,0.207,60,90,86,0.0,0.18,9.0,melamine,0.1,18,17.41,65.54,0.101,"plate 17%, steak 7%","<long> 33%, ceramic 4%",0.6486,0.556,1.166
r8s_1550_financial_institution,"Suggest a type of financial institution. Reply with only the name, nothing else.",0.6583,<long> -> bench,0.6222,credit union -> real,0.6189,credit union -> real,59,60,0.017,0.333,0.207,60,90,30,0.0,0.18,8.6,credit union,0.45,8,4.98,8.2,0.42,"bank 30%, credit union 27%","bank 36%, <long> 33%",0.6408,0.248,0.989
r8s_1549_spirit,"Suggest a type of spirit. Reply with only the name, nothing else.",0.6583,<long> -> bench,0.5389,whiskey -> bench,0.5986,whiskey -> bench,59,60,0.017,0.333,0.207,60,90,47,0.0,0.193,9.0,whiskey,0.5,6,4.06,18.63,0.269,"whiskey 17%, vodka 13%","<long> 33%, whiskey 24%",0.6378,0.321,0.78
r8s_1523_cheese_used_on_pizza,"Suggest a type of cheese used on pizza. Reply with only the name, nothing else.",0.6583,mozzarella -> real,0.6583,mozzarella -> real,0.5085,pizza -> real,59,60,0.017,0.333,0.207,60,90,7,0.0,0.2,10.4,mozzarella,1.0,1,1.0,1.27,0.958,"mozzarella 95%, pizza 2%","mozzarella 63%, <long> 33%",0.6633,0.089,0.916
r8_1557_paper_type,"Name a paper type. Reply with only the name, nothing else.",0.6583,<long> -> bench,0.5667,bond -> real,0.5517,bond -> real,59,60,0.017,0.333,0.207,60,90,58,0.0,0.2,8.6,copy paper,0.45,5,3.51,31.84,0.151,"bond 20%, bond paper 13%","<long> 33%, bond paper 11%",0.6464,0.369,0.663
r8_1761_gym_equipment,"Name a type of gym equipment. Reply with only the name, nothing else.",0.6583,treadmill -> real,0.6583,treadmill -> real,0.5226,treadmill -> real,60,63,0.0,0.3,0.18,60,90,5,0.0,0.18,9.0,treadmill,1.0,1,1.0,1.38,0.927,"treadmill 95%, dumbbell 3%","treadmill 63%, <long> 30%",0.6842,0.086,0.903
r8_1530_level,"Name a level. Reply with only the name, nothing else.",0.6583,<long> -> bench,0.5778,level 1 -> real,0.5523,level 1 -> real,59,60,0.017,0.333,0.207,60,90,74,0.0,0.193,9.2,level 1,0.65,8,3.78,43.51,0.218,"level 1 27%, critical 3%","<long> 33%, level 1 11%",0.6472,0.461,0.61
r8_0536_rapper,"Name a rapper. Reply with only the name, nothing else.",0.6583,<long> -> bench,0.6167,kendrick lamar -> real,0.6106,kendrick lamar -> real,59,60,0.017,0.333,0.207,60,90,31,0.0,0.2,9.9,eminem,0.3,8,5.92,12.71,0.319,"eminem 28%, kendrick lamar 27%","<long> 33%, eminem 23%",0.6614,0.235,0.937
r8_0553_weather_instrument,"Name a type of weather instrument. Reply with only the name, nothing else.",0.6583,barometer -> real,0.6583,barometer -> real,0.587,barometer -> real,60,71,0.0,0.211,0.127,60,90,8,0.0,0.107,6.9,barometer,0.95,2,1.22,2.23,0.756,"barometer 85%, anemometer 8%","barometer 53%, <long> 21%",0.6567,0.209,0.813
r8s_0480_month,"Suggest a type of month. Reply with only the name, nothing else.",0.6583,<long> -> bench,0.5583,january -> real,0.5982,february -> bench,59,60,0.017,0.333,0.207,60,90,19,0.0,0.207,8.3,february,0.3,12,9.49,8.09,0.319,"january 28%, february 22%","<long> 33%, february 28%",0.6572,0.32,0.802
r8_0960_seal,"Name a seal. Reply with only the name, nothing else.",0.6583,<long> -> bench,0.5167,charlie -> real,0.525,leopard seal -> bench,59,60,0.017,0.333,0.207,60,90,91,0.0,0.18,9.1,harbor seal,0.25,12,9.62,66.56,0.143,"seal 13%, blob 3%","<long> 33%, seal 10%",0.6489,0.461,0.751
r8_0865_furniture_style,"Name a furniture style. Reply with only the name, nothing else.",0.6583,mid-century modern -> real,0.6583,mid-century modern -> real,0.6327,mid-century modern -> real,60,65,0.0,0.278,0.167,60,90,26,0.0,0.167,8.7,mid-century modern,0.4,6,4.31,9.59,0.312,"mid-century modern 45%, art deco 23%","<long> 28%, art deco 20%",0.6719,0.299,1.192
r8_0883_handbag_style,"Name a handbag style. Reply with only the name, nothing else.",0.6583,<long> -> bench,0.575,tote -> real,0.5332,hobo -> bench,59,60,0.017,0.333,0.207,60,90,39,0.0,0.193,9.2,tote,0.55,3,2.53,11.46,0.37,"tote 38%, tote bag 23%","<long> 33%, tote 23%",0.6489,0.209,1.215
r8s_0921_taste_sensation,"Suggest a type of taste sensation. Reply with only the name, nothing else.",0.6583,<long> -> bench,0.6139,umami -> real,0.5702,umami -> real,59,60,0.017,0.333,0.207,60,90,30,0.0,0.187,8.8,umami,0.4,6,4.75,9.28,0.353,"umami 42%, salty 15%","<long> 33%, umami 19%",0.6761,0.224,0.872
r8s_0988_financial_document,"Suggest a type of financial document. Reply with only the name, nothing else.",0.6583,<long> -> bench,0.5472,balance sheet -> real,0.5984,invoice -> bench,59,60,0.017,0.333,0.207,60,90,43,0.0,0.187,8.8,balance sheet,0.65,7,3.52,14.66,0.286,"balance sheet 25%, invoice 18%","<long> 33%, invoice 26%",0.6536,0.286,0.742
r8s_0945_visual_element,"Suggest a type of visual element. Reply with only the name, nothing else.",0.6583,<long> -> bench,0.5278,pie chart -> bench,0.5739,infographic -> bench,59,60,0.017,0.333,0.207,60,90,64,0.0,0.153,8.3,gradient,0.25,12,9.46,33.64,0.21,"infographic 13%, bar chart 5%","<long> 33%, infographic 19%",0.6653,0.492,0.374
r8s_0056_literary_genre,"Suggest a literary genre. Reply with only the name, nothing else.",0.6583,<long> -> bench,0.55,science fiction -> real,0.5583,fantasy -> bench,59,60,0.017,0.333,0.207,60,90,26,0.0,0.187,9.2,science fiction,0.25,9,7.81,9.44,0.387,"science fiction 37%, cyberpunk 15%","<long> 33%, science fiction 27%",0.6639,0.282,0.774
r8s_0067_individual_sport,"Suggest a type of individual sport. Reply with only the name, nothing else.",0.6583,<long> -> bench,0.5722,tennis -> real,0.5653,swimming -> bench,59,60,0.017,0.333,0.207,60,90,17,0.0,0.207,9.0,tennis,0.45,7,4.64,5.87,0.437,"tennis 43%, swimming 17%","<long> 33%, tennis 29%",0.6519,0.183,0.787
r8s_0869_airport,"Suggest a type of airport. Reply with only the name, nothing else.",0.6583,international -> real,0.6583,international -> real,0.6056,international -> real,60,62,0.0,0.311,0.187,60,90,37,0.0,0.187,8.2,international,0.25,11,8.82,11.68,0.443,"international 55%, international airport 10%","<long> 31%, international 23%",0.6514,0.296,0.839
r8_0466_pottery,"Name a type of pottery. Reply with only the name, nothing else.",0.6583,<long> -> bench,0.5639,stoneware -> real,0.5351,stoneware -> real,57,57,0.05,0.367,0.24,60,90,55,0.0,0.233,10.7,stoneware,0.55,9,4.99,23.79,0.228,"stoneware 25%, pottery 18%","<long> 37%, stoneware 12%",0.6619,0.245,1.064
r8s_0951_stage_equipment,"Suggest a type of stage equipment. Reply with only the name, nothing else.",0.6583,<long> -> bench,0.5167,podium -> real,0.5394,spotlight -> bench,59,60,0.017,0.333,0.207,60,90,52,0.0,0.193,9.0,spotlight,0.45,5,3.69,19.62,0.311,"spotlight 27%, microphone 15%","<long> 33%, spotlight 23%",0.6444,0.335,0.806
r8_1626_washer,"Name a washer. Reply with only the name, nothing else.",0.6583,<long> -> bench,0.5611,whirlpool -> real,0.5702,washer -> bench,57,57,0.05,0.367,0.24,60,90,53,0.0,0.227,10.4,washing machine,0.25,13,10.14,21.14,0.228,"washing machine 23%, whirlpool 13%","<long> 37%, washer 18%",0.6583,0.368,1.275
r8_1665_hair_tie,"Name a hair tie. Reply with only the name, nothing else.",0.6583,<long> -> bench,0.6556,scrunchie -> real,0.7083,hair tie -> bench,59,60,0.017,0.333,0.207,60,90,38,0.0,0.193,9.7,scrunchie,0.25,11,8.82,9.88,0.437,"scrunchie 53%, spandex 3%","<long> 33%, hair tie 28%",0.6761,0.291,1.102
r8s_1695_talent,"Suggest a type of talent. Reply with only the name, nothing else.",0.6583,<long> -> bench,0.5611,musician -> bench,0.5997,musician -> bench,59,60,0.017,0.333,0.207,60,90,78,0.0,0.187,9.0,acting,0.25,15,12.48,53.02,0.134,"software engineer 7%, public speaking 7%","<long> 33%, musician 16%",0.6633,0.466,0.595
r8_1606_crab,"Name a crab. Reply with only the name, nothing else.",0.6583,<long> -> bench,0.5639,blue crab -> real,0.55,blue -> bench,59,60,0.017,0.333,0.207,60,90,51,0.0,0.187,9.0,blue crab,0.7,6,2.94,24.72,0.218,"blue crab 25%, king crab 8%","<long> 33%, blue crab 12%",0.6567,0.307,0.769
r8_1666_gift,"Name a gift. Reply with only the name, nothing else.",0.6583,<long> -> bench,0.5333,gift card -> real,0.5719,book -> bench,59,60,0.017,0.333,0.207,60,90,56,0.0,0.193,8.7,book,0.6,8,4.2,17.17,0.445,"book 37%, gift card 7%","book 34%, <long> 33%",0.6658,0.307,0.929
r8_0324_cured_meat,"Name a cured meat. Reply with only the name, nothing else.",0.6583,salami -> real,0.6583,salami -> real,0.622,salami -> real,60,66,0.0,0.267,0.16,60,90,11,0.0,0.133,7.5,bacon,0.45,7,4.99,4.09,0.397,"salami 52%, bacon 38%","bacon 30%, <long> 27%",0.6194,0.234,0.871
r8s_1972_respiratory_part,"Suggest a type of respiratory part. Reply with only the name, nothing else.",0.6583,<long> -> bench,0.5389,lung -> real,0.5254,respirator -> real,59,60,0.017,0.333,0.207,60,90,38,0.0,0.187,9.7,lungs,0.5,4,3.22,21.53,0.151,"lung 17%, trachea 13%","<long> 33%, lung 9%",0.6389,0.349,0.835
r8s_1486_meringue,"Suggest a type of meringue. Reply with only the name, nothing else.",0.6583,<long> -> bench,0.6139,swiss meringue -> real,0.5863,swiss meringue -> real,59,60,0.017,0.333,0.207,60,90,22,0.0,0.207,10.2,italian meringue,0.4,6,3.79,6.53,0.294,"swiss meringue 35%, swiss 28%","<long> 33%, italian meringue 21%",0.6717,0.187,1.02
r8_0087_fuel,"Name a fuel. Reply with only the name, nothing else.",0.6583,<long> -> bench,0.6056,gasoline -> real,0.5859,gasoline -> real,59,60,0.017,0.333,0.207,60,90,39,0.0,0.18,8.6,petrol,0.55,6,3.78,14.69,0.252,"gasoline 30%, petrol 27%","<long> 33%, petrol 16%",0.6625,0.274,0.881
r8s_1762_temperature_extreme,"Suggest a type of temperature extreme. Reply with only the name, nothing else.",0.6556,<long> -> bench,0.55,heatwave -> real,0.5425,heatwave -> real,60,62,0.0,0.311,0.187,60,90,70,0.0,0.18,9.0,heatwave,0.35,13,9.44,44.26,0.131,"heatwave 13%, blizzard 10%","<long> 31%, freezing 11%",0.6583,0.377,0.715
r8_0397_king,"Name a type of king. Reply with only the name, nothing else.",0.6556,<long> -> bench,0.5528,king -> real,0.5323,queen -> bench,60,62,0.0,0.311,0.187,60,90,66,0.0,0.18,8.8,monarch,0.15,16,14.77,32.59,0.23,"king 25%, king arthur 10%","<long> 31%, king 14%",0.6719,0.473,0.735
r8_1805_soup_base,"Name a soup base. Reply with only the name, nothing else.",0.6556,<long> -> bench,0.525,beef broth -> real,0.5844,chicken broth -> bench,60,62,0.0,0.311,0.187,60,90,25,0.0,0.173,8.3,chicken broth,0.6,5,3.01,7.99,0.352,"chicken broth 27%, chicken 23%","<long> 31%, chicken broth 30%",0.6469,0.2,1.064
r8_1565_marker_brand,"Name a marker brand. Reply with only the name, nothing else.",0.6556,<long> -> bench,0.5417,sharpie -> real,0.5242,crayola -> bench,60,62,0.0,0.311,0.187,60,90,81,0.0,0.173,8.6,sharpie,0.85,4,1.8,49.72,0.205,"sharpie 22%, nike 3%","<long> 31%, sharpie 13%",0.6572,0.394,0.787
r8_1541_forest_floor_layer,"Name a forest floor layer. Reply with only the name, nothing else.",0.6556,<long> -> bench,0.5833,forest floor -> real,0.5683,forest floor -> real,60,62,0.0,0.311,0.187,60,90,44,0.0,0.167,8.7,forest floor,0.55,3,2.33,18.08,0.254,"forest floor 23%, litter layer 20%","<long> 31%, litter layer 21%",0.6722,0.207,1.024
r8s_1485_pirate,"Suggest a type of pirate. Reply with only the name, nothing else.",0.6556,<long> -> bench,0.5972,blackbeard -> real,0.5624,blackbeard -> real,58,59,0.033,0.344,0.22,60,90,53,0.0,0.213,10.4,blackbeard,0.4,13,8.71,23.25,0.299,"blackbeard 35%, cutlass 7%","<long> 34%, blackbeard 16%",0.6547,0.249,0.82
r8s_1512_spice_seed,"Suggest a type of spice seed. Reply with only the name, nothing else.",0.6556,<long> -> bench,0.5944,cumin -> real,0.5433,fennel -> real,60,62,0.0,0.311,0.187,60,90,31,0.0,0.187,8.9,cumin,0.7,5,2.74,7.03,0.557,"cumin 57%, fennel 18%","cumin 38%, <long> 31%",0.6511,0.273,0.86
r8_0583_protein,"Name a protein. Reply with only the name, nothing else.",0.6556,<long> -> bench,0.5528,chicken -> real,0.5941,hemoglobin -> bench,60,62,0.0,0.311,0.187,60,90,18,0.0,0.147,8.4,hemoglobin,0.85,2,1.53,3.13,0.762,"hemoglobin 67%, chicken 12%","hemoglobin 59%, <long> 31%",0.6528,0.12,0.641
r8_0571_steak,"Name a steak. Reply with only the name, nothing else.",0.6556,<long> -> bench,0.6056,new york strip -> real,0.5855,new york strip -> real,60,62,0.0,0.311,0.187,60,90,23,0.0,0.18,8.8,ribeye,0.75,6,2.62,7.14,0.402,"ribeye 35%, new york strip 30%","<long> 31%, ribeye 31%",0.6528,0.135,0.92
r8_1757_accordion,"Name an accordion. Reply with only the name, nothing else.",0.6556,<long> -> bench,0.55,accordion -> real,0.5169,diatonic accordion -> bench,58,59,0.033,0.344,0.22,60,90,65,0.0,0.207,9.5,pianoforte,0.15,18,16.96,29.51,0.308,"accordion 30%, <long> 3%","<long> 34%, accordion 20%",0.6464,0.445,0.701
r8_0373_workplace,"Name a workplace. Reply with only the name, nothing else.",0.6556,<long> -> bench,0.5361,microsoft -> real,0.5662,google -> bench,58,59,0.033,0.344,0.22,60,90,70,0.0,0.2,9.3,google,0.65,7,3.52,35.8,0.256,"google 18%, microsoft 8%","<long> 34%, google 21%",0.6747,0.397,0.557
r8s_0405_musical_interval,"Suggest a type of musical interval. Reply with only the name, nothing else.",0.6556,<long> -> bench,0.5861,perfect fifth -> real,0.5669,perfect fourth -> real,60,62,0.0,0.311,0.187,60,90,28,0.0,0.187,8.4,perfect fifth,0.55,5,3.34,9.06,0.426,"perfect fifth 45%, major third 17%","<long> 31%, perfect fifth 28%",0.6717,0.292,1.023
r8s_0402_body_fluid,"Suggest a type of body fluid. Reply with only the name, nothing else.",0.6556,<long> -> bench,0.5639,saliva -> real,0.5177,blood -> bench,60,62,0.0,0.311,0.187,60,90,19,0.0,0.187,8.3,blood,0.75,2,1.75,5.24,0.418,"blood 40%, saliva 35%","<long> 31%, blood 30%",0.6419,0.158,0.715
r8s_0395_board_game_piece,"Suggest a type of board game piece. Reply with only the name, nothing else.",0.6556,<long> -> bench,0.5694,knight -> bench,0.6196,knight -> bench,60,62,0.0,0.311,0.187,60,90,47,0.0,0.187,8.3,chess piece,0.15,18,16.96,21.67,0.205,"chess piece 15%, knight 8%","<long> 31%, knight 22%",0.6686,0.339,0.706
r8_0549_invention,"Name an invention. Reply with only the name, nothing else.",0.6556,<long> -> bench,0.5694,telephone -> real,0.5594,telephone -> real,60,62,0.0,0.311,0.187,60,90,38,0.0,0.18,8.9,lightbulb,0.35,11,7.67,9.44,0.5,"lightbulb 45%, telephone 18%","lightbulb 38%, <long> 31%",0.6589,0.259,1.111
r8s_0451_underground_feature,"Suggest a type of underground feature. Reply with only the name, nothing else.",0.6556,<long> -> bench,0.625,cave -> bench,0.7153,cave -> bench,60,62,0.0,0.311,0.187,60,90,62,0.0,0.18,8.8,cave,0.65,6,3.2,21.67,0.369,"cave 15%, tunnel 15%","cave 40%, <long> 31%",0.6628,0.289,1.074
r8s_0440_towel,"Suggest a type of towel. Reply with only the name, nothing else.",0.6556,<long> -> bench,0.6,microfiber -> real,0.5858,microfiber towel -> bench,60,62,0.0,0.311,0.187,60,90,19,0.0,0.18,9.3,microfiber towel,0.55,5,3.59,7.23,0.27,"bath towel 30%, microfiber 30%","<long> 31%, microfiber towel 24%",0.6464,0.179,0.855
r8s_0429_ecosystem,"Suggest a type of ecosystem. Reply with only the name, nothing else.",0.6556,<long> -> bench,0.5583,tropical rainforest -> bench,0.6258,tropical rainforest -> bench,58,59,0.033,0.344,0.22,60,90,66,0.0,0.22,9.9,tropical rainforest,0.45,4,3.44,32.55,0.282,"tropical rainforest 15%, tundra 8%","<long> 34%, tropical rainforest 27%",0.655,0.466,0.659
r8_1022_dynasty,"Name a dynasty. Reply with only the name, nothing else.",0.6556,<long> -> bench,0.5722,han -> real,0.6005,tang -> bench,60,62,0.0,0.311,0.187,60,90,38,0.0,0.18,8.3,tang,0.2,12,10.44,11.63,0.369,"tang 27%, han 23%","tang 32%, <long> 31%",0.6453,0.168,1.045
r8_1389_type_of_meteorological,"Name a type of meteorological event. Reply with only the name, nothing else.",0.6556,<long> -> bench,0.6139,tornado -> real,0.5261,tornado -> real,60,62,0.0,0.311,0.187,60,90,15,0.0,0.173,8.3,tornado,0.5,3,2.35,4.36,0.59,"tornado 62%, hurricane 17%","tornado 39%, <long> 31%",0.6597,0.257,0.874
r8_0320_classroom_item,"Name a classroom item. Reply with only the name, nothing else.",0.6556,<long> -> bench,0.6083,chalkboard -> real,0.6008,chalkboard -> real,60,62,0.0,0.311,0.187,60,90,21,0.0,0.18,8.3,desk,0.5,3,2.35,8.69,0.238,"desk 28%, chalkboard 25%","<long> 31%, chalk 18%",0.6628,0.207,0.768
r8_0347_shirt_style,"Name a shirt style. Reply with only the name, nothing else.",0.6556,<long> -> bench,0.6056,oversized -> real,0.6005,oversized -> real,60,62,0.0,0.311,0.187,60,90,60,0.0,0.18,8.9,t-shirt,0.65,7,3.52,33.24,0.172,"oversized 23%, t-shirt 13%","<long> 31%, t-shirt 14%",0.6475,0.372,0.885
r8_1410_region,"Name a region. Reply with only the name, nothing else.",0.6556,<long> -> bench,0.6306,north america -> real,0.618,north america -> real,60,62,0.0,0.311,0.187,60,90,52,0.0,0.18,8.3,europe,0.65,5,2.86,22.99,0.197,"north america 32%, europe 15%","<long> 31%, europe 12%",0.6514,0.358,0.688
r8_0344_coastal_feature,"Name a type of coastal feature. Reply with only the name, nothing else.",0.6556,<long> -> bench,0.5694,dune -> real,0.5519,dune -> real,60,62,0.0,0.311,0.187,60,90,41,0.0,0.187,8.5,barrier island,0.35,8,6.23,20.65,0.164,"dune 22%, cliff 15%","<long> 31%, delta 9%",0.6394,0.235,0.908
r8_1387_political_office,"Name a political office. Reply with only the name, nothing else.",0.6556,<long> -> bench,0.625,president -> real,0.5253,governor -> real,60,62,0.0,0.311,0.187,60,90,14,0.0,0.167,7.7,president,0.8,3,1.85,2.06,0.861,"president 85%, governor 7%","president 60%, <long> 31%",0.6653,0.117,0.975
r8s_0030_condiment,"Suggest a type of condiment. Reply with only the name, nothing else.",0.6556,<long> -> bench,0.6417,mustard -> real,0.7366,ketchup -> bench,58,59,0.033,0.344,0.22,60,90,33,0.0,0.2,9.5,ketchup,0.4,10,7.07,10.65,0.325,"mustard 38%, salsa 8%","ketchup 37%, <long> 34%",0.6525,0.212,0.903
r8s_0048_citrus_fruit,"Suggest a type of citrus fruit. Reply with only the name, nothing else.",0.6556,<long> -> bench,0.6306,lemon -> real,0.6105,lemon -> real,60,62,0.0,0.311,0.187,60,90,11,0.0,0.173,7.8,orange,0.5,3,2.35,2.73,0.672,"orange 57%, lemon 35%","orange 53%, <long> 31%",0.6642,0.137,0.979
r8_0878_equestrian_discipline,"Name an equestrian discipline. Reply with only the name, nothing else.",0.6556,<long> -> bench,0.5972,show jumping -> real,0.5323,jumping -> bench,60,62,0.0,0.311,0.187,60,90,26,0.0,0.173,8.7,show jumping,0.7,3,2.23,7.73,0.451,"show jumping 48%, eventing 17%","<long> 31%, show jumping 29%",0.6547,0.362,0.939
r8s_0876_performing_art_venue,"Suggest a type of performing-art venue. Reply with only the name, nothing else.",0.6556,<long> -> bench,0.5472,theatre -> real,0.6067,opera house -> bench,60,62,0.0,0.311,0.187,60,90,35,0.0,0.173,8.5,opera house,0.5,7,4.23,9.23,0.492,"opera house 38%, theatre 12%","opera house 41%, <long> 31%",0.6453,0.256,0.939
r8s_0898_smoothie_ingredient,"Suggest a type of smoothie ingredient. Reply with only the name, nothing else.",0.6556,<long> -> bench,0.5861,banana -> real,0.5417,spinach -> real,60,62,0.0,0.311,0.187,60,90,19,0.0,0.187,8.5,banana,0.55,3,2.33,5.21,0.549,"banana 55%, bananas 20%","banana 38%, <long> 31%",0.6678,0.171,1.136
r8s_0004_amphibian,"Suggest a type of amphibian. Reply with only the name, nothing else.",0.6556,<long> -> bench,0.6417,frog -> real,0.5363,frog -> real,60,62,0.0,0.311,0.187,60,90,26,0.0,0.18,8.5,frog,0.75,6,2.62,4.32,0.713,"frog 75%, newt 5%","frog 47%, <long> 31%",0.6681,0.222,0.902
r8s_0932_cold_dessert,"Suggest a type of cold dessert. Reply with only the name, nothing else.",0.6556,<long> -> bench,0.5472,panna cotta -> real,0.5331,panna cotta -> bench,60,62,0.0,0.311,0.187,60,90,30,0.0,0.18,9.6,panna cotta,0.25,12,9.46,8.62,0.484,"panna cotta 45%, mousse 10%","panna cotta 36%, <long> 31%",0.6583,0.214,0.898
r8_0834_astronomical_instrumen,"Name a type of astronomical instrument. Reply with only the name, nothing else.",0.6556,telescope -> real,0.6556,telescope -> real,0.5495,telescope -> real,60,68,0.0,0.244,0.147,60,90,6,0.0,0.147,7.5,telescope,1.0,1,1.0,1.45,0.914,"telescope 97%, radio telescope 3%","telescope 66%, <long> 24%",0.6828,0.135,0.949
r8_0826_brewery_product,"Name a brewery product. Reply with only the name, nothing else.",0.6556,<long> -> bench,0.5917,guinness -> real,0.5841,guinness -> real,60,62,0.0,0.311,0.187,60,90,60,0.0,0.18,9.3,guinness,0.2,13,10.72,31.5,0.131,"guinness 22%, heineken 8%","<long> 31%, budweiser 13%",0.6369,0.341,1.028
r8_0797_athlete,"Name an athlete. Reply with only the name, nothing else.",0.6556,<long> -> bench,0.5694,serena williams -> bench,0.6347,serena williams -> bench,60,62,0.0,0.311,0.187,60,90,31,0.0,0.187,9.5,usain bolt,0.4,5,3.84,11.77,0.287,"lionel messi 22%, michael jordan 15%","<long> 31%, serena williams 29%",0.6608,0.206,0.949
r8_0838_pant_style,"Name a pant style. Reply with only the name, nothing else.",0.6556,<long> -> bench,0.525,pants -> real,0.5527,jeans -> bench,60,62,0.0,0.311,0.187,60,90,55,0.0,0.167,8.6,jeans,0.7,6,2.94,25.05,0.287,"jeans 23%, pants 12%","<long> 31%, jeans 23%",0.6508,0.447,0.603
r8s_0816_major_ocean,"Suggest a type of major ocean. Reply with only the name, nothing else.",0.6556,<long> -> bench,0.65,pacific -> real,0.5672,pacific -> real,60,62,0.0,0.311,0.187,60,90,6,0.0,0.173,7.9,pacific ocean,0.8,3,1.89,2.42,0.598,"pacific 67%, pacific ocean 32%","pacific 37%, <long> 31%",0.6692,0.119,0.969
r8_1360_lizard,"Name a lizard. Reply with only the name, nothing else.",0.6556,<long> -> bench,0.5417,iguana -> real,0.5487,iguana -> bench,60,62,0.0,0.311,0.187,60,90,34,0.0,0.187,9.0,iguana,0.5,6,3.95,8.2,0.533,"iguana 48%, gecko 10%","iguana 40%, <long> 31%",0.6611,0.291,0.929
r8s_0069_dairy_product,"Suggest a type of dairy product. Reply with only the name, nothing else.",0.6556,<long> -> bench,0.5722,yogurt -> real,0.6306,milk -> bench,60,62,0.0,0.311,0.187,60,90,21,0.0,0.173,8.4,cheese,0.5,6,3.69,5.86,0.533,"milk 40%, yogurt 17%","milk 46%, <long> 31%",0.6569,0.177,1.039
r8s_0066_sea_creature,"Suggest a type of sea creature. Reply with only the name, nothing else.",0.6556,<long> -> bench,0.5472,whale -> real,0.5422,blue whale -> real,60,62,0.0,0.311,0.187,60,90,31,0.0,0.18,8.7,blue whale,0.3,9,7.01,11.56,0.344,"octopus 33%, whale 15%","<long> 31%, octopus 24%",0.6383,0.296,0.859
r8s_0074_cooking_oil,"Suggest a type of cooking oil. Reply with only the name, nothing else.",0.6556,<long> -> bench,0.65,olive oil -> real,0.5522,olive oil -> real,60,62,0.0,0.311,0.187,60,90,22,0.0,0.18,9.4,olive oil,0.85,3,1.68,4.54,0.68,"olive oil 73%, olive 3%","olive oil 43%, <long> 31%",0.6694,0.207,0.852
r8s_0937_funeral_item,"Suggest a type of funeral item. Reply with only the name, nothing else.",0.6556,<long> -> bench,0.5417,cremation urn -> real,0.6167,casket -> bench,60,62,0.0,0.311,0.187,60,90,41,0.0,0.14,8.6,memorial urn,0.1,17,16.25,12.9,0.385,"casket 27%, urn 8%","casket 34%, <long> 31%",0.6808,0.369,0.821
r8s_0878_equestrian_discipline,"Suggest a type of equestrian discipline. Reply with only the name, nothing else.",0.6556,<long> -> bench,0.5694,eventing -> real,0.5444,eventing -> real,60,62,0.0,0.311,0.187,60,90,26,0.0,0.18,8.9,show jumping,0.9,3,1.48,8.16,0.41,"show jumping 38%, eventing 25%","<long> 31%, show jumping 30%",0.6597,0.349,0.924
r8_0814_faucet,"Name a faucet. Reply with only the name, nothing else.",0.6556,<long> -> bench,0.5167,brita -> real,0.553,faucet -> bench,60,62,0.0,0.311,0.187,60,90,81,0.0,0.173,9.2,kitchen faucet,0.25,14,11.34,40.99,0.27,"faucet 22%, kitchen faucet 5%","<long> 31%, faucet 22%",0.6547,0.483,0.583
r8_0739_tableware_item,"Name a tableware item. Reply with only the name, nothing else.",0.6556,<long> -> bench,0.5444,mug -> real,0.572,plate -> bench,60,62,0.0,0.311,0.187,60,90,26,0.0,0.167,7.7,plate,0.95,2,1.22,5.38,0.607,"plate 53%, mug 17%","plate 47%, <long> 31%",0.6481,0.178,0.985
r8s_1176_lake_color,"Suggest a type of lake color. Reply with only the name, nothing else.",0.6556,<long> -> bench,0.6056,azure -> real,0.6019,turquoise -> bench,60,62,0.0,0.311,0.187,60,90,34,0.0,0.173,8.2,turquoise,0.4,10,6.89,10.89,0.287,"azure 30%, emerald 18%","<long> 31%, turquoise 27%",0.6381,0.29,0.976
r8s_1190_comb,"Suggest a type of comb. Reply with only the name, nothing else.",0.6556,<long> -> bench,0.5111,pony -> bench,0.5161,pony -> bench,60,62,0.0,0.311,0.187,60,90,105,0.0,0.18,8.7,denman,0.15,16,14.38,91.44,0.066,"detangler 5%, comb 3%","<long> 31%, detangler 6%",0.6417,0.585,0.487
r8s_1029_nail_product,"Suggest a type of nail product. Reply with only the name, nothing else.",0.6556,<long> -> bench,0.5583,nail polish -> real,0.5358,nail polish -> real,60,62,0.0,0.311,0.187,60,90,72,0.0,0.18,9.7,gel polish,0.45,10,6.31,38.45,0.18,"nail polish 22%, polish 12%","<long> 31%, nail polish 10%",0.6533,0.399,0.812
r8s_0111_writing_instrument,"Suggest a type of writing instrument. Reply with only the name, nothing else.",0.6556,<long> -> bench,0.5806,fountain pen -> real,0.5755,fountain pen -> real,60,62,0.0,0.311,0.187,60,90,25,0.0,0.187,8.4,pen,0.4,5,4.02,7.52,0.41,"pen 33%, fountain pen 18%","pen 33%, <long> 31%",0.6492,0.169,1.042
r8s_0151_flower,"Suggest a type of flower. Reply with only the name, nothing else.",0.6556,<long> -> bench,0.5444,tulip -> real,0.6032,rose -> bench,60,62,0.0,0.311,0.187,60,90,15,0.0,0.173,8.0,rose,1.0,1,1.0,3.24,0.705,"rose 60%, tulip 13%","rose 56%, <long> 31%",0.6494,0.176,0.953
r8_0273_eyewear,"Name a type of eyewear. Reply with only the name, nothing else.",0.6556,sunglasses -> real,0.6556,sunglasses -> real,0.6343,sunglasses -> real,59,68,0.017,0.244,0.153,60,90,13,0.0,0.153,8.1,sunglasses,0.8,2,1.65,3.38,0.535,"sunglasses 47%, glasses 40%","glasses 49%, <long> 24%",0.7053,0.099,0.964
r8_0175_paper_product,"Name a paper product. Reply with only the name, nothing else.",0.6556,<long> -> bench,0.525,newspaper -> bench,0.5401,newspaper -> bench,60,62,0.0,0.311,0.187,60,90,74,0.0,0.16,8.3,paper,0.45,8,4.98,47.87,0.172,"paper 15%, moleskine 3%","<long> 31%, paper 13%",0.6542,0.372,0.707
r8s_0119_juice,"Suggest a type of juice. Reply with only the name, nothing else.",0.6556,<long> -> bench,0.5806,orange -> real,0.5659,orange juice -> bench,60,62,0.0,0.311,0.187,60,90,30,0.0,0.187,8.3,orange juice,0.75,5,2.45,7.07,0.484,"orange juice 42%, orange 28%","orange juice 38%, <long> 31%",0.6467,0.22,0.942
r8_0222_wallet,"Name a wallet. Reply with only the name, nothing else.",0.6556,<long> -> bench,0.5639,metamask -> real,0.5443,metamask -> real,58,59,0.033,0.344,0.22,60,90,62,0.0,0.213,9.2,metamask,0.65,8,3.78,33.01,0.179,"metamask 22%, bitcoin 13%","<long> 34%, bitcoin 10%",0.6497,0.387,0.518
r8_0412_flour,"Name a flour. Reply with only the name, nothing else.",0.6556,<long> -> bench,0.5861,wheat -> real,0.5801,wheat flour -> bench,60,62,0.0,0.311,0.187,60,90,26,0.0,0.167,8.4,wheat flour,0.7,5,2.67,7.57,0.344,"wheat 38%, flour 32%","<long> 31%, wheat 21%",0.6561,0.158,1.138
r8s_0888_navigational_instrumen,"Suggest a type of navigational instrument. Reply with only the name, nothing else.",0.6556,<long> -> bench,0.55,compass -> real,0.5403,compass -> bench,60,62,0.0,0.311,0.187,60,90,19,0.0,0.187,8.7,compass,0.6,4,2.89,4.88,0.541,"compass 50%, astrolabe 23%","compass 40%, <long> 31%",0.6472,0.206,0.791
r8s_0109_alloy,"Suggest a type of alloy. Reply with only the name, nothing else.",0.6556,<long> -> bench,0.5917,titanium -> real,0.5841,titanium -> real,60,62,0.0,0.311,0.187,60,90,35,0.0,0.173,8.5,steel,0.6,3,2.59,10.84,0.402,"steel 33%, titanium 22%","steel 32%, <long> 31%",0.6422,0.345,1.128
r8_0277_musical_tempo,"Name a musical tempo. Reply with only the name, nothing else.",0.6556,<long> -> bench,0.6111,adagio -> real,0.6242,allegro -> bench,60,62,0.0,0.311,0.187,60,90,15,0.0,0.173,8.9,allegro,0.6,3,2.28,4.9,0.426,"adagio 37%, allegro 30%","allegro 38%, <long> 31%",0.6617,0.149,0.952
r8_1301_game_fish,"Name a game fish. Reply with only the name, nothing else.",0.6556,<long> -> bench,0.5806,marlin -> real,0.5755,marlin -> real,60,62,0.0,0.311,0.187,60,90,43,0.0,0.18,8.7,tuna,0.65,5,2.99,16.28,0.27,"tuna 27%, marlin 18%","<long> 31%, tuna 19%",0.6433,0.283,0.624
r8s_0065_room_in_a_house,"Suggest a type of room in a house. Reply with only the name, nothing else.",0.6556,<long> -> bench,0.6222,living room -> real,0.6306,kitchen -> bench,60,62,0.0,0.311,0.187,60,90,15,0.0,0.167,7.9,living room,0.25,6,5.14,4.38,0.533,"kitchen 40%, living room 33%","kitchen 46%, <long> 31%",0.6572,0.194,0.831
r8s_0041_precious_metal,"Suggest a type of precious metal. Reply with only the name, nothing else.",0.6556,<long> -> bench,0.6528,gold -> real,0.5148,gold -> real,60,62,0.0,0.311,0.187,60,90,10,0.0,0.16,7.5,gold,1.0,1,1.0,1.65,0.902,"gold 92%, platinum 3%","gold 61%, <long> 31%",0.6836,0.06,0.922
r8s_0062_liquid,"Suggest a type of liquid. Reply with only the name, nothing else.",0.6556,<long> -> bench,0.5889,water -> real,0.5441,water -> bench,60,62,0.0,0.311,0.187,60,90,20,0.0,0.167,7.7,water,1.0,1,1.0,2.74,0.811,"water 77%, liquid 3%","water 59%, <long> 31%",0.6639,0.165,0.785
r8s_1002_noble_gas,"Suggest a type of noble gas. Reply with only the name, nothing else.",0.6556,<long> -> bench,0.6306,helium -> real,0.5341,neon -> real,60,62,0.0,0.311,0.187,60,90,6,0.0,0.18,8.5,helium,0.9,2,1.38,1.78,0.852,"helium 85%, neon 12%","helium 59%, <long> 31%",0.6489,0.162,0.921
r8_0625_wilderness,"Name a type of wilderness. Reply with only the name, nothing else.",0.6556,<long> -> bench,0.5694,tundra -> real,0.5806,national forest -> bench,60,62,0.0,0.311,0.187,60,90,40,0.0,0.173,8.3,forest,0.35,6,4.93,19.19,0.189,"forest 17%, tundra 15%","<long> 31%, forest 14%",0.6531,0.287,1.144
r8_0611_photography_style,"Name a photography style. Reply with only the name, nothing else.",0.6556,<long> -> bench,0.5361,street photography -> real,0.536,black and white -> bench,60,62,0.0,0.311,0.187,60,90,44,0.0,0.173,8.8,street photography,0.65,6,3.2,16.57,0.303,"black and white 27%, street photography 18%","<long> 31%, black and white 23%",0.6558,0.262,1.088
r8_0629_deodorant,"Name a deodorant. Reply with only the name, nothing else.",0.6556,<long> -> bench,0.5361,dove -> real,0.525,neutrogena -> real,60,62,0.0,0.311,0.187,60,90,54,0.0,0.18,9.1,dove,0.4,11,7.38,20.52,0.336,"dove 32%, cetaphil 12%","<long> 31%, dove 24%",0.6422,0.306,0.991
r8_0635_battery,"Name a type of battery. Reply with only the name, nothing else.",0.6556,lithium-ion -> real,0.6556,lithium-ion -> real,0.5423,lithium-ion -> real,60,65,0.0,0.278,0.167,60,90,13,0.0,0.147,9.6,lithium-ion,0.5,5,3.79,2.05,0.856,"lithium-ion 90%, lead-acid 5%","lithium-ion 59%, <long> 28%",0.6636,0.127,0.89
r8_0603_eclipse_type,"Name an eclipse type. Reply with only the name, nothing else.",0.6556,<long> -> bench,0.5667,total -> real,0.5645,solar eclipse -> bench,60,62,0.0,0.311,0.187,60,90,69,0.0,0.167,8.4,solar eclipse,0.8,3,1.89,37.98,0.148,"total 17%, total eclipse 15%","<long> 31%, total eclipse 10%",0.6603,0.379,0.599
r8_0615_gift_wrap_pattern,"Name a gift wrap pattern. Reply with only the name, nothing else.",0.6556,<long> -> bench,0.6306,polka dot -> real,0.603,polka dot -> real,60,62,0.0,0.311,0.187,60,90,55,0.0,0.173,8.9,polka dot,0.25,13,10.86,24.94,0.279,"polka dot 38%, damask 10%","<long> 31%, polka dot 12%",0.6497,0.391,1.119
r8_0614_election_feature,"Name a type of election feature. Reply with only the name, nothing else.",0.6556,<long> -> bench,0.5333,voting -> real,0.5589,primaries -> bench,58,59,0.033,0.344,0.22,60,90,60,0.0,0.2,9.5,primaries,0.25,12,9.46,37.46,0.111,"voting 10%, ranked-choice voting 8%","<long> 34%, primaries 11%",0.6586,0.363,0.964
r8_0604_texture,"Name a type of texture. Reply with only the name, nothing else.",0.6556,<long> -> bench,0.6028,granite -> real,0.6003,granite -> real,60,62,0.0,0.311,0.187,60,90,52,0.0,0.18,8.4,rough,0.5,5,3.2,27.54,0.164,"granite 22%, rough 15%","<long> 31%, rough 12%",0.6444,0.337,1.023
r8s_1467_toothpaste_flavor,"Suggest a type of toothpaste flavor. Reply with only the name, nothing else.",0.6556,<long> -> bench,0.625,mint -> real,0.5473,peppermint -> bench,60,62,0.0,0.311,0.187,60,90,22,0.0,0.16,8.6,mint,0.7,6,2.94,3.9,0.697,"mint 72%, peppermint 7%","mint 47%, <long> 31%",0.6653,0.183,0.794
r8s_1427_grape_wine,"Suggest a type of grape wine. Reply with only the name, nothing else.",0.6556,<long> -> bench,0.65,cabernet sauvignon -> real,0.5296,cabernet sauvignon -> real,60,62,0.0,0.311,0.187,60,90,12,0.0,0.187,9.8,cabernet sauvignon,0.8,3,1.85,2.3,0.803,"cabernet sauvignon 83%, pinot noir 12%","cabernet sauvignon 53%, <long> 31%",0.6536,0.188,0.969
r8s_0215_soap,"Suggest a type of soap. Reply with only the name, nothing else.",0.6556,<long> -> bench,0.5333,coconut -> real,0.5424,soap -> bench,58,59,0.033,0.344,0.22,60,90,56,0.0,0.207,9.8,castile soap,0.7,7,3.15,26.53,0.265,"castile soap 23%, castile 10%","<long> 34%, castile soap 19%",0.6647,0.362,0.644
r8s_0243_phase_of_the_moon,"Suggest a type of phase of the moon. Reply with only the name, nothing else.",0.6556,<long> -> bench,0.6278,full moon -> real,0.6177,full moon -> real,60,62,0.0,0.311,0.187,60,90,21,0.0,0.18,9.4,waxing crescent,0.35,7,5.66,10.56,0.18,"full moon 30%, waxing gibbous 17%","<long> 31%, new moon 16%",0.645,0.155,0.793
r8s_0257_feeling,"Suggest a type of feeling. Reply with only the name, nothing else.",0.6556,<long> -> bench,0.5889,joy -> bench,0.6366,joy -> bench,60,62,0.0,0.311,0.187,60,90,52,0.0,0.187,8.7,joy,0.2,12,10.0,28.07,0.172,"nostalgia 13%, melancholy 10%","<long> 31%, joy 21%",0.6619,0.393,0.716
r8s_0263_musical_term,"Suggest a type of musical term. Reply with only the name, nothing else.",0.6556,<long> -> bench,0.5417,fugue -> real,0.5417,fugue -> real,60,62,0.0,0.311,0.187,60,90,71,0.0,0.187,8.9,adagio,0.4,7,5.22,39.93,0.205,"adagio 18%, crescendo 10%","<long> 31%, adagio 16%",0.6514,0.537,0.749
r8_0612_currency_symbol,"Name a currency symbol. Reply with only the name, nothing else.",0.6556,<long> -> bench,0.575,dollar sign -> real,0.5594,$ -> bench,60,62,0.0,0.311,0.187,60,90,18,0.0,0.147,7.4,dollar sign,0.3,7,5.52,5.74,0.377,"$ 32%, dollar 27%","<long> 31%, $ 30%",0.6639,0.146,0.936
r8_0563_biome,"Name a biome. Reply with only the name, nothing else.",0.6556,<long> -> bench,0.5667,tundra -> real,0.6091,tropical rainforest -> bench,58,59,0.033,0.344,0.22,60,90,48,0.0,0.193,9.6,tundra,0.6,4,2.63,18.45,0.239,"tundra 27%, biome 12%","<long> 34%, tropical rainforest 22%",0.6497,0.328,0.568
r8s_0485_film_genre,"Suggest a film genre. Reply with only the name, nothing else.",0.6556,<long> -> bench,0.5444,action -> real,0.5546,science fiction -> bench,60,62,0.0,0.311,0.187,60,90,22,0.0,0.173,8.4,sci-fi,0.6,4,2.81,7.42,0.393,"sci-fi 37%, action 20%","<long> 31%, sci-fi 29%",0.6583,0.205,0.822
r8_1213_unit_of_length,"Name an unit of length. Reply with only the name, nothing else.",0.6556,<long> -> bench,0.6472,meter -> real,0.5161,millimeter -> bench,60,62,0.0,0.311,0.187,60,90,13,0.0,0.18,7.7,meter,0.95,2,1.22,2.0,0.869,"meter 88%, mile 3%","meter 59%, <long> 31%",0.7222,0.114,1.057
r8_1183_diet,"Name a diet. Reply with only the name, nothing else.",0.6556,<long> -> bench,0.6083,mediterranean diet -> real,0.6008,mediterranean diet -> real,60,62,0.0,0.311,0.187,60,90,17,0.0,0.187,9.2,keto,0.4,9,6.16,7.47,0.377,"keto 43%, mediterranean diet 25%","<long> 31%, keto 22%",0.6594,0.241,1.037
r8s_0204_map,"Suggest a type of map. Reply with only the name, nothing else.",0.6556,<long> -> bench,0.6083,political map -> bench,0.6761,political map -> bench,60,62,0.0,0.311,0.187,60,90,46,0.0,0.16,8.3,topographic map,0.5,7,4.23,18.19,0.262,"hashmap 18%, political map 8%","<long> 31%, political map 30%",0.6656,0.371,0.533
r8_1429_fitness_activity,"Name a fitness activity. Reply with only the name, nothing else.",0.6556,<long> -> bench,0.6194,running -> real,0.5269,swimming -> real,60,62,0.0,0.311,0.187,60,90,17,0.0,0.173,7.8,running,0.9,2,1.38,2.84,0.746,"running 75%, swimming 17%","running 51%, <long> 31%",0.6633,0.173,0.711
r8_1441_electrical_outlet,"Name an electrical outlet. Reply with only the name, nothing else.",0.6556,<long> -> bench,0.5583,receptacle -> real,0.5508,receptacle -> real,60,62,0.0,0.311,0.187,60,90,28,0.0,0.173,8.5,power outlet,0.3,7,5.69,10.96,0.328,"wall outlet 28%, receptacle 15%","<long> 31%, wall outlet 26%",0.66,0.222,0.857
r8_0193_craft,"Name a craft. Reply with only the name, nothing else.",0.6556,<long> -> bench,0.5972,pottery -> real,0.546,pottery -> real,58,59,0.033,0.344,0.22,60,90,62,0.0,0.207,9.4,pottery,0.8,2,1.65,22.72,0.385,"pottery 42%, ceramics 7%","<long> 34%, pottery 22%",0.6653,0.409,0.63
r8_0248_empire,"Name an empire. Reply with only the name, nothing else.",0.6556,<long> -> bench,0.6278,rome -> real,0.6669,roman -> bench,60,62,0.0,0.311,0.187,60,90,19,0.0,0.173,8.2,roman empire,0.85,3,1.68,5.34,0.344,"rome 43%, roman empire 23%","roman 33%, <long> 31%",0.6486,0.112,0.924
r8_1274_seed_dispersal_method,"Name a seed dispersal method. Reply with only the name, nothing else.",0.6556,<long> -> bench,0.5861,wind -> bench,0.6664,wind -> bench,60,62,0.0,0.311,0.187,60,90,43,0.0,0.187,8.7,wind,0.65,4,2.52,14.3,0.352,"wind dispersal 23%, wind 18%","wind 36%, <long> 31%",0.6619,0.284,1.046
r8_1208_digestif,"Name a digestif. Reply with only the name, nothing else.",0.6556,<long> -> bench,0.6222,brandy -> bench,0.6925,brandy -> bench,60,62,0.0,0.311,0.187,60,90,70,0.0,0.18,9.2,absinthe,0.15,17,15.83,34.91,0.262,"brandy 7%, kahlúa 7%","<long> 31%, brandy 31%",0.6703,0.319,1.162
r8_0948_digestive_organ,"Name a digestive organ. Reply with only the name, nothing else.",0.6556,<long> -> bench,0.5833,stomach -> real,0.5522,stomach -> bench,60,62,0.0,0.311,0.187,60,90,8,0.0,0.167,8.9,stomach,1.0,1,1.0,1.92,0.82,"stomach 77%, liver 18%","stomach 60%, <long> 31%",0.6564,0.079,1.064
r8_0937_funeral_item,"Name a funeral item. Reply with only the name, nothing else.",0.6556,<long> -> bench,0.5306,obituary -> real,0.5505,casket -> bench,60,62,0.0,0.311,0.187,60,90,42,0.0,0.173,8.5,casket,0.7,6,2.94,12.76,0.418,"casket 37%, coffin 10%","casket 32%, <long> 31%",0.6653,0.309,0.752
r8_0964_beachwear,"Name a type of beachwear. Reply with only the name, nothing else.",0.6556,<long> -> bench,0.6528,bikini -> real,0.6051,bikini -> real,60,62,0.0,0.311,0.187,60,90,26,0.0,0.18,9.1,bikini,0.5,4,2.75,8.23,0.41,"bikini 52%, swimsuit 13%","<long> 31%, bikini 21%",0.6689,0.167,0.947
r8_0955_thanksgiving_side_dish,"Name a thanksgiving side dish. Reply with only the name, nothing else.",0.6556,<long> -> bench,0.6167,mashed potatoes -> real,0.5414,mashed potatoes -> real,60,62,0.0,0.311,0.187,60,90,29,0.0,0.187,9.5,mashed potatoes,0.65,8,3.78,7.25,0.525,"mashed potatoes 57%, stuffing 13%","mashed potatoes 33%, <long> 31%",0.65,0.315,0.872
r8s_0680_bookmark,"Suggest a type of bookmark. Reply with only the name, nothing else.",0.6556,<long> -> bench,0.5417,bookmark -> real,0.5349,bookmark -> real,58,59,0.033,0.344,0.22,60,90,91,0.0,0.207,9.2,lanyard bookmark,0.1,18,17.41,71.77,0.085,"bookmark 12%, leather bookmark 7%","<long> 34%, physical bookmark 4%",0.645,0.47,0.671
r8_0919_staple,"Name a staple. Reply with only the name, nothing else.",0.6556,<long> -> bench,0.5556,rice -> bench,0.5957,rice -> bench,60,62,0.0,0.311,0.187,60,90,66,0.0,0.167,8.6,rice,1.0,1,1.0,38.77,0.164,"bread 10%, rice 7%","<long> 31%, rice 18%",0.6414,0.453,0.674
r8s_0793_bottled_water,"Suggest a type of bottled water. Reply with only the name, nothing else.",0.6556,<long> -> bench,0.6,evian -> real,0.5925,evian -> real,60,62,0.0,0.311,0.187,60,90,62,0.0,0.167,9.1,evian,0.35,7,4.78,35.18,0.139,"evian 23%, sparkling 10%","<long> 31%, aquafina 9%",0.6503,0.279,0.874
r8s_0732_dried_culinary_herb,"Suggest a type of dried culinary herb. Reply with only the name, nothing else.",0.6556,<long> -> bench,0.5944,basil -> real,0.5815,oregano -> bench,60,62,0.0,0.311,0.187,60,90,14,0.0,0.18,9.0,oregano,0.85,3,1.68,4.17,0.533,"oregano 45%, basil 30%","oregano 42%, <long> 31%",0.6603,0.119,1.052
r8s_0098_sausage,"Suggest a type of sausage. Reply with only the name, nothing else.",0.6556,<long> -> bench,0.575,kielbasa -> real,0.564,italian sausage -> bench,60,62,0.0,0.311,0.187,60,90,40,0.0,0.18,9.2,kielbasa,0.3,8,6.83,18.88,0.156,"kielbasa 22%, sausage 13%","<long> 31%, italian sausage 11%",0.6556,0.221,0.912
r8_1281_punishment,"Name a type of punishment. Reply with only the name, nothing else.",0.6556,<long> -> bench,0.5667,prison -> bench,0.6017,prison -> bench,58,59,0.033,0.344,0.22,60,90,60,0.0,0.207,9.3,fines,0.4,7,5.0,41.8,0.103,"imprisonment 7%, detention 7%","<long> 34%, prison 13%",0.6492,0.446,0.83
r8_1247_queen_song,"Name a queen song. Reply with only the name, nothing else.",0.6556,<long> -> bench,0.6472,bohemian rhapsody -> real,0.6071,bohemian rhapsody -> real,56,56,0.067,0.378,0.253,60,90,52,0.0,0.2,11.4,queen,0.45,11,6.94,17.51,0.411,"bohemian rhapsody 48%, <long> 7%","<long> 38%, bohemian rhapsody 19%",0.6614,0.374,0.725
r8s_1043_historical_building,"Suggest a type of historical building. Reply with only the name, nothing else.",0.6556,<long> -> bench,0.5583,cathedral -> real,0.5167,gothic revival -> real,60,62,0.0,0.311,0.187,60,90,42,0.0,0.18,9.4,roman colosseum,0.25,11,8.82,13.87,0.344,"cathedral 35%, gothic cathedral 17%","<long> 31%, cathedral 23%",0.6472,0.363,0.869
r8s_1061_castle_part,"Suggest a type of castle part. Reply with only the name, nothing else.",0.6556,<long> -> bench,0.5722,keep -> real,0.5798,tower -> bench,60,62,0.0,0.311,0.187,60,90,33,0.0,0.173,8.3,moat,0.35,9,6.51,13.05,0.303,"moat 28%, keep 17%","<long> 31%, moat 22%",0.6442,0.292,0.852
r8_0422_scientist,"Name a scientist. Reply with only the name, nothing else.",0.6556,<long> -> bench,0.5778,newton -> real,0.6177,albert einstein -> bench,60,62,0.0,0.311,0.187,60,90,21,0.0,0.18,8.7,isaac newton,0.45,7,4.78,7.35,0.32,"isaac newton 30%, newton 23%","<long> 31%, albert einstein 30%",0.6597,0.14,1.01
r8_0746_musical_note_duration,"Name a musical note duration. Reply with only the name, nothing else.",0.6556,<long> -> bench,0.5917,quarter note -> real,0.5766,quarter note -> real,60,62,0.0,0.311,0.187,60,90,16,0.0,0.18,8.1,whole note,0.5,5,3.79,6.04,0.369,"quarter 33%, quarter note 25%","<long> 31%, quarter 28%",0.6617,0.125,0.979
r8_0706_athlete,"Name an athlete. Reply with only the name, nothing else.",0.6556,<long> -> bench,0.5917,lionel messi -> real,0.5616,lionel messi -> real,60,62,0.0,0.311,0.187,60,90,27,0.0,0.173,9.2,usain bolt,0.75,4,2.23,10.93,0.262,"lionel messi 32%, serena williams 22%","<long> 31%, serena williams 21%",0.655,0.206,0.949
r8_0720_form_of_media,"Name a form of media. Reply with only the name, nothing else.",0.6556,<long> -> bench,0.5417,novel -> real,0.5481,newspaper -> bench,60,62,0.0,0.311,0.187,60,90,40,0.0,0.18,7.9,television,0.5,5,3.45,23.5,0.139,"video 13%, film 12%","<long> 31%, video 10%",0.6456,0.385,1.108
r8_0705_parasitic_organism,"Name a type of parasitic organism. Reply with only the name, nothing else.",0.6556,<long> -> bench,0.5556,plasmodium -> real,0.5487,tapeworm -> bench,60,62,0.0,0.311,0.187,60,90,29,0.0,0.18,9.4,tapeworm,0.8,2,1.65,6.85,0.533,"tapeworm 48%, plasmodium 20%","tapeworm 40%, <long> 31%",0.6608,0.175,0.944
r8_1491_jazz_style,"Name a jazz style. Reply with only the name, nothing else.",0.6556,<long> -> bench,0.625,bebop -> real,0.5798,jazz -> bench,60,62,0.0,0.311,0.187,60,90,19,0.0,0.173,8.8,bebop,0.55,6,3.78,5.58,0.533,"bebop 58%, blue note 12%","bebop 33%, <long> 31%",0.6567,0.19,1.173
r8_1512_spice_seed,"Name a spice seed. Reply with only the name, nothing else.",0.6556,<long> -> bench,0.5889,cumin -> real,0.5255,coriander -> real,60,62,0.0,0.311,0.187,60,90,33,0.0,0.187,8.7,cumin,0.85,3,1.68,7.46,0.566,"cumin 57%, fennel 10%","cumin 39%, <long> 31%",0.6572,0.209,0.871
r8s_1219_hospital_department,"Suggest a type of hospital department. Reply with only the name, nothing else.",0.6556,<long> -> bench,0.6333,cardiology -> real,0.6349,emergency department -> bench,60,62,0.0,0.311,0.187,60,90,28,0.0,0.18,8.4,emergency department,0.5,4,2.75,9.24,0.336,"cardiology 43%, emergency department 13%","<long> 31%, emergency department 28%",0.6447,0.237,0.906
r8s_1275_woodland_plant,"Suggest a type of woodland plant. Reply with only the name, nothing else.",0.6556,<long> -> bench,0.5389,oak -> real,0.579,oak -> bench,60,62,0.0,0.311,0.187,60,90,25,0.0,0.18,8.1,bluebell,0.25,10,7.68,4.82,0.68,"oak 60%, dogwood 5%","oak 52%, <long> 31%",0.6439,0.229,1.28
r8s_1199_waffle,"Suggest a type of waffle. Reply with only the name, nothing else.",0.6556,<long> -> bench,0.5778,belgian waffle -> real,0.5683,belgian -> bench,60,62,0.0,0.311,0.187,60,90,47,0.0,0.167,8.9,belgian waffle,0.6,2,1.96,15.96,0.336,"belgian 27%, belgian waffle 23%","<long> 31%, belgian 28%",0.6358,0.274,0.974
r8s_0471_tooth,"Suggest a type of tooth. Reply with only the name, nothing else.",0.6556,<long> -> bench,0.5444,molar -> real,0.5795,molar -> bench,58,59,0.033,0.344,0.22,60,90,24,0.0,0.2,9.4,molar,0.65,5,2.86,4.31,0.701,"molar 60%, cavities 7%","molar 51%, <long> 34%",0.6406,0.199,0.953
r8_1018_crochet_stitch,"Name a crochet stitch. Reply with only the name, nothing else.",0.6556,<long> -> bench,0.5639,single crochet -> real,0.5164,single crochet -> bench,60,62,0.0,0.311,0.187,60,90,29,0.0,0.187,8.7,single crochet,0.75,4,2.23,7.09,0.5,"single crochet 48%, double crochet 22%","single crochet 36%, <long> 31%",0.6378,0.323,0.793
r8_0026_crustacean,"Name a crustacean. Reply with only the name, nothing else.",0.6556,crab -> real,0.6556,crab -> real,0.5359,crab -> real,60,64,0.0,0.289,0.173,60,90,13,0.0,0.16,8.0,crab,1.0,1,1.0,2.01,0.863,"crab 90%, crayfish 3%","crab 59%, <long> 29%",0.79,0.09,0.933
r8s_1428_transportation_mode,"Suggest a type of transportation mode. Reply with only the name, nothing else.",0.6556,<long> -> bench,0.525,cycling -> real,0.539,train -> bench,60,62,0.0,0.311,0.187,60,90,41,0.0,0.173,8.3,bicycle,0.25,12,9.87,14.87,0.352,"bicycle 32%, subway 8%","<long> 31%, bicycle 27%",0.6453,0.298,0.911
r8_0030_condiment,"Name a type of condiment. Reply with only the name, nothing else.",0.6556,<long> -> bench,0.55,soy sauce -> real,0.6151,ketchup -> bench,60,62,0.0,0.311,0.187,60,90,19,0.0,0.167,8.5,ketchup,0.6,6,3.56,6.41,0.484,"ketchup 37%, sauce 12%","ketchup 41%, <long> 31%",0.6522,0.165,0.993
r8_1827_musician,"Name a musician. Reply with only the name, nothing else.",0.6556,<long> -> bench,0.55,beyoncé -> real,0.5449,taylor swift -> bench,60,62,0.0,0.311,0.187,60,90,30,0.0,0.167,9.0,miles davis,0.2,11,9.09,13.76,0.262,"taylor swift 22%, beyoncé 17%","<long> 31%, taylor swift 21%",0.66,0.282,1.084
r8s_0140_coral,"Suggest a type of coral. Reply with only the name, nothing else.",0.6556,<long> -> bench,0.5583,acropora -> real,0.5427,staghorn coral -> real,60,62,0.0,0.311,0.187,60,90,31,0.0,0.173,9.3,acropora,0.5,7,4.55,6.86,0.549,"acropora 52%, staghorn coral 15%","acropora 40%, <long> 31%",0.6422,0.195,0.751
r8s_0137_salad_ingredient,"Suggest a type of salad ingredient. Reply with only the name, nothing else.",0.6556,<long> -> bench,0.5639,arugula -> real,0.5874,lettuce -> bench,60,62,0.0,0.311,0.187,60,90,16,0.0,0.16,9.2,arugula,0.45,4,3.19,3.63,0.672,"lettuce 58%, arugula 18%","lettuce 52%, <long> 31%",0.6419,0.189,1.178
r8s_0198_academic_field,"Suggest a type of academic field. Reply with only the name, nothing else.",0.6556,<long> -> bench,0.5833,computer science -> real,0.5882,physics -> bench,60,62,0.0,0.311,0.187,60,90,41,0.0,0.187,8.5,biology,0.15,13,11.68,13.0,0.41,"computer science 43%, psychology 7%","<long> 31%, computer science 27%",0.6444,0.253,1.136
r8_1025_folk_costume,"Name a folk costume. Reply with only the name, nothing else.",0.6556,<long> -> bench,0.5361,kimono -> real,0.5336,kimono -> real,60,62,0.0,0.311,0.187,60,90,100,0.0,0.18,9.3,kilt,0.2,17,15.16,86.82,0.049,"kimono 8%, kilt 5%","<long> 31%, mohair 4%",0.6614,0.482,0.622
r8_1013_tire_brand,"Name a tire brand. Reply with only the name, nothing else.",0.6556,michelin -> real,0.6556,michelin -> real,0.6056,michelin -> real,59,63,0.017,0.3,0.187,60,90,13,0.0,0.18,8.7,michelin,0.65,3,2.21,4.91,0.467,"michelin 57%, goodyear 22%","<long> 30%, michelin 26%",0.6628,0.211,0.918
r8_0220_philosophical_concept,"Name a philosophical concept. Reply with only the name, nothing else.",0.6556,<long> -> bench,0.5444,stoicism -> real,0.5597,existentialism -> bench,60,62,0.0,0.311,0.187,60,90,55,0.0,0.173,9.2,existentialism,0.5,10,5.9,21.34,0.361,"existentialism 30%, stoicism 10%","<long> 31%, existentialism 29%",0.6453,0.313,0.769
r8s_0594_pepper,"Suggest a type of pepper. Reply with only the name, nothing else.",0.6556,<long> -> bench,0.575,habanero -> real,0.5599,habanero -> real,60,62,0.0,0.311,0.187,60,90,41,0.0,0.167,8.7,habanero,0.25,12,9.87,20.3,0.156,"habanero 22%, black 10%","<long> 31%, black pepper 12%",0.6414,0.327,0.854
r8s_0642_liqueur,"Suggest a type of liqueur. Reply with only the name, nothing else.",0.6556,<long> -> bench,0.5417,cognac -> real,0.5998,brandy -> bench,58,59,0.033,0.344,0.22,60,90,39,0.0,0.213,10.1,amaretto,0.15,17,15.83,16.73,0.325,"brandy 22%, cognac 12%","<long> 34%, brandy 28%",0.6436,0.226,0.999
r8_1224_marionette,"Name a marionette. Reply with only the name, nothing else.",0.6556,<long> -> bench,0.5333,marionette -> real,0.5833,puck -> bench,58,59,0.033,0.344,0.22,60,90,68,0.0,0.207,9.7,puppet,0.3,11,7.81,31.78,0.256,"puck 17%, puppet 13%","<long> 34%, puck 22%",0.6594,0.382,1.053
r8_1230_dragon,"Name a dragon. Reply with only the name, nothing else.",0.6556,<long> -> bench,0.6056,smaug -> real,0.5417,ignis -> real,60,62,0.0,0.311,0.187,60,90,19,0.0,0.18,9.4,smaug,0.6,7,3.82,2.5,0.828,"smaug 80%, ignis 8%","smaug 59%, <long> 31%",0.6531,0.108,1.043
r8_1211_fish_scale,"Name a fish scale. Reply with only the name, nothing else.",0.6556,<long> -> bench,0.525,none -> real,0.5259,none -> real,58,59,0.033,0.344,0.22,60,90,92,0.0,0.193,9.6,cycloid,0.55,7,4.05,76.19,0.077,"scales 7%, none 5%","<long> 34%, scales 6%",0.6619,0.506,0.876
r8_1652_motor_type,"Name a motor type. Reply with only the name, nothing else.",0.6556,<long> -> bench,0.6,dc motor -> bench,0.6452,dc motor -> bench,60,62,0.0,0.311,0.187,60,90,49,0.0,0.173,8.5,induction motor,0.45,5,3.77,19.28,0.311,"electric 37%, electric motor 7%","<long> 31%, dc motor 20%",0.6797,0.341,0.702
r8_0440_towel,"Name a towel. Reply with only the name, nothing else.",0.6556,<long> -> bench,0.6083,bath towel -> real,0.5481,bath towel -> real,60,62,0.0,0.311,0.187,60,90,40,0.0,0.187,9.2,bath towel,0.4,8,5.09,12.57,0.434,"bath towel 48%, towel 7%","<long> 31%, bath towel 27%",0.6653,0.349,0.819
r8s_1359_wind,"Suggest a type of wind. Reply with only the name, nothing else.",0.6556,<long> -> bench,0.525,trade wind -> real,0.557,tornado -> bench,58,59,0.033,0.344,0.22,60,90,61,0.0,0.2,9.7,hurricane,0.25,13,10.58,26.37,0.333,"tornado 27%, turbine 5%","<long> 34%, tornado 26%",0.62,0.512,0.694
r8_1087_feature_film,"Name a feature film. Reply with only the name, nothing else.",0.6556,<long> -> bench,0.5556,godfather -> real,0.5355,godfather -> real,60,62,0.0,0.311,0.187,60,90,24,0.0,0.18,9.7,shawshank redemption,0.55,6,3.78,8.12,0.377,"shawshank redemption 35%, inception 20%","<long> 31%, shawshank redemption 28%",0.6489,0.132,0.928
r8_1125_noise,"Name a noise. Reply with only the name, nothing else.",0.6556,<long> -> bench,0.5833,thunder -> real,0.5683,thunder -> real,60,62,0.0,0.311,0.187,60,90,70,0.0,0.187,8.3,thunder,0.85,4,1.8,43.6,0.164,"thunder 23%, none 5%","<long> 31%, white noise 9%",0.6406,0.498,0.677
r8_0366_fjord,"Name a fjord. Reply with only the name, nothing else.",0.6556,<long> -> bench,0.5611,geiranger -> real,0.5511,geiranger -> real,60,62,0.0,0.311,0.187,60,90,68,0.0,0.167,9.8,geirangerfjord,0.65,8,3.78,28.32,0.295,"geirangerfjord 25%, geiranger 17%","<long> 31%, geirangerfjord 23%",0.6592,0.359,0.808
r8_0130_fast_food_chain,"Name a fast food chain. Reply with only the name, nothing else.",0.6556,mcdonalds -> real,0.6556,mcdonalds -> real,0.5424,mcdonalds -> real,60,66,0.0,0.267,0.16,60,90,6,0.0,0.133,8.1,mcdonalds,1.0,1,1.0,1.54,0.889,"mcdonalds 93%, burger king 7%","mcdonalds 62%, <long> 27%",0.6589,0.072,0.927
r8s_1941_printed_publication,"Suggest a type of printed publication. Reply with only the name, nothing else.",0.6556,<long> -> bench,0.5472,journal -> real,0.5481,technical report -> bench,60,62,0.0,0.311,0.187,60,90,39,0.0,0.18,8.4,magazine,0.85,3,1.68,17.07,0.254,"magazine 23%, journal 15%","<long> 31%, magazine 19%",0.6389,0.337,0.758
r8s_1514_fortified_wine,"Suggest a type of fortified wine. Reply with only the name, nothing else.",0.6556,<long> -> bench,0.5861,port -> real,0.5293,port -> bench,60,62,0.0,0.311,0.187,60,90,24,0.0,0.187,8.1,port,1.0,1,1.0,3.98,0.713,"port 68%, sherry 10%","port 51%, <long> 31%",0.6511,0.198,0.951
r8_0548_exercise_type,"Name an exercise type. Reply with only the name, nothing else.",0.6556,<long> -> bench,0.5833,running -> real,0.6264,cardio -> bench,58,59,0.033,0.344,0.22,60,90,65,0.0,0.213,9.3,cardio,0.4,5,3.54,33.19,0.214,"running 20%, cardio 8%","<long> 34%, cardio 22%",0.6664,0.469,0.517
r8_1134_baking_item,"Name a baking item. Reply with only the name, nothing else.",0.6556,<long> -> bench,0.6333,cake -> real,0.6597,cookie -> bench,60,62,0.0,0.311,0.187,60,90,22,0.0,0.167,8.0,cake,0.6,5,3.18,8.28,0.262,"cake 37%, bread 20%","<long> 31%, cookie 29%",0.655,0.215,0.906
r8_1119_dictionary,"Name a dictionary. Reply with only the name, nothing else.",0.6556,<long> -> bench,0.5417,oxford english dictionary -> real,0.5387,oxford english dictionary -> bench,58,59,0.033,0.344,0.22,60,90,43,0.0,0.213,10.6,oxford english dictionary,0.75,4,2.28,12.0,0.47,"oxford english dictionary 42%, merriam-webster 10%","<long> 34%, oxford english dictionary 33%",0.6544,0.335,0.571
r8_1727_delivery_service,"Name a delivery service. Reply with only the name, nothing else.",0.6556,<long> -> bench,0.5556,fedex -> real,0.5401,uber -> bench,60,62,0.0,0.311,0.187,60,90,26,0.0,0.173,8.4,fedex,0.85,3,1.68,6.29,0.574,"fedex 53%, uber eats 12%","fedex 42%, <long> 31%",0.6544,0.163,0.923
r8_1726_financial_instrument,"Name a type of financial instrument. Reply with only the name, nothing else.",0.6556,<long> -> bench,0.6306,stock -> real,0.5202,stock -> real,60,62,0.0,0.311,0.187,60,90,11,0.0,0.187,7.7,stock,0.7,2,1.84,2.44,0.73,"stock 75%, bond 18%","stock 49%, <long> 31%",0.6706,0.109,0.969
r8_1703_university,"Name an university. Reply with only the name, nothing else.",0.6556,<long> -> bench,0.5917,harvard university -> real,0.5616,harvard -> real,60,62,0.0,0.311,0.187,60,90,18,0.0,0.18,8.7,harvard university,0.9,3,1.48,4.97,0.5,"harvard university 52%, harvard 32%","harvard university 33%, <long> 31%",0.6908,0.085,0.707
r8_1571_tea_blend,"Name a tea blend. Reply with only the name, nothing else.",0.6556,earl grey -> real,0.6556,earl grey -> real,0.5857,earl grey -> real,60,71,0.0,0.211,0.127,60,90,25,0.0,0.12,7.8,earl grey,0.75,3,1.99,3.53,0.74,"earl grey 83%, english breakfast 10%","earl grey 52%, <long> 21%",0.6578,0.235,0.927
r8s_0987_official_record,"Suggest a type of official record. Reply with only the name, nothing else.",0.6556,<long> -> bench,0.55,birth certificate -> bench,0.6177,birth certificate -> bench,60,62,0.0,0.311,0.187,60,90,80,0.0,0.173,8.7,birth certificate,0.95,2,1.22,35.58,0.32,"birth certificate 20%, census record 3%","<long> 31%, birth certificate 30%",0.6703,0.501,0.575
r8s_0906_salamander,"Suggest a type of salamander. Reply with only the name, nothing else.",0.6556,<long> -> bench,0.6306,fire salamander -> real,0.5965,red-backed salamander -> bench,60,62,0.0,0.311,0.187,60,90,43,0.0,0.187,9.7,fire salamander,0.25,12,9.87,12.64,0.402,"fire salamander 48%, axolotl 10%","<long> 31%, fire salamander 22%",0.7158,0.207,0.921
r8s_0976_hair_accessory,"Suggest a type of hair accessory. Reply with only the name, nothing else.",0.6556,<long> -> bench,0.5444,scrunchie -> real,0.5855,headband -> bench,60,62,0.0,0.311,0.187,60,90,35,0.0,0.18,8.6,headband,0.3,12,9.25,14.96,0.287,"headband 20%, scrunchie 13%","<long> 31%, headband 26%",0.6567,0.185,0.889
r8_1356_neighborhood_feature,"Name a type of neighborhood feature. Reply with only the name, nothing else.",0.6556,<long> -> bench,0.5667,parks -> real,0.5667,parks -> real,60,62,0.0,0.311,0.187,60,90,44,0.0,0.173,8.2,park,0.45,7,4.78,13.9,0.426,"park 40%, parks 13%","<long> 31%, park 31%",0.65,0.297,0.941
r8_1345_pollutant,"Name a pollutant. Reply with only the name, nothing else.",0.6556,<long> -> bench,0.6444,carbon dioxide -> real,0.5516,carbon dioxide -> real,60,62,0.0,0.311,0.187,60,90,11,0.0,0.173,8.4,carbon dioxide,0.65,4,2.52,3.1,0.648,"carbon dioxide 70%, carbon monoxide 18%","carbon dioxide 41%, <long> 31%",0.6919,0.078,0.932
r8_1346_moral_quality,"Name a moral quality. Reply with only the name, nothing else.",0.6556,integrity -> real,0.6556,integrity -> real,0.6614,honesty -> bench,60,66,0.0,0.267,0.16,60,90,19,0.0,0.153,7.9,integrity,0.45,4,3.29,5.0,0.452,"integrity 57%, courage 15%","honesty 32%, <long> 27%",0.6856,0.172,0.742
r8_0318_historical_era,"Name a historical era. Reply with only the name, nothing else.",0.6556,<long> -> bench,0.5722,middle ages -> bench,0.6199,middle ages -> bench,60,62,0.0,0.311,0.187,60,90,37,0.0,0.187,9.1,roman empire,0.2,12,10.72,17.82,0.189,"renaissance 20%, medieval 17%","<long> 31%, middle ages 21%",0.6453,0.265,0.79
r8s_1811_office_item,"Suggest a type of office item. Reply with only the name, nothing else.",0.6556,<long> -> bench,0.575,desk lamp -> real,0.5868,stapler -> bench,60,62,0.0,0.311,0.187,60,90,39,0.0,0.18,8.6,desk lamp,0.45,8,5.26,16.42,0.238,"desk lamp 28%, stapler 12%","<long> 31%, stapler 20%",0.6519,0.295,1.01
r8s_1918_whisper,"Suggest a type of whisper. Reply with only the name, nothing else.",0.6556,<long> -> bench,0.5361,whisper-large-v3 -> real,0.5508,tiny -> bench,58,59,0.033,0.344,0.22,60,90,85,0.0,0.22,9.8,soft,0.15,17,15.83,60.34,0.137,"whisper 12%, whisper-large-v3 8%","<long> 34%, whisper 10%",0.6267,0.567,0.631
r8_0004_amphibian,"Name an amphibian. Reply with only the name, nothing else.",0.6556,frog -> real,0.6556,frog -> real,0.5723,frog -> real,60,71,0.0,0.211,0.127,60,90,15,0.0,0.093,6.5,frog,0.9,3,1.48,2.11,0.855,"frog 93%, frogs 3%","frog 62%, <long> 21%",0.7256,0.086,0.848
r8_1648_cooking_pot,"Name a cooking pot. Reply with only the name, nothing else.",0.6556,cauldron -> real,0.6556,cauldron -> real,0.6254,cauldron -> real,59,66,0.017,0.267,0.167,60,90,25,0.0,0.167,9.0,cauldron,0.45,6,4.78,9.42,0.376,"cauldron 50%, casserole 15%","<long> 27%, cauldron 19%",0.6694,0.247,0.891
r8_0225_painting_style,"Name a painting style. Reply with only the name, nothing else.",0.6556,<long> -> bench,0.6528,impressionism -> real,0.5223,impressionism -> real,60,62,0.0,0.311,0.187,60,90,11,0.0,0.187,9.2,impressionism,1.0,1,1.0,1.97,0.861,"impressionism 88%, cubism 5%","impressionism 58%, <long> 31%",0.6839,0.177,0.983
r8_0204_map,"Name a map. Reply with only the name, nothing else.",0.6556,<long> -> bench,0.5444,hashmap -> bench,0.576,hashmap -> bench,58,59,0.033,0.344,0.22,60,90,69,0.0,0.207,9.1,world map,0.65,8,3.78,43.57,0.111,"map 8%, google maps 7%","<long> 34%, hashmap 12%",0.67,0.422,0.544
r8_0148_milk,"Name a milk. Reply with only the name, nothing else.",0.6556,<long> -> bench,0.5583,milky way -> real,0.5583,milky way -> real,60,62,0.0,0.311,0.187,60,90,65,0.0,0.173,8.8,whole milk,0.35,6,4.79,40.82,0.131,"milk 12%, milky way 12%","<long> 31%, milk 10%",0.6558,0.283,0.736
r8s_0318_historical_era,"Suggest a type of historical era. Reply with only the name, nothing else.",0.6556,<long> -> bench,0.5611,industrial revolution -> real,0.5523,industrial revolution -> real,58,59,0.033,0.344,0.22,60,90,42,0.0,0.2,9.6,medieval era,0.15,13,11.99,20.32,0.214,"medieval 22%, industrial revolution 17%","<long> 34%, medieval 13%",0.6261,0.411,0.715
r8_0142_construction_material,"Name a construction material. Reply with only the name, nothing else.",0.6556,<long> -> bench,0.625,cement -> real,0.6175,cement -> real,60,62,0.0,0.311,0.187,60,90,10,0.0,0.18,7.9,concrete,0.85,2,1.53,3.3,0.615,"concrete 63%, cement 28%","concrete 41%, <long> 31%",0.6794,0.091,0.862
r8_0098_sausage,"Name a type of sausage. Reply with only the name, nothing else.",0.6556,<long> -> bench,0.5806,sausage -> real,0.5419,bacon -> real,60,62,0.0,0.311,0.187,60,90,26,0.0,0.187,9.2,sausage,0.45,7,4.99,9.18,0.393,"sausage 42%, kielbasa 15%","<long> 31%, sausage 26%",0.6361,0.259,1.083
r8_0512_outerwear,"Name a type of outerwear. Reply with only the name, nothing else.",0.6556,<long> -> bench,0.5806,parka -> real,0.6132,coat -> bench,60,62,0.0,0.311,0.187,60,90,16,0.0,0.18,8.5,coat,0.75,5,2.45,3.99,0.598,"coat 48%, jacket 18%","coat 49%, <long> 31%",0.6411,0.176,1.059
r8s_1702_part_of_a_book,"Suggest a type of part of a book. Reply with only the name, nothing else.",0.6556,<long> -> bench,0.5889,chapter -> real,0.5884,index -> bench,60,62,0.0,0.311,0.187,60,90,27,0.0,0.173,7.9,chapter,1.0,1,1.0,8.42,0.484,"chapter 50%, prologue 8%","chapter 32%, <long> 31%",0.6583,0.216,0.89
r8s_1506_gymnastics_apparatus,"Suggest a type of gymnastics apparatus. Reply with only the name, nothing else.",0.6556,<long> -> bench,0.5917,balance beam -> real,0.5465,balance beam -> real,60,62,0.0,0.311,0.187,60,90,27,0.0,0.18,8.5,beam,0.3,9,7.01,10.26,0.336,"balance beam 38%, beam 25%","<long> 31%, balance beam 20%",0.6506,0.348,0.934
r8s_1562_cucumber,"Suggest a type of cucumber. Reply with only the name, nothing else.",0.6528,<long> -> bench,0.5417,english -> real,0.6109,english cucumber -> bench,59,61,0.017,0.322,0.2,60,90,46,0.0,0.193,9.2,english cucumber,0.6,7,3.82,14.99,0.35,"english cucumber 23%, cucumber 17%","<long> 32%, english cucumber 31%",0.6539,0.306,0.873
r8_0498_mirror,"Name a mirror. Reply with only the name, nothing else.",0.6528,<long> -> bench,0.525,github -> real,0.5254,github -> real,59,61,0.017,0.322,0.2,60,90,93,0.0,0.167,9.4,plane mirror,0.45,10,6.48,66.49,0.158,"mirror 13%, none 5%","<long> 32%, mirror 12%",0.6539,0.598,0.622
r8s_1601_holiday_treat,"Suggest a type of holiday treat. Reply with only the name, nothing else.",0.6528,<long> -> bench,0.5556,chocolate chip cookies -> bench,0.5896,chocolate chip cookies -> bench,59,61,0.017,0.322,0.2,60,90,61,0.0,0.173,9.2,chocolate truffles,0.2,14,12.31,36.68,0.125,"chocolate 12%, chocolate truffles 10%","<long> 32%, chocolate chip cookies 14%",0.6639,0.375,0.979
r8s_1579_dna_base,"Suggest a type of dna base. Reply with only the name, nothing else.",0.6528,<long> -> bench,0.6111,adenine -> real,0.5571,a -> bench,59,61,0.017,0.322,0.2,60,90,12,0.0,0.187,9.2,adenine,0.7,2,1.84,3.08,0.708,"adenine 70%, cytosine 8%","adenine 48%, <long> 32%",0.6683,0.184,0.981
r8_0522_syrup,"Name a syrup. Reply with only the name, nothing else.",0.6528,<long> -> bench,0.5833,maple syrup -> real,0.5695,maple syrup -> real,59,61,0.017,0.322,0.2,60,90,56,0.0,0.193,9.3,maple syrup,0.6,6,3.41,28.69,0.167,"maple syrup 23%, maple 15%","<long> 32%, honey 10%",0.6619,0.3,0.891
r8_0509_body_system,"Name a body system. Reply with only the name, nothing else.",0.6528,<long> -> bench,0.5972,nervous system -> real,0.5938,nervous system -> real,59,61,0.017,0.322,0.2,60,90,49,0.0,0.187,9.7,nervous system,0.25,7,6.08,26.41,0.125,"nervous system 22%, cardiovascular system 18%","<long> 32%, circulatory system 10%",0.6544,0.284,0.918
r8_0124_nebula,"Name a nebula. Reply with only the name, nothing else.",0.6528,<long> -> bench,0.5167,tiamat -> real,0.5597,orion nebula -> bench,59,61,0.017,0.322,0.2,60,90,44,0.0,0.187,10.1,orion nebula,0.95,2,1.22,13.54,0.417,"orion nebula 35%, orion 10%","<long> 32%, orion nebula 32%",0.6578,0.254,0.786
r8s_1981_scream,"Suggest a type of scream. Reply with only the name, nothing else.",0.6528,<long> -> bench,0.5167,shriek -> real,0.5246,baby -> bench,59,61,0.017,0.322,0.2,60,90,80,0.0,0.173,8.9,scream,0.15,16,14.38,52.31,0.125,"scream 12%, wail 8%","<long> 32%, wail 9%",0.6422,0.515,0.475
r8s_1842_size,"Suggest a type of size. Reply with only the name, nothing else.",0.6528,<long> -> bench,0.5444,small -> bench,0.5885,small -> bench,59,61,0.017,0.322,0.2,60,90,64,0.0,0.187,8.5,small,0.3,9,6.63,34.09,0.192,"small 10%, medium 10%","<long> 32%, small 19%",0.6228,0.449,0.623
r8s_1774_custard,"Suggest a type of custard. Reply with only the name, nothing else.",0.6528,<long> -> bench,0.5361,crème brûlée -> bench,0.5647,crème brûlée -> bench,59,61,0.017,0.322,0.2,60,90,72,0.0,0.18,9.7,crème brûlée,0.45,12,7.44,48.34,0.117,"vanilla 8%, new york 8%","<long> 32%, crème brûlée 12%",0.6469,0.397,0.971
r8_0736_prehistoric_fish,"Name a prehistoric fish. Reply with only the name, nothing else.",0.6528,<long> -> bench,0.6417,coelacanth -> real,0.56,coelacanth -> real,59,61,0.017,0.322,0.2,60,90,32,0.0,0.18,10.0,dunkleosteus,0.45,7,4.35,6.74,0.6,"coelacanth 65%, shark 3%","coelacanth 37%, <long> 32%",0.6806,0.265,0.856
r8_0800_lock_type,"Name a lock type. Reply with only the name, nothing else.",0.6528,<long> -> bench,0.55,pin tumbler -> bench,0.5891,pin tumbler -> bench,59,61,0.017,0.322,0.2,60,90,58,0.0,0.187,8.8,deadbolt,0.4,8,5.74,31.76,0.158,"padlock 12%, deadbolt 12%","<long> 32%, pin tumbler 17%",0.6503,0.397,0.528
r8_1719_us_state,"Name an us state. Reply with only the name, nothing else.",0.6528,california -> real,0.6528,california -> real,0.5354,california -> real,60,64,0.0,0.289,0.173,60,90,9,0.0,0.167,7.3,california,0.8,3,1.85,1.87,0.847,"california 88%, texas 10%","california 58%, <long> 29%",0.6792,0.183,0.903
r8_1713_bushing,"Name a type of bushing. Reply with only the name, nothing else.",0.6528,<long> -> bench,0.5472,ball bearing -> real,0.5429,ball bearing -> real,59,61,0.017,0.322,0.2,60,90,48,0.0,0.193,9.2,ball bushing,0.5,8,5.0,23.84,0.233,"ball bushing 20%, ball bearing 12%","<long> 32%, ball bushing 18%",0.6608,0.327,0.953
r8_1610_fencing_sword,"Name a fencing sword. Reply with only the name, nothing else.",0.6528,<long> -> bench,0.5917,rapier -> real,0.5967,foil -> bench,59,61,0.017,0.322,0.2,60,90,41,0.0,0.18,8.8,rapier,0.3,6,4.88,18.2,0.2,"rapier 25%, epee 12%","<long> 32%, foil 20%",0.6444,0.233,0.949
r8s_1461_chip_flavor,"Suggest a type of chip flavor. Reply with only the name, nothing else.",0.6528,<long> -> bench,0.5333,chocolate chip -> bench,0.5492,chocolate chip -> bench,59,61,0.017,0.322,0.2,60,90,95,0.0,0.2,9.5,taco,0.05,20,20.0,81.14,0.05,"blue raspberry 5%, strawberry 3%","<long> 32%, chocolate chip 7%",0.6386,0.449,0.831
r8s_0423_first_aid_item,"Suggest a type of first aid item. Reply with only the name, nothing else.",0.6528,<long> -> bench,0.5583,band-aid -> bench,0.5975,band-aid -> bench,59,61,0.017,0.322,0.2,60,90,32,0.0,0.187,9.7,bandage,0.2,10,8.26,16.33,0.167,"bandage 20%, adrenaline 13%","<long> 32%, band-aid 17%",0.6389,0.146,0.955
r8s_0317_fabric,"Suggest a type of fabric. Reply with only the name, nothing else.",0.6528,<long> -> bench,0.5444,silk -> real,0.5939,cotton -> bench,59,61,0.017,0.322,0.2,60,90,49,0.0,0.18,8.6,cotton,0.75,2,1.75,18.64,0.367,"cotton 27%, silk 10%","<long> 32%, cotton 31%",0.6275,0.362,0.649
r8s_0353_flower_shape,"Suggest a type of flower shape. Reply with only the name, nothing else.",0.6528,<long> -> bench,0.5361,daisy -> real,0.5393,rose -> bench,59,61,0.017,0.322,0.2,60,90,44,0.0,0.193,8.6,daisy,0.3,9,7.19,21.05,0.175,"daisy 18%, star 15%","<long> 32%, rose 12%",0.65,0.324,0.83
r8s_0342_plant_part,"Suggest a type of plant part. Reply with only the name, nothing else.",0.6528,<long> -> bench,0.5556,leaf -> real,0.5861,leaf -> bench,59,61,0.017,0.322,0.2,60,90,9,0.0,0.193,8.2,leaf,1.0,1,1.0,2.05,0.833,"leaf 73%, root 10%","leaf 62%, <long> 32%",0.6511,0.17,0.981
r8s_0326_glove,"Suggest a type of glove. Reply with only the name, nothing else.",0.6528,<long> -> bench,0.65,leather -> real,0.6373,leather -> real,59,61,0.017,0.322,0.2,60,90,53,0.0,0.187,9.3,leather glove,0.4,9,6.26,23.9,0.233,"leather 37%, leather gloves 10%","<long> 32%, leather gloves 10%",0.6761,0.277,0.956
r8_0384_onion,"Name an onion. Reply with only the name, nothing else.",0.6528,<long> -> bench,0.5417,red onion -> real,0.5721,red -> bench,59,61,0.017,0.322,0.2,60,90,46,0.0,0.193,8.9,red onion,0.4,7,4.75,16.98,0.25,"red onion 25%, onion 12%","<long> 32%, red 17%",0.6497,0.343,0.678
r8_0399_prey,"Name a prey. Reply with only the name, nothing else.",0.6528,<long> -> bench,0.5444,lion -> real,0.5947,zebra -> bench,59,61,0.017,0.322,0.2,60,90,51,0.0,0.18,8.9,deer,0.7,4,2.39,18.25,0.317,"zebra 22%, deer 17%","<long> 32%, zebra 28%",0.6589,0.351,0.658
r8_0300_travel_document,"Name a type of travel document. Reply with only the name, nothing else.",0.6528,passport -> real,0.6528,passport -> real,0.5151,passport -> real,60,64,0.0,0.289,0.173,60,90,6,0.0,0.167,7.9,passport,1.0,1,1.0,1.21,0.968,"passport 98%, パスポート 2%","passport 68%, <long> 29%",0.6911,0.034,0.856
r8_0005_bread,"Name a bread. Reply with only the name, nothing else.",0.6528,<long> -> bench,0.6361,sourdough -> real,0.5518,sourdough -> real,59,61,0.017,0.322,0.2,60,90,28,0.0,0.187,9.7,sourdough,0.8,4,2.03,5.6,0.608,"sourdough 65%, bread 10%","sourdough 38%, <long> 32%",0.6525,0.134,0.939
r8_1695_talent,"Name a talent. Reply with only the name, nothing else.",0.6528,<long> -> bench,0.525,claude -> real,0.5254,claude -> real,59,61,0.017,0.322,0.2,60,90,91,0.0,0.187,8.9,singing,0.2,15,13.2,78.88,0.042,"claude 5%, harrison ford 3%","<long> 32%, coding 3%",0.6567,0.601,0.661
r8s_1946_hive_product,"Suggest a type of hive product. Reply with only the name, nothing else.",0.6528,<long> -> bench,0.5389,honey -> bench,0.6338,honey -> bench,59,61,0.017,0.322,0.2,60,90,51,0.0,0.193,9.2,honey,0.65,7,3.52,14.12,0.475,"honey 33%, bee 7%","honey 41%, <long> 32%",0.655,0.344,0.76
r8s_1970_orbit,"Suggest a type of orbit. Reply with only the name, nothing else.",0.6528,<long> -> bench,0.5556,geosynchronous -> real,0.5656,s orbital -> bench,59,61,0.017,0.322,0.2,60,90,56,0.0,0.193,9.6,geostationary,0.2,12,10.44,32.37,0.125,"geosynchronous 17%, geostationary 12%","<long> 32%, s orbital 9%",0.6419,0.325,0.95
r8s_0666_lantern,"Suggest a type of lantern. Reply with only the name, nothing else.",0.6528,<long> -> bench,0.6333,paper lantern -> real,0.628,paper lantern -> real,59,61,0.017,0.322,0.2,60,90,57,0.0,0.2,9.3,paper lantern,0.7,6,2.94,23.14,0.258,"paper lantern 30%, lantern 13%","<long> 32%, lantern 26%",0.6644,0.355,0.888
r8s_0154_art_supply,"Suggest a type of art supply. Reply with only the name, nothing else.",0.6528,<long> -> bench,0.5722,acrylic paint -> real,0.5339,acrylic -> real,59,61,0.017,0.322,0.2,60,90,35,0.0,0.187,9.2,acrylic paint,0.3,10,8.05,12.02,0.433,"acrylic paint 43%, charcoal 8%","<long> 32%, acrylic paint 29%",0.67,0.302,0.83
r8s_0179_primary_color,"Suggest a type of primary color. Reply with only the name, nothing else.",0.6528,<long> -> bench,0.5944,blue -> real,0.7155,red -> bench,59,61,0.017,0.322,0.2,60,90,21,0.0,0.193,8.3,red,1.0,1,1.0,4.54,0.575,"red 35%, blue 30%","red 53%, <long> 32%",0.6492,0.164,1.078
r8_1170_texture_in_music,"Name a texture in music. Reply with only the name, nothing else.",0.6528,<long> -> bench,0.5583,glissando -> real,0.5593,glissando -> real,59,61,0.017,0.322,0.2,60,90,78,0.0,0.187,9.1,staccato,0.35,12,8.58,59.16,0.067,"glissando 12%, jazz 5%","<long> 32%, rhythm 7%",0.6469,0.564,0.859
r8_1168_aneide,"Name an aneide. Reply with only the name, nothing else.",0.6528,<long> -> bench,0.55,amoeba -> real,0.5526,amoeba -> real,57,58,0.05,0.356,0.233,60,90,103,0.0,0.207,10.7,amoeba,0.1,18,17.41,93.54,0.052,"amoeba 10%, aneide 5%","<long> 36%, euglena 2%",0.6364,0.547,0.714
r8_1483_pocket_type,"Name a pocket type. Reply with only the name, nothing else.",0.6528,<long> -> bench,0.5083,munchkin -> real,0.53,pocket -> bench,59,61,0.017,0.322,0.2,60,90,92,0.0,0.187,9.1,jacket,0.1,19,18.66,58.62,0.2,"pocket 17%, none 2%","<long> 32%, pocket 16%",0.6519,0.561,0.907
r8_1904_chainring,"Name a type of chainring. Reply with only the name, nothing else.",0.6528,<long> -> bench,0.5722,chainring -> real,0.5684,chainring -> real,59,61,0.017,0.322,0.2,60,90,86,0.0,0.2,9.0,cassette,0.1,19,18.66,64.9,0.1,"chainring 17%, single 7%","<long> 32%, cassette 6%",0.6611,0.496,0.965
r8_1517_spirit,"Name a spirit. Reply with only the name, nothing else.",0.6528,<long> -> bench,0.6417,whiskey -> bench,0.7205,whiskey -> bench,59,61,0.017,0.322,0.2,60,90,73,0.0,0.18,8.9,vodka,0.3,9,6.63,35.68,0.275,"whiskey 5%, vodka 3%","whiskey 33%, <long> 32%",0.6872,0.376,1.194
r8_1852_fantasy_author,"Name a fantasy author. Reply with only the name, nothing else.",0.6528,j.r.r. tolkien -> real,0.6528,j.r.r. tolkien -> real,0.5702,j.r.r. tolkien -> real,60,70,0.0,0.222,0.133,60,90,14,0.0,0.113,9.3,j.r.r. tolkien,0.85,3,1.68,2.42,0.808,"j.r.r. tolkien 88%, j.k. rowling 8%","j.r.r. tolkien 58%, <long> 22%",0.6764,0.092,0.889
r8s_0460_scarf,"Suggest a type of scarf. Reply with only the name, nothing else.",0.6528,<long> -> bench,0.5778,scarf -> real,0.5765,scarf -> real,59,61,0.017,0.322,0.2,60,90,48,0.0,0.187,9.1,cashmere,0.25,12,9.46,25.11,0.167,"cashmere 17%, scarf 17%","<long> 32%, beanie 13%",0.6483,0.349,0.871
r8_0421_spread,"Name a spread. Reply with only the name, nothing else.",0.6528,<long> -> bench,0.5222,spread spectrum -> bench,0.5364,spread spectrum -> bench,55,55,0.083,0.389,0.267,60,90,96,0.0,0.207,10.3,club sandwich,0.2,16,14.14,84.02,0.073,"<long> 8%, spread 7%","<long> 39%, spread 4%",0.6397,0.611,0.63
r8_1207_bearing,"Name a type of bearing. Reply with only the name, nothing else.",0.6528,<long> -> bench,0.6333,ball bearing -> real,0.5404,ball -> bench,59,61,0.017,0.322,0.2,60,90,18,0.0,0.2,8.8,ball bearing,0.95,2,1.22,2.64,0.8,"ball bearing 80%, ball 3%","ball bearing 53%, <long> 32%",0.6578,0.151,0.705
r8s_0618_graph,"Suggest a type of graph. Reply with only the name, nothing else.",0.6528,<long> -> bench,0.5778,bar graph -> real,0.5814,scatter plot -> bench,59,61,0.017,0.322,0.2,60,90,64,0.0,0.187,8.9,line graph,0.75,5,2.45,31.62,0.2,"bar chart 22%, bar graph 17%","<long> 32%, scatter plot 13%",0.6386,0.379,1.078
r8s_1296_guitar,"Suggest a type of guitar. Reply with only the name, nothing else.",0.6528,<long> -> bench,0.6222,stratocaster -> real,0.6116,stratocaster -> real,59,61,0.017,0.322,0.2,60,90,18,0.0,0.193,9.7,acoustic guitar,0.55,4,2.71,6.42,0.408,"acoustic 32%, stratocaster 30%","acoustic 33%, <long> 32%",0.6642,0.176,1.393
r8_1909_photograph,"Name a photograph. Reply with only the name, nothing else.",0.6528,<long> -> bench,0.5806,mona lisa -> real,0.546,mona lisa -> real,57,58,0.05,0.356,0.233,60,90,68,0.0,0.2,10.9,mona lisa,0.3,15,11.68,32.26,0.287,"mona lisa 32%, starry night 10%","<long> 36%, mona lisa 16%",0.66,0.271,0.774
r8_1461_chip_flavor,"Name a chip flavor. Reply with only the name, nothing else.",0.6528,<long> -> bench,0.5389,strawberry -> real,0.5345,strawberry -> real,59,61,0.017,0.322,0.2,60,90,93,0.0,0.18,9.3,chips,0.1,19,18.66,75.65,0.067,"strawberry 10%, cherry 7%","<long> 32%, chocolate chip 4%",0.6578,0.395,0.606
r8_1928_guitar_pick,"Name a guitar pick. Reply with only the name, nothing else.",0.6528,<long> -> bench,0.575,deluxe -> real,0.5533,deluxe -> real,59,61,0.017,0.322,0.2,60,90,67,0.0,0.193,9.2,tortex,0.3,14,10.9,37.09,0.2,"deluxe 25%, plectrum 10%","<long> 32%, deluxe 10%",0.6367,0.341,0.8
r8s_1091_bread_loaf,"Suggest a type of bread loaf. Reply with only the name, nothing else.",0.6528,<long> -> bench,0.625,sourdough -> real,0.5169,pumpernickel -> real,59,61,0.017,0.322,0.2,60,90,21,0.0,0.193,9.6,sourdough,0.85,4,1.8,2.56,0.833,"sourdough 82%, pumpernickel 3%","sourdough 57%, <long> 32%",0.6658,0.153,0.814
r8s_0522_syrup,"Suggest a type of syrup. Reply with only the name, nothing else.",0.6528,<long> -> bench,0.6222,maple -> real,0.6123,honey -> bench,59,61,0.017,0.322,0.2,60,90,43,0.0,0.187,8.9,maple syrup,0.7,4,2.39,16.33,0.267,"maple 30%, maple syrup 17%","<long> 32%, honey 26%",0.6775,0.321,0.854
r8s_0524_kitchen_utensil,"Suggest a type of kitchen utensil. Reply with only the name, nothing else.",0.6528,<long> -> bench,0.5528,whisk -> real,0.6035,spatula -> bench,59,61,0.017,0.322,0.2,60,90,27,0.0,0.173,8.8,whisk,0.35,10,7.47,10.72,0.292,"whisk 22%, spatula 18%","<long> 32%, spatula 27%",0.6556,0.316,0.907
r8_1201_line_type,"Name a line type. Reply with only the name, nothing else.",0.6528,<long> -> bench,0.5833,serif -> real,0.5847,serif -> real,59,61,0.017,0.322,0.2,60,90,69,0.0,0.18,8.1,dashed,0.6,6,3.56,42.61,0.142,"serif 17%, solid 12%","<long> 32%, solid 11%",0.6411,0.496,0.665
r8_1115_laughter,"Name a laughter. Reply with only the name, nothing else.",0.6528,<long> -> bench,0.5167,rooster -> real,0.5259,chuckle -> bench,57,58,0.05,0.356,0.233,60,90,82,0.0,0.22,10.2,cackle,0.45,10,6.48,59.27,0.122,"cackle 10%, <long> 5%","<long> 36%, cackle 9%",0.6708,0.489,0.939
r8s_0219_bear_species,"Suggest a bear species. Reply with only the name, nothing else.",0.6528,<long> -> bench,0.6167,polar bear -> real,0.6284,grizzly bear -> bench,59,61,0.017,0.322,0.2,60,90,33,0.0,0.18,9.3,grizzly bear,0.4,6,4.61,13.05,0.3,"polar bear 30%, grizzly bear 17%","<long> 32%, grizzly bear 29%",0.6542,0.248,0.931
r8_0591_tissue,"Name a tissue. Reply with only the name, nothing else.",0.6528,<long> -> bench,0.575,kleenex -> real,0.5763,kleenex -> real,59,61,0.017,0.322,0.2,60,90,57,0.0,0.187,9.2,epithelial tissue,0.4,8,5.84,36.05,0.108,"kleenex 15%, tissue 8%","<long> 32%, muscle 10%",0.6583,0.417,0.543
r8_0588_lipstick,"Name a lipstick. Reply with only the name, nothing else.",0.6528,<long> -> bench,0.5194,dior -> real,0.5343,red -> bench,57,58,0.05,0.356,0.233,60,90,78,0.0,0.173,10.4,rouge dior,0.15,17,15.83,56.05,0.13,"lipstick 10%, ruby 5%","<long> 36%, lipstick 10%",0.6486,0.31,0.812
r8s_1450_alarm,"Suggest a type of alarm. Reply with only the name, nothing else.",0.6528,<long> -> bench,0.5583,smoke alarm -> bench,0.6052,smoke alarm -> bench,59,61,0.017,0.322,0.2,60,90,56,0.0,0.193,8.7,motion sensor alarm,0.15,15,13.78,25.77,0.192,"smoke detector 15%, siren 8%","<long> 32%, smoke alarm 20%",0.6539,0.341,0.629
r8s_1362_saxophone,"Suggest a type of saxophone. Reply with only the name, nothing else.",0.6528,<long> -> bench,0.575,alto -> real,0.5478,tenor saxophone -> bench,59,61,0.017,0.322,0.2,60,90,29,0.0,0.2,9.4,alto saxophone,0.5,4,3.21,10.81,0.283,"alto 32%, alto saxophone 25%","<long> 32%, alto 17%",0.6561,0.143,0.939
r8s_1402_ceramic_product,"Suggest a type of ceramic product. Reply with only the name, nothing else.",0.6528,<long> -> bench,0.5667,porcelain -> bench,0.6518,porcelain -> bench,59,61,0.017,0.322,0.2,60,90,34,0.0,0.18,8.9,vase,0.25,13,10.86,11.27,0.392,"porcelain 23%, ceramic mug 15%","porcelain 37%, <long> 32%",0.6633,0.211,0.929
r8_0602_chip,"Name a chip. Reply with only the name, nothing else.",0.6528,<long> -> bench,0.5861,intel -> real,0.621,intel core i9 -> bench,59,61,0.017,0.322,0.2,60,90,60,0.0,0.18,9.6,intel core i9,0.6,6,3.56,28.28,0.242,"intel 22%, intel core i9 12%","<long> 32%, intel core i9 24%",0.6603,0.291,0.662
r8_0638_glass_item,"Name a glass item. Reply with only the name, nothing else.",0.6528,<long> -> bench,0.5417,goblet -> real,0.6021,glass -> bench,59,61,0.017,0.322,0.2,60,90,41,0.0,0.187,8.6,glass,0.45,7,4.91,14.26,0.375,"glass 27%, vase 12%","<long> 32%, glass 32%",0.655,0.23,1.162
r8s_0057_movie_genre,"Suggest a movie genre. Reply with only the name, nothing else.",0.6528,<long> -> bench,0.5944,sci-fi -> real,0.5866,action -> bench,59,61,0.017,0.322,0.2,60,90,15,0.0,0.193,8.5,sci-fi,0.75,3,2.08,4.64,0.442,"sci-fi 47%, action 22%","<long> 32%, sci-fi 28%",0.6497,0.201,0.769
r8_0845_reflective,"Name a reflective. Reply with only the name, nothing else.",0.6528,<long> -> bench,0.5639,mirror -> bench,0.6199,mirror -> bench,57,58,0.05,0.356,0.233,60,90,76,0.0,0.213,9.9,reflection,0.1,18,17.41,42.05,0.209,"mirror 8%, reflective 8%","<long> 36%, mirror 21%",0.6728,0.46,0.654
r8_0851_tower,"Name a tower. Reply with only the name, nothing else.",0.6528,<long> -> bench,0.5222,big ben -> real,0.5363,eiffel tower -> bench,59,61,0.017,0.322,0.2,60,90,53,0.0,0.193,9.6,eiffel tower,0.8,5,2.18,21.6,0.325,"eiffel tower 28%, empire state building 7%","<long> 32%, eiffel tower 24%",0.6586,0.342,0.844
r8s_0907_insect_wing,"Suggest a type of insect wing. Reply with only the name, nothing else.",0.6528,<long> -> bench,0.5778,moth -> real,0.5765,moth -> real,59,61,0.017,0.322,0.2,60,90,45,0.0,0.18,9.1,membranous,0.25,12,9.46,20.21,0.233,"dragonfly 23%, butterfly 20%","<long> 32%, dragonfly 16%",0.65,0.337,0.86
r8_0160_soil,"Name a soil. Reply with only the name, nothing else.",0.6528,<long> -> bench,0.5861,loam -> real,0.5697,loam -> real,59,61,0.017,0.322,0.2,60,90,38,0.0,0.2,9.1,clay,0.35,7,5.15,12.39,0.375,"clay 38%, loam 25%","<long> 32%, clay 24%",0.6531,0.317,0.785
r8_1348_sound_maker,"Name a sound maker. Reply with only the name, nothing else.",0.6528,<long> -> bench,0.5667,guitar -> bench,0.5984,guitar -> bench,59,61,0.017,0.322,0.2,60,90,94,0.0,0.173,9.0,guitar,0.3,7,5.94,73.43,0.1,"soundmaker 3%, korg 3%","<long> 32%, guitar 13%",0.6911,0.561,0.679
r8_1315_barometer,"Name a barometer. Reply with only the name, nothing else.",0.6528,<long> -> bench,0.6278,barometer -> real,0.5892,barometer -> real,59,61,0.017,0.322,0.2,60,90,47,0.0,0.18,9.6,mercury barometer,0.35,6,4.48,17.01,0.35,"barometer 43%, thermometer 10%","<long> 32%, barometer 18%",0.6694,0.218,0.853
r8_0182_polymer,"Name a polymer. Reply with only the name, nothing else.",0.6528,<long> -> bench,0.5861,polyethylene -> real,0.5353,polystyrene -> real,59,61,0.017,0.322,0.2,60,90,27,0.0,0.193,9.3,polyethylene,0.85,3,1.68,5.02,0.642,"polyethylene 62%, polystyrene 15%","polyethylene 44%, <long> 32%",0.6583,0.199,0.752
r8_0386_wizard,"Name a wizard. Reply with only the name, nothing else.",0.6528,<long> -> bench,0.5417,harry potter -> real,0.6307,gandalf -> bench,59,61,0.017,0.322,0.2,60,90,32,0.0,0.187,9.7,gandalf,0.7,6,2.94,5.58,0.658,"gandalf 52%, harry potter 8%","gandalf 53%, <long> 32%",0.6642,0.24,0.724
r8s_1065_culinary_mushroom,"Suggest a type of culinary mushroom. Reply with only the name, nothing else.",0.6528,<long> -> bench,0.6194,shiitake -> real,0.6113,shiitake -> real,59,61,0.017,0.322,0.2,60,90,29,0.0,0.187,9.3,cremini,0.35,8,6.34,10.78,0.283,"shiitake 28%, cremini 22%","<long> 32%, cremini 23%",0.6567,0.226,1.065
r8s_1207_bearing,"Suggest a type of bearing. Reply with only the name, nothing else.",0.6528,<long> -> bench,0.5889,ball bearing -> real,0.5727,ball -> bench,59,61,0.017,0.322,0.2,60,90,25,0.0,0.173,8.7,ball bearing,0.95,2,1.22,5.93,0.575,"ball bearing 57%, ball 7%","ball bearing 39%, <long> 32%",0.6478,0.274,0.809
r8s_1201_line_type,"Suggest a line type. Reply with only the name, nothing else.",0.6528,<long> -> bench,0.5583,solid -> bench,0.5899,solid -> bench,59,61,0.017,0.322,0.2,60,90,92,0.0,0.193,8.8,solid,0.4,8,5.84,69.38,0.108,"dashed 3%, helvetica 3%","<long> 32%, solid 13%",0.7131,0.595,0.502
r8s_1076_noble,"Suggest a type of noble. Reply with only the name, nothing else.",0.6528,<long> -> bench,0.5556,baron -> real,0.5738,gold -> bench,59,61,0.017,0.322,0.2,60,90,67,0.0,0.18,8.6,baron,0.35,5,4.18,40.31,0.167,"baron 20%, knight 8%","<long> 32%, gold 10%",0.6483,0.471,1.246
r8s_0940_blood_vessel,"Suggest a type of blood vessel. Reply with only the name, nothing else.",0.6528,<long> -> bench,0.6361,artery -> real,0.5254,capillary -> real,59,61,0.017,0.322,0.2,60,90,8,0.0,0.18,8.6,artery,0.9,2,1.38,1.63,0.9,"artery 88%, capillary 5%","artery 61%, <long> 32%",0.6678,0.109,1.022
r8s_0928_airport,"Suggest a type of airport. Reply with only the name, nothing else.",0.6528,<long> -> bench,0.5722,international -> real,0.5486,international airport -> bench,59,61,0.017,0.322,0.2,60,90,38,0.0,0.2,8.7,international,0.2,12,10.44,13.56,0.392,"international 40%, airport 8%","<long> 32%, international 26%",0.6586,0.297,0.827
r8s_0727_documentary,"Suggest a type of documentary. Reply with only the name, nothing else.",0.6528,<long> -> bench,0.5778,nature -> bench,0.653,nature -> bench,59,61,0.017,0.322,0.2,60,90,54,0.0,0.193,8.8,nature,0.35,11,8.01,21.54,0.325,"nature 17%, documentary 10%","<long> 32%, nature 32%",0.6675,0.364,0.646
r8_1388_door_type,"Name a door type. Reply with only the name, nothing else.",0.6528,<long> -> bench,0.5583,sliding -> real,0.5959,sliding door -> bench,59,61,0.017,0.322,0.2,60,90,63,0.0,0.193,9.1,sliding door,0.35,11,8.01,31.21,0.25,"sliding door 15%, sliding 12%","<long> 32%, sliding door 23%",0.6428,0.39,0.966
r8_1961_type_of_sports_team,"Name a type of sports team. Reply with only the name, nothing else.",0.6528,<long> -> bench,0.5583,football -> real,0.5843,football team -> bench,59,61,0.017,0.322,0.2,60,90,30,0.0,0.18,8.7,football team,0.6,9,4.5,10.18,0.442,"football team 35%, football 15%","football team 36%, <long> 32%",0.6539,0.317,0.641
r8_1416_mailing_item,"Name a mailing item. Reply with only the name, nothing else.",0.6528,<long> -> bench,0.5889,envelope -> bench,0.6546,envelope -> bench,57,58,0.05,0.356,0.233,60,90,60,0.0,0.227,9.5,envelope,0.25,8,5.98,26.63,0.226,"letter 15%, postcard 8%","<long> 36%, envelope 24%",0.6717,0.45,0.873
r8_1411_sensation,"Name a sensation. Reply with only the name, nothing else.",0.6528,<long> -> bench,0.525,bittersweet -> real,0.5328,sweet -> bench,59,61,0.017,0.322,0.2,60,90,93,0.0,0.193,9.0,touch,0.35,10,7.47,79.45,0.05,"heat 5%, bittersweet 5%","<long> 32%, bliss 6%",0.6669,0.535,0.664
r8_0023_accessory,"Name an accessory. Reply with only the name, nothing else.",0.6528,<long> -> bench,0.5417,glasses -> bench,0.5653,glasses -> bench,59,61,0.017,0.322,0.2,60,90,65,0.0,0.193,8.7,watch,0.3,6,4.83,35.41,0.15,"sunglasses 17%, headphones 10%","<long> 32%, glasses 10%",0.6467,0.447,0.659
r8s_0459_television_genre,"Suggest a television genre. Reply with only the name, nothing else.",0.6528,<long> -> bench,0.5861,comedy -> bench,0.6462,comedy -> bench,59,61,0.017,0.322,0.2,60,90,24,0.0,0.187,8.8,sci-fi,0.25,12,9.46,10.73,0.233,"documentary 18%, sci-fi 15%","<long> 32%, comedy 26%",0.6319,0.174,0.78
r8_1041_giant,"Name a giant. Reply with only the name, nothing else.",0.6528,<long> -> bench,0.5472,goliath -> real,0.5429,goliath -> real,59,61,0.017,0.322,0.2,60,90,81,0.0,0.18,9.2,goliath,0.5,11,6.32,63.54,0.075,"goliath 12%, zeus 7%","<long> 32%, zeus 6%",0.6611,0.412,0.678
r8_1015_bone_in_the_body,"Name a bone in the body. Reply with only the name, nothing else.",0.6528,femur -> real,0.6528,femur -> real,0.5547,femur -> real,60,69,0.0,0.233,0.14,60,90,13,0.0,0.133,7.8,femur,1.0,1,1.0,1.8,0.891,"femur 95%, humerus 3%","femur 64%, <long> 23%",0.675,0.082,0.868
r8_0996_tree_part,"Name a tree part. Reply with only the name, nothing else.",0.6528,<long> -> bench,0.5917,leaf -> real,0.5328,leaves -> bench,59,61,0.017,0.322,0.2,60,90,16,0.0,0.18,8.0,leaf,0.7,3,2.11,2.98,0.758,"leaf 72%, branch 7%","leaf 53%, <long> 32%",0.6611,0.161,0.85
r8s_0363_sunglass,"Suggest a type of sunglass. Reply with only the name, nothing else.",0.6528,<long> -> bench,0.5722,wayfarers -> real,0.5721,aviators -> bench,59,61,0.017,0.322,0.2,60,90,20,0.0,0.18,8.8,aviators,0.3,7,5.69,7.77,0.3,"aviator 32%, wayfarers 23%","<long> 32%, aviator 19%",0.6531,0.158,0.899
r8_0550_boat_type,"Name a boat type. Reply with only the name, nothing else.",0.6528,<long> -> bench,0.5972,sloop -> real,0.5632,sloop -> real,59,61,0.017,0.322,0.2,60,90,28,0.0,0.18,8.9,sailboat,0.6,5,3.01,9.49,0.292,"sloop 35%, yacht 27%","<long> 32%, sailboat 16%",0.6572,0.219,0.903
r8_0572_compass_direction,"Name a compass direction. Reply with only the name, nothing else.",0.6528,north -> real,0.6528,north -> real,0.5485,north -> real,60,68,0.0,0.244,0.147,60,90,12,0.0,0.127,6.5,north,1.0,1,1.0,1.74,0.898,"north 95%, east 3%","north 64%, <long> 24%",0.7294,0.059,0.787
r8_0434_milkshake,"Name a milkshake. Reply with only the name, nothing else.",0.6528,<long> -> bench,0.5944,chocolate -> bench,0.6546,chocolate -> bench,59,61,0.017,0.322,0.2,60,90,52,0.0,0.193,9.5,chocolate,0.5,8,4.79,26.98,0.225,"chocolate fudge 12%, strawberry banana 12%","<long> 32%, chocolate 26%",0.6553,0.304,0.898
r8_1810_gase,"Name a gase. Reply with only the name, nothing else.",0.6528,<long> -> bench,0.5639,oxygen -> real,0.5189,helium -> real,59,61,0.017,0.322,0.2,60,90,47,0.0,0.18,8.5,oxygen,0.45,4,3.02,15.86,0.383,"oxygen 38%, helium 15%","<long> 32%, oxygen 26%",0.6489,0.325,0.571
r8_1505_ceremony,"Name a ceremony. Reply with only the name, nothing else.",0.6528,<long> -> bench,0.5944,wedding -> bench,0.6881,wedding -> bench,57,58,0.05,0.356,0.233,60,90,63,0.0,0.207,10.1,wedding,0.65,4,2.52,24.22,0.365,"wedding 17%, wedding ceremony 8%","<long> 36%, wedding 36%",0.6767,0.434,0.587
r8_1494_pipette,"Name a pipette. Reply with only the name, nothing else.",0.6528,<long> -> bench,0.5472,pipette -> bench,0.6041,pipette -> bench,59,61,0.017,0.322,0.2,60,90,37,0.0,0.173,9.4,mohr pipette,0.35,8,5.89,16.94,0.258,"pipette 15%, serological pipette 13%","<long> 32%, pipette 24%",0.6511,0.225,1.093
r8_1513_award,"Name an award. Reply with only the name, nothing else.",0.6528,<long> -> bench,0.5861,oscar -> real,0.5429,pulitzer prize -> real,59,61,0.017,0.322,0.2,60,90,28,0.0,0.187,9.2,oscar,0.95,2,1.22,7.69,0.392,"oscar 42%, nobel prize 25%","<long> 32%, oscar 24%",0.6431,0.224,0.908
r8_1849_paint_medium,"Name a paint medium. Reply with only the name, nothing else.",0.6528,acrylic -> real,0.6528,acrylic -> real,0.6218,acrylic -> real,60,63,0.0,0.3,0.18,60,90,10,0.0,0.173,8.0,acrylic,0.3,8,6.26,3.7,0.488,"acrylic 45%, oil 43%","oil 38%, <long> 30%",0.6781,0.107,1.022
r8s_1536_bolt,"Suggest a type of bolt. Reply with only the name, nothing else.",0.6528,<long> -> bench,0.5694,hex bolt -> real,0.5452,hex bolt -> real,59,61,0.017,0.322,0.2,60,90,72,0.0,0.16,8.8,hex bolt,0.9,3,1.48,37.3,0.208,"hex bolt 25%, bolt 13%","<long> 32%, hex bolt 11%",0.6308,0.455,0.682
r8s_1623_rubber_product,"Suggest a type of rubber product. Reply with only the name, nothing else.",0.6528,<long> -> bench,0.5611,balloon -> bench,0.5902,balloon -> bench,59,61,0.017,0.322,0.2,60,90,55,0.0,0.187,9.2,rubber band,0.4,9,6.26,35.71,0.1,"rubber band 10%, rubber bands 8%","<long> 32%, balloon 12%",0.6656,0.268,0.854
r8_0486_peninsula,"Name a peninsula. Reply with only the name, nothing else.",0.6528,florida -> real,0.6528,florida -> real,0.6256,florida -> real,59,63,0.017,0.3,0.187,60,90,49,0.0,0.18,8.8,yucatan,0.2,13,10.9,18.81,0.328,"florida 45%, california 8%","<long> 30%, florida 14%",0.6467,0.224,1.007
r8_1130_light_switch_type,"Name a light switch type. Reply with only the name, nothing else.",0.65,<long> -> bench,0.5361,rocker -> bench,0.5552,rocker -> bench,60,63,0.0,0.3,0.18,60,90,38,0.0,0.167,8.1,dimmer,0.2,13,10.9,13.28,0.341,"toggle switch 30%, toggle 17%","<long> 30%, toggle switch 27%",0.6525,0.268,1.086
r8_0456_jazz_standard,"Name a jazz standard. Reply with only the name, nothing else.",0.65,<long> -> bench,0.5889,take five -> real,0.5259,autumn leaves -> real,58,60,0.033,0.333,0.213,60,90,26,0.0,0.187,9.4,take five,0.55,6,3.78,6.2,0.542,"take five 53%, take the a train 15%","take five 36%, <long> 33%",0.6581,0.145,0.869
r8_0003_constellation,"Name a constellation. Reply with only the name, nothing else.",0.65,<long> -> bench,0.6056,orion -> real,0.5437,orion -> real,60,63,0.0,0.3,0.18,60,90,15,0.0,0.16,8.6,orion,0.6,3,2.28,3.38,0.455,"orion 50%, ursa major 40%","ursa major 33%, <long> 30%",0.6578,0.085,0.944
r8s_1720_casino_game,"Suggest a type of casino game. Reply with only the name, nothing else.",0.65,<long> -> bench,0.5556,blackjack -> real,0.5563,blackjack -> bench,60,63,0.0,0.3,0.18,60,90,16,0.0,0.173,8.3,blackjack,0.8,5,2.18,3.65,0.691,"blackjack 63%, poker 10%","blackjack 52%, <long> 30%",0.6422,0.22,0.904
r8_1679_heater_type,"Name a heater type. Reply with only the name, nothing else.",0.65,<long> -> bench,0.625,electric -> real,0.6647,electric heater -> bench,60,63,0.0,0.3,0.18,60,90,40,0.0,0.167,8.0,electric heater,0.45,9,5.89,14.28,0.285,"electric 38%, electric heater 8%","<long> 30%, electric heater 29%",0.6642,0.307,0.869
r8_1637_easel,"Name an easel. Reply with only the name, nothing else.",0.65,<long> -> bench,0.575,easel -> real,0.5172,canvas -> real,58,60,0.033,0.333,0.213,60,90,64,0.0,0.18,9.2,artists easel,0.15,17,15.83,18.57,0.458,"easel 45%, <long> 3%","<long> 33%, easel 30%",0.6639,0.449,0.746
r8_1709_window_type,"Name a window type. Reply with only the name, nothing else.",0.65,<long> -> bench,0.5444,terminal -> bench,0.5706,terminal -> bench,60,63,0.0,0.3,0.18,60,90,58,0.0,0.173,8.1,casement,0.6,4,2.63,29.36,0.228,"casement 20%, desktop 7%","<long> 30%, casement 18%",0.6411,0.421,0.599
r8s_1654_cable,"Suggest a type of cable. Reply with only the name, nothing else.",0.65,<long> -> bench,0.5583,cat6 -> real,0.5845,ethernet cable -> bench,60,63,0.0,0.3,0.18,60,90,34,0.0,0.173,8.5,ethernet cable,0.5,10,5.9,18.16,0.203,"ethernet 15%, usb-c 12%","<long> 30%, ethernet cable 20%",0.6289,0.197,0.783
r8s_1606_crab,"Suggest a type of crab. Reply with only the name, nothing else.",0.65,<long> -> bench,0.5306,king crab -> real,0.5624,blue crab -> bench,58,60,0.033,0.333,0.213,60,90,43,0.0,0.213,9.5,blue crab,0.8,5,2.18,17.93,0.322,"blue crab 25%, king crab 8%","<long> 33%, blue crab 26%",0.6447,0.269,0.838
r8_1088_castle_feature,"Name a type of castle feature. Reply with only the name, nothing else.",0.65,<long> -> bench,0.6,moat -> real,0.5508,keep -> real,60,63,0.0,0.3,0.18,60,90,18,0.0,0.173,8.4,moat,0.75,4,2.23,2.73,0.789,"moat 77%, keep 13%","moat 57%, <long> 30%",0.6592,0.272,0.994
r8_0339_umbrella,"Name an umbrella. Reply with only the name, nothing else.",0.65,umbrella -> real,0.65,umbrella -> real,0.5985,umbrella -> real,60,67,0.0,0.256,0.153,60,90,59,0.0,0.14,7.9,umbrella,0.3,14,10.9,14.88,0.496,"umbrella 60%, parasol 3%","umbrella 30%, <long> 26%",0.6514,0.345,0.705
r8s_1530_level,"Suggest a type of level. Reply with only the name, nothing else.",0.65,<long> -> bench,0.5167,hard -> bench,0.525,hard -> bench,58,60,0.033,0.333,0.213,60,90,98,0.0,0.2,9.1,platform,0.3,10,7.51,85.48,0.051,"none 3%, level 3%","<long> 33%, expert 4%",0.6253,0.718,0.493
r8_0382_shoe_type,"Name a shoe type. Reply with only the name, nothing else.",0.65,<long> -> bench,0.6083,sneaker -> real,0.6214,sneakers -> bench,60,63,0.0,0.3,0.18,60,90,20,0.0,0.173,8.9,sneakers,0.9,3,1.48,6.83,0.358,"sneaker 38%, sneakers 23%","sneakers 33%, <long> 30%",0.6539,0.163,0.868
r8_1743_villain,"Name a villain. Reply with only the name, nothing else.",0.65,<long> -> bench,0.6306,joker -> real,0.5989,joker -> real,58,60,0.033,0.333,0.213,60,90,26,0.0,0.193,9.6,joker,0.15,12,11.19,8.7,0.331,"joker 42%, darth vader 13%","<long> 33%, darth vader 22%",0.6661,0.259,0.645
r8_1098_textile,"Name a textile. Reply with only the name, nothing else.",0.65,<long> -> bench,0.5667,silk -> real,0.5853,cotton -> bench,60,63,0.0,0.3,0.18,60,90,32,0.0,0.167,8.1,cotton,1.0,1,1.0,8.52,0.504,"cotton 42%, silk 13%","cotton 41%, <long> 30%",0.6442,0.252,0.8
r8_1767_movie_studio,"Name a movie studio. Reply with only the name, nothing else.",0.65,disney -> real,0.65,disney -> real,0.6331,disney -> real,59,64,0.017,0.289,0.18,60,90,21,0.0,0.16,8.4,disney,0.35,5,4.18,8.02,0.301,"disney 40%, warner bros 22%","<long> 29%, warner bros 27%",0.6628,0.098,0.964
r8s_0385_lighting_fixture,"Suggest a type of lighting fixture. Reply with only the name, nothing else.",0.65,<long> -> bench,0.5889,pendant light -> real,0.5627,pendant light -> real,60,63,0.0,0.3,0.18,60,90,48,0.0,0.173,9.1,chandelier,0.4,7,4.75,21.84,0.236,"pendant light 30%, chandelier 20%","<long> 30%, pendant light 12%",0.6478,0.22,0.866
r8_1690_martial_art,"Name a martial art. Reply with only the name, nothing else.",0.65,<long> -> bench,0.5639,karate -> real,0.5516,tai chi -> real,60,63,0.0,0.3,0.18,60,90,22,0.0,0.18,9.3,karate,0.5,2,2.0,7.03,0.374,"karate 38%, taekwondo 27%","<long> 30%, karate 26%",0.6628,0.22,0.979
r8_1720_casino_game,"Name a casino game. Reply with only the name, nothing else.",0.65,<long> -> bench,0.6,blackjack -> real,0.5214,blackjack -> bench,60,63,0.0,0.3,0.18,60,90,15,0.0,0.167,8.2,blackjack,0.9,2,1.38,2.59,0.789,"blackjack 77%, poker 8%","blackjack 57%, <long> 30%",0.6486,0.232,0.869
r8_1676_resistor_value,"Name a resistor value. Reply with only the name, nothing else.",0.65,<long> -> bench,0.5861,100 ohms -> real,0.5766,100 ohms -> real,60,63,0.0,0.3,0.18,60,90,38,0.0,0.16,9.6,10 ohm,0.1,17,16.25,19.13,0.138,"100 ohms 22%, 100 13%","<long> 30%, 100 ohm 12%",0.6878,0.228,0.793
r8s_1493_publication,"Suggest a type of publication. Reply with only the name, nothing else.",0.65,<long> -> bench,0.6111,research article -> bench,0.6659,research article -> bench,60,63,0.0,0.3,0.18,60,90,62,0.0,0.167,8.3,magazine,0.6,4,2.81,33.04,0.203,"magazine 17%, journal article 10%","<long> 30%, research article 26%",0.6661,0.377,0.856
r8_0518_toiletry,"Name a toiletry. Reply with only the name, nothing else.",0.65,<long> -> bench,0.5667,shampoo -> real,0.6123,toothpaste -> bench,60,63,0.0,0.3,0.18,60,90,20,0.0,0.18,8.9,toothbrush,0.65,6,3.29,6.76,0.398,"toothpaste 28%, deodorant 23%","toothpaste 36%, <long> 30%",0.6611,0.169,0.913
r8_0010_currency,"Name a currency. Reply with only the name, nothing else.",0.65,<long> -> bench,0.5417,dollars -> real,0.5806,dollar -> bench,60,63,0.0,0.3,0.18,60,90,16,0.0,0.18,7.7,dollar,0.75,4,2.23,3.48,0.699,"dollar 62%, dollars 12%","dollar 54%, <long> 30%",0.6653,0.201,0.861
r8_0173_toy,"Name a toy. Reply with only the name, nothing else.",0.65,<long> -> bench,0.575,teddy bear -> real,0.5607,teddy bear -> real,60,63,0.0,0.3,0.18,60,90,51,0.0,0.173,8.6,teddy bear,0.45,10,6.48,24.84,0.154,"teddy bear 22%, teddy 15%","<long> 30%, lego 9%",0.6564,0.344,0.786
r8_1106_oread,"Name an oread. Reply with only the name, nothing else.",0.65,<long> -> bench,0.5306,pan -> bench,0.5497,pan -> bench,58,60,0.033,0.333,0.213,60,90,90,0.0,0.18,9.5,orpheus,0.1,18,17.41,72.88,0.068,"oread 7%, cory 3%","<long> 33%, pan 8%",0.63,0.449,0.817
r8s_1701_canvas,"Suggest a type of canvas. Reply with only the name, nothing else.",0.65,<long> -> bench,0.5611,canvas -> bench,0.6382,canvas -> bench,58,60,0.033,0.333,0.213,60,90,64,0.0,0.173,8.8,acrylic,0.2,16,14.14,25.33,0.347,"canvas 20%, whiteboard 12%","<long> 33%, canvas 32%",0.6458,0.419,0.678
r8s_1619_occupation_in_transpor,"Suggest a type of occupation in transport. Reply with only the name, nothing else.",0.65,<long> -> bench,0.5389,pilot -> real,0.5341,pilot -> real,60,63,0.0,0.3,0.18,60,90,36,0.0,0.173,8.9,logistics manager,0.6,6,3.56,17.79,0.203,"logistics manager 18%, logistics coordinator 13%","<long> 30%, logistics manager 16%",0.6486,0.311,0.935
r8s_2000_chisel,"Suggest a type of chisel. Reply with only the name, nothing else.",0.65,<long> -> bench,0.5528,gouge -> real,0.552,gouge -> real,58,60,0.033,0.333,0.213,60,90,91,0.0,0.2,9.8,gouge,0.45,12,7.44,72.63,0.068,"gouge 12%, diamond 8%","<long> 33%, point chisel 4%",0.6531,0.45,0.732
r8s_1853_photography_term,"Suggest a type of photography term. Reply with only the name, nothing else.",0.65,<long> -> bench,0.5667,macro -> real,0.5556,panorama -> bench,60,63,0.0,0.3,0.18,60,90,47,0.0,0.18,8.3,long exposure,0.1,16,15.16,19.41,0.252,"macro 23%, long exposure 20%","<long> 30%, long exposure 21%",0.6733,0.398,0.666
r8s_1848_tree_leaf,"Suggest a type of tree leaf. Reply with only the name, nothing else.",0.65,<long> -> bench,0.5778,oak -> real,0.5417,sycamore -> real,60,63,0.0,0.3,0.18,60,90,51,0.0,0.167,7.9,oak,0.6,4,2.63,18.15,0.374,"oak 40%, sycamore 8%","<long> 30%, oak 24%",0.6436,0.364,0.78
r8s_1902_mountain_rock,"Suggest a type of mountain rock. Reply with only the name, nothing else.",0.65,<long> -> bench,0.6139,granite -> real,0.5159,gravel -> bench,60,63,0.0,0.3,0.18,60,90,18,0.0,0.167,8.3,granite,1.0,1,1.0,2.8,0.789,"granite 78%, basalt 7%","granite 56%, <long> 30%",0.6642,0.162,0.832
r8_0441_search_engine,"Name a search engine. Reply with only the name, nothing else.",0.65,<long> -> bench,0.6472,google -> real,0.5171,bing -> real,60,63,0.0,0.3,0.18,60,90,11,0.0,0.167,7.4,google,0.95,2,1.22,1.68,0.902,"google 92%, bing 5%","google 62%, <long> 30%",0.6861,0.128,0.905
r8_0535_stove,"Name a stove. Reply with only the name, nothing else.",0.65,<long> -> bench,0.5444,gas stove -> bench,0.5778,gas stove -> bench,60,63,0.0,0.3,0.18,60,90,58,0.0,0.18,8.6,gas stove,0.3,14,10.9,26.89,0.211,"stove 15%, oven 8%","<long> 30%, stove 19%",0.6561,0.364,0.84
r8s_1832_prehistoric_creature,"Suggest a type of prehistoric creature. Reply with only the name, nothing else.",0.65,<long> -> bench,0.5583,t-rex -> real,0.577,triceratops -> bench,60,63,0.0,0.3,0.18,60,90,24,0.0,0.167,9.5,triceratops,0.5,9,5.51,6.06,0.512,"triceratops 43%, t-rex 25%","triceratops 41%, <long> 30%",0.6439,0.197,1.002
r8s_1736_vegetable_green,"Suggest a type of vegetable green. Reply with only the name, nothing else.",0.65,<long> -> bench,0.5694,spinach -> real,0.5595,kale -> real,60,63,0.0,0.3,0.18,60,90,25,0.0,0.16,8.3,spinach,0.7,3,2.11,6.95,0.528,"spinach 52%, kale 17%","spinach 38%, <long> 30%",0.6531,0.29,0.778
r8_0021_body_part,"Name a body part. Reply with only the name, nothing else.",0.65,<long> -> bench,0.5333,hand -> real,0.5262,eye -> real,60,63,0.0,0.3,0.18,60,90,24,0.0,0.167,7.5,heart,0.6,4,2.63,10.18,0.244,"hand 23%, heart 23%","<long> 30%, heart 18%",0.6575,0.21,0.92
r8_0543_battery_type,"Name a battery type. Reply with only the name, nothing else.",0.65,<long> -> bench,0.6417,lithium-ion -> real,0.5317,lithium -> bench,60,63,0.0,0.3,0.18,60,90,12,0.0,0.18,9.6,lithium-ion,0.85,4,1.8,2.4,0.789,"lithium-ion 82%, li-ion 12%","lithium-ion 53%, <long> 30%",0.675,0.113,0.805
r8_1090_fitting,"Name a type of fitting. Reply with only the name, nothing else.",0.65,<long> -> bench,0.5444,linear regression -> bench,0.5635,linear regression -> bench,60,63,0.0,0.3,0.18,60,90,99,0.0,0.16,8.0,elbow,0.95,2,1.22,81.4,0.065,"architectural 3%, fitted 3%","<long> 30%, linear regression 9%",0.6867,0.533,0.794
r8s_1886_dolphin,"Suggest a type of dolphin. Reply with only the name, nothing else.",0.65,<long> -> bench,0.5889,bottlenose dolphin -> real,0.5452,bottlenose -> bench,60,63,0.0,0.3,0.18,60,90,31,0.0,0.18,10.0,bottlenose dolphin,0.8,3,1.85,7.39,0.52,"bottlenose dolphin 53%, bottlenose 10%","bottlenose dolphin 36%, <long> 30%",0.6553,0.215,0.939
r8_0821_housing,"Name a type of housing. Reply with only the name, nothing else.",0.65,<long> -> bench,0.55,apartment -> real,0.5714,apartment -> bench,60,63,0.0,0.3,0.18,60,90,23,0.0,0.18,8.1,apartment,0.9,3,1.48,3.67,0.74,"apartment 67%, house 7%","apartment 57%, <long> 30%",0.6542,0.215,0.745
r8_0877_protein_type,"Name a protein type. Reply with only the name, nothing else.",0.65,<long> -> bench,0.5833,hemoglobin -> real,0.5782,enzyme -> bench,60,63,0.0,0.3,0.18,60,90,36,0.0,0.16,8.2,enzyme,0.5,7,4.23,15.29,0.285,"hemoglobin 33%, globulin 12%","<long> 30%, hemoglobin 17%",0.6639,0.205,0.723
r8s_0796_purse,"Suggest a type of purse. Reply with only the name, nothing else.",0.65,<long> -> bench,0.5917,clutch -> real,0.5664,purse -> bench,58,60,0.033,0.333,0.213,60,90,32,0.0,0.193,9.1,clutch,0.45,7,4.91,10.52,0.39,"clutch 42%, tote bag 20%","<long> 33%, clutch 23%",0.6333,0.303,0.865
r8_0218_mountain,"Name a mountain. Reply with only the name, nothing else.",0.65,<long> -> bench,0.5722,k2 -> real,0.5389,k2 -> real,60,63,0.0,0.3,0.18,60,90,13,0.0,0.153,8.2,mount everest,0.7,3,2.23,4.27,0.463,"mount everest 45%, k2 30%","mount everest 33%, <long> 30%",0.6564,0.056,0.948
r8s_1986_button,"Suggest a type of button. Reply with only the name, nothing else.",0.65,<long> -> bench,0.5444,primary -> real,0.5623,button -> bench,60,63,0.0,0.3,0.18,60,90,58,0.0,0.173,8.0,ghost button,0.2,15,13.2,34.02,0.114,"primary 13%, primary button 7%","<long> 30%, button 12%",0.6544,0.307,0.693
r8s_1947_clothing_fastener,"Suggest a type of clothing fastener. Reply with only the name, nothing else.",0.65,<long> -> bench,0.6389,velcro -> real,0.6056,velcro -> real,60,63,0.0,0.3,0.18,60,90,19,0.0,0.18,8.3,zipper,0.5,6,4.06,5.78,0.374,"velcro 43%, zipper 30%","zipper 31%, <long> 30%",0.6594,0.197,0.987
r8_0573_knife,"Name a knife. Reply with only the name, nothing else.",0.65,<long> -> bench,0.5528,chef -> bench,0.5908,chef -> bench,58,60,0.033,0.333,0.213,60,90,58,0.0,0.2,9.9,chefs knife,0.6,8,4.2,27.8,0.229,"chefs knife 17%, butcher knife 7%","<long> 33%, chefs knife 19%",0.6603,0.36,0.962
r8_1808_ice_age,"Name a type of ice age. Reply with only the name, nothing else.",0.65,<long> -> bench,0.575,pleistocene -> real,0.5497,glaciation -> bench,58,60,0.033,0.333,0.213,60,90,52,0.0,0.193,9.8,pleistocene,0.25,13,10.58,21.03,0.331,"pleistocene 35%, quaternary 7%","<long> 33%, pleistocene 20%",0.6481,0.316,0.886
r8s_1395_latin_dance,"Suggest a type of latin dance. Reply with only the name, nothing else.",0.65,<long> -> bench,0.5861,salsa -> real,0.5167,rumba -> real,60,63,0.0,0.3,0.18,60,90,16,0.0,0.167,8.2,samba,0.45,4,2.77,3.99,0.504,"salsa 52%, samba 33%","salsa 34%, <long> 30%",0.6672,0.118,0.968
r8_1021_capacitor,"Name a capacitor. Reply with only the name, nothing else.",0.65,<long> -> bench,0.5361,aluminum -> real,0.5385,electrolytic capacitor -> bench,58,60,0.033,0.333,0.213,60,90,47,0.0,0.193,10.2,electrolytic,0.35,12,8.81,19.33,0.229,"electrolytic capacitor 18%, capacitor 15%","<long> 33%, electrolytic capacitor 18%",0.6558,0.356,0.728
r8_1055_social_media_platform,"Name a social media platform. Reply with only the name, nothing else.",0.65,<long> -> bench,0.5667,instagram -> real,0.5667,instagram -> real,60,63,0.0,0.3,0.18,60,90,12,0.0,0.173,7.5,facebook,0.55,4,2.71,4.13,0.528,"twitter 50%, facebook 25%","twitter 39%, <long> 30%",0.6397,0.127,0.851
r8_0584_government_type,"Name a government type. Reply with only the name, nothing else.",0.65,<long> -> bench,0.5444,monarchy -> real,0.5829,democracy -> bench,60,63,0.0,0.3,0.18,60,90,22,0.0,0.173,8.5,democracy,0.75,3,1.99,5.06,0.602,"democracy 52%, monarchy 17%","democracy 48%, <long> 30%",0.6425,0.231,1.084
r8_0673_angel,"Name an angel. Reply with only the name, nothing else.",0.65,<long> -> bench,0.5583,michael -> real,0.556,michael -> bench,60,63,0.0,0.3,0.18,60,90,25,0.0,0.167,7.9,michael,0.95,2,1.22,4.19,0.707,"michael 65%, seraph 5%","michael 53%, <long> 30%",0.6525,0.149,0.864
r8_1271_ancient_grain,"Name an ancient grain. Reply with only the name, nothing else.",0.65,<long> -> bench,0.5722,einkorn -> real,0.5698,emmer -> bench,60,63,0.0,0.3,0.18,60,90,29,0.0,0.167,8.2,quinoa,0.55,7,4.23,12.89,0.179,"quinoa 18%, spelt 17%","<long> 30%, barley 16%",0.6464,0.207,0.904
r8_1220_neurotransmitter,"Name a neurotransmitter. Reply with only the name, nothing else.",0.65,dopamine -> real,0.65,dopamine -> real,0.5688,dopamine -> real,60,69,0.0,0.233,0.14,60,90,8,0.0,0.133,7.8,dopamine,0.75,2,1.75,2.05,0.76,"dopamine 83%, serotonin 15%","dopamine 53%, <long> 23%",0.6547,0.087,0.938
r8_0210_cookware,"Name a type of cookware. Reply with only the name, nothing else.",0.65,<long> -> bench,0.5528,cauldron -> real,0.552,cast iron skillet -> bench,60,63,0.0,0.3,0.18,60,90,28,0.0,0.16,8.5,saucepan,0.35,11,8.01,14.7,0.203,"cast iron skillet 15%, saucepan 13%","<long> 30%, cast iron skillet 18%",0.6633,0.168,0.828
r8_1519_drama_type,"Name a drama type. Reply with only the name, nothing else.",0.65,<long> -> bench,0.5639,tragedy -> real,0.5504,melodrama -> real,60,63,0.0,0.3,0.18,60,90,19,0.0,0.173,8.9,tragedy,0.8,3,1.85,3.81,0.699,"tragedy 65%, melodrama 12%","tragedy 52%, <long> 30%",0.6581,0.195,1.04
r8s_0180_cleaning_product,"Suggest a type of cleaning product. Reply with only the name, nothing else.",0.65,<long> -> bench,0.6111,all-purpose cleaner -> real,0.6307,dish soap -> bench,58,60,0.033,0.333,0.213,60,90,48,0.0,0.193,9.6,dish soap,0.3,8,5.94,19.49,0.288,"all-purpose cleaner 23%, dish soap 15%","<long> 33%, dish soap 28%",0.6619,0.388,0.761
r8s_0189_carnival_ride,"Suggest a type of carnival ride. Reply with only the name, nothing else.",0.65,<long> -> bench,0.6,ferris wheel -> real,0.5429,ferris wheel -> bench,60,63,0.0,0.3,0.18,60,90,10,0.0,0.18,9.2,ferris wheel,0.85,4,1.8,1.6,0.911,"ferris wheel 87%, roller coaster 7%","ferris wheel 67%, <long> 30%",0.6672,0.084,0.935
r8s_0131_parasite,"Suggest a type of parasite. Reply with only the name, nothing else.",0.65,<long> -> bench,0.5583,tapeworm -> real,0.5512,tapeworm -> real,60,63,0.0,0.3,0.18,60,90,40,0.0,0.167,9.6,plasmodium,0.45,8,5.26,9.99,0.512,"plasmodium 47%, tapeworm 15%","plasmodium 39%, <long> 30%",0.6431,0.269,1.01
r8_1921_cheese_storage,"Name a type of cheese storage. Reply with only the name, nothing else.",0.65,<long> -> bench,0.5722,refrigeration -> bench,0.6032,refrigeration -> bench,60,63,0.0,0.3,0.18,60,90,47,0.0,0.173,9.1,cheese drawer,0.2,15,13.2,19.98,0.268,"refrigerator 25%, cheese cave 17%","<long> 30%, refrigerator 20%",0.645,0.297,0.912
r8_0704_ocean_zone,"Name an ocean zone. Reply with only the name, nothing else.",0.65,<long> -> bench,0.5278,thermocline -> real,0.5313,pelagic zone -> bench,60,63,0.0,0.3,0.18,60,90,57,0.0,0.173,9.3,benthic zone,0.45,7,4.99,40.0,0.081,"epipelagic 8%, abyssal 7%","<long> 30%, pacific 8%",0.6472,0.307,0.801
r8s_0684_calendar_month,"Suggest a type of calendar month. Reply with only the name, nothing else.",0.65,<long> -> bench,0.5778,february -> real,0.5468,february -> real,58,60,0.033,0.333,0.213,60,90,33,0.0,0.193,8.4,february,0.5,9,5.36,10.65,0.331,"february 30%, january 28%","<long> 33%, january 24%",0.6411,0.274,0.763
r8s_0595_burger_topping,"Suggest a type of burger topping. Reply with only the name, nothing else.",0.65,<long> -> bench,0.6278,bacon -> real,0.5754,bacon -> real,60,63,0.0,0.3,0.18,60,90,36,0.0,0.167,8.4,bacon,0.45,7,4.35,11.24,0.423,"bacon 50%, bbq sauce 7%","<long> 30%, bacon 24%",0.6594,0.349,0.762
r8s_0127_flightless_bird,"Suggest a type of flightless bird. Reply with only the name, nothing else.",0.65,<long> -> bench,0.575,emu -> real,0.5464,emu -> real,60,63,0.0,0.3,0.18,60,90,18,0.0,0.16,8.3,ostrich,0.35,5,3.95,6.31,0.26,"ostrich 28%, emu 28%","<long> 30%, kiwi 17%",0.6464,0.099,0.901
r8s_0735_shrub,"Suggest a type of shrub. Reply with only the name, nothing else.",0.65,<long> -> bench,0.5806,lavender -> real,0.5782,rose -> bench,60,63,0.0,0.3,0.18,60,90,55,0.0,0.173,8.6,boxwood,0.25,11,8.6,27.16,0.228,"lavender 28%, boxwood 12%","<long> 30%, rose 14%",0.6358,0.37,0.928
r8_0905_environmental_movement,"Name a type of environmental movement. Reply with only the name, nothing else.",0.65,<long> -> bench,0.5917,greenpeace -> real,0.602,green movement -> bench,60,63,0.0,0.3,0.18,60,90,52,0.0,0.167,8.5,greenpeace,0.5,7,4.67,28.1,0.154,"greenpeace 22%, environmentalism 7%","<long> 30%, green movement 18%",0.6703,0.293,0.995
r8_0938_taxi_service,"Name a taxi service. Reply with only the name, nothing else.",0.65,<long> -> bench,0.6389,uber -> real,0.552,yellow cab -> bench,60,63,0.0,0.3,0.18,60,90,9,0.0,0.147,7.4,uber,0.75,2,1.75,2.31,0.732,"uber 77%, yellow cab 15%","uber 49%, <long> 30%",0.6658,0.074,0.91
r8_1158_barbecue,"Name a barbecue. Reply with only the name, nothing else.",0.65,<long> -> bench,0.6056,bbq -> real,0.5885,bbq -> real,58,60,0.033,0.333,0.213,60,90,76,0.0,0.2,10.1,texas bbq,0.2,15,12.85,43.74,0.22,"bbq 30%, texas roadhouse 7%","<long> 33%, bbq 9%",0.6431,0.425,0.8
r8s_0156_singer,"Suggest a type of singer. Reply with only the name, nothing else.",0.65,<long> -> bench,0.5361,pop singer -> bench,0.5885,pop -> bench,58,60,0.033,0.333,0.213,60,90,51,0.0,0.187,8.9,soprano,0.15,16,14.77,23.01,0.28,"pop 18%, singer 8%","<long> 33%, pop 24%",0.6522,0.345,0.77
r8_1293_medical_equipment,"Name a type of medical equipment. Reply with only the name, nothing else.",0.65,<long> -> bench,0.5361,mri -> real,0.552,stethoscope -> bench,60,63,0.0,0.3,0.18,60,90,19,0.0,0.173,8.6,stethoscope,0.6,7,3.82,5.71,0.537,"stethoscope 48%, mri 15%","stethoscope 41%, <long> 30%",0.6525,0.181,0.923
r8_1276_method_of_conservation,"Name a method of conservation. Reply with only the name, nothing else.",0.65,<long> -> bench,0.6278,reforestation -> real,0.6254,reforestation -> real,60,63,0.0,0.3,0.18,60,90,64,0.0,0.167,8.7,reforestation,0.3,10,7.71,38.61,0.138,"reforestation 27%, recycling 15%","<long> 30%, conservation 7%",0.6411,0.464,0.968
r8_1226_candlestick,"Name a candlestick. Reply with only the name, nothing else.",0.65,<long> -> bench,0.5278,japanese candlestick -> real,0.5184,japanese candlestick -> real,58,60,0.033,0.333,0.213,60,90,85,0.0,0.2,9.7,doji,0.4,7,4.75,58.04,0.085,"japanese candlestick 10%, doji 8%","<long> 33%, candlestick 6%",0.6567,0.504,0.573
r8_1219_hospital_department,"Name a type of hospital department. Reply with only the name, nothing else.",0.65,<long> -> bench,0.55,cardiology -> real,0.5405,emergency room -> bench,60,63,0.0,0.3,0.18,60,90,16,0.0,0.167,8.0,emergency department,0.35,5,4.18,5.65,0.341,"emergency room 30%, emergency department 30%","<long> 30%, emergency room 27%",0.6469,0.139,0.924
r8_0931_tunnel,"Name a tunnel. Reply with only the name, nothing else.",0.65,<long> -> bench,0.5167,tunnel -> real,0.5247,underground city -> bench,58,60,0.033,0.333,0.213,60,90,85,0.0,0.2,10.0,chunnel,0.35,13,9.44,53.96,0.144,"tunnel 13%, chunnel 8%","<long> 33%, tunnel 10%",0.65,0.426,0.722
r8_0956_web_browser,"Name a web browser. Reply with only the name, nothing else.",0.65,chrome -> real,0.65,chrome -> real,0.5691,chrome -> real,60,68,0.0,0.244,0.147,60,90,8,0.0,0.14,6.6,chrome,0.7,2,1.84,2.57,0.727,"chrome 80%, google chrome 17%","chrome 50%, <long> 24%",0.6864,0.056,0.752
r8_1302_gemstone_clarity,"Name a gemstone clarity. Reply with only the name, nothing else.",0.65,<long> -> bench,0.5556,vvs1 -> real,0.546,flawless -> bench,60,63,0.0,0.3,0.18,60,90,32,0.0,0.167,8.9,flawless,0.8,5,2.18,9.43,0.447,"flawless 40%, vvs1 17%","flawless 34%, <long> 30%",0.6358,0.183,0.919
r8_1095_minotaur,"Name a minotaur. Reply with only the name, nothing else.",0.65,<long> -> bench,0.5472,minotaur -> real,0.5437,minotaur -> real,58,60,0.033,0.333,0.213,60,90,77,0.0,0.2,9.8,theseus,0.1,17,16.25,53.05,0.119,"cerberus 13%, minotaur 12%","<long> 33%, cerberus 7%",0.6544,0.288,0.821
r8_1080_stadium,"Name a stadium. Reply with only the name, nothing else.",0.65,<long> -> bench,0.6472,wembley stadium -> real,0.5996,wembley stadium -> real,60,63,0.0,0.3,0.18,60,90,27,0.0,0.18,9.6,wembley stadium,0.65,4,2.52,6.54,0.415,"wembley stadium 52%, wembley 23%","<long> 30%, wembley 27%",0.6586,0.213,0.955
r8_1093_public_service,"Name a public service. Reply with only the name, nothing else.",0.65,<long> -> bench,0.5972,google -> real,0.5778,fire department -> bench,60,63,0.0,0.3,0.18,60,90,49,0.0,0.167,7.8,fire department,0.45,10,6.31,21.89,0.244,"google 32%, github 8%","<long> 30%, fire department 16%",0.6597,0.338,0.514
r8_0989_sewing_term,"Name a sewing term. Reply with only the name, nothing else.",0.65,<long> -> bench,0.5944,basting -> real,0.5635,basting -> real,60,63,0.0,0.3,0.18,60,90,35,0.0,0.167,8.1,hem,0.35,9,6.32,12.96,0.268,"basting 33%, hem 17%","<long> 30%, hem 19%",0.6728,0.275,0.846
r8_1240_social_institution,"Name a social institution. Reply with only the name, nothing else.",0.65,<long> -> bench,0.5806,school -> real,0.6385,family -> bench,60,63,0.0,0.3,0.18,60,90,24,0.0,0.173,7.5,family,0.9,2,1.38,7.39,0.35,"school 38%, family 18%","family 32%, <long> 30%",0.6786,0.108,0.866
r8_0365_monster,"Name a monster. Reply with only the name, nothing else.",0.65,<long> -> bench,0.575,dragon -> bench,0.6393,dragon -> bench,60,63,0.0,0.3,0.18,60,90,56,0.0,0.16,8.3,dragon,0.1,18,17.41,24.85,0.293,"dragon 15%, t-rex 10%","<long> 30%, dragon 30%",0.6561,0.275,0.836
r8_0350_rope_material,"Name a rope material. Reply with only the name, nothing else.",0.65,<long> -> bench,0.5972,cotton -> bench,0.6496,cotton -> bench,60,63,0.0,0.3,0.18,60,90,44,0.0,0.153,8.3,nylon,0.4,8,5.74,21.86,0.203,"rope 12%, hemp 10%","<long> 30%, cotton 24%",0.6564,0.291,0.85
r8s_0058_seafood,"Suggest a type of seafood. Reply with only the name, nothing else.",0.65,<long> -> bench,0.5972,shrimp -> real,0.6012,salmon -> bench,60,63,0.0,0.3,0.18,60,90,19,0.0,0.173,8.3,salmon,0.6,2,1.96,5.14,0.52,"salmon 42%, shrimp 32%","salmon 43%, <long> 30%",0.6447,0.196,1.014
r8s_0031_unit_of_length,"Suggest a type of unit of length. Reply with only the name, nothing else.",0.65,meter -> real,0.65,meter -> real,0.5484,meter -> real,60,64,0.0,0.289,0.173,60,90,23,0.0,0.167,7.5,meter,0.7,3,2.11,3.58,0.75,"meter 80%, mile 5%","meter 50%, <long> 29%",0.6836,0.232,1.055
r8_0832_tree_root_system,"Name a tree root system. Reply with only the name, nothing else.",0.65,<long> -> bench,0.5472,taproot -> bench,0.598,taproot -> bench,58,60,0.033,0.333,0.213,60,90,69,0.0,0.2,9.7,taproot,0.55,6,3.85,34.69,0.22,"taproot 12%, fibrous 12%","<long> 33%, taproot 21%",0.6525,0.436,0.883
r8_0228_shoe_brand,"Name a shoe brand. Reply with only the name, nothing else.",0.65,nike -> real,0.65,nike -> real,0.5475,nike -> real,60,68,0.0,0.244,0.147,60,90,11,0.0,0.12,6.3,nike,1.0,1,1.0,1.77,0.883,"nike 93%, adidas 3%","nike 63%, <long> 24%",0.6567,0.076,0.942
r8_0360_flower_arrangement,"Name a type of flower arrangement. Reply with only the name, nothing else.",0.65,<long> -> bench,0.5167,garden style -> real,0.5849,bouquet -> bench,60,63,0.0,0.3,0.18,60,90,55,0.0,0.18,9.1,bouquet,0.4,11,7.38,13.15,0.52,"bouquet 43%, tulip bouquet 3%","bouquet 42%, <long> 30%",0.6553,0.239,1.278
r8_0818_tv_drama,"Name a tv drama. Reply with only the name, nothing else.",0.65,<long> -> bench,0.5667,breaking bad -> real,0.5258,game of thrones -> real,60,63,0.0,0.3,0.18,60,90,32,0.0,0.147,7.8,breaking bad,0.65,5,2.99,10.41,0.472,"breaking bad 47%, friends 8%","breaking bad 33%, <long> 30%",0.62,0.291,0.711
r8_0784_roof_type,"Name a roof type. Reply with only the name, nothing else.",0.65,<long> -> bench,0.5639,gable -> real,0.5337,flat roof -> real,60,63,0.0,0.3,0.18,60,90,34,0.0,0.153,8.1,gable,0.55,5,3.44,13.25,0.252,"gable 28%, flat 25%","<long> 30%, flat 17%",0.6447,0.243,0.839
r8s_0015_winter_sport,"Suggest a type of winter sport. Reply with only the name, nothing else.",0.65,skiing -> real,0.65,skiing -> real,0.5687,skiing -> real,60,64,0.0,0.289,0.173,60,90,29,0.0,0.173,9.2,skiing,0.7,3,2.27,5.92,0.629,"skiing 70%, skating 8%","skiing 40%, <long> 29%",0.6497,0.151,0.864
r8_1988_geological_process,"Name a type of geological process. Reply with only the name, nothing else.",0.65,<long> -> bench,0.6028,erosion -> real,0.5337,weathering -> real,60,63,0.0,0.3,0.18,60,90,14,0.0,0.167,8.8,erosion,0.55,5,3.59,2.52,0.805,"erosion 78%, weathering 8%","erosion 58%, <long> 30%",0.6581,0.155,0.871
r8s_1154_celebration_item,"Suggest a type of celebration item. Reply with only the name, nothing else.",0.65,<long> -> bench,0.5528,balloon -> bench,0.6147,balloon -> bench,60,63,0.0,0.3,0.18,60,90,34,0.0,0.173,8.2,confetti,0.35,10,6.77,13.33,0.301,"balloon 18%, cake 18%","<long> 30%, balloon 29%",0.6569,0.28,0.897
r8_0294_tea_type,"Name a tea type. Reply with only the name, nothing else.",0.65,<long> -> bench,0.6056,earl grey -> real,0.5988,black tea -> bench,60,63,0.0,0.3,0.18,60,90,22,0.0,0.167,8.2,black tea,0.65,2,1.91,7.61,0.293,"earl grey 37%, black tea 18%","<long> 30%, black tea 27%",0.6653,0.151,0.979
r8_0168_sports_equipment,"Name a type of sports equipment. Reply with only the name, nothing else.",0.65,<long> -> bench,0.6333,tennis racket -> real,0.6333,tennis racket -> real,60,63,0.0,0.3,0.18,60,90,31,0.0,0.18,8.5,soccer ball,0.35,7,5.13,13.39,0.293,"tennis racket 27%, soccer ball 18%","<long> 30%, soccer ball 28%",0.6589,0.221,0.942
r8_1451_sports_venue,"Name a sports venue. Reply with only the name, nothing else.",0.65,<long> -> bench,0.55,wembley stadium -> real,0.5643,wembley stadium -> bench,60,63,0.0,0.3,0.18,60,90,22,0.0,0.167,9.6,wembley stadium,0.85,4,1.8,4.1,0.699,"wembley stadium 63%, stadium 7%","wembley stadium 53%, <long> 30%",0.6628,0.195,0.888
r8s_1080_stadium,"Suggest a type of stadium. Reply with only the name, nothing else.",0.65,<long> -> bench,0.6361,stadium -> real,0.5761,stadium -> real,58,60,0.033,0.333,0.213,60,90,38,0.0,0.207,9.2,open-air stadium,0.3,13,9.91,10.21,0.492,"stadium 55%, football 8%","<long> 33%, stadium 28%",0.6614,0.302,0.924
r8_0689_fairy,"Name a fairy. Reply with only the name, nothing else.",0.65,<long> -> bench,0.525,persephone -> real,0.5718,cinderella -> bench,60,63,0.0,0.3,0.18,60,90,48,0.0,0.173,9.2,fay,0.05,20,20.0,15.72,0.39,"cinderella 32%, cinder 10%","cinderella 32%, <long> 30%",0.6478,0.305,0.821
r8_0711_synthetic_fibre,"Name a synthetic fibre. Reply with only the name, nothing else.",0.65,<long> -> bench,0.6056,polyester -> real,0.5683,kevlar -> bench,60,63,0.0,0.3,0.18,60,90,15,0.0,0.16,8.7,nylon,0.5,2,2.0,4.55,0.537,"polyester 57%, kevlar 13%","polyester 36%, <long> 30%",0.6564,0.171,1.034
r8_0681_singer,"Name a singer. Reply with only the name, nothing else.",0.65,<long> -> bench,0.5361,beyoncé -> real,0.5925,taylor swift -> bench,60,63,0.0,0.3,0.18,60,90,26,0.0,0.18,8.8,taylor swift,0.35,9,6.32,6.48,0.545,"taylor swift 45%, beyoncé 15%","taylor swift 44%, <long> 30%",0.6611,0.244,0.919
r8s_0913_plant_category,"Suggest a plant category. Reply with only the name, nothing else.",0.65,<long> -> bench,0.5917,angiosperms -> bench,0.6417,angiosperms -> bench,60,63,0.0,0.3,0.18,60,90,52,0.0,0.173,8.6,succulents,0.35,8,5.74,26.32,0.195,"succulents 15%, rose 13%","<long> 30%, angiosperms 23%",0.6494,0.276,0.945
r8_0078_canyon,"Name a canyon. Reply with only the name, nothing else.",0.65,<long> -> bench,0.6333,grand canyon -> real,0.5341,antelope canyon -> real,60,63,0.0,0.3,0.18,60,90,11,0.0,0.173,8.3,grand canyon,1.0,1,1.0,1.91,0.862,"grand canyon 87%, antelope canyon 10%","grand canyon 60%, <long> 30%",0.6331,0.121,0.843
r8_0873_wind_type,"Name a wind type. Reply with only the name, nothing else.",0.65,<long> -> bench,0.5333,wind -> real,0.5333,wind -> real,60,63,0.0,0.3,0.18,60,90,56,0.0,0.173,8.7,trade winds,0.25,8,6.6,35.33,0.089,"bora 10%, tornado 8%","<long> 30%, trade winds 7%",0.6369,0.375,0.885
r8_0140_coral,"Name a coral. Reply with only the name, nothing else.",0.65,<long> -> bench,0.5333,orca -> real,0.5391,acropora -> bench,58,60,0.033,0.333,0.213,60,90,63,0.0,0.173,9.6,acropora,0.6,3,2.28,32.83,0.195,"acropora 15%, staghorn coral 13%","<long> 33%, acropora 16%",0.6614,0.375,0.616
r8_1350_news_channel,"Name a news channel. Reply with only the name, nothing else.",0.65,<long> -> bench,0.55,bbc news -> real,0.6393,cnn -> bench,60,63,0.0,0.3,0.18,60,90,32,0.0,0.167,7.6,cnn,0.8,4,2.03,6.26,0.626,"cnn 48%, bbc news 10%","cnn 53%, <long> 30%",0.6342,0.257,0.618
r8_1321_dance_style,"Name a dance style. Reply with only the name, nothing else.",0.65,<long> -> bench,0.5639,salsa -> real,0.579,ballet -> bench,60,63,0.0,0.3,0.18,60,90,25,0.0,0.173,8.3,ballet,0.25,11,8.35,8.92,0.431,"ballet 35%, salsa 18%","ballet 36%, <long> 30%",0.6444,0.218,0.936
r8_1309_chocolate_form,"Name a chocolate form. Reply with only the name, nothing else.",0.65,truffle -> real,0.65,truffle -> real,0.627,truffle -> real,59,68,0.017,0.244,0.153,60,90,51,0.0,0.153,7.7,bar,0.5,6,4.24,18.08,0.339,"truffle 47%, truffles 12%","<long> 24%, truffle 17%",0.6883,0.263,0.911
r8_1892_superhero_from_dc_comi,"Name a superhero from dc comic. Reply with only the name, nothing else.",0.65,superman -> real,0.65,superman -> real,0.6022,superman -> real,60,77,0.0,0.144,0.087,60,90,11,0.0,0.087,5.6,superman,0.8,3,1.85,2.31,0.752,"superman 87%, batman 10%","superman 57%, batman 21%",0.6825,0.045,0.861
r8_1890_saddle,"Name a saddle. Reply with only the name, nothing else.",0.65,<long> -> bench,0.525,mustang -> real,0.5474,saddle -> bench,58,60,0.033,0.333,0.213,60,90,86,0.0,0.207,9.6,lucy,0.05,20,20.0,54.49,0.203,"saddle 15%, mustang 5%","<long> 33%, saddle 17%",0.675,0.413,1.079
r8_0112_children_s_book,"Name a children's book. Reply with only the name, nothing else.",0.65,very hungry caterpillar -> real,0.65,very hungry caterpillar -> real,0.6278,very hungry caterpillar -> real,53,55,0.117,0.389,0.28,60,90,37,0.0,0.147,10.4,very hungry caterpillar,0.3,10,7.51,12.07,0.398,"very hungry caterpillar 47%, <long> 12%","<long> 39%, very hungry caterpillar 17%",0.6628,0.283,1.031
r8s_0141_renewable_energy_sourc,"Suggest a type of renewable energy source. Reply with only the name, nothing else.",0.65,<long> -> bench,0.5806,solar -> real,0.5683,solar power -> real,60,63,0.0,0.3,0.18,60,90,10,0.0,0.16,8.0,solar energy,0.5,4,2.99,3.69,0.407,"solar 42%, solar energy 37%","solar energy 31%, <long> 30%",0.665,0.113,0.924
r8_0893_bag,"Name a bag. Reply with only the name, nothing else.",0.65,<long> -> bench,0.5611,backpack -> real,0.5606,backpack -> real,58,60,0.033,0.333,0.213,60,90,89,0.0,0.207,9.6,backpack,0.7,4,2.56,71.87,0.076,"backpack 13%, satchel 10%","<long> 33%, bag 4%",0.6497,0.497,0.837
r8_0935_workbook,"Name a workbook. Reply with only the name, nothing else.",0.65,<long> -> bench,0.5222,microsoft excel -> bench,0.5351,microsoft excel -> bench,56,57,0.067,0.367,0.247,60,90,104,0.0,0.2,10.2,excel,0.35,13,9.44,95.45,0.053,"<long> 7%, excel 3%","<long> 37%, microsoft excel 4%",0.6661,0.53,0.553
r8_0913_plant_category,"Name a plant category. Reply with only the name, nothing else.",0.65,<long> -> bench,0.5361,monocots -> real,0.5373,angiosperms -> bench,60,63,0.0,0.3,0.18,60,90,38,0.0,0.167,8.4,angiosperms,0.4,7,5.22,17.84,0.252,"flora 23%, angiosperms 10%","<long> 30%, flora 19%",0.6572,0.242,0.993
r8_0888_navigational_instrumen,"Name a type of navigational instrument. Reply with only the name, nothing else.",0.65,<long> -> bench,0.6222,compass -> real,0.5317,compass -> real,60,63,0.0,0.3,0.18,60,90,15,0.0,0.173,8.5,compass,1.0,1,1.0,3.24,0.634,"compass 67%, astrolabe 27%","compass 42%, <long> 30%",0.6517,0.12,0.902
r8_1019_restaurant_type,"Name a restaurant type. Reply with only the name, nothing else.",0.65,<long> -> bench,0.6111,italian -> real,0.6024,italian restaurant -> bench,60,63,0.0,0.3,0.18,60,90,22,0.0,0.167,7.8,italian,0.25,10,8.23,7.84,0.447,"italian 50%, pizza 15%","<long> 30%, italian 28%",0.6519,0.18,0.965
r8_0988_financial_document,"Name a type of financial document. Reply with only the name, nothing else.",0.65,<long> -> bench,0.6028,balance sheet -> real,0.6004,balance sheet -> real,60,63,0.0,0.3,0.18,60,90,38,0.0,0.173,8.3,stock certificate,0.4,10,7.07,13.13,0.268,"invoice 23%, balance sheet 22%","<long> 30%, stock certificate 22%",0.6533,0.256,0.999
r8s_0196_vehicle,"Suggest a type of vehicle. Reply with only the name, nothing else.",0.65,<long> -> bench,0.5528,sedan -> real,0.5393,electric car -> bench,60,63,0.0,0.3,0.18,60,90,42,0.0,0.173,8.3,tesla model 3,0.25,12,9.46,14.25,0.39,"sedan 38%, car 7%","<long> 30%, sedan 28%",0.6444,0.238,0.734
r8s_0201_belt,"Suggest a type of belt. Reply with only the name, nothing else.",0.65,<long> -> bench,0.6,leather -> real,0.5957,leather -> real,58,60,0.033,0.333,0.213,60,90,66,0.0,0.18,9.2,leather belt,0.5,9,5.51,35.42,0.178,"leather 23%, leather belt 10%","<long> 33%, leather belt 17%",0.635,0.422,0.801
r8s_0688_fruit_peel,"Suggest a type of fruit peel. Reply with only the name, nothing else.",0.65,<long> -> bench,0.5611,apple -> real,0.5853,orange peel -> bench,60,63,0.0,0.3,0.18,60,90,30,0.0,0.167,8.0,orange,0.3,10,7.51,10.0,0.325,"orange 27%, banana 22%","<long> 30%, orange 27%",0.65,0.188,0.983
r8s_1110_saltwater_sport_fish,"Suggest a type of saltwater sport fish. Reply with only the name, nothing else.",0.65,<long> -> bench,0.5833,marlin -> real,0.5762,marlin -> real,60,63,0.0,0.3,0.18,60,90,24,0.0,0.173,8.5,marlin,0.6,3,2.55,6.66,0.496,"tuna 43%, marlin 20%","tuna 39%, <long> 30%",0.655,0.189,0.928
r8s_1113_ball,"Suggest a type of ball. Reply with only the name, nothing else.",0.65,<long> -> bench,0.55,soccer -> real,0.55,soccer -> real,60,63,0.0,0.3,0.18,60,90,46,0.0,0.167,8.7,tennis ball,0.45,9,5.64,23.39,0.138,"tennis 13%, tennis ball 12%","<long> 30%, soccer ball 12%",0.6408,0.322,0.875
r8s_1107_lettuce,"Suggest a type of lettuce. Reply with only the name, nothing else.",0.65,<long> -> bench,0.5389,iceberg -> real,0.5956,romaine -> bench,60,63,0.0,0.3,0.18,60,90,38,0.0,0.153,8.6,romaine,0.6,5,3.01,11.04,0.415,"romaine 32%, iceberg 20%","romaine 36%, <long> 30%",0.6406,0.221,1.038
r8s_1021_capacitor,"Suggest a type of capacitor. Reply with only the name, nothing else.",0.65,<long> -> bench,0.5611,ceramic -> real,0.5733,supercapacitor -> bench,58,60,0.033,0.333,0.213,60,90,30,0.0,0.213,10.7,ceramic,0.4,5,4.24,10.32,0.263,"electrolytic 23%, electrolytic capacitor 18%","<long> 33%, electrolytic 19%",0.6394,0.272,0.9
r8_0667_stone_product,"Name a stone product. Reply with only the name, nothing else.",0.65,<long> -> bench,0.5722,marble -> bench,0.6239,marble -> bench,58,60,0.033,0.333,0.213,60,90,42,0.0,0.2,9.0,granite,0.5,7,4.67,15.95,0.297,"granite 27%, marble 7%","<long> 33%, granite 21%",0.6589,0.39,1.097
r8s_1345_pollutant,"Suggest a type of pollutant. Reply with only the name, nothing else.",0.65,<long> -> bench,0.6,carbon dioxide -> real,0.5899,carbon monoxide -> bench,58,60,0.033,0.333,0.213,60,90,18,0.0,0.2,9.3,carbon dioxide,0.25,8,6.51,5.27,0.483,"carbon dioxide 50%, plastic 18%","<long> 33%, carbon dioxide 30%",0.6583,0.172,0.824
r8s_1155_dessert_topping,"Suggest a type of dessert topping. Reply with only the name, nothing else.",0.65,<long> -> bench,0.5361,chocolate -> real,0.5393,chocolate sprinkles -> bench,60,63,0.0,0.3,0.18,60,90,38,0.0,0.173,8.6,whipped cream,0.55,9,4.99,18.2,0.211,"chocolate 22%, whipped cream 10%","<long> 30%, chocolate 14%",0.6517,0.144,1.004
r8s_0083_wild_animal,"Suggest a type of wild animal. Reply with only the name, nothing else.",0.65,<long> -> bench,0.625,lion -> real,0.5456,lynx -> bench,60,63,0.0,0.3,0.18,60,90,21,0.0,0.173,8.4,lion,0.35,8,5.52,4.37,0.65,"lion 68%, lynx 8%","lion 43%, <long> 30%",0.6642,0.173,0.809
r8_0302_brush,"Name a brush. Reply with only the name, nothing else.",0.65,<long> -> bench,0.5361,toothbrush -> bench,0.558,toothbrush -> bench,58,60,0.033,0.333,0.213,60,90,78,0.0,0.193,9.6,round brush,0.15,15,13.78,49.47,0.144,"paintbrush 12%, brush 5%","<long> 33%, paintbrush 11%",0.66,0.486,0.89
r8_1363_photography,"Name a photography. Reply with only the name, nothing else.",0.65,<long> -> bench,0.5306,polaroid -> real,0.5271,polaroid -> real,56,57,0.067,0.367,0.247,60,90,65,0.0,0.207,9.7,portrait,0.3,12,9.25,41.91,0.115,"photography 12%, polaroid 8%","<long> 37%, portrait 8%",0.655,0.452,0.742
r8_1446_garden_item,"Name a garden item. Reply with only the name, nothing else.",0.65,<long> -> bench,0.6056,rose -> real,0.6254,garden hose -> bench,60,63,0.0,0.3,0.18,60,90,51,0.0,0.16,8.5,garden hose,0.25,10,8.37,19.87,0.252,"rose 33%, tomato 10%","<long> 30%, garden hose 22%",0.6714,0.323,0.815
r8s_0965_garden_implement,"Suggest a type of garden implement. Reply with only the name, nothing else.",0.65,<long> -> bench,0.5861,garden trowel -> real,0.6083,rake -> bench,60,63,0.0,0.3,0.18,60,90,39,0.0,0.173,9.0,garden trowel,0.45,8,5.49,15.41,0.228,"garden trowel 18%, rake 12%","<long> 30%, rake 23%",0.6517,0.235,0.946
r8s_0939_boxing_punch,"Suggest a type of boxing punch. Reply with only the name, nothing else.",0.65,<long> -> bench,0.5806,jab -> real,0.5316,jab -> real,58,60,0.033,0.333,0.213,60,90,29,0.0,0.193,8.9,hook,0.35,9,5.91,7.83,0.364,"jab 38%, hook 28%","<long> 33%, jab 22%",0.6508,0.188,0.895
r8_0022_disease,"Name a disease. Reply with only the name, nothing else.",0.65,<long> -> bench,0.5917,influenza -> real,0.5774,influenza -> real,60,63,0.0,0.3,0.18,60,90,25,0.0,0.167,8.7,influenza,0.35,7,5.15,9.81,0.333,"flu 27%, influenza 25%","<long> 30%, flu 28%",0.6447,0.216,0.934
r8_0211_writing_surface,"Name a writing surface. Reply with only the name, nothing else.",0.65,<long> -> bench,0.5778,desk -> real,0.5325,desk -> real,60,63,0.0,0.3,0.18,60,90,34,0.0,0.18,7.9,desk,0.5,4,2.75,11.25,0.333,"desk 37%, paper 20%","<long> 30%, desk 21%",0.6533,0.29,0.849
r8s_1181_color_of_sky,"Suggest a type of color of sky. Reply with only the name, nothing else.",0.65,<long> -> bench,0.6444,blue -> bench,0.7492,blue -> bench,60,63,0.0,0.3,0.18,60,90,23,0.0,0.167,7.7,azure,0.5,9,5.51,5.48,0.455,"azure 38%, blue 20%","blue 49%, <long> 30%",0.6533,0.201,0.819
r8s_1222_marine_creature,"Suggest a type of marine creature. Reply with only the name, nothing else.",0.65,<long> -> bench,0.5667,whale -> real,0.5452,whale -> real,60,63,0.0,0.3,0.18,60,90,31,0.0,0.16,8.5,blue whale,0.3,12,9.25,12.93,0.22,"whale 23%, blue whale 20%","<long> 30%, blue whale 17%",0.6442,0.335,0.959
r8_0050_musical_note,"Name a musical note. Reply with only the name, nothing else.",0.65,<long> -> bench,0.5889,c -> real,0.5417,c-sharp -> real,60,63,0.0,0.3,0.18,60,90,17,0.0,0.16,7.7,c,0.75,4,2.23,3.77,0.683,"c 67%, do 15%","c 49%, <long> 30%",0.6428,0.152,0.913
r8_1518_greek_letter,"Name a greek letter. Reply with only the name, nothing else.",0.65,alpha -> real,0.65,alpha -> real,0.5361,alpha -> real,59,65,0.017,0.278,0.173,60,90,12,0.0,0.16,7.1,alpha,1.0,1,1.0,1.65,0.911,"alpha 93%, alfa 2%","alpha 63%, <long> 28%",0.7067,0.091,0.914
r8_1848_tree_leaf,"Name a tree leaf. Reply with only the name, nothing else.",0.65,<long> -> bench,0.5917,oak -> real,0.5202,oak -> real,60,63,0.0,0.3,0.18,60,90,33,0.0,0.18,8.0,oak,0.85,3,1.68,8.6,0.496,"oak 52%, oak leaf 13%","oak 33%, <long> 30%",0.6569,0.286,0.655
r8_1881_deep_sea_creature,"Name a type of deep sea creature. Reply with only the name, nothing else.",0.65,<long> -> bench,0.5583,giant squid -> real,0.5218,squid -> bench,60,63,0.0,0.3,0.18,60,90,35,0.0,0.173,9.2,anglerfish,0.35,10,7.16,12.82,0.301,"giant squid 32%, anglerfish 20%","<long> 30%, giant squid 20%",0.6422,0.229,0.982
r8_1899_wheelie,"Name a wheelie. Reply with only the name, nothing else.",0.65,<long> -> bench,0.5333,vespa -> real,0.5357,vespa -> real,56,57,0.067,0.367,0.247,60,90,105,0.0,0.207,10.4,rocket,0.05,20,20.0,99.03,0.035,"vespa 7%, <long> 7%","<long> 37%, stunt 3%",0.6639,0.638,1.234
r8_1343_ancient_monument,"Name a type of ancient monument. Reply with only the name, nothing else.",0.65,<long> -> bench,0.5806,ziggurat -> real,0.5544,ziggurat -> real,60,63,0.0,0.3,0.18,60,90,17,0.0,0.173,8.6,pyramid,0.8,5,2.18,3.29,0.65,"pyramid 62%, ziggurat 28%","pyramid 48%, <long> 30%",0.6453,0.155,0.8
r8s_0299_historical_event,"Suggest a type of historical event. Reply with only the name, nothing else.",0.65,<long> -> bench,0.6083,revolution -> bench,0.6897,revolution -> bench,58,60,0.033,0.333,0.213,60,90,44,0.0,0.187,8.9,world war ii,0.1,17,16.25,15.77,0.314,"industrial revolution 25%, revolution 12%","<long> 33%, revolution 33%",0.655,0.367,0.601
r8s_0279_wetland,"Suggest a type of wetland. Reply with only the name, nothing else.",0.65,<long> -> bench,0.6,mangrove -> real,0.5786,mangrove -> real,60,63,0.0,0.3,0.18,60,90,17,0.0,0.173,8.4,mangrove swamp,0.3,7,5.77,7.1,0.285,"mangrove 30%, swamp 22%","<long> 30%, swamp 24%",0.6739,0.266,0.799
r8s_0336_dressing,"Suggest a type of dressing. Reply with only the name, nothing else.",0.65,<long> -> bench,0.5417,linen -> real,0.5431,linen -> real,58,60,0.033,0.333,0.213,60,90,95,0.0,0.187,9.6,balsamic vinaigrette,0.65,5,2.99,79.31,0.076,"suit 10%, linen 8%","<long> 33%, antibiotic ointment 3%",0.6117,0.545,1.168
r8s_0323_lamp,"Suggest a type of lamp. Reply with only the name, nothing else.",0.65,<long> -> bench,0.6083,led lamp -> bench,0.6897,led lamp -> bench,58,60,0.033,0.333,0.213,60,90,36,0.0,0.18,8.8,floor lamp,0.25,12,9.87,12.93,0.314,"lamp 18%, table lamp 18%","<long> 33%, led lamp 33%",0.6494,0.231,1.34
r8s_0453_root_crop,"Suggest a type of root crop. Reply with only the name, nothing else.",0.65,<long> -> bench,0.5722,potato -> real,0.5512,corn -> real,60,63,0.0,0.3,0.18,60,90,24,0.0,0.173,8.2,potato,0.9,3,1.48,6.36,0.545,"potato 53%, corn 15%","potato 39%, <long> 30%",0.6517,0.153,0.818
r8s_0362_mineral,"Suggest a type of mineral. Reply with only the name, nothing else.",0.65,<long> -> bench,0.5917,quartz -> real,0.55,gold -> real,60,63,0.0,0.3,0.18,60,90,21,0.0,0.173,8.1,quartz,0.8,2,1.65,3.55,0.74,"quartz 72%, gold 10%","quartz 53%, <long> 30%",0.6442,0.234,1.287
r8s_0214_nut_butter,"Suggest a type of nut butter. Reply with only the name, nothing else.",0.65,<long> -> bench,0.5528,peanut butter -> real,0.5139,peanut butter -> bench,60,63,0.0,0.3,0.18,60,90,18,0.0,0.167,9.2,peanut butter,0.55,4,2.71,5.05,0.431,"peanut butter 42%, almond butter 30%","peanut butter 31%, <long> 30%",0.6592,0.155,0.824
r8s_0476_flower_part,"Suggest a type of flower part. Reply with only the name, nothing else.",0.65,<long> -> bench,0.5778,petals -> real,0.6036,petal -> bench,60,63,0.0,0.3,0.18,60,90,14,0.0,0.173,8.2,petal,0.65,4,2.79,2.78,0.756,"petal 65%, petals 17%","petal 60%, <long> 30%",0.6511,0.145,0.999
r8_1089_mystery_novel_author,"Name a mystery novel author. Reply with only the name, nothing else.",0.65,agatha christie -> real,0.65,agatha christie -> real,0.5486,agatha christie -> real,60,69,0.0,0.233,0.14,60,90,13,0.0,0.14,8.0,agatha christie,0.95,2,1.22,1.64,0.915,"agatha christie 97%, harry 2%","agatha christie 67%, <long> 23%",0.6678,0.07,0.857
r8_1111_retail_store,"Name a retail store. Reply with only the name, nothing else.",0.65,<long> -> bench,0.6167,target -> real,0.6024,target -> real,60,63,0.0,0.3,0.18,60,90,24,0.0,0.16,7.8,walmart,0.65,2,1.91,4.18,0.634,"walmart 58%, target 30%","walmart 48%, <long> 30%",0.6539,0.124,0.773
r8s_0260_waterfowl,"Suggest a type of waterfowl. Reply with only the name, nothing else.",0.65,<long> -> bench,0.5667,mallard -> real,0.525,duck -> bench,60,63,0.0,0.3,0.18,60,90,27,0.0,0.173,8.8,mallard,0.9,2,1.38,6.44,0.431,"mallard 43%, duck 28%","<long> 30%, mallard 30%",0.6636,0.157,0.918
r8s_0261_wave,"Suggest a type of wave. Reply with only the name, nothing else.",0.65,<long> -> bench,0.5722,sine wave -> real,0.5861,electromagnetic wave -> bench,60,63,0.0,0.3,0.18,60,90,55,0.0,0.18,8.7,sound wave,0.5,6,4.24,30.86,0.138,"sine wave 17%, sine 5%","<long> 30%, electromagnetic wave 16%",0.6458,0.36,0.598
r8_1043_historical_building,"Name a type of historical building. Reply with only the name, nothing else.",0.65,<long> -> bench,0.5556,cathedral -> real,0.6004,castle -> bench,60,63,0.0,0.3,0.18,60,90,27,0.0,0.167,8.7,cathedral,0.55,7,4.23,8.62,0.366,"cathedral 37%, colosseum 12%","<long> 30%, cathedral 26%",0.6481,0.254,0.906
r8_1060_mental_state,"Name a mental state. Reply with only the name, nothing else.",0.65,<long> -> bench,0.6111,euphoria -> real,0.6087,euphoria -> real,60,63,0.0,0.3,0.18,60,90,45,0.0,0.173,8.4,euphoria,0.5,8,5.0,24.2,0.146,"euphoria 23%, anxiety 10%","<long> 30%, depression 14%",0.6606,0.349,0.701
r8s_0371_fermented_food,"Suggest a type of fermented food. Reply with only the name, nothing else.",0.65,<long> -> bench,0.6444,kimchi -> real,0.6206,kimchi -> real,60,63,0.0,0.3,0.18,60,90,25,0.0,0.18,8.9,kimchi,0.35,6,4.87,11.32,0.276,"kimchi 40%, kombucha 27%","<long> 30%, soy sauce 11%",0.6681,0.136,0.929
r8s_1624_pizza,"Suggest a type of pizza. Reply with only the name, nothing else.",0.65,<long> -> bench,0.6,margherita -> real,0.55,margherita -> real,60,63,0.0,0.3,0.18,60,90,13,0.0,0.173,9.1,margherita,0.55,3,2.33,3.17,0.52,"pepperoni 52%, margherita 43%","pepperoni 37%, <long> 30%",0.6428,0.141,1.004
r8_0457_vocal_range,"Name a vocal range. Reply with only the name, nothing else.",0.65,<long> -> bench,0.6417,soprano -> real,0.6163,bass -> bench,60,63,0.0,0.3,0.18,60,90,28,0.0,0.167,8.7,soprano,0.6,6,3.41,9.45,0.341,"soprano 45%, baritone 12%","<long> 30%, bass 24%",0.6547,0.343,0.724
r8s_1300_migratory_bird,"Suggest a type of migratory bird. Reply with only the name, nothing else.",0.65,<long> -> bench,0.5583,barred owl -> real,0.5603,barred owl -> real,58,60,0.033,0.333,0.213,60,90,51,0.0,0.2,10.3,arctic tern,0.65,7,3.52,25.87,0.229,"arctic tern 20%, barred owl 12%","<long> 33%, arctic tern 17%",0.6467,0.297,0.944
r8s_0254_breakfast_food,"Suggest a type of breakfast food. Reply with only the name, nothing else.",0.65,<long> -> bench,0.5667,eggs -> bench,0.631,eggs -> bench,60,63,0.0,0.3,0.18,60,90,18,0.0,0.153,9.1,oatmeal,0.55,7,4.23,6.66,0.301,"oatmeal 30%, pancakes 18%","<long> 30%, eggs 30%",0.6467,0.169,0.983
r8_1986_button,"Name a button. Reply with only the name, nothing else.",0.65,<long> -> bench,0.6167,submit -> real,0.581,submit -> real,60,63,0.0,0.3,0.18,60,90,58,0.0,0.173,7.7,submit,0.55,6,3.58,23.94,0.317,"submit 40%, button 7%","<long> 30%, submit 17%",0.6728,0.37,0.419
r8s_0019_building,"Suggest a type of building. Reply with only the name, nothing else.",0.65,<long> -> bench,0.6,library -> real,0.5929,library -> real,60,63,0.0,0.3,0.18,60,90,58,0.0,0.18,8.4,library,0.4,11,7.38,27.0,0.236,"library 23%, skyscraper 17%","<long> 30%, skyscraper 21%",0.6289,0.427,0.788
r8s_0001_natural_disaster,"Suggest a type of natural disaster. Reply with only the name, nothing else.",0.65,<long> -> bench,0.6194,tsunami -> real,0.6028,tsunami -> real,60,63,0.0,0.3,0.18,60,90,13,0.0,0.173,8.5,earthquake,0.65,4,2.72,4.12,0.537,"earthquake 45%, tsunami 32%","earthquake 43%, <long> 30%",0.6686,0.175,0.951
r8_0340_mythical_place,"Name a mythical place. Reply with only the name, nothing else.",0.65,atlantis -> real,0.65,atlantis -> real,0.5786,atlantis -> real,60,71,0.0,0.211,0.127,60,90,21,0.0,0.127,7.0,atlantis,0.7,6,2.94,3.45,0.748,"atlantis 83%, avalon 7%","atlantis 53%, <long> 21%",0.6742,0.135,0.873
r8_0766_poem_type,"Name a poem type. Reply with only the name, nothing else.",0.65,<long> -> bench,0.6,sonnet -> real,0.5143,sonnet -> bench,60,63,0.0,0.3,0.18,60,90,14,0.0,0.18,8.4,sonnet,0.95,2,1.22,2.62,0.748,"sonnet 73%, haiku 15%","sonnet 53%, <long> 30%",0.6589,0.123,0.911
r8_0423_first_aid_item,"Name a first aid item. Reply with only the name, nothing else.",0.65,<long> -> bench,0.55,bandage -> real,0.55,bandage -> bench,60,63,0.0,0.3,0.18,60,90,21,0.0,0.173,8.5,bandage,0.8,3,1.85,4.84,0.618,"bandage 57%, band-aid 12%","bandage 47%, <long> 30%",0.6547,0.125,0.915
r8_1379_bank,"Name a bank. Reply with only the name, nothing else.",0.65,<long> -> bench,0.6222,jpmorgan chase -> real,0.5345,chase -> real,60,63,0.0,0.3,0.18,60,90,20,0.0,0.173,9.7,jpmorgan chase,0.65,3,2.43,3.69,0.715,"jpmorgan chase 73%, chase 12%","jpmorgan chase 49%, <long> 30%",0.6461,0.103,1.07
r8_1372_editor,"Name an editor. Reply with only the name, nothing else.",0.65,<long> -> bench,0.5667,vs code -> real,0.569,vs code -> real,58,60,0.033,0.333,0.213,60,90,57,0.0,0.193,9.8,vim,0.15,18,16.96,28.58,0.237,"vim 20%, vs code 13%","<long> 33%, vim 18%",0.6525,0.373,0.67
r8_1649_occupation_in_the_art,"Name an occupation in the art. Reply with only the name, nothing else.",0.65,<long> -> bench,0.5778,sculptor -> real,0.5992,painter -> bench,60,63,0.0,0.3,0.18,60,90,24,0.0,0.173,8.0,painter,0.4,5,3.74,7.1,0.35,"artist 33%, sculptor 23%","<long> 30%, painter 26%",0.6483,0.208,0.818
r8_1378_egg_preparation,"Name an egg preparation. Reply with only the name, nothing else.",0.65,<long> -> bench,0.5444,scrambled eggs -> real,0.5341,scrambled -> real,60,63,0.0,0.3,0.18,60,90,38,0.0,0.167,9.6,scrambled eggs,0.45,6,4.58,14.04,0.382,"scrambled eggs 37%, scrambled 10%","<long> 30%, scrambled eggs 28%",0.6631,0.3,0.719
r8_1973_galaxy_shape,"Name a galaxy shape. Reply with only the name, nothing else.",0.65,<long> -> bench,0.5917,elliptical -> bench,0.6488,elliptical -> bench,60,63,0.0,0.3,0.18,60,90,50,0.0,0.16,8.9,spiral,0.95,2,1.22,19.13,0.252,"spiral 32%, elliptical 8%","<long> 30%, elliptical 27%",0.6572,0.315,0.855
r8_1663_non_infectious_disease,"Name a non-infectious disease. Reply with only the name, nothing else.",0.65,<long> -> bench,0.5611,cancer -> real,0.5643,diabetes -> bench,60,63,0.0,0.3,0.18,60,90,26,0.0,0.153,8.4,diabetes,0.95,2,1.22,9.77,0.366,"diabetes 30%, flu 17%","diabetes 30%, <long> 30%",0.65,0.262,1.031
r8_0471_tooth,"Name a tooth. Reply with only the name, nothing else.",0.65,<long> -> bench,0.5972,incisor -> real,0.5968,molar -> bench,60,63,0.0,0.3,0.18,60,90,18,0.0,0.173,8.3,molar,0.5,4,2.75,3.55,0.699,"molar 60%, incisor 22%","molar 56%, <long> 30%",0.6581,0.115,1.014
r8_0445_squash,"Name a squash. Reply with only the name, nothing else.",0.65,<long> -> bench,0.575,squash -> real,0.5698,squash -> real,58,60,0.033,0.333,0.213,60,90,101,0.0,0.2,9.6,strike,0.05,20,20.0,80.41,0.119,"squash 18%, <long> 3%","<long> 33%, zucchini 4%",0.635,0.546,0.804
r8_0335_cheese,"Name a cheese. Reply with only the name, nothing else.",0.65,cheddar -> real,0.65,cheddar -> real,0.5356,cheddar -> real,60,67,0.0,0.256,0.153,60,90,7,0.0,0.14,7.5,cheddar,1.0,1,1.0,1.43,0.929,"cheddar 97%, gouda 2%","cheddar 67%, <long> 26%",0.6603,0.101,0.865
r8_1440_renewable_resource,"Name a renewable resource. Reply with only the name, nothing else.",0.65,<long> -> bench,0.6,solar -> real,0.5631,solar energy -> bench,60,63,0.0,0.3,0.18,60,90,9,0.0,0.16,7.7,solar energy,0.75,5,2.45,3.89,0.415,"solar 43%, solar energy 35%","solar energy 33%, <long> 30%",0.6608,0.155,0.897
r8_1591_complex_human_emotion,"Name a complex human emotion. Reply with only the name, nothing else.",0.65,nostalgia -> real,0.65,nostalgia -> real,0.6356,nostalgia -> real,60,74,0.0,0.178,0.107,60,90,37,0.0,0.093,7.0,nostalgia,0.45,9,5.89,11.55,0.284,"nostalgia 43%, melancholy 17%","melancholy 24%, <long> 18%",0.7044,0.224,0.818
r8_1617_casting,"Name a type of casting. Reply with only the name, nothing else.",0.65,<long> -> bench,0.5806,sand casting -> bench,0.6325,sand casting -> bench,58,60,0.033,0.333,0.213,60,90,57,0.0,0.2,9.2,sand casting,0.9,3,1.48,31.07,0.186,"implicit 8%, implicit casting 7%","<long> 33%, sand casting 21%",0.6786,0.412,0.96
r8_1573_seashore_find,"Name a seashore find. Reply with only the name, nothing else.",0.65,<long> -> bench,0.5472,conch shell -> bench,0.5902,conch shell -> bench,58,60,0.033,0.333,0.213,60,90,70,0.0,0.18,9.5,conch shell,0.3,12,9.49,42.97,0.178,"conch shell 8%, fossil 8%","<long> 33%, conch shell 18%",0.6644,0.476,0.826
r8_1724_battle_formation,"Name a battle formation. Reply with only the name, nothing else.",0.65,<long> -> bench,0.5611,phalanx -> bench,0.6227,phalanx -> bench,58,60,0.033,0.333,0.213,60,90,65,0.0,0.193,9.7,testudo,0.3,10,6.83,32.67,0.263,"phalanx 13%, line formation 5%","<long> 33%, phalanx 26%",0.6558,0.268,0.893
r8_0566_medical_procedure,"Name a medical procedure. Reply with only the name, nothing else.",0.65,<long> -> bench,0.625,appendectomy -> real,0.5464,appendicitis -> bench,60,63,0.0,0.3,0.18,60,90,20,0.0,0.18,8.6,appendectomy,0.9,3,1.48,3.41,0.732,"appendectomy 75%, appendicitis 5%","appendectomy 50%, <long> 30%",0.6625,0.126,0.983
r8_1621_board_game_piece,"Name a board game piece. Reply with only the name, nothing else.",0.65,<long> -> bench,0.5722,knight -> real,0.5929,rook -> bench,60,63,0.0,0.3,0.18,60,90,38,0.0,0.153,7.9,knight,0.2,13,11.19,16.26,0.195,"knight 20%, pawn 13%","<long> 30%, rook 20%",0.6575,0.346,0.913
r8_1678_folk_tale,"Name a folk tale. Reply with only the name, nothing else.",0.65,<long> -> bench,0.5556,little red riding hood -> real,0.5749,cinderella -> bench,56,57,0.067,0.367,0.247,60,90,32,0.0,0.187,10.0,cinderella,0.65,8,3.78,8.08,0.54,"cinderella 43%, little red riding hood 13%","cinderella 39%, <long> 37%",0.6486,0.145,1.085
r8_1572_story_type,"Name a story type. Reply with only the name, nothing else.",0.6472,<long> -> bench,0.5528,fable -> real,0.5862,fairy tale -> bench,59,62,0.017,0.311,0.193,60,90,46,0.0,0.193,9.1,fable,0.7,3,2.11,20.36,0.231,"fable 25%, fairy tale 10%","<long> 31%, fairy tale 19%",0.6472,0.375,0.8
r8_1654_cable,"Name a cable. Reply with only the name, nothing else.",0.6472,<long> -> bench,0.5444,coaxial cable -> bench,0.5862,coaxial cable -> bench,59,62,0.017,0.311,0.193,60,90,55,0.0,0.167,8.8,coaxial cable,0.3,9,7.01,27.8,0.19,"coaxial cable 10%, coax 8%","<long> 31%, coaxial cable 19%",0.6708,0.301,0.692
r8_0455_museum,"Name a museum. Reply with only the name, nothing else.",0.6472,<long> -> bench,0.575,louvre -> real,0.5396,louvre -> bench,59,62,0.017,0.311,0.193,60,90,13,0.0,0.167,9.0,louvre,0.75,4,2.23,2.91,0.736,"louvre 68%, met 10%","louvre 53%, <long> 31%",0.6619,0.116,0.973
r8_1398_timepiece,"Name a timepiece. Reply with only the name, nothing else.",0.6472,<long> -> bench,0.5444,wall clock -> bench,0.5645,wall clock -> bench,59,62,0.017,0.311,0.193,60,90,51,0.0,0.193,8.8,rolex,0.4,11,7.38,26.49,0.223,"clock 18%, patek philippe 10%","<long> 31%, clock 18%",0.6578,0.307,0.796
r8_1422_djinn,"Name a djinn. Reply with only the name, nothing else.",0.6472,<long> -> bench,0.5417,marid -> real,0.548,azazel -> bench,59,62,0.017,0.311,0.193,60,90,79,0.0,0.18,9.6,azazel,0.15,17,15.83,57.7,0.074,"jafar 8%, marid 8%","<long> 31%, azazel 8%",0.6469,0.324,0.862
r8_1390_medieval_castle,"Name a medieval castle. Reply with only the name, nothing else.",0.6472,<long> -> bench,0.5833,caerphilly castle -> real,0.5703,caerphilly castle -> real,59,62,0.017,0.311,0.193,60,90,58,0.0,0.18,9.9,caerphilly castle,0.45,12,7.44,30.9,0.165,"caerphilly castle 23%, caerphilly 13%","<long> 31%, caerphilly 13%",0.6364,0.331,1.044
r8_1655_file_format,"Name a file format. Reply with only the name, nothing else.",0.6472,<long> -> bench,0.5528,markdown -> real,0.5513,markdown -> real,59,62,0.017,0.311,0.193,60,90,41,0.0,0.187,8.1,jpeg,0.35,5,4.18,20.52,0.215,"txt 20%, pdf 13%","<long> 31%, txt 16%",0.6461,0.369,0.59
r8_1891_gimbal,"Name a gimbal. Reply with only the name, nothing else.",0.6472,<long> -> bench,0.5667,dji osmo mobile 6 -> real,0.5727,dji osmo mobile 6 -> real,55,56,0.083,0.378,0.26,60,90,61,0.0,0.233,11.6,dji ronin,0.25,9,7.17,33.31,0.144,"dji 18%, dji osmo mobile 6 13%","<long> 38%, gimbal 13%",0.7914,0.252,0.739
r8_1984_unit_of_time,"Name an unit of time. Reply with only the name, nothing else.",0.6472,second -> real,0.6472,second -> real,0.6234,hour -> bench,60,67,0.0,0.256,0.153,60,90,18,0.0,0.127,6.3,second,0.7,4,2.49,5.0,0.559,"second 65%, minute 8%","second 36%, <long> 26%",0.6725,0.181,1.544
r8s_1610_fencing_sword,"Suggest a type of fencing sword. Reply with only the name, nothing else.",0.6472,<long> -> bench,0.5972,rapier -> real,0.5796,rapier -> real,59,62,0.017,0.311,0.193,60,90,46,0.0,0.18,9.0,rapier,0.5,6,3.69,22.37,0.207,"rapier 28%, rapiers 15%","<long> 31%, epee 12%",0.6519,0.317,0.752
r8_0478_jacket,"Name a jacket. Reply with only the name, nothing else.",0.6472,<long> -> bench,0.6139,leather jacket -> real,0.5965,leather jacket -> real,59,62,0.017,0.311,0.193,60,90,53,0.0,0.187,9.6,leather jacket,0.3,11,8.4,26.85,0.223,"leather jacket 32%, denim jacket 7%","<long> 31%, parka 11%",0.66,0.33,0.866
r8s_1555_troll,"Suggest a type of troll. Reply with only the name, nothing else.",0.6472,<long> -> bench,0.5222,troll -> bench,0.5467,troll -> bench,59,62,0.017,0.311,0.193,60,90,104,0.0,0.18,8.8,fetch,0.05,20,20.0,83.83,0.116,"troll 7%, greek 2%","<long> 31%, troll 11%",0.645,0.608,0.643
r8s_0247_olympic_event,"Suggest a type of olympic event. Reply with only the name, nothing else.",0.6472,<long> -> bench,0.5361,100m sprint -> real,0.5596,swimming -> bench,59,62,0.017,0.311,0.193,60,90,40,0.0,0.18,9.3,swimming,0.15,13,11.38,19.44,0.264,"swimming 20%, sprinting 8%","<long> 31%, swimming 22%",0.6578,0.344,0.824
r8_0983_pear,"Name a pear. Reply with only the name, nothing else.",0.6472,<long> -> bench,0.5667,bart -> bench,0.6258,bart -> bench,59,62,0.017,0.311,0.193,60,90,37,0.0,0.193,8.9,bartlett,0.35,9,6.51,15.36,0.264,"pear 17%, bosc 15%","<long> 31%, bart 27%",0.6481,0.201,0.891
r8_1035_cocoa,"Name a cocoa. Reply with only the name, nothing else.",0.6472,<long> -> bench,0.5417,chocolate -> bench,0.5714,chocolate -> bench,59,62,0.017,0.311,0.193,60,90,77,0.0,0.18,9.1,mars,0.15,16,14.77,48.98,0.124,"cocoa 13%, coco 5%","<long> 31%, chocolate 13%",0.6494,0.431,0.713
r8_0404_disease,"Name a disease. Reply with only the name, nothing else.",0.6472,<long> -> bench,0.5583,influenza -> real,0.5376,influenza -> real,59,62,0.017,0.311,0.193,60,90,23,0.0,0.18,9.2,flu,0.3,9,6.63,8.76,0.331,"flu 32%, influenza 22%","<long> 31%, flu 23%",0.6525,0.216,0.918
r8s_0245_olive,"Suggest a type of olive. Reply with only the name, nothing else.",0.6472,<long> -> bench,0.5639,kalamata -> real,0.534,kalamata -> bench,59,62,0.017,0.311,0.193,60,90,35,0.0,0.167,8.9,kalamata,0.65,8,3.78,6.81,0.628,"kalamata 58%, manzano 3%","kalamata 46%, <long> 31%",0.6483,0.305,0.834
r8_1189_place_of_the_afterlife,"Name a place of the afterlife. Reply with only the name, nothing else.",0.6472,<long> -> bench,0.5583,heaven -> real,0.5318,limbo -> bench,59,62,0.017,0.311,0.193,60,90,19,0.0,0.167,8.9,heaven,0.75,4,2.23,5.24,0.554,"heaven 52%, elysium 20%","heaven 40%, <long> 31%",0.6447,0.209,1.125
r8s_0462_sandal,"Suggest a type of sandal. Reply with only the name, nothing else.",0.6472,<long> -> bench,0.5167,loafer -> real,0.537,flip-flops -> bench,59,62,0.017,0.311,0.193,60,90,62,0.0,0.187,9.2,flip-flops,0.35,14,10.12,35.22,0.174,"flip-flops 13%, flip-flop 7%","<long> 31%, flip-flops 14%",0.6431,0.332,0.882
r8s_0445_squash,"Suggest a type of squash. Reply with only the name, nothing else.",0.6472,<long> -> bench,0.5444,english -> real,0.5556,racquetball -> bench,59,62,0.017,0.311,0.193,60,90,85,0.0,0.187,9.1,acrobat,0.2,14,11.99,59.68,0.091,"squash 12%, english 10%","<long> 31%, racquetball 10%",0.62,0.451,0.593
r8_1132_imp,"Name an imp. Reply with only the name, nothing else.",0.6472,<long> -> bench,0.5389,impressionism -> bench,0.5565,impressionism -> bench,59,62,0.017,0.311,0.193,60,90,107,0.0,0.187,9.1,albert einstein,0.4,12,8.12,96.41,0.058,"imp 3%, anthropic-oauth 2%","<long> 31%, impressionism 8%",0.6853,0.648,0.548
r8_1768_character_archetype,"Name a character archetype. Reply with only the name, nothing else.",0.6472,<long> -> bench,0.5417,mentor -> real,0.5424,mentor -> real,59,62,0.017,0.311,0.193,60,90,62,0.0,0.153,9.0,hero,0.9,3,1.48,24.67,0.347,"hero 32%, mentor 8%","<long> 31%, hero 26%",0.6792,0.198,0.899
r8_1879_oasis,"Name a type of oasis. Reply with only the name, nothing else.",0.6472,<long> -> bench,0.5444,rain -> bench,0.5718,rain -> bench,59,62,0.017,0.311,0.193,60,90,91,0.0,0.167,8.4,classic,0.05,20,20.0,71.13,0.107,"lake 5%, desert oasis 3%","<long> 31%, rain 12%",0.6469,0.564,0.946
r8s_0926_body_system,"Suggest a type of body system. Reply with only the name, nothing else.",0.6472,<long> -> bench,0.5278,circulatory -> real,0.5497,nervous system -> bench,57,59,0.05,0.344,0.227,60,90,71,0.0,0.2,10.0,circulatory system,0.3,9,7.01,44.96,0.129,"circulatory system 10%, circulatory 7%","<long> 34%, nervous system 11%",0.6392,0.48,0.696
r8s_0101_leafy_green,"Suggest a type of leafy green. Reply with only the name, nothing else.",0.6472,<long> -> bench,0.5972,kale -> real,0.5696,spinach -> bench,59,62,0.017,0.311,0.193,60,90,12,0.0,0.18,8.6,spinach,0.45,4,3.44,3.11,0.529,"spinach 45%, kale 42%","spinach 41%, <long> 31%",0.6603,0.133,0.848
r8s_0124_nebula,"Suggest a type of nebula. Reply with only the name, nothing else.",0.6472,<long> -> bench,0.5278,emission -> real,0.5689,emission nebula -> bench,59,62,0.017,0.311,0.193,60,90,59,0.0,0.187,9.7,planetary nebula,0.55,5,3.12,30.75,0.223,"emission nebula 15%, emission 10%","<long> 31%, emission nebula 20%",0.6461,0.312,0.874
r8_1364_heaven,"Name a heaven. Reply with only the name, nothing else.",0.6472,<long> -> bench,0.5667,eden -> real,0.5815,heaven -> bench,57,59,0.05,0.344,0.227,60,90,31,0.0,0.213,9.8,eden,0.55,5,3.44,8.5,0.371,"eden 37%, heaven 18%","<long> 34%, eden 23%",0.6442,0.251,0.879
r8_1351_fish_swimming_style,"Name a fish swimming style. Reply with only the name, nothing else.",0.6472,<long> -> bench,0.5167,undulatory -> real,0.5234,barracuda -> bench,59,62,0.017,0.311,0.193,60,90,95,0.0,0.18,9.3,undulation,0.15,16,14.77,80.67,0.058,"dolphin 5%, barracuda 3%","<long> 31%, barracuda 6%",0.65,0.449,0.891
r8s_1163_superpower,"Suggest a type of superpower. Reply with only the name, nothing else.",0.6472,<long> -> bench,0.5639,telekinesis -> real,0.5616,invisibility -> bench,59,62,0.017,0.311,0.193,60,90,34,0.0,0.187,9.0,telekinesis,0.15,14,12.85,13.48,0.215,"telekinesis 25%, time travel 13%","<long> 31%, invisibility 17%",0.6494,0.198,0.867
r8_0390_bread_roll,"Name a bread roll. Reply with only the name, nothing else.",0.6472,<long> -> bench,0.55,baguette -> real,0.5508,baguette -> real,59,62,0.017,0.311,0.193,60,90,72,0.0,0.18,9.3,baguette,0.2,12,10.44,48.65,0.091,"sourdough 12%, baguette 10%","<long> 31%, ciabatta 9%",0.6428,0.46,0.96
r8_1886_dolphin,"Name a dolphin. Reply with only the name, nothing else.",0.6472,<long> -> bench,0.55,dolphin -> real,0.5369,dolphin -> real,57,59,0.05,0.344,0.227,60,90,69,0.0,0.193,10.2,dolphin,0.1,18,17.41,44.15,0.138,"dolphin 17%, <long> 5%","<long> 34%, flipper 7%",0.6533,0.419,0.789
r8_1002_noble_gas,"Name a type of noble gas. Reply with only the name, nothing else.",0.6472,helium -> real,0.6472,helium -> real,0.5412,helium -> real,60,68,0.0,0.244,0.147,60,90,6,0.0,0.14,7.2,helium,1.0,1,1.0,1.52,0.906,"helium 95%, neon 3%","helium 66%, <long> 24%",0.6397,0.126,0.85
r8s_0211_writing_surface,"Suggest a type of writing surface. Reply with only the name, nothing else.",0.6472,<long> -> bench,0.5444,whiteboard -> real,0.5637,parchment -> bench,59,62,0.017,0.311,0.193,60,90,55,0.0,0.18,8.4,paper,0.25,10,8.02,23.52,0.298,"paper 25%, whiteboard 10%","<long> 31%, paper 23%",0.6317,0.42,1.054
r8_1296_guitar,"Name a guitar. Reply with only the name, nothing else.",0.6472,<long> -> bench,0.5917,gibson les paul -> real,0.586,gibson les paul -> real,59,62,0.017,0.311,0.193,60,90,14,0.0,0.173,10.6,fender stratocaster,0.7,4,2.49,5.17,0.504,"fender stratocaster 42%, gibson les paul 22%","fender stratocaster 40%, <long> 31%",0.6514,0.07,0.832
r8_0899_mechanism,"Name a type of mechanism. Reply with only the name, nothing else.",0.6472,<long> -> bench,0.5278,feedback loop -> real,0.5323,sn2 -> bench,59,62,0.017,0.311,0.193,60,90,86,0.0,0.167,8.8,four-bar linkage,0.5,10,5.9,69.52,0.066,"feedback loop 7%, feedback 5%","<long> 31%, feedback mechanism 7%",0.6372,0.542,0.8
r8_0875_bird_habitat,"Name a bird habitat. Reply with only the name, nothing else.",0.6472,<long> -> bench,0.5611,rainforest -> bench,0.6394,rainforest -> bench,59,62,0.017,0.311,0.193,60,90,41,0.0,0.18,8.9,rainforest,0.75,5,2.45,15.25,0.38,"rainforest 23%, tropical rainforest 8%","rainforest 36%, <long> 31%",0.6575,0.271,0.773
r8_0264_seaweed,"Name a seaweed. Reply with only the name, nothing else.",0.6472,<long> -> bench,0.5444,nori -> real,0.5954,kelp -> bench,59,62,0.017,0.311,0.193,60,90,40,0.0,0.187,9.1,kelp,0.7,5,2.74,10.94,0.488,"kelp 38%, nori 10%","kelp 40%, <long> 31%",0.6525,0.199,0.989
r8s_1257_newspaper_section,"Suggest a type of newspaper section. Reply with only the name, nothing else.",0.6472,<long> -> bench,0.5472,world news -> bench,0.5722,world news -> bench,59,62,0.017,0.311,0.193,60,90,36,0.0,0.187,8.3,opinion,0.4,9,5.82,16.57,0.215,"opinion 22%, technology 13%","<long> 31%, opinion 14%",0.6444,0.282,0.563
r8s_0776_cymbal,"Suggest a type of cymbal. Reply with only the name, nothing else.",0.6472,<long> -> bench,0.5722,crash cymbal -> real,0.5931,chinese -> bench,59,62,0.017,0.311,0.193,60,90,31,0.0,0.193,9.1,china,0.2,8,7.07,9.93,0.248,"crash cymbal 27%, crash 25%","<long> 31%, chinese 23%",0.6692,0.153,0.95
r8s_1318_drop,"Suggest a type of drop. Reply with only the name, nothing else.",0.6472,<long> -> bench,0.5389,water -> bench,0.5565,water -> bench,59,62,0.017,0.311,0.193,60,90,92,0.0,0.173,8.5,drop,0.1,19,18.66,66.74,0.124,"drop 10%, none 3%","<long> 31%, drop 10%",0.6533,0.599,0.696
r8_0265_facial_feature,"Name a type of facial feature. Reply with only the name, nothing else.",0.6472,<long> -> bench,0.5944,eyes -> real,0.5947,eye -> bench,59,62,0.017,0.311,0.193,60,90,22,0.0,0.173,8.2,eyes,0.45,7,4.64,7.76,0.281,"eyes 33%, nose 30%","<long> 31%, eye 19%",0.6692,0.153,0.738
r8_1433_major_music_industry_a,"Name a major music industry award. Reply with only the name, nothing else.",0.6472,<long> -> bench,0.6139,grammy awards -> real,0.5294,grammy -> bench,59,62,0.017,0.311,0.193,60,90,7,0.0,0.187,9.4,grammy awards,0.55,2,1.99,2.28,0.76,"grammy awards 75%, grammy 12%","grammy awards 52%, <long> 31%",0.6642,0.054,0.971
r8s_1034_ball_type,"Suggest a ball type. Reply with only the name, nothing else.",0.6472,<long> -> bench,0.525,table -> real,0.5323,golf ball -> bench,59,62,0.017,0.311,0.193,60,90,95,0.0,0.18,9.0,basketball,0.5,9,5.51,82.3,0.05,"soccer 5%, table 5%","<long> 31%, golf ball 4%",0.6239,0.576,0.736
r8_0773_rocket,"Name a rocket. Reply with only the name, nothing else.",0.6472,<long> -> bench,0.5806,falcon 9 -> real,0.5862,saturn v -> bench,59,62,0.017,0.311,0.193,60,90,25,0.0,0.18,9.7,falcon 9,0.7,5,2.74,9.37,0.314,"falcon 9 35%, falcon 17%","<long> 31%, saturn v 19%",0.6542,0.191,0.979
r8_0782_trade,"Name a trade. Reply with only the name, nothing else.",0.6472,<long> -> bench,0.5389,apple -> real,0.5565,tailor -> bench,59,62,0.017,0.311,0.193,60,90,85,0.0,0.18,8.8,blacksmith,0.1,18,17.41,65.95,0.066,"apple 10%, s&p 500 5%","<long> 31%, tailor 8%",0.6681,0.578,0.618
r8_0740_wall_decoration,"Name a wall decoration. Reply with only the name, nothing else.",0.6472,<long> -> bench,0.5444,murals -> real,0.5645,painting -> bench,59,62,0.017,0.311,0.193,60,90,57,0.0,0.18,8.7,mural,0.3,10,7.29,29.96,0.223,"tapestry 17%, murals 10%","<long> 31%, tapestry 19%",0.6594,0.308,1.206
r8_0430_luggage,"Name a type of luggage. Reply with only the name, nothing else.",0.6472,suitcase -> real,0.6472,suitcase -> real,0.5773,suitcase -> real,60,71,0.0,0.211,0.127,60,90,18,0.0,0.093,6.8,suitcase,0.95,2,1.22,3.26,0.733,"suitcase 82%, backpack 5%","suitcase 52%, <long> 21%",0.6644,0.237,0.943
r8_1349_cookie_brand,"Name a cookie brand. Reply with only the name, nothing else.",0.6472,<long> -> bench,0.5778,nestle -> real,0.5477,nestle -> real,59,62,0.017,0.311,0.193,60,90,60,0.0,0.18,9.6,nestle toll house,0.3,9,7.32,29.86,0.256,"nestle 30%, nabisco 8%","<long> 31%, nestle 14%",0.6603,0.349,0.874
r8_1366_rainforest_animal,"Name a rainforest animal. Reply with only the name, nothing else.",0.6472,jaguar -> real,0.6472,jaguar -> real,0.5977,jaguar -> real,59,76,0.017,0.156,0.1,60,90,21,0.0,0.1,7.0,jaguar,0.95,2,1.22,2.64,0.822,"jaguar 92%, <long> 2%","jaguar 62%, <long> 16%",0.6578,0.18,0.88
r8s_0997_ice_formation,"Suggest a type of ice formation. Reply with only the name, nothing else.",0.6472,<long> -> bench,0.5889,glacier -> real,0.5856,glacier -> real,59,62,0.017,0.311,0.193,60,90,65,0.0,0.18,8.8,rime ice,0.3,12,9.25,40.73,0.116,"glacier 20%, rime 10%","<long> 31%, rime 9%",0.6497,0.417,0.879
r8s_0967_hygiene_product,"Suggest a type of hygiene product. Reply with only the name, nothing else.",0.6472,<long> -> bench,0.5306,shampoo -> real,0.5672,toothpaste -> bench,59,62,0.017,0.311,0.193,60,90,49,0.0,0.18,9.4,toothpaste,0.25,12,9.87,20.77,0.289,"toothpaste 22%, toothbrush 13%","<long> 31%, toothpaste 24%",0.6439,0.32,1.029
r8s_0983_pear,"Suggest a type of pear. Reply with only the name, nothing else.",0.6472,<long> -> bench,0.5611,anjou -> real,0.572,bartlett -> bench,59,62,0.017,0.311,0.193,60,90,31,0.0,0.187,9.3,bartlett,0.45,6,4.27,8.21,0.43,"bartlett 35%, anjou 23%","bartlett 34%, <long> 31%",0.6303,0.136,0.851
r8_0235_crop,"Name a crop. Reply with only the name, nothing else.",0.6472,<long> -> bench,0.625,corn -> real,0.6107,wheat -> bench,59,62,0.017,0.311,0.193,60,90,25,0.0,0.193,8.4,corn,0.55,2,1.99,5.26,0.537,"wheat 42%, corn 35%","wheat 44%, <long> 31%",0.6581,0.197,0.631
r8_0359_amino_acid,"Name an amino acid. Reply with only the name, nothing else.",0.6472,<long> -> bench,0.5583,glutamine -> real,0.5637,glycine -> bench,59,62,0.017,0.311,0.193,60,90,25,0.0,0.187,9.5,glycine,0.55,4,3.03,10.5,0.347,"glutamine 35%, serine 13%","<long> 31%, glutamine 23%",0.6428,0.222,0.868
r8_1380_ungulate,"Name an ungulate. Reply with only the name, nothing else.",0.6472,deer -> real,0.6472,deer -> real,0.5773,deer -> real,60,71,0.0,0.211,0.127,60,90,16,0.0,0.1,6.5,deer,0.85,3,1.68,3.18,0.733,"deer 82%, elephant 10%","deer 52%, <long> 21%",0.6814,0.126,0.92
r8_0850_wallet_material,"Name a wallet material. Reply with only the name, nothing else.",0.6472,<long> -> bench,0.5583,leather -> bench,0.6402,leather -> bench,57,59,0.05,0.344,0.227,60,90,54,0.0,0.187,9.4,leather,0.6,3,2.45,18.27,0.371,"leather 22%, genuine leather 17%","<long> 34%, leather 33%",0.6628,0.334,0.535
r8_0986_artists_tool,"Name an artists' tool. Reply with only the name, nothing else.",0.6472,<long> -> bench,0.575,paintbrush -> bench,0.6415,paintbrush -> bench,59,62,0.017,0.311,0.193,60,90,45,0.0,0.18,8.7,paintbrush,0.25,10,7.68,15.39,0.298,"palette 22%, paintbrush 15%","<long> 31%, paintbrush 30%",0.6536,0.313,0.961
r8_1569_mode_of_transportation,"Name a mode of transportation. Reply with only the name, nothing else.",0.6472,bicycle -> real,0.6472,bicycle -> real,0.6398,bicycle -> real,60,71,0.0,0.211,0.127,60,90,29,0.0,0.12,6.3,train,0.55,6,3.95,10.53,0.221,"bicycle 35%, car 20%","train 27%, <long> 21%",0.6467,0.211,0.64
r8_1221_tire,"Name a tire. Reply with only the name, nothing else.",0.6472,<long> -> bench,0.6056,michelin -> real,0.5518,michelin -> real,59,62,0.017,0.311,0.193,60,90,43,0.0,0.167,8.8,michelin,0.6,6,3.56,13.84,0.421,"michelin 47%, goodyear 12%","<long> 31%, michelin 26%",0.6614,0.267,0.82
r8_0978_bottle_material,"Name a bottle material. Reply with only the name, nothing else.",0.6472,glass -> real,0.6472,glass -> real,0.5596,glass -> real,60,65,0.0,0.278,0.167,60,90,24,0.0,0.147,7.4,glass,0.95,2,1.22,4.18,0.688,"glass 75%, plastic 8%","glass 46%, <long> 28%",0.6594,0.153,0.833
r8_0598_magic_spell,"Name a magic spell. Reply with only the name, nothing else.",0.6472,<long> -> bench,0.5389,expelliarmus -> bench,0.5593,expelliarmus -> bench,57,59,0.05,0.344,0.227,60,90,82,0.0,0.213,10.6,incendio,0.1,17,16.25,62.22,0.086,"lumos 10%, red herring 8%","<long> 34%, expelliarmus 8%",0.6486,0.423,0.828
r8_0929_hub,"Name a hub. Reply with only the name, nothing else.",0.6472,<long> -> bench,0.5444,google -> bench,0.5678,google -> bench,57,59,0.05,0.344,0.227,60,90,90,0.0,0.213,9.3,new york,0.3,12,9.49,73.15,0.069,"<long> 5%, none 5%","<long> 34%, google 9%",0.6631,0.546,0.666
r8_0570_school,"Name a school. Reply with only the name, nothing else.",0.6472,harvard university -> real,0.6472,harvard university -> real,0.6129,harvard university -> real,58,62,0.033,0.311,0.2,60,90,30,0.0,0.16,9.0,harvard university,0.85,3,1.68,8.56,0.383,"harvard university 48%, harvard 20%","<long> 31%, harvard university 19%",0.6614,0.174,0.658
r8_1198_transformer,"Name a transformer. Reply with only the name, nothing else.",0.6472,<long> -> bench,0.5583,optimus prime -> real,0.5614,optimus prime -> real,57,59,0.05,0.344,0.227,60,90,57,0.0,0.213,9.8,power transformer,0.4,10,6.6,27.73,0.224,"transformer 18%, bert 12%","<long> 34%, transformer 17%",0.6511,0.316,0.687
r8_1197_silk_item,"Name a silk item. Reply with only the name, nothing else.",0.6472,<long> -> bench,0.5639,silk scarf -> real,0.5457,silk scarf -> real,59,62,0.017,0.311,0.193,60,90,39,0.0,0.167,8.8,silk scarf,0.6,6,3.66,12.37,0.397,"silk 38%, silk scarf 22%","<long> 31%, silk 28%",0.6939,0.257,0.806
r8_1216_philosophical_school,"Name a philosophical school. Reply with only the name, nothing else.",0.6472,<long> -> bench,0.6167,stoicism -> real,0.538,existentialism -> real,59,62,0.017,0.311,0.193,60,90,14,0.0,0.173,9.1,stoicism,0.8,3,1.89,3.28,0.653,"stoicism 67%, existentialism 23%","stoicism 43%, <long> 31%",0.6639,0.176,0.952
r8_0985_caster,"Name a caster. Reply with only the name, nothing else.",0.6472,<long> -> bench,0.5083,elden -> real,0.5091,elden -> real,55,56,0.083,0.378,0.26,60,90,111,0.0,0.22,11.2,gandalf,0.1,19,18.66,109.62,0.018,"<long> 8%, cassandra 2%","<long> 38%, max caster 1%",0.6478,0.639,0.479
r8_1268_bad_smell,"Name a bad smell. Reply with only the name, nothing else.",0.6472,<long> -> bench,0.525,duplication -> real,0.5817,rotten eggs -> bench,59,62,0.017,0.311,0.193,60,90,65,0.0,0.147,8.6,rotten eggs,0.8,3,1.89,24.3,0.372,"rotten eggs 28%, duplication 5%","<long> 31%, rotten eggs 31%",0.6317,0.37,0.479
r8s_0103_candy_bar,"Suggest a type of candy bar. Reply with only the name, nothing else.",0.6472,<long> -> bench,0.6389,snickers -> real,0.5785,snickers -> real,59,62,0.017,0.311,0.193,60,90,21,0.0,0.18,8.9,snickers,0.9,3,1.48,5.59,0.496,"snickers 57%, milky way 13%","<long> 31%, snickers 29%",0.6733,0.16,0.927
r8_1263_sheep_breed,"Name a sheep breed. Reply with only the name, nothing else.",0.6472,<long> -> bench,0.5389,merino -> real,0.5174,angus -> real,59,62,0.017,0.311,0.193,60,90,57,0.0,0.187,9.3,merino,0.7,6,2.94,24.18,0.314,"merino 30%, suffolk 10%","<long> 31%, merino 22%",0.6408,0.344,0.909
r8_1940_bridge_style,"Name a bridge style. Reply with only the name, nothing else.",0.6472,<long> -> bench,0.5222,vienna -> bench,0.5339,vienna -> bench,57,59,0.05,0.344,0.227,60,90,105,0.0,0.213,9.8,viaduct,0.25,14,11.64,97.97,0.034,"<long> 5%, golden gate bridge 3%","<long> 34%, vienna 4%",0.6531,0.562,0.648
r8_0745_temple,"Name a temple. Reply with only the name, nothing else.",0.6472,<long> -> bench,0.6278,taj mahal -> bench,0.7028,taj mahal -> bench,57,59,0.05,0.344,0.227,60,90,63,0.0,0.187,10.7,taj mahal,0.15,16,14.77,31.21,0.241,"temple 10%, temple of the tooth 10%","<long> 34%, taj mahal 29%",0.6583,0.234,1.094
r8_0755_spider,"Name a spider. Reply with only the name, nothing else.",0.6472,<long> -> bench,0.6278,tarantula -> real,0.6007,black widow -> bench,59,62,0.017,0.311,0.193,60,90,24,0.0,0.187,9.1,tarantula,0.55,2,1.99,5.88,0.471,"tarantula 53%, black widow 17%","<long> 31%, tarantula 28%",0.6733,0.183,0.869
r8_0725_rock_subgenre,"Name a rock subgenre. Reply with only the name, nothing else.",0.6472,<long> -> bench,0.5722,hard rock -> real,0.5614,hard rock -> real,59,62,0.017,0.311,0.193,60,90,56,0.0,0.18,8.4,grunge,0.25,9,7.68,30.14,0.14,"hard rock 20%, grunge 12%","<long> 31%, grunge 9%",0.6383,0.414,0.779
r8s_0192_park,"Suggest a type of park. Reply with only the name, nothing else.",0.6472,<long> -> bench,0.5444,central park -> real,0.6076,zoo -> bench,59,62,0.017,0.311,0.193,60,90,41,0.0,0.18,8.6,botanical garden,0.6,7,3.92,16.53,0.331,"zoo 22%, botanical 12%","<long> 31%, zoo 30%",0.6458,0.291,0.843
r8s_0158_aquatic_plant,"Suggest a type of aquatic plant. Reply with only the name, nothing else.",0.6472,<long> -> bench,0.5417,water lily -> real,0.5518,water lily -> bench,59,62,0.017,0.311,0.193,60,90,40,0.0,0.187,9.2,water lily,0.7,5,2.67,8.55,0.579,"water lily 52%, water lettuce 7%","water lily 43%, <long> 31%",0.6561,0.219,0.964
r8s_0148_milk,"Suggest a type of milk. Reply with only the name, nothing else.",0.6472,<long> -> bench,0.6056,almond -> real,0.588,almond -> real,59,62,0.017,0.311,0.193,60,90,15,0.0,0.18,8.5,almond milk,0.75,4,2.28,7.16,0.215,"almond 30%, whole milk 23%","<long> 31%, skim 18%",0.6506,0.136,0.843
r8s_1323_wrench,"Suggest a type of wrench. Reply with only the name, nothing else.",0.6472,<long> -> bench,0.5583,socket wrench -> real,0.5614,socket wrench -> real,57,59,0.05,0.344,0.227,60,90,53,0.0,0.193,9.8,adjustable wrench,0.65,6,3.29,28.03,0.233,"adjustable wrench 23%, socket wrench 12%","<long> 34%, adjustable wrench 14%",0.6447,0.444,0.938
r8_0577_celebration,"Name a celebration. Reply with only the name, nothing else.",0.6472,<long> -> bench,0.5472,new year -> real,0.5693,christmas -> bench,59,62,0.017,0.311,0.193,60,90,51,0.0,0.18,8.9,christmas,0.55,5,3.34,21.65,0.207,"new years eve 18%, new year 15%","<long> 31%, christmas 19%",0.6514,0.319,0.645
r8_0616_career,"Name a career. Reply with only the name, nothing else.",0.6472,<long> -> bench,0.5583,software engineer -> real,0.5689,engineer -> bench,59,62,0.017,0.311,0.193,60,90,35,0.0,0.187,8.6,doctor,0.65,3,2.36,12.05,0.264,"software engineer 28%, engineer 15%","<long> 31%, engineer 20%",0.6589,0.288,0.76
r8_1508_shrimp,"Name a shrimp. Reply with only the name, nothing else.",0.6472,<long> -> bench,0.5306,shrimp -> real,0.5397,prawn -> bench,57,59,0.05,0.344,0.227,60,90,59,0.0,0.207,10.3,prawn,0.55,7,4.23,30.9,0.198,"prawn 15%, shrimp 12%","<long> 34%, prawn 16%",0.6572,0.344,0.788
r8_1533_human_action,"Name a human action. Reply with only the name, nothing else.",0.6472,<long> -> bench,0.5528,running -> bench,0.6238,running -> bench,57,59,0.05,0.344,0.227,60,90,50,0.0,0.187,8.5,walking,0.75,3,1.99,19.94,0.319,"running 18%, walking 15%","<long> 34%, running 29%",0.6372,0.391,0.468
r8_1776_palace,"Name a palace. Reply with only the name, nothing else.",0.6472,<long> -> bench,0.5444,versailles -> real,0.5656,palace of versailles -> bench,59,62,0.017,0.311,0.193,60,90,47,0.0,0.167,9.6,versailles,0.4,8,5.09,16.4,0.355,"palace of versailles 28%, versailles 13%","<long> 31%, palace of versailles 29%",0.6497,0.244,0.841
r8_1800_music_scale_mode,"Name a music scale mode. Reply with only the name, nothing else.",0.6472,<long> -> bench,0.5556,phrygian -> real,0.5372,phrygian -> real,59,62,0.017,0.311,0.193,60,90,25,0.0,0.173,9.0,dorian,0.7,5,2.74,8.89,0.388,"dorian 37%, phrygian 20%","<long> 31%, dorian 28%",0.6578,0.259,0.882
r8_0840_drum_stroke,"Name a drum stroke. Reply with only the name, nothing else.",0.6472,<long> -> bench,0.5528,parade -> real,0.5234,par -> bench,59,62,0.017,0.311,0.193,60,90,43,0.0,0.193,8.7,paradiddle,0.55,6,3.78,17.53,0.231,"parade 25%, paradiddle 20%","<long> 31%, paradiddle 16%",0.6789,0.247,0.694
r8s_0861_cactus_flower_color,"Suggest a type of cactus flower color. Reply with only the name, nothing else.",0.6472,<long> -> bench,0.5667,pink -> real,0.583,yellow -> bench,57,59,0.05,0.344,0.227,60,90,32,0.0,0.207,9.0,white,0.5,6,4.06,12.71,0.19,"white 20%, pink 20%","<long> 34%, yellow 18%",0.6419,0.319,0.84
r8_0011_grain,"Name a grain. Reply with only the name, nothing else.",0.6472,<long> -> bench,0.6222,wheat -> real,0.5604,wheat -> real,57,59,0.05,0.344,0.227,60,90,46,0.0,0.18,9.0,wheat,0.85,2,1.53,12.47,0.5,"wheat 53%, <long> 5%","<long> 34%, wheat 29%",0.6594,0.307,0.73
r8_0109_alloy,"Name an alloy. Reply with only the name, nothing else.",0.6472,<long> -> bench,0.5417,steel -> real,0.5301,steel -> bench,59,62,0.017,0.311,0.193,60,90,47,0.0,0.193,8.3,steel,0.75,5,2.45,14.18,0.455,"steel 42%, titanium 7%","steel 33%, <long> 31%",0.6467,0.273,0.601
r8s_1966_gum_flavor,"Suggest a type of gum flavor. Reply with only the name, nothing else.",0.6472,<long> -> bench,0.5528,watermelon -> real,0.544,watermelon -> real,59,62,0.017,0.311,0.193,60,90,41,0.0,0.18,9.0,watermelon,0.3,11,8.63,15.41,0.347,"strawberry 33%, watermelon 15%","<long> 31%, strawberry 24%",0.6489,0.294,0.824
r8_0554_angel,"Name an angel. Reply with only the name, nothing else.",0.6472,<long> -> bench,0.5361,seraph -> real,0.6066,michael -> bench,59,62,0.017,0.311,0.193,60,90,21,0.0,0.18,8.0,michael,0.8,4,2.03,3.77,0.702,"michael 58%, gabriel 10%","michael 56%, <long> 31%",0.6531,0.149,0.865
r8_0515_legal_document,"Name a type of legal document. Reply with only the name, nothing else.",0.6472,<long> -> bench,0.5917,contract -> real,0.5254,power of attorney -> real,59,62,0.017,0.311,0.193,60,90,30,0.0,0.187,8.0,contract,0.55,7,4.05,4.67,0.711,"contract 68%, power of attorney 5%","contract 50%, <long> 31%",0.6581,0.213,1.186
r8s_1660_warrior,"Suggest a type of warrior. Reply with only the name, nothing else.",0.6472,<long> -> bench,0.5611,paladin -> real,0.5308,paladin -> real,59,62,0.017,0.311,0.193,60,90,60,0.0,0.193,8.7,paladin,0.15,18,16.96,27.49,0.24,"paladin 27%, warrior 10%","<long> 31%, paladin 14%",0.6592,0.437,0.589
r8_1697_centaur,"Name a centaur. Reply with only the name, nothing else.",0.6472,<long> -> bench,0.5278,pegasus -> real,0.5648,chiron -> bench,57,59,0.05,0.344,0.227,60,90,51,0.0,0.22,10.0,achilles,0.15,16,14.38,19.46,0.241,"pegasus 20%, chiron 17%","<long> 34%, chiron 20%",0.6581,0.232,0.94
r8_1739_racket,"Name a racket. Reply with only the name, nothing else.",0.6472,<long> -> bench,0.5556,tennis -> real,0.5494,tennis racket -> bench,57,59,0.05,0.344,0.227,60,90,48,0.0,0.213,9.8,tennis,0.15,15,13.42,18.81,0.302,"tennis 30%, racket 8%","<long> 34%, tennis 19%",0.6728,0.307,0.67
r8s_1488_injury,"Suggest a type of injury. Reply with only the name, nothing else.",0.6472,<long> -> bench,0.5667,sprain -> real,0.6221,fracture -> bench,57,59,0.05,0.344,0.227,60,90,44,0.0,0.207,9.8,fracture,0.85,4,1.8,13.79,0.422,"fracture 28%, sprain 17%","fracture 36%, <long> 34%",0.6486,0.309,0.966
r8_1113_ball,"Name a ball. Reply with only the name, nothing else.",0.6472,<long> -> bench,0.5472,soccer -> real,0.556,tennis -> bench,59,62,0.017,0.311,0.193,60,90,45,0.0,0.193,9.2,soccer ball,0.4,7,4.75,21.59,0.157,"soccer ball 17%, football 13%","<long> 31%, football 12%",0.6603,0.333,1.01
r8s_1577_speed,"Suggest a type of speed. Reply with only the name, nothing else.",0.6472,<long> -> bench,0.575,turbo -> real,0.5763,turbo -> real,59,62,0.017,0.311,0.193,60,90,89,0.0,0.173,8.7,mach,0.45,12,7.44,70.46,0.074,"turbo 15%, light 8%","<long> 31%, walking 4%",0.6311,0.551,0.914
r8s_1570_penguin,"Suggest a type of penguin. Reply with only the name, nothing else.",0.6472,<long> -> bench,0.6139,emperor penguin -> real,0.611,emperor penguin -> real,59,62,0.017,0.311,0.193,60,90,32,0.0,0.193,9.4,emperor penguin,0.75,5,2.45,10.62,0.331,"emperor 32%, adélie 25%","<long> 31%, emperor 23%",0.6642,0.211,1.087
r8s_1659_gymnastics_event,"Suggest a type of gymnastics event. Reply with only the name, nothing else.",0.6444,<long> -> bench,0.6111,trampoline -> bench,0.6786,trampoline -> bench,58,61,0.033,0.322,0.207,60,90,34,0.0,0.187,10.2,floor exercise,0.5,6,4.06,12.68,0.252,"rhythmic gymnastics 32%, artistic gymnastics 23%","<long> 32%, trampoline 29%",0.6661,0.208,0.989
r8s_1776_palace,"Suggest a type of palace. Reply with only the name, nothing else.",0.6444,<long> -> bench,0.5472,palace -> real,0.5359,palace -> real,60,64,0.0,0.289,0.173,60,90,77,0.0,0.16,9.0,mausoleum,0.1,19,18.66,49.64,0.113,"palace 15%, palace of versailles 13%","<long> 29%, palace of versailles 7%",0.6458,0.416,0.727
r8_0436_nut,"Name a nut. Reply with only the name, nothing else.",0.6444,<long> -> bench,0.5444,almond -> real,0.5618,walnut -> bench,58,61,0.033,0.322,0.207,60,90,41,0.0,0.207,9.3,almond,0.6,4,2.81,14.71,0.269,"almond 27%, walnut 15%","<long> 32%, walnut 19%",0.6558,0.265,0.808
r8s_1893_household_electronic,"Suggest a type of household electronic. Reply with only the name, nothing else.",0.6444,<long> -> bench,0.575,smart speaker -> real,0.5516,refrigerator -> bench,60,64,0.0,0.289,0.173,60,90,39,0.0,0.167,8.4,smart speaker,0.15,11,9.91,18.88,0.234,"smart speaker 28%, smart refrigerator 10%","<long> 29%, refrigerator 14%",0.6886,0.233,0.83
r8_0449_communication_device,"Name a communication device. Reply with only the name, nothing else.",0.6444,<long> -> bench,0.6389,smartphone -> real,0.5734,smartphone -> real,60,64,0.0,0.289,0.173,60,90,36,0.0,0.173,8.2,smartphone,0.6,4,2.63,8.86,0.524,"smartphone 60%, phone 12%","smartphone 32%, <long> 29%",0.6492,0.251,0.871
r8s_1971_petal,"Suggest a type of petal. Reply with only the name, nothing else.",0.6444,<long> -> bench,0.5306,rose -> real,0.5688,rose -> bench,58,61,0.033,0.322,0.207,60,90,45,0.0,0.193,8.6,rose,0.8,4,2.03,8.5,0.605,"rose 52%, <long> 3%","rose 46%, <long> 32%",0.6506,0.358,0.707
r8s_1962_structural_element,"Suggest a type of structural element. Reply with only the name, nothing else.",0.6444,<long> -> bench,0.5306,beam -> bench,0.5734,beam -> bench,60,64,0.0,0.289,0.173,60,90,80,0.0,0.16,7.6,beam,0.85,2,1.53,45.62,0.226,"beam 15%, section 3%","<long> 29%, beam 21%",0.6372,0.586,0.44
r8s_1984_unit_of_time,"Suggest a type of unit of time. Reply with only the name, nothing else.",0.6444,<long> -> bench,0.5611,minute -> real,0.5849,second -> bench,60,64,0.0,0.289,0.173,60,90,40,0.0,0.16,7.4,second,0.3,9,7.32,14.74,0.371,"second 28%, minute 13%","second 32%, <long> 29%",0.6606,0.269,0.753
r8s_1879_oasis,"Suggest a type of oasis. Reply with only the name, nothing else.",0.6444,<long> -> bench,0.5361,oasis -> real,0.5536,desert -> bench,60,64,0.0,0.289,0.173,60,90,92,0.0,0.16,8.4,sahara oasis,0.15,17,15.83,72.88,0.089,"oasis 8%, marsh 3%","<long> 29%, desert 10%",0.6481,0.538,0.71
r8_0088_baking_ingredient,"Name a baking ingredient. Reply with only the name, nothing else.",0.6444,<long> -> bench,0.575,flour -> real,0.5604,flour -> bench,60,64,0.0,0.289,0.173,60,90,6,0.0,0.167,7.9,flour,0.95,2,1.22,1.6,0.879,"flour 82%, sugar 13%","flour 67%, <long> 29%",0.6778,0.115,0.858
r8s_0394_card_in_a_deck,"Suggest a type of card in a deck. Reply with only the name, nothing else.",0.6444,<long> -> bench,0.5667,king -> real,0.5435,ace of spades -> real,58,61,0.033,0.322,0.207,60,90,40,0.0,0.207,8.9,knight,0.35,13,9.44,15.91,0.244,"king 27%, ace 20%","<long> 32%, ace 19%",0.6558,0.317,1.018
r8_0128_medicine,"Name a medicine. Reply with only the name, nothing else.",0.6444,<long> -> bench,0.55,aspirin -> real,0.5365,aspirin -> bench,58,61,0.033,0.322,0.207,60,90,16,0.0,0.193,10.0,aspirin,0.45,6,4.46,4.87,0.555,"aspirin 50%, paracetamol 18%","aspirin 40%, <long> 32%",0.6517,0.165,0.846
r8_0133_sushi_roll,"Name a sushi roll. Reply with only the name, nothing else.",0.6444,<long> -> bench,0.5722,california roll -> real,0.5281,philadelphia roll -> bench,60,64,0.0,0.289,0.173,60,90,27,0.0,0.16,8.2,california roll,0.55,6,3.58,7.21,0.5,"california roll 50%, philadelphia 12%","california roll 36%, <long> 29%",0.6428,0.218,0.97
r8_0540_pocket,"Name a pocket. Reply with only the name, nothing else.",0.6444,<long> -> bench,0.5306,pocket -> bench,0.6075,pocket -> bench,58,61,0.033,0.322,0.207,60,90,70,0.0,0.2,8.9,pocket,0.35,13,9.44,24.11,0.403,"pocket 28%, <long> 3%","pocket 34%, <long> 32%",0.6639,0.427,0.798
r8_0489_clock_type,"Name a clock type. Reply with only the name, nothing else.",0.6444,<long> -> bench,0.5694,wall clock -> real,0.5672,wall clock -> real,60,64,0.0,0.289,0.173,60,90,41,0.0,0.16,7.9,quartz clock,0.25,8,6.51,14.89,0.387,"quartz 35%, wall clock 15%","quartz 30%, <long> 29%",0.6578,0.25,1.353
r8_0460_scarf,"Name a scarf. Reply with only the name, nothing else.",0.6444,<long> -> bench,0.5194,cashmere -> real,0.5234,cashel -> bench,60,64,0.0,0.289,0.173,60,90,78,0.0,0.167,8.8,cashmere,0.25,14,11.34,46.68,0.161,"scarf 15%, cashmere 12%","<long> 29%, scarf 12%",0.6575,0.464,0.767
r8_0328_philosopher,"Name a philosopher. Reply with only the name, nothing else.",0.6444,<long> -> bench,0.5806,socrates -> real,0.5234,kant -> bench,60,64,0.0,0.289,0.173,60,90,13,0.0,0.167,8.1,socrates,0.65,3,2.36,3.99,0.508,"socrates 52%, plato 27%","socrates 36%, <long> 29%",0.6586,0.074,0.876
r8_0334_revolution,"Name a revolution. Reply with only the name, nothing else.",0.6444,<long> -> bench,0.5889,american revolution -> real,0.5903,french revolution -> bench,58,61,0.033,0.322,0.207,60,90,32,0.0,0.18,9.1,french revolution,0.75,4,2.28,9.04,0.42,"french revolution 32%, american revolution 20%","french revolution 34%, <long> 32%",0.6556,0.207,0.951
r8_0323_lamp,"Name a lamp. Reply with only the name, nothing else.",0.6444,<long> -> bench,0.5806,lamp -> real,0.549,lamp -> real,60,64,0.0,0.289,0.173,60,90,47,0.0,0.16,8.3,lamp,0.5,5,3.68,16.03,0.266,"lamp 32%, table lamp 30%","<long> 29%, lamp 16%",0.6592,0.268,0.738
r8_1653_mop,"Name a mop. Reply with only the name, nothing else.",0.6444,<long> -> bench,0.5806,swiffer -> real,0.5564,swiffer -> real,58,61,0.033,0.322,0.207,60,90,65,0.0,0.193,9.2,swiffer,0.55,9,4.99,26.37,0.235,"swiffer 28%, mop 17%","<long> 32%, mop 17%",0.6506,0.402,0.788
r8_1643_endo,"Name an endo. Reply with only the name, nothing else.",0.6444,<long> -> bench,0.525,ender -> real,0.5385,endo -> bench,52,52,0.133,0.422,0.307,60,90,88,0.0,0.247,11.8,myers,0.05,20,20.0,68.77,0.135,"<long> 13%, endo 8%","<long> 42%, endo 10%",0.6781,0.487,0.688
r8s_1786_mean_of_transportation,"Suggest a type of mean of transportation. Reply with only the name, nothing else.",0.6444,<long> -> bench,0.6028,train -> real,0.6005,train -> real,60,64,0.0,0.289,0.173,60,90,34,0.0,0.167,8.1,bicycle,0.35,5,3.88,10.08,0.452,"bicycle 37%, train 22%","bicycle 38%, <long> 29%",0.6542,0.35,0.749
r8_0370_razor,"Name a razor. Reply with only the name, nothing else.",0.6444,<long> -> bench,0.525,razor -> real,0.5345,safety razor -> bench,56,58,0.067,0.356,0.24,60,90,95,0.0,0.233,10.7,gillette,0.35,13,9.44,75.0,0.114,"razor 12%, <long> 7%","<long> 36%, razor 7%",0.6628,0.447,0.697
r8_1969_cake_type,"Name a cake type. Reply with only the name, nothing else.",0.6444,<long> -> bench,0.5972,chocolate -> real,0.5672,chocolate cake -> bench,60,64,0.0,0.289,0.173,60,90,36,0.0,0.167,8.2,chocolate cake,0.4,12,8.12,8.95,0.484,"chocolate 52%, chocolate cake 10%","chocolate 32%, <long> 29%",0.6728,0.246,0.868
r8_0717_writing_style,"Name a writing style. Reply with only the name, nothing else.",0.6444,<long> -> bench,0.5333,minimalist -> real,0.5724,stream of consciousness -> bench,60,64,0.0,0.289,0.173,60,90,71,0.0,0.173,8.8,stream of consciousness,0.9,3,1.48,33.58,0.258,"stream of consciousness 18%, minimalist 10%","<long> 29%, stream of consciousness 23%",0.6383,0.512,0.552
r8_0743_music_instrument_famil,"Name a music instrument family. Reply with only the name, nothing else.",0.6444,<long> -> bench,0.575,strings -> real,0.6172,string -> bench,60,64,0.0,0.289,0.173,60,90,16,0.0,0.16,7.5,strings,0.35,5,4.41,4.15,0.621,"string 50%, strings 18%","string 52%, <long> 29%",0.6478,0.079,1.047
r8_0431_pop_star,"Name a pop star. Reply with only the name, nothing else.",0.6444,<long> -> bench,0.5833,taylor swift -> real,0.5229,michael jackson -> bench,60,64,0.0,0.289,0.173,60,90,22,0.0,0.167,8.4,taylor swift,0.9,3,1.48,4.45,0.685,"taylor swift 67%, madonna 3%","taylor swift 50%, <long> 29%",0.6536,0.154,0.705
r8_0426_writer,"Name a writer. Reply with only the name, nothing else.",0.6444,<long> -> bench,0.5361,ernest hemingway -> real,0.563,harper lee -> bench,58,61,0.033,0.322,0.207,60,90,53,0.0,0.2,10.4,ernest hemingway,0.15,14,12.85,26.44,0.168,"ernest hemingway 15%, hemingway 13%","<long> 32%, harper lee 16%",0.6475,0.299,0.779
r8_0408_kiln,"Name a kiln. Reply with only the name, nothing else.",0.6444,<long> -> bench,0.5417,electric kiln -> real,0.5431,electric kiln -> real,58,61,0.033,0.322,0.207,60,90,87,0.0,0.187,9.6,kiln,0.15,16,14.77,60.17,0.16,"kiln 15%, electric kiln 8%","<long> 32%, kiln 11%",0.6597,0.465,0.687
r8_0428_motorcycle_brand,"Name a motorcycle brand. Reply with only the name, nothing else.",0.6444,<long> -> bench,0.6361,harley-davidson -> real,0.5323,harley-davidson -> real,60,64,0.0,0.289,0.173,60,90,9,0.0,0.167,10.0,harley-davidson,0.55,3,2.53,2.49,0.75,"harley-davidson 78%, yamaha 15%","harley-davidson 51%, <long> 29%",0.665,0.12,0.815
r8s_1046_tisane,"Suggest a type of tisane. Reply with only the name, nothing else.",0.6444,<long> -> bench,0.5917,chamomile -> real,0.5358,peppermint -> real,58,61,0.033,0.322,0.207,60,90,41,0.0,0.187,9.9,chamomile,0.7,6,2.94,11.94,0.471,"chamomile 48%, peppermint 12%","<long> 32%, chamomile 30%",0.6461,0.367,0.765
r8s_0991_fog_type,"Suggest a fog type. Reply with only the name, nothing else.",0.6444,<long> -> bench,0.55,mist -> real,0.5574,advection fog -> bench,58,61,0.033,0.322,0.207,60,90,79,0.0,0.187,9.4,advection fog,0.45,9,6.04,53.18,0.134,"fog 10%, mist 10%","<long> 32%, fog 11%",0.63,0.499,0.783
r8s_0952_savanna,"Suggest a type of savanna. Reply with only the name, nothing else.",0.6444,<long> -> bench,0.575,serengeti -> real,0.6061,tropical savanna -> bench,58,61,0.033,0.322,0.207,60,90,30,0.0,0.193,10.1,african savanna,0.45,8,5.26,11.87,0.244,"african savanna 23%, savanna 22%","<long> 32%, savanna 18%",0.6628,0.164,0.969
r8_0199_watch_brand,"Name a watch brand. Reply with only the name, nothing else.",0.6444,<long> -> bench,0.6139,rolex -> real,0.5292,omega -> bench,60,64,0.0,0.289,0.173,60,90,14,0.0,0.16,7.8,rolex,0.7,5,2.74,2.57,0.782,"rolex 78%, omega 7%","rolex 56%, <long> 29%",0.6669,0.134,0.93
r8_0205_kitchen_appliance,"Name a kitchen appliance. Reply with only the name, nothing else.",0.6444,blender -> real,0.6444,blender -> real,0.6061,blender -> real,60,66,0.0,0.267,0.16,60,90,16,0.0,0.153,7.6,blender,0.5,4,2.99,4.8,0.389,"blender 50%, toaster 28%","toaster 28%, <long> 27%",0.6622,0.157,0.854
r8s_0060_feeling,"Suggest a type of feeling. Reply with only the name, nothing else.",0.6444,<long> -> bench,0.5528,joy -> bench,0.5844,joy -> bench,60,64,0.0,0.289,0.173,60,90,57,0.0,0.173,8.6,euphoria,0.25,9,7.29,31.99,0.137,"euphoria 12%, nostalgia 10%","<long> 29%, joy 16%",0.6581,0.393,0.712
r8s_0011_grain,"Suggest a type of grain. Reply with only the name, nothing else.",0.6444,<long> -> bench,0.5417,oats -> real,0.5927,wheat -> bench,60,64,0.0,0.289,0.173,60,90,63,0.0,0.133,7.6,quinoa,0.3,5,4.43,23.06,0.379,"wheat 28%, oats 8%","wheat 33%, <long> 29%",0.6306,0.458,0.488
r8s_0018_gas,"Suggest a type of gas. Reply with only the name, nothing else.",0.6444,<long> -> bench,0.5917,natural gas -> real,0.6441,oxygen -> bench,58,61,0.033,0.322,0.207,60,90,42,0.0,0.193,9.1,oxygen,0.95,2,1.22,16.56,0.286,"natural gas 22%, methane 18%","<long> 32%, oxygen 29%",0.6561,0.237,1.042
r8_0349_gesture,"Name a type of gesture. Reply with only the name, nothing else.",0.6444,<long> -> bench,0.525,gesture -> real,0.5885,wave -> bench,60,64,0.0,0.289,0.173,60,90,27,0.0,0.173,7.6,wave,0.45,8,5.49,5.82,0.508,"wave 42%, waving 23%","wave 42%, <long> 29%",0.6575,0.189,0.776
r8_0378_number,"Name a number. Reply with only the name, nothing else.",0.6444,<long> -> bench,0.6361,one -> real,0.6135,one -> real,60,64,0.0,0.289,0.173,60,90,23,0.0,0.16,7.4,seven,0.45,9,5.89,9.29,0.266,"one 38%, seven 27%","<long> 29%, seven 18%",0.6789,0.171,0.925
r8_0356_norse_god,"Name a norse god. Reply with only the name, nothing else.",0.6444,odin -> real,0.6444,odin -> real,0.5928,odin -> real,60,74,0.0,0.178,0.107,60,90,15,0.0,0.1,6.0,odin,0.9,2,1.38,2.87,0.664,"odin 77%, thor 22%","odin 48%, thor 22%",0.6633,0.077,0.765
r8_0854_sealant,"Name a sealant. Reply with only the name, nothing else.",0.6444,<long> -> bench,0.5389,epoxy -> real,0.5315,polyurethane -> bench,58,61,0.033,0.322,0.207,60,90,54,0.0,0.193,9.4,silicone,0.25,12,10.14,28.04,0.151,"epoxy 17%, silicone 13%","<long> 32%, silicone 11%",0.6475,0.267,0.718
r8_0856_carpet,"Name a carpet. Reply with only the name, nothing else.",0.6444,<long> -> bench,0.5667,carpet -> real,0.5844,persian -> bench,60,64,0.0,0.289,0.173,60,90,46,0.0,0.173,8.4,shag,0.3,10,7.84,20.86,0.185,"carpet 23%, shag 18%","<long> 29%, persian 16%",0.6475,0.294,0.923
r8s_0798_food,"Suggest a type of food. Reply with only the name, nothing else.",0.6444,<long> -> bench,0.5889,sushi -> real,0.5844,sushi -> real,60,64,0.0,0.289,0.173,60,90,23,0.0,0.173,7.6,pizza,0.8,4,2.03,5.38,0.581,"pizza 50%, sushi 20%","pizza 47%, <long> 29%",0.6347,0.199,1.088
r8_0246_landform,"Name a landform. Reply with only the name, nothing else.",0.6444,<long> -> bench,0.5917,mountain -> real,0.5333,mount everest -> real,60,64,0.0,0.289,0.173,60,90,18,0.0,0.16,7.4,mountain,0.95,2,1.22,2.61,0.815,"mountain 78%, mount everest 7%","mountain 60%, <long> 29%",0.6672,0.105,0.848
r8_0815_robe,"Name a robe. Reply with only the name, nothing else.",0.6444,<long> -> bench,0.5611,toga -> real,0.5534,toga -> real,58,61,0.033,0.322,0.207,60,90,76,0.0,0.193,9.2,bathrobe,0.15,17,15.83,41.68,0.202,"robe 20%, toga 17%","<long> 32%, robe 13%",0.6572,0.506,0.742
r8_0804_bottom_dwelling_fish,"Name a bottom-dwelling fish. Reply with only the name, nothing else.",0.6444,<long> -> bench,0.6056,catfish -> real,0.5687,angelfish -> bench,60,64,0.0,0.289,0.173,60,90,32,0.0,0.167,8.3,catfish,0.35,11,8.22,11.38,0.371,"catfish 43%, anglerfish 12%","<long> 29%, catfish 22%",0.645,0.314,0.762
r8s_0114_ballet,"Suggest a type of ballet. Reply with only the name, nothing else.",0.6444,<long> -> bench,0.5444,classical ballet -> bench,0.5876,classical ballet -> bench,58,61,0.033,0.322,0.207,60,90,31,0.0,0.2,9.7,swan lake,0.3,11,8.63,8.74,0.445,"ballet 40%, classical ballet 10%","<long> 32%, ballet 32%",0.6606,0.287,0.847
r8s_0110_composer,"Suggest a type of composer. Reply with only the name, nothing else.",0.6444,<long> -> bench,0.5722,baroque -> bench,0.6066,baroque -> bench,58,61,0.033,0.322,0.207,60,90,81,0.0,0.193,9.3,composer,0.15,15,13.42,55.22,0.109,"composer 13%, classical 8%","<long> 32%, baroque 14%",0.6433,0.514,0.543
r8s_0107_jam,"Suggest a type of jam. Reply with only the name, nothing else.",0.6444,<long> -> bench,0.5667,strawberry -> real,0.5443,strawberry jam -> bench,60,64,0.0,0.289,0.173,60,90,59,0.0,0.167,8.8,strawberry jam,0.5,6,3.69,24.06,0.266,"strawberry 30%, jam 10%","<long> 29%, strawberry 17%",0.6328,0.363,0.789
r8s_0068_rodent,"Suggest a type of rodent. Reply with only the name, nothing else.",0.6444,<long> -> bench,0.5861,squirrel -> real,0.5719,squirrel -> real,58,61,0.033,0.322,0.207,60,90,23,0.0,0.173,8.6,rat,0.8,4,2.03,6.47,0.479,"rat 42%, squirrel 25%","rat 36%, <long> 32%",0.6592,0.204,0.979
r8_0388_donut,"Name a donut. Reply with only the name, nothing else.",0.6444,glazed -> real,0.6444,glazed -> real,0.6368,glazed -> real,60,67,0.0,0.256,0.153,60,90,60,0.0,0.147,8.1,glazed,0.45,10,6.31,26.1,0.189,"glazed 33%, glazed donut 25%","<long> 26%, donut 10%",0.7439,0.363,1.099
r8s_1157_philosophical_concept,"Suggest a type of philosophical concept. Reply with only the name, nothing else.",0.6444,<long> -> bench,0.6083,stoicism -> real,0.6083,stoicism -> real,60,64,0.0,0.289,0.173,60,90,62,0.0,0.167,8.8,existentialism,0.5,8,5.0,30.81,0.21,"stoicism 22%, utilitarianism 12%","<long> 29%, existentialism 21%",0.6556,0.325,0.702
r8s_1148_grainy_substance,"Suggest a type of grainy substance. Reply with only the name, nothing else.",0.6444,<long> -> bench,0.5861,sand -> bench,0.6448,sand -> bench,60,64,0.0,0.289,0.173,60,90,48,0.0,0.167,7.7,salt,0.25,8,6.8,19.48,0.266,"salt 23%, sand 12%","<long> 29%, sand 29%",0.6572,0.384,1.287
r8s_1174_colour_shade,"Suggest a type of colour shade. Reply with only the name, nothing else.",0.6444,<long> -> bench,0.5639,sage -> real,0.5612,sage -> real,58,61,0.033,0.322,0.207,60,90,57,0.0,0.18,8.9,sage,0.3,13,10.17,37.97,0.092,"sage 15%, emerald 8%","<long> 32%, emerald 7%",0.65,0.456,0.838
r8s_1116_food_type,"Suggest a food type. Reply with only the name, nothing else.",0.6444,<long> -> bench,0.6083,pizza -> real,0.5542,pizza -> real,60,64,0.0,0.289,0.173,60,90,33,0.0,0.167,7.7,pizza,0.75,4,2.23,10.38,0.427,"pizza 48%, pasta 15%","<long> 29%, pizza 27%",0.66,0.303,0.944
r8_0758_cup,"Name a cup. Reply with only the name, nothing else.",0.6444,<long> -> bench,0.5472,coffee -> real,0.5567,mug -> bench,58,61,0.033,0.322,0.207,60,90,31,0.0,0.167,8.6,mug,0.8,2,1.65,7.98,0.42,"mug 35%, cup 25%","<long> 32%, mug 32%",0.6444,0.223,0.864
r8_1500_recycling_material,"Name a recycling material. Reply with only the name, nothing else.",0.6444,<long> -> bench,0.6278,plastic -> real,0.6052,plastic -> real,60,64,0.0,0.289,0.173,60,90,11,0.0,0.16,7.6,paper,0.5,4,2.99,3.75,0.516,"paper 48%, plastic 37%","paper 39%, <long> 29%",0.6383,0.125,0.895
r8_1455_art_technique,"Name an art technique. Reply with only the name, nothing else.",0.6444,<long> -> bench,0.55,impasto -> real,0.538,impasto -> bench,60,64,0.0,0.289,0.173,60,90,26,0.0,0.173,8.5,impasto,0.75,4,2.23,5.77,0.573,"impasto 53%, impressionism 18%","impasto 43%, <long> 29%",0.6514,0.243,1.0
r8_1427_grape_wine,"Name a grape wine. Reply with only the name, nothing else.",0.6444,<long> -> bench,0.5444,cabernet sauvignon -> real,0.5526,cabernet sauvignon -> bench,60,64,0.0,0.289,0.173,60,90,28,0.0,0.153,9.1,cabernet sauvignon,0.45,8,5.64,6.08,0.621,"cabernet sauvignon 57%, merlot 8%","cabernet sauvignon 48%, <long> 29%",0.6436,0.18,0.872
r8_1933_science_fiction_device,"Name a science-fiction device. Reply with only the name, nothing else.",0.6444,<long> -> bench,0.5583,hyperdrive -> real,0.5583,hyperdrive -> real,60,64,0.0,0.289,0.173,60,90,48,0.0,0.167,8.6,warp drive,0.5,5,3.59,21.14,0.234,"death star 18%, hyperdrive 12%","<long> 29%, death star 20%",0.6433,0.338,0.99
r8_1939_heating_device,"Name a heating device. Reply with only the name, nothing else.",0.6444,<long> -> bench,0.6167,heater -> real,0.5938,bunsen burner -> bench,60,64,0.0,0.289,0.173,60,90,25,0.0,0.167,8.3,heater,0.45,9,5.89,9.47,0.274,"heater 37%, space heater 30%","<long> 29%, space heater 14%",0.6706,0.191,0.986
r8s_1250_oral_care_product,"Suggest a type of oral care product. Reply with only the name, nothing else.",0.6444,<long> -> bench,0.6139,electric toothbrush -> real,0.5958,electric toothbrush -> real,60,64,0.0,0.289,0.173,60,90,29,0.0,0.167,9.0,electric toothbrush,0.4,8,5.74,9.43,0.315,"electric toothbrush 32%, crest 25%","<long> 29%, crest 27%",0.6614,0.182,0.711
r8s_1229_choir,"Suggest a type of choir. Reply with only the name, nothing else.",0.6444,<long> -> bench,0.55,cappella -> real,0.5492,acapella -> bench,58,61,0.033,0.322,0.207,60,90,51,0.0,0.2,9.5,barbershop,0.1,19,18.66,27.96,0.176,"cappella 20%, chamber choir 8%","<long> 32%, cappella 10%",0.6503,0.347,0.951
r8_0943_telephone_brand,"Name a telephone brand. Reply with only the name, nothing else.",0.6444,<long> -> bench,0.5639,samsung -> real,0.5432,motorola -> real,60,64,0.0,0.289,0.173,60,90,18,0.0,0.173,7.4,motorola,0.3,10,7.51,5.24,0.452,"samsung 45%, apple 28%","samsung 32%, <long> 29%",0.6536,0.191,0.952
r8_0921_taste_sensation,"Name a taste sensation. Reply with only the name, nothing else.",0.6444,<long> -> bench,0.55,salty -> real,0.5328,sweet -> bench,60,64,0.0,0.289,0.173,60,90,22,0.0,0.173,8.2,sweet,0.7,4,2.49,7.24,0.331,"salty 33%, sweet 20%","<long> 29%, salty 23%",0.6522,0.157,0.782
r8_0901_vodka,"Name a vodka. Reply with only the name, nothing else.",0.6444,<long> -> bench,0.5722,grey goose -> real,0.5677,grey goose -> real,60,64,0.0,0.289,0.173,60,90,25,0.0,0.16,8.9,absolut,0.55,4,2.71,5.85,0.573,"smirnoff 52%, grey goose 17%","smirnoff 44%, <long> 29%",0.6472,0.219,1.141
r8_0903_grocery_store,"Name a grocery store. Reply with only the name, nothing else.",0.6444,<long> -> bench,0.5694,walmart -> real,0.5344,walmart -> bench,60,64,0.0,0.289,0.173,60,90,26,0.0,0.167,8.3,walmart,0.85,4,1.8,4.6,0.685,"walmart 65%, whole foods market 10%","walmart 51%, <long> 29%",0.6511,0.131,0.956
r8s_0683_loud_noise,"Suggest a type of loud noise. Reply with only the name, nothing else.",0.6444,<long> -> bench,0.5778,jackhammer -> bench,0.6161,jackhammer -> bench,60,64,0.0,0.289,0.173,60,90,60,0.0,0.173,8.4,jet engine roar,0.4,9,6.16,33.51,0.153,"thunder 12%, firecracker 8%","<long> 29%, jackhammer 19%",0.6417,0.425,0.929
r8s_0724_ham,"Suggest a type of ham. Reply with only the name, nothing else.",0.6444,<long> -> bench,0.5806,bacon -> real,0.5711,bacon -> real,58,61,0.033,0.322,0.207,60,90,69,0.0,0.193,9.0,prosciutto,0.25,11,8.98,41.09,0.151,"bacon 22%, ham 8%","<long> 32%, canadian 7%",0.6519,0.398,0.786
r8_0249_meal,"Name a meal. Reply with only the name, nothing else.",0.6444,<long> -> bench,0.5611,pizza -> real,0.5813,spaghetti -> bench,60,64,0.0,0.289,0.173,60,90,34,0.0,0.147,8.4,pizza,0.2,10,8.63,14.87,0.234,"pizza 23%, spaghetti 15%","<long> 29%, spaghetti 22%",0.6544,0.188,0.943
r8_0282_train_type,"Name a train type. Reply with only the name, nothing else.",0.6444,<long> -> bench,0.5639,steam -> real,0.5594,steam -> real,60,64,0.0,0.289,0.173,60,90,53,0.0,0.167,8.1,express train,0.15,13,11.99,31.25,0.169,"steam 15%, subway 12%","<long> 29%, subway 16%",0.6542,0.265,1.02
r8s_0113_seed,"Suggest a type of seed. Reply with only the name, nothing else.",0.6444,<long> -> bench,0.5472,sunflower -> real,0.5656,wheat -> bench,58,61,0.033,0.322,0.207,60,90,85,0.0,0.193,9.0,sunflower,0.85,4,1.8,50.98,0.202,"sunflower 22%, none 5%","<long> 32%, sunflower 12%",0.6367,0.479,0.703
r8_0274_metal,"Name a metal. Reply with only the name, nothing else.",0.6444,iron -> real,0.6444,iron -> real,0.5744,iron -> real,59,67,0.017,0.256,0.16,60,90,15,0.0,0.153,6.8,iron,0.9,2,1.38,3.28,0.667,"iron 73%, gold 15%","iron 44%, <long> 26%",0.6906,0.11,0.817
r8_0170_joint,"Name a joint. Reply with only the name, nothing else.",0.6444,<long> -> bench,0.5389,joint -> real,0.5353,joint -> real,58,61,0.033,0.322,0.207,60,90,91,0.0,0.187,9.2,knee,0.75,6,2.62,69.95,0.084,"joint 10%, knee 5%","<long> 32%, knee 8%",0.655,0.527,0.664
r8s_0946_pod_spice,"Suggest a type of pod spice. Reply with only the name, nothing else.",0.6444,<long> -> bench,0.5417,cardamom -> bench,0.5651,cardamom -> bench,58,61,0.033,0.322,0.207,60,90,71,0.0,0.207,9.4,cinnamon,0.1,18,17.41,44.89,0.109,"chili 13%, cumin 5%","<long> 32%, cardamom 10%",0.6456,0.439,0.614
r8s_0823_lake_on_earth,"Suggest a type of lake on earth. Reply with only the name, nothing else.",0.6444,<long> -> bench,0.5444,lake superior -> real,0.5391,great lakes -> bench,60,64,0.0,0.289,0.173,60,90,56,0.0,0.16,8.7,crater lake,0.15,15,13.42,33.06,0.137,"lake superior 17%, lake baikal 10%","<long> 29%, great salt lake 10%",0.6503,0.258,0.763
r8_0862_aperitif,"Name an aperitif. Reply with only the name, nothing else.",0.6444,<long> -> bench,0.6028,champagne -> real,0.5849,brandy -> bench,60,64,0.0,0.289,0.173,60,90,37,0.0,0.167,8.5,champagne,0.25,11,9.21,9.63,0.371,"champagne 35%, brandy 28%","brandy 32%, <long> 29%",0.6514,0.256,0.949
r8s_1220_neurotransmitter,"Suggest a type of neurotransmitter. Reply with only the name, nothing else.",0.6444,<long> -> bench,0.5861,dopamine -> real,0.5536,serotonin -> real,60,64,0.0,0.289,0.173,60,90,5,0.0,0.173,8.8,dopamine,0.7,4,2.49,1.7,0.823,"dopamine 78%, serotonin 22%","dopamine 61%, <long> 29%",0.6561,0.112,1.066
r8_0695_president,"Name a president. Reply with only the name, nothing else.",0.6444,<long> -> bench,0.625,joe biden -> real,0.5926,joe biden -> real,58,61,0.033,0.322,0.207,60,90,29,0.0,0.187,9.2,george washington,0.3,8,5.79,10.45,0.336,"joe biden 42%, george washington 17%","<long> 32%, george washington 20%",0.6486,0.294,0.779
r8_0712_fish,"Name a fish. Reply with only the name, nothing else.",0.6444,<long> -> bench,0.5833,tuna -> real,0.5833,tuna -> real,60,64,0.0,0.289,0.173,60,90,31,0.0,0.173,8.1,salmon,0.6,5,3.01,8.94,0.427,"salmon 37%, tuna 17%","salmon 34%, <long> 29%",0.6561,0.183,0.709
r8_0683_loud_noise,"Name a loud noise. Reply with only the name, nothing else.",0.6444,<long> -> bench,0.5694,thunder -> real,0.537,firecracker -> bench,60,64,0.0,0.289,0.173,60,90,42,0.0,0.153,8.1,siren,0.2,13,10.9,15.87,0.363,"thunder 38%, jet engine 10%","<long> 29%, thunder 24%",0.6692,0.301,0.77
r8_0649_dance,"Name a dance. Reply with only the name, nothing else.",0.6444,<long> -> bench,0.6139,tango -> real,0.5891,tango -> real,60,64,0.0,0.289,0.173,60,90,55,0.0,0.173,8.6,tango,0.75,6,2.62,22.27,0.258,"tango 35%, ballet 12%","<long> 29%, ballet 16%",0.6542,0.221,0.852
r8_1884_plant_flower_arrangeme,"Name a type of plant flower arrangement. Reply with only the name, nothing else.",0.6444,<long> -> bench,0.55,bouquet -> real,0.5177,bouquet -> bench,60,64,0.0,0.289,0.173,60,90,56,0.0,0.14,8.1,backdrop,0.05,20,20.0,16.5,0.452,"bouquet 43%, corsage 7%","bouquet 33%, <long> 29%",0.6483,0.33,0.859
r8_1855_food_group,"Name a food group. Reply with only the name, nothing else.",0.6444,<long> -> bench,0.5639,fruit -> real,0.5594,fruit -> real,60,64,0.0,0.289,0.173,60,90,11,0.0,0.16,8.1,fruits,0.65,4,2.52,4.65,0.5,"fruits 47%, grains 20%","fruits 38%, <long> 29%",0.665,0.218,1.0
r8_1471_bandage,"Name a type of bandage. Reply with only the name, nothing else.",0.6444,<long> -> bench,0.5611,adhesive bandage -> real,0.5276,band-aid -> real,60,64,0.0,0.289,0.173,60,90,19,0.0,0.173,9.4,adhesive bandage,0.6,4,2.63,5.38,0.556,"adhesive bandage 53%, band-aid 13%","adhesive bandage 41%, <long> 29%",0.655,0.204,0.87
r8_1506_gymnastics_apparatus,"Name a type of gymnastics apparatus. Reply with only the name, nothing else.",0.6444,<long> -> bench,0.5889,beam -> real,0.5505,beam -> real,60,64,0.0,0.289,0.173,60,90,29,0.0,0.16,7.9,balance beam,0.5,10,5.9,7.74,0.379,"balance beam 42%, beam 37%","<long> 29%, balance beam 24%",0.6606,0.305,0.841
r8_1481_shaft,"Name a shaft. Reply with only the name, nothing else.",0.6444,<long> -> bench,0.5167,drive shaft -> real,0.548,shaft -> bench,56,58,0.067,0.356,0.24,60,90,79,0.0,0.22,9.6,rotary shaft,0.1,19,18.66,42.58,0.263,"shaft 20%, <long> 7%","<long> 36%, shaft 20%",0.655,0.545,0.751
r8_1823_hot_sauce,"Name a hot sauce. Reply with only the name, nothing else.",0.6444,<long> -> bench,0.525,cholula -> real,0.5849,tabasco -> bench,60,64,0.0,0.289,0.173,60,90,32,0.0,0.16,8.1,tabasco,0.85,3,1.68,6.09,0.621,"tabasco 53%, ghost pepper 8%","tabasco 50%, <long> 29%",0.6158,0.257,0.989
r8_1818_unit_of_pressure,"Name an unit of pressure. Reply with only the name, nothing else.",0.6444,<long> -> bench,0.6111,pascal -> real,0.5266,pascal -> bench,60,64,0.0,0.289,0.173,60,90,10,0.0,0.153,7.7,pascal,1.0,1,1.0,1.5,0.927,"pascal 90%, atmosphere 2%","pascal 68%, <long> 29%",0.7367,0.046,0.881
r8_1829_logo,"Name a logo. Reply with only the name, nothing else.",0.6444,<long> -> bench,0.575,apple -> real,0.5555,apple -> real,58,61,0.033,0.322,0.207,60,90,73,0.0,0.2,9.0,apple,0.8,5,2.18,41.14,0.202,"apple 25%, nike 7%","<long> 32%, apple 10%",0.6589,0.457,0.632
r8_1817_department_store,"Name a department store. Reply with only the name, nothing else.",0.6444,<long> -> bench,0.6,macys -> real,0.557,walmart -> bench,58,61,0.033,0.322,0.207,60,90,24,0.0,0.187,9.3,macys,1.0,1,1.0,3.76,0.731,"macys 70%, <long> 3%","macys 50%, <long> 32%",0.6622,0.11,0.703
r8_0206_siren,"Name a siren. Reply with only the name, nothing else.",0.6444,<long> -> bench,0.5333,cassandra -> real,0.5345,cassandra -> real,58,61,0.033,0.322,0.207,60,90,98,0.0,0.193,9.3,siren,0.1,19,18.66,79.61,0.101,"calypso 10%, cassandra 7%","<long> 32%, calypso 7%",0.6478,0.455,0.969
r8_0062_liquid,"Name a liquid. Reply with only the name, nothing else.",0.6444,<long> -> bench,0.5528,water -> real,0.5646,water -> bench,60,64,0.0,0.289,0.173,60,90,21,0.0,0.167,7.5,water,1.0,1,1.0,3.36,0.75,"water 68%, liquid 8%","water 58%, <long> 29%",0.6694,0.117,0.814
r8_0656_literary_form,"Name a literary form. Reply with only the name, nothing else.",0.6444,<long> -> bench,0.5778,epic -> real,0.562,epic -> real,60,64,0.0,0.289,0.173,60,90,26,0.0,0.173,8.1,novel,0.45,4,3.02,6.27,0.54,"sonnet 48%, epic 23%","sonnet 42%, <long> 29%",0.6317,0.167,0.831
r8_0934_chemical_bond,"Name a chemical bond. Reply with only the name, nothing else.",0.6444,<long> -> bench,0.5639,ionic bond -> real,0.5594,ionic bond -> real,60,64,0.0,0.289,0.173,60,90,13,0.0,0.167,9.2,covalent bond,0.4,4,3.49,3.5,0.637,"covalent bond 60%, ionic bond 15%","covalent bond 48%, <long> 29%",0.6617,0.072,1.053
r8_0947_theater_term,"Name a theater term. Reply with only the name, nothing else.",0.6444,<long> -> bench,0.5889,curtain -> bench,0.6318,curtain -> bench,60,64,0.0,0.289,0.173,60,90,74,0.0,0.14,8.1,black box,0.15,14,12.85,44.3,0.169,"soliloquy 7%, ensemble 7%","<long> 29%, curtain 21%",0.6681,0.471,1.103
r8_0951_stage_equipment,"Name a type of stage equipment. Reply with only the name, nothing else.",0.6444,<long> -> bench,0.5667,spotlight -> real,0.5443,microphone -> real,60,64,0.0,0.289,0.173,60,90,48,0.0,0.167,8.2,spotlight,0.8,3,1.85,14.79,0.387,"spotlight 40%, microphone 17%","<long> 29%, spotlight 27%",0.6497,0.243,0.77
r8_1236_form_of_cooking,"Name a type of form of cooking. Reply with only the name, nothing else.",0.6444,<long> -> bench,0.5417,pizza -> real,0.5464,grilling -> bench,60,64,0.0,0.289,0.173,60,90,33,0.0,0.173,8.1,frying,0.3,5,4.75,14.04,0.282,"baking 27%, fry 13%","<long> 29%, baking 21%",0.6417,0.295,1.027
r8_1203_cocktail,"Name a cocktail. Reply with only the name, nothing else.",0.6444,<long> -> bench,0.6111,old fashioned -> real,0.5885,old fashioned -> real,60,64,0.0,0.289,0.173,60,90,24,0.0,0.167,9.1,mojito,0.5,3,2.83,8.93,0.274,"mojito 33%, old fashioned 33%","<long> 29%, mojito 16%",0.6417,0.166,0.973
r8_1210_pet_category,"Name a pet category. Reply with only the name, nothing else.",0.6444,<long> -> bench,0.6194,dog -> real,0.5906,dogs -> bench,60,64,0.0,0.289,0.173,60,90,18,0.0,0.167,7.6,dogs,0.95,2,1.22,6.33,0.411,"dog 48%, cats 12%","<long> 29%, dog 24%",0.6536,0.197,0.757
r8_1242_transistor,"Name a transistor. Reply with only the name, nothing else.",0.6444,<long> -> bench,0.6,bjt -> real,0.5961,bjt -> real,58,61,0.033,0.322,0.207,60,90,22,0.0,0.193,10.8,bipolar junction transistor,0.5,4,2.99,5.73,0.513,"bipolar junction transistor 42%, bjt 23%","bipolar junction transistor 40%, <long> 32%",0.6589,0.269,0.859
r8_1258_knitwear_item,"Name a knitwear item. Reply with only the name, nothing else.",0.6444,<long> -> bench,0.5389,cardigan -> real,0.5422,sweater -> bench,60,64,0.0,0.289,0.173,60,90,30,0.0,0.16,8.7,sweater,0.6,2,1.96,7.35,0.444,"sweater 40%, cardigan 27%","sweater 34%, <long> 29%",0.6444,0.297,1.084
r8_1180_tape,"Name a tape. Reply with only the name, nothing else.",0.6444,<long> -> bench,0.5222,tape -> real,0.5179,kodak -> real,56,58,0.067,0.356,0.24,60,90,101,0.0,0.193,9.8,cassette,0.2,16,14.14,86.16,0.096,"tape 10%, <long> 7%","<long> 36%, tape 6%",0.6497,0.528,0.62
r8_1260_grill,"Name a grill. Reply with only the name, nothing else.",0.6444,<long> -> bench,0.5639,bbq -> bench,0.5932,bbq -> bench,60,64,0.0,0.289,0.173,60,90,75,0.0,0.167,8.8,char-broil,0.55,7,4.05,49.8,0.113,"char-broil 13%, char-grill 8%","<long> 29%, bbq 14%",0.6525,0.38,0.825
r8s_0555_sculpture_material,"Suggest a type of sculpture material. Reply with only the name, nothing else.",0.6444,<long> -> bench,0.6,marble -> real,0.5661,marble -> real,60,64,0.0,0.289,0.173,60,90,12,0.0,0.167,8.1,bronze,0.7,3,2.11,3.03,0.597,"bronze 55%, marble 37%","bronze 46%, <long> 29%",0.6522,0.147,0.91
r8s_0502_sleepwear,"Suggest a type of sleepwear. Reply with only the name, nothing else.",0.6444,<long> -> bench,0.5667,pajamas -> real,0.5281,pajamas -> bench,60,64,0.0,0.289,0.173,60,90,37,0.0,0.167,8.9,pajamas,0.55,8,4.66,6.89,0.629,"pajamas 60%, leggings 5%","pajamas 47%, <long> 29%",0.6444,0.306,1.225
r8s_0493_habitat,"Suggest a type of habitat. Reply with only the name, nothing else.",0.6444,<long> -> bench,0.5694,forest -> real,0.574,desert -> bench,60,64,0.0,0.289,0.173,60,90,60,0.0,0.167,8.3,rainforest,0.5,8,5.0,28.07,0.21,"forest 22%, desert 13%","<long> 29%, desert 20%",0.6506,0.368,0.732
r8_0993_violin,"Name a violin. Reply with only the name, nothing else.",0.6444,stradivarius -> real,0.6444,stradivarius -> real,0.576,stradivarius -> real,59,63,0.017,0.3,0.187,60,90,25,0.0,0.173,9.8,stradivarius,0.55,9,4.99,5.21,0.566,"stradivarius 63%, violin 20%","stradivarius 34%, <long> 30%",0.6708,0.175,0.817
r8_1038_gum,"Name a gum. Reply with only the name, nothing else.",0.6444,<long> -> bench,0.5611,gum arabic -> bench,0.5902,gum arabic -> bench,58,61,0.033,0.322,0.207,60,90,75,0.0,0.18,9.6,extra,0.2,13,10.72,43.29,0.193,"gum 13%, chocolate 7%","<long> 32%, gum 17%",0.6556,0.422,0.725
r8_1003_jacket_style,"Name a jacket style. Reply with only the name, nothing else.",0.6444,<long> -> bench,0.6139,bomber jacket -> real,0.6601,bomber -> bench,58,61,0.033,0.322,0.207,60,90,29,0.0,0.193,9.1,bomber jacket,0.65,6,3.29,8.73,0.319,"bomber jacket 35%, blazer 17%","<long> 32%, bomber 32%",0.6578,0.241,0.978
r8_1037_hot_dog_topping,"Name a type of hot dog topping. Reply with only the name, nothing else.",0.6444,<long> -> bench,0.6194,relish -> real,0.563,relish -> real,60,64,0.0,0.289,0.173,60,90,21,0.0,0.16,8.0,mustard,0.3,7,5.52,5.77,0.452,"relish 52%, mustard 23%","<long> 29%, relish 28%",0.6444,0.178,0.951
r8_1004_tire_width,"Name a tire width. Reply with only the name, nothing else.",0.6444,<long> -> bench,0.5861,225/45r17 -> real,0.6135,225 -> bench,60,64,0.0,0.289,0.173,60,90,41,0.0,0.167,10.7,225/45r17,0.25,14,11.64,19.12,0.234,"225/45r17 22%, 205 13%","<long> 29%, 225 24%",0.6508,0.182,0.939
r8_1017_leviathan,"Name a leviathan. Reply with only the name, nothing else.",0.6444,<long> -> bench,0.5417,kraken -> real,0.5358,kraken -> real,58,61,0.033,0.322,0.207,60,90,55,0.0,0.187,9.6,kraken,0.45,8,5.26,23.11,0.311,"leviathan 27%, kraken 12%","<long> 32%, leviathan 23%",0.6456,0.306,0.885
r8_1232_painting_technique,"Name a painting technique. Reply with only the name, nothing else.",0.6444,<long> -> bench,0.6167,impasto -> real,0.5521,impressionism -> real,60,64,0.0,0.289,0.173,60,90,13,0.0,0.16,8.1,impasto,0.85,2,1.53,2.32,0.798,"impasto 80%, impressionism 17%","impasto 57%, <long> 29%",0.6747,0.162,0.985
r8s_0613_harp,"Suggest a type of harp. Reply with only the name, nothing else.",0.6444,<long> -> bench,0.55,oud -> real,0.557,harp -> bench,58,61,0.033,0.322,0.207,60,90,69,0.0,0.2,9.3,pedal harp,0.1,19,18.66,47.07,0.076,"concert harp 10%, oud 10%","<long> 32%, harp 9%",0.6367,0.415,0.725
r8s_0602_chip,"Suggest a type of chip. Reply with only the name, nothing else.",0.6444,<long> -> bench,0.5417,intel core i9 -> real,0.5721,gpu -> bench,58,61,0.033,0.322,0.207,60,90,69,0.0,0.2,9.2,cpu,0.4,8,5.43,39.07,0.143,"cpu 8%, intel core i9 8%","<long> 32%, gpu 14%",0.6539,0.376,0.656
r8_0643_camera_lens,"Name a type of camera lens. Reply with only the name, nothing else.",0.6444,<long> -> bench,0.5972,telephoto -> real,0.5589,telephoto lens -> bench,60,64,0.0,0.289,0.173,60,90,17,0.0,0.167,8.4,telephoto lens,0.7,2,1.84,4.3,0.427,"telephoto 45%, telephoto lens 37%","telephoto lens 34%, <long> 29%",0.6869,0.126,0.853
r8_0631_watch_style,"Name a watch style. Reply with only the name, nothing else.",0.6444,<long> -> bench,0.5694,oversized -> real,0.5694,oversized -> real,58,61,0.033,0.322,0.207,60,90,60,0.0,0.2,9.1,diver,0.5,10,5.9,37.65,0.126,"oversized 15%, aviator 8%","<long> 32%, diver 11%",0.6542,0.42,0.692
r8_0630_wood_use,"Name a wood use. Reply with only the name, nothing else.",0.6444,<long> -> bench,0.5389,furniture -> real,0.5276,construction -> real,58,61,0.033,0.322,0.207,60,90,43,0.0,0.2,9.0,furniture,0.8,5,2.18,14.9,0.403,"furniture 37%, construction 12%","<long> 32%, furniture 29%",0.6522,0.368,0.912
r8_0626_ink_color,"Name an ink color. Reply with only the name, nothing else.",0.6444,<long> -> bench,0.6222,blue -> bench,0.6922,blue -> bench,60,64,0.0,0.289,0.173,60,90,43,0.0,0.173,8.1,black,0.65,5,2.86,18.37,0.298,"black 12%, indigo 10%","blue 34%, <long> 29%",0.6556,0.232,1.086
r8s_1433_major_music_industry_a,"Suggest a type of major music industry award. Reply with only the name, nothing else.",0.6444,<long> -> bench,0.6,grammy award -> real,0.5865,grammy award -> real,60,64,0.0,0.289,0.173,60,90,7,0.0,0.173,8.6,grammy awards,0.5,4,2.99,3.68,0.476,"grammy awards 47%, grammy award 27%","grammy awards 34%, <long> 29%",0.6644,0.079,0.966
r8s_1380_ungulate,"Suggest a type of ungulate. Reply with only the name, nothing else.",0.6444,<long> -> bench,0.5972,elk -> real,0.6318,deer -> bench,60,64,0.0,0.289,0.173,60,90,17,0.0,0.167,8.3,deer,0.65,4,2.67,3.62,0.669,"deer 53%, elk 25%","deer 57%, <long> 29%",0.6397,0.153,1.449
r8s_1384_vegetable_seed,"Suggest a type of vegetable seed. Reply with only the name, nothing else.",0.6444,<long> -> bench,0.6028,tomato -> real,0.5547,bean -> bench,60,64,0.0,0.289,0.173,60,90,26,0.0,0.16,8.0,tomato,0.6,8,4.2,7.9,0.476,"tomato 52%, sunflower 17%","tomato 31%, <long> 29%",0.6739,0.247,0.826
r8s_1389_type_of_meteorological,"Suggest a type of type of meteorological event. Reply with only the name, nothing else.",0.6444,<long> -> bench,0.575,tornado -> real,0.5266,thunderstorm -> real,60,64,0.0,0.289,0.173,60,90,25,0.0,0.173,8.4,tornado,0.8,2,1.65,5.77,0.597,"tornado 58%, thunderstorm 10%","tornado 43%, <long> 29%",0.6528,0.241,0.869
r8_0585_detective,"Name a detective. Reply with only the name, nothing else.",0.6444,<long> -> bench,0.6278,sherlock holmes -> real,0.5083, -> real,60,64,0.0,0.289,0.173,60,90,13,0.0,0.167,9.0,sherlock holmes,0.95,2,1.22,1.73,0.903,"sherlock holmes 90%, marlene 2%","sherlock holmes 64%, <long> 29%",0.6553,0.084,0.888
r8_0600_ship_type,"Name a ship type. Reply with only the name, nothing else.",0.6444,<long> -> bench,0.5278,freighter -> real,0.5609,frigate -> bench,60,64,0.0,0.289,0.173,60,90,45,0.0,0.173,8.5,freighter,0.25,8,6.32,14.63,0.363,"frigate 30%, freighter 17%","frigate 30%, <long> 29%",0.6403,0.355,0.71
r8_0596_tool,"Name a tool. Reply with only the name, nothing else.",0.6444,<long> -> bench,0.5667,read -> real,0.5703,notepad -> bench,60,64,0.0,0.289,0.173,60,90,68,0.0,0.16,7.9,hammer,0.4,12,8.12,45.12,0.081,"read 13%, task 5%","<long> 29%, notepad 10%",0.6564,0.406,0.483
r8_0564_university,"Name an university. Reply with only the name, nothing else.",0.6444,harvard university -> real,0.6444,harvard university -> real,0.5846,harvard university -> real,60,65,0.0,0.278,0.167,60,90,17,0.0,0.153,8.4,harvard university,0.9,3,1.48,4.99,0.512,"harvard university 60%, harvard 27%","harvard university 31%, <long> 28%",0.6897,0.085,0.707
r8_1819_mouthwash,"Name a mouthwash. Reply with only the name, nothing else.",0.6444,listerine -> real,0.6444,listerine -> real,0.5604,listerine -> real,59,64,0.017,0.289,0.18,60,90,33,0.0,0.18,9.3,listerine,0.95,2,1.22,5.22,0.683,"listerine 73%, crest 8%","listerine 44%, <long> 29%",0.6842,0.148,1.01
r8_1792_orchid,"Name an orchid. Reply with only the name, nothing else.",0.6444,<long> -> bench,0.5528,phalaenopsis -> real,0.525,phalaenopsis amabilis -> real,60,64,0.0,0.289,0.173,60,90,52,0.0,0.14,9.0,phalaenopsis,0.95,2,1.22,13.25,0.508,"phalaenopsis 48%, phalaenopsis amabilis 5%","phalaenopsis 38%, <long> 29%",0.6556,0.18,0.861
r8_1784_endocrine_gland,"Name an endocrine gland. Reply with only the name, nothing else.",0.6444,<long> -> bench,0.5472,thyroid -> real,0.5464,pancreas -> bench,60,64,0.0,0.289,0.173,60,90,16,0.0,0.167,9.6,pituitary gland,0.65,4,2.52,6.86,0.379,"pituitary gland 35%, pituitary 18%","<long> 29%, pituitary gland 29%",0.6708,0.277,0.833
r8_1811_office_item,"Name an office item. Reply with only the name, nothing else.",0.6444,<long> -> bench,0.5861,desk -> real,0.6443,stapler -> bench,60,64,0.0,0.289,0.173,60,90,28,0.0,0.173,8.0,desk,0.35,7,4.78,11.17,0.282,"desk 22%, desk lamp 20%","stapler 30%, <long> 29%",0.6567,0.219,0.919
r8_1786_mean_of_transportation,"Name a mean of transportation. Reply with only the name, nothing else.",0.6444,<long> -> bench,0.6083,car -> real,0.5589,bus -> bench,60,64,0.0,0.289,0.173,60,90,17,0.0,0.167,7.4,car,0.75,4,2.23,5.43,0.468,"car 52%, bicycle 15%","car 30%, <long> 29%",0.6442,0.135,0.784
r8_1772_raptor,"Name a raptor. Reply with only the name, nothing else.",0.6444,<long> -> bench,0.5417,bald eagle -> bench,0.5651,bald eagle -> bench,58,61,0.033,0.322,0.207,60,90,75,0.0,0.187,9.3,t-rex,0.4,8,5.6,47.77,0.118,"raptor 5%, red-tailed hawk 5%","<long> 32%, falcon 12%",0.6644,0.373,0.793
r8_1077_evergreen,"Name an evergreen. Reply with only the name, nothing else.",0.6444,<long> -> bench,0.5694,pine tree -> bench,0.6135,pine tree -> bench,58,61,0.033,0.322,0.207,60,90,68,0.0,0.187,9.6,pine,0.65,5,2.86,33.58,0.202,"pine 17%, pine tree 5%","<long> 32%, pine tree 19%",0.6514,0.412,0.654
r8_1092_ceramic,"Name a ceramic. Reply with only the name, nothing else.",0.6444,<long> -> bench,0.5889,porcelain -> bench,0.6995,porcelain -> bench,60,64,0.0,0.289,0.173,60,90,38,0.0,0.167,8.2,porcelain,0.75,6,2.62,7.63,0.573,"porcelain 37%, stoneware 15%","porcelain 54%, <long> 29%",0.6569,0.26,0.9
r8_0966_epic_poem,"Name an epic poem. Reply with only the name, nothing else.",0.6444,divine comedy -> real,0.6444,divine comedy -> real,0.6333,divine comedy -> real,60,70,0.0,0.222,0.133,60,90,24,0.0,0.113,7.8,iliad,0.35,5,4.35,7.22,0.377,"divine comedy 37%, odyssey 30%","odyssey 34%, <long> 22%",0.635,0.147,0.926
r8_0968_roofing_material,"Name a roofing material. Reply with only the name, nothing else.",0.6444,<long> -> bench,0.6,asphalt shingles -> real,0.5089,shingles -> real,60,64,0.0,0.289,0.173,60,90,12,0.0,0.153,9.1,asphalt shingles,1.0,1,1.0,2.84,0.661,"asphalt shingles 67%, asphalt 25%","asphalt shingles 47%, <long> 29%",0.6675,0.15,0.958
r8_1016_economic_sector,"Name an economic sector. Reply with only the name, nothing else.",0.6444,<long> -> bench,0.5778,technology -> real,0.5094,energy -> real,60,64,0.0,0.289,0.173,60,90,18,0.0,0.16,7.8,primary sector,0.3,9,6.63,4.65,0.492,"technology 50%, agriculture 30%","technology 34%, <long> 29%",0.6669,0.188,0.919
r8_1026_grocery_store_aisle,"Name a grocery store aisle. Reply with only the name, nothing else.",0.6444,<long> -> bench,0.5306,canned goods -> bench,0.5979,produce -> bench,60,64,0.0,0.289,0.173,60,90,43,0.0,0.16,8.3,produce,0.55,7,4.05,11.75,0.468,"produce 37%, dairy 8%","produce 40%, <long> 29%",0.6481,0.183,0.873
r8s_0262_stone_fruit,"Suggest a type of stone fruit. Reply with only the name, nothing else.",0.6444,<long> -> bench,0.5778,peach -> real,0.5589,apricot -> bench,60,64,0.0,0.289,0.173,60,90,16,0.0,0.16,8.0,peach,0.6,5,3.32,5.12,0.532,"peach 53%, apricot 12%","peach 38%, <long> 29%",0.6497,0.226,1.068
r8_1200_freshwater_feature,"Name a type of freshwater feature. Reply with only the name, nothing else.",0.6444,<long> -> bench,0.5694,lake -> real,0.5344,lake -> bench,60,64,0.0,0.289,0.173,60,90,13,0.0,0.147,7.1,lake,0.4,4,3.21,3.25,0.685,"lake 65%, river 12%","lake 51%, <long> 29%",0.6536,0.224,0.903
r8_1174_colour_shade,"Name a colour shade. Reply with only the name, nothing else.",0.6444,<long> -> bench,0.5722,crimson -> real,0.5693,azure -> bench,60,64,0.0,0.289,0.173,60,90,57,0.0,0.167,8.2,crimson,0.25,13,10.86,29.92,0.218,"crimson 27%, slate 7%","<long> 29%, crimson 12%",0.6456,0.534,0.844
r8_1177_organic_compound,"Name an organic compound. Reply with only the name, nothing else.",0.6444,<long> -> bench,0.55,water -> real,0.5693,ethanol -> bench,60,64,0.0,0.289,0.173,60,90,14,0.0,0.173,8.2,ethanol,0.55,7,4.05,4.04,0.605,"ethanol 53%, water 17%","ethanol 48%, <long> 29%",0.6436,0.136,1.055
r8s_0518_toiletry,"Suggest a type of toiletry. Reply with only the name, nothing else.",0.6444,<long> -> bench,0.5778,deodorant -> real,0.5876,toothpaste -> bench,58,61,0.033,0.322,0.207,60,90,29,0.0,0.207,9.5,toothbrush,0.45,12,7.44,10.18,0.303,"shampoo 23%, deodorant 23%","<long> 32%, shampoo 24%",0.6469,0.243,1.287
r8s_0552_water_sport,"Suggest a type of water sport. Reply with only the name, nothing else.",0.6444,<long> -> bench,0.575,skiing -> real,0.5641,surfing -> bench,60,64,0.0,0.289,0.173,60,90,30,0.0,0.167,8.7,surfing,0.7,7,3.15,12.24,0.266,"skiing 28%, surfing 20%","<long> 29%, surfing 23%",0.6578,0.285,0.944
r8_1103_cattle_breed,"Name a cattle breed. Reply with only the name, nothing else.",0.6444,angus -> real,0.6444,angus -> real,0.5269,angus -> real,60,65,0.0,0.278,0.167,60,90,12,0.0,0.167,8.1,angus,0.75,3,1.99,1.91,0.872,"angus 90%, holstein 5%","angus 61%, <long> 28%",0.6533,0.145,0.949
r8_1076_noble,"Name a noble. Reply with only the name, nothing else.",0.6444,<long> -> bench,0.55,arthur -> real,0.5625,helium -> bench,60,64,0.0,0.289,0.173,60,90,73,0.0,0.173,9.0,charles,0.1,16,15.16,45.41,0.169,"arthur 20%, charlemagne 5%","<long> 29%, arthur 10%",0.6644,0.429,0.727
r8_0391_knit,"Name a knit. Reply with only the name, nothing else.",0.6444,<long> -> bench,0.5417,sweater -> bench,0.5927,sweater -> bench,56,58,0.067,0.356,0.24,60,90,68,0.0,0.193,9.8,cardigan,0.35,9,6.32,35.95,0.219,"sweater 12%, knit 8%","<long> 36%, sweater 20%",0.6672,0.475,0.789
r8_0216_spice_blend,"Name a spice blend. Reply with only the name, nothing else.",0.6444,<long> -> bench,0.5694,garam masala -> real,0.5391,cinnamon -> bench,60,64,0.0,0.289,0.173,60,90,63,0.0,0.153,9.1,garam masala,0.6,6,3.56,29.83,0.282,"garam masala 32%, gumbo 5%","<long> 29%, garam masala 18%",0.6967,0.316,0.804
r8s_0310_drum,"Suggest a type of drum. Reply with only the name, nothing else.",0.6444,<long> -> bench,0.5472,snare drum -> real,0.5391,bass -> bench,60,64,0.0,0.289,0.173,60,90,36,0.0,0.16,8.5,snare drum,0.7,6,2.94,11.84,0.339,"snare 33%, snare drum 25%","<long> 29%, snare 24%",0.6464,0.271,0.827
r8s_0302_brush,"Suggest a type of brush. Reply with only the name, nothing else.",0.6444,<long> -> bench,0.5667,toothbrush -> bench,0.6141,toothbrush -> bench,60,64,0.0,0.289,0.173,60,90,70,0.0,0.16,8.5,paintbrush,0.2,12,10.0,36.24,0.218,"toothbrush 10%, paintbrush 8%","<long> 29%, toothbrush 23%",0.645,0.333,1.033
r8s_0313_storm_type,"Suggest a storm type. Reply with only the name, nothing else.",0.6444,<long> -> bench,0.5306,tornado -> bench,0.5938,tornado -> bench,60,64,0.0,0.289,0.173,60,90,63,0.0,0.153,8.1,tornado,0.75,5,2.45,24.11,0.347,"tornado 25%, hurricane 7%","tornado 31%, <long> 29%",0.6328,0.478,0.612
r8_1141_vehicle_for_water,"Name a vehicle for water. Reply with only the name, nothing else.",0.6444,<long> -> bench,0.55,submarine -> real,0.576,boat -> bench,60,64,0.0,0.289,0.173,60,90,36,0.0,0.153,7.6,boat,1.0,1,1.0,6.17,0.645,"boat 57%, submarine 10%","boat 51%, <long> 29%",0.6442,0.2,0.973
r8_1121_type_of_island,"Name a type of island. Reply with only the name, nothing else.",0.6444,<long> -> bench,0.575,volcanic -> real,0.5391,volcanic island -> bench,60,64,0.0,0.289,0.173,60,90,59,0.0,0.167,8.7,volcanic,0.4,7,5.0,24.33,0.315,"volcanic 35%, atoll 8%","<long> 29%, volcanic 20%",0.6464,0.338,0.77
r8s_0284_musical_genre,"Suggest a musical genre. Reply with only the name, nothing else.",0.6444,<long> -> bench,0.6167,jazz -> real,0.5255,ambient -> real,60,64,0.0,0.289,0.173,60,90,25,0.0,0.173,8.2,jazz,0.85,4,1.8,3.59,0.758,"jazz 77%, ambient 7%","jazz 53%, <long> 29%",0.655,0.222,1.26
r8s_0420_seasoning_or_spice,"Suggest a type of seasoning or spice. Reply with only the name, nothing else.",0.6444,<long> -> bench,0.5806,cumin -> real,0.5893,black pepper -> bench,58,61,0.033,0.322,0.207,60,90,25,0.0,0.2,9.0,cumin,0.35,6,4.34,9.12,0.361,"cumin 38%, paprika 20%","<long> 32%, cumin 22%",0.6517,0.186,1.035
r8s_0366_fjord,"Suggest a type of fjord. Reply with only the name, nothing else.",0.6444,<long> -> bench,0.5278,glacial fjord -> real,0.5397,fjord -> bench,58,61,0.033,0.322,0.207,60,90,87,0.0,0.173,9.5,norwegian fjord,0.15,15,13.42,66.3,0.092,"glacial fjord 7%, fjord 5%","<long> 32%, fjord 9%",0.6386,0.448,0.725
r8_1083_combat_sport,"Name a combat sport. Reply with only the name, nothing else.",0.6444,<long> -> bench,0.6306,boxing -> real,0.5312,box -> bench,60,64,0.0,0.289,0.173,60,90,11,0.0,0.16,8.2,boxing,0.95,2,1.22,1.86,0.879,"boxing 88%, tae kwon do 3%","boxing 62%, <long> 29%",0.6519,0.109,0.94
r8_0531_athletic_event,"Name an athletic event. Reply with only the name, nothing else.",0.6444,<long> -> bench,0.5889,marathon -> real,0.5698,olympics -> real,60,64,0.0,0.289,0.173,60,90,25,0.0,0.167,9.2,100-meter dash,0.45,7,4.78,11.18,0.274,"marathon 33%, olympics 23%","<long> 29%, marathon 16%",0.6836,0.201,1.023
r8_0528_branch_of_science,"Name a branch of science. Reply with only the name, nothing else.",0.6444,<long> -> bench,0.55,astrophysics -> real,0.5557,biology -> bench,60,64,0.0,0.289,0.173,60,90,37,0.0,0.153,8.4,biology,0.8,3,1.85,8.9,0.524,"biology 47%, astrophysics 10%","biology 41%, <long> 29%",0.6261,0.26,0.983
r8_0514_hot_spring,"Name a type of hot spring. Reply with only the name, nothing else.",0.6444,<long> -> bench,0.6306,onsen -> real,0.6302,onsen -> real,58,61,0.033,0.322,0.207,60,90,61,0.0,0.187,9.4,geothermal,0.1,16,15.16,34.83,0.16,"onsen 28%, geyser 10%","<long> 32%, mud pot 11%",0.6514,0.354,1.137
r8_0580_astronomical_event,"Name an astronomical event. Reply with only the name, nothing else.",0.6444,<long> -> bench,0.55,solar eclipse -> real,0.5698,supernova -> bench,60,64,0.0,0.289,0.173,60,90,38,0.0,0.153,8.8,eclipse,0.5,3,2.35,14.05,0.339,"supernova 27%, solar eclipse 13%","<long> 29%, supernova 29%",0.6536,0.291,1.126
r8_0562_tomato,"Name a tomato. Reply with only the name, nothing else.",0.6444,tomato -> real,0.6444,tomato -> real,0.559,tomato -> real,60,65,0.0,0.278,0.167,60,90,19,0.0,0.167,8.3,tomato,0.35,10,6.77,3.56,0.672,"tomato 73%, roma 17%","tomato 44%, <long> 28%",0.7389,0.084,0.868
r8s_1443_notebook_binding,"Suggest a type of notebook binding. Reply with only the name, nothing else.",0.6444,<long> -> bench,0.5444,spiral -> real,0.5647,jupyter -> bench,58,61,0.033,0.322,0.207,60,90,83,0.0,0.193,9.1,saddle stitch,0.3,13,10.17,61.03,0.101,"spiral 10%, hardcover 8%","<long> 32%, jupyter 11%",0.6492,0.521,0.654
r8s_1526_body_of_land,"Suggest a type of body of land. Reply with only the name, nothing else.",0.6444,<long> -> bench,0.5417,continent -> bench,0.5725,continent -> bench,58,61,0.033,0.322,0.207,60,90,38,0.0,0.173,8.8,peninsula,0.25,12,9.87,18.35,0.193,"island 15%, peninsula 15%","<long> 32%, island 16%",0.6881,0.319,0.611
r8_1537_musical,"Name a musical. Reply with only the name, nothing else.",0.6444,<long> -> bench,0.5417,misérables -> real,0.5453,lion king -> bench,60,64,0.0,0.289,0.173,60,90,59,0.0,0.147,9.1,phantom of the opera,0.75,6,2.62,28.9,0.234,"phantom of the opera 22%, misérables 8%","<long> 29%, phantom of the opera 18%",0.6564,0.301,0.676
r8_1662_singing_style,"Name a singing style. Reply with only the name, nothing else.",0.6444,<long> -> bench,0.5694,pop -> real,0.6271,blues -> bench,60,64,0.0,0.289,0.173,60,90,37,0.0,0.167,7.9,soul,0.15,14,12.52,13.79,0.315,"blues 18%, pop 18%","blues 31%, <long> 29%",0.6506,0.233,1.076
r8_1659_gymnastics_event,"Name a gymnastics event. Reply with only the name, nothing else.",0.6444,<long> -> bench,0.5917,floor exercise -> real,0.6167,trampoline -> bench,60,64,0.0,0.289,0.173,60,90,35,0.0,0.167,8.7,floor exercise,0.4,8,5.43,14.62,0.29,"floor exercise 35%, all-around 12%","<long> 29%, trampoline 18%",0.6589,0.257,0.896
r8s_1752_zipper,"Suggest a type of zipper. Reply with only the name, nothing else.",0.6444,<long> -> bench,0.5194,ykk -> real,0.5338,ykk -> bench,58,61,0.033,0.322,0.207,60,90,67,0.0,0.193,9.1,ykk,0.6,7,3.82,28.39,0.328,"ykk 28%, zipper 5%","<long> 32%, ykk 24%",0.6481,0.378,0.732
r8_0094_adhesive,"Name an adhesive. Reply with only the name, nothing else.",0.6444,<long> -> bench,0.6139,super glue -> real,0.5823,super glue -> real,60,64,0.0,0.289,0.173,60,90,32,0.0,0.173,8.3,super glue,0.65,4,2.52,7.95,0.395,"super glue 38%, glue 35%","glue 31%, <long> 29%",0.6531,0.238,0.936
r8_0097_string_instrument,"Name a type of string instrument. Reply with only the name, nothing else.",0.6417,violin -> real,0.6417,violin -> real,0.5629,violin -> real,60,66,0.0,0.267,0.16,60,90,19,0.0,0.153,7.8,violin,0.55,4,2.71,4.02,0.651,"violin 72%, guitar 12%","violin 43%, <long> 27%",0.6922,0.172,0.732
r8s_1859_ball_sport_position,"Suggest a type of ball sport position. Reply with only the name, nothing else.",0.6417,<long> -> bench,0.5389,forward -> real,0.5523,goalkeeper -> bench,59,63,0.017,0.3,0.187,60,90,38,0.0,0.187,8.5,goalkeeper,0.5,8,5.0,17.26,0.156,"goalie 17%, forward 13%","<long> 30%, goalkeeper 14%",0.6525,0.332,0.643
r8s_1959_connector,"Suggest a type of connector. Reply with only the name, nothing else.",0.6417,<long> -> bench,0.525,postgresql -> real,0.5329,ethernet -> bench,57,60,0.05,0.333,0.22,60,90,86,0.0,0.2,9.1,rj45,0.25,12,10.14,71.9,0.06,"<long> 5%, postgresql 5%","<long> 33%, ethernet 6%",0.6444,0.57,0.637
r8_1332_lucky_charm,"Name a lucky charm. Reply with only the name, nothing else.",0.6417,<long> -> bench,0.5667,four-leaf clover -> real,0.5397,four leaf clover -> bench,59,63,0.017,0.3,0.187,60,90,53,0.0,0.167,9.9,four-leaf clover,0.7,7,3.15,16.07,0.434,"four-leaf clover 43%, fortune cookie 7%","<long> 30%, four-leaf clover 30%",0.6589,0.226,0.927
r8s_0055_mollusk,"Suggest a type of mollusk. Reply with only the name, nothing else.",0.6417,<long> -> bench,0.6,octopus -> real,0.5468,octopus -> real,59,63,0.017,0.3,0.187,60,90,26,0.0,0.173,8.5,oyster,0.5,5,3.59,8.25,0.426,"octopus 47%, oyster 17%","<long> 30%, octopus 27%",0.6575,0.199,0.816
r8_1960_mushroom_edible,"Name a mushroom edible. Reply with only the name, nothing else.",0.6417,button mushroom -> real,0.6417,button mushroom -> real,0.5519,button mushroom -> real,60,65,0.0,0.278,0.167,60,90,16,0.0,0.16,8.1,button mushroom,0.8,4,2.03,3.07,0.696,"button mushroom 75%, button 13%","button mushroom 47%, <long> 28%",0.6494,0.168,1.157
r8_1308_pegasus,"Name a type of pegasus. Reply with only the name, nothing else.",0.6417,<long> -> bench,0.525,pegasus -> bench,0.5435,pegasus -> bench,55,57,0.083,0.367,0.253,60,90,94,0.0,0.227,10.8,no,0.05,20,20.0,81.8,0.062,"<long> 8%, european 5%","<long> 37%, pegasus 7%",0.6575,0.539,0.723
r8_1287_sushi_fish,"Name a sushi fish. Reply with only the name, nothing else.",0.6417,tuna -> real,0.6417,tuna -> real,0.5859,tuna -> real,60,69,0.0,0.233,0.14,60,90,25,0.0,0.12,6.8,salmon,0.55,5,3.44,4.86,0.558,"tuna 65%, salmon 20%","tuna 37%, <long> 23%",0.6725,0.089,0.828
r8_1972_respiratory_part,"Name a respiratory part. Reply with only the name, nothing else.",0.6417,lung -> real,0.6417,lung -> real,0.5616,lung -> real,60,67,0.0,0.256,0.153,60,90,11,0.0,0.153,7.4,lungs,0.5,3,2.35,2.49,0.685,"lung 75%, lungs 25%","lung 47%, <long> 26%",0.6753,0.142,0.935
r8s_1295_theater,"Suggest a type of theater. Reply with only the name, nothing else.",0.6417,<long> -> bench,0.5861,comedy -> real,0.6121,opera -> bench,59,63,0.017,0.3,0.187,60,90,43,0.0,0.18,8.4,opera,0.15,14,12.52,13.84,0.336,"comedy 28%, opera 22%","opera 31%, <long> 30%",0.6547,0.314,0.869
r8s_0903_grocery_store,"Suggest a type of grocery store. Reply with only the name, nothing else.",0.6417,<long> -> bench,0.5694,whole foods market -> real,0.5704,walmart -> bench,59,63,0.017,0.3,0.187,60,90,33,0.0,0.173,8.9,whole foods market,0.7,5,2.67,10.79,0.41,"whole foods market 42%, whole foods 10%","<long> 30%, whole foods market 28%",0.6561,0.223,0.736
r8s_0710_animal_feather_type,"Suggest an animal feather type. Reply with only the name, nothing else.",0.6417,<long> -> bench,0.55,eagle -> real,0.544,eagle -> real,59,63,0.017,0.3,0.187,60,90,75,0.0,0.18,8.9,ugu,0.05,20,20.0,52.27,0.09,"eagle 13%, feather 10%","<long> 30%, feather 6%",0.6464,0.509,0.875
r8s_0745_temple,"Suggest a type of temple. Reply with only the name, nothing else.",0.6417,<long> -> bench,0.5361,buddhist -> real,0.5465,buddhist temple -> bench,59,63,0.017,0.3,0.187,60,90,70,0.0,0.16,9.0,buddhist,0.2,13,10.72,46.96,0.098,"gothic 8%, buddhist 8%","<long> 30%, temple 10%",0.6311,0.366,0.743
r8s_0751_tap_dance_step,"Suggest a type of tap dance step. Reply with only the name, nothing else.",0.6417,<long> -> bench,0.5556,shuffle -> real,0.5461,shuffle -> real,57,60,0.05,0.333,0.22,60,90,91,0.0,0.207,9.6,step touch,0.1,18,17.41,67.95,0.128,"shuffle 17%, <long> 5%","<long> 33%, shuffle 6%",0.6489,0.54,0.682
r8_1734_synonym_for_happy,"Name a synonym for happy. Reply with only the name, nothing else.",0.6417,joyful -> real,0.6417,joyful -> real,0.5508,joyful -> real,60,66,0.0,0.267,0.16,60,90,15,0.0,0.16,7.8,joyful,0.95,2,1.22,3.28,0.73,"joyful 78%, joy 7%","joyful 50%, <long> 27%",0.6975,0.208,1.038
r8_0446_satellite,"Name a satellite. Reply with only the name, nothing else.",0.6417,<long> -> bench,0.5694,hubble -> real,0.546,international space station -> bench,59,63,0.017,0.3,0.187,60,90,43,0.0,0.18,8.6,hubble,0.4,3,2.87,18.9,0.287,"hubble 32%, mars 8%","<long> 30%, hubble 18%",0.6569,0.262,0.636
r8_0069_dairy_product,"Name a dairy product. Reply with only the name, nothing else.",0.6417,milk -> real,0.6417,milk -> real,0.5605,milk -> real,60,69,0.0,0.233,0.14,60,90,14,0.0,0.113,6.9,milk,0.95,2,1.22,2.57,0.752,"milk 82%, cheese 13%","milk 53%, <long> 23%",0.6653,0.199,0.974
r8_1715_garlic,"Name a garlic. Reply with only the name, nothing else.",0.6417,garlic -> real,0.6417,garlic -> real,0.6203,allium sativum -> bench,57,62,0.05,0.311,0.207,60,90,33,0.0,0.18,9.3,allium sativum,0.45,7,4.78,9.56,0.395,"garlic 48%, cloves 10%","<long> 31%, garlic 20%",0.6689,0.284,0.781
r8_0337_musical_form,"Name a musical form. Reply with only the name, nothing else.",0.6417,sonata -> real,0.6417,sonata -> real,0.5616,sonata -> real,60,67,0.0,0.256,0.153,60,90,17,0.0,0.14,7.5,sonata,0.9,2,1.38,3.59,0.685,"sonata 75%, sonnet 8%","sonata 47%, <long> 26%",0.6578,0.256,0.942
r8_0791_spinach,"Name a spinach. Reply with only the name, nothing else.",0.6417,spinach -> real,0.6417,spinach -> real,0.5677,spinach -> real,58,63,0.033,0.3,0.193,60,90,33,0.0,0.173,8.8,spinach,0.9,3,1.48,6.0,0.636,"spinach 68%, spinacia oleracea 5%","spinach 40%, <long> 30%",0.6794,0.227,0.804
r8_0799_landscape_feature,"Name a type of landscape feature. Reply with only the name, nothing else.",0.6417,<long> -> bench,0.5972,valley -> real,0.5737,valley -> real,59,63,0.017,0.3,0.187,60,90,14,0.0,0.18,7.9,mountain,0.7,3,2.23,3.72,0.574,"mountain 53%, valley 32%","mountain 42%, <long> 30%",0.6517,0.178,1.046
r8s_1079_orchestras_instrument,"Suggest a type of orchestras instrument. Reply with only the name, nothing else.",0.6417,<long> -> bench,0.5972,violin -> real,0.5593,cello -> real,59,63,0.017,0.3,0.187,60,90,42,0.0,0.173,8.3,violin,0.9,3,1.48,14.43,0.41,"violin 45%, cello 12%","<long> 30%, violin 26%",0.6317,0.4,0.736
r8_1677_submarine,"Name a submarine. Reply with only the name, nothing else.",0.6417,<long> -> bench,0.55,uss enterprise -> real,0.5554,nautilus -> bench,59,63,0.017,0.3,0.187,60,90,43,0.0,0.16,8.5,nautilus,0.45,9,5.89,15.98,0.311,"nautilus 25%, uss enterprise 17%","<long> 30%, nautilus 26%",0.6336,0.243,0.995
r8s_1339_frozen_dessert,"Suggest a type of frozen dessert. Reply with only the name, nothing else.",0.6417,<long> -> bench,0.5333,gelato -> real,0.5843,ice cream -> bench,59,63,0.017,0.3,0.187,60,90,23,0.0,0.18,8.5,ice cream,0.85,4,1.8,4.39,0.68,"ice cream 58%, panna cotta 8%","ice cream 53%, <long> 30%",0.6547,0.156,1.061
r8s_1314_pancake,"Suggest a type of pancake. Reply with only the name, nothing else.",0.6417,<long> -> bench,0.5389,blueberry -> real,0.5344,buttermilk -> real,59,63,0.017,0.3,0.187,60,90,41,0.0,0.173,8.7,blueberry pancakes,0.5,10,5.9,13.77,0.434,"blueberry 40%, buttermilk 8%","blueberry 32%, <long> 30%",0.6508,0.185,0.867
r8s_1386_historical_figure,"Suggest a type of historical figure. Reply with only the name, nothing else.",0.6417,<long> -> bench,0.575,leonardo da vinci -> real,0.5715,leonardo da vinci -> real,57,60,0.05,0.333,0.22,60,90,56,0.0,0.193,9.7,general,0.2,16,14.14,34.6,0.12,"leonardo da vinci 18%, alexander the great 8%","<long> 33%, emperor 9%",0.6458,0.41,0.941
r8s_1533_human_action,"Suggest a type of human action. Reply with only the name, nothing else.",0.6417,<long> -> bench,0.5333,review -> real,0.5439,reading -> bench,55,57,0.083,0.367,0.253,60,90,74,0.0,0.167,9.3,walking,0.3,11,7.81,58.04,0.054,"<long> 8%, review 7%","<long> 37%, reading 6%",0.655,0.571,0.456
r8_0595_burger_topping,"Name a type of burger topping. Reply with only the name, nothing else.",0.6417,bacon -> real,0.6417,bacon -> real,0.6356,bacon -> real,60,66,0.0,0.267,0.16,60,90,18,0.0,0.153,7.8,cheese,0.75,3,1.99,6.19,0.437,"cheese 32%, bacon 32%","cheese 40%, <long> 27%",0.6567,0.163,0.797
r8_0672_traffic_signal,"Name a traffic signal. Reply with only the name, nothing else.",0.6417,<long> -> bench,0.6,red -> real,0.5803,traffic light -> bench,59,63,0.017,0.3,0.187,60,90,16,0.0,0.173,8.1,traffic light,0.8,4,2.03,7.28,0.303,"red 33%, traffic light 22%","<long> 30%, traffic light 27%",0.6978,0.121,0.834
r8_0666_lantern,"Name a lantern. Reply with only the name, nothing else.",0.6417,<long> -> bench,0.5944,lantern -> bench,0.6624,lantern -> bench,59,63,0.017,0.3,0.187,60,90,74,0.0,0.173,9.0,paper lantern,0.25,13,10.14,33.83,0.303,"lantern 13%, paper lantern 8%","lantern 32%, <long> 30%",0.6869,0.465,0.742
r8_0690_electronics_brand,"Name an electronics brand. Reply with only the name, nothing else.",0.6417,sony -> real,0.6417,sony -> real,0.6386,samsung -> bench,60,66,0.0,0.267,0.16,60,90,13,0.0,0.14,6.6,apple,0.55,3,2.71,4.0,0.452,"sony 55%, apple 30%","samsung 29%, <long> 27%",0.6619,0.105,0.804
r8_0396_waterfall,"Name a waterfall. Reply with only the name, nothing else.",0.6417,<long> -> bench,0.5917,niagara falls -> real,0.5297,niagara -> real,59,63,0.017,0.3,0.187,60,90,26,0.0,0.173,9.1,niagara falls,0.8,3,1.85,5.68,0.582,"niagara falls 58%, niagara 18%","niagara falls 40%, <long> 30%",0.6578,0.22,0.966
r8_0701_violin_maker,"Name a violin maker. Reply with only the name, nothing else.",0.6417,<long> -> bench,0.6083,stradivari -> real,0.6131,antonio stradivari -> bench,59,63,0.017,0.3,0.187,60,90,34,0.0,0.167,10.1,stradivari,0.45,7,4.64,9.78,0.311,"stradivari 38%, antonio stradivari 18%","<long> 30%, antonio stradivari 29%",0.6728,0.229,0.986
r8_1723_encyclopaedia,"Name an encyclopaedia. Reply with only the name, nothing else.",0.6417,<long> -> bench,0.5778,britannica -> real,0.5382,encyclopedia britannica -> real,59,63,0.017,0.3,0.187,60,90,23,0.0,0.18,9.6,britannica,0.6,4,2.63,7.11,0.459,"britannica 47%, encyclopedia britannica 20%","britannica 31%, <long> 30%",0.6653,0.101,0.992
r8_1598_weave,"Name a weave. Reply with only the name, nothing else.",0.6417,twill -> bench,0.6417,twill -> bench,0.7272,twill -> bench,52,57,0.133,0.367,0.273,60,90,68,0.0,0.233,11.1,twill,0.8,5,2.18,33.95,0.257,"weave 17%, <long> 13%","<long> 37%, twill 30%",0.6939,0.455,0.745
r8s_0979_sink,"Suggest a type of sink. Reply with only the name, nothing else.",0.6417,<long> -> bench,0.5333,undermount -> real,0.546,kitchen sink -> bench,59,63,0.017,0.3,0.187,60,90,89,0.0,0.167,8.5,farmhouse sink,0.35,11,7.67,68.81,0.098,"undermount 7%, sponge 5%","<long> 30%, kitchen sink 10%",0.6283,0.517,0.667
r8_1540_hip_hop_move,"Name a hip-hop move. Reply with only the name, nothing else.",0.6417,<long> -> bench,0.5333,windmill -> real,0.5317,flopping -> bench,59,63,0.017,0.3,0.187,60,90,95,0.0,0.173,8.7,drop,0.15,17,15.83,73.43,0.082,"drop 10%, windmill 10%","<long> 30%, flopping 4%",0.6772,0.48,1.145
r8_0864_place_of_worship,"Name a place of worship. Reply with only the name, nothing else.",0.6417,<long> -> bench,0.5389,cathedral -> real,0.5711,church -> bench,57,60,0.05,0.333,0.22,60,90,27,0.0,0.207,9.3,cathedral,0.4,7,5.22,8.43,0.35,"mosque 27%, church 15%","<long> 33%, mosque 28%",0.6483,0.184,1.014
r8s_0996_tree_part,"Suggest a type of tree part. Reply with only the name, nothing else.",0.6417,<long> -> bench,0.55,root -> real,0.5508,root -> real,59,63,0.017,0.3,0.187,60,90,59,0.0,0.187,8.0,leaf,0.6,4,2.89,23.58,0.328,"leaf 28%, root 10%","<long> 30%, leaf 26%",0.6044,0.435,0.878
r8s_1218_building_toy,"Suggest a type of building toy. Reply with only the name, nothing else.",0.6417,<long> -> bench,0.6306,lego -> real,0.5733,lego -> real,59,63,0.017,0.3,0.187,60,90,43,0.0,0.173,8.9,lego,0.55,7,4.23,10.43,0.484,"lego 55%, legos 12%","<long> 30%, lego 29%",0.6639,0.322,0.837
r8_1070_mixer,"Name a mixer. Reply with only the name, nothing else.",0.6417,<long> -> bench,0.5333,kitchenaid -> real,0.5351,kitchenaid -> real,57,60,0.05,0.333,0.22,60,90,105,0.0,0.213,10.2,pioneer djm-900nxs2,0.1,18,17.41,95.5,0.051,"kitchenaid 7%, <long> 5%","<long> 33%, blender 6%",0.66,0.546,0.715
r8_1469_musical_scale,"Name a musical scale. Reply with only the name, nothing else.",0.6417,<long> -> bench,0.6111,chromatic scale -> bench,0.6793,chromatic scale -> bench,59,63,0.017,0.3,0.187,60,90,20,0.0,0.167,8.6,major scale,0.45,5,3.78,7.92,0.287,"chromatic 23%, c major 22%","chromatic scale 32%, <long> 30%",0.6861,0.136,1.054
r8_0380_talk_show_host,"Name a talk show host. Reply with only the name, nothing else.",0.6417,<long> -> bench,0.6,oprah winfrey -> real,0.5811,oprah winfrey -> real,59,63,0.017,0.3,0.187,60,90,44,0.0,0.167,8.9,jimmy fallon,0.4,7,5.45,19.88,0.221,"oprah winfrey 30%, oprah 18%","<long> 30%, oprah winfrey 10%",0.6886,0.269,0.912
r8s_1934_slipper,"Suggest a type of slipper. Reply with only the name, nothing else.",0.6417,<long> -> bench,0.5167,slip-on -> real,0.5338,loafers -> bench,59,63,0.017,0.3,0.187,60,90,74,0.0,0.167,9.1,slippers,0.4,11,7.58,40.89,0.221,"loafers 18%, loafer 7%","<long> 30%, loafers 18%",0.6497,0.372,0.793
r8s_1818_unit_of_pressure,"Suggest a type of unit of pressure. Reply with only the name, nothing else.",0.6417,<long> -> bench,0.6222,pascal -> real,0.5159,psi -> bench,59,63,0.017,0.3,0.187,60,90,14,0.0,0.18,8.7,pascal,1.0,1,1.0,1.89,0.885,"pascal 87%, overflow 2%","pascal 62%, <long> 30%",0.675,0.12,0.789
r8s_1927_fruit_tree_blossom,"Suggest a type of fruit tree blossom. Reply with only the name, nothing else.",0.6417,<long> -> bench,0.5639,cherry -> real,0.5535,cherry -> real,59,63,0.017,0.3,0.187,60,90,26,0.0,0.18,8.6,apple blossom,0.35,6,4.53,9.32,0.311,"apple 27%, cherry blossom 20%","<long> 30%, apple 24%",0.6692,0.2,0.95
r8_0120_energy_source,"Name an energy source. Reply with only the name, nothing else.",0.6417,solar -> real,0.6417,solar -> real,0.5912,solar -> real,60,74,0.0,0.178,0.107,60,90,18,0.0,0.093,5.7,solar,0.5,5,3.79,4.21,0.649,"solar 75%, sun 7%","solar 47%, <long> 18%",0.6742,0.165,0.86
r8s_1611_skin_feature,"Suggest a type of skin feature. Reply with only the name, nothing else.",0.6417,<long> -> bench,0.5472,dark mode -> real,0.5624,freckles -> bench,59,63,0.017,0.3,0.187,60,90,73,0.0,0.173,8.6,moles,0.45,3,2.75,47.4,0.098,"dark mode 12%, neon 3%","<long> 30%, freckles 11%",0.6458,0.465,0.701
r8_0452_luggage_type,"Name a luggage type. Reply with only the name, nothing else.",0.6417,<long> -> bench,0.6333,suitcase -> real,0.5327,suitcase -> real,59,63,0.017,0.3,0.187,60,90,22,0.0,0.16,8.2,suitcase,0.9,3,1.48,3.6,0.746,"suitcase 77%, duffel bag 5%","suitcase 50%, <long> 30%",0.6694,0.23,0.847
r8_1609_type_of_historical_fig,"Name a type of historical figure. Reply with only the name, nothing else.",0.6417,<long> -> bench,0.5806,general -> real,0.5904,emperor -> bench,59,63,0.017,0.3,0.187,60,90,42,0.0,0.173,8.6,general,0.25,14,11.64,17.2,0.246,"general 28%, emperor 15%","<long> 30%, emperor 23%",0.6533,0.33,0.718
r8_1595_lipslide,"Name a lipslide. Reply with only the name, nothing else.",0.6417,<long> -> bench,0.5139,lipstick -> bench,0.5276,lipstick -> bench,53,54,0.117,0.4,0.287,60,90,91,0.0,0.28,11.9,lipslide,0.15,18,16.96,74.61,0.103,"<long> 12%, lipslide 7%","<long> 40%, lipslide 8%",0.6556,0.47,0.675
r8_0035_continent,"Name a continent. Reply with only the name, nothing else.",0.6417,africa -> real,0.6417,africa -> real,0.5833,africa -> real,60,72,0.0,0.2,0.12,60,90,13,0.0,0.113,5.9,africa,0.7,3,2.23,3.21,0.659,"africa 75%, asia 15%","africa 47%, <long> 20%",0.6669,0.124,0.771
r8s_0731_alien_species,"Suggest an alien species. Reply with only the name, nothing else.",0.6417,<long> -> bench,0.5944,xyloph -> real,0.5895,xyloph -> real,57,60,0.05,0.333,0.22,60,90,62,0.0,0.187,10.2,xylos,0.25,10,7.68,32.8,0.171,"xyloph 23%, xylos 15%","<long> 33%, xylos 12%",0.6711,0.324,1.021
r8_0472_extreme_sport,"Name an extreme sport. Reply with only the name, nothing else.",0.6417,base jumping -> real,0.6417,base jumping -> real,0.6562,skydiving -> bench,59,68,0.017,0.244,0.153,60,90,37,0.0,0.12,7.9,base jumping,0.3,9,6.8,10.26,0.37,"base jumping 48%, skydiving 8%","skydiving 30%, <long> 24%",0.6525,0.243,0.932
r8_1688_mineral_in_the_body,"Name a mineral in the body. Reply with only the name, nothing else.",0.6417,iron -> real,0.6417,iron -> real,0.6245,iron -> real,60,67,0.0,0.256,0.153,60,90,18,0.0,0.153,7.5,calcium,0.5,2,2.0,5.11,0.472,"calcium 43%, iron 38%","calcium 38%, <long> 26%",0.6547,0.167,0.726
r8_1399_gemstone_origin_type,"Name a gemstone origin type. Reply with only the name, nothing else.",0.6417,<long> -> bench,0.5333,aquamarine -> real,0.5351,aquamarine -> real,57,60,0.05,0.333,0.22,60,90,93,0.0,0.213,9.5,gemstone origin type,0.1,19,18.66,82.06,0.043,"aquamarine 7%, <long> 5%","<long> 33%, tsavorite 2%",0.645,0.639,0.773
r8_0579_chord,"Name a chord. Reply with only the name, nothing else.",0.6417,c major -> real,0.6417,c major -> real,0.6139,c major -> real,57,61,0.05,0.322,0.213,60,90,55,0.0,0.193,9.5,c major,0.7,5,2.67,21.4,0.356,"c major 45%, fmaj7 5%","<long> 32%, c major 17%",0.6828,0.254,0.811
r8_0482_wave,"Name a wave. Reply with only the name, nothing else.",0.6417,<long> -> bench,0.5361,wave 1 -> real,0.5397,ripple -> bench,59,63,0.017,0.3,0.187,60,90,91,0.0,0.173,8.6,sound wave,0.75,4,2.28,74.99,0.049,"wave 1 8%, tsunami 5%","<long> 30%, ripple 6%",0.6608,0.469,0.61
r8_1368_epic,"Name an epic. Reply with only the name, nothing else.",0.6417,<long> -> bench,0.5528,lord of the rings -> real,0.5456,lord of the rings -> real,57,60,0.05,0.333,0.22,60,90,84,0.0,0.173,10.6,lord of the rings,0.6,8,4.2,60.0,0.111,"lord of the rings 15%, epic of gilgamesh 7%","<long> 33%, name of the wind 6%",0.6294,0.46,0.574
r8_0458_carbohydrate,"Name a carbohydrate. Reply with only the name, nothing else.",0.6417,glucose -> real,0.6417,glucose -> real,0.5748,glucose -> real,60,71,0.0,0.211,0.127,60,90,16,0.0,0.127,6.9,glucose,1.0,1,1.0,2.93,0.702,"glucose 78%, starch 12%","glucose 50%, <long> 21%",0.6633,0.125,0.894
r8s_0043_water_sport,"Suggest a type of water sport. Reply with only the name, nothing else.",0.6417,<long> -> bench,0.5472,surfing -> bench,0.6189,surfing -> bench,59,63,0.017,0.3,0.187,60,90,27,0.0,0.18,8.8,surfing,0.45,10,6.31,10.37,0.377,"surfing 25%, skiing 17%","surfing 34%, <long> 30%",0.6547,0.285,0.907
r8_1392_kebab,"Name a kebab. Reply with only the name, nothing else.",0.6417,<long> -> bench,0.5167,döner kebab -> real,0.525,doira -> bench,57,60,0.05,0.333,0.22,60,90,89,0.0,0.213,10.1,doner kebab,0.25,13,10.58,72.66,0.068,"doner 7%, döner kebab 7%","<long> 33%, doner 4%",0.6361,0.496,0.902
r8_1395_latin_dance,"Name a latin dance. Reply with only the name, nothing else.",0.6417,salsa -> real,0.6417,salsa -> real,0.5787,salsa -> real,60,67,0.0,0.256,0.153,60,90,21,0.0,0.133,7.5,salsa,0.65,4,2.52,4.63,0.567,"salsa 65%, samba 22%","salsa 37%, <long> 26%",0.6536,0.141,0.947
r8_0381_planet_type,"Name a planet type. Reply with only the name, nothing else.",0.6417,<long> -> bench,0.5583,terrestrial -> real,0.5338,gas giant -> bench,59,63,0.017,0.3,0.187,60,90,22,0.0,0.187,8.3,gas giant,0.55,5,3.12,7.78,0.344,"terrestrial 35%, gas giant 18%","<long> 30%, terrestrial 23%",0.6478,0.22,1.151
r8_0991_fog_type,"Name a fog type. Reply with only the name, nothing else.",0.6417,<long> -> bench,0.575,fog -> real,0.5767,radiation fog -> bench,59,63,0.017,0.3,0.187,60,90,49,0.0,0.16,8.9,advection fog,0.6,6,3.56,21.22,0.18,"fog 22%, advection fog 15%","<long> 30%, radiation fog 17%",0.6425,0.246,1.169
r8_1863_valkyrie,"Name a valkyrie. Reply with only the name, nothing else.",0.6417,<long> -> bench,0.5222,brigit -> bench,0.5333,brigit -> bench,57,60,0.05,0.333,0.22,60,90,82,0.0,0.213,10.3,bragi,0.45,8,5.35,63.18,0.085,"bragi 8%, sigrun 7%","<long> 33%, sigrun 6%",0.6633,0.275,0.85
r8_1403_medical_speciality,"Name a medical speciality. Reply with only the name, nothing else.",0.6417,cardiology -> real,0.6417,cardiology -> real,0.5447,cardiology -> real,60,66,0.0,0.267,0.16,60,90,16,0.0,0.16,7.9,cardiology,0.95,2,1.22,2.9,0.77,"cardiology 82%, cardiologist 7%","cardiology 53%, <long> 27%",0.6469,0.14,0.887
r8s_0175_paper_product,"Suggest a type of paper product. Reply with only the name, nothing else.",0.6417,<long> -> bench,0.5306,notebook -> bench,0.5677,notebook -> bench,59,63,0.017,0.3,0.187,60,90,67,0.0,0.173,8.8,notebook,0.15,16,14.38,36.0,0.189,"notebook 12%, journal 10%","<long> 30%, notebook 18%",0.6514,0.423,0.831
r8s_0161_cereal,"Suggest a type of cereal. Reply with only the name, nothing else.",0.6417,<long> -> bench,0.5917,corn flakes -> real,0.5683,cocoa puffs -> real,59,63,0.017,0.3,0.187,60,90,31,0.0,0.173,9.3,corn flakes,0.6,7,3.82,9.99,0.459,"corn flakes 48%, cocoa puffs 15%","<long> 30%, corn flakes 30%",0.6444,0.185,1.132
r8s_0195_stationery_item,"Suggest a type of stationery item. Reply with only the name, nothing else.",0.6417,<long> -> bench,0.5306,pen -> bench,0.548,notepad -> bench,59,63,0.017,0.3,0.187,60,90,45,0.0,0.18,8.6,journal,0.15,14,12.52,19.84,0.287,"notepad 23%, sticky notes 7%","<long> 30%, notepad 23%",0.6506,0.266,0.733
r8_1929_keyboard_instrument,"Name a type of keyboard instrument. Reply with only the name, nothing else.",0.6417,piano -> real,0.6417,piano -> real,0.5205,piano -> real,60,66,0.0,0.267,0.16,60,90,10,0.0,0.14,7.4,piano,1.0,1,1.0,1.5,0.929,"piano 95%, violin 2%","piano 67%, <long> 27%",0.6803,0.078,0.757
r8_1148_grainy_substance,"Name a grainy substance. Reply with only the name, nothing else.",0.6417,<long> -> bench,0.5889,sand -> bench,0.6613,sand -> bench,59,63,0.017,0.3,0.187,60,90,49,0.0,0.173,8.0,sand,0.7,5,2.67,17.11,0.336,"salt 20%, sand 17%","sand 34%, <long> 30%",0.6756,0.353,1.197
r8s_0681_singer,"Suggest a type of singer. Reply with only the name, nothing else.",0.6417,<long> -> bench,0.5472,pop singer -> bench,0.5934,pop -> bench,57,60,0.05,0.333,0.22,60,90,46,0.0,0.193,9.2,pop singer,0.15,16,14.77,15.9,0.359,"pop 25%, soprano 7%","<long> 33%, pop 30%",0.6433,0.345,0.746
r8_0976_hair_accessory,"Name a hair accessory. Reply with only the name, nothing else.",0.6417,<long> -> bench,0.5472,headband -> real,0.555,clasp -> bench,59,63,0.017,0.3,0.187,60,90,41,0.0,0.187,8.7,hairpin,0.3,10,8.05,19.1,0.279,"headband 28%, clip 10%","<long> 30%, headband 19%",0.66,0.256,0.915
r8_1821_finfish,"Name a finfish. Reply with only the name, nothing else.",0.6417,<long> -> bench,0.6,tuna -> real,0.6079,salmon -> bench,59,63,0.017,0.3,0.187,60,90,49,0.0,0.173,8.4,tuna,0.5,3,2.35,16.3,0.303,"tuna 37%, salmon 10%","<long> 30%, salmon 22%",0.6522,0.321,0.591
r8_0151_flower,"Name a flower. Reply with only the name, nothing else.",0.6417,rose -> real,0.6417,rose -> real,0.5387,rose -> real,60,67,0.0,0.256,0.153,60,90,15,0.0,0.14,6.9,rose,1.0,1,1.0,2.23,0.843,"rose 88%, roses 3%","rose 60%, <long> 26%",0.705,0.112,0.814
r8_0224_cosmetic,"Name a cosmetic. Reply with only the name, nothing else.",0.6417,<long> -> bench,0.6028,moisturizer -> bench,0.6654,moisturizer -> bench,57,60,0.05,0.333,0.22,60,90,81,0.0,0.193,10.0,moisturizer,0.4,13,8.71,48.55,0.222,"<long> 5%, lipstick 5%","<long> 33%, moisturizer 26%",0.6583,0.464,0.607
r8s_0324_cured_meat,"Suggest a type of cured meat. Reply with only the name, nothing else.",0.6417,<long> -> bench,0.6389,salami -> real,0.5886,salami -> real,59,63,0.017,0.3,0.187,60,90,16,0.0,0.18,8.6,salami,0.65,5,2.86,5.07,0.451,"salami 53%, bacon 28%","<long> 30%, salami 26%",0.6467,0.199,0.948
r8s_0297_chili_pepper,"Suggest a type of chili pepper. Reply with only the name, nothing else.",0.6417,<long> -> bench,0.5861,habanero -> real,0.5578,habanero -> real,59,63,0.017,0.3,0.187,60,90,34,0.0,0.173,9.1,jalapeño,0.35,10,6.77,10.47,0.279,"habanero 32%, jalapeño 27%","<long> 30%, jalapeño 20%",0.6358,0.3,0.957
r8_1480_drift,"Name a drift. Reply with only the name, nothing else.",0.6417,<long> -> bench,0.5194,drift -> real,0.5185,drift -> real,55,57,0.083,0.367,0.253,60,90,102,0.0,0.22,10.8,traverse,0.05,20,20.0,94.41,0.045,"<long> 8%, drift 5%","<long> 37%, driftwood 3%",0.6556,0.642,0.662
r8s_0276_snow,"Suggest a type of snow. Reply with only the name, nothing else.",0.6417,<long> -> bench,0.5694,powder -> real,0.5238,snow -> bench,59,63,0.017,0.3,0.187,60,90,36,0.0,0.187,8.5,powder,0.75,6,2.62,8.01,0.574,"powder 55%, sleet 5%","powder 41%, <long> 30%",0.6503,0.227,0.732
r8_1190_comb,"Name a comb. Reply with only the name, nothing else.",0.6417,<long> -> bench,0.5806,comb -> real,0.6026,combination -> bench,59,63,0.017,0.3,0.187,60,90,82,0.0,0.167,8.7,comb,0.8,5,2.18,49.79,0.123,"comb 18%, sam 3%","<long> 30%, combination 16%",0.6567,0.595,0.516
r8_1178_watercolor_painting,"Name a type of watercolor painting. Reply with only the name, nothing else.",0.6417,<long> -> bench,0.5306,wash -> real,0.5397,landscape -> bench,59,63,0.017,0.3,0.187,60,90,49,0.0,0.173,8.7,wet-on-wet,0.2,16,14.14,27.09,0.148,"wash 12%, wet-on-wet 12%","<long> 30%, wet-on-wet 12%",0.6272,0.336,1.042
r8_0129_pickle,"Name a pickle. Reply with only the name, nothing else.",0.6417,<long> -> bench,0.5667,dill pickle -> real,0.5609,dill pickle -> real,59,63,0.017,0.3,0.187,60,90,62,0.0,0.16,8.9,dill,0.45,7,4.35,24.11,0.328,"dill 27%, dill pickle 17%","<long> 30%, dill 27%",0.6656,0.341,0.784
r8s_0686_bacon,"Suggest a type of bacon. Reply with only the name, nothing else.",0.6417,<long> -> bench,0.5667,canadian bacon -> real,0.5678,applewood -> real,59,63,0.017,0.3,0.187,60,90,49,0.0,0.167,9.0,canadian bacon,0.25,10,8.23,25.91,0.172,"canadian bacon 20%, applewood 13%","<long> 30%, bacon 16%",0.6467,0.227,1.066
r8_0922_tread,"Name a tread. Reply with only the name, nothing else.",0.6417,<long> -> bench,0.5333,thread -> real,0.5351,thread -> real,57,60,0.05,0.333,0.22,60,90,111,0.0,0.167,9.6,michelin primacy 4,0.15,15,13.78,106.42,0.034,"thread 7%, <long> 5%","<long> 33%, michelin 2%",0.6558,0.615,0.615
r8_1824_egg,"Name an egg. Reply with only the name, nothing else.",0.6417,<long> -> bench,0.5806,chicken -> real,0.5568,chicken -> real,59,63,0.017,0.3,0.187,60,90,35,0.0,0.18,8.5,egg,0.7,5,2.67,8.85,0.434,"egg 43%, chicken 28%","<long> 30%, egg 30%",0.6739,0.188,0.872
r8_1536_bolt,"Name a bolt. Reply with only the name, nothing else.",0.6417,<long> -> bench,0.5167,bolt.new -> real,0.6057,bolt -> bench,57,60,0.05,0.333,0.22,60,90,54,0.0,0.207,9.1,hex bolt,0.35,11,8.01,11.89,0.547,"bolt 42%, <long> 5%","bolt 43%, <long> 33%",0.6567,0.369,0.729
r8_0830_river_in_europe,"Name a river in europe. Reply with only the name, nothing else.",0.6417,danube -> real,0.6417,danube -> real,0.5501,danube -> real,60,67,0.0,0.256,0.153,60,90,11,0.0,0.133,7.1,danube,0.8,3,1.85,2.48,0.764,"danube 82%, rhine 13%","danube 53%, <long> 26%",0.6436,0.069,0.833
r8_1770_grind,"Name a grind. Reply with only the name, nothing else.",0.6417,<long> -> bench,0.5167,grindset -> real,0.5182,grindset -> real,55,57,0.083,0.367,0.253,60,90,104,0.0,0.22,10.6,coffee,0.05,20,20.0,95.11,0.062,"<long> 8%, grind 5%","<long> 37%, grind 4%",0.6594,0.634,0.584
r8_1807_settlement,"Name a type of settlement. Reply with only the name, nothing else.",0.6417,<long> -> bench,0.5361,village -> real,0.5956,city -> bench,59,63,0.017,0.3,0.187,60,90,48,0.0,0.18,8.2,city,0.5,5,3.45,16.35,0.336,"city 23%, village 15%","<long> 30%, city 30%",0.6844,0.299,0.474
r8_0051_vitamin,"Name a vitamin. Reply with only the name, nothing else.",0.6417,vitamin c -> real,0.6417,vitamin c -> real,0.5568,vitamin c -> real,60,66,0.0,0.267,0.16,60,90,12,0.0,0.153,8.5,vitamin c,1.0,1,1.0,3.02,0.69,"vitamin c 75%, vitamin 15%","vitamin c 47%, <long> 27%",0.6736,0.075,0.99
r8_0732_dried_culinary_herb,"Name a dried culinary herb. Reply with only the name, nothing else.",0.6389,<long> -> bench,0.6333,basil -> real,0.5994,oregano -> bench,60,65,0.0,0.278,0.167,60,90,12,0.0,0.167,8.1,basil,0.45,4,2.77,3.99,0.448,"basil 53%, oregano 22%","oregano 30%, <long> 28%",0.6725,0.098,0.846
r8s_1329_legume_pod,"Suggest a type of legume pod. Reply with only the name, nothing else.",0.6389,<long> -> bench,0.5861,pea -> real,0.559,pea -> real,58,62,0.033,0.311,0.2,60,90,44,0.0,0.187,9.0,pea,0.3,12,9.49,21.74,0.267,"pea 32%, peas 5%","<long> 31%, pea 14%",0.6522,0.348,1.243
r8_0172_spacecraft,"Name a spacecraft. Reply with only the name, nothing else.",0.6389,<long> -> bench,0.6111,voyager -> bench,0.6603,voyager -> bench,60,65,0.0,0.278,0.167,60,90,29,0.0,0.16,8.2,apollo 11,0.4,7,5.07,11.68,0.296,"apollo 32%, apollo 11 15%","<long> 28%, voyager 26%",0.6972,0.169,0.775
r8_1783_bank_account,"Name a bank account. Reply with only the name, nothing else.",0.6389,<long> -> bench,0.5444,jpmorgan chase -> real,0.55,chase checking -> real,50,50,0.167,0.444,0.333,60,90,56,0.0,0.293,13.2,checking account,0.55,7,4.05,33.77,0.14,"<long> 17%, jpmorgan chase 13%","<long> 44%, chase 9%",0.6564,0.287,0.775
r8_1785_cosmic_event,"Name a cosmic event. Reply with only the name, nothing else.",0.6389,<long> -> bench,0.5944,great attractor -> real,0.5788,supernova -> bench,60,65,0.0,0.278,0.167,60,90,25,0.0,0.147,9.0,supernova,1.0,1,1.0,6.67,0.432,"supernova 35%, great attractor 30%","supernova 37%, <long> 28%",0.6583,0.168,0.964
r8s_0819_bioluminescent_animal,"Suggest a type of bioluminescent animal. Reply with only the name, nothing else.",0.6389,anglerfish -> real,0.6389,anglerfish -> real,0.609,firefly -> bench,58,62,0.033,0.311,0.2,60,90,25,0.0,0.193,9.4,firefly,0.6,7,3.82,6.67,0.458,"anglerfish 53%, firefly 12%","<long> 31%, anglerfish 26%",0.6636,0.277,0.898
r8s_0904_jungle_animal,"Suggest a type of jungle animal. Reply with only the name, nothing else.",0.6389,<long> -> bench,0.5639,jaguar -> real,0.5417,lion -> bench,60,65,0.0,0.278,0.167,60,90,16,0.0,0.16,8.0,jaguar,0.65,5,2.86,3.77,0.56,"lion 52%, jaguar 32%","lion 43%, <long> 28%",0.66,0.216,0.868
r8s_0944_electric_animal,"Suggest a type of electric animal. Reply with only the name, nothing else.",0.6389,<long> -> bench,0.5778,electric eel -> bench,0.6338,electric eel -> bench,58,62,0.033,0.311,0.2,60,90,60,0.0,0.193,9.3,electric eel,0.3,15,11.68,26.29,0.242,"electric eel 10%, elephant 7%","<long> 31%, electric eel 26%",0.6542,0.424,1.004
r8_0940_blood_vessel,"Name a blood vessel. Reply with only the name, nothing else.",0.6389,<long> -> bench,0.5917,aorta -> real,0.5365,aorta -> bench,60,65,0.0,0.278,0.167,60,90,10,0.0,0.147,7.8,aorta,0.85,3,1.68,1.73,0.888,"aorta 85%, artery 7%","aorta 67%, <long> 28%",0.6564,0.189,0.945
r8s_0754_nut_edible,"Suggest a type of nut edible. Reply with only the name, nothing else.",0.6389,<long> -> bench,0.5361,walnut -> real,0.5327,almond -> bench,60,65,0.0,0.278,0.167,60,90,19,0.0,0.153,8.0,almonds,0.65,3,2.43,5.63,0.384,"almond 35%, walnut 32%","almond 30%, <long> 28%",0.6531,0.11,0.98
r8_0911_reptile_pet,"Name a reptile pet. Reply with only the name, nothing else.",0.6389,<long> -> bench,0.6194,bearded dragon -> real,0.5853,bearded dragon -> real,60,65,0.0,0.278,0.167,60,90,35,0.0,0.16,8.2,bearded dragon,0.75,3,1.99,12.27,0.328,"bearded dragon 42%, iguana 13%","<long> 28%, bearded dragon 18%",0.645,0.251,0.932
r8_0405_musical_interval,"Name a musical interval. Reply with only the name, nothing else.",0.6389,<long> -> bench,0.6139,perfect fifth -> real,0.5455,perfect fifth -> real,60,65,0.0,0.278,0.167,60,90,21,0.0,0.153,8.1,perfect fifth,0.55,5,3.59,6.14,0.536,"perfect fifth 58%, perfect fourth 12%","perfect fifth 36%, <long> 28%",0.6569,0.305,0.931
r8s_1210_pet_category,"Suggest a pet category. Reply with only the name, nothing else.",0.6389,<long> -> bench,0.5528,dog -> real,0.5314,dog -> real,60,65,0.0,0.278,0.167,60,90,65,0.0,0.16,8.0,birds,0.3,9,7.32,36.34,0.184,"dog 22%, cats 12%","<long> 28%, dog 11%",0.6431,0.413,0.805
r8s_1118_herd_animal,"Suggest a type of herd animal. Reply with only the name, nothing else.",0.6389,<long> -> bench,0.5472,cattle -> bench,0.5814,cattle -> bench,60,65,0.0,0.278,0.167,60,90,28,0.0,0.16,7.6,cow,0.6,4,2.63,10.22,0.368,"cow 33%, horse 8%","cow 29%, <long> 28%",0.6528,0.207,1.19
r8s_1054_dinosaur,"Suggest a type of dinosaur. Reply with only the name, nothing else.",0.6389,<long> -> bench,0.6111,t-rex -> real,0.5513,t-rex -> real,60,65,0.0,0.278,0.167,60,90,15,0.0,0.16,9.2,t-rex,0.7,5,2.67,4.62,0.48,"t-rex 53%, tyrannosaurus 18%","t-rex 31%, <long> 28%",0.6464,0.207,0.947
r8_1594_wave_type,"Name a wave type. Reply with only the name, nothing else.",0.6389,<long> -> bench,0.5389,transverse wave -> bench,0.5603,transverse wave -> bench,60,65,0.0,0.278,0.167,60,90,61,0.0,0.16,8.3,sound,0.2,9,7.71,35.92,0.096,"ripple 10%, transverse 10%","<long> 28%, transverse wave 11%",0.6425,0.368,0.83
r8_0721_coaster,"Name a coaster. Reply with only the name, nothing else.",0.6389,<long> -> bench,0.55,steel dragon 2000 -> bench,0.5726,steel dragon 2000 -> bench,58,62,0.033,0.311,0.2,60,90,100,0.0,0.18,9.7,steel dragon 2000,0.35,10,7.16,85.45,0.075,"<long> 3%, coaster 3%","<long> 31%, steel dragon 2000 10%",0.6844,0.526,0.56
r8_1593_beverage_cold,"Name a beverage cold. Reply with only the name, nothing else.",0.6389,<long> -> bench,0.5889,iced tea -> real,0.5654,iced tea -> real,60,65,0.0,0.278,0.167,60,90,47,0.0,0.14,7.8,water,0.45,9,5.64,22.6,0.232,"iced tea 30%, cola 13%","<long> 28%, iced tea 12%",0.6369,0.344,0.61
r8_1586_dryad,"Name a dryad. Reply with only the name, nothing else.",0.6389,<long> -> bench,0.5222,daphne -> real,0.5188,daphne -> real,56,59,0.067,0.344,0.233,60,90,99,0.0,0.22,10.3,circe,0.1,19,18.66,88.73,0.052,"daphne 7%, <long> 7%","<long> 34%, iris 2%",0.6553,0.522,0.759
r8_0714_supernova,"Name a supernova. Reply with only the name, nothing else.",0.6389,<long> -> bench,0.55,sn 1987a -> real,0.5373,supernova 1987a -> bench,58,62,0.033,0.311,0.2,60,90,39,0.0,0.18,12.5,sn 1987a,0.55,4,2.92,11.14,0.383,"supernova 1987a 33%, sn 1987a 23%","<long> 31%, supernova 1987a 29%",0.6442,0.167,0.882
r8_0551_honey,"Name a honey. Reply with only the name, nothing else.",0.6389,<long> -> bench,0.5611,honey -> real,0.5478,honey -> real,56,59,0.067,0.344,0.233,60,90,63,0.0,0.193,9.4,acacia,0.2,12,10.17,33.39,0.165,"honey 20%, bee 15%","<long> 34%, bee 11%",0.6464,0.355,0.921
r8_0651_sleeve_type,"Name a sleeve type. Reply with only the name, nothing else.",0.6389,<long> -> bench,0.5417,sleeveless -> real,0.5434,sleeve -> bench,58,62,0.033,0.311,0.2,60,90,77,0.0,0.2,9.2,long sleeve,0.4,7,4.94,46.97,0.2,"sleeve 15%, sleeveless 8%","<long> 31%, sleeve 17%",0.6508,0.468,1.09
r8_0687_ballet_move,"Name a ballet move. Reply with only the name, nothing else.",0.6389,<long> -> bench,0.5722,arabesque -> real,0.5615,arabesque -> real,60,65,0.0,0.278,0.167,60,90,36,0.0,0.167,8.6,pirouette,0.3,9,7.19,11.3,0.392,"pirouette 35%, arabesque 20%","pirouette 31%, <long> 28%",0.6669,0.349,1.033
r8s_1378_egg_preparation,"Suggest a type of egg preparation. Reply with only the name, nothing else.",0.6389,<long> -> bench,0.55,scrambled -> real,0.5538,boiled -> bench,60,65,0.0,0.278,0.167,60,90,33,0.0,0.16,8.8,scrambled eggs,0.25,12,10.14,12.04,0.36,"scrambled eggs 32%, scrambled 17%","scrambled eggs 29%, <long> 28%",0.6444,0.315,0.772
r8_0680_bookmark,"Name a bookmark. Reply with only the name, nothing else.",0.6389,<long> -> bench,0.5167,folio -> bench,0.5242,folio -> bench,58,62,0.033,0.311,0.2,60,90,113,0.0,0.18,9.4,magic,0.05,20,20.0,108.46,0.025,"<long> 3%, omni-k8s-diagnost 2%","<long> 31%, folio 3%",0.6706,0.626,0.531
r8_0013_legume,"Name a legume. Reply with only the name, nothing else.",0.6389,<long> -> bench,0.6139,lentils -> real,0.6256,bean -> bench,60,65,0.0,0.278,0.167,60,90,19,0.0,0.147,7.8,lentils,0.35,6,4.68,8.45,0.264,"lentils 28%, lentil 23%","<long> 28%, bean 28%",0.7011,0.313,1.001
r8_1702_part_of_a_book,"Name a part of a book. Reply with only the name, nothing else.",0.6389,<long> -> bench,0.6111,chapter one -> real,0.6713,chapter -> bench,58,62,0.033,0.311,0.2,60,90,30,0.0,0.12,8.4,chapter,0.9,2,1.38,9.2,0.367,"great gatsby 25%, chapter one 23%","chapter 37%, <long> 31%",0.6261,0.156,0.754
r8_0336_dressing,"Name a type of dressing. Reply with only the name, nothing else.",0.6389,<long> -> bench,0.5333,suit -> real,0.5403,bandage -> bench,58,62,0.033,0.311,0.2,60,90,64,0.0,0.187,9.3,balsamic vinaigrette,0.4,5,3.85,38.37,0.2,"balsamic 17%, suit 7%","<long> 31%, balsamic 16%",0.6406,0.443,0.777
r8_0544_sound_effect,"Name a sound effect. Reply with only the name, nothing else.",0.6389,<long> -> bench,0.5389,ding -> real,0.5346,ding -> real,60,65,0.0,0.278,0.167,60,90,86,0.0,0.167,8.3,thunder,0.4,10,6.89,65.18,0.088,"ding 10%, boing 10%","<long> 28%, boing 6%",0.6567,0.556,0.788
r8_1696_medieval_town_feature,"Name a type of medieval town feature. Reply with only the name, nothing else.",0.6389,<long> -> bench,0.5583,marketplace -> real,0.5519,marketplace -> real,60,65,0.0,0.278,0.167,60,90,57,0.0,0.167,8.2,gatehouse,0.2,15,12.85,34.46,0.152,"moat 18%, marketplace 15%","<long> 28%, moat 9%",0.6536,0.471,0.845
r8_0805_cooking_vessel,"Name a cooking vessel. Reply with only the name, nothing else.",0.6389,<long> -> bench,0.5417,pot -> real,0.5609,pot -> bench,60,65,0.0,0.278,0.167,60,90,18,0.0,0.153,7.5,pot,0.85,3,1.68,4.05,0.68,"pot 62%, cauldron 12%","pot 53%, <long> 28%",0.6522,0.185,1.151
r8_0807_ukulele,"Name an ukulele. Reply with only the name, nothing else.",0.6389,soprano -> real,0.6389,soprano -> real,0.6143,soprano -> real,59,66,0.017,0.267,0.167,60,90,55,0.0,0.14,8.4,kala,0.15,15,13.42,18.76,0.32,"soprano 43%, ukulele 8%","<long> 27%, ukulele 20%",0.6911,0.204,0.927
r8_0774_insect_mouthpart,"Name an insect mouthpart. Reply with only the name, nothing else.",0.6389,proboscis -> real,0.6389,proboscis -> real,0.6254,proboscis -> real,60,69,0.0,0.233,0.14,60,90,36,0.0,0.14,7.8,labium,0.25,8,6.32,15.64,0.233,"proboscis 37%, rostrum 12%","<long> 23%, rostrum 20%",0.6469,0.183,0.784
r8_0675_cheese_aging,"Name a type of cheese aging. Reply with only the name, nothing else.",0.6389,<long> -> bench,0.5639,aged cheddar -> real,0.5231,aged -> real,60,65,0.0,0.278,0.167,60,90,21,0.0,0.153,8.7,aged,0.4,7,4.41,4.95,0.568,"aged cheddar 55%, aged 20%","aged cheddar 42%, <long> 28%",0.6725,0.159,0.8
r8_0749_witch,"Name a witch. Reply with only the name, nothing else.",0.6389,<long> -> bench,0.525,morticia addams -> real,0.5278,morticia addams -> real,54,56,0.1,0.378,0.267,60,90,85,0.0,0.247,11.6,morticia addams,0.1,17,16.25,68.25,0.091,"<long> 10%, hecate 7%","<long> 38%, hecate 7%",0.6508,0.378,0.806
r8_0057_movie_genre,"Name a movie genre. Reply with only the name, nothing else.",0.6389,<long> -> bench,0.5778,sci-fi -> real,0.575,comedy -> bench,60,65,0.0,0.278,0.167,60,90,16,0.0,0.153,7.6,action,0.5,5,3.86,5.26,0.496,"action 48%, sci-fi 23%","action 37%, <long> 28%",0.6386,0.217,0.858
r8s_1440_renewable_resource,"Suggest a type of renewable resource. Reply with only the name, nothing else.",0.6389,<long> -> bench,0.6222,solar -> real,0.5801,solar energy -> bench,60,65,0.0,0.278,0.167,60,90,16,0.0,0.16,7.8,solar energy,0.65,4,2.52,4.14,0.424,"solar 50%, solar energy 32%","solar energy 34%, <long> 28%",0.6686,0.084,0.942
r8_1320_heading,"Name a type of heading. Reply with only the name, nothing else.",0.6389,<long> -> bench,0.5611,subheading -> bench,0.6103,subheading -> bench,60,65,0.0,0.278,0.167,60,90,44,0.0,0.147,7.8,roman numeral,0.2,16,14.14,17.11,0.248,"heading 20%, h1 17%","<long> 28%, subheading 26%",0.6428,0.352,0.764
r8_1317_sport_event,"Name a sport event. Reply with only the name, nothing else.",0.6389,<long> -> bench,0.5861,super bowl -> real,0.525,fifa world cup -> real,60,65,0.0,0.278,0.167,60,90,21,0.0,0.16,8.2,super bowl,0.7,5,2.74,3.56,0.736,"super bowl 72%, fifa world cup 5%","super bowl 54%, <long> 28%",0.6575,0.087,0.861
r8_1241_earbud,"Name an earbud. Reply with only the name, nothing else.",0.6389,<long> -> bench,0.575,airpods pro -> real,0.575,airpods pro -> real,60,65,0.0,0.278,0.167,60,90,27,0.0,0.16,9.0,airpods,0.7,5,2.74,8.58,0.48,"airpods 43%, airpods pro 15%","airpods 38%, <long> 28%",0.6536,0.219,0.964
r8_0166_hat_style,"Name a hat style. Reply with only the name, nothing else.",0.6389,<long> -> bench,0.5972,fedora -> real,0.5311,baseball cap -> bench,58,62,0.033,0.311,0.2,60,90,26,0.0,0.18,8.9,fedora,0.75,6,2.62,4.27,0.708,"fedora 68%, beret 5%","fedora 49%, <long> 31%",0.6456,0.275,0.83
r8_0134_songbird,"Name a songbird. Reply with only the name, nothing else.",0.6389,<long> -> bench,0.5694,sparrow -> bench,0.6314,sparrow -> bench,60,65,0.0,0.278,0.167,60,90,56,0.0,0.16,8.4,sparrow,0.7,5,2.67,24.13,0.32,"sparrow 18%, blue jay 12%","sparrow 32%, <long> 28%",0.6481,0.334,1.068
r8_0189_carnival_ride,"Name a carnival ride. Reply with only the name, nothing else.",0.6389,<long> -> bench,0.5917,ferris wheel -> real,0.5173,ferris wheel -> bench,60,65,0.0,0.278,0.167,60,90,30,0.0,0.147,8.6,ferris wheel,0.9,3,1.48,3.71,0.768,"ferris wheel 75%, great wheel 2%","ferris wheel 57%, <long> 28%",0.6442,0.204,0.908
r8_1225_musical_form,"Name a musical form. Reply with only the name, nothing else.",0.6389,sonata -> real,0.6389,sonata -> real,0.555,sonata -> real,60,67,0.0,0.256,0.153,60,90,17,0.0,0.14,7.7,sonata,0.7,2,1.84,3.51,0.709,"sonata 77%, symphony 8%","sonata 49%, <long> 26%",0.67,0.256,0.943
r8s_0159_melon,"Suggest a type of melon. Reply with only the name, nothing else.",0.6389,<long> -> bench,0.575,cantaloupe -> real,0.5267,cantaloupe -> bench,58,62,0.033,0.311,0.2,60,90,9,0.0,0.193,10.0,cantaloupe,0.85,4,1.8,2.48,0.7,"cantaloupe 65%, watermelon 23%","cantaloupe 50%, <long> 31%",0.6569,0.11,0.821
r8_0272_electronic_device,"Name an electronic device. Reply with only the name, nothing else.",0.6389,<long> -> bench,0.5944,iphone -> real,0.5923,iphone -> real,60,65,0.0,0.278,0.167,60,90,21,0.0,0.153,7.6,smartphone,0.55,3,2.33,5.81,0.384,"smartphone 37%, laptop 33%","laptop 31%, <long> 28%",0.6639,0.173,1.073
r8_1355_monster,"Name a monster. Reply with only the name, nothing else.",0.6389,<long> -> bench,0.5361,t-rex -> real,0.5385,dragon -> bench,60,65,0.0,0.278,0.167,60,90,69,0.0,0.16,8.4,dragon,0.5,10,5.9,34.81,0.24,"dragon 20%, t-rex 8%","<long> 28%, dragon 20%",0.6667,0.275,0.825
r8s_0053_nocturnal_animal,"Suggest a type of nocturnal animal. Reply with only the name, nothing else.",0.6389,<long> -> bench,0.6306,owl -> real,0.5769,bat -> bench,60,65,0.0,0.278,0.167,60,90,14,0.0,0.16,7.7,owl,0.35,9,6.32,3.4,0.592,"owl 65%, bat 20%","owl 39%, <long> 28%",0.6928,0.134,0.786
r8_1338_teaching_method,"Name a teaching method. Reply with only the name, nothing else.",0.6389,<long> -> bench,0.6111,flipped classroom -> real,0.5385,flipped classroom -> real,60,65,0.0,0.278,0.167,60,90,36,0.0,0.16,8.8,flipped classroom,0.7,6,2.94,8.23,0.56,"flipped classroom 60%, socratic method 8%","flipped classroom 38%, <long> 28%",0.6447,0.27,0.932
r8_0250_bean,"Name a bean. Reply with only the name, nothing else.",0.6389,<long> -> bench,0.5278,kidney -> real,0.5542,bean -> bench,58,62,0.033,0.311,0.2,60,90,65,0.0,0.193,8.8,black bean,0.7,6,2.94,32.71,0.192,"black bean 15%, bean 7%","<long> 31%, black bean 16%",0.6661,0.399,0.558
r8_1333_outdoor_adventure,"Name a type of outdoor adventure. Reply with only the name, nothing else.",0.6389,<long> -> bench,0.5806,rock climbing -> real,0.5686,hiking -> bench,60,65,0.0,0.278,0.167,60,90,19,0.0,0.153,8.0,hiking,0.4,6,4.11,6.23,0.488,"hiking 42%, rock climbing 25%","hiking 40%, <long> 28%",0.6422,0.305,0.731
r8_1327_imprisonment,"Name a type of imprisonment. Reply with only the name, nothing else.",0.6389,<long> -> bench,0.5722,prison -> real,0.5678,life sentence -> bench,56,59,0.067,0.344,0.233,60,90,31,0.0,0.227,9.8,life imprisonment,0.75,3,2.08,11.73,0.322,"prison 33%, life imprisonment 15%","<long> 34%, prison 19%",0.6497,0.252,1.319
r8_1298_story_genre,"Name a story genre. Reply with only the name, nothing else.",0.6389,science fiction -> real,0.6389,science fiction -> real,0.6153,science fiction -> real,60,72,0.0,0.2,0.12,60,90,31,0.0,0.107,6.7,fantasy,0.35,5,4.22,9.86,0.341,"science fiction 47%, fantasy 15%","fantasy 22%, <long> 20%",0.6436,0.21,0.758
r8_0709_spiritual_practice,"Name a spiritual practice. Reply with only the name, nothing else.",0.6389,<long> -> bench,0.6306,meditation -> real,0.5167,transcendental meditation -> real,60,65,0.0,0.278,0.167,60,90,11,0.0,0.147,8.3,meditation,1.0,1,1.0,1.63,0.912,"meditation 92%, transcendental meditation 3%","meditation 66%, <long> 28%",0.6694,0.073,0.796
r8_0289_supernatural_being,"Name a type of supernatural being. Reply with only the name, nothing else.",0.6389,<long> -> bench,0.5722,vampire -> real,0.5679,vampire -> real,60,65,0.0,0.278,0.167,60,90,39,0.0,0.16,7.5,demon,0.2,14,11.99,19.5,0.168,"vampire 17%, unicorn 15%","<long> 28%, dragon 14%",0.6503,0.356,0.976
r8_1804_marine_ecosystem,"Name a marine ecosystem. Reply with only the name, nothing else.",0.6389,<long> -> bench,0.5722,coral reef -> real,0.5442,coral reefs -> real,60,65,0.0,0.278,0.167,60,90,18,0.0,0.167,8.7,coral reef,0.8,2,1.65,3.2,0.736,"coral reef 70%, coral reefs 15%","coral reef 56%, <long> 28%",0.6714,0.174,0.793
r8_1820_skyscraper,"Name a skyscraper. Reply with only the name, nothing else.",0.6389,<long> -> bench,0.5778,burj khalifa -> real,0.5434,empire state building -> bench,58,62,0.033,0.311,0.2,60,90,23,0.0,0.18,10.0,empire state building,0.45,5,3.77,5.83,0.467,"burj khalifa 47%, one world trade center 20%","<long> 31%, burj khalifa 31%",0.6553,0.095,0.952
r8_1449_smile,"Name a smile. Reply with only the name, nothing else.",0.6389,<long> -> bench,0.5306,smile -> real,0.5231,smiley -> bench,60,65,0.0,0.278,0.167,60,90,74,0.0,0.16,8.8,duchenne smile,0.25,9,7.48,37.86,0.256,"smile 25%, nan 3%","<long> 28%, smile 19%",0.6528,0.362,0.935
r8_1501_gear,"Name a gear. Reply with only the name, nothing else.",0.6389,<long> -> bench,0.5222,planetary -> bench,0.5339,planetary -> bench,56,59,0.067,0.344,0.233,60,90,82,0.0,0.213,9.9,gear,0.35,7,5.76,61.42,0.122,"gear 10%, <long> 7%","<long> 34%, gear 9%",0.6569,0.508,0.659
r8_1511_headphone_brand,"Name a headphone brand. Reply with only the name, nothing else.",0.6389,<long> -> bench,0.6222,sony -> real,0.5365,sennheiser -> real,60,65,0.0,0.278,0.167,60,90,7,0.0,0.14,7.1,sony,0.85,2,1.53,1.91,0.824,"sony 83%, sennheiser 15%","sony 59%, <long> 28%",0.6578,0.069,0.815
r8_1477_cloud_temperature,"Name a type of cloud temperature. Reply with only the name, nothing else.",0.6389,<long> -> bench,0.5278,cumulus -> real,0.5306,cirrostratus -> bench,58,62,0.033,0.311,0.2,60,90,63,0.0,0.18,9.2,cirrostratus,0.15,15,13.78,40.0,0.125,"cumulus 13%, celsius 8%","<long> 31%, cumulus 8%",0.6386,0.432,0.841
r8_0063_movie,"Name a movie. Reply with only the name, nothing else.",0.6389,<long> -> bench,0.5722,godfather -> real,0.5615,godfather -> real,60,65,0.0,0.278,0.167,60,90,24,0.0,0.16,9.1,shawshank redemption,0.65,5,2.86,6.8,0.44,"shawshank redemption 45%, godfather 20%","shawshank redemption 31%, <long> 28%",0.6386,0.069,0.837
r8_0180_cleaning_product,"Name a cleaning product. Reply with only the name, nothing else.",0.6389,<long> -> bench,0.525,windex -> real,0.5564,dawn -> bench,60,65,0.0,0.278,0.167,60,90,53,0.0,0.167,8.6,dawn,0.25,10,8.02,24.98,0.192,"dawn 13%, bleach 12%","<long> 28%, dawn 18%",0.6483,0.225,1.086
r8_0846_costume,"Name a costume. Reply with only the name, nothing else.",0.6389,<long> -> bench,0.5556,batman -> real,0.5459,batman -> real,58,62,0.033,0.311,0.2,60,90,74,0.0,0.187,9.2,superman,0.65,6,3.2,48.32,0.125,"batman 17%, superman 7%","<long> 31%, superman 6%",0.6686,0.441,0.514
r8_0785_font,"Name a font. Reply with only the name, nothing else.",0.6389,<long> -> bench,0.5972,helvetica -> real,0.5929,helvetica -> real,60,65,0.0,0.278,0.167,60,90,26,0.0,0.167,7.4,arial,0.8,2,1.65,6.11,0.56,"arial 48%, helvetica 22%","arial 46%, <long> 28%",0.6519,0.143,0.995
r8_0778_barbecue_style,"Name a barbecue style. Reply with only the name, nothing else.",0.6389,<long> -> bench,0.5306,texas -> real,0.5476,bbq -> bench,58,62,0.033,0.311,0.2,60,90,43,0.0,0.2,9.1,kansas city,0.25,11,8.82,15.35,0.325,"bbq 27%, texas 15%","<long> 31%, bbq 26%",0.6364,0.267,0.942
r8s_0879_cereal,"Suggest a type of cereal. Reply with only the name, nothing else.",0.6389,<long> -> bench,0.6028,corn flakes -> real,0.5558,corn flakes -> real,60,65,0.0,0.278,0.167,60,90,34,0.0,0.167,8.7,corn flakes,0.35,10,7.47,12.31,0.392,"corn flakes 45%, cheerios 8%","<long> 28%, corn flakes 24%",0.6558,0.185,1.205
r8_1029_nail_product,"Name a nail product. Reply with only the name, nothing else.",0.6389,<long> -> bench,0.5806,opi -> real,0.5737,opi -> real,56,59,0.067,0.344,0.233,60,90,73,0.0,0.18,9.9,essie,0.35,13,9.44,44.67,0.157,"opi 22%, essie 8%","<long> 34%, opi 6%",0.6589,0.408,0.95
r8s_0443_animal_sound,"Suggest a type of animal sound. Reply with only the name, nothing else.",0.6389,<long> -> bench,0.5528,roar -> real,0.5583,roar -> bench,60,65,0.0,0.278,0.167,60,90,25,0.0,0.16,8.0,roar,0.8,5,2.18,3.67,0.744,"roar 68%, meow 8%","roar 58%, <long> 28%",0.665,0.212,0.955
r8_0411_fabric_weave,"Name a fabric weave. Reply with only the name, nothing else.",0.6389,<long> -> bench,0.5917,twill -> real,0.5231,<response -> bench,60,65,0.0,0.278,0.167,60,90,49,0.0,0.16,8.3,twill,0.8,4,2.03,10.12,0.568,"twill 58%, damask 3%","twill 40%, <long> 28%",0.6583,0.297,0.627
r8_0162_beer,"Name a beer. Reply with only the name, nothing else.",0.6389,stella artois -> bench,0.6389,stella artois -> bench,0.6964,stella artois -> bench,60,69,0.0,0.233,0.14,60,90,45,0.0,0.133,8.4,stella artois,0.5,7,4.47,15.56,0.31,"stout 27%, heineken 13%","stella artois 38%, <long> 23%",0.6283,0.246,0.878
r8_1061_castle_part,"Name a castle part. Reply with only the name, nothing else.",0.6389,<long> -> bench,0.6,keep -> real,0.5949,tower -> bench,60,65,0.0,0.278,0.167,60,90,26,0.0,0.153,7.5,moat,0.45,6,4.22,8.66,0.32,"moat 33%, keep 27%","<long> 28%, tower 23%",0.6517,0.236,0.869
r8_1050_pizza_chain,"Name a pizza chain. Reply with only the name, nothing else.",0.6389,<long> -> bench,0.5944,pizza hut -> real,0.5603,pizza hut -> real,60,65,0.0,0.278,0.167,60,90,14,0.0,0.16,8.3,dominos,0.55,2,1.99,3.07,0.6,"dominos 57%, pizza hut 37%","dominos 46%, <long> 28%",0.6364,0.186,0.876
r8_1131_electronic_instrument,"Name a type of electronic instrument. Reply with only the name, nothing else.",0.6389,<long> -> bench,0.6167,piano -> real,0.5801,oscilloscope -> bench,60,65,0.0,0.278,0.167,60,90,18,0.0,0.167,8.4,oscilloscope,1.0,1,1.0,7.59,0.352,"piano 43%, guitar 17%","<long> 28%, oscilloscope 20%",0.6761,0.199,1.02
r8_1144_part_of_a_seed,"Name a part of a seed. Reply with only the name, nothing else.",0.6389,<long> -> bench,0.5667,cotyledon -> bench,0.6315,cotyledon -> bench,58,62,0.033,0.311,0.2,60,90,54,0.0,0.187,9.0,embryo,0.45,6,3.77,22.78,0.308,"cotyledon 17%, seed 12%","<long> 31%, cotyledon 30%",0.6556,0.456,1.021
r8_0263_musical_term,"Name a musical term. Reply with only the name, nothing else.",0.6389,<long> -> bench,0.5833,crescendo -> real,0.5641,crescendo -> real,60,65,0.0,0.278,0.167,60,90,54,0.0,0.16,8.3,adagio,0.4,7,5.31,25.2,0.2,"crescendo 27%, adagio 12%","<long> 28%, adagio 13%",0.665,0.485,0.82
r8_0114_ballet,"Name a ballet. Reply with only the name, nothing else.",0.6389,<long> -> bench,0.55,nutcracker -> real,0.5673,swan lake -> bench,60,65,0.0,0.278,0.167,60,90,23,0.0,0.16,8.9,swan lake,0.75,3,1.99,6.3,0.52,"swan lake 45%, nutcracker 17%","swan lake 42%, <long> 28%",0.6514,0.268,0.885
r8_1154_celebration_item,"Name a celebration item. Reply with only the name, nothing else.",0.6389,<long> -> bench,0.6028,balloon -> bench,0.6519,balloon -> bench,60,65,0.0,0.278,0.167,60,90,38,0.0,0.16,7.9,balloon,0.6,6,3.56,14.83,0.264,"cake 30%, confetti 12%","<long> 28%, balloon 26%",0.6525,0.241,0.843
r8_1914_mouse_button,"Name a mouse button. Reply with only the name, nothing else.",0.6389,left -> real,0.6389,left -> real,0.576,left -> real,60,68,0.0,0.244,0.147,60,90,13,0.0,0.14,6.6,left button,0.85,4,1.8,4.26,0.586,"left 67%, left button 17%","left 39%, <long> 24%",0.7522,0.109,0.853
r8_1091_bread_loaf,"Name a bread loaf. Reply with only the name, nothing else.",0.6389,<long> -> bench,0.5167,brioche -> real,0.5827,sourdough -> bench,60,65,0.0,0.278,0.167,60,90,46,0.0,0.16,8.7,sourdough,0.75,5,2.45,10.73,0.536,"sourdough 45%, baguette 3%","sourdough 44%, <long> 28%",0.6511,0.252,0.927
r8_1937_streaming_service,"Name a streaming service. Reply with only the name, nothing else.",0.6389,<long> -> bench,0.6333,netflix -> real,0.525,hulu -> real,60,65,0.0,0.278,0.167,60,90,8,0.0,0.153,7.0,netflix,1.0,1,1.0,1.46,0.928,"netflix 93%, hulu 5%","netflix 67%, <long> 28%",0.6569,0.079,0.921
r8_1127_flower_used_in_wedding,"Name a type of flower used in wedding. Reply with only the name, nothing else.",0.6389,<long> -> bench,0.5833,rose -> real,0.5397,roses -> bench,60,65,0.0,0.278,0.167,60,90,11,0.0,0.14,7.3,rose,0.65,4,2.52,3.87,0.56,"rose 57%, roses 17%","rose 40%, <long> 28%",0.645,0.17,0.813
r8s_0250_bean,"Suggest a type of bean. Reply with only the name, nothing else.",0.6389,<long> -> bench,0.525,black bean -> bench,0.5815,black bean -> bench,58,62,0.033,0.311,0.2,60,90,67,0.0,0.193,8.8,black beans,0.55,4,3.07,29.4,0.308,"black bean 22%, black beans 7%","<long> 31%, black bean 27%",0.6472,0.418,0.61
r8_1796_bird_beak_shape,"Name a bird beak shape. Reply with only the name, nothing else.",0.6389,<long> -> bench,0.5722,raptor -> real,0.5679,raptor -> real,60,65,0.0,0.278,0.167,60,90,63,0.0,0.167,8.1,conical,0.45,8,5.49,34.24,0.176,"hook 18%, raptor 17%","<long> 28%, hook 12%",0.6467,0.363,0.794
r8_0967_hygiene_product,"Name a hygiene product. Reply with only the name, nothing else.",0.6389,<long> -> bench,0.5611,toothbrush -> real,0.6135,toothpaste -> bench,60,65,0.0,0.278,0.167,60,90,39,0.0,0.153,8.9,toothpaste,0.35,10,7.16,8.41,0.568,"toothpaste 45%, toothbrush 13%","toothpaste 49%, <long> 28%",0.6567,0.213,1.102
r8s_0581_island,"Suggest a type of island. Reply with only the name, nothing else.",0.6389,<long> -> bench,0.5333,caribbean -> real,0.574,volcanic -> bench,58,62,0.033,0.311,0.2,60,90,73,0.0,0.18,9.2,volcanic,0.3,12,9.25,35.99,0.283,"volcanic 20%, caribbean 7%","<long> 31%, volcanic 24%",0.6275,0.438,0.711
r8_1535_gemstone_cut,"Name a gemstone cut. Reply with only the name, nothing else.",0.6389,<long> -> bench,0.55,round -> bench,0.5756,round -> bench,60,65,0.0,0.278,0.167,60,90,35,0.0,0.167,8.4,emerald,0.25,10,8.02,16.07,0.192,"emerald 18%, princess 17%","<long> 28%, princess 16%",0.6342,0.236,0.995
r8s_0606_incense,"Suggest a type of incense. Reply with only the name, nothing else.",0.6389,sandalwood -> real,0.6389,sandalwood -> real,0.5834,sandalwood -> real,58,62,0.033,0.311,0.2,60,90,32,0.0,0.187,9.6,sandalwood,0.75,4,2.23,8.92,0.5,"sandalwood 57%, frankincense 7%","<long> 31%, sandalwood 29%",0.6731,0.274,0.817
r8s_0655_textile,"Suggest a type of textile. Reply with only the name, nothing else.",0.6389,<long> -> bench,0.5472,cotton -> real,0.5276,cotton -> bench,60,65,0.0,0.278,0.167,60,90,28,0.0,0.147,7.7,cotton,0.85,3,1.68,8.14,0.512,"cotton 48%, linen 8%","cotton 39%, <long> 28%",0.6064,0.22,1.133
r8_0240_art_medium,"Name an art medium. Reply with only the name, nothing else.",0.6389,<long> -> bench,0.6,oil painting -> real,0.5808,oil painting -> real,60,65,0.0,0.278,0.167,60,90,16,0.0,0.167,7.6,oil painting,0.35,6,4.48,7.34,0.312,"oil 32%, oil painting 30%","<long> 28%, oil 22%",0.6575,0.235,0.887
r8_0219_bear_species,"Name a bear species. Reply with only the name, nothing else.",0.6389,<long> -> bench,0.5917,polar bear -> real,0.5724,polar bear -> real,60,65,0.0,0.278,0.167,60,90,12,0.0,0.153,8.6,polar bear,0.4,3,2.97,4.05,0.552,"grizzly bear 50%, polar bear 28%","grizzly bear 43%, <long> 28%",0.6333,0.209,0.918
r8_0029_weapon,"Name a weapon. Reply with only the name, nothing else.",0.6389,<long> -> bench,0.5583,sword -> real,0.5466,ak-47 -> real,54,56,0.1,0.378,0.267,60,90,51,0.0,0.22,10.4,sword,0.9,2,1.38,27.41,0.2,"sword 22%, ak-47 10%","<long> 38%, sword 10%",0.66,0.328,0.789
r8_1859_ball_sport_position,"Name a ball sport position. Reply with only the name, nothing else.",0.6389,<long> -> bench,0.5694,goalkeeper -> real,0.5731,forward -> bench,60,65,0.0,0.278,0.167,60,90,19,0.0,0.16,7.8,goalkeeper,0.45,6,4.33,7.79,0.24,"goalkeeper 28%, goalie 25%","<long> 28%, forward 18%",0.6589,0.193,0.833
r8_1040_opera,"Name an opera. Reply with only the name, nothing else.",0.6389,<long> -> bench,0.5333,opera -> real,0.55,turandot -> bench,60,65,0.0,0.278,0.167,60,90,41,0.0,0.153,8.9,traviata,0.25,10,8.02,17.97,0.184,"traviata 17%, bohème 15%","<long> 28%, bohème 16%",0.6578,0.232,0.581
r8_1101_part_of_a_car,"Name a part of a car. Reply with only the name, nothing else.",0.6389,engine -> real,0.6389,engine -> real,0.5846,engine -> real,60,76,0.0,0.156,0.093,60,90,17,0.0,0.073,5.1,engine,0.65,6,3.2,2.96,0.772,"engine 87%, windshield 5%","engine 59%, <long> 16%",0.6894,0.132,0.854
r8s_0388_donut,"Suggest a type of donut. Reply with only the name, nothing else.",0.6389,<long> -> bench,0.6167,glazed -> real,0.6038,glazed -> real,60,65,0.0,0.278,0.167,60,90,65,0.0,0.167,8.5,cinnamon sugar,0.25,9,6.78,36.07,0.192,"glazed 30%, cake donut 7%","<long> 28%, cinnamon roll 8%",0.6592,0.34,0.915
r8s_0551_honey,"Suggest a type of honey. Reply with only the name, nothing else.",0.6389,<long> -> bench,0.5333,wildflower -> real,0.5419,honey -> bench,56,59,0.067,0.344,0.233,60,90,53,0.0,0.213,9.6,acacia,0.3,9,7.32,26.84,0.243,"manuka 20%, acacia 8%","<long> 34%, manuka 18%",0.6536,0.258,0.889
r8s_0482_wave,"Suggest a type of wave. Reply with only the name, nothing else.",0.6389,<long> -> bench,0.5861,electromagnetic wave -> bench,0.6288,electromagnetic wave -> bench,60,65,0.0,0.278,0.167,60,90,62,0.0,0.147,7.9,sound wave,0.4,5,4.24,35.54,0.184,"sine 13%, sine wave 7%","<long> 28%, electromagnetic wave 22%",0.6556,0.36,0.594
r8s_0479_sugar,"Suggest a type of sugar. Reply with only the name, nothing else.",0.6389,<long> -> bench,0.6056,glucose -> bench,0.6532,glucose -> bench,58,62,0.033,0.311,0.2,60,90,58,0.0,0.18,8.8,sucrose,0.55,6,3.78,32.19,0.158,"brown sugar 18%, granulated sugar 10%","<long> 31%, glucose 21%",0.6558,0.393,1.003
r8_0353_flower_shape,"Name a flower shape. Reply with only the name, nothing else.",0.6389,<long> -> bench,0.5417,sunflower -> real,0.566,star -> bench,60,65,0.0,0.278,0.167,60,90,45,0.0,0.153,7.7,rose,0.3,10,7.29,20.4,0.16,"rose 17%, sunflower 15%","<long> 28%, star 16%",0.6639,0.33,1.092
r8_0089_muscle,"Name a muscle. Reply with only the name, nothing else.",0.6389,<long> -> bench,0.5694,quadriceps -> real,0.5353,quadriceps -> real,60,65,0.0,0.278,0.167,60,90,17,0.0,0.167,8.5,biceps,0.65,6,3.2,4.9,0.416,"biceps 42%, quadriceps 32%","biceps 30%, <long> 28%",0.6686,0.098,0.942
r8_0037_percussion_instrument,"Name a type of percussion instrument. Reply with only the name, nothing else.",0.6389,<long> -> bench,0.5861,drum -> real,0.55,snare drum -> real,60,65,0.0,0.278,0.167,60,90,12,0.0,0.16,7.9,drum,0.95,2,1.22,2.01,0.856,"drum 82%, snare drum 10%","drum 64%, <long> 28%",0.6953,0.141,0.837
r8_1999_speaker_brand,"Name a speaker brand. Reply with only the name, nothing else.",0.6389,<long> -> bench,0.5611,jbl -> real,0.5814,bose -> bench,60,65,0.0,0.278,0.167,60,90,23,0.0,0.16,8.3,bose,0.6,4,2.97,7.93,0.368,"bose 28%, sennheiser 20%","bose 32%, <long> 28%",0.6528,0.102,1.059
r8_1415_folk_dance,"Name a folk dance. Reply with only the name, nothing else.",0.6389,<long> -> bench,0.5778,square dance -> real,0.55,square dance -> real,60,65,0.0,0.278,0.167,60,90,68,0.0,0.147,8.4,tarantella,0.25,14,11.64,31.72,0.248,"square dance 30%, polka 13%","<long> 28%, square dance 14%",0.6419,0.255,0.606
r8_1976_comic,"Name a comic. Reply with only the name, nothing else.",0.6389,<long> -> bench,0.5417,maus -> real,0.5282,batman -> bench,60,65,0.0,0.278,0.167,60,90,79,0.0,0.16,8.8,maus,0.9,3,1.48,48.34,0.16,"maus 18%, batman 7%","<long> 28%, maus 10%",0.6447,0.226,0.723
r8_1661_musical_style,"Name a musical style. Reply with only the name, nothing else.",0.6389,<long> -> bench,0.6333,jazz -> real,0.5436,jazz -> real,60,65,0.0,0.278,0.167,60,90,21,0.0,0.153,7.8,jazz,0.95,2,1.22,3.84,0.688,"jazz 73%, classical 13%","jazz 47%, <long> 28%",0.6575,0.147,0.848
r8_1428_transportation_mode,"Name a transportation mode. Reply with only the name, nothing else.",0.6389,<long> -> bench,0.6333,train -> real,0.6077,train -> real,60,65,0.0,0.278,0.167,60,90,25,0.0,0.16,7.3,train,0.65,5,2.99,8.62,0.288,"train 40%, car 20%","<long> 28%, car 19%",0.6586,0.232,0.684
r8_0024_school_subject,"Name a school subject. Reply with only the name, nothing else.",0.6389,<long> -> bench,0.6083,mathematics -> real,0.5506,mathematics -> real,60,65,0.0,0.278,0.167,60,90,20,0.0,0.153,7.6,mathematics,0.75,4,2.23,6.42,0.464,"mathematics 52%, math 18%","mathematics 30%, <long> 28%",0.6728,0.118,0.799
r8_1634_sports_trophy,"Name a sports trophy. Reply with only the name, nothing else.",0.6389,<long> -> bench,0.5361,super bowl -> real,0.533,trophy -> bench,56,59,0.067,0.344,0.233,60,90,56,0.0,0.193,9.8,stanley cup,0.25,13,10.14,25.61,0.226,"super bowl 22%, stanley cup 15%","<long> 34%, super bowl 14%",0.6656,0.238,1.055
r8_1867_piano,"Name a piano. Reply with only the name, nothing else.",0.6389,<long> -> bench,0.5556,grand piano -> real,0.5798,steinway -> bench,58,62,0.033,0.311,0.2,60,90,37,0.0,0.187,9.6,steinway,0.35,11,8.01,12.59,0.358,"steinway 27%, grand piano 17%","<long> 31%, steinway 30%",0.6456,0.231,0.826
r8_1484_tanuki,"Name a tanuki. Reply with only the name, nothing else.",0.6389,<long> -> bench,0.5194,tama -> real,0.5178,tama -> real,58,62,0.033,0.311,0.2,60,90,85,0.0,0.173,9.5,tanuki,0.15,18,16.96,54.55,0.183,"tanuki 17%, tama 5%","<long> 31%, tanuki 13%",0.6536,0.432,0.909
r8_1470_glassblowing,"Name a type of glassblowing. Reply with only the name, nothing else.",0.6389,<long> -> bench,0.5222,glassblowing -> real,0.5179,glassblowing -> real,60,65,0.0,0.278,0.167,60,90,91,0.0,0.153,8.6,glassblowing,0.2,17,15.16,72.96,0.08,"glassblowing 7%, crown glass 7%","<long> 28%, crown glass 7%",0.6506,0.446,0.855
r8s_0557_lipid,"Suggest a type of lipid. Reply with only the name, nothing else.",0.6389,<long> -> bench,0.5944,cholesterol -> real,0.5859,cholesterol -> real,60,65,0.0,0.278,0.167,60,90,23,0.0,0.167,9.7,triglyceride,0.25,6,5.36,8.05,0.336,"phospholipid 30%, cholesterol 23%","<long> 28%, phospholipid 27%",0.6567,0.181,1.133
r8s_0507_precious_stone,"Suggest a type of precious stone. Reply with only the name, nothing else.",0.6389,<long> -> bench,0.55,sapphire -> real,0.5949,diamond -> bench,60,65,0.0,0.278,0.167,60,90,11,0.0,0.16,7.3,diamond,0.9,3,1.48,2.17,0.832,"diamond 73%, sapphire 10%","diamond 67%, <long> 28%",0.6617,0.161,0.88
r8_1362_saxophone,"Name a saxophone. Reply with only the name, nothing else.",0.6389,<long> -> bench,0.6222,alto saxophone -> real,0.6128,alto -> bench,60,65,0.0,0.278,0.167,60,90,30,0.0,0.14,8.6,alto saxophone,0.5,7,4.55,9.53,0.304,"alto saxophone 40%, saxophone 22%","<long> 28%, alto 21%",0.6497,0.203,0.947
r8_1683_percussion_instrument,"Name a type of percussion instrument. Reply with only the name, nothing else.",0.6389,drum -> real,0.6389,drum -> real,0.5633,drum -> real,59,71,0.017,0.211,0.133,60,90,13,0.0,0.127,7.0,drum,1.0,1,1.0,2.07,0.846,"drum 90%, snare drum 5%","drum 62%, <long> 21%",0.6744,0.141,0.792
r8_1669_fiber,"Name a fiber. Reply with only the name, nothing else.",0.6389,<long> -> bench,0.5639,cotton -> bench,0.6164,cotton -> bench,56,59,0.067,0.344,0.233,60,90,83,0.0,0.22,9.9,cotton,0.95,2,1.22,51.42,0.209,"cotton 8%, <long> 7%","<long> 34%, cotton 21%",0.6622,0.495,0.735
r8s_1560_branch_of_engineering,"Suggest a type of branch of engineering. Reply with only the name, nothing else.",0.6389,<long> -> bench,0.5278,chemical engineering -> bench,0.5404,civil engineering -> bench,60,65,0.0,0.278,0.167,60,90,58,0.0,0.133,7.8,civil engineering,0.4,7,5.22,30.88,0.192,"civil engineering 15%, software engineering 8%","<long> 28%, civil engineering 17%",0.6133,0.409,0.507
r8_0516_art_movement,"Name a type of art movement. Reply with only the name, nothing else.",0.6389,<long> -> bench,0.5667,cubism -> real,0.5538,cubism -> real,60,65,0.0,0.278,0.167,60,90,16,0.0,0.147,8.4,impressionism,0.8,4,2.03,3.16,0.712,"impressionism 67%, cubism 20%","impressionism 54%, <long> 28%",0.6281,0.219,1.043
r8s_1569_mode_of_transportation,"Suggest a type of mode of transportation. Reply with only the name, nothing else.",0.6389,<long> -> bench,0.5389,subway -> real,0.5346,subway -> real,60,65,0.0,0.278,0.167,60,90,41,0.0,0.167,7.9,airplane,0.25,8,6.51,14.56,0.352,"bicycle 33%, airplane 13%","<long> 28%, bicycle 27%",0.6419,0.253,0.804
r8_0464_yogurt,"Name a yogurt. Reply with only the name, nothing else.",0.6389,<long> -> bench,0.6,yoplait -> real,0.5936,yoplait -> real,60,65,0.0,0.278,0.167,60,90,43,0.0,0.153,8.4,yoplait,0.45,8,5.49,15.51,0.296,"yoplait 23%, yogurt 22%","<long> 28%, yogurt 27%",0.6556,0.285,0.775
r8_0379_bear,"Name a bear. Reply with only the name, nothing else.",0.6389,<long> -> bench,0.5639,grizzly -> real,0.5212,grizzly -> real,60,65,0.0,0.278,0.167,60,90,50,0.0,0.167,8.3,grizzly,0.4,8,5.09,20.32,0.328,"grizzly 35%, polar 7%","<long> 28%, grizzly 22%",0.6567,0.217,0.892
r8s_0046_bird_of_prey,"Suggest a type of bird of prey. Reply with only the name, nothing else.",0.6389,<long> -> bench,0.5667,eagle -> real,0.5295,eagle -> bench,60,65,0.0,0.278,0.167,60,90,16,0.0,0.167,8.0,eagle,0.85,4,1.8,3.86,0.664,"eagle 63%, falcon 10%","eagle 50%, <long> 28%",0.6372,0.151,0.858
r8_0297_chili_pepper,"Name a chili pepper. Reply with only the name, nothing else.",0.6389,<long> -> bench,0.5917,habanero -> real,0.5788,habanero -> real,60,65,0.0,0.278,0.167,60,90,30,0.0,0.153,8.8,habanero,0.4,6,4.11,10.88,0.288,"jalapeño 30%, habanero 25%","<long> 28%, jalapeño 20%",0.6306,0.276,0.839
r8_1575_aurora,"Name an aurora. Reply with only the name, nothing else.",0.6389,<long> -> bench,0.5861,aurora -> real,0.5712,aurora -> real,60,65,0.0,0.278,0.167,60,90,51,0.0,0.147,9.1,aurora australis,0.35,5,4.22,19.53,0.248,"aurora 25%, aurora australis 20%","<long> 28%, aurora australis 21%",0.6592,0.338,0.733
r8_1635_vegetable_stem,"Name a vegetable stem. Reply with only the name, nothing else.",0.6389,<long> -> bench,0.5917,celery -> real,0.5801,onion -> bench,60,65,0.0,0.278,0.167,60,90,23,0.0,0.16,7.9,celery,0.4,6,4.11,8.61,0.328,"celery 38%, asparagus 18%","<long> 28%, onion 20%",0.66,0.218,0.928
r8_0447_wrapping_paper,"Name a wrapping paper. Reply with only the name, nothing else.",0.6389,<long> -> bench,0.5278,stars and stripes -> bench,0.5403,stars and stripes -> bench,58,62,0.033,0.311,0.2,60,90,93,0.0,0.18,9.1,kraft paper,0.1,19,18.66,76.32,0.083,"silver 5%, cellophane 3%","<long> 31%, silver 8%",0.655,0.48,0.72
r8s_1671_haunted_location,"Suggest a type of haunted location. Reply with only the name, nothing else.",0.6389,<long> -> bench,0.5417,overlook hotel -> real,0.5717,abandoned asylum -> bench,58,62,0.033,0.311,0.2,60,90,62,0.0,0.18,9.9,abandoned asylum,0.25,13,10.58,24.6,0.35,"abandoned asylum 27%, overlook hotel 8%","<long> 31%, abandoned asylum 29%",0.6544,0.225,0.863
r8s_1719_us_state,"Suggest a type of us state. Reply with only the name, nothing else.",0.6389,<long> -> bench,0.5556,california -> real,0.532,california -> real,58,62,0.033,0.311,0.2,60,90,74,0.0,0.153,8.0,california,0.65,5,3.07,39.66,0.208,"california 23%, texas 12%","<long> 31%, california 12%",0.6217,0.55,0.451
r8_0306_airplane_part,"Name an airplane part. Reply with only the name, nothing else.",0.6389,wing -> real,0.6389,wing -> real,0.5378,wing -> real,60,67,0.0,0.256,0.153,60,90,17,0.0,0.14,7.1,wing,0.9,3,1.48,2.41,0.827,"wing 87%, engine 5%","wing 59%, <long> 26%",0.6644,0.129,0.788
r8_0493_habitat,"Name a habitat. Reply with only the name, nothing else.",0.6389,<long> -> bench,0.5194,savanna -> real,0.5267,forest -> bench,58,62,0.033,0.311,0.2,60,90,46,0.0,0.193,8.7,rainforest,0.55,4,2.92,21.53,0.2,"forest 17%, rainforest 17%","<long> 31%, forest 16%",0.6442,0.304,1.01
r8_0448_explorer,"Name an explorer. Reply with only the name, nothing else.",0.6361,<long> -> bench,0.5583,christopher columbus -> real,0.5334,christopher columbus -> real,59,64,0.017,0.289,0.18,60,90,69,0.0,0.167,8.6,christopher columbus,0.7,3,2.23,34.95,0.22,"christopher columbus 25%, columbus 12%","<long> 29%, christopher columbus 13%",0.6322,0.391,0.494
r8_0494_tax,"Name a tax. Reply with only the name, nothing else.",0.6361,<long> -> bench,0.5694,income tax -> real,0.5502,income tax -> real,55,58,0.083,0.356,0.247,60,90,57,0.0,0.213,10.1,income tax,0.95,2,1.22,30.67,0.221,"income tax 25%, <long> 8%","<long> 36%, income tax 11%",0.6528,0.372,0.908
r8_0298_writing_system,"Name a writing system. Reply with only the name, nothing else.",0.6361,<long> -> bench,0.5694,hanzi -> real,0.5444,cyrillic -> real,59,64,0.017,0.289,0.18,60,90,42,0.0,0.167,8.1,hanzi,0.25,10,8.37,19.41,0.244,"hanzi 28%, cyrillic 13%","<long> 29%, hanzi 14%",0.6606,0.343,0.865
r8_1704_crayon_color,"Name a crayon color. Reply with only the name, nothing else.",0.6361,<long> -> bench,0.5528,yellow -> real,0.5948,red -> bench,59,64,0.017,0.289,0.18,60,90,18,0.0,0.173,7.7,yellow,0.5,3,2.35,5.19,0.472,"red 37%, yellow 28%","red 40%, <long> 29%",0.6297,0.202,0.959
r8_1667_ruin,"Name a ruin. Reply with only the name, nothing else.",0.6361,<long> -> bench,0.5389,pompeii -> real,0.5387,colosseum -> bench,57,61,0.05,0.322,0.213,60,90,57,0.0,0.207,10.2,pompeii,0.8,5,2.18,28.96,0.195,"pompeii 20%, colosseum 7%","<long> 32%, pompeii 12%",0.6542,0.306,0.799
r8s_1501_gear,"Suggest a type of gear. Reply with only the name, nothing else.",0.6361,<long> -> bench,0.55,bevel gear -> bench,0.5738,bevel gear -> bench,57,61,0.05,0.322,0.213,60,90,76,0.0,0.2,9.6,bevel gear,0.2,12,10.17,56.36,0.076,"bevel 5%, gears 5%","<long> 32%, bevel gear 10%",0.6731,0.505,0.56
r8s_1567_seashell,"Suggest a type of seashell. Reply with only the name, nothing else.",0.6361,<long> -> bench,0.5611,conch -> real,0.5367,conch -> bench,57,61,0.05,0.322,0.213,60,90,32,0.0,0.207,9.1,conch,0.65,4,2.52,5.55,0.669,"conch 60%, abalone 7%","conch 48%, <long> 32%",0.6489,0.332,0.676
r8s_0008_sculpture,"Suggest a type of sculpture. Reply with only the name, nothing else.",0.6361,<long> -> bench,0.5333,statue -> bench,0.5492,statue -> bench,57,61,0.05,0.322,0.213,60,90,73,0.0,0.193,9.4,bronze bust,0.15,15,13.78,49.58,0.102,"abstract sculpture 8%, <long> 5%","<long> 32%, relief 10%",0.6494,0.389,0.922
r8s_0009_galaxy,"Suggest a type of galaxy. Reply with only the name, nothing else.",0.6361,<long> -> bench,0.625,milky way -> real,0.6267,spiral -> bench,59,64,0.017,0.289,0.18,60,90,28,0.0,0.167,8.8,spiral,0.8,2,1.65,7.47,0.488,"spiral 35%, milky way 28%","spiral 43%, <long> 29%",0.6403,0.238,0.92
r8s_0002_reptile,"Suggest a type of reptile. Reply with only the name, nothing else.",0.6361,<long> -> bench,0.5444,komodo dragon -> real,0.5391,snake -> bench,59,64,0.017,0.289,0.18,60,90,43,0.0,0.153,8.6,komodo dragon,0.35,9,6.79,18.93,0.301,"komodo dragon 30%, chameleon 12%","<long> 29%, komodo dragon 21%",0.6453,0.332,0.722
r8_0304_jazz_musician,"Name a jazz musician. Reply with only the name, nothing else.",0.6361,<long> -> bench,0.6,miles davis -> real,0.5238,miles davis -> real,59,64,0.017,0.289,0.18,60,90,14,0.0,0.16,9.0,miles davis,0.7,4,2.39,3.52,0.585,"miles davis 60%, louis armstrong 25%","miles davis 40%, <long> 29%",0.6906,0.146,0.933
r8_0355_historical_document,"Name a type of historical document. Reply with only the name, nothing else.",0.6361,<long> -> bench,0.5722,diary -> bench,0.6145,diary -> bench,59,64,0.017,0.289,0.18,60,90,47,0.0,0.173,8.4,diary,0.2,12,10.17,24.95,0.187,"deed 12%, chronicle 8%","<long> 29%, diary 21%",0.665,0.362,0.933
r8_0371_fermented_food,"Name a fermented food. Reply with only the name, nothing else.",0.6361,kimchi -> real,0.6361,kimchi -> real,0.6277,kimchi -> real,60,74,0.0,0.178,0.107,60,90,30,0.0,0.08,6.9,sauerkraut,0.25,6,5.46,11.95,0.209,"kimchi 35%, kombucha 17%","yogurt 19%, <long> 18%",0.6392,0.187,0.99
r8_1453_prince,"Name a prince. Reply with only the name, nothing else.",0.6361,<long> -> bench,0.5722,henry -> real,0.5691,henry -> real,59,64,0.017,0.289,0.18,60,90,43,0.0,0.167,8.0,prince william,0.25,10,7.79,23.64,0.138,"henry 17%, prince 15%","<long> 29%, william 14%",0.6631,0.201,0.808
r8_0061_magazine,"Name a magazine. Reply with only the name, nothing else.",0.6361,time -> real,0.6361,time -> real,0.5534,time -> real,60,68,0.0,0.244,0.147,60,90,23,0.0,0.14,7.0,time,0.8,3,1.89,3.65,0.727,"time 78%, national geographic 7%","time 51%, <long> 24%",0.6572,0.127,0.808
r8s_0496_compass,"Suggest a type of compass. Reply with only the name, nothing else.",0.6361,<long> -> bench,0.6028,compass -> real,0.5988,compass -> real,57,61,0.05,0.322,0.213,60,90,71,0.0,0.2,10.1,gauss compass,0.1,19,18.66,45.27,0.161,"compass 25%, compass rose 7%","<long> 32%, gunters compass 8%",0.6425,0.436,1.081
r8s_0491_fairground_food,"Suggest a type of fairground food. Reply with only the name, nothing else.",0.6361,<long> -> bench,0.5167,crisp -> real,0.5546,corn dog -> bench,59,64,0.017,0.289,0.18,60,90,50,0.0,0.167,8.9,corn dogs,0.25,13,10.86,20.21,0.26,"corn dog 20%, corn dogs 13%","<long> 29%, corn dog 22%",0.6544,0.269,0.867
r8s_0492_blanket,"Suggest a type of blanket. Reply with only the name, nothing else.",0.6361,<long> -> bench,0.5611,down blanket -> bench,0.5859,down blanket -> bench,59,64,0.017,0.289,0.18,60,90,59,0.0,0.167,8.8,cashmere,0.2,15,12.85,35.89,0.089,"quilt 13%, comforter 8%","<long> 29%, down blanket 12%",0.6353,0.425,0.706
r8_1010_plug,"Name a plug. Reply with only the name, nothing else.",0.6361,<long> -> bench,0.5278,plug -> bench,0.5661,plug -> bench,55,58,0.083,0.356,0.247,60,90,90,0.0,0.227,9.9,plug,0.15,17,15.83,62.54,0.177,"plug 10%, <long> 8%","<long> 36%, plug 16%",0.6589,0.56,0.593
r8_1009_sprocket,"Name a sprocket. Reply with only the name, nothing else.",0.6361,<long> -> bench,0.5611,sprocket -> real,0.534,sprocket -> real,59,64,0.017,0.289,0.18,60,90,90,0.0,0.16,8.6,chainring,0.35,8,5.81,51.53,0.236,"sprocket 27%, gromit 2%","<long> 29%, sprocket 14%",0.6508,0.562,0.569
r8s_0446_satellite,"Suggest a type of satellite. Reply with only the name, nothing else.",0.6361,<long> -> bench,0.5944,hubble -> real,0.59,hubble -> real,57,61,0.05,0.322,0.213,60,90,61,0.0,0.193,9.4,geostationary satellite,0.5,10,5.9,37.59,0.153,"hubble 23%, geostationary 12%","<long> 32%, geostationary satellite 6%",0.6494,0.322,0.94
r8s_0397_king,"Suggest a type of king. Reply with only the name, nothing else.",0.6361,<long> -> bench,0.5306,king -> bench,0.5627,king -> bench,57,61,0.05,0.322,0.213,60,90,86,0.0,0.18,8.8,king arthur,0.15,18,16.96,59.77,0.153,"king 8%, <long> 5%","<long> 32%, king 14%",0.6489,0.596,0.507
r8_0042_aircraft,"Name an aircraft. Reply with only the name, nothing else.",0.6361,boeing 747 -> real,0.6361,boeing 747 -> real,0.5912,boeing 747 -> real,60,68,0.0,0.244,0.147,60,90,20,0.0,0.133,9.7,boeing 747,0.85,2,1.53,5.39,0.453,"boeing 747 55%, boeing 737 15%","boeing 747 28%, <long> 24%",0.6375,0.11,0.924
r8_0343_domestic_cat_breed,"Name a domestic cat breed. Reply with only the name, nothing else.",0.6361,<long> -> bench,0.5472,maine coon -> real,0.5307,maine coon -> real,59,64,0.017,0.289,0.18,60,90,19,0.0,0.167,8.9,persian,0.2,8,6.89,6.59,0.415,"persian 38%, maine coon 18%","persian 31%, <long> 29%",0.6508,0.148,0.926
r8s_0320_classroom_item,"Suggest a type of classroom item. Reply with only the name, nothing else.",0.6361,<long> -> bench,0.5944,blackboard -> real,0.5939,blackboard -> real,59,64,0.017,0.289,0.18,60,90,48,0.0,0.167,8.3,whiteboard,0.3,9,6.63,21.83,0.22,"blackboard 20%, whiteboard 20%","<long> 29%, whiteboard 17%",0.6522,0.294,0.777
r8_1436_unpleasant_smell,"Name an unpleasant smell. Reply with only the name, nothing else.",0.6361,<long> -> bench,0.575,rotting eggs -> real,0.5698,rotting eggs -> real,59,64,0.017,0.289,0.18,60,90,36,0.0,0.18,9.3,rotten eggs,0.35,5,4.22,8.44,0.52,"rotten eggs 48%, rotting eggs 18%","rotten eggs 39%, <long> 29%",0.6675,0.193,0.632
r8_1445_mountain_formation,"Name a mountain formation. Reply with only the name, nothing else.",0.6361,<long> -> bench,0.6333,mount everest -> real,0.6503,alps -> bench,59,64,0.017,0.289,0.18,60,90,33,0.0,0.18,8.6,himalayas,0.4,4,3.34,13.69,0.309,"mount everest 27%, everest 17%","alps 32%, <long> 29%",0.6794,0.204,0.874
r8_1458_animal_phylum,"Name an animal phylum. Reply with only the name, nothing else.",0.6361,chordata -> real,0.6361,chordata -> real,0.5141,chordata -> real,60,67,0.0,0.256,0.153,60,90,6,0.0,0.133,8.1,chordata,0.95,2,1.22,1.2,0.969,"chordata 98%, animal 2%","chordata 71%, <long> 26%",0.665,0.032,0.941
r8_0276_snow,"Name a snow. Reply with only the name, nothing else.",0.6361,<long> -> bench,0.5556,alpine -> bench,0.5976,alpine -> bench,59,64,0.017,0.289,0.18,60,90,67,0.0,0.173,8.7,snowflake,0.55,10,5.35,34.79,0.203,"snowflake 13%, alpine 10%","<long> 29%, alpine 21%",0.6742,0.329,0.784
r8_0288_oven,"Name an oven. Reply with only the name, nothing else.",0.6361,<long> -> bench,0.5722,toaster -> bench,0.6016,toaster -> bench,59,64,0.017,0.289,0.18,60,90,57,0.0,0.173,8.6,samsung,0.25,13,10.58,25.43,0.228,"oven 22%, toaster oven 8%","<long> 29%, oven 17%",0.6494,0.27,1.114
r8_1182_writing_method,"Name a writing method. Reply with only the name, nothing else.",0.6361,<long> -> bench,0.5389,stream of consciousness -> real,0.5279,freewriting -> bench,59,64,0.017,0.289,0.18,60,90,67,0.0,0.167,9.0,epistolary,0.3,9,7.01,39.51,0.146,"stream of consciousness 17%, freewriting 8%","<long> 29%, freewriting 10%",0.6428,0.43,0.701
r8_1186_basilisk,"Name a basilisk. Reply with only the name, nothing else.",0.6361,<long> -> bench,0.5361,basilisk -> real,0.5357,basilisk -> real,57,61,0.05,0.322,0.213,60,90,102,0.0,0.2,10.5,basilisk,0.15,18,16.96,90.18,0.051,"basilisk 8%, basiliscus 7%","<long> 32%, jesus 3%",0.6497,0.514,1.023
r8_1157_philosophical_concept,"Name a philosophical concept. Reply with only the name, nothing else.",0.6361,<long> -> bench,0.525,stoicism -> real,0.5539,existentialism -> bench,59,64,0.017,0.289,0.18,60,90,57,0.0,0.147,9.0,existentialism,0.35,9,6.51,26.67,0.276,"existentialism 22%, stoicism 8%","<long> 29%, existentialism 23%",0.6458,0.313,0.772
r8_0213_storm,"Name a storm. Reply with only the name, nothing else.",0.6361,<long> -> bench,0.5417,hurricane katrina -> bench,0.5861,hurricane katrina -> bench,57,61,0.05,0.322,0.213,60,90,61,0.0,0.193,9.6,hurricane,0.3,10,8.05,32.34,0.212,"hurricane katrina 12%, cyclone 8%","<long> 32%, hurricane katrina 20%",0.6492,0.297,0.784
r8_1686_plant_leaf_type,"Name a plant leaf type. Reply with only the name, nothing else.",0.6361,<long> -> bench,0.5611,oval -> real,0.5618,pinnate -> bench,59,64,0.017,0.289,0.18,60,90,66,0.0,0.153,8.5,simple,0.2,9,7.38,44.83,0.081,"oval 13%, maple 7%","<long> 29%, pinnate 10%",0.6494,0.332,0.945
r8_1830_tail_grind,"Name a tail grind. Reply with only the name, nothing else.",0.6361,<long> -> bench,0.5083,no -> real,0.5178,tail grind -> bench,53,55,0.117,0.389,0.28,60,90,106,0.0,0.26,11.9,drop toe,0.05,20,20.0,102.59,0.037,"<long> 12%, anti-grind 2%","<long> 39%, tail grind 3%",0.6617,0.611,0.633
r8_1813_loom,"Name a loom. Reply with only the name, nothing else.",0.6361,<long> -> bench,0.5167,loomweave -> bench,0.5411,loom -> bench,57,61,0.05,0.322,0.213,60,90,82,0.0,0.167,9.2,loom,0.45,11,6.94,40.58,0.288,"loom 23%, <long> 5%","<long> 32%, loom 22%",0.6656,0.425,0.639
r8_0215_soap,"Name a soap. Reply with only the name, nothing else.",0.6361,<long> -> bench,0.5389,sodium stearate -> bench,0.567,soap -> bench,59,64,0.017,0.289,0.18,60,90,82,0.0,0.153,8.6,dove,0.3,10,7.71,52.93,0.154,"soap 8%, dove 7%","<long> 29%, soap 16%",0.6986,0.444,0.628
r8s_0596_tool,"Suggest a type of tool. Reply with only the name, nothing else.",0.6361,<long> -> bench,0.5778,text editor -> bench,0.6159,text editor -> bench,59,64,0.017,0.289,0.18,60,90,97,0.0,0.14,8.4,hammer,0.15,16,14.77,69.1,0.154,"text editor 3%, bash 3%","<long> 29%, text editor 19%",0.67,0.581,0.414
r8_0949_seal_relative,"Name a seal relative. Reply with only the name, nothing else.",0.6361,<long> -> bench,0.5167,leopard seal -> real,0.5182,leopard seal -> real,55,58,0.083,0.356,0.247,60,90,101,0.0,0.233,10.8,walrus,0.25,16,13.37,89.21,0.08,"<long> 8%, seal 7%","<long> 36%, seal 6%",0.6481,0.579,0.605
r8_0950_type_of_wine_variety,"Name a type of wine variety. Reply with only the name, nothing else.",0.6361,cabernet sauvignon -> real,0.6361,cabernet sauvignon -> real,0.5311,cabernet sauvignon -> real,60,66,0.0,0.267,0.16,60,90,12,0.0,0.153,9.5,cabernet sauvignon,0.8,3,1.85,2.23,0.817,"cabernet sauvignon 85%, cabernet 8%","cabernet sauvignon 58%, <long> 27%",0.6631,0.077,0.934
r8_0957_type_of_river,"Name a type of river. Reply with only the name, nothing else.",0.6361,<long> -> bench,0.55,amazon -> real,0.5346,rhine -> real,59,64,0.017,0.289,0.18,60,90,48,0.0,0.173,8.0,montane river,0.1,19,18.66,20.04,0.293,"amazon 30%, mississippi 13%","<long> 29%, amazon 20%",0.6586,0.351,0.874
r8_0209_omnivore,"Name an omnivore. Reply with only the name, nothing else.",0.6361,<long> -> bench,0.5222,omnivore -> real,0.5745,human -> bench,57,61,0.05,0.322,0.213,60,90,55,0.0,0.207,9.3,human,0.6,3,2.28,21.5,0.305,"human 22%, dog 12%","<long> 32%, human 26%",0.6489,0.369,0.8
r8_0033_circus_act,"Name a circus act. Reply with only the name, nothing else.",0.6361,<long> -> bench,0.525,clown -> real,0.5306,balancing act -> bench,59,64,0.017,0.289,0.18,60,90,97,0.0,0.153,9.1,circus maximus,0.05,20,20.0,80.99,0.049,"ringmaster 5%, clown 5%","<long> 29%, balancing act 6%",0.6658,0.384,0.97
r8_1779_switch,"Name a switch. Reply with only the name, nothing else.",0.6361,<long> -> bench,0.575,switch -> real,0.5719,switch -> real,57,61,0.05,0.322,0.213,60,90,79,0.0,0.187,9.0,cisco catalyst 2960,0.5,9,5.51,53.67,0.119,"switch 18%, <long> 5%","<long> 32%, toggle switch 8%",0.6706,0.53,0.606
r8_0853_beverage_hot,"Name a beverage hot. Reply with only the name, nothing else.",0.6361,<long> -> bench,0.6306,coffee -> bench,0.7193,coffee -> bench,59,64,0.017,0.289,0.18,60,90,32,0.0,0.173,8.2,hot chocolate,0.5,8,5.0,10.11,0.415,"hot chocolate 23%, coffee 18%","coffee 44%, <long> 29%",0.6606,0.175,0.851
r8_0839_float,"Name a float. Reply with only the name, nothing else.",0.6361,<long> -> bench,0.5444,pi -> real,0.548,nan -> bench,57,61,0.05,0.322,0.213,60,90,73,0.0,0.187,9.3,float,0.1,18,17.41,46.14,0.127,"3.14 13%, pi 10%","<long> 32%, nan 9%",0.6531,0.481,0.636
r8s_0712_fish,"Suggest a type of fish. Reply with only the name, nothing else.",0.6361,<long> -> bench,0.5972,tuna -> real,0.5816,tuna -> real,59,64,0.017,0.289,0.18,60,90,47,0.0,0.167,8.4,salmon,0.9,2,1.38,13.9,0.366,"salmon 28%, tuna 28%","salmon 31%, <long> 29%",0.6611,0.266,0.904
r8_0907_insect_wing,"Name a type of insect wing. Reply with only the name, nothing else.",0.6361,<long> -> bench,0.5278,butterfly -> real,0.5403,membrane -> bench,59,64,0.017,0.289,0.18,60,90,57,0.0,0.153,8.6,hemelytron,0.2,14,11.99,26.91,0.211,"membrane 17%, membranous 10%","<long> 29%, membrane 18%",0.6308,0.374,0.834
r8_0686_bacon,"Name a bacon. Reply with only the name, nothing else.",0.6361,<long> -> bench,0.5167,angus -> real,0.6009,bacon -> bench,57,61,0.05,0.322,0.213,60,90,43,0.0,0.193,9.4,bacon,0.45,10,6.31,10.59,0.525,"bacon 40%, canadian bacon 7%","bacon 42%, <long> 32%",0.6639,0.321,0.964
r8_1754_dune,"Name a dune. Reply with only the name, nothing else.",0.6361,<long> -> bench,0.5611,arrakis -> real,0.5564,arrakis -> real,55,58,0.083,0.356,0.247,60,90,75,0.0,0.213,10.7,arrakis,0.35,13,9.44,44.51,0.159,"dune 18%, arrakis 17%","<long> 36%, dune 8%",0.6475,0.448,0.699
r8s_1117_antelope,"Suggest a type of antelope. Reply with only the name, nothing else.",0.6361,<long> -> bench,0.6222,gazelle -> real,0.5421,gazelle -> real,59,64,0.017,0.289,0.18,60,90,25,0.0,0.18,9.1,gazelle,0.6,6,3.66,5.28,0.634,"gazelle 67%, gazella 7%","gazelle 42%, <long> 29%",0.6533,0.244,0.799
r8_0389_dance_move,"Name a dance move. Reply with only the name, nothing else.",0.6361,<long> -> bench,0.5583,wolf -> bench,0.6037,wolf -> bench,57,61,0.05,0.322,0.213,60,90,65,0.0,0.193,9.7,moonwalk,0.2,15,12.85,36.53,0.195,"moonwalk 12%, wolf 8%","<long> 32%, wolf 20%",0.6964,0.207,1.041
r8_0410_action_figure,"Name an action figure. Reply with only the name, nothing else.",0.6361,<long> -> bench,0.5417,action figure -> real,0.5294,action figure -> real,59,64,0.017,0.289,0.18,60,90,47,0.0,0.16,8.2,iron man,0.35,6,4.68,20.0,0.252,"iron man 23%, action figure 15%","<long> 29%, iron man 19%",0.6561,0.18,0.9
r8_0802_brake_mount,"Name a brake mount. Reply with only the name, nothing else.",0.6361,<long> -> bench,0.5222,brake mount -> bench,0.5422,brake mount -> bench,55,58,0.083,0.356,0.247,60,90,97,0.0,0.227,10.3,brake mount,0.5,10,5.9,83.91,0.08,"<long> 8%, coilover 3%","<long> 36%, brake mount 8%",0.6686,0.516,0.844
r8_0530_tide,"Name a tide. Reply with only the name, nothing else.",0.6361,<long> -> bench,0.5361,tide -> real,0.5404,spring tide -> bench,57,61,0.05,0.322,0.213,60,90,76,0.0,0.187,9.6,high tide,0.7,4,2.39,46.46,0.178,"tide 18%, high tide 7%","<long> 32%, tide 11%",0.6569,0.471,0.585
r8_0309_christmas_movie,"Name a christmas movie. Reply with only the name, nothing else.",0.6361,<long> -> bench,0.5417,home alone -> real,0.5612,christmas carol -> bench,59,64,0.017,0.289,0.18,60,90,49,0.0,0.147,9.1,home alone,0.2,12,10.0,27.65,0.122,"home alone 15%, polar express 10%","<long> 29%, christmas carol 11%",0.6489,0.166,0.911
r8_0558_scent,"Name a scent. Reply with only the name, nothing else.",0.6361,<long> -> bench,0.5639,ocean breeze -> real,0.5477,ocean breeze -> real,59,64,0.017,0.289,0.18,60,90,56,0.0,0.153,8.3,vanilla,0.3,9,6.71,24.54,0.187,"ocean breeze 22%, vanilla 17%","<long> 29%, vanilla 14%",0.6425,0.303,0.933
r8s_1442_force,"Suggest a type of force. Reply with only the name, nothing else.",0.6361,<long> -> bench,0.5944,gravitational force -> bench,0.6393,gravitational force -> bench,59,64,0.017,0.289,0.18,60,90,46,0.0,0.18,8.9,gravitational,0.4,4,3.4,24.51,0.179,"gravity 17%, nuclear 10%","<long> 29%, gravitational force 22%",0.6397,0.306,0.892
r8_0694_exercise,"Name an exercise. Reply with only the name, nothing else.",0.6361,<long> -> bench,0.5278,plank -> bench,0.5585,plank -> bench,55,58,0.083,0.356,0.247,60,90,84,0.0,0.193,9.9,push-ups,0.75,5,2.45,59.94,0.133,"<long> 8%, plank 7%","<long> 36%, plank 12%",0.64,0.497,0.475
r8s_0155_bird,"Suggest a type of bird. Reply with only the name, nothing else.",0.6361,<long> -> bench,0.6111,eagle -> real,0.5459,eagle -> real,59,64,0.017,0.289,0.18,60,90,30,0.0,0.16,8.3,eagle,0.35,12,8.81,7.24,0.528,"eagle 57%, sparrow 10%","eagle 34%, <long> 29%",0.6667,0.294,0.841
r8_1209_road_surface,"Name a road surface. Reply with only the name, nothing else.",0.6361,<long> -> bench,0.6167,asphalt -> real,0.5124,concrete -> real,59,64,0.017,0.289,0.18,60,90,9,0.0,0.167,8.1,asphalt,0.9,3,1.48,1.85,0.846,"asphalt 83%, concrete 12%","asphalt 60%, <long> 29%",0.6781,0.148,0.816
r8_1466_archery_bow,"Name an archery bow. Reply with only the name, nothing else.",0.6361,<long> -> bench,0.6,longbow -> real,0.5396,recurve -> bench,59,64,0.017,0.289,0.18,60,90,20,0.0,0.167,8.2,longbow,0.45,9,5.89,5.36,0.504,"longbow 53%, recurve 18%","longbow 33%, <long> 29%",0.6636,0.238,0.78
r8_1248_golem,"Name a golem. Reply with only the name, nothing else.",0.6361,<long> -> bench,0.5167,goetia -> real,0.5358,golem -> bench,59,64,0.017,0.289,0.18,60,90,97,0.0,0.167,8.7,golem,0.25,16,13.37,74.19,0.122,"golem 8%, atlas 5%","<long> 29%, golem 11%",0.6531,0.437,0.817
r8_1252_farming_method,"Name a farming method. Reply with only the name, nothing else.",0.6361,<long> -> bench,0.575,no-till farming -> real,0.5898,organic farming -> bench,59,64,0.017,0.289,0.18,60,90,53,0.0,0.173,9.0,crop rotation,0.25,14,11.64,28.6,0.195,"no-till farming 15%, organic farming 10%","<long> 29%, organic farming 20%",0.6581,0.337,1.111
r8_1326_fruit_seed_count,"Name a fruit seed count. Reply with only the name, nothing else.",0.6361,<long> -> bench,0.5333,apple -> real,0.5234,seed -> bench,59,64,0.017,0.289,0.18,60,90,47,0.0,0.16,8.5,apple,0.3,10,7.29,20.11,0.309,"strawberry 28%, apple 13%","<long> 29%, strawberry 23%",0.6544,0.296,0.753
r8s_0106_chocolate,"Suggest a type of chocolate. Reply with only the name, nothing else.",0.6361,<long> -> bench,0.6056,dark chocolate -> real,0.5339,milky way -> real,59,64,0.017,0.289,0.18,60,90,24,0.0,0.16,8.1,dark chocolate,0.95,2,1.22,4.82,0.577,"dark chocolate 60%, dark 18%","dark chocolate 39%, <long> 29%",0.6639,0.177,0.999
r8_0137_salad_ingredient,"Name a salad ingredient. Reply with only the name, nothing else.",0.6361,<long> -> bench,0.6111,lettuce -> real,0.5169,leafy greens -> real,59,64,0.017,0.289,0.18,60,90,12,0.0,0.173,8.9,lettuce,0.95,2,1.22,1.78,0.894,"lettuce 87%, leafy greens 3%","lettuce 64%, <long> 29%",0.685,0.127,0.955
r8s_0085_profession,"Suggest a type of profession. Reply with only the name, nothing else.",0.6361,<long> -> bench,0.5333,software engineer -> bench,0.5858,software engineer -> bench,59,64,0.017,0.289,0.18,60,90,46,0.0,0.16,8.1,architect,0.4,9,5.82,17.23,0.293,"software engineer 20%, engineer 12%","<long> 29%, software engineer 27%",0.6497,0.293,0.642
r8_0126_holiday,"Name a holiday. Reply with only the name, nothing else.",0.6361,<long> -> bench,0.5528,thanksgiving -> real,0.5679,christmas -> bench,59,64,0.017,0.289,0.18,60,90,18,0.0,0.173,7.9,christmas,1.0,1,1.0,3.43,0.732,"christmas 65%, thanksgiving 12%","christmas 57%, <long> 29%",0.6519,0.165,0.87
r8s_1673_skill,"Suggest a type of skill. Reply with only the name, nothing else.",0.6361,<long> -> bench,0.5722,critical thinking -> bench,0.6145,critical thinking -> bench,59,64,0.017,0.289,0.18,60,90,87,0.0,0.167,8.6,public speaking,0.65,6,3.29,56.15,0.187,"critical thinking 7%, web development 5%","<long> 29%, critical thinking 21%",0.6528,0.534,0.433
r8s_1861_print,"Suggest a type of print. Reply with only the name, nothing else.",0.6361,<long> -> bench,0.5778,letterpress -> bench,0.6094,letterpress -> bench,59,64,0.017,0.289,0.18,60,90,85,0.0,0.173,8.1,offset,0.4,11,7.58,62.27,0.114,"laser 8%, offset 5%","<long> 29%, letterpress 16%",0.6769,0.543,0.562
r8_0258_pollinator,"Name a pollinator. Reply with only the name, nothing else.",0.6361,<long> -> bench,0.5583,bumblebee -> real,0.6309,bee -> bench,57,61,0.05,0.322,0.213,60,90,24,0.0,0.207,9.5,bee,0.7,3,2.23,5.2,0.644,"bee 48%, bumblebee 12%","bee 52%, <long> 32%",0.6583,0.293,0.955
r8_1592_route,"Name a route. Reply with only the name, nothing else.",0.6333,<long> -> bench,0.6139,route 66 -> real,0.6101,route 66 -> real,56,60,0.067,0.333,0.227,60,90,89,0.0,0.207,10.4,route 66,0.3,14,10.9,59.1,0.19,"route 66 28%, <long> 7%","<long> 33%, route 66 6%",0.6581,0.503,0.563
r8_1616_chicken_part,"Name a chicken part. Reply with only the name, nothing else.",0.6333,<long> -> bench,0.5417,breast -> real,0.6114,drumstick -> bench,60,66,0.0,0.267,0.16,60,90,30,0.0,0.153,8.3,breast,0.35,7,4.78,8.76,0.5,"drumstick 38%, wing 8%","drumstick 44%, <long> 27%",0.6622,0.234,0.992
r8_1596_photographer,"Name a photographer. Reply with only the name, nothing else.",0.6333,<long> -> bench,0.5639,ansel adams -> real,0.5417,dorothea lange -> real,60,66,0.0,0.267,0.16,60,90,28,0.0,0.14,8.6,ansel adams,0.75,6,2.62,4.79,0.683,"ansel adams 65%, dorothea lange 8%","ansel adams 52%, <long> 27%",0.6553,0.196,0.893
r8_1623_rubber_product,"Name a rubber product. Reply with only the name, nothing else.",0.6333,<long> -> bench,0.5611,gum -> real,0.5591,gum -> real,60,66,0.0,0.267,0.16,60,90,47,0.0,0.16,8.0,rubber band,0.25,11,8.82,23.27,0.183,"eraser 17%, rubber band 15%","<long> 27%, rubber band 16%",0.6653,0.189,0.854
r8_0520_contract,"Name a contract. Reply with only the name, nothing else.",0.6333,<long> -> bench,0.5306,non-disclosure agreement -> real,0.5439,sales and purchase agreement -> bench,54,57,0.1,0.367,0.26,60,90,87,0.0,0.207,10.6,sales contract,0.5,10,5.9,72.99,0.063,"<long> 10%, non-disclosure agreement 8%","<long> 37%, sales and purchase agreement 6%",0.6528,0.47,0.569
r8_0532_stitch,"Name a stitch. Reply with only the name, nothing else.",0.6333,<long> -> bench,0.5389,stitch -> real,0.5369,stitch -> real,56,60,0.067,0.333,0.227,60,90,97,0.0,0.193,9.7,knit stitch,0.2,12,10.17,82.27,0.069,"stitch 10%, <long> 7%","<long> 33%, french knot 6%",0.6572,0.493,0.772
r8_1728_social_insect,"Name a social insect. Reply with only the name, nothing else.",0.6333,ant -> real,0.6333,ant -> real,0.5309,ant -> real,60,68,0.0,0.244,0.147,60,90,13,0.0,0.133,6.3,ant,0.85,4,1.8,2.0,0.867,"ant 90%, beetle 3%","ant 63%, <long> 24%",0.6789,0.095,0.892
r8_1980_traditional_instrument,"Name a type of traditional instrument. Reply with only the name, nothing else.",0.6333,<long> -> bench,0.5639,violin -> real,0.5235,piano -> bench,60,66,0.0,0.267,0.16,60,90,18,0.0,0.153,7.7,erhu,0.2,10,8.26,5.65,0.484,"violin 48%, piano 15%","violin 36%, <long> 27%",0.6664,0.18,0.633
r8_1682_legume,"Name a legume. Reply with only the name, nothing else.",0.6333,<long> -> bench,0.6306,lentils -> real,0.6205,lentils -> real,60,66,0.0,0.267,0.16,60,90,21,0.0,0.14,7.5,lentils,0.35,9,6.32,8.84,0.286,"lentils 32%, bean 20%","<long> 27%, bean 27%",0.6981,0.313,0.977
r8_1694_artificial_sweetener,"Name an artificial sweetener. Reply with only the name, nothing else.",0.6333,<long> -> bench,0.5861,aspartame -> real,0.5758,sucralose -> real,60,66,0.0,0.267,0.16,60,90,13,0.0,0.153,8.7,aspartame,0.9,3,1.48,2.58,0.77,"aspartame 75%, sucralose 17%","aspartame 58%, <long> 27%",0.6511,0.191,0.892
r8_1400_fitness_activity,"Name a fitness activity. Reply with only the name, nothing else.",0.6333,<long> -> bench,0.6167,running -> real,0.5234,swimming -> real,58,63,0.033,0.3,0.193,60,90,15,0.0,0.187,8.2,running,0.95,2,1.22,2.72,0.736,"running 73%, swimming 18%","running 50%, <long> 30%",0.6667,0.173,0.707
r8_1394_natural_landform,"Name a natural landform. Reply with only the name, nothing else.",0.6333,<long> -> bench,0.6194,mountain -> real,0.5523,mount everest -> real,60,66,0.0,0.267,0.16,60,90,27,0.0,0.14,7.1,mountain,0.95,2,1.22,5.22,0.643,"mountain 68%, mount everest 15%","mountain 44%, <long> 27%",0.6483,0.177,0.912
r8_0342_plant_part,"Name a plant part. Reply with only the name, nothing else.",0.6333,<long> -> bench,0.6056,leaf -> real,0.525,root -> real,60,66,0.0,0.267,0.16,60,90,11,0.0,0.147,6.8,leaf,0.95,2,1.22,2.02,0.841,"leaf 83%, leaves 8%","leaf 62%, <long> 27%",0.6611,0.106,0.953
r8_1684_fictional_country,"Name a fictional country. Reply with only the name, nothing else.",0.6333,aethelgard -> real,0.6333,aethelgard -> real,0.6333,aethelgard -> real,60,75,0.0,0.167,0.1,60,90,80,0.0,0.087,6.6,atlantis,0.2,12,10.17,47.72,0.119,"aethelgard 27%, atlantis 13%","<long> 17%, eldoria 9%",0.7178,0.36,0.968
r8_0202_facial_expression,"Name a facial expression. Reply with only the name, nothing else.",0.6333,<long> -> bench,0.5694,smiling -> real,0.5803,smile -> bench,60,66,0.0,0.267,0.16,60,90,35,0.0,0.16,7.8,smile,0.7,7,3.15,9.52,0.484,"smile 40%, smiling 15%","smile 41%, <long> 27%",0.6614,0.249,1.062
r8_0533_yoga_pose,"Name a yoga pose. Reply with only the name, nothing else.",0.6333,<long> -> bench,0.5694,tree pose -> real,0.5614,tree pose -> real,60,66,0.0,0.267,0.16,60,90,23,0.0,0.133,8.6,downward-facing dog,0.4,5,4.02,6.33,0.381,"downward dog 33%, downward-facing dog 33%","downward dog 31%, <long> 27%",0.6486,0.181,1.044
r8_0363_sunglass,"Name a type of sunglass. Reply with only the name, nothing else.",0.6333,<long> -> bench,0.6056,aviators -> real,0.5773,aviators -> real,60,66,0.0,0.267,0.16,60,90,23,0.0,0.14,7.8,aviator,0.4,4,3.49,6.22,0.429,"aviator 43%, aviators 37%","aviator 31%, <long> 27%",0.6864,0.269,0.884
r8_0589_pigment,"Name a type of pigment. Reply with only the name, nothing else.",0.6333,<long> -> bench,0.6,chlorophyll -> bench,0.6606,chlorophyll -> bench,60,66,0.0,0.267,0.16,60,90,47,0.0,0.153,8.2,chlorophyll,1.0,1,1.0,18.53,0.302,"carbon black 18%, chlorophyll 13%","chlorophyll 33%, <long> 27%",0.6272,0.315,0.879
r8_0586_deity,"Name a deity. Reply with only the name, nothing else.",0.6333,<long> -> bench,0.5778,zeus -> real,0.5238,jesus -> bench,58,63,0.033,0.3,0.193,60,90,30,0.0,0.16,8.3,zeus,0.8,5,2.18,4.62,0.711,"zeus 67%, ra 3%","zeus 51%, <long> 30%",0.6497,0.261,0.76
r8_0594_pepper,"Name a pepper. Reply with only the name, nothing else.",0.6333,<long> -> bench,0.525,ghost pepper -> real,0.5376,black -> bench,58,63,0.033,0.3,0.193,60,90,52,0.0,0.18,8.7,black pepper,0.25,9,7.17,25.98,0.182,"black pepper 15%, bell pepper 10%","<long> 30%, black pepper 14%",0.6431,0.356,0.742
r8_0559_wildflower,"Name a wildflower. Reply with only the name, nothing else.",0.6333,<long> -> bench,0.5444,purple coneflower -> real,0.5424,purple coneflower -> real,60,66,0.0,0.267,0.16,60,90,59,0.0,0.14,8.0,purple coneflower,0.2,13,11.49,33.84,0.206,"sunflower 17%, purple coneflower 10%","<long> 27%, sunflower 18%",0.6353,0.459,0.961
r8s_1411_sensation,"Suggest a type of sensation. Reply with only the name, nothing else.",0.6333,<long> -> bench,0.55,taste -> bench,0.5714,taste -> bench,58,63,0.033,0.3,0.193,60,90,73,0.0,0.18,8.9,warmth,0.15,13,11.68,55.3,0.074,"tactile 7%, electric 5%","<long> 30%, taste 10%",0.6414,0.565,0.636
r8_1645_sacred_text,"Name a sacred text. Reply with only the name, nothing else.",0.6333,<long> -> bench,0.6167,bible -> real,0.5265,quran -> real,60,66,0.0,0.267,0.16,60,90,14,0.0,0.133,7.5,bible,0.85,4,1.8,2.3,0.825,"bible 83%, quran 8%","bible 60%, <long> 27%",0.7267,0.043,1.142
r8_0345_truck_brand,"Name a truck brand. Reply with only the name, nothing else.",0.6333,<long> -> bench,0.5611,ford -> real,0.5318,ford -> bench,60,66,0.0,0.267,0.16,60,90,27,0.0,0.147,7.1,ford,0.8,3,1.85,5.11,0.667,"ford 63%, freightliner 7%","ford 51%, <long> 27%",0.6489,0.251,0.951
r8_0608_blood_type,"Name a blood type. Reply with only the name, nothing else.",0.6333,<long> -> bench,0.6222,o -> real,0.5902,a -> real,60,66,0.0,0.267,0.16,60,90,17,0.0,0.14,7.2,o positive,0.25,5,4.73,6.29,0.421,"o 50%, a 32%","<long> 27%, o 26%",0.6467,0.05,0.828
r8_1353_method_of_research,"Name a method of research. Reply with only the name, nothing else.",0.6333,<long> -> bench,0.5778,literature review -> real,0.5783,literature review -> real,58,63,0.033,0.3,0.193,60,90,55,0.0,0.173,8.8,survey,0.7,5,2.74,34.11,0.124,"literature review 17%, case study 15%","<long> 30%, survey 11%",0.6264,0.452,1.106
r8s_1265_thread,"Suggest a type of thread. Reply with only the name, nothing else.",0.6333,<long> -> bench,0.5389,thread -> bench,0.5556,thread -> bench,58,63,0.033,0.3,0.193,60,90,104,0.0,0.167,7.9,bolt,0.1,18,17.41,91.9,0.058,"bash 3%, <long> 3%","<long> 30%, thread 8%",0.6289,0.687,0.627
r8s_0134_songbird,"Suggest a type of songbird. Reply with only the name, nothing else.",0.6333,<long> -> bench,0.5806,sparrow -> bench,0.6381,sparrow -> bench,58,63,0.033,0.3,0.193,60,90,62,0.0,0.18,9.4,sparrow,0.25,10,8.02,30.66,0.264,"sparrow 12%, cardinal 10%","<long> 30%, sparrow 28%",0.6692,0.344,0.971
r8_0670_song_genre,"Name a song genre. Reply with only the name, nothing else.",0.6333,<long> -> bench,0.6194,jazz -> real,0.5811,jazz -> real,60,66,0.0,0.267,0.16,60,90,13,0.0,0.147,7.1,rock,0.65,2,1.91,3.57,0.492,"jazz 45%, rock 42%","rock 41%, <long> 27%",0.6544,0.169,0.891
r8_0621_cyclop,"Name a cyclop. Reply with only the name, nothing else.",0.6333,<long> -> bench,0.5694,polyphemus -> real,0.5917,cyclopentane -> bench,56,60,0.067,0.333,0.227,60,90,90,0.0,0.207,10.3,cyclop,0.15,16,14.77,67.74,0.095,"polyphemus 15%, <long> 7%","<long> 33%, cyclopentane 12%",0.6617,0.408,0.961
r8_0806_occupation_in_retail,"Name an occupation in retail. Reply with only the name, nothing else.",0.6333,<long> -> bench,0.5528,retail manager -> real,0.5508,retail manager -> real,60,66,0.0,0.267,0.16,60,90,29,0.0,0.16,7.8,cashier,0.4,9,5.82,10.89,0.365,"cashier 35%, sales associate 18%","cashier 28%, <long> 27%",0.6544,0.097,0.872
r8s_1007_sound_heard_at_night,"Suggest a type of sound heard at night. Reply with only the name, nothing else.",0.6333,<long> -> bench,0.55,cricket -> real,0.5909,crickets -> bench,60,66,0.0,0.267,0.16,60,90,62,0.0,0.147,8.1,crickets,0.4,7,5.45,30.02,0.262,"crickets 17%, cricket 10%","<long> 27%, crickets 26%",0.6528,0.297,0.871
r8s_0034_ice_cream_flavor,"Suggest a type of ice cream flavor. Reply with only the name, nothing else.",0.6333,<long> -> bench,0.5667,chocolate chip -> real,0.5943,chocolate -> bench,58,63,0.033,0.3,0.193,60,90,28,0.0,0.167,8.4,strawberry,0.3,11,8.4,10.35,0.322,"chocolate 22%, chocolate chip 20%","<long> 30%, chocolate 29%",0.6425,0.139,1.117
r8s_1001_spider,"Suggest a type of spider. Reply with only the name, nothing else.",0.6333,<long> -> bench,0.6,tarantula -> real,0.5576,tarantula -> real,60,66,0.0,0.267,0.16,60,90,40,0.0,0.16,8.2,black widow,0.45,6,4.06,10.95,0.373,"tarantula 43%, black widow 22%","<long> 27%, tarantula 23%",0.6175,0.305,0.7
r8_0765_fish_habitat_saltwater,"Name a fish habitat saltwater. Reply with only the name, nothing else.",0.6333,<long> -> bench,0.5917,coral reef -> real,0.5795,coral reef -> real,60,66,0.0,0.267,0.16,60,90,28,0.0,0.153,8.2,ocean,0.7,3,2.11,9.53,0.317,"reef 28%, coral reef 25%","ocean 28%, <long> 27%",0.6428,0.23,0.862
r8_1548_clothing_for_special_o,"Name a clothing for special occasion. Reply with only the name, nothing else.",0.6333,<long> -> bench,0.5333,tuxedo -> real,0.5697,tuxedo -> bench,60,66,0.0,0.267,0.16,60,90,22,0.0,0.153,8.4,tuxedo,0.55,6,3.85,3.88,0.706,"tuxedo 63%, evening gown 10%","tuxedo 57%, <long> 27%",0.6308,0.204,0.739
r8_0019_building,"Name a type of building. Reply with only the name, nothing else.",0.6333,<long> -> bench,0.5917,skyscraper -> real,0.5553,skyscraper -> real,60,66,0.0,0.267,0.16,60,90,28,0.0,0.153,7.9,skyscraper,0.35,8,6.34,9.05,0.325,"skyscraper 38%, house 20%","<long> 27%, house 22%",0.6519,0.203,0.749
r8_0777_magnifying_glass,"Name a type of magnifying glass. Reply with only the name, nothing else.",0.6333,<long> -> bench,0.55,convex lens -> bench,0.578,convex lens -> bench,58,63,0.033,0.3,0.193,60,90,52,0.0,0.167,9.0,convex lens,0.8,5,2.18,29.44,0.116,"loupe 12%, loup 10%","<long> 30%, convex lens 13%",0.6719,0.288,0.864
r8_1523_cheese_used_on_pizza,"Name a cheese used on pizza. Reply with only the name, nothing else.",0.6333,mozzarella -> real,0.6333,mozzarella -> real,0.5415,mozzarella -> real,59,70,0.017,0.222,0.14,60,90,10,0.0,0.127,8.6,mozzarella,1.0,1,1.0,1.44,0.938,"mozzarella 97%, <long> 2%","mozzarella 70%, <long> 22%",0.6461,0.086,0.873
r8_1553_work_of_literature,"Name a type of work of literature. Reply with only the name, nothing else.",0.6333,<long> -> bench,0.625,novel -> real,0.5402,novel -> real,60,66,0.0,0.267,0.16,60,90,22,0.0,0.147,7.7,novel,1.0,1,1.0,4.35,0.675,"novel 72%, sonnet 7%","novel 47%, <long> 27%",0.6731,0.173,0.692
r8_1780_exam_type,"Name an exam type. Reply with only the name, nothing else.",0.6333,<long> -> bench,0.5306,multiple choice -> real,0.5417,multiple choice exam -> bench,56,60,0.067,0.333,0.227,60,90,63,0.0,0.207,9.7,multiple choice,0.4,9,6.43,29.36,0.276,"multiple choice 25%, <long> 7%","<long> 33%, multiple choice 19%",0.6514,0.369,1.064
r8_1955_spice_bark,"Name a spice bark. Reply with only the name, nothing else.",0.6333,<long> -> bench,0.575,cinnamon -> bench,0.6301,cinnamon -> bench,58,63,0.033,0.3,0.193,60,90,75,0.0,0.173,9.1,cinnamon,0.35,8,6.34,37.97,0.256,"cinnamon 12%, clove 5%","<long> 30%, cinnamon 27%",0.6836,0.408,1.097
r8_1957_flammable_substance,"Name a flammable substance. Reply with only the name, nothing else.",0.6333,<long> -> bench,0.5889,gasoline -> real,0.5538,wood -> real,60,66,0.0,0.267,0.16,60,90,22,0.0,0.153,7.8,gasoline,0.5,5,3.79,5.47,0.587,"gasoline 60%, wood 18%","gasoline 42%, <long> 27%",0.6572,0.225,0.893
r8_1934_slipper,"Name a slipper. Reply with only the name, nothing else.",0.6333,<long> -> bench,0.5417,crocs -> real,0.5871,slipper -> bench,60,66,0.0,0.267,0.16,60,90,67,0.0,0.16,8.2,slipper,0.5,5,3.2,27.35,0.341,"slipper 25%, crocs 8%","slipper 31%, <long> 27%",0.6722,0.452,0.699
r8_1958_kitsune,"Name a kitsune. Reply with only the name, nothing else.",0.6333,<long> -> bench,0.5167,inari -> real,0.5179,inari -> real,56,60,0.067,0.333,0.227,60,90,109,0.0,0.187,10.3,susano,0.05,20,20.0,103.7,0.034,"<long> 7%, inari 3%","<long> 33%, inuyasha 2%",0.6553,0.483,0.671
r8_0047_primate,"Name a primate. Reply with only the name, nothing else.",0.6333,chimpanzee -> real,0.6333,chimpanzee -> real,0.5572,chimpanzee -> real,60,69,0.0,0.233,0.14,60,90,20,0.0,0.14,7.7,chimpanzee,0.95,2,1.22,3.87,0.705,"chimpanzee 77%, chimp 5%","chimpanzee 50%, <long> 23%",0.7286,0.146,0.746
r8_0759_cheese_soft,"Name a cheese soft. Reply with only the name, nothing else.",0.6333,<long> -> bench,0.5583,brie -> bench,0.6311,brie -> bench,60,66,0.0,0.267,0.16,60,90,40,0.0,0.153,8.0,brie,0.95,2,1.22,11.4,0.421,"brie 28%, mozzarella 13%","brie 40%, <long> 27%",0.6439,0.261,0.915
r8_0158_aquatic_plant,"Name an aquatic plant. Reply with only the name, nothing else.",0.6333,water lily -> real,0.6333,water lily -> real,0.5525,water lily -> real,60,68,0.0,0.244,0.147,60,90,23,0.0,0.133,8.0,water lily,0.8,5,2.18,4.01,0.711,"water lily 77%, waterlily 7%","water lily 50%, <long> 24%",0.6631,0.202,0.925
r8_1752_zipper,"Name a zipper. Reply with only the name, nothing else.",0.6333,<long> -> bench,0.6028,ykk -> real,0.6006,ykk -> real,56,60,0.067,0.333,0.227,60,90,57,0.0,0.207,9.5,ykk,0.8,5,2.18,21.81,0.284,"ykk 25%, zipper 20%","<long> 33%, zipper 23%",0.6611,0.434,0.762
r8_1753_bottled_water_brand,"Name a bottled water brand. Reply with only the name, nothing else.",0.6333,<long> -> bench,0.5722,evian -> real,0.5621,evian -> real,60,66,0.0,0.267,0.16,60,90,35,0.0,0.153,8.2,aquafina,0.3,10,7.71,10.8,0.405,"aquafina 42%, evian 20%","aquafina 29%, <long> 27%",0.6558,0.306,0.996
r8_1700_acid_type,"Name an acid type. Reply with only the name, nothing else.",0.6333,<long> -> bench,0.6167,sulfuric acid -> real,0.6167,sulfuric acid -> real,60,66,0.0,0.267,0.16,60,90,49,0.0,0.153,9.0,strong acid,0.15,16,14.77,23.37,0.238,"sulfuric 33%, sulfuric acid 23%","<long> 27%, carboxylic acid 12%",0.695,0.289,1.106
r8_0763_camouflaged_animal,"Name a camouflaged animal. Reply with only the name, nothing else.",0.6333,<long> -> bench,0.55,chameleon -> real,0.5447,snow leopard -> bench,60,66,0.0,0.267,0.16,60,90,58,0.0,0.153,8.4,chameleon,0.75,6,2.62,31.47,0.175,"ocelot 17%, chameleon 17%","<long> 27%, ocelot 13%",0.6542,0.346,0.826
r8s_1204_fast_food,"Suggest a type of fast food. Reply with only the name, nothing else.",0.6333,<long> -> bench,0.6278,burger -> real,0.5773,burger -> real,60,66,0.0,0.267,0.16,60,90,15,0.0,0.147,7.9,burgers,0.7,4,2.39,4.0,0.452,"burger 53%, burgers 32%","burgers 32%, burger 28%",0.6664,0.118,0.955
r8s_1180_tape,"Suggest a type of tape. Reply with only the name, nothing else.",0.6333,<long> -> bench,0.5528,masking tape -> bench,0.5918,masking tape -> bench,58,63,0.033,0.3,0.193,60,90,67,0.0,0.187,9.3,masking tape,0.4,6,4.41,37.49,0.182,"duct tape 12%, tape 10%","<long> 30%, masking tape 19%",0.6342,0.431,0.937
r8_1297_color_hue,"Name a color hue. Reply with only the name, nothing else.",0.6333,<long> -> bench,0.5556,red -> bench,0.6083,blue -> bench,60,66,0.0,0.267,0.16,60,90,19,0.0,0.147,7.2,blue,0.6,3,2.45,7.29,0.397,"blue 28%, red 13%","blue 37%, <long> 27%",0.6425,0.201,1.016
r8_0043_water_sport,"Name a water sport. Reply with only the name, nothing else.",0.6333,<long> -> bench,0.6222,skiing -> real,0.6,skiing -> real,60,66,0.0,0.267,0.16,60,90,28,0.0,0.16,8.3,surfing,0.65,6,3.29,9.9,0.325,"skiing 37%, surfing 27%","surfing 28%, <long> 27%",0.6411,0.18,0.785
r8_0892_workout,"Name a workout. Reply with only the name, nothing else.",0.6333,<long> -> bench,0.5944,push-ups -> real,0.5824,push-ups -> real,58,63,0.033,0.3,0.193,60,90,46,0.0,0.173,8.6,push-ups,0.35,11,8.01,23.98,0.19,"push-ups 27%, hiit 22%","<long> 30%, running 10%",0.6575,0.352,0.855
r8_1272_element_of_nature,"Name a type of element of nature. Reply with only the name, nothing else.",0.6333,<long> -> bench,0.6333,mountain -> real,0.6152,mountain -> real,60,66,0.0,0.267,0.16,60,90,30,0.0,0.147,6.8,oxygen,0.35,7,5.15,11.89,0.262,"mountain 37%, tree 33%","<long> 27%, tree 14%",0.6744,0.303,0.948
r8_1238_echinoderm,"Name an echinoderm. Reply with only the name, nothing else.",0.6333,<long> -> bench,0.5778,starfish -> real,0.553,sea star -> real,60,66,0.0,0.267,0.16,60,90,18,0.0,0.153,7.7,starfish,0.85,2,1.53,2.87,0.762,"starfish 73%, sea star 17%","starfish 58%, <long> 27%",0.7014,0.18,0.799
r8_1237_dessert_baked,"Name a dessert baked. Reply with only the name, nothing else.",0.6333,<long> -> bench,0.5333,chocolate cake -> real,0.5348,cake -> bench,60,66,0.0,0.267,0.16,60,90,34,0.0,0.14,7.3,cake,0.6,6,3.56,10.82,0.437,"cake 40%, cookie 10%","cake 34%, <long> 27%",0.6517,0.319,1.002
r8_1169_type_of_bread,"Name a type of bread. Reply with only the name, nothing else.",0.6333,sourdough -> real,0.6333,sourdough -> real,0.5381,sourdough -> real,60,70,0.0,0.222,0.133,60,90,13,0.0,0.133,7.9,sourdough,0.9,3,1.48,1.79,0.892,"sourdough 93%, bread 2%","sourdough 67%, <long> 22%",0.6883,0.152,0.938
r8_1777_occupation_in_media,"Name an occupation in media. Reply with only the name, nothing else.",0.6333,<long> -> bench,0.5361,actor -> real,0.5462,journalist -> bench,60,66,0.0,0.267,0.16,60,90,28,0.0,0.147,7.5,journalist,1.0,1,1.0,6.64,0.532,"journalist 48%, actor 18%","journalist 42%, <long> 27%",0.6517,0.214,0.986
r8_0376_clay,"Name a clay. Reply with only the name, nothing else.",0.6333,<long> -> bench,0.5528,kaolin -> bench,0.5899,kaolin -> bench,56,60,0.067,0.333,0.227,60,90,87,0.0,0.22,10.1,kaolin,0.65,5,2.86,62.09,0.147,"<long> 7%, kaolin 5%","<long> 33%, kaolin 16%",0.6825,0.538,0.811
r8_1507_children_s_tv_show,"Name a children's tv show. Reply with only the name, nothing else.",0.6333,<long> -> bench,0.5917,sesame street -> real,0.5371,sesame street -> real,60,66,0.0,0.267,0.16,60,90,14,0.0,0.153,9.5,sesame street,0.8,3,1.85,3.49,0.444,"sesame street 48%, spongebob squarepants 40%","spongebob squarepants 34%, sesame street 30%",0.64,0.124,0.968
r8s_0331_vine,"Suggest a type of vine. Reply with only the name, nothing else.",0.6333,<long> -> bench,0.5944,cabernet sauvignon -> bench,0.6631,cabernet sauvignon -> bench,56,60,0.067,0.333,0.227,60,90,69,0.0,0.193,10.0,cabernet sauvignon,0.3,9,6.63,33.08,0.276,"concord 17%, cabernet sauvignon 10%","<long> 33%, cabernet sauvignon 29%",0.6617,0.395,0.817
r8_0420_seasoning_or_spice,"Name a seasoning or spice. Reply with only the name, nothing else.",0.6333,<long> -> bench,0.6111,cinnamon -> real,0.6098,salt -> bench,60,66,0.0,0.267,0.16,60,90,18,0.0,0.153,7.4,salt,0.5,8,5.14,6.52,0.381,"cumin 37%, cinnamon 30%","cumin 29%, <long> 27%",0.6658,0.226,0.771
r8s_0500_banknote,"Suggest a type of banknote. Reply with only the name, nothing else.",0.6333,<long> -> bench,0.5444,dollar bill -> bench,0.581,dollar bill -> bench,56,60,0.067,0.333,0.227,60,90,70,0.0,0.207,9.5,euro,0.15,17,15.83,45.31,0.155,"<long> 7%, dollar bill 7%","<long> 33%, dollar bill 16%",0.6497,0.436,0.711
r8s_0509_body_system,"Suggest a type of body system. Reply with only the name, nothing else.",0.6333,<long> -> bench,0.5194,endocrine -> bench,0.5349,nervous system -> bench,58,63,0.033,0.3,0.193,60,90,70,0.0,0.173,9.2,circulatory system,0.5,7,4.47,43.18,0.157,"nervous system 12%, circulatory system 5%","<long> 30%, nervous system 13%",0.6361,0.479,0.697
r8_1460_visual_art_technique,"Name a visual-art technique. Reply with only the name, nothing else.",0.6333,<long> -> bench,0.5917,impasto -> real,0.5833,chiaroscuro -> real,60,66,0.0,0.267,0.16,60,90,24,0.0,0.14,7.8,impasto,0.75,3,2.08,5.12,0.603,"impasto 62%, chiaroscuro 17%","impasto 43%, <long> 27%",0.6442,0.267,0.983
r8_1156_planet_s_moon,"Name a planet's moon. Reply with only the name, nothing else.",0.6333,<long> -> bench,0.5556,titan -> real,0.5447,earth -> real,60,66,0.0,0.267,0.16,60,90,23,0.0,0.147,7.1,titan,0.35,6,5.37,6.75,0.516,"titan 50%, earth 15%","titan 39%, <long> 27%",0.6169,0.148,0.858
r8_1897_human_sense,"Name a human sense. Reply with only the name, nothing else.",0.6333,<long> -> bench,0.6222,sight -> real,0.5333,smell -> real,60,66,0.0,0.267,0.16,60,90,12,0.0,0.147,7.5,sight,0.85,3,1.68,2.48,0.778,"sight 80%, vision 8%","sight 56%, <long> 27%",0.6481,0.182,0.814
r8s_0562_tomato,"Suggest a type of tomato. Reply with only the name, nothing else.",0.6333,<long> -> bench,0.5583,roma -> real,0.5584,cherry -> bench,58,63,0.033,0.3,0.193,60,90,24,0.0,0.173,8.6,cherry,0.7,3,2.11,6.85,0.388,"cherry 32%, roma 25%","cherry 31%, <long> 30%",0.6775,0.148,0.945
r8_1927_fruit_tree_blossom,"Name a fruit tree blossom. Reply with only the name, nothing else.",0.6333,<long> -> bench,0.5833,cherry -> real,0.6045,apple blossom -> bench,60,66,0.0,0.267,0.16,60,90,21,0.0,0.147,7.9,apple blossom,0.5,3,2.71,7.47,0.31,"cherry blossom 25%, cherry 23%","apple blossom 30%, <long> 27%",0.6622,0.163,0.979
r8_1118_herd_animal,"Name a herd animal. Reply with only the name, nothing else.",0.6333,cow -> bench,0.6333,cow -> bench,0.6799,cow -> bench,60,73,0.0,0.189,0.113,60,90,27,0.0,0.107,6.4,cow,0.55,6,3.85,9.87,0.331,"elephant 28%, herd 17%","cow 40%, <long> 19%",0.6467,0.167,1.129
r8s_0384_onion,"Suggest a type of onion. Reply with only the name, nothing else.",0.6333,<long> -> bench,0.5583,vidalia -> real,0.5603,vidalia -> real,58,63,0.033,0.3,0.193,60,90,59,0.0,0.173,8.7,yellow onion,0.65,4,2.52,33.47,0.107,"vidalia 12%, red onion 8%","<long> 30%, red 9%",0.635,0.375,0.947
r8s_0436_nut,"Suggest a type of nut. Reply with only the name, nothing else.",0.6333,<long> -> bench,0.5806,almond -> real,0.5871,walnut -> bench,60,66,0.0,0.267,0.16,60,90,31,0.0,0.153,8.1,almonds,0.6,4,2.63,9.54,0.341,"almond 32%, walnut 25%","walnut 31%, <long> 27%",0.6583,0.181,0.899
r8s_0414_alphabet,"Suggest a type of alphabet. Reply with only the name, nothing else.",0.6333,<long> -> bench,0.5694,latin -> real,0.5432,cyrillic -> real,60,66,0.0,0.267,0.16,60,90,54,0.0,0.147,7.6,cyrillic,0.45,11,6.94,18.28,0.357,"latin 38%, cyrillic 12%","<long> 27%, latin 24%",0.6253,0.337,0.767
r8s_0373_workplace,"Suggest a type of workplace. Reply with only the name, nothing else.",0.6333,<long> -> bench,0.5556,office -> real,0.5549,laboratory -> bench,58,63,0.033,0.3,0.193,60,90,60,0.0,0.18,8.4,tech startup,0.45,11,6.94,30.31,0.248,"office 27%, open-plan office 7%","<long> 30%, office 16%",0.6453,0.398,0.594
r8_0476_flower_part,"Name a flower part. Reply with only the name, nothing else.",0.6333,<long> -> bench,0.5694,petals -> real,0.5795,petal -> bench,60,66,0.0,0.267,0.16,60,90,8,0.0,0.153,7.7,petal,0.85,2,1.53,1.97,0.833,"petal 75%, petals 15%","petal 67%, <long> 27%",0.6556,0.073,0.96
r8_0119_juice,"Name a juice. Reply with only the name, nothing else.",0.6333,<long> -> bench,0.5444,orange juice -> real,0.535,orange juice -> bench,58,63,0.033,0.3,0.193,60,90,32,0.0,0.153,8.3,orange juice,0.75,4,2.23,7.22,0.554,"orange juice 50%, orange 13%","orange juice 41%, <long> 30%",0.6511,0.209,0.961
r8_0008_sculpture,"Name a type of sculpture. Reply with only the name, nothing else.",0.6333,<long> -> bench,0.5417,bust -> real,0.5621,statue -> bench,60,66,0.0,0.267,0.16,60,90,36,0.0,0.16,7.9,relief,0.55,7,4.34,11.9,0.365,"statue 30%, relief 17%","statue 31%, <long> 27%",0.6306,0.317,0.964
r8_0485_film_genre,"Name a film genre. Reply with only the name, nothing else.",0.6333,<long> -> bench,0.5944,science fiction -> real,0.6121,comedy -> bench,60,66,0.0,0.267,0.16,60,90,17,0.0,0.153,7.3,comedy,0.3,5,4.49,7.29,0.278,"science fiction 27%, action 23%","<long> 27%, action 23%",0.6533,0.286,0.911
r8s_1772_raptor,"Suggest a type of raptor. Reply with only the name, nothing else.",0.6333,<long> -> bench,0.5333,red-tailed hawk -> real,0.5565,bald eagle -> bench,56,60,0.067,0.333,0.227,60,90,90,0.0,0.2,10.5,falcon,0.5,11,6.32,70.18,0.112,"<long> 7%, red-tailed hawk 7%","<long> 33%, bald eagle 11%",0.635,0.421,0.785
r8s_1821_finfish,"Suggest a type of finfish. Reply with only the name, nothing else.",0.6333,<long> -> bench,0.5333,salmon -> real,0.5446,tuna -> bench,58,63,0.033,0.3,0.193,60,90,59,0.0,0.18,8.6,tuna,0.85,3,1.68,20.67,0.322,"tuna 27%, salmon 17%","<long> 30%, tuna 26%",0.6344,0.389,0.688
r8_0100_brass_instrument,"Name a type of brass instrument. Reply with only the name, nothing else.",0.6333,<long> -> bench,0.6222,trumpet -> real,0.5455,trumpet -> real,60,66,0.0,0.267,0.16,60,90,13,0.0,0.147,7.9,trumpet,1.0,1,1.0,3.91,0.619,"trumpet 67%, french horn 12%","trumpet 42%, <long> 27%",0.7097,0.199,0.932
r8_0038_car_brand,"Name a car brand. Reply with only the name, nothing else.",0.6333,<long> -> bench,0.5972,toyota -> real,0.5258,bmw -> real,60,66,0.0,0.267,0.16,60,90,16,0.0,0.147,6.9,toyota,0.7,3,2.23,3.82,0.675,"toyota 68%, tesla 12%","toyota 49%, <long> 27%",0.6575,0.125,0.904
r8_0015_winter_sport,"Name a winter sport. Reply with only the name, nothing else.",0.6333,<long> -> bench,0.6222,skiing -> real,0.5515,skiing -> real,60,66,0.0,0.267,0.16,60,90,18,0.0,0.147,8.3,skiing,0.6,3,2.28,4.38,0.579,"skiing 63%, skating 22%","skiing 39%, <long> 27%",0.6572,0.134,0.907
r8s_1958_kitsune,"Suggest a type of kitsune. Reply with only the name, nothing else.",0.6333,<long> -> bench,0.5167,none -> real,0.5179,none -> real,56,60,0.067,0.333,0.227,60,90,111,0.0,0.207,10.3,nurikabe,0.05,20,20.0,107.97,0.017,"<long> 7%, hound 3%","<long> 33%, red 2%",0.6386,0.697,0.583
r8_1604_short_story_writer,"Name a short story writer. Reply with only the name, nothing else.",0.6333,<long> -> bench,0.5417,george orwell -> real,0.6121,ernest hemingway -> bench,60,66,0.0,0.267,0.16,60,90,26,0.0,0.147,9.2,ernest hemingway,0.25,9,7.68,8.49,0.484,"ernest hemingway 37%, george orwell 12%","ernest hemingway 43%, <long> 27%",0.6631,0.36,0.79
r8_1075_edible_substance,"Name an edible substance. Reply with only the name, nothing else.",0.6333,apple -> real,0.6333,apple -> real,0.5531,apple -> real,60,71,0.0,0.211,0.127,60,90,21,0.0,0.113,6.2,apple,0.9,3,1.48,2.78,0.809,"apple 87%, bread 2%","apple 60%, <long> 21%",0.6811,0.13,1.07
r8_0156_singer,"Name a singer. Reply with only the name, nothing else.",0.6333,<long> -> bench,0.5361,beyoncé -> real,0.5697,taylor swift -> bench,60,66,0.0,0.267,0.16,60,90,33,0.0,0.14,7.9,taylor swift,0.55,8,4.54,8.21,0.54,"taylor swift 47%, beyoncé 12%","taylor swift 44%, <long> 27%",0.6556,0.244,0.84
r8_0377_snack,"Name a snack. Reply with only the name, nothing else.",0.6333,<long> -> bench,0.5694,popcorn -> real,0.5735,crackers -> bench,60,66,0.0,0.267,0.16,60,90,45,0.0,0.153,8.0,popcorn,0.35,9,6.79,23.84,0.159,"popcorn 22%, pizza 13%","<long> 27%, crackers 14%",0.6514,0.296,0.697
r8_1000_spoken_language_featur,"Name a type of spoken language feature. Reply with only the name, nothing else.",0.6333,<long> -> bench,0.5917,intonation -> bench,0.6462,intonation -> bench,60,66,0.0,0.267,0.16,60,90,49,0.0,0.16,8.0,intonation,0.3,10,7.51,20.89,0.27,"alliteration 22%, metaphor 15%","intonation 30%, <long> 27%",0.6456,0.375,0.79
r8_1048_laboratory_apparatus,"Name a type of laboratory apparatus. Reply with only the name, nothing else.",0.6333,<long> -> bench,0.6111,bunsen burner -> real,0.603,bunsen burner -> real,60,66,0.0,0.267,0.16,60,90,20,0.0,0.16,8.3,beaker,0.65,5,2.99,7.52,0.294,"microscope 35%, bunsen burner 27%","<long> 27%, beaker 22%",0.6578,0.188,0.954
r8s_0654_place_marker,"Suggest a type of place marker. Reply with only the name, nothing else.",0.6333,<long> -> bench,0.5278,point of interest -> bench,0.5379,point of interest -> bench,60,66,0.0,0.267,0.16,60,90,96,0.0,0.147,7.6,pin,0.35,13,9.44,79.21,0.056,"marker 5%, pin 5%","<long> 27%, location 6%",0.6436,0.63,0.548
r8_0237_reality_show,"Name a reality show. Reply with only the name, nothing else.",0.6333,<long> -> bench,0.5806,survivor -> real,0.568,big brother -> bench,58,63,0.033,0.3,0.193,60,90,32,0.0,0.167,8.8,survivor,0.6,8,4.2,13.2,0.273,"survivor 32%, real housewives 15%","<long> 30%, big brother 16%",0.6367,0.159,0.892
r8_0072_unit_of_volume,"Name an unit of volume. Reply with only the name, nothing else.",0.6333,<long> -> bench,0.6278,liter -> real,0.5348,liter -> real,60,66,0.0,0.267,0.16,60,90,17,0.0,0.133,6.8,liter,1.0,1,1.0,3.14,0.73,"liter 77%, gallon 10%","liter 51%, <long> 27%",0.6886,0.141,0.824
r8_0790_optical_effect,"Name an optical effect. Reply with only the name, nothing else.",0.6333,<long> -> bench,0.5361,rainbow -> real,0.5508,diffraction -> bench,60,66,0.0,0.267,0.16,60,90,63,0.0,0.153,8.5,refraction,0.4,6,3.79,36.96,0.103,"chromatic aberration 12%, rainbow 12%","<long> 27%, diffraction 11%",0.6686,0.358,0.809
r8_0914_mean_of_exercise,"Name a mean of exercise. Reply with only the name, nothing else.",0.6333,<long> -> bench,0.5778,running -> real,0.5259,crossfit -> real,58,63,0.033,0.3,0.193,60,90,30,0.0,0.187,8.5,running,0.9,2,1.38,5.66,0.628,"running 60%, swimming 12%","running 44%, <long> 30%",0.6572,0.214,0.818
r8_0915_holiday_decoration,"Name a holiday decoration. Reply with only the name, nothing else.",0.6333,<long> -> bench,0.5278,ornament -> real,0.5568,christmas tree -> bench,60,66,0.0,0.267,0.16,60,90,51,0.0,0.153,8.0,ornament,0.4,10,6.6,20.18,0.31,"christmas tree 25%, ornament 13%","<long> 27%, christmas tree 27%",0.6472,0.332,0.754
r8_0247_olympic_event,"Name an olympic event. Reply with only the name, nothing else.",0.6333,<long> -> bench,0.5583,long jump -> real,0.5659,100 meter sprint -> bench,60,66,0.0,0.267,0.16,60,90,38,0.0,0.16,9.1,100m sprint,0.3,13,10.17,17.34,0.167,"100m sprint 20%, swimming 17%","<long> 27%, 100-meter sprint 13%",0.6528,0.238,0.985
r8_0887_food_chain_level,"Name a food chain level. Reply with only the name, nothing else.",0.6333,<long> -> bench,0.5778,producer -> real,0.5333,primary consumer -> real,60,66,0.0,0.267,0.16,60,90,22,0.0,0.153,7.0,producer,0.55,6,3.85,3.85,0.722,"producer 70%, producers 8%","producer 54%, <long> 27%",0.6575,0.166,0.918
r8s_0673_angel,"Suggest a type of angel. Reply with only the name, nothing else.",0.6333,<long> -> bench,0.5361,seraphim -> bench,0.5746,seraphim -> bench,58,63,0.033,0.3,0.193,60,90,56,0.0,0.173,8.7,seraph,0.35,6,4.53,22.7,0.198,"angel 17%, seraphim 12%","<long> 30%, seraphim 19%",0.6178,0.404,0.464
r8_1175_country_singer,"Name a country singer. Reply with only the name, nothing else.",0.6333,<long> -> bench,0.5361,taylor swift -> real,0.553,elvis presley -> bench,60,66,0.0,0.267,0.16,60,90,47,0.0,0.12,7.9,johnny cash,0.7,6,2.94,17.77,0.262,"johnny cash 23%, elvis presley 17%","<long> 27%, johnny cash 21%",0.6564,0.367,0.737
r8s_0290_tide_type,"Suggest a tide type. Reply with only the name, nothing else.",0.6333,<long> -> bench,0.5222,python -> bench,0.5317,python -> bench,58,63,0.033,0.3,0.193,60,90,107,0.0,0.16,8.7,spring tide,0.3,10,7.84,96.71,0.041,"<long> 3%, tide 3%","<long> 30%, python 4%",0.6642,0.638,0.461
r8_1898_jean_style,"Name a jean style. Reply with only the name, nothing else.",0.6333,<long> -> bench,0.5417,slim fit -> real,0.5446,slim fit -> real,56,60,0.067,0.333,0.227,60,90,46,0.0,0.2,9.5,skinny,0.15,13,11.68,26.59,0.121,"jean style 13%, denim 12%","<long> 33%, denim 8%",0.6383,0.349,0.665
r8_1108_saying,"Name a type of saying. Reply with only the name, nothing else.",0.6333,<long> -> bench,0.5528,proverb -> real,0.5356,metaphor -> real,60,66,0.0,0.267,0.16,60,90,37,0.0,0.133,7.6,proverb,0.5,2,2.0,10.54,0.341,"idiom 32%, proverb 28%","<long> 27%, idiom 27%",0.6597,0.305,0.842
r8_1245_castle,"Name a castle. Reply with only the name, nothing else.",0.6306,<long> -> bench,0.5361,windsor -> real,0.5308,castles -> bench,59,65,0.017,0.278,0.173,60,90,76,0.0,0.16,8.8,edinburgh castle,0.5,9,5.51,51.01,0.089,"windsor 12%, windsor castle 12%","<long> 28%, edinburgh castle 8%",0.6394,0.369,0.878
r8_0668_remedy_type,"Name a remedy type. Reply with only the name, nothing else.",0.6306,<long> -> bench,0.5333,homeopathic -> bench,0.555,homeopathic -> bench,57,62,0.05,0.311,0.207,60,90,90,0.0,0.18,9.1,homeopathy,0.35,12,8.58,67.41,0.092,"remedy 5%, <long> 5%","<long> 31%, homeopathic 10%",0.6636,0.529,0.469
r8_1323_wrench,"Name a wrench. Reply with only the name, nothing else.",0.6306,wrench -> real,0.6306,wrench -> real,0.6064,wrench -> real,57,62,0.05,0.311,0.207,60,90,57,0.0,0.18,8.9,wrench,0.5,8,5.0,23.22,0.328,"wrench 42%, <long> 5%","<long> 31%, wrench 16%",0.6531,0.377,0.966
r8_0167_hairstyle,"Name a hairstyle. Reply with only the name, nothing else.",0.6306,<long> -> bench,0.5694,mohawk -> bench,0.5992,mohawk -> bench,59,65,0.017,0.278,0.173,60,90,50,0.0,0.147,8.2,bob,0.25,10,8.6,24.34,0.177,"bob 13%, pixie cut 12%","<long> 28%, mullet 18%",0.6417,0.311,0.823
r8_1946_hive_product,"Name a hive product. Reply with only the name, nothing else.",0.6306,honey -> bench,0.6306,honey -> bench,0.7199,honey -> bench,54,61,0.1,0.322,0.233,60,90,62,0.0,0.22,10.1,honey,0.85,4,1.8,21.84,0.4,"honey 15%, <long> 10%","honey 41%, <long> 32%",0.6722,0.398,0.915
r8_1971_petal,"Name a petal. Reply with only the name, nothing else.",0.6306,<long> -> bench,0.5583,rose -> real,0.5263,red -> real,57,62,0.05,0.311,0.207,60,90,49,0.0,0.167,8.4,rose,0.65,7,3.52,11.97,0.521,"rose 48%, <long> 5%","rose 37%, <long> 31%",0.6742,0.396,0.923
r8_0144_stuffed_animal,"Name a stuffed animal. Reply with only the name, nothing else.",0.6306,<long> -> bench,0.6278,teddy -> real,0.599,teddy -> real,57,62,0.05,0.311,0.207,60,90,38,0.0,0.187,9.0,teddy bear,0.3,9,7.01,14.84,0.353,"teddy 43%, stuffy 12%","<long> 31%, teddy 18%",0.6625,0.233,0.944
r8_0201_belt,"Name a belt. Reply with only the name, nothing else.",0.6306,<long> -> bench,0.5167,canvas -> real,0.5175,ninja -> real,57,62,0.05,0.311,0.207,60,90,99,0.0,0.2,9.2,nylon,0.1,18,17.41,82.9,0.092,"belt 8%, <long> 5%","<long> 31%, belt 7%",0.6461,0.589,0.763
r8_0767_lens,"Name a type of lens. Reply with only the name, nothing else.",0.6306,<long> -> bench,0.5861,convex -> bench,0.6483,convex -> bench,57,62,0.05,0.311,0.207,60,90,46,0.0,0.193,9.1,convex lens,0.65,5,3.07,15.57,0.277,"convex lens 27%, convex 12%","<long> 31%, convex 29%",0.6256,0.384,0.555
r8_0780_tie,"Name a tie. Reply with only the name, nothing else.",0.6306,<long> -> bench,0.525,red -> real,0.5294,red -> real,51,53,0.15,0.411,0.307,60,90,94,0.0,0.24,11.6,red tie,0.1,19,18.66,85.71,0.058,"<long> 15%, red 5%","<long> 41%, tie 3%",0.645,0.535,0.709
r8_0096_actor,"Name an actor. Reply with only the name, nothing else.",0.6306,<long> -> bench,0.5556,leonardo dicaprio -> real,0.5726,tomhanks -> bench,57,62,0.05,0.311,0.207,60,90,59,0.0,0.16,10.1,leonardo dicaprio,0.45,7,4.64,30.46,0.168,"leonardo dicaprio 20%, brad pitt 12%","<long> 31%, brad pitt 13%",0.6586,0.304,0.67
r8_1423_bitter,"Name a bitter. Reply with only the name, nothing else.",0.6306,<long> -> bench,0.5278,bitter -> bench,0.5496,bitter -> bench,55,59,0.083,0.344,0.24,60,90,86,0.0,0.22,10.9,bitters,0.25,16,13.37,69.63,0.088,"<long> 8%, bitter 3%","<long> 34%, bitter 9%",0.6819,0.48,0.764
r8_1339_frozen_dessert,"Name a frozen dessert. Reply with only the name, nothing else.",0.6306,ice cream -> real,0.6306,ice cream -> real,0.5562,ice cream -> real,60,71,0.0,0.211,0.127,60,90,29,0.0,0.12,7.0,ice cream,0.9,3,1.48,3.82,0.756,"ice cream 82%, popsicle 3%","ice cream 56%, <long> 21%",0.6781,0.13,0.908
r8_0067_individual_sport,"Name an individual sport. Reply with only the name, nothing else.",0.6306,tennis -> real,0.6306,tennis -> real,0.5681,soccer -> bench,60,69,0.0,0.233,0.14,60,90,16,0.0,0.133,7.2,tennis,0.7,6,2.94,3.81,0.651,"tennis 72%, golf 12%","tennis 46%, <long> 23%",0.6975,0.283,0.943
r8_0073_piece_of_jewelry,"Name a piece of jewelry. Reply with only the name, nothing else.",0.6306,diamond ring -> real,0.6306,diamond ring -> real,0.6458,ring -> bench,59,69,0.017,0.233,0.147,60,90,27,0.0,0.12,6.6,ring,0.65,4,2.67,6.93,0.445,"diamond ring 38%, ring 28%","ring 44%, <long> 23%",0.6628,0.258,0.8
r8s_1480_drift,"Suggest a type of drift. Reply with only the name, nothing else.",0.6306,<long> -> bench,0.5278,configuration drift -> real,0.5323,thermal drift -> bench,57,62,0.05,0.311,0.207,60,90,89,0.0,0.187,9.2,drift,0.25,16,13.37,68.99,0.084,"configuration drift 10%, drift 7%","<long> 31%, drift 4%",0.6225,0.61,0.787
r8_0259_literature,"Name a type of literature. Reply with only the name, nothing else.",0.6306,novel -> real,0.6306,novel -> real,0.6142,novel -> real,60,71,0.0,0.211,0.127,60,90,40,0.0,0.113,6.9,novel,0.65,4,2.52,12.28,0.26,"novel 38%, fiction 25%","<long> 21%, fiction 20%",0.6542,0.212,0.83
r8_1629_behemoth,"Name a behemoth. Reply with only the name, nothing else.",0.6306,<long> -> bench,0.5278,elephant -> bench,0.5403,elephant -> bench,57,62,0.05,0.311,0.207,60,90,81,0.0,0.2,9.6,behemoth,0.6,8,4.2,61.16,0.067,"goliath 7%, <long> 5%","<long> 31%, leviathan 7%",0.6503,0.404,0.707
r8_1613_chicken_breed,"Name a chicken breed. Reply with only the name, nothing else.",0.6306,<long> -> bench,0.6,rooster -> bench,0.6446,rooster -> bench,59,65,0.017,0.278,0.173,60,90,61,0.0,0.16,8.3,leghorn,0.25,10,7.59,32.33,0.185,"rhode island red 17%, broiler 12%","<long> 28%, rooster 23%",0.6625,0.335,1.007
r8_0027_state_of_matter,"Name a state of matter. Reply with only the name, nothing else.",0.6306,solid -> real,0.6306,solid -> real,0.5967,solid -> real,60,69,0.0,0.233,0.14,60,90,10,0.0,0.12,6.3,solid,0.95,2,1.22,3.74,0.395,"solid 48%, plasma 37%","plasma 32%, <long> 23%",0.6703,0.092,0.802
r8s_1704_crayon_color,"Suggest a type of crayon color. Reply with only the name, nothing else.",0.6306,<long> -> bench,0.5806,yellow -> bench,0.6469,yellow -> bench,57,62,0.05,0.311,0.207,60,90,30,0.0,0.193,8.5,blue,0.15,13,11.68,11.86,0.311,"yellow 15%, blue 13%","<long> 31%, yellow 31%",0.6361,0.289,1.036
r8_0453_root_crop,"Name a root crop. Reply with only the name, nothing else.",0.6306,<long> -> bench,0.5667,potato -> real,0.5386,carrot -> real,59,65,0.017,0.278,0.173,60,90,20,0.0,0.167,7.9,potato,1.0,1,1.0,4.72,0.589,"potato 57%, carrot 17%","potato 43%, <long> 28%",0.6886,0.114,1.006
r8_0450_pillow,"Name a pillow. Reply with only the name, nothing else.",0.6306,<long> -> bench,0.5306,buckwheat -> real,0.527,buckwheat -> real,59,65,0.017,0.278,0.173,60,90,70,0.0,0.167,8.8,pillow,0.35,12,8.81,38.89,0.145,"down pillow 15%, pillow 12%","<long> 28%, pillow 12%",0.6539,0.422,0.79
r8s_1632_track_event,"Suggest a type of track event. Reply with only the name, nothing else.",0.6306,<long> -> bench,0.55,100-meter sprint -> real,0.5712,100 meter sprint -> bench,57,62,0.05,0.311,0.207,60,90,78,0.0,0.193,9.7,1500 meters,0.55,9,4.99,56.63,0.109,"100-meter sprint 10%, <long> 5%","<long> 31%, 100 meter sprint 12%",0.6417,0.484,0.579
r8s_1905_seat_on_transportation,"Suggest a type of seat on transportation. Reply with only the name, nothing else.",0.6306,<long> -> bench,0.5361,recliner -> bench,0.5622,armchair -> bench,59,65,0.017,0.278,0.173,60,90,50,0.0,0.153,8.4,armchair,0.3,12,8.85,27.76,0.218,"armchair 15%, seat 7%","<long> 28%, armchair 20%",0.6561,0.321,0.685
r8_0002_reptile,"Name a reptile. Reply with only the name, nothing else.",0.6306,<long> -> bench,0.6278,komodo dragon -> real,0.6218,komodo dragon -> real,59,65,0.017,0.278,0.173,60,90,30,0.0,0.16,8.2,snake,0.5,7,4.47,11.36,0.298,"komodo dragon 30%, crocodile 20%","<long> 28%, crocodile 28%",0.6592,0.238,0.768
r8s_1924_carnival_food,"Suggest a type of carnival food. Reply with only the name, nothing else.",0.6306,<long> -> bench,0.5472,corn dogs -> real,0.5853,cotton candy -> bench,59,65,0.017,0.278,0.173,60,90,28,0.0,0.173,8.5,corn dogs,0.25,13,10.86,10.28,0.274,"corn dogs 28%, cotton candy 15%","<long> 28%, cotton candy 23%",0.6578,0.178,0.874
r8s_0513_lentil,"Suggest a type of lentil. Reply with only the name, nothing else.",0.6306,<long> -> bench,0.5806,red lentils -> real,0.6234,green lentils -> bench,57,62,0.05,0.311,0.207,60,90,42,0.0,0.207,9.6,green lentils,0.45,5,4.23,18.34,0.269,"red lentils 18%, red lentil 15%","<long> 31%, green lentils 27%",0.6686,0.216,0.948
r8_0375_geological_period,"Name a geological period. Reply with only the name, nothing else.",0.6306,<long> -> bench,0.625,cretaceous -> real,0.6149,cretaceous -> real,59,65,0.017,0.278,0.173,60,90,13,0.0,0.16,8.2,cretaceous,0.5,8,5.0,6.93,0.298,"cretaceous 32%, jurassic 20%","<long> 28%, triassic 28%",0.6419,0.165,1.006
r8_1496_zombie,"Name a zombie. Reply with only the name, nothing else.",0.6306,<long> -> bench,0.5167,picard -> real,0.5182,picard -> real,55,59,0.083,0.344,0.24,60,90,102,0.0,0.22,10.7,gary,0.1,19,18.66,92.93,0.044,"<long> 8%, frank 5%","<long> 34%, rick grimes 2%",0.6581,0.499,0.784
r8_1876_flute,"Name a flute. Reply with only the name, nothing else.",0.6306,<long> -> bench,0.5972,soprano -> real,0.5887,soprano -> real,59,65,0.017,0.278,0.173,60,90,54,0.0,0.167,9.1,flute,0.4,11,7.38,26.29,0.169,"soprano 25%, flute 25%","<long> 28%, flute 7%",0.6528,0.289,0.907
r8s_1594_wave_type,"Suggest a wave type. Reply with only the name, nothing else.",0.6306,<long> -> bench,0.5667,electromagnetic -> bench,0.5923,electromagnetic -> bench,59,65,0.017,0.278,0.173,60,90,87,0.0,0.167,8.6,transverse wave,0.2,12,10.17,65.82,0.097,"sine 10%, none 3%","<long> 28%, electromagnetic 13%",0.6569,0.527,0.538
r8_1062_music_festival,"Name a music festival. Reply with only the name, nothing else.",0.6306,coachella -> real,0.6306,coachella -> real,0.6083,coachella -> real,60,70,0.0,0.222,0.133,60,90,14,0.0,0.133,8.2,glastonbury,0.55,2,1.99,3.54,0.562,"glastonbury 45%, coachella 42%","glastonbury 51%, <long> 22%",0.6728,0.071,0.953
r8_1030_fashion_accessory,"Name a fashion accessory. Reply with only the name, nothing else.",0.6306,<long> -> bench,0.5528,sunglasses -> real,0.5668,scarf -> bench,59,65,0.017,0.278,0.173,60,90,40,0.0,0.153,7.6,hat,0.35,8,6.34,14.64,0.29,"scarf 22%, hat 15%","<long> 28%, scarf 26%",0.6583,0.311,0.84
r8s_0468_boot,"Suggest a type of boot. Reply with only the name, nothing else.",0.6306,<long> -> bench,0.5306,chelsea boots -> bench,0.561,chelsea boots -> bench,57,62,0.05,0.311,0.207,60,90,89,0.0,0.2,9.2,chelsea boots,0.25,11,8.6,62.95,0.151,"chelsea boots 8%, <long> 5%","<long> 31%, chelsea boots 14%",0.6183,0.615,0.566
r8s_0853_beverage_hot,"Suggest a type of beverage hot. Reply with only the name, nothing else.",0.6306,<long> -> bench,0.6278,hot chocolate -> real,0.6156,hot chocolate -> real,59,65,0.017,0.278,0.173,60,90,35,0.0,0.167,8.2,hot chocolate,0.55,5,3.12,13.39,0.218,"hot chocolate 33%, tea 17%","<long> 28%, coffee 20%",0.6478,0.221,0.706
r8_1920_gymnastics_event,"Name a gymnastics event. Reply with only the name, nothing else.",0.6306,<long> -> bench,0.5778,trampoline -> bench,0.6138,trampoline -> bench,59,65,0.017,0.278,0.173,60,90,33,0.0,0.167,8.2,floor exercise,0.7,5,2.67,12.79,0.315,"floor exercise 35%, vault 12%","<long> 28%, floor exercise 20%",0.6569,0.257,0.887
r8s_0224_cosmetic,"Suggest a type of cosmetic. Reply with only the name, nothing else.",0.6306,<long> -> bench,0.5444,moisturizer -> bench,0.5922,moisturizer -> bench,59,65,0.017,0.278,0.173,60,90,67,0.0,0.16,9.1,moisturizer,0.5,8,5.0,30.95,0.266,"moisturizer 17%, minimalist 8%","<long> 28%, moisturizer 26%",0.6239,0.425,0.44
r8_1919_bunny_hop,"Name a bunny hop. Reply with only the name, nothing else.",0.6306,<long> -> bench,0.5528,bunny hop -> real,0.5533,bunny hop -> real,57,62,0.05,0.311,0.207,60,90,107,0.0,0.167,9.5,bunny hop,0.15,18,16.96,94.48,0.067,"bunny hop 12%, <long> 5%","<long> 31%, long jump 3%",0.6628,0.622,0.846
r8_1896_microphone,"Name a microphone. Reply with only the name, nothing else.",0.6306,<long> -> bench,0.5639,shure sm58 -> real,0.5609,shure sm58 -> real,59,65,0.017,0.278,0.173,60,90,49,0.0,0.16,9.6,shure sm58,0.4,6,4.41,20.32,0.298,"shure sm7b 27%, shure sm58 15%","<long> 28%, shure sm7b 23%",0.6772,0.251,0.685
r8_1126_gemstone_transparency,"Name a gemstone transparency. Reply with only the name, nothing else.",0.6306,<long> -> bench,0.525,clear quartz -> real,0.5928,transparent -> bench,59,65,0.017,0.278,0.173,60,90,27,0.0,0.16,7.8,transparent,0.7,6,2.94,8.54,0.419,"transparent 32%, clear 13%","transparent 37%, <long> 28%",0.6403,0.241,0.907
r8_1164_horse_race,"Name a horse race. Reply with only the name, nothing else.",0.6306,<long> -> bench,0.6111,kentucky derby -> real,0.5169,derby -> real,59,65,0.017,0.278,0.173,60,90,26,0.0,0.16,8.7,kentucky derby,1.0,1,1.0,3.54,0.766,"kentucky derby 77%, preakness stakes 3%","kentucky derby 54%, <long> 28%",0.655,0.232,1.011
r8_1746_zoo_exhibit,"Name a zoo exhibit. Reply with only the name, nothing else.",0.6306,<long> -> bench,0.5333,penguin cove -> bench,0.5462,penguin cove -> bench,59,65,0.017,0.278,0.173,60,90,90,0.0,0.167,9.2,penguin cove,0.15,17,15.83,74.54,0.056,"penguin encounter 3%, penguin exhibit 3%","<long> 28%, penguin cove 7%",0.6617,0.258,0.947
r8_1008_book_cover,"Name a book cover. Reply with only the name, nothing else.",0.6306,<long> -> bench,0.55,great gatsby -> real,0.5333,to kill a mockingbird -> bench,55,59,0.083,0.344,0.24,60,90,40,0.0,0.173,10.5,great gatsby,0.25,14,11.34,12.66,0.447,"great gatsby 40%, <long> 8%","<long> 34%, great gatsby 30%",0.6586,0.201,0.969
r8_1472_nature_sound,"Name a nature sound. Reply with only the name, nothing else.",0.6306,<long> -> bench,0.5444,rain -> real,0.5375,ocean waves -> bench,59,65,0.017,0.278,0.173,60,90,37,0.0,0.147,7.6,rain,0.45,10,6.48,13.22,0.298,"rain 30%, ocean waves 18%","<long> 28%, rain 21%",0.6528,0.298,0.972
r8_1280_yeti,"Name a yeti. Reply with only the name, nothing else.",0.6306,<long> -> bench,0.5972,yeti -> real,0.594,yeti -> real,55,59,0.083,0.344,0.24,60,90,69,0.0,0.207,10.1,yeti,0.2,17,15.16,36.57,0.175,"yeti 25%, <long> 8%","<long> 34%, abominable snowman 16%",0.6567,0.302,0.785
r8_0885_dwarve,"Name a dwarve. Reply with only the name, nothing else.",0.6306,<long> -> bench,0.5639,smaug -> bench,0.6027,smaug -> bench,57,62,0.05,0.311,0.207,60,90,58,0.0,0.207,9.6,thror,0.15,10,9.25,30.12,0.16,"thorin 8%, gimli 8%","<long> 31%, smaug 18%",0.6389,0.186,0.949
r8_0906_salamander,"Name a salamander. Reply with only the name, nothing else.",0.6306,<long> -> bench,0.5639,red-backed salamander -> bench,0.5977,red-backed salamander -> bench,59,65,0.017,0.278,0.173,60,90,56,0.0,0.167,9.2,fire salamander,0.35,8,5.74,25.4,0.194,"fire salamander 22%, axolotl 15%","<long> 28%, red-backed salamander 18%",0.6586,0.276,0.862
r8_1149_echino,"Name an echino. Reply with only the name, nothing else.",0.6306,<long> -> bench,0.5861,sea urchin -> real,0.5961,sea cucumber -> bench,57,62,0.05,0.311,0.207,60,90,76,0.0,0.207,9.8,starfish,0.6,4,2.89,43.8,0.143,"sea urchin 22%, <long> 5%","<long> 31%, sea cucumber 14%",0.6528,0.426,0.846
r8_0824_chocolate_bar,"Name a chocolate bar. Reply with only the name, nothing else.",0.6306,<long> -> bench,0.575,snickers -> real,0.564,snickers -> real,59,65,0.017,0.278,0.173,60,90,31,0.0,0.147,8.4,snickers,0.65,4,2.79,7.9,0.492,"milky way 47%, snickers 22%","milky way 37%, <long> 28%",0.6361,0.288,0.871
r8_0816_major_ocean,"Name a major ocean. Reply with only the name, nothing else.",0.6306,<long> -> bench,0.5778,pacific ocean -> real,0.5219,pacific ocean -> real,59,65,0.017,0.278,0.173,60,90,7,0.0,0.173,7.8,pacific ocean,0.95,2,1.22,2.6,0.484,"pacific 48%, pacific ocean 47%","pacific 34%, pacific ocean 31%",0.6583,0.073,0.928
r8s_1311_gnome,"Suggest a type of gnome. Reply with only the name, nothing else.",0.6306,<long> -> bench,0.575,gnome -> bench,0.6321,gnome -> bench,57,62,0.05,0.311,0.207,60,90,78,0.0,0.207,9.3,summer king,0.05,20,20.0,40.11,0.261,"gnome 12%, <long> 5%","<long> 31%, gnome 27%",0.6681,0.496,0.841
r8_0424_coffee_bean,"Name a coffee bean. Reply with only the name, nothing else.",0.6306,<long> -> bench,0.5639,arabica -> real,0.5249,arabica -> bench,59,65,0.017,0.278,0.173,60,90,30,0.0,0.16,8.2,arabica,0.9,3,1.48,5.69,0.653,"arabica 62%, columbian 7%","arabica 49%, <long> 28%",0.625,0.2,1.183
r8_0703_filter,"Name a filter. Reply with only the name, nothing else.",0.6306,<long> -> bench,0.5167,uv -> bench,0.5254,uv -> bench,55,59,0.083,0.344,0.24,60,90,107,0.0,0.187,9.7,low-pass filter,0.15,16,14.77,100.72,0.044,"<long> 8%, none 5%","<long> 34%, uv 3%",0.6581,0.674,0.928
r8_1318_drop,"Name a drop. Reply with only the name, nothing else.",0.6306,<long> -> bench,0.5222,water -> bench,0.5323,water -> bench,57,62,0.05,0.311,0.207,60,90,95,0.0,0.18,9.5,drop,0.1,18,17.41,75.89,0.084,"drop 7%, <long> 5%","<long> 31%, droplet 7%",0.6533,0.587,0.751
r8_1905_seat_on_transportation,"Name a seat on transportation. Reply with only the name, nothing else.",0.6306,<long> -> bench,0.5167,transportation secretary -> real,0.584,seat -> bench,57,62,0.05,0.311,0.207,60,90,47,0.0,0.207,8.8,seat,0.7,5,2.67,13.85,0.403,"seat 30%, chair 12%","seat 33%, <long> 31%",0.6681,0.311,0.719
r8_1837_farm_structure,"Name a type of farm structure. Reply with only the name, nothing else.",0.6306,<long> -> bench,0.5389,silo -> real,0.5619,barn -> bench,59,65,0.017,0.278,0.173,60,90,34,0.0,0.173,8.3,barn,0.85,4,1.8,7.89,0.556,"barn 48%, silo 10%","barn 44%, <long> 28%",0.6606,0.285,0.965
r8s_0640_work_by_charles_dicken,"Suggest a type of work by charles dicken. Reply with only the name, nothing else.",0.6306,<long> -> bench,0.5917,great expectations -> real,0.602,novels -> bench,57,62,0.05,0.311,0.207,60,90,26,0.0,0.173,9.0,great expectations,0.6,6,3.41,11.33,0.176,"great expectations 22%, novel 22%","<long> 31%, novels 19%",0.615,0.205,0.66
r8_1330_fungal_growth,"Name a fungal growth. Reply with only the name, nothing else.",0.6306,<long> -> bench,0.5667,mushroom -> real,0.5609,mold -> real,59,65,0.017,0.278,0.173,60,90,19,0.0,0.153,8.9,mushroom,0.65,2,1.91,4.1,0.669,"mushroom 63%, mold 15%","mushroom 50%, <long> 28%",0.6903,0.159,0.955
r8_1951_dystopian_novel,"Name a dystopian novel. Reply with only the name, nothing else.",0.6306,<long> -> bench,0.6222,1984 -> real,0.5545,brave new world -> real,55,59,0.083,0.344,0.24,60,90,18,0.0,0.133,9.6,1984,0.85,3,1.68,3.04,0.772,"1984 73%, brave new world 10%","1984 49%, <long> 34%",0.6583,0.191,0.812
r8_0012_volcano,"Name a volcano. Reply with only the name, nothing else.",0.6306,<long> -> bench,0.5722,mount everest -> real,0.5571,mount everest -> real,59,65,0.017,0.278,0.173,60,90,28,0.0,0.153,8.8,mount everest,0.5,5,3.2,11.1,0.266,"mount fuji 27%, mount everest 23%","<long> 28%, mount fuji 19%",0.6547,0.174,0.779
r8_0662_game_meat,"Name a game meat. Reply with only the name, nothing else.",0.6306,<long> -> bench,0.55,venison -> bench,0.5726,venison -> bench,57,62,0.05,0.311,0.207,60,90,79,0.0,0.187,9.5,cat,0.05,20,20.0,53.18,0.126,"minecraft 15%, fifa 8%","<long> 31%, venison 10%",0.6553,0.459,0.739
r8_1414_sour_food,"Name a sour food. Reply with only the name, nothing else.",0.6306,<long> -> bench,0.5667,lemon -> bench,0.6597,lemon -> bench,59,65,0.017,0.278,0.173,60,90,42,0.0,0.167,8.3,lemon,1.0,1,1.0,10.23,0.54,"lemon 37%, vinegar 8%","lemon 50%, <long> 28%",0.6511,0.281,0.858
r8_0505_scavenger,"Name a scavenger. Reply with only the name, nothing else.",0.6306,<long> -> bench,0.525,scavenger -> real,0.5316,vulture -> bench,57,62,0.05,0.311,0.207,60,90,92,0.0,0.16,8.9,vulture,0.7,7,3.15,76.87,0.067,"scavenger 8%, <long> 5%","<long> 31%, vulture 6%",0.6483,0.616,0.801
r8_0459_television_genre,"Name a television genre. Reply with only the name, nothing else.",0.6306,drama -> real,0.6306,drama -> real,0.593,drama -> real,60,73,0.0,0.189,0.113,60,90,19,0.0,0.107,6.5,drama,0.7,4,2.39,5.52,0.481,"drama 58%, comedy 15%","drama 32%, comedy 27%",0.6411,0.189,0.924
r8_1401_griffin,"Name a griffin. Reply with only the name, nothing else.",0.6306,<long> -> bench,0.5389,pegasus -> real,0.5299,pegasus -> real,57,62,0.05,0.311,0.207,60,90,99,0.0,0.187,9.6,casper,0.1,18,17.41,79.28,0.109,"pegasus 13%, <long> 5%","<long> 31%, pegasus 6%",0.6517,0.367,0.741
r8_1396_shifter,"Name a shifter. Reply with only the name, nothing else.",0.6306,<long> -> bench,0.5111,magnesium -> bench,0.5179,magnesium -> bench,53,56,0.117,0.378,0.273,60,90,103,0.0,0.233,11.0,disney,0.05,20,20.0,94.98,0.064,"<long> 12%, shifter 5%","<long> 38%, shifter 4%",0.6619,0.667,0.724
r8_1802_solder,"Name a solder. Reply with only the name, nothing else.",0.6306,<long> -> bench,0.5472,lead -> real,0.5566,lead-tin -> bench,51,53,0.15,0.411,0.307,60,90,73,0.0,0.273,11.5,tin,0.5,5,3.45,53.82,0.087,"<long> 15%, lead 12%","<long> 41%, lead-tin 7%",0.6844,0.459,0.684
r8_0889_wind_pattern,"Name a wind pattern. Reply with only the name, nothing else.",0.6306,<long> -> bench,0.6,trade winds -> real,0.5661,monsoon -> bench,59,65,0.017,0.278,0.173,60,90,47,0.0,0.167,8.6,trade winds,0.45,6,4.06,16.8,0.339,"trade winds 40%, mistral 8%","<long> 28%, trade winds 20%",0.6678,0.287,0.929
r8_1851_footstep_sound,"Name a footstep sound. Reply with only the name, nothing else.",0.6306,<long> -> bench,0.5417,clank -> real,0.5438,clomp -> bench,59,65,0.017,0.278,0.173,60,90,61,0.0,0.167,8.0,thud,0.15,14,12.52,42.22,0.097,"clank 8%, stomp 8%","<long> 28%, clomp 10%",0.6669,0.466,0.905
r8_0523_skin_care_product,"Name a skin care product. Reply with only the name, nothing else.",0.6278,<long> -> bench,0.6028,cerave -> real,0.5733,cerave -> real,58,64,0.033,0.289,0.187,60,90,24,0.0,0.16,10.6,cerave moisturizing cream,0.5,6,3.69,6.16,0.418,"cerave 38%, cerave moisturizing cream 33%","cerave moisturizing cream 34%, <long> 29%",0.6617,0.117,0.916
r8_0045_playground_equipment,"Name a type of playground equipment. Reply with only the name, nothing else.",0.6278,<long> -> bench,0.6028,swing -> real,0.5608,swing -> real,60,67,0.0,0.256,0.153,60,90,18,0.0,0.153,7.5,swing,0.55,5,3.12,5.15,0.386,"swing 45%, slide 33%","slide 30%, <long> 26%",0.6583,0.134,0.788
r8_1987_painting,"Name a type of painting. Reply with only the name, nothing else.",0.6278,<long> -> bench,0.5806,impressionism -> real,0.5653,impressionism -> real,60,67,0.0,0.256,0.153,60,90,27,0.0,0.153,7.7,oil painting,0.55,5,3.44,7.91,0.394,"oil painting 33%, impressionism 25%","oil painting 33%, <long> 26%",0.6375,0.207,0.828
r8_1968_manuscript,"Name a manuscript. Reply with only the name, nothing else.",0.6278,<long> -> bench,0.5778,great gatsby -> real,0.5871,great gatsby -> real,52,55,0.133,0.389,0.287,60,90,61,0.0,0.233,11.7,divine comedy,0.6,8,4.2,43.33,0.103,"great gatsby 17%, <long> 13%","<long> 39%, don quixote 4%",0.6533,0.335,0.843
r8_0502_sleepwear,"Name a type of sleepwear. Reply with only the name, nothing else.",0.6278,pajamas -> real,0.6278,pajamas -> real,0.5343,pajamas -> real,60,68,0.0,0.244,0.147,60,90,20,0.0,0.133,7.8,pajamas,0.9,2,1.38,2.89,0.797,"pajamas 83%, bikini 3%","pajamas 58%, <long> 24%",0.6392,0.217,0.878
r8_0578_bedding_item,"Name a bedding item. Reply with only the name, nothing else.",0.6278,<long> -> bench,0.5528,quilt -> real,0.601,pillow -> bench,58,64,0.033,0.289,0.187,60,90,20,0.0,0.187,8.5,pillow,0.6,8,4.2,7.57,0.451,"pillow 33%, mattress 12%","pillow 39%, <long> 29%",0.6469,0.132,1.236
r8_1975_tonic_water,"Name a tonic water. Reply with only the name, nothing else.",0.6278,fever-tree -> real,0.6278,fever-tree -> real,0.603,fever-tree -> real,60,67,0.0,0.256,0.153,60,90,63,0.0,0.147,8.8,fever-tree,0.5,11,6.32,28.18,0.291,"fever-tree 40%, gin and tonic 5%","<long> 26%, fever-tree 14%",0.6744,0.138,0.708
r8_1354_plastic_product,"Name a plastic product. Reply with only the name, nothing else.",0.6278,<long> -> bench,0.5944,water bottle -> real,0.5868,water bottle -> real,60,67,0.0,0.256,0.153,60,90,41,0.0,0.133,8.1,plastic bottle,0.55,6,3.58,13.25,0.362,"plastic bottle 30%, water bottle 23%","plastic bottle 31%, <long> 26%",0.6444,0.222,0.796
r8_0593_yarn,"Name a yarn. Reply with only the name, nothing else.",0.6278,<long> -> bench,0.5806,yarn -> real,0.582,cotton -> bench,56,61,0.067,0.322,0.22,60,90,72,0.0,0.193,9.2,merino wool,0.35,12,8.58,42.65,0.145,"yarn 18%, wool 10%","<long> 32%, wool 12%",0.6531,0.416,0.612
r8_0077_zodiac_sign,"Name a zodiac sign. Reply with only the name, nothing else.",0.6278,<long> -> bench,0.5722,aries -> real,0.55,leo -> real,60,67,0.0,0.256,0.153,60,90,15,0.0,0.147,7.4,aries,0.85,3,1.68,3.24,0.685,"aries 67%, taurus 20%","aries 52%, <long> 26%",0.6233,0.129,0.876
r8_0054_mythological_creature,"Name a type of mythological creature. Reply with only the name, nothing else.",0.6278,<long> -> bench,0.6056,griffin -> real,0.5884,unicorn -> bench,60,67,0.0,0.256,0.153,60,90,20,0.0,0.14,7.7,dragon,0.7,5,2.67,4.54,0.543,"unicorn 45%, griffin 33%","unicorn 47%, <long> 26%",0.6494,0.272,0.854
r8_0111_writing_instrument,"Name a type of writing instrument. Reply with only the name, nothing else.",0.6278,<long> -> bench,0.55,pen -> real,0.5415,pen -> bench,60,67,0.0,0.256,0.153,60,90,10,0.0,0.133,6.9,pen,0.75,2,1.75,2.7,0.677,"pen 63%, pencil 25%","pen 53%, <long> 26%",0.6492,0.157,0.827
r8_0123_horse_breed,"Name a horse breed. Reply with only the name, nothing else.",0.6278,<long> -> bench,0.6139,arabian -> real,0.6044,arabian -> real,60,67,0.0,0.256,0.153,60,90,17,0.0,0.14,7.6,thoroughbred,0.55,5,3.44,5.29,0.488,"thoroughbred 40%, arabian 28%","thoroughbred 42%, <long> 26%",0.6511,0.151,0.965
r8_1803_mineral_water,"Name a mineral water. Reply with only the name, nothing else.",0.6278,<long> -> bench,0.6111,evian -> real,0.5463,evian -> real,60,67,0.0,0.256,0.153,60,90,24,0.0,0.14,7.6,evian,0.7,3,2.11,5.29,0.551,"evian 60%, perrier 22%","evian 38%, <long> 26%",0.6481,0.185,0.855
r8_1932_piece_of_armor,"Name a piece of armor. Reply with only the name, nothing else.",0.6278,chainmail -> real,0.6278,chainmail -> real,0.6064,chainmail -> real,59,67,0.017,0.256,0.16,60,90,38,0.0,0.16,8.2,chainmail,0.7,4,2.49,11.82,0.294,"chainmail 40%, plate armor 32%","<long> 26%, helm 17%",0.6697,0.194,0.935
r8_1539_sports_team,"Name a sports team. Reply with only the name, nothing else.",0.6278,<long> -> bench,0.5694,lakers -> real,0.5561,lakers -> real,60,67,0.0,0.256,0.153,60,90,30,0.0,0.14,8.1,new york yankees,0.7,4,2.49,9.34,0.386,"new york yankees 35%, lakers 22%","new york yankees 31%, <long> 26%",0.6469,0.15,0.975
r8_0820_hitchcock_film,"Name a hitchcock film. Reply with only the name, nothing else.",0.6278,<long> -> bench,0.5722,rear window -> real,0.5582,rear window -> real,58,64,0.033,0.289,0.187,60,90,42,0.0,0.167,9.7,psycho,0.5,5,3.63,15.38,0.287,"psycho 27%, rear window 23%","<long> 29%, psycho 21%",0.6453,0.171,0.948
r8_0707_cave_formation,"Name a cave formation. Reply with only the name, nothing else.",0.6278,<long> -> bench,0.575,antelope canyon -> real,0.5776,antelope canyon -> real,58,64,0.033,0.289,0.187,60,90,84,0.0,0.16,9.3,stalagmite,0.45,4,2.77,60.52,0.09,"antelope canyon 15%, arches 3%","<long> 29%, stalactite 11%",0.6489,0.377,0.849
r8_0208_game,"Name a game. Reply with only the name, nothing else.",0.6278,<long> -> bench,0.5583,chess -> real,0.5377,tetris -> bench,58,64,0.033,0.289,0.187,60,90,34,0.0,0.167,8.4,tetris,0.5,4,2.75,8.8,0.402,"tetris 35%, chess 28%","tetris 31%, <long> 29%",0.6486,0.249,0.71
r8_1325_general,"Name a general. Reply with only the name, nothing else.",0.6278,<long> -> bench,0.55,george washington -> bench,0.6143,george washington -> bench,54,58,0.1,0.356,0.253,60,90,54,0.0,0.227,10.7,george washington,0.35,10,6.77,23.11,0.304,"george washington 17%, <long> 10%","<long> 36%, george washington 27%",0.6578,0.325,0.609
r8_1316_wind_term,"Name a wind term. Reply with only the name, nothing else.",0.6278,<long> -> bench,0.5361,hurricane -> real,0.5342,hurricane -> real,60,67,0.0,0.256,0.153,60,90,86,0.0,0.153,7.8,breeze,0.35,9,6.79,62.82,0.079,"zephyr 10%, typhoon 10%","<long> 26%, zephyr 4%",0.6428,0.532,0.893
r8_0322_chart,"Name a chart. Reply with only the name, nothing else.",0.6278,<long> -> bench,0.55,bar chart -> real,0.5484,gantt chart -> bench,56,61,0.067,0.322,0.22,60,90,49,0.0,0.207,9.4,bar chart,0.75,4,2.23,16.44,0.393,"bar chart 37%, <long> 7%","<long> 32%, bar chart 27%",0.6553,0.304,0.474
r8_0321_fantasy_race,"Name a fantasy race. Reply with only the name, nothing else.",0.6278,<long> -> bench,0.5667,orc -> real,0.5883,dwarves -> bench,60,67,0.0,0.256,0.153,60,90,27,0.0,0.153,7.6,elves,0.35,7,5.13,9.95,0.26,"orc 23%, elf 23%","<long> 26%, dwarves 26%",0.6503,0.1,0.656
r8_0317_fabric,"Name a fabric. Reply with only the name, nothing else.",0.6278,<long> -> bench,0.5667,silk -> real,0.6052,cotton -> bench,56,61,0.067,0.322,0.22,60,90,61,0.0,0.213,9.4,cotton,0.95,2,1.22,24.54,0.342,"cotton 22%, silk 13%","<long> 32%, cotton 30%",0.6503,0.37,0.627
r8s_0096_actor,"Suggest a type of actor. Reply with only the name, nothing else.",0.6278,<long> -> bench,0.5556,developer -> real,0.5609,action -> bench,58,64,0.033,0.289,0.187,60,90,79,0.0,0.187,8.5,method actor,0.6,9,4.5,55.54,0.098,"developer 13%, actor 5%","<long> 29%, action 11%",0.66,0.471,0.426
r8_1544_track_and_field_event,"Name a track and field event. Reply with only the name, nothing else.",0.6278,<long> -> bench,0.5722,100-meter dash -> real,0.5455,100-meter dash -> real,60,67,0.0,0.256,0.153,60,90,34,0.0,0.127,9.2,100 meters,0.5,9,5.36,15.65,0.252,"100-meter dash 30%, long jump 8%","<long> 26%, 100-meter dash 16%",0.6375,0.146,0.786
r8_0726_star_type,"Name a star type. Reply with only the name, nothing else.",0.6278,<long> -> bench,0.5861,g-type -> real,0.6045,red giant -> bench,58,64,0.033,0.289,0.187,60,90,56,0.0,0.167,8.9,red giant,0.55,8,4.54,29.58,0.213,"g-type 18%, red giant 10%","<long> 29%, red giant 22%",0.66,0.317,0.798
r8_0753_underwear,"Name a type of underwear. Reply with only the name, nothing else.",0.6278,<long> -> bench,0.5722,boxer briefs -> real,0.5848,briefs -> bench,60,67,0.0,0.256,0.153,60,90,24,0.0,0.14,7.7,briefs,0.65,6,3.2,9.45,0.323,"boxers 25%, briefs 23%","briefs 30%, <long> 26%",0.6244,0.18,0.759
r8_0169_ghost,"Name a ghost. Reply with only the name, nothing else.",0.6278,<long> -> bench,0.5361,dracula -> bench,0.5566,dracula -> bench,56,61,0.067,0.322,0.22,60,90,88,0.0,0.213,10.1,jack,0.05,20,20.0,69.76,0.077,"<long> 7%, poltergeist 7%","<long> 32%, dracula 9%",0.6606,0.301,0.764
r8s_1292_vegetable_that_is_gree,"Suggest a type of vegetable that is green. Reply with only the name, nothing else.",0.6278,<long> -> bench,0.5694,spinach -> real,0.5351,lettuce -> real,60,67,0.0,0.256,0.153,60,90,19,0.0,0.147,7.7,spinach,0.75,5,2.45,5.03,0.551,"spinach 55%, broccoli 20%","spinach 41%, <long> 26%",0.6467,0.216,0.761
r8_1731_costume,"Name a costume. Reply with only the name, nothing else.",0.6278,<long> -> bench,0.5694,batman -> real,0.5654,batman -> real,56,61,0.067,0.322,0.22,60,90,77,0.0,0.2,9.1,superman,0.4,9,6.16,50.03,0.128,"batman 18%, superman 8%","<long> 32%, superman 10%",0.6592,0.441,0.522
r8_0018_gas,"Name a type of gas. Reply with only the name, nothing else.",0.6278,<long> -> bench,0.5917,methane -> real,0.5917,methane -> real,60,67,0.0,0.256,0.153,60,90,24,0.0,0.147,7.5,oxygen,0.95,2,1.22,4.7,0.661,"oxygen 63%, methane 18%","oxygen 51%, <long> 26%",0.6414,0.188,0.933
r8_0105_fungus,"Name a type of fungus. Reply with only the name, nothing else.",0.6278,<long> -> bench,0.6222,mushroom -> real,0.5167,shiitake -> real,60,67,0.0,0.256,0.153,60,90,19,0.0,0.147,8.3,mushroom,0.8,3,1.89,2.32,0.85,"mushroom 87%, shiitake 3%","mushroom 62%, <long> 26%",0.6781,0.247,0.925
r8_1636_fast_food_mascot,"Name a fast food mascot. Reply with only the name, nothing else.",0.6278,<long> -> bench,0.5778,ronald mcdonald -> bench,0.6552,ronald mcdonald -> bench,56,61,0.067,0.322,0.22,60,90,54,0.0,0.187,9.8,burger king,0.4,11,7.38,19.09,0.376,"ronald mcdonald 20%, burger king 10%","ronald mcdonald 36%, <long> 32%",0.6483,0.187,0.994
r8_0362_mineral,"Name a mineral. Reply with only the name, nothing else.",0.6278,gold -> real,0.6278,gold -> real,0.6264,gold -> real,60,72,0.0,0.2,0.12,60,90,20,0.0,0.107,6.3,quartz,0.55,4,2.92,3.47,0.705,"quartz 62%, gold 27%","quartz 62%, <long> 20%",0.6406,0.145,1.051
r8_1347_marvel_superhero,"Name a marvel superhero. Reply with only the name, nothing else.",0.6278,iron man -> real,0.6278,iron man -> real,0.6097,iron man -> real,60,72,0.0,0.2,0.12,60,90,12,0.0,0.12,6.6,spider-man,0.6,2,1.96,3.62,0.561,"spider-man 55%, iron man 40%","spider-man 46%, <long> 20%",0.6458,0.066,0.815
r8s_0059_rock_type,"Suggest a rock type. Reply with only the name, nothing else.",0.6278,<long> -> bench,0.5889,granite -> real,0.5336,granite -> real,60,67,0.0,0.256,0.153,60,90,39,0.0,0.14,7.5,granite,0.95,2,1.22,9.29,0.465,"granite 50%, basalt 22%","granite 32%, <long> 26%",0.6397,0.295,0.629
r8_1328_natural_wonder,"Name a natural wonder. Reply with only the name, nothing else.",0.6278,<long> -> bench,0.5444,machu picchu -> real,0.5377,machu picchu -> real,58,64,0.033,0.289,0.187,60,90,32,0.0,0.167,9.2,grand canyon,0.55,6,3.58,12.86,0.246,"great barrier reef 25%, grand canyon 18%","<long> 29%, grand canyon 18%",0.6472,0.159,1.036
r8_1337_ancient_city,"Name an ancient city. Reply with only the name, nothing else.",0.6278,<long> -> bench,0.5306,rome -> bench,0.5954,rome -> bench,60,67,0.0,0.256,0.153,60,90,29,0.0,0.14,7.6,rome,0.75,3,1.99,9.09,0.417,"rome 32%, babylon 15%","rome 38%, <long> 26%",0.6344,0.243,1.112
r8s_0173_toy,"Suggest a type of toy. Reply with only the name, nothing else.",0.6278,<long> -> bench,0.5722,lego -> real,0.5345,teddy bear -> real,58,64,0.033,0.289,0.187,60,90,53,0.0,0.167,8.8,building blocks,0.2,12,10.17,18.73,0.344,"lego 37%, robot 12%","<long> 29%, lego 22%",0.6472,0.437,1.019
r8_1250_oral_care_product,"Name an oral care product. Reply with only the name, nothing else.",0.6278,<long> -> bench,0.55,colgate total -> real,0.55,colgate total -> real,60,67,0.0,0.256,0.153,60,90,21,0.0,0.147,7.8,crest,0.8,2,1.65,4.83,0.551,"crest 52%, colgate 22%","crest 43%, <long> 26%",0.6525,0.091,1.055
r8s_0118_breakfast_cereal,"Suggest a type of breakfast cereal. Reply with only the name, nothing else.",0.6278,<long> -> bench,0.55,corn flakes -> real,0.5373,cheerios -> bench,60,67,0.0,0.256,0.153,60,90,38,0.0,0.147,8.8,corn flakes,0.45,8,5.26,11.61,0.441,"corn flakes 43%, cinnamon toast crunch 12%","corn flakes 33%, <long> 26%",0.6317,0.161,0.913
r8s_0213_storm,"Suggest a type of storm. Reply with only the name, nothing else.",0.6278,<long> -> bench,0.5556,tornado -> real,0.525,design sprint -> real,60,67,0.0,0.256,0.153,60,90,52,0.0,0.133,8.1,tornado,0.5,5,3.45,14.6,0.472,"tornado 47%, design sprint 5%","tornado 36%, <long> 26%",0.6322,0.384,0.532
r8_1292_vegetable_that_is_gree,"Name a vegetable that is green. Reply with only the name, nothing else.",0.6278,spinach -> real,0.6278,spinach -> real,0.5941,spinach -> real,60,74,0.0,0.178,0.107,60,90,18,0.0,0.073,5.8,spinach,0.65,6,3.2,5.99,0.463,"spinach 57%, broccoli 13%","spinach 31%, broccoli 21%",0.6414,0.203,0.772
r8s_0931_tunnel,"Suggest a type of tunnel. Reply with only the name, nothing else.",0.6278,<long> -> bench,0.5528,ssh tunnel -> real,0.5543,ssh tunnel -> real,56,61,0.067,0.322,0.22,60,90,80,0.0,0.2,9.6,tunnel,0.1,17,16.25,54.12,0.111,"ssh tunnel 12%, tunnel 10%","<long> 32%, tunnel 8%",0.6386,0.393,0.569
r8_1854_palindrome,"Name a palindrome. Reply with only the name, nothing else.",0.6278,<long> -> bench,0.5389,racecar -> real,0.5351,racecar -> real,60,67,0.0,0.256,0.153,60,90,27,0.0,0.147,7.8,madam,0.35,7,5.36,10.87,0.268,"madam 23%, radar 18%","<long> 26%, madam 22%",0.6367,0.359,0.867
r8_0942_waterway,"Name a waterway. Reply with only the name, nothing else.",0.6278,<long> -> bench,0.5472,mississippi river -> real,0.5713,mississippi -> bench,60,67,0.0,0.256,0.153,60,90,24,0.0,0.113,7.4,mississippi river,0.85,2,1.53,8.36,0.425,"mississippi 35%, mississippi river 18%","mississippi 37%, <long> 26%",0.6456,0.14,0.888
r8_1893_household_electronic,"Name a household electronic. Reply with only the name, nothing else.",0.6278,<long> -> bench,0.5889,toaster -> real,0.5736,toaster -> real,60,67,0.0,0.256,0.153,60,90,31,0.0,0.147,7.8,toaster,0.35,9,6.97,11.48,0.26,"toaster 27%, refrigerator 22%","<long> 26%, refrigerator 22%",0.6322,0.289,0.839
r8_0984_occupation_in_building,"Name an occupation in building trade. Reply with only the name, nothing else.",0.6278,<long> -> bench,0.5778,electrician -> real,0.5473,electrician -> real,60,67,0.0,0.256,0.153,60,90,20,0.0,0.153,8.0,electrician,0.45,4,2.77,5.49,0.457,"carpenter 42%, electrician 33%","carpenter 37%, <long> 26%",0.6492,0.217,0.957
r8_1806_pot_or_pan_type,"Name a pot or pan type. Reply with only the name, nothing else.",0.6278,<long> -> bench,0.5389,frying pan -> real,0.5445,casserole -> bench,58,64,0.033,0.289,0.187,60,90,35,0.0,0.187,9.1,saucepan,0.25,11,8.82,19.62,0.115,"saucepan 13%, frying pan 13%","<long> 29%, skillet 10%",0.6497,0.186,0.94
r8_1822_sweater,"Name a sweater. Reply with only the name, nothing else.",0.6278,<long> -> bench,0.6028,cardigan -> real,0.621,beanie -> bench,58,64,0.033,0.289,0.187,60,90,55,0.0,0.173,8.8,cardigan,0.55,8,4.54,23.33,0.213,"cardigan 28%, cashmere 8%","<long> 29%, beanie 23%",0.6611,0.403,0.795
r8s_0590_gulf,"Suggest a type of gulf. Reply with only the name, nothing else.",0.6278,<long> -> bench,0.6028,gulf of mexico -> bench,0.6476,gulf of mexico -> bench,58,64,0.033,0.289,0.187,60,90,84,0.0,0.167,9.1,gulf of mexico,0.5,8,5.0,53.56,0.172,"persian gulf 10%, gulf 3%","<long> 29%, gulf of mexico 22%",0.6456,0.465,0.632
r8_1065_culinary_mushroom,"Name a culinary mushroom. Reply with only the name, nothing else.",0.6278,<long> -> bench,0.5778,button mushroom -> bench,0.6674,button mushroom -> bench,60,67,0.0,0.256,0.153,60,90,26,0.0,0.147,7.7,button mushroom,0.4,11,7.58,6.27,0.543,"button mushroom 37%, cremini 20%","button mushroom 52%, <long> 26%",0.6494,0.234,0.891
r8_1938_grain_crop,"Name a grain crop. Reply with only the name, nothing else.",0.6278,<long> -> bench,0.6028,wheat -> real,0.5333,rice -> real,60,67,0.0,0.256,0.153,60,90,13,0.0,0.147,7.4,wheat,0.9,2,1.38,2.95,0.701,"wheat 72%, corn 18%","wheat 51%, <long> 26%",0.6603,0.089,0.735
r8_0221_ocean_current,"Name an ocean current. Reply with only the name, nothing else.",0.6278,<long> -> bench,0.6028,gulf stream -> real,0.5167,kuroshio -> real,60,67,0.0,0.256,0.153,60,90,16,0.0,0.147,8.4,gulf stream,1.0,1,1.0,2.15,0.858,"gulf stream 85%, kuroshio 3%","gulf stream 64%, <long> 26%",0.6639,0.118,0.951
r8_1952_insectivore,"Name an insectivore. Reply with only the name, nothing else.",0.6278,bat -> real,0.6278,bat -> real,0.5952,shrew -> bench,60,70,0.0,0.222,0.133,60,90,21,0.0,0.113,6.4,bat,0.35,6,4.34,4.27,0.631,"bat 70%, shrew 7%","bat 44%, <long> 22%",0.7106,0.198,0.895
r8_1510_dice_face,"Name a dice face. Reply with only the name, nothing else.",0.6278,<long> -> bench,0.5667,six -> bench,0.6239,six -> bench,60,67,0.0,0.256,0.153,60,90,42,0.0,0.133,6.8,one,0.3,7,5.69,15.12,0.331,"six 20%, ace 17%","six 33%, <long> 26%",0.6772,0.375,0.847
r8_1795_wooden_product,"Name a wooden product. Reply with only the name, nothing else.",0.6278,<long> -> bench,0.5806,table -> bench,0.6454,table -> bench,60,67,0.0,0.256,0.153,60,90,42,0.0,0.147,7.1,chair,0.55,4,2.71,14.16,0.37,"table 22%, chair 20%","table 38%, <long> 26%",0.6564,0.254,1.478
r8_0415_knife_type,"Name a knife type. Reply with only the name, nothing else.",0.6278,<long> -> bench,0.5278,bayonet -> real,0.5676,chefs knife -> bench,58,64,0.033,0.289,0.187,60,90,64,0.0,0.173,8.9,chefs knife,0.45,8,5.26,27.61,0.295,"chefs knife 22%, bayonet 7%","<long> 29%, chefs knife 26%",0.6647,0.262,1.001
r8_1147_gas_station_brand,"Name a gas station brand. Reply with only the name, nothing else.",0.6278,shell -> real,0.6278,shell -> real,0.5414,shell -> real,59,68,0.017,0.244,0.153,60,90,21,0.0,0.14,7.0,shell,0.95,2,1.22,2.86,0.803,"shell 83%, circle k 5%","shell 58%, <long> 24%",0.645,0.14,0.884
r8_1110_saltwater_sport_fish,"Name a saltwater sport fish. Reply with only the name, nothing else.",0.6278,<long> -> bench,0.6083,marlin -> real,0.5854,marlin -> real,60,67,0.0,0.256,0.153,60,90,20,0.0,0.147,7.5,tuna,0.65,5,2.99,6.17,0.315,"marlin 35%, tuna 33%","<long> 26%, salmon 24%",0.6486,0.192,0.897
r8_1073_philosopher,"Name a philosopher. Reply with only the name, nothing else.",0.6278,<long> -> bench,0.55,socrates -> real,0.5187,socrates -> bench,60,67,0.0,0.256,0.153,60,90,11,0.0,0.147,7.5,plato,0.45,4,3.19,3.68,0.52,"socrates 50%, plato 28%","socrates 40%, <long> 26%",0.66,0.074,0.946
r8_0127_flightless_bird,"Name a flightless bird. Reply with only the name, nothing else.",0.6278,<long> -> bench,0.5778,kiwi -> real,0.5759,kiwi -> real,60,67,0.0,0.256,0.153,60,90,8,0.0,0.147,7.5,emu,0.6,5,3.18,3.94,0.394,"emu 37%, ostrich 33%","emu 31%, <long> 26%",0.6397,0.136,0.966
r8_0999_microorganism,"Name a type of microorganism. Reply with only the name, nothing else.",0.6278,<long> -> bench,0.6167,bacteria -> real,0.5267,e. coli -> real,60,67,0.0,0.256,0.153,60,90,7,0.0,0.147,7.6,bacteria,1.0,1,1.0,1.79,0.858,"bacteria 87%, e. coli 8%","bacteria 63%, <long> 26%",0.6772,0.125,0.936
r8_1006_wraith,"Name a wraith. Reply with only the name, nothing else.",0.6278,<long> -> bench,0.525,malphas -> real,0.5332,balor -> bench,54,58,0.1,0.356,0.253,60,90,95,0.0,0.193,10.5,azazel,0.1,19,18.66,83.47,0.071,"<long> 10%, malphas 5%","<long> 36%, balor 7%",0.6611,0.441,0.821
r8_1032_swimming_stroke,"Name a swimming stroke. Reply with only the name, nothing else.",0.6278,<long> -> bench,0.5667,crawl -> real,0.5266,crawl -> real,60,67,0.0,0.256,0.153,60,90,17,0.0,0.14,7.2,freestyle,0.7,3,2.27,3.84,0.52,"freestyle 50%, crawl 37%","freestyle 40%, <long> 26%",0.6542,0.094,0.821
r8_0001_natural_disaster,"Name a natural disaster. Reply with only the name, nothing else.",0.6278,<long> -> bench,0.575,tsunami -> real,0.6068,earthquake -> bench,60,67,0.0,0.256,0.153,60,90,14,0.0,0.147,7.6,earthquake,0.85,3,1.68,4.66,0.496,"earthquake 38%, tsunami 28%","earthquake 44%, <long> 26%",0.6558,0.132,0.913
r8_0154_art_supply,"Name an art supply. Reply with only the name, nothing else.",0.6278,<long> -> bench,0.5778,paint -> bench,0.6216,paint -> bench,60,67,0.0,0.256,0.153,60,90,31,0.0,0.147,7.3,paintbrush,0.25,11,8.35,11.49,0.236,"acrylic paint 27%, acrylic 17%","<long> 26%, paint 26%",0.6478,0.221,0.858
r8_1071_occupation_in_food_ser,"Name an occupation in food service. Reply with only the name, nothing else.",0.6278,<long> -> bench,0.5917,chef -> real,0.5402,chef -> real,60,67,0.0,0.256,0.153,60,90,31,0.0,0.153,7.6,chef,0.7,5,2.67,9.0,0.441,"chef 48%, waiter 13%","chef 30%, <long> 26%",0.6431,0.241,0.822
r8_0481_sandwich_bread,"Name a sandwich bread. Reply with only the name, nothing else.",0.6278,<long> -> bench,0.5472,sourdough -> real,0.5539,sourdough -> bench,60,67,0.0,0.256,0.153,60,90,27,0.0,0.14,8.0,sourdough,0.7,5,2.67,4.0,0.74,"sourdough 68%, texas toast 3%","sourdough 59%, <long> 26%",0.6447,0.204,0.919
r8_0398_ocean_creature,"Name a type of ocean creature. Reply with only the name, nothing else.",0.6278,<long> -> bench,0.5833,whale -> real,0.5527,shark -> bench,60,67,0.0,0.256,0.153,60,90,19,0.0,0.133,7.4,whale,0.45,7,4.64,4.54,0.591,"whale 60%, shark 13%","whale 43%, <long> 26%",0.6461,0.245,0.942
r8s_1952_insectivore,"Suggest a type of insectivore. Reply with only the name, nothing else.",0.6278,<long> -> bench,0.5889,bat -> real,0.5787,shrew -> bench,58,64,0.033,0.289,0.187,60,90,26,0.0,0.18,8.0,bat,0.6,6,3.41,5.65,0.525,"bat 53%, shrew 15%","bat 36%, <long> 29%",0.6569,0.188,0.756
r8_0467_bathroom_item,"Name a bathroom item. Reply with only the name, nothing else.",0.6278,<long> -> bench,0.5861,toilet -> real,0.5613,toilet -> real,60,67,0.0,0.256,0.153,60,90,17,0.0,0.14,8.0,toothbrush,0.3,5,4.75,5.33,0.402,"toothbrush 40%, toilet 32%","toothbrush 30%, <long> 26%",0.6628,0.077,0.765
r8s_1987_painting,"Suggest a type of painting. Reply with only the name, nothing else.",0.6278,<long> -> bench,0.5528,impressionism -> real,0.5439,oil painting -> real,58,64,0.033,0.289,0.187,60,90,27,0.0,0.173,9.0,oil painting,0.55,7,4.23,7.48,0.516,"impressionism 48%, oil 10%","impressionism 38%, <long> 29%",0.6431,0.216,0.907
r8_0454_taco_filling,"Name a type of taco filling. Reply with only the name, nothing else.",0.6278,<long> -> bench,0.5556,al pastor -> real,0.5517,al pastor -> real,60,67,0.0,0.256,0.153,60,90,18,0.0,0.14,7.6,beef,0.75,3,2.08,3.89,0.669,"beef 62%, al pastor 13%","beef 53%, <long> 26%",0.6239,0.263,1.204
r8_0079_cat_breed,"Name a cat breed. Reply with only the name, nothing else.",0.6278,<long> -> bench,0.5694,siamese -> real,0.5827,persian -> bench,60,67,0.0,0.256,0.153,60,90,20,0.0,0.133,7.9,persian,0.55,3,2.33,5.81,0.504,"persian 42%, siamese 22%","persian 43%, <long> 26%",0.6478,0.184,0.952
r8_0082_fossil_fuel,"Name a fossil fuel. Reply with only the name, nothing else.",0.6278,<long> -> bench,0.5583,coal -> real,0.5388,coal -> bench,58,64,0.033,0.289,0.187,60,90,10,0.0,0.167,7.8,coal,0.85,2,1.53,2.7,0.713,"coal 65%, petroleum 18%","coal 53%, <long> 29%",0.6511,0.09,0.88
r8_0574_spice,"Name a spice. Reply with only the name, nothing else.",0.625,<long> -> bench,0.5278,cinnamon -> real,0.5254,cayenne -> real,59,66,0.017,0.267,0.167,60,90,28,0.0,0.147,8.1,cinnamon,0.7,3,2.23,10.26,0.36,"cinnamon 33%, chili 13%","cinnamon 28%, <long> 27%",0.6578,0.216,0.84
r8_1631_indian_dish,"Name an indian dish. Reply with only the name, nothing else.",0.625,butter chicken -> real,0.625,butter chicken -> real,0.5601,butter chicken -> real,60,74,0.0,0.178,0.107,60,90,17,0.0,0.093,7.0,butter chicken,0.9,2,1.38,2.7,0.784,"butter chicken 85%, biryani 10%","butter chicken 60%, <long> 18%",0.6447,0.149,0.877
r8_1624_pizza,"Name a pizza. Reply with only the name, nothing else.",0.625,<long> -> bench,0.5917,pepperoni -> real,0.5335,margherita -> real,59,66,0.017,0.267,0.167,60,90,22,0.0,0.16,8.8,pepperoni,0.45,5,3.77,4.12,0.648,"pepperoni 65%, margherita 20%","pepperoni 47%, <long> 27%",0.6319,0.313,0.912
r8_0310_drum,"Name a drum. Reply with only the name, nothing else.",0.625,<long> -> bench,0.5806,snare -> real,0.5517,snare drum -> real,59,66,0.017,0.267,0.167,60,90,36,0.0,0.133,7.9,snare drum,0.6,4,2.63,9.38,0.504,"snare 52%, snare drum 12%","snare 36%, <long> 27%",0.6711,0.233,0.968
r8_1135_cookie_variety,"Name a cookie variety. Reply with only the name, nothing else.",0.625,<long> -> bench,0.5972,chocolate chip -> real,0.5521,oatmeal raisin -> bench,59,66,0.017,0.267,0.167,60,90,34,0.0,0.16,8.5,chocolate chip,0.4,6,4.61,7.99,0.56,"chocolate chip 58%, choco 5%","chocolate chip 39%, <long> 27%",0.6731,0.198,0.81
r8_0963_comic_book_villain,"Name a comic book villain. Reply with only the name, nothing else.",0.625,joker -> real,0.625,joker -> real,0.554,joker -> real,60,69,0.0,0.233,0.14,60,90,13,0.0,0.14,7.3,joker,0.65,4,2.52,3.06,0.659,"joker 72%, lex luthor 25%","joker 47%, <long> 23%",0.6417,0.122,0.919
r8_1322_part_of_a_song,"Name a part of a song. Reply with only the name, nothing else.",0.625,<long> -> bench,0.5361,verse -> real,0.529,verse -> real,59,66,0.017,0.267,0.167,60,90,35,0.0,0.14,8.1,chorus,0.8,3,1.85,11.44,0.4,"chorus 37%, bohemian rhapsody 12%","chorus 31%, <long> 27%",0.6167,0.321,0.619
r8_1467_toothpaste_flavor,"Name a toothpaste flavor. Reply with only the name, nothing else.",0.625,mint -> real,0.625,mint -> real,0.5667,mint -> real,60,72,0.0,0.2,0.12,60,90,30,0.0,0.12,6.8,mint,0.7,5,2.67,5.34,0.644,"mint 72%, peppermint 10%","mint 47%, <long> 20%",0.6803,0.293,0.806
r8_0139_insect,"Name an insect. Reply with only the name, nothing else.",0.625,butterfly -> real,0.625,butterfly -> real,0.6157,butterfly -> real,60,81,0.0,0.1,0.06,60,90,22,0.0,0.047,4.8,butterfly,0.75,5,2.45,6.39,0.333,"butterfly 42%, ant 23%","ant 37%, butterfly 17%",0.6281,0.28,0.671
r8s_1453_prince,"Suggest a type of prince. Reply with only the name, nothing else.",0.625,<long> -> bench,0.5222,prince harry -> bench,0.5355,princess -> bench,57,63,0.05,0.3,0.2,60,90,92,0.0,0.193,8.9,prince charming,0.1,19,18.66,66.14,0.125,"princess 8%, prince 7%","<long> 30%, princess 11%",0.6333,0.517,0.572
r8_1434_needle,"Name a needle. Reply with only the name, nothing else.",0.625,<long> -> bench,0.525,hypodermic needle -> real,0.5699,needle -> bench,59,66,0.017,0.267,0.167,60,90,75,0.0,0.14,7.9,surgical needle,0.35,8,5.89,32.23,0.328,"needle 25%, hypodermic needle 5%","needle 29%, <long> 27%",0.6575,0.433,0.676
r8_0419_toothbrush,"Name a toothbrush. Reply with only the name, nothing else.",0.625,<long> -> bench,0.5889,crest -> real,0.5634,crest -> real,59,66,0.017,0.267,0.167,60,90,36,0.0,0.153,8.4,crest,0.35,6,4.68,11.44,0.304,"crest 33%, colgate 28%","<long> 27%, colgate 23%",0.6719,0.199,0.988
r8_1833_spy,"Name a spy. Reply with only the name, nothing else.",0.625,<long> -> bench,0.6028,james bond -> real,0.5328,james bond -> real,49,51,0.183,0.433,0.333,60,90,33,0.0,0.293,13.2,james bond,0.95,2,1.22,6.43,0.64,"james bond 55%, <long> 18%","<long> 43%, james bond 34%",0.6531,0.229,0.739
r8s_0268_bay,"Suggest a type of bay. Reply with only the name, nothing else.",0.625,<long> -> bench,0.5222,bay area -> bench,0.5303,bay area -> bench,59,66,0.017,0.267,0.167,60,90,100,0.0,0.153,7.8,san francisco,0.15,15,13.78,82.78,0.088,"bay 7%, reservoir 3%","<long> 27%, bay 8%",0.6261,0.563,0.751
r8_1862_jelly,"Name a jelly. Reply with only the name, nothing else.",0.625,<long> -> bench,0.525,gelatin -> real,0.5526,jellyfish -> bench,57,63,0.05,0.3,0.2,60,90,71,0.0,0.18,9.4,jelly,0.5,6,3.69,32.05,0.283,"jellyfish 22%, jelly 8%","<long> 30%, jellyfish 23%",0.6797,0.417,0.753
r8_1812_limnodyte,"Name a limnodyte. Reply with only the name, nothing else.",0.625,<long> -> bench,0.5167,homer -> real,0.5278,lake superior -> bench,51,54,0.15,0.4,0.3,60,90,95,0.0,0.247,11.9,none,0.15,18,16.96,84.58,0.076,"<long> 15%, limnodyte 7%","<long> 40%, limnodyte 4%",0.6628,0.544,1.069
r8_1918_whisper,"Name a whisper. Reply with only the name, nothing else.",0.625,<long> -> bench,0.5111,ghost -> bench,0.5528,whisper -> bench,53,57,0.117,0.367,0.267,60,90,75,0.0,0.233,10.8,whisper,0.15,17,15.83,36.64,0.3,"whisper 22%, <long> 12%","<long> 37%, whisper 22%",0.6767,0.483,0.752
r8_0952_savanna,"Name a savanna. Reply with only the name, nothing else.",0.625,<long> -> bench,0.6222,serengeti -> real,0.5681,serengeti -> real,57,63,0.05,0.3,0.2,60,90,36,0.0,0.193,10.2,serengeti,0.9,3,1.48,8.72,0.525,"serengeti 57%, masai mara 7%","serengeti 32%, <long> 30%",0.6658,0.209,0.681
r8_1882_weld,"Name a weld. Reply with only the name, nothing else.",0.625,<long> -> bench,0.525,welder -> bench,0.5581,welder -> bench,53,57,0.117,0.367,0.267,60,90,72,0.0,0.22,10.8,butt weld,0.3,10,7.71,45.25,0.155,"<long> 12%, welder 8%","<long> 37%, welder 13%",0.6697,0.488,1.011
r8_0884_pig_breed,"Name a pig breed. Reply with only the name, nothing else.",0.625,<long> -> bench,0.5361,porky -> real,0.5379,large white -> bench,59,66,0.017,0.267,0.167,60,90,45,0.0,0.16,8.9,duroc,0.45,6,4.46,19.63,0.208,"yorkshire terrier 20%, duroc 15%","<long> 27%, duroc 16%",0.6583,0.111,0.995
r8_1256_business,"Name a type of business. Reply with only the name, nothing else.",0.625,<long> -> bench,0.5528,retail -> real,0.546,retail -> real,59,66,0.017,0.267,0.167,60,90,47,0.0,0.127,7.0,restaurant,0.35,8,5.12,21.91,0.248,"restaurant 20%, retail 15%","<long> 27%, restaurant 21%",0.6578,0.251,0.618
r8_0819_bioluminescent_animal,"Name a bioluminescent animal. Reply with only the name, nothing else.",0.625,<long> -> bench,0.6194,anglerfish -> real,0.5953,firefly -> bench,59,66,0.017,0.267,0.167,60,90,26,0.0,0.167,8.7,firefly,0.65,6,3.2,6.69,0.408,"anglerfish 48%, firefly 20%","firefly 29%, <long> 27%",0.6783,0.236,1.027
r8_1284_place_to_visit,"Name a place to visit. Reply with only the name, nothing else.",0.625,<long> -> bench,0.5694,paris -> real,0.5831,eiffel tower -> bench,57,63,0.05,0.3,0.2,60,90,50,0.0,0.16,8.5,paris,0.7,5,2.74,16.88,0.333,"paris 35%, eiffel tower 8%","<long> 30%, paris 21%",0.6411,0.266,0.876
r8_1269_board_game_brand,"Name a board game brand. Reply with only the name, nothing else.",0.625,<long> -> bench,0.5611,hasbro -> real,0.5444,monopoly -> bench,59,66,0.017,0.267,0.167,60,90,26,0.0,0.153,8.0,hasbro,0.8,5,2.18,7.53,0.352,"monopoly 30%, hasbro 27%","monopoly 29%, <long> 27%",0.6528,0.188,0.855
r8_0786_bird_call,"Name a bird call. Reply with only the name, nothing else.",0.625,<long> -> bench,0.5222,cheer -> bench,0.5333,chirp -> bench,59,66,0.017,0.267,0.167,60,90,61,0.0,0.153,8.7,chirp,0.45,10,6.48,20.58,0.408,"chirp 37%, tweet 5%","chirp 32%, <long> 27%",0.6456,0.398,0.853
r8_1162_girl_group,"Name a girl group. Reply with only the name, nothing else.",0.625,<long> -> bench,0.5917,blackpink -> real,0.5586,blackpink -> real,59,66,0.017,0.267,0.167,60,90,49,0.0,0.14,8.4,blackpink,0.4,9,6.16,17.63,0.328,"blackpink 38%, spice girls 10%","<long> 27%, blackpink 20%",0.6331,0.184,0.574
r8_0451_underground_feature,"Name a type of underground feature. Reply with only the name, nothing else.",0.625,<long> -> bench,0.5361,cave -> bench,0.6388,cave -> bench,59,66,0.017,0.267,0.167,60,90,27,0.0,0.16,8.2,cave,0.95,2,1.22,4.67,0.672,"cave 52%, tunnel 12%","cave 59%, <long> 27%",0.6639,0.135,0.989
r8s_1955_spice_bark,"Suggest a type of spice bark. Reply with only the name, nothing else.",0.625,<long> -> bench,0.5694,cinnamon -> bench,0.6399,cinnamon -> bench,57,63,0.05,0.3,0.2,60,90,51,0.0,0.18,9.0,cinnamon bark,0.2,16,14.14,18.57,0.375,"cinnamon 22%, black pepper 10%","cinnamon 36%, <long> 30%",0.6603,0.376,1.096
r8s_1027_ray,"Suggest a type of ray. Reply with only the name, nothing else.",0.625,<long> -> bench,0.5694,gamma ray -> bench,0.6086,gamma ray -> bench,57,63,0.05,0.3,0.2,60,90,76,0.0,0.187,8.9,gamma ray,0.5,7,4.67,44.95,0.167,"gamma 10%, none 5%","<long> 30%, gamma ray 19%",0.6478,0.461,0.726
r8_0442_brownie,"Name a brownie. Reply with only the name, nothing else.",0.625,<long> -> bench,0.5333,snickers -> real,0.5397,chocolate -> bench,57,63,0.05,0.3,0.2,60,90,86,0.0,0.187,9.4,fudge,0.15,15,13.42,67.7,0.083,"snickers 7%, brownie 5%","<long> 30%, fudge 8%",0.6619,0.432,0.808
r8_0473_knitting_stitch,"Name a knitting stitch. Reply with only the name, nothing else.",0.625,<long> -> bench,0.5806,knit stitch -> real,0.5723,knit stitch -> real,59,66,0.017,0.267,0.167,60,90,34,0.0,0.16,8.5,garter stitch,0.5,8,4.79,14.4,0.288,"garter stitch 22%, knit stitch 22%","<long> 27%, garter stitch 26%",0.6433,0.236,0.846
r8_1377_celestial_body_type,"Name a celestial body type. Reply with only the name, nothing else.",0.625,<long> -> bench,0.5583,mars -> real,0.5535,mars -> real,59,66,0.017,0.267,0.167,60,90,26,0.0,0.153,7.7,star,0.55,6,3.58,8.49,0.472,"planet 43%, mars 15%","planet 37%, <long> 27%",0.6469,0.229,1.102
r8s_1651_life_stage,"Suggest a type of life stage. Reply with only the name, nothing else.",0.625,<long> -> bench,0.5944,adolescence -> real,0.5848,adolescence -> real,57,63,0.05,0.3,0.2,60,90,56,0.0,0.173,8.8,adolescence,0.35,8,5.89,27.32,0.192,"adolescence 27%, adulthood 18%","<long> 30%, adult 11%",0.645,0.458,0.657
r8_0871_invertebrate,"Name an invertebrate. Reply with only the name, nothing else.",0.625,octopus -> real,0.625,octopus -> real,0.6012,octopus -> real,60,70,0.0,0.222,0.133,60,90,42,0.0,0.127,7.1,earthworm,0.2,13,10.9,16.36,0.308,"octopus 42%, earthworm 17%","<long> 22%, octopus 17%",0.6558,0.346,1.2
r8_0828_shower,"Name a shower. Reply with only the name, nothing else.",0.625,<long> -> bench,0.5167,none -> real,0.5175,none -> real,57,63,0.05,0.3,0.2,60,90,98,0.0,0.187,9.5,rain,0.1,18,17.41,78.39,0.108,"shower 10%, <long> 5%","<long> 30%, shower 8%",0.6564,0.468,0.901
r8s_1794_odor,"Suggest a type of odor. Reply with only the name, nothing else.",0.625,<long> -> bench,0.6028,floral -> bench,0.65,floral -> bench,57,63,0.05,0.3,0.2,60,90,69,0.0,0.18,8.6,vanilla,0.15,17,15.83,36.5,0.175,"rose 10%, vanilla 8%","<long> 30%, floral 22%",0.6525,0.475,0.576
r8s_1058_ninja,"Suggest a type of ninja. Reply with only the name, nothing else.",0.625,<long> -> bench,0.5167,genin -> real,0.525,yamanaka -> bench,55,60,0.083,0.333,0.233,60,90,92,0.0,0.227,10.4,shinobi,0.2,17,15.16,74.83,0.078,"<long> 8%, shinobi 5%","<long> 33%, shinobi 7%",0.6611,0.487,0.761
r8_0049_architectural_style,"Name an architectural style. Reply with only the name, nothing else.",0.625,<long> -> bench,0.5778,microservices -> real,0.5772,microservices -> real,59,66,0.017,0.267,0.167,60,90,58,0.0,0.167,8.5,gothic,0.9,3,1.48,23.54,0.312,"gothic 23%, microservices 17%","gothic 28%, <long> 27%",0.6372,0.358,0.512
r8_0936_pulley,"Name a pulley. Reply with only the name, nothing else.",0.625,<long> -> bench,0.575,fixed pulley -> real,0.5789,fixed pulley -> real,57,63,0.05,0.3,0.2,60,90,29,0.0,0.173,9.0,block and tackle,0.55,7,4.23,7.56,0.517,"block and tackle 42%, fixed pulley 15%","block and tackle 41%, <long> 30%",0.6558,0.272,0.896
r8s_0851_tower,"Suggest a type of tower. Reply with only the name, nothing else.",0.625,<long> -> bench,0.5444,skyscraper -> real,0.5447,skyscraper -> real,57,63,0.05,0.3,0.2,60,90,87,0.0,0.187,8.6,lighthouse,0.15,17,15.83,65.97,0.092,"skyscraper 10%, lighthouse 8%","<long> 30%, lighthouse 7%",0.6519,0.44,0.809
r8s_0873_wind_type,"Suggest a wind type. Reply with only the name, nothing else.",0.625,<long> -> bench,0.5167,mistral -> real,0.5175,mistral -> real,57,63,0.05,0.3,0.2,60,90,91,0.0,0.18,8.8,zephyr,0.3,8,6.18,65.56,0.15,"tornado 13%, <long> 5%","<long> 30%, tornado 11%",0.6242,0.643,0.746
r8s_0755_spider,"Suggest a type of spider. Reply with only the name, nothing else.",0.625,<long> -> bench,0.5639,tarantula -> real,0.5347,black widow -> bench,59,66,0.017,0.267,0.167,60,90,39,0.0,0.16,8.3,black widow,0.5,8,4.79,11.11,0.368,"tarantula 38%, black widow 20%","<long> 27%, tarantula 26%",0.6206,0.305,0.688
r8_1660_warrior,"Name a warrior. Reply with only the name, nothing else.",0.625,<long> -> bench,0.5333,aragorn -> bench,0.5455,aragorn -> bench,59,66,0.017,0.267,0.167,60,90,47,0.0,0.153,8.5,achilles,0.15,18,16.96,20.97,0.224,"arthur 22%, achilles 15%","<long> 27%, arthur 17%",0.6597,0.224,0.835
r8_0653_flower_reproductive_pa,"Name a flower reproductive part. Reply with only the name, nothing else.",0.6222,<long> -> bench,0.5806,pistil -> real,0.577,pistil -> real,60,68,0.0,0.244,0.147,60,90,10,0.0,0.14,7.3,petal,0.65,3,2.36,2.93,0.672,"petal 62%, pistil 18%","petal 54%, <long> 24%",0.6614,0.171,0.821
r8_0009_galaxy,"Name a galaxy. Reply with only the name, nothing else.",0.6222,<long> -> bench,0.5583,milky way -> real,0.5529,andromeda -> bench,60,68,0.0,0.244,0.147,60,90,20,0.0,0.147,8.2,andromeda,0.75,2,1.75,3.49,0.656,"andromeda 60%, milky way 25%","andromeda 53%, <long> 24%",0.6333,0.107,0.913
r8_1966_gum_flavor,"Name a gum flavor. Reply with only the name, nothing else.",0.6222,<long> -> bench,0.5833,strawberry -> real,0.5613,mint -> real,60,68,0.0,0.244,0.147,60,90,46,0.0,0.14,7.7,strawberry,0.4,9,6.43,19.79,0.273,"strawberry 33%, mint 17%","<long> 24%, strawberry 17%",0.6556,0.309,0.794
r8_0230_legend,"Name a legend. Reply with only the name, nothing else.",0.6222,<long> -> bench,0.55,arthur -> bench,0.5726,arthur -> bench,56,62,0.067,0.311,0.213,60,90,89,0.0,0.193,9.9,achilles,0.2,12,10.17,71.18,0.076,"leonardo da vinci 8%, <long> 7%","<long> 31%, arthur 10%",0.6758,0.469,0.468
r8_0295_leafy_salad_green,"Name a leafy salad green. Reply with only the name, nothing else.",0.6222,<long> -> bench,0.5639,kale -> real,0.5495,kale -> real,60,68,0.0,0.244,0.147,60,90,16,0.0,0.133,7.7,lettuce,0.9,3,1.48,6.12,0.383,"arugula 38%, kale 22%","arugula 29%, <long> 24%",0.6322,0.168,0.777
r8_0904_jungle_animal,"Name a jungle animal. Reply with only the name, nothing else.",0.6222,lion -> real,0.6222,lion -> real,0.5567,lion -> real,60,75,0.0,0.167,0.1,60,90,14,0.0,0.1,6.2,lion,0.85,4,1.8,2.26,0.837,"lion 90%, elephant 5%","lion 66%, <long> 17%",0.6794,0.099,0.843
r8_0855_food_group,"Name a food group. Reply with only the name, nothing else.",0.6222,<long> -> bench,0.5972,fruits -> real,0.5686,fruit -> real,60,68,0.0,0.244,0.147,60,90,17,0.0,0.12,7.1,fruits,0.75,3,1.99,5.66,0.508,"fruits 55%, fruit 17%","fruits 36%, <long> 24%",0.6661,0.218,1.034
r8_1052_doll_brand,"Name a doll brand. Reply with only the name, nothing else.",0.6222,<long> -> bench,0.5639,barbie -> real,0.5182,mattel -> real,58,65,0.033,0.278,0.18,60,90,54,0.0,0.167,8.5,barbie,0.7,6,2.94,14.15,0.496,"barbie 48%, mattel 5%","barbie 36%, <long> 28%",0.6622,0.343,0.743
r8_0691_boy_band,"Name a boy band. Reply with only the name, nothing else.",0.6222,<long> -> bench,0.5778,backstreet boys -> real,0.5277,bts -> real,58,65,0.033,0.278,0.18,60,90,28,0.0,0.153,8.8,backstreet boys,0.9,3,1.48,6.33,0.577,"backstreet boys 57%, one direction 10%","backstreet boys 41%, <long> 28%",0.6281,0.264,1.098
r8_1331_articulation_in_music,"Name an articulation in music. Reply with only the name, nothing else.",0.6222,<long> -> bench,0.5583,portamento -> real,0.5583,portamento -> real,60,68,0.0,0.244,0.147,60,90,58,0.0,0.14,7.9,legato,0.35,11,7.67,31.31,0.164,"legato 15%, trill 12%","<long> 24%, trill 16%",0.6369,0.403,0.916
r8_0575_amusement_park,"Name an amusement park. Reply with only the name, nothing else.",0.6222,<long> -> bench,0.6194,disneyland -> real,0.5314,disneyland -> real,60,68,0.0,0.244,0.147,60,90,25,0.0,0.147,7.7,disneyland,0.9,3,1.48,3.69,0.75,"disneyland 78%, six flags 3%","disneyland 54%, <long> 24%",0.6331,0.214,0.868
r8_1300_migratory_bird,"Name a migratory bird. Reply with only the name, nothing else.",0.6222,<long> -> bench,0.5417,swallow -> real,0.5385,red-tailed hawk -> bench,58,65,0.033,0.278,0.18,60,90,57,0.0,0.14,8.6,arctic tern,0.2,13,11.19,28.44,0.187,"arctic tern 20%, swallow 18%","<long> 28%, arctic tern 12%",0.6083,0.413,0.941
r8_1560_branch_of_engineering,"Name a type of branch of engineering. Reply with only the name, nothing else.",0.6222,<long> -> bench,0.5417,electrical engineering -> real,0.5417,electrical engineering -> real,60,68,0.0,0.244,0.147,60,90,45,0.0,0.147,7.4,mechanical engineering,0.45,6,4.06,16.33,0.367,"civil engineering 33%, mechanical engineering 8%","civil engineering 30%, <long> 24%",0.6311,0.303,0.489
r8_0693_cryptid,"Name a cryptid. Reply with only the name, nothing else.",0.6222,<long> -> bench,0.5722,bigfoot -> real,0.5201,bigfoot -> real,60,68,0.0,0.244,0.147,60,90,17,0.0,0.147,8.1,bigfoot,0.55,3,2.33,3.49,0.445,"bigfoot 47%, chupacabra 45%","chupacabra 33%, bigfoot 32%",0.645,0.107,0.85
r8_0198_academic_field,"Name an academic field. Reply with only the name, nothing else.",0.6222,<long> -> bench,0.5444,mathematics -> real,0.5828,physics -> bench,60,68,0.0,0.244,0.147,60,90,29,0.0,0.14,7.0,physics,0.55,7,4.05,9.33,0.305,"computer science 27%, physics 22%","physics 29%, <long> 24%",0.6233,0.201,1.289
r8_1306_animal_defense,"Name an animal defense. Reply with only the name, nothing else.",0.6222,<long> -> bench,0.5556,camouflage -> bench,0.6059,camouflage -> bench,60,68,0.0,0.244,0.147,60,90,71,0.0,0.14,7.5,camouflage,0.95,2,1.22,31.33,0.312,"camouflage 20%, echolocation 8%","camouflage 31%, <long> 24%",0.6764,0.471,1.027
r8s_1413_whistle,"Suggest a type of whistle. Reply with only the name, nothing else.",0.6222,<long> -> bench,0.5167,pipe whistle -> real,0.5487,whistle -> bench,56,62,0.067,0.311,0.213,60,90,86,0.0,0.2,9.8,whistle,0.15,18,16.96,53.68,0.212,"whistle 15%, <long> 7%","<long> 31%, whistle 18%",0.6553,0.518,0.828
r8_0503_garden,"Name a garden. Reply with only the name, nothing else.",0.6222,<long> -> bench,0.5444,central park -> bench,0.575,central park -> bench,60,68,0.0,0.244,0.147,60,90,90,0.0,0.14,8.0,rose garden,0.15,17,15.83,56.34,0.18,"central park 10%, yard 5%","<long> 24%, central park 19%",0.6717,0.437,0.714
r8_1153_flashlight,"Name a flashlight. Reply with only the name, nothing else.",0.6222,<long> -> bench,0.5417,torch -> real,0.556,flashlight -> bench,58,65,0.033,0.278,0.18,60,90,79,0.0,0.153,8.8,maglite,0.15,18,16.96,45.58,0.163,"torch 15%, flashlight 10%","<long> 28%, flashlight 16%",0.6428,0.379,0.797
r8_0606_incense,"Name an incense. Reply with only the name, nothing else.",0.6222,<long> -> bench,0.6167,sandalwood -> real,0.6005,sandalwood -> real,60,68,0.0,0.244,0.147,60,90,54,0.0,0.147,7.9,frankincense,0.55,6,3.58,18.44,0.25,"sandalwood 33%, frankincense 20%","<long> 24%, frankincense 22%",0.6753,0.299,0.793
r8_0556_bedroom_item,"Name a bedroom item. Reply with only the name, nothing else.",0.6222,<long> -> bench,0.5306,bed -> real,0.5539,bed -> bench,60,68,0.0,0.244,0.147,60,90,28,0.0,0.14,6.7,bed,0.55,8,4.54,5.64,0.641,"bed 58%, bedsheet 7%","bed 52%, <long> 24%",0.6472,0.148,0.76
r8s_1482_brake,"Suggest a type of brake. Reply with only the name, nothing else.",0.6222,<long> -> bench,0.5333,disc brakes -> real,0.5516,disc brake -> bench,58,65,0.033,0.278,0.18,60,90,56,0.0,0.173,8.5,disc brake,0.8,5,2.18,17.61,0.382,"disc brake 32%, disc brakes 13%","disc brake 31%, <long> 28%",0.6453,0.36,0.84
r8_0135_natural_phenomenon,"Name a natural phenomenon. Reply with only the name, nothing else.",0.6222,<long> -> bench,0.5778,aurora -> real,0.6191,eclipse -> bench,60,68,0.0,0.244,0.147,60,90,38,0.0,0.133,7.5,rain,0.25,9,7.48,10.31,0.477,"eclipse 35%, aurora 20%","eclipse 44%, <long> 24%",0.6542,0.321,1.072
r8_1056_science_fiction_novel,"Name a science fiction novel. Reply with only the name, nothing else.",0.6222,dune -> real,0.6222,dune -> real,0.5381,dune -> real,60,73,0.0,0.189,0.113,60,90,7,0.0,0.093,6.3,dune,0.95,2,1.22,1.45,0.925,"dune 97%, neuromancer 2%","dune 72%, <long> 19%",0.6589,0.068,0.947
r8_1155_dessert_topping,"Name a type of dessert topping. Reply with only the name, nothing else.",0.6222,<long> -> bench,0.5444,sprinkles -> real,0.5569,whipped cream -> bench,60,68,0.0,0.244,0.147,60,90,36,0.0,0.127,7.8,whipped cream,0.45,11,6.94,16.71,0.25,"sprinkles 27%, chocolate chips 12%","<long> 24%, sprinkles 18%",0.6458,0.255,0.877
r8_1114_fictional_sword,"Name a fictional sword. Reply with only the name, nothing else.",0.6222,<long> -> bench,0.6,excalibur -> bench,0.6701,excalibur -> bench,60,68,0.0,0.244,0.147,60,90,62,0.0,0.133,7.9,excalibur,0.8,5,2.18,20.09,0.414,"excalibur 23%, starfall 5%","excalibur 43%, <long> 24%",0.6614,0.279,1.181
r8_0149_dessert,"Name a dessert. Reply with only the name, nothing else.",0.6222,<long> -> bench,0.5528,chocolate cake -> real,0.577,chocolate chip cookies -> bench,60,68,0.0,0.244,0.147,60,90,35,0.0,0.14,7.8,chocolate cake,0.45,6,4.33,13.12,0.266,"tiramisu 23%, chocolate cake 22%","<long> 24%, tiramisu 22%",0.6364,0.204,0.821
r8_0657_party_supply,"Name a party supply. Reply with only the name, nothing else.",0.6222,<long> -> bench,0.6028,balloon -> real,0.5578,balloon -> real,60,68,0.0,0.244,0.147,60,90,33,0.0,0.14,7.5,balloon,0.9,3,1.48,8.5,0.422,"balloon 48%, balloons 18%","balloon 28%, <long> 24%",0.6331,0.249,0.694
r8s_0563_biome,"Suggest a type of biome. Reply with only the name, nothing else.",0.6222,<long> -> bench,0.5972,tropical rainforest -> bench,0.657,tropical rainforest -> bench,56,62,0.067,0.311,0.213,60,90,49,0.0,0.2,9.7,tropical rainforest,0.3,7,5.52,22.11,0.254,"tundra 18%, temperate rainforest 8%","<long> 31%, tropical rainforest 28%",0.6369,0.383,0.548
r8_0962_goddess,"Name a type of goddess. Reply with only the name, nothing else.",0.6222,<long> -> bench,0.5472,goddess -> bench,0.58,goddess -> bench,58,65,0.033,0.278,0.18,60,90,45,0.0,0.167,9.6,goddess,0.5,7,4.23,18.57,0.276,"athena 25%, goddess 8%","<long> 28%, athena 21%",0.645,0.252,0.867
r8_1082_nonfiction_genre,"Name a nonfiction genre. Reply with only the name, nothing else.",0.6222,<long> -> bench,0.6139,biography -> real,0.5564,biography -> real,60,68,0.0,0.244,0.147,60,90,24,0.0,0.12,7.3,biography,0.8,4,2.03,7.23,0.523,"biography 58%, history 7%","biography 36%, <long> 24%",0.6306,0.252,0.938
r8_1341_mattress,"Name a type of mattress. Reply with only the name, nothing else.",0.6222,<long> -> bench,0.6167,memory foam -> real,0.5735,memory foam -> real,60,68,0.0,0.244,0.147,60,90,34,0.0,0.127,7.1,memory foam,0.6,4,2.63,10.82,0.422,"memory foam 50%, mattress 15%","memory foam 27%, <long> 24%",0.6653,0.372,0.832
r8_1442_force,"Name a force. Reply with only the name, nothing else.",0.6222,<long> -> bench,0.5361,gravity -> real,0.5357,force -> real,56,62,0.067,0.311,0.213,60,90,61,0.0,0.173,8.7,gravity,0.9,2,1.38,21.88,0.39,"gravity 35%, <long> 7%","<long> 31%, gravity 28%",0.6619,0.359,0.686
r8_1376_washing_machine,"Name a washing machine. Reply with only the name, nothing else.",0.6222,<long> -> bench,0.5639,samsung -> real,0.5214,samsung -> real,58,65,0.033,0.278,0.18,60,90,35,0.0,0.167,8.8,samsung,0.5,10,5.9,9.56,0.374,"samsung 38%, whirlpool 28%","<long> 28%, samsung 26%",0.6447,0.271,0.936
r8_0552_water_sport,"Name a water sport. Reply with only the name, nothing else.",0.6222,skiing -> real,0.6222,skiing -> real,0.6069,skiing -> real,60,72,0.0,0.2,0.12,60,90,35,0.0,0.113,7.5,surfing,0.4,8,5.74,11.28,0.326,"skiing 37%, surfing 25%","surfing 31%, <long> 20%",0.6406,0.18,0.781
r8_0973_kappa,"Name a kappa. Reply with only the name, nothing else.",0.6222,<long> -> bench,0.5167,grey -> real,0.5249,kappa -> bench,50,53,0.167,0.411,0.313,60,90,86,0.0,0.3,12.7,cat,0.05,20,20.0,65.79,0.146,"<long> 17%, kappa 10%","<long> 41%, kappa 10%",0.6736,0.444,0.804
r8_0093_marsupial,"Name a marsupial. Reply with only the name, nothing else.",0.6222,<long> -> bench,0.5639,kangaroo -> real,0.5172,kangaroo -> real,60,68,0.0,0.244,0.147,60,90,12,0.0,0.133,7.7,koala,0.7,4,2.39,3.32,0.484,"koala 48%, kangaroo 42%","koala 37%, kangaroo 29%",0.7197,0.027,0.966
r8_0103_candy_bar,"Name a candy bar. Reply with only the name, nothing else.",0.6222,<long> -> bench,0.6056,snickers -> real,0.5642,snickers -> real,60,68,0.0,0.244,0.147,60,90,16,0.0,0.14,7.9,snickers,0.85,4,1.8,4.56,0.398,"snickers 47%, milky way 37%","snickers 26%, <long> 24%",0.6522,0.102,0.857
r8_0327_whale,"Name a whale. Reply with only the name, nothing else.",0.6222,<long> -> bench,0.5361,blue -> real,0.577,blue whale -> bench,60,68,0.0,0.244,0.147,60,90,28,0.0,0.14,7.5,blue whale,0.8,4,2.03,4.9,0.648,"blue whale 57%, blue 15%","blue whale 54%, <long> 24%",0.6358,0.139,0.742
r8_0039_ancient_civilization,"Name an ancient civilization. Reply with only the name, nothing else.",0.6222,<long> -> bench,0.575,rome -> real,0.5426,rome -> real,60,68,0.0,0.244,0.147,60,90,17,0.0,0.14,6.9,egypt,0.75,4,2.28,3.95,0.539,"egypt 55%, rome 35%","egypt 40%, <long> 24%",0.6406,0.123,0.84
r8_0101_leafy_green,"Name a leafy green. Reply with only the name, nothing else.",0.6222,<long> -> bench,0.575,spinach -> real,0.5176,arugula -> real,60,68,0.0,0.244,0.147,60,90,13,0.0,0.14,7.4,spinach,0.7,2,1.84,3.17,0.617,"spinach 62%, kale 28%","spinach 47%, <long> 24%",0.6692,0.136,0.848
r8_0438_car_part,"Name a car part. Reply with only the name, nothing else.",0.6222,<long> -> bench,0.5861,engine -> real,0.5392,brake pad -> real,60,68,0.0,0.244,0.147,60,90,31,0.0,0.12,7.0,brake pad,0.25,11,8.98,10.2,0.445,"engine 48%, brake pad 17%","engine 31%, <long> 24%",0.6611,0.271,0.733
r8_0020_day_of_the_week,"Name a day of the week. Reply with only the name, nothing else.",0.6222,monday -> real,0.6222,monday -> real,0.5324,monday -> real,60,68,0.0,0.244,0.147,60,90,11,0.0,0.133,6.3,monday,0.95,2,1.22,2.68,0.766,"monday 80%, sunday 8%","monday 56%, <long> 24%",0.6731,0.162,0.92
r8_0433_college_major,"Name a college major. Reply with only the name, nothing else.",0.6222,<long> -> bench,0.6083,computer science -> real,0.5495,biology -> bench,60,68,0.0,0.244,0.147,60,90,18,0.0,0.147,7.3,computer science,0.55,6,3.78,3.94,0.648,"computer science 68%, psychology 13%","computer science 47%, <long> 24%",0.635,0.159,0.73
r8_0070_building_material,"Name a building material. Reply with only the name, nothing else.",0.6222,<long> -> bench,0.5917,concrete -> real,0.5392,cement -> real,60,68,0.0,0.244,0.147,60,90,16,0.0,0.133,6.6,concrete,0.85,2,1.53,2.85,0.75,"concrete 75%, cement 17%","concrete 57%, <long> 24%",0.64,0.16,0.951
r8_0833_honey_source_flower,"Name a honey source flower. Reply with only the name, nothing else.",0.6222,<long> -> bench,0.5778,clover -> real,0.5853,buckwheat -> bench,60,68,0.0,0.244,0.147,60,90,61,0.0,0.12,7.7,lavender,0.2,13,11.19,36.36,0.141,"clover 17%, sunflower 10%","<long> 24%, buckwheat 17%",0.6344,0.332,0.92
r8_1545_manga,"Name a manga. Reply with only the name, nothing else.",0.6222,<long> -> bench,0.5972,one piece -> real,0.5196,naruto -> real,60,68,0.0,0.244,0.147,60,90,18,0.0,0.133,7.7,one piece,0.9,3,1.48,2.47,0.82,"one piece 82%, naruto 8%","one piece 62%, <long> 24%",0.6497,0.122,0.903
r8_0196_vehicle,"Name a vehicle. Reply with only the name, nothing else.",0.6222,<long> -> bench,0.5333,toyota -> real,0.55,car -> bench,60,68,0.0,0.244,0.147,60,90,30,0.0,0.127,7.1,toyota camry,0.35,11,8.01,10.46,0.289,"tesla 28%, toyota camry 18%","<long> 24%, tesla 22%",0.6522,0.208,0.769
r8s_0115_acid,"Suggest a type of acid. Reply with only the name, nothing else.",0.6222,<long> -> bench,0.55,citric acid -> real,0.5536,citric acid -> real,56,62,0.067,0.311,0.213,60,90,44,0.0,0.207,10.3,sulfuric acid,0.65,4,2.67,18.67,0.297,"sulfuric acid 27%, sulfuric 10%","<long> 31%, sulfuric acid 21%",0.6364,0.289,0.7
r8_1974_camera_brand,"Name a camera brand. Reply with only the name, nothing else.",0.6222,<long> -> bench,0.5861,sony -> real,0.5627,sony -> real,60,68,0.0,0.244,0.147,60,90,16,0.0,0.14,6.9,canon,0.95,2,1.22,4.0,0.57,"canon 57%, sony 32%","canon 43%, <long> 24%",0.6442,0.112,0.865
r8s_0885_dwarve,"Suggest a type of dwarve. Reply with only the name, nothing else.",0.6222,<long> -> bench,0.5611,mountain dwarf -> real,0.5613,mountain dwarf -> real,58,65,0.033,0.278,0.18,60,90,83,0.0,0.167,8.3,stoneheart,0.1,19,18.66,53.42,0.146,"mountain dwarf 13%, stone 10%","<long> 28%, stone 13%",0.6475,0.435,0.858
r8_1291_british_novelist,"Name a british novelist. Reply with only the name, nothing else.",0.6222,<long> -> bench,0.575,george orwell -> real,0.5588,george orwell -> real,60,68,0.0,0.244,0.147,60,90,24,0.0,0.147,7.9,george orwell,0.35,8,6.34,8.27,0.336,"jane austen 35%, george orwell 25%","<long> 24%, jane austen 24%",0.6228,0.257,0.731
r8_1944_swimsuit,"Name a swimsuit. Reply with only the name, nothing else.",0.6222,<long> -> bench,0.5972,bikini -> real,0.5632,swimsuit -> bench,60,68,0.0,0.244,0.147,60,90,35,0.0,0.14,7.9,one-piece,0.45,5,3.51,10.77,0.391,"bikini 45%, one piece 13%","bikini 26%, <long> 24%",0.6553,0.231,0.799
r8_1196_alphabet_other_than_en,"Name an alphabet other than english. Reply with only the name, nothing else.",0.6222,<long> -> bench,0.5889,french -> bench,0.623,french -> bench,60,68,0.0,0.244,0.147,60,90,53,0.0,0.14,7.5,cyrillic,0.55,6,3.78,24.13,0.227,"cyrillic 22%, greek 10%","<long> 24%, french 21%",0.6319,0.28,0.808
r8_0437_south_american_country,"Name a south american country. Reply with only the name, nothing else.",0.6222,brazil -> real,0.6222,brazil -> real,0.5256,brazil -> real,60,71,0.0,0.211,0.127,60,90,8,0.0,0.107,5.6,brazil,0.95,2,1.22,1.39,0.939,"brazil 97%, argentina 3%","brazil 72%, <long> 21%",0.6506,0.062,0.937
r8_1858_piece_of_outdoor_furni,"Name a type of piece of outdoor furniture. Reply with only the name, nothing else.",0.6222,<long> -> bench,0.5722,chair -> bench,0.6279,chair -> bench,60,68,0.0,0.244,0.147,60,90,27,0.0,0.12,7.0,chaise lounge,0.2,11,9.49,8.61,0.336,"bench 25%, chair 20%","chair 34%, <long> 24%",0.6506,0.318,0.881
r8_0961_fish_scale_shape,"Name a fish scale shape. Reply with only the name, nothing else.",0.6222,<long> -> bench,0.5694,cycloid -> bench,0.5991,cycloid -> bench,58,65,0.033,0.278,0.18,60,90,81,0.0,0.167,8.5,cycloid,0.65,8,3.78,56.36,0.122,"scales 8%, ctenoid 8%","<long> 28%, cycloid 16%",0.6692,0.418,1.15
r8_0772_installation_art,"Name an installation art. Reply with only the name, nothing else.",0.6222,<long> -> bench,0.525,fountain -> bench,0.5416,fountain -> bench,54,59,0.1,0.344,0.247,60,90,97,0.0,0.18,10.3,cloud gate,0.15,18,16.96,86.06,0.062,"<long> 10%, cloud gate 3%","<long> 34%, fountain 7%",0.6653,0.619,0.566
r8_0056_literary_genre,"Name a literary genre. Reply with only the name, nothing else.",0.6222,<long> -> bench,0.6056,science fiction -> real,0.5703,science fiction -> real,58,65,0.033,0.278,0.18,60,90,25,0.0,0.16,8.1,novel,0.55,7,4.23,10.18,0.374,"science fiction 43%, fantasy 7%","<long> 28%, science fiction 22%",0.6217,0.271,0.798
r8_0395_board_game_piece,"Name a board game piece. Reply with only the name, nothing else.",0.6222,<long> -> bench,0.5611,rook -> bench,0.5917,rook -> bench,60,68,0.0,0.244,0.147,60,90,41,0.0,0.133,7.1,knight,0.3,5,3.99,19.35,0.164,"knight 13%, chess piece 12%","<long> 24%, rook 19%",0.6539,0.346,0.912
r8s_1086_greeting_card_occasion,"Suggest a type of greeting card occasion. Reply with only the name, nothing else.",0.6222,<long> -> bench,0.5528,anniversary -> real,0.5608,birthday -> bench,60,68,0.0,0.244,0.147,60,90,26,0.0,0.133,7.0,birthday,0.3,9,7.19,6.4,0.531,"birthday 47%, anniversary 15%","birthday 44%, <long> 24%",0.6489,0.211,0.993
r8_0113_seed,"Name a seed. Reply with only the name, nothing else.",0.6222,<long> -> bench,0.5361,sunflower -> bench,0.5646,sunflower -> bench,58,65,0.033,0.278,0.18,60,90,87,0.0,0.16,8.8,sunflower seed,0.4,7,5.0,58.11,0.154,"sunflower 8%, wheat 7%","<long> 28%, sunflower 16%",0.7228,0.5,0.521
r8_0184_unit_of_temperature,"Name a type of unit of temperature. Reply with only the name, nothing else.",0.6222,<long> -> bench,0.5778,celsius -> real,0.5456,fahrenheit -> real,60,68,0.0,0.244,0.147,60,90,9,0.0,0.14,7.2,celsius,0.9,3,1.48,2.85,0.711,"celsius 70%, fahrenheit 15%","celsius 54%, <long> 24%",0.6678,0.221,0.896
r8s_1047_ball_sport,"Suggest a type of ball sport. Reply with only the name, nothing else.",0.6222,tennis -> real,0.6222,tennis -> real,0.5986,tennis -> real,60,69,0.0,0.233,0.14,60,90,20,0.0,0.133,7.3,basketball,0.4,4,3.74,6.94,0.295,"tennis 40%, soccer 23%","<long> 23%, soccer 22%",0.6508,0.229,0.834
r8_1495_drink_type,"Name a drink type. Reply with only the name, nothing else.",0.6222,<long> -> bench,0.55,iced tea -> real,0.5569,wine -> bench,60,68,0.0,0.244,0.147,60,90,41,0.0,0.133,7.3,tea,0.25,9,7.48,20.11,0.148,"whiskey 17%, coffee 12%","<long> 24%, coffee 13%",0.6331,0.26,0.766
r8_1875_flower_bulb,"Name a flower bulb. Reply with only the name, nothing else.",0.6222,<long> -> bench,0.6222,tulip -> real,0.5162,tulip -> real,60,68,0.0,0.244,0.147,60,90,9,0.0,0.127,7.7,tulip,0.9,2,1.38,1.69,0.883,"tulip 90%, daffodil 8%","tulip 66%, <long> 24%",0.6925,0.101,0.828
r8_1514_fortified_wine,"Name a fortified wine. Reply with only the name, nothing else.",0.6222,<long> -> bench,0.5528,port -> real,0.5345,sherry -> real,58,65,0.033,0.278,0.18,60,90,42,0.0,0.167,8.3,port,0.95,2,1.22,12.85,0.472,"port 45%, sherry 7%","port 34%, <long> 28%",0.6342,0.222,0.747
r8_1490_motorboat,"Name a motorboat. Reply with only the name, nothing else.",0.6222,<long> -> bench,0.5389,sea ray -> real,0.5363,sea ray -> real,58,65,0.033,0.278,0.18,60,90,95,0.0,0.147,8.2,sea ray,0.3,15,11.68,77.25,0.065,"sea ray 10%, sunseeker 8%","<long> 28%, seawolf 3%",0.6464,0.529,0.869
r8_1193_type_of_fictional_spac,"Name a type of fictional spaceship. Reply with only the name, nothing else.",0.6222,<long> -> bench,0.5361,enterprise -> bench,0.6152,enterprise -> bench,60,68,0.0,0.244,0.147,60,90,53,0.0,0.133,7.4,enterprise,0.15,13,11.68,11.58,0.539,"enterprise 42%, destroyer 5%","enterprise 49%, <long> 24%",0.6514,0.217,1.039
r8_1227_tv_brand,"Name a tv brand. Reply with only the name, nothing else.",0.6222,<long> -> bench,0.5972,sony -> real,0.5917,samsung -> bench,60,68,0.0,0.244,0.147,60,90,9,0.0,0.14,6.4,samsung,0.95,2,1.22,2.65,0.664,"samsung 57%, sony 32%","samsung 57%, <long> 24%",0.6411,0.104,0.931
r8_1850_algae,"Name an algae. Reply with only the name, nothing else.",0.6222,<long> -> bench,0.5806,spirulina -> real,0.5828,spirogyra -> bench,60,68,0.0,0.244,0.147,60,90,37,0.0,0.147,8.8,spirogyra,0.45,7,4.91,13.76,0.305,"spirogyra 22%, sargassum 18%","spirogyra 29%, <long> 24%",0.6367,0.198,0.972
r8_0965_garden_implement,"Name a type of garden implement. Reply with only the name, nothing else.",0.6222,<long> -> bench,0.6056,rake -> real,0.6235,shovel -> bench,60,68,0.0,0.244,0.147,60,90,18,0.0,0.14,7.4,shovel,0.55,8,4.66,4.67,0.531,"shovel 40%, rake 33%","shovel 49%, <long> 24%",0.6622,0.18,0.882
r8_1774_custard,"Name a custard. Reply with only the name, nothing else.",0.6222,<long> -> bench,0.5278,eggnog -> bench,0.5403,eggnog -> bench,56,62,0.067,0.311,0.213,60,90,90,0.0,0.2,10.2,crème brûlée,0.15,16,14.77,73.54,0.076,"custard 8%, <long> 7%","<long> 31%, eggnog 6%",0.6717,0.445,0.792
r8s_1621_board_game_piece,"Suggest a type of board game piece. Reply with only the name, nothing else.",0.6222,<long> -> bench,0.5583,knight -> bench,0.5961,knight -> bench,60,68,0.0,0.244,0.147,60,90,57,0.0,0.12,7.1,chess knight,0.25,14,11.64,29.11,0.219,"pawn 12%, knight 12%","<long> 24%, knight 23%",0.6622,0.339,0.697
r8_0539_volcano,"Name a volcano. Reply with only the name, nothing else.",0.6222,mount everest -> real,0.6222,mount everest -> real,0.6143,mount everest -> real,60,70,0.0,0.222,0.133,60,90,32,0.0,0.127,7.8,mount fuji,0.4,6,4.61,12.88,0.262,"mount everest 30%, mount fuji 17%","mount fuji 27%, <long> 22%",0.6592,0.174,0.777
r8s_1638_lip_balm_flavor,"Suggest a type of lip balm flavor. Reply with only the name, nothing else.",0.6222,<long> -> bench,0.5528,strawberry -> real,0.5308,vanilla -> bench,58,65,0.033,0.278,0.18,60,90,51,0.0,0.18,9.1,mint,0.1,16,15.16,21.32,0.228,"strawberry 25%, mint 20%","<long> 28%, strawberry 14%",0.6539,0.278,1.007
r8s_0697_plier,"Suggest a type of plier. Reply with only the name, nothing else.",0.6222,<long> -> bench,0.5472,needle-nose pliers -> real,0.5391,needle-nose pliers -> real,58,65,0.033,0.278,0.18,60,90,61,0.0,0.18,9.4,needle-nose pliers,0.5,6,4.17,27.27,0.276,"pliers 25%, needle-nose pliers 15%","<long> 28%, pliers 21%",0.6236,0.424,0.843
r8_1763_pollen,"Name a pollen. Reply with only the name, nothing else.",0.6222,<long> -> bench,0.5583,pollen -> real,0.5428,pollen -> real,58,65,0.033,0.278,0.18,60,90,61,0.0,0.167,8.5,oak,0.45,11,6.94,37.11,0.179,"pollen 22%, birch 7%","<long> 28%, pollen 10%",0.6525,0.387,0.74
r8_1031_diving_position,"Name a diving position. Reply with only the name, nothing else.",0.6194,<long> -> bench,0.5194,dolphin -> real,0.5288,doggy -> bench,59,67,0.017,0.256,0.16,60,90,93,0.0,0.147,8.0,handstand,0.15,17,15.83,79.31,0.048,"dolphin 5%, diving position 5%","<long> 26%, doggy 6%",0.6233,0.427,0.76
r8_0374_delta,"Name a delta. Reply with only the name, nothing else.",0.6194,<long> -> bench,0.5417,delta -> bench,0.6027,delta -> bench,51,55,0.15,0.389,0.293,60,90,77,0.0,0.273,12.0,mississippi,0.35,7,5.01,39.96,0.283,"delta 15%, <long> 15%","<long> 39%, delta 23%",0.6761,0.425,0.571
r8_0565_flooring_material,"Name a flooring material. Reply with only the name, nothing else.",0.6194,<long> -> bench,0.55,oak -> real,0.5655,tile -> bench,57,64,0.05,0.289,0.193,60,90,28,0.0,0.173,8.4,hardwood,0.5,6,3.95,13.84,0.215,"hardwood 20%, vinyl 10%","<long> 29%, tile 16%",0.6489,0.194,1.14
r8_1627_motor,"Name a motor. Reply with only the name, nothing else.",0.6194,<long> -> bench,0.5528,ford -> real,0.5554,ford -> real,55,61,0.083,0.322,0.227,60,90,60,0.0,0.2,9.4,electric motor,0.75,4,2.28,34.32,0.155,"tesla 13%, ford 12%","<long> 32%, tesla 11%",0.6544,0.355,0.805
r8_1358_plant_growth_habit,"Name a plant growth habit. Reply with only the name, nothing else.",0.6194,<long> -> bench,0.5611,biennial -> real,0.578,herbaceous -> bench,59,67,0.017,0.256,0.16,60,90,50,0.0,0.147,8.1,herbaceous,0.3,9,7.19,22.33,0.167,"biennial 17%, annual 13%","<long> 26%, herbaceous 17%",0.6567,0.31,1.153
r8_1689_alga,"Name an alga. Reply with only the name, nothing else.",0.6194,<long> -> bench,0.5472,spirulina -> real,0.5554,spirogyra -> bench,59,67,0.017,0.256,0.16,60,90,38,0.0,0.147,8.9,spirogyra,0.55,6,3.78,12.47,0.381,"spirogyra 32%, kelp 13%","spirogyra 32%, <long> 26%",0.6478,0.243,0.974
r8_1647_envelope,"Name an envelope. Reply with only the name, nothing else.",0.6194,<long> -> bench,0.5306,envelope -> bench,0.5803,envelope -> bench,55,61,0.083,0.322,0.227,60,90,77,0.0,0.187,8.9,envelope,0.25,16,13.37,38.81,0.284,"envelope 18%, <long> 8%","<long> 32%, envelope 24%",0.6506,0.561,1.086
r8_1673_skill,"Name a skill. Reply with only the name, nothing else.",0.6194,<long> -> bench,0.5361,swimming -> bench,0.5512,swimming -> bench,59,67,0.017,0.256,0.16,60,90,72,0.0,0.14,7.5,public speaking,0.25,9,7.17,46.17,0.095,"python 12%, public speaking 10%","<long> 26%, swimming 9%",0.6392,0.493,0.518
r8_0495_egg_dish,"Name an egg dish. Reply with only the name, nothing else.",0.6194,<long> -> bench,0.55,scrambled eggs -> bench,0.5998,scrambled eggs -> bench,57,64,0.05,0.289,0.193,60,90,56,0.0,0.167,9.7,scrambled eggs,0.55,8,4.54,25.62,0.281,"scrambled eggs 17%, eggs benedict 7%","<long> 29%, scrambled eggs 27%",0.6411,0.288,0.994
r8_1329_legume_pod,"Name a legume pod. Reply with only the name, nothing else.",0.6194,<long> -> bench,0.5444,peas -> real,0.5483,pea -> bench,59,67,0.017,0.256,0.16,60,90,34,0.0,0.147,7.7,pea,0.55,7,4.23,10.15,0.492,"pea 43%, peas 10%","pea 40%, <long> 26%",0.6872,0.281,1.101
r8_0620_diagram,"Name a diagram. Reply with only the name, nothing else.",0.6194,<long> -> bench,0.5278,venn diagram -> bench,0.5602,venn diagram -> bench,55,61,0.083,0.322,0.227,60,90,76,0.0,0.187,9.8,venn diagram,0.5,5,3.2,41.62,0.172,"flowchart 10%, venn diagram 10%","<long> 32%, venn diagram 16%",0.6519,0.488,0.677
r8s_0569_pea,"Suggest a type of pea. Reply with only the name, nothing else.",0.6194,<long> -> bench,0.5583,snow pea -> real,0.5614,snow pea -> real,57,64,0.05,0.289,0.193,60,90,62,0.0,0.167,8.7,snow peas,0.2,13,10.72,38.97,0.099,"snow pea 12%, sugar snap 10%","<long> 29%, green pea 11%",0.6408,0.254,0.797
r8_0601_conductor,"Name a conductor. Reply with only the name, nothing else.",0.6194,<long> -> bench,0.5889,copper -> bench,0.6311,copper -> bench,55,61,0.083,0.322,0.227,60,90,67,0.0,0.187,9.8,ludwig van beethoven,0.4,12,8.12,41.45,0.138,"leonard bernstein 13%, <long> 8%","<long> 32%, copper 18%",0.6572,0.465,0.752
r8_1079_orchestras_instrument,"Name a type of orchestras instrument. Reply with only the name, nothing else.",0.6194,violin -> real,0.6194,violin -> real,0.569,violin -> real,58,68,0.033,0.244,0.16,60,90,30,0.0,0.147,7.5,violin,0.85,3,1.68,7.5,0.563,"violin 62%, string 5%","violin 38%, <long> 24%",0.7039,0.26,0.579
r8s_0448_explorer,"Suggest a type of explorer. Reply with only the name, nothing else.",0.6194,<long> -> bench,0.5528,file explorer -> real,0.5519,file explorer -> real,59,67,0.017,0.256,0.16,60,90,78,0.0,0.127,8.2,explorer,0.15,17,15.83,56.6,0.079,"file explorer 12%, explorer 7%","<long> 26%, archeologist 8%",0.6194,0.532,0.762
r8s_0413_ice_cream_topping,"Suggest a type of ice cream topping. Reply with only the name, nothing else.",0.6194,<long> -> bench,0.5556,chocolate chips -> real,0.5387,chocolate -> bench,59,67,0.017,0.256,0.16,60,90,39,0.0,0.133,8.3,chocolate sprinkles,0.15,12,10.62,13.39,0.317,"chocolate chips 33%, chocolate syrup 17%","<long> 26%, chocolate chips 22%",0.6578,0.14,0.813
r8_0997_ice_formation,"Name an ice formation. Reply with only the name, nothing else.",0.6194,<long> -> bench,0.5556,glacier -> real,0.531,glacier -> real,57,64,0.05,0.289,0.193,60,90,75,0.0,0.18,8.9,iceberg,0.45,8,4.98,39.21,0.248,"glacier 27%, iceberg 8%","<long> 29%, glacier 16%",0.6361,0.492,0.785
r8_1997_battlefield,"Name a battlefield. Reply with only the name, nothing else.",0.6194,<long> -> bench,0.5194,gettysburg -> real,0.531,waterloo -> bench,55,61,0.083,0.322,0.227,60,90,94,0.0,0.18,9.8,gettysburg,0.25,16,13.37,76.11,0.078,"<long> 8%, gettysburg 8%","<long> 32%, waterloo 7%",0.6444,0.387,0.829
r8_1437_toad,"Name a toad. Reply with only the name, nothing else.",0.6194,<long> -> bench,0.5472,toad -> real,0.5694,american toad -> bench,57,64,0.05,0.289,0.193,60,90,70,0.0,0.187,9.5,american toad,0.6,6,3.41,31.71,0.281,"toad 28%, <long> 5%","<long> 29%, toad 19%",0.6656,0.412,0.764
r8_1601_holiday_treat,"Name a holiday treat. Reply with only the name, nothing else.",0.6194,<long> -> bench,0.575,chocolate -> real,0.5875,chocolate chip cookies -> bench,59,67,0.017,0.256,0.16,60,90,63,0.0,0.14,8.1,cookies,0.15,17,15.83,35.53,0.151,"chocolate 22%, candy 10%","<long> 26%, chocolate chip cookies 16%",0.6569,0.308,0.983
r8_1657_conference,"Name a conference. Reply with only the name, nothing else.",0.6194,<long> -> bench,0.55,ted -> real,0.569,iclr -> bench,53,58,0.117,0.356,0.26,60,90,77,0.0,0.193,9.7,acm conference,0.15,15,13.78,59.52,0.072,"<long> 12%, ted 10%","<long> 36%, iclr 9%",0.6581,0.38,1.229
r8_1551_dryer,"Name a dryer. Reply with only the name, nothing else.",0.6194,<long> -> bench,0.5472,dyson -> real,0.5581,tumble dryer -> bench,59,67,0.017,0.256,0.16,60,90,61,0.0,0.147,8.5,whirlpool,0.3,11,8.85,28.96,0.214,"tumble dryer 15%, dyson 15%","<long> 26%, tumble dryer 20%",0.6344,0.327,1.002
r8_1552_custard_dessert,"Name a custard dessert. Reply with only the name, nothing else.",0.6194,<long> -> bench,0.5361,eclairs -> real,0.5373,panna cotta -> bench,59,67,0.017,0.256,0.16,60,90,73,0.0,0.133,9.0,crème brûlée,0.2,15,13.2,53.2,0.063,"eclairs 8%, eton mess 7%","<long> 26%, pudding 7%",0.6569,0.325,0.999
r8_1559_naiad,"Name a naiad. Reply with only the name, nothing else.",0.6194,<long> -> bench,0.5556,naiad -> real,0.5656,alcyone -> bench,55,61,0.083,0.322,0.227,60,90,79,0.0,0.187,10.1,daphne,0.15,15,13.42,50.74,0.129,"naiad 17%, galatea 12%","<long> 32%, alcyone 9%",0.6542,0.471,0.692
r8_1583_screw,"Name a screw. Reply with only the name, nothing else.",0.6194,<long> -> bench,0.5861,screw -> real,0.5662,screw -> real,55,61,0.083,0.322,0.227,60,90,51,0.0,0.18,9.2,wood screw,0.2,12,10.17,17.51,0.276,"screw 32%, bolt 20%","<long> 32%, bolt 19%",0.6497,0.325,0.865
r8_0186_fruit,"Name a fruit. Reply with only the name, nothing else.",0.6194,apple -> real,0.6194,apple -> real,0.5288,apple -> real,60,71,0.0,0.211,0.127,60,90,8,0.0,0.127,6.2,apple,1.0,1,1.0,1.67,0.885,"apple 92%, banana 7%","apple 68%, <long> 21%",0.7061,0.077,0.858
r8_1160_nereid,"Name a nereid. Reply with only the name, nothing else.",0.6194,<long> -> bench,0.5306,nereid -> real,0.5218,nereus -> bench,53,58,0.117,0.356,0.26,60,90,77,0.0,0.24,11.0,thetis,0.35,12,8.81,48.57,0.153,"nereid 15%, <long> 12%","<long> 36%, nereid 9%",0.6547,0.47,0.707
r8_1532_architectural_feature,"Name a type of architectural feature. Reply with only the name, nothing else.",0.6194,<long> -> bench,0.5444,microservices -> real,0.5434,microservices -> real,59,67,0.017,0.256,0.16,60,90,76,0.0,0.153,7.9,column,0.3,13,10.17,45.27,0.159,"dome 13%, microservices 10%","<long> 26%, dome 13%",0.6192,0.492,0.499
r8_1809_planet_feature,"Name a type of planet feature. Reply with only the name, nothing else.",0.6194,<long> -> bench,0.5444,valley -> real,0.6066,crater -> bench,59,67,0.017,0.256,0.16,60,90,48,0.0,0.16,7.9,crater,0.45,8,5.49,14.43,0.452,"crater 33%, valley 10%","crater 41%, <long> 26%",0.6494,0.35,0.907
r8_1902_mountain_rock,"Name a mountain rock. Reply with only the name, nothing else.",0.6194,<long> -> bench,0.5861,granite -> bench,0.6594,granite -> bench,57,64,0.05,0.289,0.193,60,90,62,0.0,0.18,8.9,granite,0.95,2,1.22,21.56,0.397,"granite 22%, mount everest 10%","granite 39%, <long> 29%",0.6611,0.392,1.167
r8_1839_ghoul,"Name a ghoul. Reply with only the name, nothing else.",0.6194,<long> -> bench,0.5167,dracula -> real,0.5234,jafar -> bench,57,64,0.05,0.289,0.193,60,90,114,0.0,0.193,9.6,ghoul,0.1,19,18.66,109.45,0.025,"<long> 5%, dracula 3%","<long> 29%, jafar 3%",0.6567,0.519,0.823
r8_0958_beach_destination,"Name a beach destination. Reply with only the name, nothing else.",0.6194,<long> -> bench,0.5611,maldives -> real,0.5764,cancun -> bench,59,67,0.017,0.256,0.16,60,90,30,0.0,0.14,8.1,cancun,0.75,4,2.23,10.27,0.302,"malibu 23%, cancun 22%","cancun 28%, <long> 26%",0.6456,0.101,0.949
r8_1901_cheese_texture,"Name a type of cheese texture. Reply with only the name, nothing else.",0.6194,<long> -> bench,0.5694,creamy -> real,0.5471,creamy -> real,59,67,0.017,0.256,0.16,60,90,41,0.0,0.153,8.0,creamy,0.35,8,6.23,16.01,0.238,"creamy 28%, crumbly 17%","<long> 26%, crumbly 18%",0.6381,0.286,0.828
r8_0734_medicine,"Name a medicine. Reply with only the name, nothing else.",0.6194,<long> -> bench,0.5528,aspirin -> real,0.523,ibuprofen -> real,59,67,0.017,0.256,0.16,60,90,12,0.0,0.14,8.4,aspirin,0.4,4,3.66,4.46,0.54,"aspirin 52%, paracetamol 17%","aspirin 41%, <long> 26%",0.6414,0.165,0.844
r8s_1051_cleaning_tool,"Suggest a type of cleaning tool. Reply with only the name, nothing else.",0.6194,<long> -> bench,0.5278,microfiber cloth -> bench,0.5538,microfiber cloth -> bench,55,61,0.083,0.322,0.227,60,90,58,0.0,0.213,10.1,vacuum cleaner,0.4,5,3.84,26.62,0.259,"vacuum cleaner 22%, <long> 8%","<long> 32%, vacuum cleaner 19%",0.6367,0.414,0.806
r8s_1997_battlefield,"Suggest a type of battlefield. Reply with only the name, nothing else.",0.6194,<long> -> bench,0.5556,urban battlefield -> bench,0.5746,urban battlefield -> bench,59,67,0.017,0.256,0.16,60,90,82,0.0,0.153,8.3,urban canyon,0.1,18,17.41,58.54,0.079,"jungle 7%, desert 7%","<long> 26%, urban battlefield 11%",0.6214,0.47,0.641
r8s_0146_author,"Suggest a type of author. Reply with only the name, nothing else.",0.6194,<long> -> bench,0.5222,novelist -> real,0.5312,scientist -> bench,57,64,0.05,0.289,0.193,60,90,91,0.0,0.173,9.0,novelist,0.15,16,14.77,76.46,0.05,"novelist 7%, <long> 5%","<long> 29%, scientist 4%",0.6658,0.546,0.425
r8_1943_salamandra,"Name a salamandra. Reply with only the name, nothing else.",0.6194,fire salamander -> bench,0.6194,fire salamander -> bench,0.6732,fire salamander -> bench,56,65,0.067,0.278,0.193,60,90,77,0.0,0.187,9.9,fire salamander,0.85,4,1.8,38.35,0.24,"salamandra salamandra 12%, salamandra 7%","fire salamander 29%, <long> 28%",0.6931,0.433,0.933
r8s_1009_sprocket,"Suggest a type of sprocket. Reply with only the name, nothing else.",0.6194,<long> -> bench,0.5278,chainring -> bench,0.541,chainring -> bench,55,61,0.083,0.322,0.227,60,90,81,0.0,0.2,9.8,timing sprocket,0.2,13,11.19,63.73,0.069,"<long> 8%, sprocket 8%","<long> 32%, chainring 6%",0.6425,0.494,0.676
r8_0789_gift,"Name a gift. Reply with only the name, nothing else.",0.6194,<long> -> bench,0.5278,book -> real,0.5423,book -> bench,55,61,0.083,0.322,0.227,60,90,49,0.0,0.207,8.8,book,0.45,8,5.26,11.8,0.517,"book 43%, apple 8%","book 38%, <long> 32%",0.6661,0.307,0.891
r8s_0760_childhood_game,"Suggest a type of childhood game. Reply with only the name, nothing else.",0.6194,<long> -> bench,0.5528,tag -> real,0.521,hopscotch -> real,59,67,0.017,0.256,0.16,60,90,40,0.0,0.153,7.6,tag,0.4,11,7.38,10.24,0.5,"tag 48%, hopscotch 10%","tag 38%, <long> 26%",0.6561,0.371,0.988
r8_1618_horror_author,"Name a horror author. Reply with only the name, nothing else.",0.6194,<long> -> bench,0.5667,edgar allan poe -> real,0.5741,stephen king -> bench,59,67,0.017,0.256,0.16,60,90,14,0.0,0.16,9.0,stephen king,0.75,4,2.28,3.56,0.587,"stephen king 50%, h.p. lovecraft 25%","stephen king 49%, <long> 26%",0.6097,0.087,0.843
r8_0737_tea_variety,"Name a tea variety. Reply with only the name, nothing else.",0.6194,earl grey -> real,0.6194,earl grey -> real,0.591,earl grey -> real,60,73,0.0,0.189,0.113,60,90,36,0.0,0.107,6.8,earl grey,0.45,7,4.35,11.82,0.383,"earl grey 48%, black tea 10%","earl grey 24%, <long> 19%",0.6411,0.249,0.668
r8_0715_sour_candy,"Name a sour candy. Reply with only the name, nothing else.",0.6194,<long> -> bench,0.5472,sour patch kids -> real,0.539,sour patch kids -> real,59,67,0.017,0.256,0.16,60,90,94,0.0,0.147,8.8,lemon drop,0.3,8,5.79,71.71,0.111,"sour patch kids 15%, jolly rancher 8%","<long> 26%, sour patch kids 6%",0.65,0.473,0.923
r8_0881_cologne,"Name a cologne. Reply with only the name, nothing else.",0.6194,<long> -> bench,0.5444,chanel bleu -> real,0.5448,chanel -> real,57,64,0.05,0.289,0.193,60,90,65,0.0,0.18,9.9,chanel no. 5,0.4,8,5.09,43.09,0.099,"chanel bleu 13%, chanel 10%","<long> 29%, eau de parfum 6%",0.6344,0.227,0.927
r8_0195_stationery_item,"Name a stationery item. Reply with only the name, nothing else.",0.6167,<long> -> bench,0.5694,pencil -> real,0.5583,stapler -> bench,60,69,0.0,0.233,0.14,60,90,23,0.0,0.127,7.0,pencil,0.7,3,2.23,8.53,0.279,"pencil 28%, stapler 22%","stapler 26%, <long> 23%",0.6275,0.193,0.745
r8_0592_musical_band,"Name a musical band. Reply with only the name, nothing else.",0.6167,<long> -> bench,0.5528,queen -> real,0.5554,beatles -> bench,60,69,0.0,0.233,0.14,60,90,23,0.0,0.133,7.4,beatles,0.55,4,2.71,5.66,0.543,"beatles 48%, queen 22%","beatles 46%, <long> 23%",0.6275,0.194,0.825
r8_0730_chinese_zodiac_animal,"Name a chinese zodiac animal. Reply with only the name, nothing else.",0.6167,dragon -> real,0.6167,dragon -> real,0.5813,dragon -> real,60,80,0.0,0.111,0.067,60,90,18,0.0,0.067,4.6,dragon,0.9,2,1.38,3.34,0.707,"dragon 80%, rat 15%","dragon 57%, <long> 11%",0.6592,0.083,0.817
r8s_1262_leg,"Suggest a type of leg. Reply with only the name, nothing else.",0.6167,<long> -> bench,0.5222,leg -> bench,0.5377,leg -> bench,56,63,0.067,0.3,0.207,60,90,101,0.0,0.18,8.7,human,0.1,19,18.66,87.63,0.076,"<long> 7%, thigh 5%","<long> 30%, leg 8%",0.6169,0.707,0.707
r8_0064_pastry,"Name a pastry. Reply with only the name, nothing else.",0.6167,<long> -> bench,0.5833,croissant -> real,0.5667,eclair -> real,60,69,0.0,0.233,0.14,60,90,22,0.0,0.127,7.1,croissant,0.85,4,1.8,3.13,0.775,"croissant 77%, eclair 13%","croissant 60%, <long> 23%",0.6786,0.181,0.774
r8_0331_vine,"Name a vine. Reply with only the name, nothing else.",0.6167,<long> -> bench,0.5278,concord -> real,0.5337,vitis vinifera -> bench,58,66,0.033,0.267,0.173,60,90,71,0.0,0.153,8.9,vitis,0.4,7,4.75,46.44,0.105,"vitis vinifera 7%, concord 7%","<long> 27%, vitis vinifera 10%",0.6772,0.395,0.683
r8_0534_fairy,"Name a fairy. Reply with only the name, nothing else.",0.6167,<long> -> bench,0.5278,fairy -> real,0.5529,cinderella -> bench,60,69,0.0,0.233,0.14,60,90,52,0.0,0.133,7.8,morana,0.1,17,16.25,17.84,0.357,"cinderella 30%, cinder 13%","cinderella 31%, <long> 23%",0.6631,0.267,0.817
r8_1133_meteor,"Name a meteor. Reply with only the name, nothing else.",0.6167,<long> -> bench,0.5694,jupiter -> real,0.57,jupiter -> real,58,66,0.033,0.267,0.173,60,90,67,0.0,0.16,8.9,shoemaker-levy 9,0.15,14,12.52,33.46,0.258,"betelgeuse 28%, jupiter 15%","<long> 27%, betelgeuse 17%",0.6431,0.31,0.699
r8_1012_form_of_heat,"Name a form of heat. Reply with only the name, nothing else.",0.6167,<long> -> bench,0.5778,radiation -> real,0.571,radiation -> real,60,69,0.0,0.233,0.14,60,90,32,0.0,0.113,6.8,radiation,0.45,4,2.77,11.36,0.372,"conduction 35%, radiation 20%","conduction 30%, <long> 23%",0.6456,0.176,0.918
r8_0995_fishing_technique,"Name a fishing technique. Reply with only the name, nothing else.",0.6167,<long> -> bench,0.5944,fly fishing -> real,0.5877,fly fishing -> real,60,69,0.0,0.233,0.14,60,90,47,0.0,0.127,7.5,trolling,0.35,11,8.01,24.52,0.14,"fly fishing 23%, trolling 13%","<long> 23%, spin fishing 12%",0.6375,0.321,0.986
r8_1615_apology_phrase,"Name an apology phrase. Reply with only the name, nothing else.",0.6167,<long> -> bench,0.5806,im sorry -> real,0.6019,i am sorry -> bench,52,57,0.133,0.367,0.273,60,90,25,0.0,0.187,10.3,im sorry,0.7,3,2.11,5.45,0.578,"im sorry 52%, <long> 13%","<long> 37%, im sorry 36%",0.6406,0.064,0.878
r8_0576_aquarium_fish,"Name an aquarium fish. Reply with only the name, nothing else.",0.6167,<long> -> bench,0.5528,clownfish -> real,0.5511,clownfish -> real,60,69,0.0,0.233,0.14,60,90,32,0.0,0.127,7.5,goldfish,0.45,7,4.78,15.33,0.271,"goldfish 28%, clownfish 12%","<long> 23%, goldfish 20%",0.6503,0.187,1.087
r8_1312_action_movie,"Name an action movie. Reply with only the name, nothing else.",0.6167,hard -> real,0.6167,hard -> real,0.6125,hard -> real,60,72,0.0,0.2,0.12,60,90,36,0.0,0.107,6.7,john wick,0.45,7,4.91,12.86,0.273,"john wick 37%, hard 27%","<long> 20%, dark knight 16%",0.6328,0.2,1.05
r8_1538_model_airplane,"Name a model airplane. Reply with only the name, nothing else.",0.6167,<long> -> bench,0.5667,cessna 172 -> real,0.558,cessna 172 -> real,58,66,0.033,0.267,0.173,60,90,93,0.0,0.167,9.9,micro spark,0.05,20,20.0,66.27,0.145,"cessna 172 20%, cessna 5%","<long> 27%, cessna 172 7%",0.6431,0.566,0.93
r8_1570_penguin,"Name a penguin. Reply with only the name, nothing else.",0.6167,<long> -> bench,0.5667,emperor -> bench,0.6074,emperor -> bench,58,66,0.033,0.267,0.173,60,90,60,0.0,0.167,8.2,emperor penguin,0.45,4,3.28,29.11,0.218,"pingu 12%, emperor penguin 12%","<long> 27%, emperor 23%",0.6456,0.311,0.725
r8_0768_hydra,"Name a hydra. Reply with only the name, nothing else.",0.6167,<long> -> bench,0.5444,hydra -> real,0.5418,hydra -> real,52,57,0.133,0.367,0.273,60,90,78,0.0,0.247,11.7,hydra,0.25,13,10.58,55.13,0.11,"hydra 13%, <long> 13%","<long> 37%, lernaean 4%",0.6603,0.472,0.754
r8s_0600_ship_type,"Suggest a ship type. Reply with only the name, nothing else.",0.6167,<long> -> bench,0.5194,cargo ship -> bench,0.5381,frigate -> bench,58,66,0.033,0.267,0.173,60,90,72,0.0,0.153,8.2,frigate,0.15,16,14.77,41.61,0.161,"frigate 12%, freighter 10%","<long> 27%, frigate 14%",0.6264,0.429,0.545
r8s_0775_texture_of_food,"Suggest a type of texture of food. Reply with only the name, nothing else.",0.6167,<long> -> bench,0.5417,crunchy -> real,0.5475,crispy -> bench,60,69,0.0,0.233,0.14,60,90,65,0.0,0.133,7.1,crunchy,0.5,4,2.75,40.47,0.116,"crunchy 15%, crispy 5%","<long> 23%, crispy 11%",0.6228,0.36,0.975
r8_0794_bird_mating_call,"Name a bird mating call. Reply with only the name, nothing else.",0.6167,<long> -> bench,0.525,woodcock -> real,0.525,woodcock -> real,60,69,0.0,0.233,0.14,60,90,96,0.0,0.127,7.9,trill,0.2,17,15.16,75.87,0.07,"trill 8%, cuckoo 7%","<long> 23%, cuckoo 4%",0.6353,0.502,0.845
r8_0387_predator,"Name a predator. Reply with only the name, nothing else.",0.6167,<long> -> bench,0.5861,lion -> real,0.5145,leopard -> bench,60,69,0.0,0.233,0.14,60,90,19,0.0,0.127,7.2,lion,0.9,3,1.48,2.52,0.829,"lion 82%, cheetah 3%","lion 64%, <long> 23%",0.6667,0.139,0.597
r8_1843_flask,"Name a flask. Reply with only the name, nothing else.",0.6167,erlenmeyer flask -> bench,0.6167,erlenmeyer flask -> bench,0.6874,erlenmeyer flask -> bench,55,62,0.083,0.311,0.22,60,90,57,0.0,0.18,10.0,erlenmeyer flask,0.55,7,4.05,19.53,0.308,"flask 25%, erlenmeyer flask 10%","erlenmeyer flask 33%, <long> 31%",0.6864,0.336,0.856
r8_1486_meringue,"Name a meringue. Reply with only the name, nothing else.",0.6167,<long> -> bench,0.5194,french meringue -> real,0.5285,meringue -> bench,58,66,0.033,0.267,0.173,60,90,58,0.0,0.153,9.0,swiss meringue,0.2,15,12.85,25.62,0.194,"swiss meringue 17%, meringue 15%","<long> 27%, swiss meringue 16%",0.6761,0.318,0.85
r8_1485_pirate,"Name a pirate. Reply with only the name, nothing else.",0.6167,<long> -> bench,0.5444,captain jack sparrow -> real,0.5337,captain jack sparrow -> real,56,63,0.067,0.3,0.207,60,90,36,0.0,0.18,10.0,blackbeard,0.65,7,3.52,10.68,0.378,"blackbeard 33%, captain jack sparrow 17%","<long> 30%, blackbeard 28%",0.6439,0.214,0.84
r8_1844_beer_glass,"Name a type of beer glass. Reply with only the name, nothing else.",0.6167,<long> -> bench,0.5778,pilsner -> real,0.5609,pilsner -> real,60,69,0.0,0.233,0.14,60,90,31,0.0,0.127,8.0,pilsner glass,0.75,5,2.45,7.11,0.496,"pilsner glass 48%, pilsner 27%","pilsner glass 39%, <long> 23%",0.6833,0.144,0.766
r8_1710_flooring,"Name a type of flooring. Reply with only the name, nothing else.",0.6167,<long> -> bench,0.5444,linoleum -> real,0.5623,tile -> bench,60,69,0.0,0.233,0.14,60,90,28,0.0,0.14,7.0,hardwood,0.6,7,3.92,10.43,0.333,"tile 27%, hardwood 17%","tile 30%, <long> 23%",0.6492,0.27,0.843
r8_1516_leather,"Name a leather. Reply with only the name, nothing else.",0.6167,<long> -> bench,0.5444,cowhide -> real,0.5397,leather -> bench,56,63,0.067,0.3,0.207,60,90,58,0.0,0.2,9.2,cowhide,0.4,12,8.12,20.86,0.353,"cowhide 33%, cow 12%","<long> 30%, cowhide 24%",0.6583,0.406,0.893
r8_1509_pop_star,"Name a pop star. Reply with only the name, nothing else.",0.6167,<long> -> bench,0.6139,taylor swift -> real,0.5496,taylor swift -> real,60,69,0.0,0.233,0.14,60,90,30,0.0,0.14,7.4,taylor swift,0.9,3,1.48,6.18,0.597,"taylor swift 65%, michael jackson 10%","taylor swift 42%, <long> 23%",0.6631,0.154,0.695
r8_1430_physical_sensation,"Name a physical sensation. Reply with only the name, nothing else.",0.6167,<long> -> bench,0.5556,burning -> real,0.5264,burning -> real,58,66,0.033,0.267,0.173,60,90,56,0.0,0.173,8.4,heat,0.3,10,7.51,25.02,0.282,"burning 30%, burn 7%","<long> 27%, burning 19%",0.6664,0.474,0.768
r8_0214_nut_butter,"Name a nut butter. Reply with only the name, nothing else.",0.6167,<long> -> bench,0.5361,almond butter -> real,0.5514,peanut butter -> bench,60,69,0.0,0.233,0.14,60,90,31,0.0,0.12,8.1,peanut butter,0.8,2,1.65,7.77,0.488,"peanut butter 43%, almond butter 15%","peanut butter 41%, <long> 23%",0.6628,0.208,0.772
r8_0836_film_director,"Name a film director. Reply with only the name, nothing else.",0.6167,<long> -> bench,0.6028,christopher nolan -> real,0.5757,christopher nolan -> real,60,69,0.0,0.233,0.14,60,90,32,0.0,0.133,7.9,quentin tarantino,0.45,6,4.22,10.0,0.302,"christopher nolan 38%, quentin tarantino 22%","<long> 23%, steven spielberg 19%",0.6597,0.232,0.962
r8_0858_social_media_platform,"Name a social media platform. Reply with only the name, nothing else.",0.6167,<long> -> bench,0.575,instagram -> real,0.575,instagram -> real,60,69,0.0,0.233,0.14,60,90,15,0.0,0.127,6.1,twitter,0.5,5,3.45,4.31,0.543,"twitter 52%, facebook 25%","twitter 43%, <long> 23%",0.6322,0.127,0.856
r8_1128_banjo,"Name a banjo. Reply with only the name, nothing else.",0.6167,<long> -> bench,0.5278,banjo -> real,0.5179,scruggs -> real,56,63,0.067,0.3,0.207,60,90,89,0.0,0.173,9.5,ovation,0.1,18,17.41,61.55,0.168,"banjo 17%, <long> 7%","<long> 30%, banjo 11%",0.6603,0.416,0.751
r8_1299_pressure,"Name a pressure. Reply with only the name, nothing else.",0.6167,<long> -> bench,0.5917,atmospheric pressure -> bench,0.6387,atmospheric pressure -> bench,58,66,0.033,0.267,0.173,60,90,70,0.0,0.153,8.5,atmospheric pressure,1.0,1,1.0,34.23,0.234,"pressure 13%, atmospheric 12%","<long> 27%, atmospheric pressure 27%",0.6758,0.444,0.915
r8_1228_theater_prop,"Name a theater prop. Reply with only the name, nothing else.",0.6167,<long> -> bench,0.5806,sword -> bench,0.6127,sword -> bench,60,69,0.0,0.233,0.14,60,90,78,0.0,0.12,7.2,sword,0.15,16,14.77,45.27,0.171,"curtain 7%, magic wand 7%","<long> 23%, sword 21%",0.6642,0.408,0.787
r8_0809_shot,"Name a shot. Reply with only the name, nothing else.",0.6167,<long> -> bench,0.5222,old fashioned -> bench,0.5317,old fashioned -> bench,56,63,0.067,0.3,0.207,60,90,111,0.0,0.167,9.6,free throw,0.3,14,10.9,104.69,0.034,"<long> 7%, shot 5%","<long> 30%, old fashioned 4%",0.6506,0.644,0.558
r8_1222_marine_creature,"Name a type of marine creature. Reply with only the name, nothing else.",0.6167,<long> -> bench,0.5528,whale -> real,0.5844,shark -> bench,60,69,0.0,0.233,0.14,60,90,22,0.0,0.127,7.2,shark,0.2,9,7.71,5.8,0.488,"whale 48%, shark 15%","whale 38%, shark 24%",0.645,0.263,1.085
r8_1793_us_city,"Name an us city. Reply with only the name, nothing else.",0.6167,new york -> real,0.6167,new york -> real,0.5731,new york -> real,60,78,0.0,0.133,0.08,60,90,14,0.0,0.08,5.3,new york,1.0,1,1.0,3.22,0.717,"new york 80%, chicago 7%","new york 57%, <long> 13%",0.6272,0.127,0.644
r8_1259_school_level,"Name a school level. Reply with only the name, nothing else.",0.6167,<long> -> bench,0.5556,elementary -> real,0.5455,kindergarten -> bench,58,66,0.033,0.267,0.173,60,90,34,0.0,0.173,8.4,elementary,0.8,3,1.89,11.5,0.403,"elementary 40%, high school 12%","elementary 29%, <long> 27%",0.6556,0.282,0.687
r8_1264_art_genre,"Name an art genre. Reply with only the name, nothing else.",0.6167,<long> -> bench,0.5667,impressionism -> real,0.525,cubism -> real,60,69,0.0,0.233,0.14,60,90,28,0.0,0.113,7.3,impressionism,0.4,7,4.94,6.77,0.566,"impressionism 57%, surrealism 12%","impressionism 43%, <long> 23%",0.6364,0.229,0.922
r8_0465_coffee_chain,"Name a coffee chain. Reply with only the name, nothing else.",0.6167,starbucks -> real,0.6167,starbucks -> real,0.5274,starbucks -> real,60,73,0.0,0.189,0.113,60,90,6,0.0,0.093,6.2,starbucks,1.0,1,1.0,1.19,0.97,starbucks 100%,"starbucks 77%, <long> 19%",0.6431,0.027,0.862
r8_0305_dinner_food,"Name a dinner food. Reply with only the name, nothing else.",0.6167,<long> -> bench,0.6,pizza -> real,0.5594,pizza -> real,60,69,0.0,0.233,0.14,60,90,24,0.0,0.113,6.5,steak,0.55,5,3.53,7.11,0.403,"pizza 47%, steak 22%","pizza 27%, <long> 23%",0.6153,0.301,0.878
r8_0025_arachnid,"Name an arachnid. Reply with only the name, nothing else.",0.6167,<long> -> bench,0.5917,spider -> real,0.5199,tarantula -> real,60,69,0.0,0.233,0.14,60,90,15,0.0,0.133,6.5,spider,0.95,2,1.22,2.66,0.783,"spider 78%, tarantula 8%","spider 60%, <long> 23%",0.6656,0.105,0.871
r8_0524_kitchen_utensil,"Name a kitchen utensil. Reply with only the name, nothing else.",0.6167,<long> -> bench,0.5833,whisk -> real,0.5833,whisk -> real,60,69,0.0,0.233,0.14,60,90,22,0.0,0.14,7.4,knife,0.4,4,3.21,6.49,0.388,"spatula 37%, spoon 18%","spatula 31%, spoon 26%",0.6572,0.207,1.026
r8_1638_lip_balm_flavor,"Name a lip balm flavor. Reply with only the name, nothing else.",0.6167,<long> -> bench,0.5778,strawberry -> real,0.5486,vanilla -> bench,60,69,0.0,0.233,0.14,60,90,54,0.0,0.14,8.0,strawberry,0.6,8,4.2,17.62,0.395,"strawberry 43%, mint 8%","strawberry 28%, <long> 23%",0.66,0.324,0.997
r8_0014_piece_of_furniture,"Name a type of piece of furniture. Reply with only the name, nothing else.",0.6167,<long> -> bench,0.5583,chair -> real,0.5438,sofa -> real,60,69,0.0,0.233,0.14,60,90,16,0.0,0.14,6.5,chair,0.7,3,2.11,3.05,0.752,"chair 72%, sofa 12%","chair 60%, <long> 23%",0.6381,0.179,0.839
r8_1391_hotel_chain,"Name a hotel chain. Reply with only the name, nothing else.",0.6139,<long> -> bench,0.5694,hilton -> real,0.5383,hilton -> real,59,68,0.017,0.244,0.153,60,90,11,0.0,0.147,7.6,marriott,0.55,4,2.71,2.87,0.598,"marriott 58%, hilton 35%","marriott 46%, <long> 24%",0.6572,0.043,0.874
r8_1335_model_car,"Name a model car. Reply with only the name, nothing else.",0.6139,porsche 911 -> real,0.6139,porsche 911 -> real,0.6073,porsche 911 -> real,59,68,0.017,0.244,0.153,60,90,27,0.0,0.14,8.4,ford mustang,0.25,14,11.64,11.54,0.228,"porsche 911 28%, ferrari 25%","<long> 24%, ford mustang 20%",0.6547,0.157,0.92
r8s_1369_fruit_climbing_plant,"Suggest a type of fruit climbing plant. Reply with only the name, nothing else.",0.6139,<long> -> bench,0.5389,clematis -> real,0.5377,passionflower -> real,53,59,0.117,0.344,0.253,60,90,68,0.0,0.233,11.2,clematis,0.25,12,9.46,48.98,0.116,"clematis 13%, <long> 12%","<long> 34%, ivy 6%",0.655,0.386,0.87
r8_0414_alphabet,"Name an alphabet. Reply with only the name, nothing else.",0.6139,<long> -> bench,0.5972,a -> real,0.5648,a -> real,59,68,0.017,0.244,0.153,60,90,22,0.0,0.147,6.9,latin,0.35,4,3.69,9.05,0.354,"a 42%, alpha 23%","<long> 24%, a 22%",0.6589,0.203,0.741
r8_1531_lake_formation,"Name a lake formation. Reply with only the name, nothing else.",0.6139,<long> -> bench,0.525,lake formation -> real,0.5263,lake formation -> real,57,65,0.05,0.278,0.187,60,90,74,0.0,0.167,8.8,glacial lake,0.3,10,6.83,39.82,0.213,"lake superior 18%, great salt lake 10%","<long> 28%, lake superior 17%",0.6389,0.326,0.893
r8_0369_alien,"Name an alien. Reply with only the name, nothing else.",0.6139,<long> -> bench,0.5778,zog -> real,0.5365,zog -> real,59,68,0.017,0.244,0.153,60,90,60,0.0,0.133,7.5,zog,0.3,15,11.68,20.15,0.402,"zog 43%, xenomorph 7%","zog 28%, <long> 24%",0.6578,0.241,0.774
r8_0933_makeup,"Name a makeup. Reply with only the name, nothing else.",0.6139,<long> -> bench,0.5278,lipstick -> bench,0.5521,lipstick -> bench,59,68,0.017,0.244,0.153,60,90,79,0.0,0.14,7.6,foundation,0.75,4,2.23,41.22,0.173,"foundation 13%, lipstick 10%","<long> 24%, lipstick 16%",0.6647,0.446,0.551
r8_0932_cold_dessert,"Name a cold dessert. Reply with only the name, nothing else.",0.6139,<long> -> bench,0.5361,ice cream -> bench,0.5918,panna cotta -> bench,59,68,0.017,0.244,0.153,60,90,42,0.0,0.14,8.8,panna cotta,0.4,9,6.43,11.28,0.488,"panna cotta 38%, gelato 7%","panna cotta 43%, <long> 24%",0.6533,0.216,0.843
r8_0159_melon,"Name a melon. Reply with only the name, nothing else.",0.6139,<long> -> bench,0.5583,watermelon -> real,0.5285,cantaloupe -> bench,59,68,0.017,0.244,0.153,60,90,23,0.0,0.14,8.3,cantaloupe,0.85,2,1.53,4.74,0.488,"cantaloupe 45%, watermelon 35%","cantaloupe 39%, <long> 24%",0.6536,0.107,0.916
r8s_1041_giant,"Suggest a type of giant. Reply with only the name, nothing else.",0.6139,<long> -> bench,0.5306,goliath -> bench,0.5451,goliath -> bench,57,65,0.05,0.278,0.187,60,90,87,0.0,0.167,8.9,goliath,0.15,13,11.68,63.19,0.098,"titan 8%, giraffe 5%","<long> 28%, goliath 8%",0.6617,0.479,0.62
r8_1580_pie_crust,"Name a pie crust. Reply with only the name, nothing else.",0.6139,<long> -> bench,0.5667,flaky -> bench,0.5978,flaky -> bench,57,65,0.05,0.278,0.187,60,90,48,0.0,0.167,8.8,shortcrust,0.15,17,15.83,30.31,0.139,"phyllo 15%, puff pastry 8%","<long> 28%, flaky 17%",0.6633,0.323,1.044
r8s_0086_shellfish,"Suggest a type of shellfish. Reply with only the name, nothing else.",0.6139,<long> -> bench,0.5417,oyster -> real,0.5805,clam -> bench,59,68,0.017,0.244,0.153,60,90,35,0.0,0.14,7.5,clam,0.55,4,3.03,10.78,0.425,"clam 33%, oyster 18%","clam 38%, <long> 24%",0.6419,0.247,0.798
r8_1581_period_of_the_day,"Name a period of the day. Reply with only the name, nothing else.",0.6139,morning -> real,0.6139,morning -> real,0.561,morning -> real,60,74,0.0,0.178,0.107,60,90,19,0.0,0.1,5.9,morning,0.95,2,1.22,4.19,0.649,"morning 72%, afternoon 12%","morning 49%, <long> 18%",0.6256,0.24,0.638
r8_0506_animal_group,"Name an animal group. Reply with only the name, nothing else.",0.6139,mammals -> real,0.6139,mammals -> real,0.5351,mammals -> real,60,71,0.0,0.211,0.127,60,90,27,0.0,0.12,7.3,mammals,0.95,2,1.22,3.41,0.779,"mammals 82%, prey 2%","mammals 59%, <long> 21%",0.6617,0.193,0.735
r8_1562_cucumber,"Name a cucumber. Reply with only the name, nothing else.",0.6139,<long> -> bench,0.5611,cucumber -> real,0.5175,english -> real,57,65,0.05,0.278,0.187,60,90,41,0.0,0.18,9.3,cucumber,0.7,4,2.49,9.48,0.525,"cucumber 50%, english cucumber 8%","cucumber 38%, <long> 28%",0.6525,0.255,0.7
r8_0697_plier,"Name a plier. Reply with only the name, nothing else.",0.6139,<long> -> bench,0.5278,plier -> real,0.5628,pliers -> bench,53,59,0.117,0.344,0.253,60,90,55,0.0,0.22,10.4,pliers,0.4,10,6.89,23.2,0.33,"pliers 23%, <long> 12%","<long> 34%, pliers 26%",0.6461,0.336,0.712
r8_0710_animal_feather_type,"Name an animal feather type. Reply with only the name, nothing else.",0.6139,<long> -> bench,0.5917,contour -> bench,0.6239,contour -> bench,59,68,0.017,0.244,0.153,60,90,70,0.0,0.14,7.6,contour,0.45,8,5.26,35.57,0.15,"feather 18%, eagle 8%","<long> 24%, contour 20%",0.6653,0.448,1.216
r8_0654_place_marker,"Name a place marker. Reply with only the name, nothing else.",0.6139,<long> -> bench,0.5167,new york -> bench,0.5231,new york -> bench,57,65,0.05,0.278,0.187,60,90,112,0.0,0.14,8.3,lim,0.05,20,20.0,105.54,0.033,"<long> 5%, nan 3%","<long> 28%, san francisco 3%",0.64,0.727,0.43
r8_0696_carnival_game,"Name a carnival game. Reply with only the name, nothing else.",0.6139,<long> -> bench,0.5278,ring a bell -> real,0.564,ring toss -> bench,47,50,0.217,0.444,0.353,60,90,33,0.0,0.153,9.1,ring toss,0.75,3,1.99,7.4,0.598,"ring toss 42%, <long> 22%","<long> 44%, ring toss 37%",0.6614,0.141,0.953
r8_0669_performance,"Name a performance. Reply with only the name, nothing else.",0.6139,<long> -> bench,0.55,hamilton -> bench,0.5959,hamilton -> bench,53,59,0.117,0.344,0.253,60,90,86,0.0,0.213,10.6,hamilton,0.65,6,3.29,53.69,0.214,"<long> 12%, hamilton 10%","<long> 34%, hamilton 20%",0.6647,0.497,0.503
r8s_0810_pajama,"Suggest a type of pajama. Reply with only the name, nothing else.",0.6139,<long> -> bench,0.525,pajamas -> bench,0.5374,pajamas -> bench,57,65,0.05,0.278,0.187,60,90,57,0.0,0.173,8.8,flannel pajamas,0.2,14,11.99,21.37,0.361,"flannel 32%, cotton 5%","<long> 28%, flannel 28%",0.6222,0.371,0.813
r8s_1656_berry_used_in_dessert,"Suggest a type of berry used in dessert. Reply with only the name, nothing else.",0.6139,<long> -> bench,0.6028,strawberry -> real,0.5466,strawberry -> real,59,68,0.017,0.244,0.153,60,90,14,0.0,0.147,8.0,strawberry,0.55,4,3.03,4.52,0.543,"strawberry 58%, blueberry 18%","strawberry 38%, <long> 24%",0.6644,0.204,0.936
r8_1967_fruit_seed,"Name a fruit seed. Reply with only the name, nothing else.",0.6139,apple -> real,0.6139,apple -> real,0.5679,apple -> real,60,70,0.0,0.222,0.133,60,90,41,0.0,0.12,6.5,apple,0.3,7,5.62,11.43,0.477,"apple 55%, cherry 7%","apple 32%, <long> 22%",0.6503,0.263,0.702
r8_0007_fairy_tale,"Name a fairy tale. Reply with only the name, nothing else.",0.6139,<long> -> bench,0.5917,cinderella -> real,0.5361,little red riding hood -> real,59,68,0.017,0.244,0.153,60,90,21,0.0,0.147,8.4,cinderella,0.95,2,1.22,3.83,0.717,"cinderella 72%, little red riding hood 10%","cinderella 53%, <long> 24%",0.6442,0.156,0.884
r8_1033_beard_style,"Name a beard style. Reply with only the name, nothing else.",0.6139,van dyke -> real,0.6139,van dyke -> real,0.6162,van dyke -> real,57,65,0.05,0.278,0.187,60,90,59,0.0,0.173,8.4,goatee,0.3,9,6.63,29.69,0.164,"van dyke 25%, full beard 13%","<long> 28%, full beard 13%",0.6506,0.304,0.856
r8_1107_lettuce,"Name a lettuce. Reply with only the name, nothing else.",0.6139,romaine -> bench,0.6139,romaine -> bench,0.6676,romaine -> bench,58,68,0.033,0.244,0.16,60,90,42,0.0,0.14,8.1,romaine,0.25,9,7.48,13.37,0.302,"lettuce 22%, iceberg 18%","romaine 34%, <long> 24%",0.66,0.231,0.675
r8_0896_method_of_storytelling,"Name a type of method of storytelling. Reply with only the name, nothing else.",0.6139,<long> -> bench,0.5583,heros journey -> real,0.5629,fable -> bench,59,68,0.017,0.244,0.153,60,90,50,0.0,0.14,8.0,fable,0.35,11,8.22,20.74,0.339,"fable 27%, heros journey 12%","fable 30%, <long> 24%",0.6283,0.299,0.746
r8_1402_ceramic_product,"Name a ceramic product. Reply with only the name, nothing else.",0.6111,<long> -> bench,0.5694,pottery -> bench,0.6155,pottery -> bench,60,70,0.0,0.222,0.133,60,90,53,0.0,0.127,7.2,pottery,0.6,6,3.56,20.73,0.308,"pottery 18%, mug 12%","pottery 32%, <long> 22%",0.6417,0.275,0.904
r8_2000_chisel,"Name a chisel. Reply with only the name, nothing else.",0.6111,<long> -> bench,0.5167,pointed chisel -> bench,0.5357,chisel -> bench,54,61,0.1,0.322,0.233,60,90,95,0.0,0.193,9.7,wood chisel,0.25,11,8.35,73.02,0.13,"<long> 10%, chisel 8%","<long> 32%, chisel 11%",0.6647,0.497,0.699
r8_0354_outdoor_activity,"Name an outdoor activity. Reply with only the name, nothing else.",0.6111,hiking -> real,0.6111,hiking -> real,0.5535,hiking -> real,59,76,0.017,0.156,0.1,60,90,12,0.0,0.08,5.9,hiking,0.95,2,1.22,1.79,0.889,"hiking 93%, fishing 3%","hiking 71%, <long> 16%",0.6819,0.122,0.914
r8_1117_antelope,"Name an antelope. Reply with only the name, nothing else.",0.6111,<long> -> bench,0.6056,gazelle -> real,0.5389,gazelle -> real,58,67,0.033,0.256,0.167,60,90,23,0.0,0.14,8.3,gazelle,0.75,6,2.62,4.87,0.648,"gazelle 67%, impala 8%","gazelle 46%, <long> 26%",0.6656,0.182,0.917
r8_1633_cyborg,"Name a cyborg. Reply with only the name, nothing else.",0.6111,<long> -> bench,0.5361,wall-e -> bench,0.5536,wall-e -> bench,56,64,0.067,0.289,0.2,60,90,89,0.0,0.193,9.6,gundam,0.1,19,18.66,68.1,0.075,"<long> 7%, atlas 5%","<long> 29%, wall-e 9%",0.6542,0.545,0.723
r8_0257_feeling,"Name a type of feeling. Reply with only the name, nothing else.",0.6111,<long> -> bench,0.5694,happiness -> bench,0.5917,happiness -> bench,60,70,0.0,0.222,0.133,60,90,45,0.0,0.127,6.5,joy,0.75,3,2.08,14.73,0.392,"joy 37%, nostalgia 10%","joy 32%, <long> 22%",0.6497,0.292,1.214
r8_0490_hormone,"Name a hormone. Reply with only the name, nothing else.",0.6111,testosterone -> real,0.6111,testosterone -> real,0.602,testosterone -> real,58,71,0.033,0.211,0.14,60,90,15,0.0,0.133,7.3,insulin,1.0,1,1.0,4.11,0.55,"insulin 50%, testosterone 33%","insulin 46%, <long> 21%",0.6625,0.111,1.158
r8_1832_prehistoric_creature,"Name a type of prehistoric creature. Reply with only the name, nothing else.",0.6111,<long> -> bench,0.6056,triceratops -> real,0.5643,triceratops -> real,60,70,0.0,0.222,0.133,60,90,19,0.0,0.12,8.0,t-rex,0.65,5,2.99,4.92,0.431,"triceratops 50%, t-rex 38%","triceratops 29%, t-rex 26%",0.6322,0.106,0.868
r8_1406_latte_flavor,"Name a latte flavor. Reply with only the name, nothing else.",0.6111,<long> -> bench,0.5472,hazelnut -> real,0.5393,hazelnut -> real,60,70,0.0,0.222,0.133,60,90,43,0.0,0.12,8.3,vanilla latte,0.2,13,11.19,12.65,0.423,"caramel macchiato 38%, hazelnut 15%","caramel macchiato 36%, <long> 22%",0.6081,0.316,0.794
r8_0688_fruit_peel,"Name a fruit peel. Reply with only the name, nothing else.",0.6111,<long> -> bench,0.6,orange peel -> bench,0.6429,orange peel -> bench,60,70,0.0,0.222,0.133,60,90,31,0.0,0.127,7.0,orange peel,0.45,7,4.78,11.14,0.254,"orange 23%, banana 22%","orange peel 30%, <long> 22%",0.6483,0.157,0.881
r8_1497_volcano_type,"Name a volcano type. Reply with only the name, nothing else.",0.6111,<long> -> bench,0.6056,stratovolcano -> real,0.5286,stratovolcano -> real,58,67,0.033,0.256,0.167,60,90,22,0.0,0.14,8.9,stratovolcano,0.75,6,2.62,3.76,0.728,"stratovolcano 73%, shield volcano 5%","stratovolcano 52%, <long> 26%",0.6456,0.243,0.699
r8_0104_tv_show,"Name a tv show. Reply with only the name, nothing else.",0.6111,<long> -> bench,0.5806,breaking bad -> real,0.5619,friends -> bench,60,70,0.0,0.222,0.133,60,90,18,0.0,0.12,6.5,friends,0.6,4,2.97,4.94,0.5,"friends 43%, breaking bad 32%","friends 43%, <long> 22%",0.6314,0.19,0.871
r8_0048_citrus_fruit,"Name a citrus fruit. Reply with only the name, nothing else.",0.6111,<long> -> bench,0.55,oranges -> real,0.5548,orange -> bench,60,70,0.0,0.222,0.133,60,90,13,0.0,0.127,6.1,orange,0.8,3,1.85,2.42,0.792,"orange 73%, lemon 13%","orange 66%, <long> 22%",0.6569,0.168,0.767
r8_0081_team_sport,"Name a team sport. Reply with only the name, nothing else.",0.6111,<long> -> bench,0.6,soccer -> real,0.5667,soccer -> real,60,70,0.0,0.222,0.133,60,90,12,0.0,0.127,7.0,soccer,0.45,3,2.91,3.75,0.438,"soccer 43%, football 42%","football 36%, soccer 23%",0.6614,0.13,0.906
r8_0086_shellfish,"Name a shellfish. Reply with only the name, nothing else.",0.6111,<long> -> bench,0.5778,oyster -> real,0.5582,oyster -> real,58,67,0.033,0.256,0.167,60,90,31,0.0,0.14,7.8,oyster,0.4,5,3.74,9.58,0.312,"oyster 30%, clam 27%","<long> 26%, clam 26%",0.6531,0.198,0.769
r8_0623_sailing_boat,"Name a sailing boat. Reply with only the name, nothing else.",0.6111,<long> -> bench,0.5417,yacht -> bench,0.5607,yacht -> bench,60,70,0.0,0.222,0.133,60,90,86,0.0,0.12,7.1,yacht,0.7,7,3.15,56.88,0.115,"viking 8%, cutty sark 7%","<long> 22%, yacht 13%",0.6583,0.449,0.67
r8_1979_oil_machine,"Name an oil machine. Reply with only the name, nothing else.",0.6111,<long> -> bench,0.5583,drill rig -> real,0.5625,drill rig -> real,56,64,0.067,0.289,0.2,60,90,97,0.0,0.167,9.0,oil pump,0.25,14,11.64,81.65,0.058,"drill rig 12%, <long> 7%","<long> 29%, hydraulic press 6%",0.6519,0.541,0.843
r8_0136_amusement_park_ride,"Name an amusement park ride. Reply with only the name, nothing else.",0.6111,<long> -> bench,0.5972,space mountain -> real,0.6512,ferris wheel -> bench,60,70,0.0,0.222,0.133,60,90,35,0.0,0.127,7.9,ferris wheel,0.35,9,6.32,8.49,0.446,"ferris wheel 28%, space mountain 25%","ferris wheel 46%, <long> 22%",0.6419,0.198,0.847
r8_1981_scream,"Name a scream. Reply with only the name, nothing else.",0.6111,<long> -> bench,0.5222,scream -> real,0.5401,shining -> bench,52,58,0.133,0.356,0.267,60,90,76,0.0,0.24,11.3,scream,0.2,17,15.16,49.59,0.145,"<long> 13%, scream 13%","<long> 36%, shining 9%",0.6581,0.457,0.663
r8_1524_japanese_novelist,"Name a japanese novelist. Reply with only the name, nothing else.",0.6111,haruki murakami -> real,0.6111,haruki murakami -> real,0.5283,haruki murakami -> real,60,73,0.0,0.189,0.113,60,90,15,0.0,0.107,8.9,haruki murakami,0.85,3,1.68,1.77,0.902,"haruki murakami 93%, yasunari kawabata 2%","haruki murakami 71%, <long> 19%",0.6403,0.086,0.864
r8_0368_wine,"Name a wine. Reply with only the name, nothing else.",0.6111,<long> -> bench,0.5583,cabernet sauvignon -> real,0.5369,château margaux -> real,60,70,0.0,0.222,0.133,60,90,29,0.0,0.127,8.4,cabernet sauvignon,0.45,7,4.64,7.41,0.554,"cabernet sauvignon 55%, château margaux 12%","cabernet sauvignon 43%, <long> 22%",0.6392,0.155,0.768
r8_0066_sea_creature,"Name a type of sea creature. Reply with only the name, nothing else.",0.6111,<long> -> bench,0.5528,shark -> bench,0.5893,shark -> bench,60,70,0.0,0.222,0.133,60,90,31,0.0,0.133,7.1,jellyfish,0.25,8,6.6,9.23,0.377,"whale 38%, shark 15%","whale 29%, shark 26%",0.6522,0.195,0.941
r8_0260_waterfowl,"Name a waterfowl. Reply with only the name, nothing else.",0.6111,mallard -> real,0.6111,mallard -> real,0.5918,mallard -> real,60,71,0.0,0.211,0.127,60,90,16,0.0,0.113,6.8,mallard,0.55,6,3.58,4.13,0.55,"duck 52%, mallard 37%","duck 46%, <long> 21%",0.6317,0.17,0.811
r8s_1520_vaccine,"Suggest a type of vaccine. Reply with only the name, nothing else.",0.6111,<long> -> bench,0.5583,mrna vaccine -> bench,0.6071,mrna vaccine -> bench,52,58,0.133,0.356,0.267,60,90,50,0.0,0.253,11.4,meningococcal vaccine,0.25,10,7.59,27.33,0.209,"<long> 13%, mrna vaccine 8%","<long> 36%, mrna vaccine 20%",0.6819,0.177,0.84
r8_1641_coffee_brewing_device,"Name a coffee brewing device. Reply with only the name, nothing else.",0.6111,<long> -> bench,0.5833,pour-over -> real,0.6024,french press -> bench,60,70,0.0,0.222,0.133,60,90,36,0.0,0.12,7.1,french press,0.75,5,2.45,12.98,0.377,"french press 27%, pour-over 17%","french press 37%, <long> 22%",0.6244,0.184,1.024
r8_1982_frosting,"Name a type of frosting. Reply with only the name, nothing else.",0.6111,<long> -> bench,0.55,butter -> bench,0.5643,butter -> bench,60,70,0.0,0.222,0.133,60,90,31,0.0,0.127,7.5,buttercream,0.7,5,2.74,12.71,0.3,"buttercream 27%, chocolate 15%","buttercream 26%, <long> 22%",0.6439,0.222,1.05
r8_1619_occupation_in_transpor,"Name an occupation in transport. Reply with only the name, nothing else.",0.6111,<long> -> bench,0.5583,logistics manager -> real,0.5619,driver -> bench,60,70,0.0,0.222,0.133,60,90,32,0.0,0.127,6.8,driver,0.3,8,6.37,11.76,0.4,"driver 33%, logistics manager 15%","driver 36%, <long> 22%",0.6386,0.194,0.877
r8s_1546_sewing_notion,"Suggest a type of sewing notion. Reply with only the name, nothing else.",0.6111,<long> -> bench,0.55,thread -> bench,0.5672,thread -> bench,58,67,0.033,0.256,0.167,60,90,90,0.0,0.153,8.0,buttons,0.15,16,14.77,72.37,0.072,"<long> 3%, sewing machine 3%","<long> 26%, thread 10%",0.6206,0.514,0.661
r8_0028_cooking_method,"Name a cooking method. Reply with only the name, nothing else.",0.6111,<long> -> bench,0.5583,braising -> real,0.5583,braising -> real,60,70,0.0,0.222,0.133,60,90,30,0.0,0.127,7.1,boiling,0.35,5,3.95,13.76,0.208,"roasting 17%, baking 15%","<long> 22%, baking 20%",0.6358,0.242,0.767
r8_0116_greek_god,"Name a greek god. Reply with only the name, nothing else.",0.6111,<long> -> bench,0.6111,zeus -> real,0.5179,athena -> real,60,70,0.0,0.222,0.133,60,90,12,0.0,0.127,7.0,zeus,1.0,1,1.0,1.83,0.885,"zeus 90%, athena 5%","zeus 68%, <long> 22%",0.6653,0.103,0.952
r8_0510_pirate,"Name a pirate. Reply with only the name, nothing else.",0.6111,<long> -> bench,0.5278,captain jack sparrow -> real,0.5301,blackbeard -> bench,56,64,0.067,0.289,0.2,60,90,44,0.0,0.18,9.7,blackbeard,0.5,7,4.67,14.24,0.3,"blackbeard 25%, captain jack sparrow 17%","<long> 29%, blackbeard 23%",0.6461,0.214,0.838
r8_0944_electric_animal,"Name an electric animal. Reply with only the name, nothing else.",0.6111,<long> -> bench,0.5361,elephant -> real,0.5167,unicorn -> real,60,70,0.0,0.222,0.133,60,90,38,0.0,0.12,7.3,electric eel,0.65,6,3.29,9.73,0.338,"electric eel 33%, elephant 32%","electric eel 27%, elephant 24%",0.6469,0.326,0.934
r8_1947_clothing_fastener,"Name a clothing fastener. Reply with only the name, nothing else.",0.6111,<long> -> bench,0.6028,buckle -> real,0.5774,buckle -> real,60,70,0.0,0.222,0.133,60,90,16,0.0,0.127,6.5,buckle,0.5,3,2.57,5.46,0.331,"buckle 38%, button 28%","button 29%, <long> 22%",0.6428,0.089,0.779
r8_0270_hot_beverage,"Name a type of hot beverage. Reply with only the name, nothing else.",0.6111,<long> -> bench,0.5778,tea -> real,0.5952,coffee -> bench,60,70,0.0,0.222,0.133,60,90,22,0.0,0.127,6.4,coffee,0.65,4,2.67,4.9,0.569,"coffee 47%, tea 27%","coffee 51%, <long> 22%",0.6164,0.212,0.985
r8s_0588_lipstick,"Suggest a type of lipstick. Reply with only the name, nothing else.",0.6111,<long> -> bench,0.5222,red lipstick -> bench,0.5328,red lipstick -> bench,54,61,0.1,0.322,0.233,60,90,54,0.0,0.207,9.5,ruby woo,0.15,15,13.78,29.16,0.157,"red 12%, <long> 10%","<long> 32%, red 12%",0.6456,0.262,0.912
r8_0754_nut_edible,"Name a nut edible. Reply with only the name, nothing else.",0.6111,<long> -> bench,0.5778,almond -> real,0.5583,walnut -> bench,60,70,0.0,0.222,0.133,60,90,25,0.0,0.133,7.3,almond,0.7,5,2.67,6.33,0.469,"almond 50%, walnut 18%","almond 34%, walnut 23%",0.6542,0.162,0.922
r8_0279_wetland,"Name a wetland. Reply with only the name, nothing else.",0.6111,<long> -> bench,0.575,everglades -> real,0.6198,swamp -> bench,58,67,0.033,0.256,0.167,60,90,35,0.0,0.147,8.2,everglades,0.55,10,5.35,9.8,0.456,"swamp 32%, everglades 18%","swamp 42%, <long> 26%",0.6319,0.272,0.661
r8_0762_emotional_state,"Name an emotional state. Reply with only the name, nothing else.",0.6111,<long> -> bench,0.5667,euphoria -> real,0.5619,euphoria -> real,60,70,0.0,0.222,0.133,60,90,37,0.0,0.127,6.7,joy,0.95,2,1.22,14.95,0.338,"joy 30%, euphoria 17%","joy 29%, <long> 22%",0.6386,0.295,0.825
r8_1217_card_game,"Name a card game. Reply with only the name, nothing else.",0.6111,<long> -> bench,0.575,blackjack -> real,0.575,poker -> bench,60,70,0.0,0.222,0.133,60,90,36,0.0,0.127,6.9,poker,0.9,3,1.48,9.27,0.431,"poker 35%, blackjack 28%","poker 39%, <long> 22%",0.6517,0.202,0.989
r8_0941_stunt,"Name a stunt. Reply with only the name, nothing else.",0.6111,<long> -> bench,0.5278,backflip -> real,0.5246,stunt -> bench,54,61,0.1,0.322,0.233,60,90,65,0.0,0.193,9.9,backflip,0.4,13,8.71,23.62,0.391,"backflip 33%, <long> 10%","<long> 32%, backflip 28%",0.6583,0.369,0.929
r8_0609_jellyfish,"Name a jellyfish. Reply with only the name, nothing else.",0.6111,<long> -> bench,0.5639,moon jellyfish -> real,0.5893,moon jelly -> bench,56,64,0.067,0.289,0.2,60,90,45,0.0,0.173,9.3,moon jellyfish,0.55,7,4.23,16.31,0.292,"moon jellyfish 22%, moon jelly 18%","<long> 29%, moon jelly 27%",0.6453,0.231,0.846
r8_0152_woodwind_instrument,"Name a type of woodwind instrument. Reply with only the name, nothing else.",0.6111,<long> -> bench,0.5972,saxophone -> real,0.5845,saxophone -> real,60,70,0.0,0.222,0.133,60,90,14,0.0,0.133,7.5,clarinet,0.35,5,4.05,5.2,0.415,"flute 37%, saxophone 28%","flute 36%, <long> 22%",0.6531,0.102,1.086
r8_0959_tarot_card,"Name a tarot card. Reply with only the name, nothing else.",0.6111,<long> -> bench,0.5417,chariot -> real,0.5417,chariot -> real,60,70,0.0,0.222,0.133,60,90,26,0.0,0.127,7.5,fool,0.6,6,3.66,12.58,0.208,"fool 17%, empress 17%","<long> 22%, fool 19%",0.6106,0.059,0.943
r8_0138_fictional_place,"Name a fictional place. Reply with only the name, nothing else.",0.6111,aethelgard -> real,0.6111,aethelgard -> real,0.6059,aethelgard -> real,60,73,0.0,0.189,0.113,60,90,75,0.0,0.107,7.6,atlantis,0.25,14,11.64,42.24,0.15,"aethelgard 27%, eldoria 10%","<long> 19%, eldoria 8%",0.6558,0.308,0.793
r8_1456_tolkien_character,"Name a tolkien character. Reply with only the name, nothing else.",0.6111,<long> -> bench,0.5944,gandalf -> real,0.5214,gandalf -> real,60,70,0.0,0.222,0.133,60,90,15,0.0,0.133,8.0,gandalf,0.75,3,1.99,3.1,0.677,"gandalf 70%, frodo 18%","gandalf 51%, <long> 22%",0.6558,0.089,0.9
r8s_1833_spy,"Suggest a type of spy. Reply with only the name, nothing else.",0.6083,<long> -> bench,0.5417,stalker -> real,0.5695,spy -> bench,53,60,0.117,0.333,0.247,60,90,77,0.0,0.22,10.3,ghost,0.3,11,7.81,49.26,0.168,"<long> 12%, spy 8%","<long> 33%, spy 16%",0.6439,0.485,0.604
r8_0392_glaze,"Name a glaze. Reply with only the name, nothing else.",0.6083,<long> -> bench,0.5306,glaze -> real,0.5333,cobalt blue -> bench,53,60,0.117,0.333,0.247,60,90,95,0.0,0.24,10.6,cobalt blue,0.3,12,9.25,83.2,0.062,"<long> 12%, glaze 8%","<long> 33%, cobalt blue 4%",0.6586,0.541,1.107
r8_0945_visual_element,"Name a type of visual element. Reply with only the name, nothing else.",0.6083,<long> -> bench,0.6028,line -> bench,0.6412,line -> bench,59,69,0.017,0.233,0.147,60,90,57,0.0,0.127,6.5,line,0.8,3,1.85,24.44,0.211,"button 28%, color 5%","line 26%, <long> 23%",0.6542,0.325,0.61
r8_0561_roman_god,"Name a roman god. Reply with only the name, nothing else.",0.6083,jupiter -> real,0.6083,jupiter -> real,0.5229,jupiter -> real,60,73,0.0,0.189,0.113,60,90,8,0.0,0.107,6.2,jupiter,0.95,2,1.22,1.48,0.925,"jupiter 95%, mars 2%","jupiter 73%, <long> 19%",0.6244,0.065,0.896
r8_1099_television_format,"Name a television format. Reply with only the name, nothing else.",0.6083,<long> -> bench,0.5583,talk show -> real,0.5614,talk show -> real,57,66,0.05,0.267,0.18,60,90,47,0.0,0.14,8.2,reality tv,0.25,11,8.6,25.69,0.138,"game show 15%, talk show 12%","<long> 27%, reality tv 11%",0.6483,0.265,0.691
r8_1307_christmas_carol,"Name a christmas carol. Reply with only the name, nothing else.",0.6083,jingle bells -> real,0.6083,jingle bells -> real,0.5955,jingle bells -> real,55,66,0.083,0.267,0.193,60,90,21,0.0,0.173,9.9,jingle bells,0.5,4,2.75,6.21,0.314,"jingle bells 38%, christmas carol 32%","<long> 27%, christmas carol 20%",0.6317,0.102,0.618
r8s_0530_tide,"Suggest a type of tide. Reply with only the name, nothing else.",0.6083,<long> -> bench,0.5361,tidal -> bench,0.5518,tidal -> bench,57,66,0.05,0.267,0.18,60,90,61,0.0,0.173,8.7,spring tide,0.95,2,1.22,34.64,0.171,"spring tide 15%, tide 5%","<long> 27%, spring tide 13%",0.6833,0.4,0.557
r8_0708_sparkling_wine,"Name a sparkling wine. Reply with only the name, nothing else.",0.6083,<long> -> bench,0.5583,cava -> real,0.5545,cava -> real,59,69,0.017,0.233,0.147,60,90,47,0.0,0.12,8.4,prosecco,0.55,5,3.34,16.07,0.367,"prosecco 35%, cava 15%","prosecco 29%, <long> 23%",0.6125,0.344,0.987
r8_1995_fruit_dessert,"Name a fruit dessert. Reply with only the name, nothing else.",0.6083,<long> -> bench,0.5639,strawberry shortcake -> real,0.5531,panna cotta -> bench,59,69,0.017,0.233,0.147,60,90,59,0.0,0.127,8.6,strawberry shortcake,0.25,15,12.48,29.75,0.203,"strawberry shortcake 25%, tiramisu 7%","<long> 23%, panna cotta 13%",0.655,0.246,0.992
r8_1574_coffee,"Name a coffee. Reply with only the name, nothing else.",0.6083,<long> -> bench,0.575,cappuccino -> real,0.5879,espresso -> bench,59,69,0.017,0.233,0.147,60,90,37,0.0,0.14,7.8,espresso,0.4,10,6.89,12.47,0.281,"latte 20%, espresso 18%","espresso 28%, <long> 23%",0.6442,0.178,0.841
r8_1499_greeting_card,"Name a greeting card. Reply with only the name, nothing else.",0.6083,<long> -> bench,0.5167,happy anniversary -> real,0.551,happy birthday -> bench,57,66,0.05,0.267,0.18,60,90,53,0.0,0.153,8.2,happy birthday,0.3,13,10.17,12.47,0.528,"happy birthday 45%, <long> 5%","happy birthday 42%, <long> 27%",0.6508,0.334,0.757
r8s_0809_shot,"Suggest a type of shot. Reply with only the name, nothing else.",0.6083,close-up -> real,0.6083,close-up -> real,0.614,close-up -> real,55,67,0.083,0.256,0.187,60,90,86,0.0,0.14,8.2,close-up,0.75,5,2.45,59.77,0.148,"close-up 25%, <long> 8%","<long> 26%, vodka 7%",0.6303,0.573,0.751
r8_0146_author,"Name an author. Reply with only the name, nothing else.",0.6083,<long> -> bench,0.5306,jane austen -> real,0.5359,j.k. rowling -> bench,57,66,0.05,0.267,0.18,60,90,61,0.0,0.153,8.8,j.k. rowling,0.2,13,11.19,34.3,0.179,"j.k. rowling 13%, jane austen 12%","<long> 27%, j.k. rowling 16%",0.6486,0.38,0.752
r8_1735_circus_act,"Name a circus act. Reply with only the name, nothing else.",0.6083,<long> -> bench,0.5139,balancing act -> bench,0.5215,balancing act -> bench,57,66,0.05,0.267,0.18,60,90,111,0.0,0.147,9.1,tightrope walker,0.15,17,15.83,102.49,0.041,"<long> 5%, human cannonball 3%","<long> 27%, balancing act 4%",0.6578,0.384,0.977
r8_1181_color_of_sky,"Name a color of sky. Reply with only the name, nothing else.",0.6083,azure -> real,0.6083,azure -> real,0.6067,azure -> real,60,82,0.0,0.089,0.053,60,90,8,0.0,0.053,3.9,blue,1.0,1,1.0,1.9,0.824,"blue 73%, azure 25%","blue 81%, <long> 9%",0.6508,0.081,1.011
r8_0801_type_of_shakespearean,"Name a type of shakespearean villain. Reply with only the name, nothing else.",0.6083,<long> -> bench,0.5361,iago -> bench,0.6118,iago -> bench,59,69,0.017,0.233,0.147,60,90,49,0.0,0.14,8.0,iago,0.15,18,16.96,9.56,0.578,"iago 45%, macbeth 7%","iago 52%, <long> 23%",0.6744,0.228,0.864
r8_1474_pencil,"Name a pencil. Reply with only the name, nothing else.",0.6083,<long> -> bench,0.5917,faber-castell -> real,0.5758,faber-castell -> real,57,66,0.05,0.267,0.18,60,90,56,0.0,0.153,9.3,pencil,0.2,15,13.2,19.25,0.26,"faber-castell 32%, pencil 28%","<long> 27%, pencil 17%",0.6642,0.206,0.922
r8_0817_bird_migration_season,"Name a bird migration season. Reply with only the name, nothing else.",0.6083,<long> -> bench,0.5972,spring migration -> real,0.5989,spring migration -> real,57,66,0.05,0.267,0.18,60,90,28,0.0,0.153,7.7,spring,0.35,7,5.66,8.44,0.431,"spring 35%, spring migration 22%","spring 36%, <long> 27%",0.6469,0.274,0.765
r8_0545_musical_accessory,"Name a musical accessory. Reply with only the name, nothing else.",0.6083,<long> -> bench,0.5722,earbuds -> real,0.5797,earphones -> bench,59,69,0.017,0.233,0.147,60,90,38,0.0,0.14,7.5,headphones,0.45,10,6.48,11.29,0.391,"headphones 38%, earbuds 23%","headphones 30%, <long> 23%",0.6519,0.257,0.803
r8_0599_inventor,"Name an inventor. Reply with only the name, nothing else.",0.6083,<long> -> bench,0.5833,thomas edison -> real,0.5521,alexander graham bell -> real,59,69,0.017,0.233,0.147,60,90,45,0.0,0.14,7.6,thomas edison,0.45,4,2.77,13.06,0.469,"thomas edison 50%, alexander graham bell 12%","thomas edison 33%, <long> 23%",0.6419,0.305,0.924
r8_1438_appetizer,"Name an appetizer. Reply with only the name, nothing else.",0.6083,bruschetta -> real,0.6083,bruschetta -> real,0.5268,bruschetta -> real,60,73,0.0,0.189,0.113,60,90,17,0.0,0.113,7.6,bruschetta,0.95,2,1.22,1.93,0.887,"bruschetta 92%, mushroom risotto 2%","bruschetta 70%, <long> 19%",0.6647,0.139,0.907
r8_1171_us_president,"Name an us president. Reply with only the name, nothing else.",0.6083,<long> -> bench,0.5333,george washington -> real,0.5348,joe biden -> bench,59,69,0.017,0.233,0.147,60,90,27,0.0,0.14,7.3,george washington,0.6,5,3.18,9.68,0.305,"george washington 30%, joe biden 22%","<long> 23%, george washington 23%",0.6303,0.226,0.847
r8_0439_cake_flavor,"Name a cake flavor. Reply with only the name, nothing else.",0.6056,<long> -> bench,0.5583,chocolate chip -> real,0.5583,chocolate chip -> real,60,71,0.0,0.211,0.127,60,90,28,0.0,0.12,6.3,chocolate,0.8,5,2.18,4.02,0.733,"chocolate 68%, chocolate chip 12%","chocolate 61%, <long> 21%",0.6742,0.117,0.779
r8_1424_shade_of_red,"Name a shade of red. Reply with only the name, nothing else.",0.6056,crimson -> real,0.6056,crimson -> real,0.5178,crimson -> real,60,71,0.0,0.211,0.127,60,90,17,0.0,0.12,7.5,crimson,0.95,2,1.22,2.3,0.847,"crimson 87%, maroon 3%","crimson 66%, <long> 21%",0.7297,0.09,0.88
r8_0223_cloud,"Name a cloud. Reply with only the name, nothing else.",0.6056,<long> -> bench,0.55,amazon -> real,0.5411,amazon -> real,60,71,0.0,0.211,0.127,60,90,39,0.0,0.127,7.1,cumulus,0.5,5,3.68,15.13,0.229,"aws 25%, amazon 17%","<long> 21%, stratus 17%",0.6489,0.203,0.61
r8_0006_mammal,"Name a mammal. Reply with only the name, nothing else.",0.6056,lion -> real,0.6056,lion -> real,0.6028,lion -> real,60,72,0.0,0.2,0.12,60,90,11,0.0,0.107,5.6,dog,0.75,5,2.45,2.44,0.773,"dog 70%, lion 23%","dog 67%, <long> 20%",0.6467,0.152,0.805
r8_1564_rice_dish,"Name a rice dish. Reply with only the name, nothing else.",0.6056,<long> -> bench,0.5889,risotto -> real,0.5959,fried rice -> bench,60,71,0.0,0.211,0.127,60,90,46,0.0,0.12,7.8,fried rice,0.7,6,2.94,14.71,0.321,"risotto 27%, fried rice 22%","fried rice 32%, <long> 21%",0.6297,0.199,0.726
r8_0409_lunch_food,"Name a lunch food. Reply with only the name, nothing else.",0.6056,<long> -> bench,0.5417,pizza -> real,0.5372,pizza -> real,60,71,0.0,0.211,0.127,60,90,27,0.0,0.107,6.6,sandwich,0.9,3,1.48,10.17,0.244,"sandwich 22%, burger 20%","<long> 21%, sandwich 21%",0.6042,0.228,0.901
r8_0742_desert_succulent,"Name a desert succulent. Reply with only the name, nothing else.",0.6056,<long> -> bench,0.5806,aloe -> real,0.6126,cactus -> bench,60,71,0.0,0.211,0.127,60,90,24,0.0,0.113,7.1,cactus,0.7,5,2.67,7.16,0.328,"aloe 38%, agave 18%","cactus 32%, aloe 22%",0.6569,0.216,0.992
r8_0663_reality_tv_show,"Name a reality tv show. Reply with only the name, nothing else.",0.6056,<long> -> bench,0.55,real housewives -> real,0.5514,big brother -> bench,56,65,0.067,0.278,0.193,60,90,39,0.0,0.147,8.2,survivor,0.65,8,3.78,17.34,0.24,"bachelor 23%, survivor 13%","<long> 28%, bachelor 17%",0.6222,0.207,0.817
r8_0401_animated_movie,"Name an animated movie. Reply with only the name, nothing else.",0.6056,toy story -> real,0.6056,toy story -> real,0.5403,toy story -> real,60,72,0.0,0.2,0.12,60,90,19,0.0,0.113,7.0,toy story,0.55,7,4.05,4.07,0.689,"toy story 73%, shrek 7%","toy story 52%, <long> 20%",0.6356,0.18,0.708
r8_0372_dried_fruit,"Name a dried fruit. Reply with only the name, nothing else.",0.6056,<long> -> bench,0.5611,raisins -> real,0.5467,date -> bench,60,71,0.0,0.211,0.127,60,90,26,0.0,0.113,6.9,dried apricots,0.25,8,6.98,11.47,0.275,"apricot 30%, raisins 23%","<long> 21%, apricot 20%",0.6625,0.249,0.749
r8_1622_pirate_ship,"Name a pirate ship. Reply with only the name, nothing else.",0.6056,<long> -> bench,0.6,black pearl -> real,0.5167,hms bounty -> real,60,71,0.0,0.211,0.127,60,90,20,0.0,0.12,7.2,black pearl,0.85,4,1.8,2.29,0.855,"black pearl 87%, hms bounty 3%","black pearl 67%, <long> 21%",0.6464,0.058,0.889
r8_1369_fruit_climbing_plant,"Name a fruit climbing plant. Reply with only the name, nothing else.",0.6056,<long> -> bench,0.5333,grapevine -> bench,0.5462,grapevine -> bench,56,65,0.067,0.278,0.193,60,90,69,0.0,0.147,8.9,passion fruit,0.2,12,9.74,42.98,0.165,"ivy 15%, <long> 7%","<long> 28%, ivy 12%",0.6497,0.361,0.943
r8_1857_refrigerator_brand,"Name a refrigerator brand. Reply with only the name, nothing else.",0.6056,<long> -> bench,0.5583,lg -> real,0.5539,lg -> real,60,71,0.0,0.211,0.127,60,90,27,0.0,0.113,6.2,samsung,0.75,4,2.23,6.48,0.557,"samsung 52%, lg 15%","samsung 47%, <long> 21%",0.64,0.306,0.93
r8_1342_pulsar,"Name a pulsar. Reply with only the name, nothing else.",0.6056,<long> -> bench,0.5361,psr b1257+12 -> real,0.5723,psr b1937+21 -> bench,54,62,0.1,0.311,0.227,60,90,59,0.0,0.193,13.1,psr b1919+21,0.75,5,2.45,26.37,0.207,"psr b1937+21 12%, pulsar 10%","<long> 31%, psr b1937+21 19%",0.6531,0.269,0.636
r8_1742_rock_texture,"Name a type of rock texture. Reply with only the name, nothing else.",0.6056,<long> -> bench,0.5417,granular -> real,0.5289,sandstone -> real,60,71,0.0,0.211,0.127,60,90,49,0.0,0.12,7.1,granular,0.25,14,11.64,18.12,0.305,"granular 32%, foliated 18%","granular 23%, <long> 21%",0.6397,0.328,0.771
r8_1765_performance_art,"Name a performance art. Reply with only the name, nothing else.",0.6056,<long> -> bench,0.55,fluxus -> bench,0.5804,fluxus -> bench,50,56,0.167,0.378,0.293,60,90,82,0.0,0.24,11.7,performance art,0.2,16,14.14,59.86,0.123,"<long> 17%, performance art 10%","<long> 38%, fluxus 10%",0.6547,0.402,0.888
r8_0232_ocean,"Name an ocean. Reply with only the name, nothing else.",0.6056,<long> -> bench,0.6028,pacific -> real,0.5596,pacific ocean -> real,60,71,0.0,0.211,0.127,60,90,13,0.0,0.12,6.1,pacific,0.7,3,2.11,2.64,0.756,"pacific 78%, pacific ocean 13%","pacific 58%, <long> 21%",0.6761,0.123,0.934
r8_0429_ecosystem,"Name an ecosystem. Reply with only the name, nothing else.",0.6056,<long> -> bench,0.5444,tundra -> real,0.555,rainforest -> bench,60,71,0.0,0.211,0.127,60,90,60,0.0,0.113,7.0,rainforest,0.55,4,2.92,30.21,0.244,"tropical rainforest 22%, tundra 10%","<long> 21%, tropical rainforest 21%",0.6531,0.33,0.558
r8_0207_language,"Name a type of language. Reply with only the name, nothing else.",0.6056,<long> -> bench,0.575,python -> real,0.5393,python -> real,60,71,0.0,0.211,0.127,60,90,27,0.0,0.127,6.0,english,0.85,4,1.8,9.39,0.374,"python 42%, english 20%","python 27%, <long> 21%",0.6367,0.164,0.621
r8_1561_cheese_hard,"Name a cheese hard. Reply with only the name, nothing else.",0.6056,<long> -> bench,0.5528,cheddar -> real,0.5423,parmesan -> bench,58,68,0.033,0.244,0.16,60,90,25,0.0,0.147,7.8,cheddar,0.6,3,2.28,7.39,0.381,"cheddar 38%, parmesan 22%","cheddar 28%, <long> 24%",0.6414,0.247,0.789
r8_1717_bird_nest,"Name a bird nest. Reply with only the name, nothing else.",0.6056,wattle -> bench,0.6056,wattle -> bench,0.6397,wattle -> bench,58,68,0.033,0.244,0.16,60,90,69,0.0,0.14,8.5,wattle nest,0.1,17,16.25,43.06,0.151,"kingfisher nest 10%, swallows nest 10%","<long> 24%, wattle 21%",0.6514,0.339,1.267
r8_0153_celestial_body,"Name a celestial body. Reply with only the name, nothing else.",0.6056,<long> -> bench,0.5861,jupiter -> real,0.562,earth -> bench,60,71,0.0,0.211,0.127,60,90,17,0.0,0.107,6.2,earth,0.7,2,1.84,6.02,0.321,"jupiter 38%, mars 23%","earth 26%, <long> 21%",0.6425,0.176,0.795
r8_1790_engine_sound,"Name an engine sound. Reply with only the name, nothing else.",0.6056,<long> -> bench,0.5556,vroom -> real,0.5494,vroom -> real,58,68,0.033,0.244,0.16,60,90,75,0.0,0.133,7.6,vroom,0.35,11,7.67,46.5,0.135,"vroom 17%, v8 rumble 12%","<long> 24%, v8 rumble 11%",0.6403,0.427,0.76
r8_1856_beer_brand,"Name a beer brand. Reply with only the name, nothing else.",0.6056,heineken -> real,0.6056,heineken -> real,0.5913,heineken -> real,60,73,0.0,0.189,0.113,60,90,38,0.0,0.113,7.2,heineken,0.35,7,5.15,14.82,0.233,"heineken 33%, budweiser 22%","<long> 19%, budweiser 18%",0.63,0.252,0.739
r8_1883_underworld_place,"Name an underworld place. Reply with only the name, nothing else.",0.6056,<long> -> bench,0.5444,limbo -> bench,0.5636,limbo -> bench,58,68,0.033,0.244,0.16,60,90,87,0.0,0.14,8.4,limbo,0.4,12,8.12,55.32,0.127,"underworld 8%, alcatraz 5%","<long> 24%, limbo 12%",0.6439,0.457,0.932
r8_0867_fictional_planet,"Name a fictional planet. Reply with only the name, nothing else.",0.6056,<long> -> bench,0.6,xylos -> real,0.5911,xylos -> real,60,71,0.0,0.211,0.127,60,90,75,0.0,0.113,7.4,xylos,0.25,16,13.37,42.57,0.168,"xylos 27%, zog 8%","<long> 21%, tatooine 11%",0.6528,0.247,1.162
r8_1051_cleaning_tool,"Name a cleaning tool. Reply with only the name, nothing else.",0.6056,<long> -> bench,0.5389,vacuum cleaner -> real,0.5441,rm -> bench,58,68,0.033,0.244,0.16,60,90,59,0.0,0.153,8.7,vacuum cleaner,0.5,4,3.21,25.62,0.262,"vacuum cleaner 27%, vacuum 10%","<long> 24%, vacuum cleaner 19%",0.6411,0.378,1.062
r8_0141_renewable_energy_sourc,"Name a renewable energy source. Reply with only the name, nothing else.",0.6056,<long> -> bench,0.6,solar power -> real,0.6,solar power -> real,60,71,0.0,0.211,0.127,60,90,14,0.0,0.12,6.3,solar energy,0.45,3,2.91,3.23,0.672,"solar 65%, solar power 20%","solar 54%, <long> 21%",0.6636,0.126,0.879
r8_1816_mudpuppy,"Name a mudpuppy. Reply with only the name, nothing else.",0.6056,<long> -> bench,0.55,siren -> bench,0.5726,siren -> bench,54,62,0.1,0.311,0.227,60,90,95,0.0,0.207,10.7,desmognathus,0.2,12,9.74,68.92,0.129,"mudpuppy 12%, <long> 10%","<long> 31%, siren 10%",0.65,0.471,0.971
r8_1738_kitchen_gadget,"Name a kitchen gadget. Reply with only the name, nothing else.",0.6056,<long> -> bench,0.55,blender -> real,0.5608,toaster -> bench,60,71,0.0,0.211,0.127,60,90,29,0.0,0.113,7.1,blender,0.55,9,4.99,8.04,0.504,"blender 50%, food processor 8%","blender 40%, <long> 21%",0.6342,0.346,1.236
r8_0352_country,"Name a country. Reply with only the name, nothing else.",0.6056,<long> -> bench,0.5694,japan -> real,0.5635,japan -> real,60,71,0.0,0.211,0.127,60,90,23,0.0,0.12,5.8,france,0.6,6,3.41,6.33,0.527,"france 47%, japan 18%","france 46%, <long> 21%",0.6344,0.125,0.724
r8_0863_onomatopoeia,"Name an onomatopoeia. Reply with only the name, nothing else.",0.6028,boing -> real,0.6028,boing -> real,0.6014,boing -> real,60,72,0.0,0.2,0.12,60,90,45,0.0,0.113,6.8,buzz,0.5,8,5.0,17.77,0.28,"buzz 37%, boing 22%","<long> 20%, buzz 17%",0.6539,0.376,0.937
r8_1086_greeting_card_occasion,"Name a greeting card occasion. Reply with only the name, nothing else.",0.6028,<long> -> bench,0.5806,graduation -> real,0.6002,birthday -> bench,59,70,0.017,0.222,0.14,60,90,19,0.0,0.12,6.6,birthday,0.35,5,3.88,4.33,0.651,"birthday 53%, graduation 18%","birthday 58%, <long> 22%",0.6569,0.139,1.084
r8_0040_cartoon_character,"Name a cartoon character. Reply with only the name, nothing else.",0.6028,spongebob -> real,0.6028,spongebob -> real,0.585,spongebob -> real,60,75,0.0,0.167,0.1,60,90,51,0.0,0.093,7.1,mickey mouse,0.15,15,13.78,22.58,0.289,"spongebob 38%, spongebob squarepants 10%","spongebob 18%, <long> 17%",0.6419,0.248,0.804
r8_0868_road_feature,"Name a type of road feature. Reply with only the name, nothing else.",0.6028,<long> -> bench,0.525,bridge -> real,0.5183,interstate -> real,59,70,0.017,0.222,0.14,60,90,48,0.0,0.14,6.9,roundabout,0.2,14,12.31,18.21,0.225,"bridge 22%, intersection 22%","<long> 22%, intersection 18%",0.6461,0.327,0.573
r8_1275_woodland_plant,"Name a woodland plant. Reply with only the name, nothing else.",0.6028,<long> -> bench,0.5389,oak -> bench,0.5948,oak -> bench,59,70,0.017,0.222,0.14,60,90,32,0.0,0.133,7.3,oak,0.3,8,5.94,11.07,0.442,"oak 33%, bluebell 8%","oak 41%, <long> 22%",0.6483,0.294,1.255
r8_1314_pancake,"Name a pancake. Reply with only the name, nothing else.",0.6028,<long> -> bench,0.5472,blueberry pancake -> real,0.5361,blueberry pancake -> real,59,70,0.017,0.222,0.14,60,90,47,0.0,0.127,8.2,buttermilk pancake,0.45,7,4.99,19.25,0.271,"blueberry 27%, blueberry pancake 18%","<long> 22%, blueberry 21%",0.6542,0.216,0.781
r8_0238_venomous_animal,"Name a venomous animal. Reply with only the name, nothing else.",0.6028,<long> -> bench,0.5806,cobra -> real,0.5347,snake -> bench,57,67,0.05,0.256,0.173,60,90,32,0.0,0.14,7.7,cobra,0.6,6,3.41,5.98,0.629,"cobra 62%, black mamba 8%","cobra 46%, <long> 26%",0.6433,0.281,0.665
r8_0898_smoothie_ingredient,"Name a smoothie ingredient. Reply with only the name, nothing else.",0.6028,<long> -> bench,0.5833,banana -> real,0.5254,mango -> real,59,70,0.017,0.222,0.14,60,90,16,0.0,0.127,6.8,banana,0.85,2,1.53,3.21,0.736,"banana 73%, strawberry 8%","banana 57%, <long> 22%",0.6578,0.115,0.847
r8s_0280_moss,"Suggest a type of moss. Reply with only the name, nothing else.",0.6028,<long> -> bench,0.5972,sphagnum -> bench,0.6604,sphagnum -> bench,55,64,0.083,0.289,0.207,60,90,48,0.0,0.187,9.8,sphagnum moss,0.3,14,10.9,16.56,0.336,"moss 18%, sphagnum 15%","sphagnum 34%, <long> 29%",0.6297,0.31,0.797
r8_0930_viruse,"Name a viruse. Reply with only the name, nothing else.",0.6028,influenza -> bench,0.6028,influenza -> bench,0.6743,influenza -> bench,49,59,0.183,0.344,0.28,60,90,49,0.0,0.22,11.7,influenza,0.85,4,1.8,20.03,0.333,"<long> 18%, influenza 12%","<long> 34%, influenza 32%",0.6483,0.315,0.692
r8_1737_cheese_blue,"Name a cheese blue. Reply with only the name, nothing else.",0.6028,<long> -> bench,0.55,roquefort -> bench,0.5703,roquefort -> bench,55,64,0.083,0.289,0.207,60,90,56,0.0,0.193,9.4,blue cheese,0.2,14,12.31,27.07,0.227,"blue cheese 20%, stilton 13%","<long> 29%, blue cheese 17%",0.6328,0.363,0.617
r8_1096_kale,"Name a kale. Reply with only the name, nothing else.",0.6028,<long> -> bench,0.5167,calabash -> bench,0.5339,kale -> bench,53,61,0.117,0.322,0.24,60,90,66,0.0,0.207,9.7,kale,0.2,14,12.31,23.76,0.395,"kale 32%, <long> 12%","<long> 32%, kale 29%",0.6533,0.438,0.676
r8_0716_fictional_robot,"Name a fictional robot. Reply with only the name, nothing else.",0.6028,734 -> real,0.6028,734 -> real,0.6032,734 -> real,59,72,0.017,0.2,0.127,60,90,76,0.0,0.127,7.9,r2-d2,0.4,12,8.12,36.18,0.244,"734 22%, r2-d2 13%","r2-d2 27%, <long> 20%",0.6586,0.393,0.852
r8_1526_body_of_land,"Name a body of land. Reply with only the name, nothing else.",0.6,<long> -> bench,0.5417,amazon -> real,0.5708,greenland -> bench,60,72,0.0,0.2,0.12,60,90,55,0.0,0.113,6.2,greenland,0.5,10,5.9,22.3,0.311,"greenland 23%, amazon 8%","greenland 30%, <long> 20%",0.6283,0.351,0.893
r8_0234_video_game,"Name a video game. Reply with only the name, nothing else.",0.6,<long> -> bench,0.5472,elden ring -> real,0.5833,tetris -> bench,60,72,0.0,0.2,0.12,60,90,40,0.0,0.107,7.7,minecraft,0.25,7,5.75,14.02,0.341,"tetris 25%, minecraft 15%","tetris 33%, <long> 20%",0.6133,0.174,0.913
r8_0233_toothpaste,"Name a toothpaste. Reply with only the name, nothing else.",0.6,<long> -> bench,0.5944,colgate -> real,0.5181,colgate -> real,60,72,0.0,0.2,0.12,60,90,14,0.0,0.107,6.9,colgate,0.7,3,2.11,2.52,0.78,"colgate 80%, crest 12%","colgate 61%, <long> 20%",0.6358,0.059,0.871
r8s_0316_article_of_clothing,"Suggest a type of article of clothing. Reply with only the name, nothing else.",0.6,<long> -> bench,0.5444,blazer -> real,0.5764,jeans -> bench,60,72,0.0,0.2,0.12,60,90,43,0.0,0.113,6.7,trench coat,0.35,9,6.32,19.93,0.25,"jeans 17%, suit 12%","jeans 26%, <long> 20%",0.6108,0.28,0.826
r8_0307_light_bulb_type,"Name a light bulb type. Reply with only the name, nothing else.",0.6,<long> -> bench,0.5944,edison -> real,0.5931,edison -> real,60,72,0.0,0.2,0.12,60,90,48,0.0,0.1,7.2,incandescent,0.9,2,1.38,10.53,0.523,"incandescent 45%, edison 20%","incandescent 47%, <long> 20%",0.645,0.227,1.032
r8_1421_ice_cream_cone,"Name an ice cream cone. Reply with only the name, nothing else.",0.6,<long> -> bench,0.5611,chocolate chip -> real,0.5302,chocolate chip -> real,58,69,0.033,0.233,0.153,60,90,51,0.0,0.127,7.4,vanilla,0.45,10,6.48,17.63,0.346,"chocolate chip 37%, chocolate chip cone 10%","chocolate chip 24%, <long> 23%",0.6303,0.324,1.192
r8_0413_ice_cream_topping,"Name a type of ice cream topping. Reply with only the name, nothing else.",0.6,<long> -> bench,0.5611,chocolate syrup -> bench,0.5806,chocolate syrup -> bench,60,72,0.0,0.2,0.12,60,90,32,0.0,0.1,7.0,sprinkles,0.2,12,10.44,12.35,0.356,"chocolate chips 35%, sprinkles 15%","chocolate chips 29%, <long> 20%",0.6514,0.305,1.007
r8_0099_herbivore,"Name a herbivore. Reply with only the name, nothing else.",0.6,cow -> real,0.6,cow -> real,0.5441,cow -> real,59,73,0.017,0.189,0.12,60,90,15,0.0,0.107,5.7,cow,0.7,4,2.39,3.58,0.697,"cow 73%, deer 7%","cow 53%, <long> 19%",0.6619,0.2,0.787
r8_0443_animal_sound,"Name an animal sound. Reply with only the name, nothing else.",0.6,<long> -> bench,0.5639,roar -> real,0.5417,moo -> real,60,72,0.0,0.2,0.12,60,90,21,0.0,0.113,6.8,moo,0.35,5,4.16,5.74,0.364,"roar 38%, meow 33%","meow 31%, roar 26%",0.6403,0.137,0.89
r8s_1824_egg,"Suggest a type of egg. Reply with only the name, nothing else.",0.6,<long> -> bench,0.55,scrambled -> real,0.5899,chicken -> bench,54,63,0.1,0.3,0.22,60,90,61,0.0,0.207,9.4,egg,0.45,6,4.27,27.89,0.282,"chicken 17%, <long> 10%","<long> 30%, chicken 26%",0.6547,0.311,0.945
r8_0165_space_mission,"Name a space mission. Reply with only the name, nothing else.",0.6,apollo 11 -> real,0.6,apollo 11 -> real,0.5863,voyager -> bench,60,74,0.0,0.178,0.107,60,90,27,0.0,0.1,7.2,apollo 11,0.8,5,2.18,8.75,0.351,"apollo 11 43%, apollo 17%","apollo 11 23%, apollo 23%",0.6511,0.134,0.882
r8_1285_refrigerator,"Name a refrigerator. Reply with only the name, nothing else.",0.6,<long> -> bench,0.5806,samsung -> real,0.5653,samsung -> real,60,72,0.0,0.2,0.12,60,90,40,0.0,0.1,6.9,samsung,0.2,11,9.49,14.95,0.212,"samsung 28%, fridge 20%","<long> 20%, fridge 18%",0.6617,0.184,0.734
r8_0810_pajama,"Name a pajama. Reply with only the name, nothing else.",0.6,<long> -> bench,0.5611,pajama -> bench,0.5882,pajama -> bench,56,66,0.067,0.267,0.187,60,90,76,0.0,0.18,9.3,pajamas,0.2,13,10.9,43.33,0.139,"pajamas 15%, <long> 7%","<long> 27%, pajama 16%",0.6561,0.45,0.714
r8s_1098_textile,"Suggest a type of textile. Reply with only the name, nothing else.",0.6,<long> -> bench,0.5694,linen -> real,0.5681,linen -> real,60,72,0.0,0.2,0.12,60,90,34,0.0,0.12,6.5,cotton,0.85,3,1.68,9.03,0.5,"cotton 47%, linen 15%","cotton 42%, <long> 20%",0.6069,0.221,1.106
r8_1288_asteroid,"Name an asteroid. Reply with only the name, nothing else.",0.6,<long> -> bench,0.5972,bennu -> real,0.6028,ceres -> bench,60,72,0.0,0.2,0.12,60,90,32,0.0,0.113,6.8,ceres,1.0,1,1.0,7.75,0.462,"ceres 35%, bennu 32%","ceres 44%, <long> 20%",0.6372,0.163,1.107
r8_0284_musical_genre,"Name a musical genre. Reply with only the name, nothing else.",0.6,jazz -> real,0.6,jazz -> real,0.5301,jazz -> real,60,73,0.0,0.189,0.113,60,90,17,0.0,0.1,6.1,jazz,1.0,1,1.0,2.85,0.767,"jazz 80%, rock 7%","jazz 60%, <long> 19%",0.6683,0.214,0.889
r8_1192_massage,"Name a type of massage. Reply with only the name, nothing else.",0.6,<long> -> bench,0.5639,swedish -> real,0.5636,swedish massage -> bench,58,69,0.033,0.233,0.153,60,90,46,0.0,0.14,7.5,swedish massage,0.95,2,1.22,14.4,0.362,"swedish massage 28%, swedish 18%","swedish massage 32%, <long> 23%",0.6344,0.249,0.774
r8s_1327_imprisonment,"Suggest a type of imprisonment. Reply with only the name, nothing else.",0.6,<long> -> bench,0.5361,life imprisonment -> bench,0.6044,life imprisonment -> bench,50,57,0.167,0.367,0.287,60,90,43,0.0,0.213,10.7,life imprisonment,0.8,5,2.18,15.44,0.411,"life imprisonment 25%, <long> 17%","<long> 37%, life imprisonment 32%",0.6461,0.343,0.668
r8_0607_sports_drink,"Name a sports drink. Reply with only the name, nothing else.",0.6,<long> -> bench,0.5889,gatorade -> real,0.5278,powerade -> real,60,72,0.0,0.2,0.12,60,90,8,0.0,0.107,7.0,gatorade,0.95,2,1.22,1.85,0.826,"gatorade 83%, powerade 17%","gatorade 66%, <long> 20%",0.6556,0.114,0.868
r8_0642_liqueur,"Name a liqueur. Reply with only the name, nothing else.",0.6,<long> -> bench,0.5833,amaretto -> real,0.5833,amaretto -> real,60,72,0.0,0.2,0.12,60,90,41,0.0,0.107,7.3,amaretto,0.25,11,8.98,21.12,0.159,"amaretto 17%, brandy 10%","<long> 20%, cognac 17%",0.6394,0.258,0.858
r8_0990_caviar,"Name a caviar. Reply with only the name, nothing else.",0.6,sturgeon -> bench,0.6,sturgeon -> bench,0.6511,sturgeon -> bench,53,65,0.117,0.278,0.213,60,90,57,0.0,0.2,9.9,beluga,0.35,7,5.13,26.35,0.28,"<long> 12%, osetra 10%","sturgeon 30%, <long> 28%",0.6597,0.259,0.66
r8_1942_dice_game,"Name a dice game. Reply with only the name, nothing else.",0.6,<long> -> bench,0.5528,yahtzee -> real,0.5472,yahtzee -> real,60,72,0.0,0.2,0.12,60,90,31,0.0,0.107,7.1,craps,0.6,7,3.92,12.3,0.341,"craps 35%, yahtzee 15%","craps 27%, <long> 20%",0.6419,0.205,0.816
r8_0046_bird_of_prey,"Name a bird of prey. Reply with only the name, nothing else.",0.6,eagle -> real,0.6,eagle -> real,0.5315,eagle -> real,60,74,0.0,0.178,0.107,60,90,17,0.0,0.107,6.3,eagle,0.9,3,1.48,2.61,0.799,"eagle 83%, falcon 7%","eagle 63%, <long> 18%",0.6233,0.134,0.803
r8_0751_tap_dance_step,"Name a tap dance step. Reply with only the name, nothing else.",0.6,<long> -> bench,0.5167,shuffle -> bench,0.5292,shuffle -> bench,60,72,0.0,0.2,0.12,60,90,104,0.0,0.113,6.8,flip,0.1,18,17.41,82.62,0.098,"shuffle 7%, flap 3%","<long> 20%, shuffle 10%",0.6475,0.537,0.762
r8_0332_coffee_roast,"Name a coffee roast. Reply with only the name, nothing else.",0.6,<long> -> bench,0.5639,medium -> bench,0.5819,medium -> bench,60,72,0.0,0.2,0.12,60,90,45,0.0,0.113,7.0,city roast,0.4,9,6.16,21.36,0.174,"medium roast 18%, light roast 12%","<long> 20%, light roast 14%",0.6064,0.237,0.708
r8_1628_tomb,"Name a tomb. Reply with only the name, nothing else.",0.6,<long> -> bench,0.525,tomb of tutankhamun -> bench,0.5511,tomb of tutankhamun -> bench,44,48,0.267,0.467,0.387,60,90,79,0.0,0.24,12.1,tomb of the unknown soldier,0.2,14,12.31,68.05,0.076,"<long> 27%, tombstone 3%","<long> 47%, tomb of tutankhamun 7%",0.6625,0.485,0.538
r8_0417_migratory_animal,"Name a migratory animal. Reply with only the name, nothing else.",0.6,albatross -> real,0.6,albatross -> real,0.5909,albatross -> real,58,70,0.033,0.222,0.147,60,90,49,0.0,0.14,8.3,arctic tern,0.2,15,12.85,21.23,0.211,"albatross 30%, arctic tern 23%","<long> 22%, albatross 10%",0.6453,0.196,0.877
r8s_0554_angel,"Suggest a type of angel. Reply with only the name, nothing else.",0.6,<long> -> bench,0.5583,seraphim -> bench,0.5873,seraphim -> bench,58,69,0.033,0.233,0.153,60,90,61,0.0,0.14,7.5,cherub,0.3,6,5.15,26.51,0.181,"angel 15%, seraph 13%","<long> 23%, seraphim 20%",0.6217,0.404,0.455
r8_0829_pasta_dish,"Name a pasta dish. Reply with only the name, nothing else.",0.6,<long> -> bench,0.5556,spaghetti carbonara -> real,0.5889,spaghetti -> bench,60,72,0.0,0.2,0.12,60,90,26,0.0,0.107,7.3,spaghetti bolognese,0.2,12,9.74,8.17,0.364,"spaghetti 27%, carbonara 25%","spaghetti 36%, <long> 20%",0.6269,0.156,0.971
r8_0301_butter,"Name a butter. Reply with only the name, nothing else.",0.6,<long> -> bench,0.5389,butter -> real,0.5278,butterfinger -> real,54,63,0.1,0.3,0.22,60,90,65,0.0,0.2,9.6,landmark,0.1,19,18.66,27.16,0.325,"butter 30%, <long> 10%","<long> 30%, butter 22%",0.6664,0.366,0.815
r8_0861_cactus_flower_color,"Name a cactus flower color. Reply with only the name, nothing else.",0.6,<long> -> bench,0.5472,red -> real,0.5414,red -> real,58,69,0.033,0.233,0.153,60,90,30,0.0,0.133,6.7,yellow,0.5,4,3.21,9.01,0.449,"yellow 40%, red 15%","yellow 37%, <long> 23%",0.6181,0.354,0.796
r8s_1589_lightning,"Suggest a type of lightning. Reply with only the name, nothing else.",0.6,<long> -> bench,0.5222,cloud-to-ground -> bench,0.529,cloud-to-ground -> bench,58,69,0.033,0.233,0.153,60,90,99,0.0,0.12,7.2,cloud-to-ground,0.1,19,18.66,81.37,0.087,"lightning 8%, lightning bolt 3%","<long> 23%, lightning 7%",0.6303,0.54,0.684
r8_0813_japanese_food,"Name a japanese food. Reply with only the name, nothing else.",0.5972,sushi -> real,0.5972,sushi -> real,0.569,sushi -> real,60,84,0.0,0.067,0.04,60,90,12,0.0,0.04,4.2,sushi,0.9,2,1.38,1.7,0.903,"sushi 98%, ramen 2%","sushi 79%, <long> 7%",0.6386,0.072,0.857
r8_0491_fairground_food,"Name a fairground food. Reply with only the name, nothing else.",0.5972,<long> -> bench,0.5389,popcorn -> bench,0.5493,popcorn -> bench,59,71,0.017,0.211,0.133,60,90,70,0.0,0.12,7.5,cotton candy,0.45,8,5.26,39.64,0.192,"cotton candy 17%, hot dog 7%","<long> 21%, cotton candy 17%",0.6506,0.281,0.818
r8_1853_photography_term,"Name a photography term. Reply with only the name, nothing else.",0.5972,<long> -> bench,0.5833,depth of field -> bench,0.6182,depth of field -> bench,59,71,0.017,0.211,0.133,60,90,48,0.0,0.127,7.4,aperture,0.6,7,3.92,23.03,0.231,"aperture 13%, chiaroscuro 12%","depth of field 27%, <long> 21%",0.6592,0.407,1.211
r8_1871_frame,"Name a frame. Reply with only the name, nothing else.",0.5972,<long> -> bench,0.5167,reference frame -> bench,0.5242,reference frame -> bench,53,62,0.117,0.311,0.233,60,90,98,0.0,0.213,10.3,flat,0.1,19,18.66,84.67,0.078,"<long> 12%, frame 7%","<long> 31%, frame 6%",0.6583,0.61,0.578
r8_0918_makeup_remover,"Name a makeup remover. Reply with only the name, nothing else.",0.5972,<long> -> bench,0.5583,cetaphil gentle skin cleanser -> real,0.557,cetaphil gentle skin cleanser -> real,51,59,0.15,0.344,0.267,60,90,71,0.0,0.18,11.7,cetaphil gentle skin cleanser,0.25,11,8.6,46.61,0.155,"cetaphil gentle skin cleanser 18%, <long> 15%","<long> 34%, cetaphil gentle skin cleanser 7%",0.6475,0.282,0.79
r8_0844_spice_from_peppercorn,"Name a spice from peppercorn. Reply with only the name, nothing else.",0.5972,<long> -> bench,0.5944,black pepper -> real,0.5445,black pepper -> real,59,71,0.017,0.211,0.133,60,90,23,0.0,0.127,7.2,black pepper,0.55,5,3.12,5.52,0.562,"black pepper 60%, pepper 15%","black pepper 41%, <long> 21%",0.6592,0.297,0.873
r8_1361_video_game,"Name a video game. Reply with only the name, nothing else.",0.5972,<long> -> bench,0.55,legend of zelda -> real,0.5383,legend of zelda -> real,59,71,0.017,0.211,0.133,60,90,36,0.0,0.087,7.3,tetris,0.4,7,4.94,13.3,0.338,"tetris 33%, legend of zelda 20%","tetris 27%, <long> 21%",0.6122,0.235,0.903
r8_0529_short_story,"Name a short story. Reply with only the name, nothing else.",0.5972,gift of the magi -> bench,0.5972,gift of the magi -> bench,0.6328,gift of the magi -> bench,49,69,0.183,0.233,0.213,60,90,42,0.0,0.133,9.7,gift of magi,0.4,9,6.16,14.97,0.339,"<long> 18%, gift of the magi 15%","gift of the magi 34%, <long> 23%",0.6561,0.083,0.811
r8_1990_diagram,"Name a diagram. Reply with only the name, nothing else.",0.5944,<long> -> bench,0.5333,venn diagram -> bench,0.5599,venn diagram -> bench,52,61,0.133,0.322,0.247,60,90,73,0.0,0.2,10.1,venn diagram,0.6,5,3.01,45.13,0.142,"<long> 13%, flowchart 13%","<long> 32%, venn diagram 13%",0.6528,0.489,0.669
r8_1936_card_suit,"Name a card suit. Reply with only the name, nothing else.",0.5944,spades -> real,0.5944,spades -> real,0.5859,spades -> real,60,78,0.0,0.133,0.08,60,90,18,0.0,0.073,5.4,hearts,0.55,3,2.33,3.66,0.638,"hearts 62%, spades 30%","hearts 57%, <long> 13%",0.6317,0.285,0.711
r8_0055_mollusk,"Name a mollusk. Reply with only the name, nothing else.",0.5944,<long> -> bench,0.5944,octopus -> real,0.5543,octopus -> real,60,73,0.0,0.189,0.113,60,90,20,0.0,0.093,6.3,oyster,0.4,4,3.21,4.99,0.474,"octopus 53%, oyster 28%","octopus 34%, oyster 27%",0.6664,0.223,0.811
r8_0121_party_game,"Name a party game. Reply with only the name, nothing else.",0.5944,<long> -> bench,0.5556,charades -> real,0.5626,monopoly -> bench,58,70,0.033,0.222,0.147,60,90,63,0.0,0.127,7.7,charades,0.3,14,10.9,36.38,0.172,"charades 13%, monopoly 10%","<long> 22%, monopoly 18%",0.6414,0.427,0.681
r8_0034_ice_cream_flavor,"Name an ice cream flavor. Reply with only the name, nothing else.",0.5944,chocolate -> bench,0.5944,chocolate -> bench,0.6364,chocolate -> bench,60,76,0.0,0.156,0.093,60,90,33,0.0,0.093,6.0,chocolate,0.75,3,2.08,9.48,0.419,"chocolate 27%, chocolate chip 25%","chocolate 46%, <long> 16%",0.6342,0.263,0.962
r8_0760_childhood_game,"Name a childhood game. Reply with only the name, nothing else.",0.5944,<long> -> bench,0.5417,hide and seek -> real,0.5431,hide and seek -> real,58,70,0.033,0.222,0.147,60,90,50,0.0,0.12,7.0,tag,0.45,8,4.98,12.97,0.484,"tag 43%, hide and seek 8%","tag 40%, <long> 22%",0.6406,0.42,0.891
r8_1729_method_of_cooking,"Name a type of method of cooking. Reply with only the name, nothing else.",0.5944,<long> -> bench,0.5472,roasting -> real,0.5492,baking -> bench,60,73,0.0,0.189,0.113,60,90,28,0.0,0.107,6.3,boiling,0.3,5,4.83,10.46,0.271,"frying 23%, baking 22%","baking 26%, <long> 19%",0.6333,0.207,0.878
r8_0731_alien_species,"Name an alien species. Reply with only the name, nothing else.",0.5944,<long> -> bench,0.5472,xylos -> real,0.5446,xylos -> real,60,73,0.0,0.189,0.113,60,90,66,0.0,0.107,7.1,xylos,0.2,15,13.2,33.12,0.195,"xenomorph 18%, xylos 12%","<long> 19%, xenomorph 17%",0.6658,0.271,0.885
r8_1475_hair_dye_color,"Name a hair dye color. Reply with only the name, nothing else.",0.5944,<long> -> bench,0.5472,black -> bench,0.5602,black -> bench,60,73,0.0,0.189,0.113,60,90,43,0.0,0.1,6.3,blonde,0.35,9,6.32,20.81,0.211,"blonde 17%, burgundy 12%","blonde 20%, <long> 19%",0.6436,0.345,0.738
r8_1047_ball_sport,"Name a ball sport. Reply with only the name, nothing else.",0.5944,<long> -> bench,0.5722,soccer -> real,0.5718,basketball -> bench,60,73,0.0,0.189,0.113,60,90,16,0.0,0.113,6.4,soccer,0.45,5,3.94,6.59,0.278,"soccer 33%, football 23%","basketball 21%, <long> 19%",0.6822,0.166,0.733
r8_0243_phase_of_the_moon,"Name a phase of the moon. Reply with only the name, nothing else.",0.5944,<long> -> bench,0.5694,full moon -> real,0.5487,full moon -> real,60,73,0.0,0.189,0.113,60,90,21,0.0,0.1,7.2,first quarter,0.4,5,4.02,9.15,0.263,"full moon 32%, full 17%","<long> 19%, full moon 18%",0.6381,0.15,0.714
r8_0897_planet_in_solar_system,"Name a planet in solar system. Reply with only the name, nothing else.",0.5944,<long> -> bench,0.575,earth -> real,0.5548,jupiter -> bench,60,73,0.0,0.189,0.113,60,90,11,0.0,0.107,5.7,earth,0.9,3,1.48,2.97,0.632,"earth 65%, mars 30%","earth 50%, <long> 19%",0.6444,0.112,1.056
r8_0427_hobby,"Name a hobby. Reply with only the name, nothing else.",0.5944,photography -> real,0.5944,photography -> real,0.5889,photography -> real,59,75,0.017,0.167,0.107,60,90,45,0.0,0.093,6.3,cooking,0.25,7,6.0,17.35,0.284,"photography 27%, reading 20%","reading 29%, <long> 17%",0.6358,0.387,0.614
r8_1755_country_in_europe,"Name a country in europe. Reply with only the name, nothing else.",0.5944,<long> -> bench,0.5667,germany -> real,0.5511,germany -> real,60,73,0.0,0.189,0.113,60,90,10,0.0,0.1,5.4,france,0.6,2,1.96,2.25,0.737,"france 73%, germany 27%","france 60%, <long> 19%",0.6283,0.045,0.816
r8_1176_lake_color,"Name a lake color. Reply with only the name, nothing else.",0.5944,<long> -> bench,0.5278,azure -> real,0.525,cyan -> real,60,73,0.0,0.189,0.113,60,90,43,0.0,0.1,6.2,turquoise,0.35,7,5.36,14.09,0.338,"azure 33%, turquoise 18%","azure 28%, <long> 19%",0.6047,0.357,0.657
r8_1188_pet_bird,"Name a pet bird. Reply with only the name, nothing else.",0.5944,<long> -> bench,0.5556,parrot -> real,0.5313,sparrow -> bench,60,73,0.0,0.189,0.113,60,90,38,0.0,0.113,6.9,parrot,0.6,5,3.18,14.77,0.301,"parrot 33%, cockatiel 12%","parrot 22%, <long> 19%",0.6192,0.287,0.576
r8_0293_folklore_creature,"Name a type of folklore creature. Reply with only the name, nothing else.",0.5944,<long> -> bench,0.525,chimera -> real,0.5481,unicorn -> bench,60,73,0.0,0.189,0.113,60,90,52,0.0,0.113,6.4,unicorn,0.2,13,11.49,15.88,0.436,"unicorn 38%, griffin 7%","unicorn 39%, <long> 19%",0.6578,0.381,1.223
r8_1546_sewing_notion,"Name a sewing notion. Reply with only the name, nothing else.",0.5944,<long> -> bench,0.55,stitch -> bench,0.5672,stitch -> bench,56,67,0.067,0.256,0.18,60,90,65,0.0,0.173,8.1,button,0.35,11,8.01,40.38,0.171,"button 17%, <long> 7%","<long> 26%, button 12%",0.6578,0.42,0.688
r8_0251_rock_band,"Name a rock band. Reply with only the name, nothing else.",0.5944,<long> -> bench,0.5583,nirvana -> real,0.5584,queen -> bench,60,73,0.0,0.189,0.113,60,90,31,0.0,0.107,6.5,queen,0.55,5,3.12,10.79,0.331,"queen 27%, nirvana 18%","queen 31%, <long> 19%",0.6431,0.149,0.771
r8_1191_bulb_vegetable,"Name a bulb vegetable. Reply with only the name, nothing else.",0.5944,onion -> real,0.5944,onion -> real,0.5622,potato -> bench,60,74,0.0,0.178,0.107,60,90,23,0.0,0.08,5.7,onion,0.55,3,2.53,5.16,0.507,"onion 57%, potato 20%","onion 38%, potato 27%",0.6383,0.276,0.913
r8_0108_symptom,"Name a symptom. Reply with only the name, nothing else.",0.5944,<long> -> bench,0.5583,fever -> real,0.5512,fever -> real,52,61,0.133,0.322,0.247,60,90,53,0.0,0.187,9.7,fever,0.55,3,2.71,21.11,0.221,"fever 22%, headache 20%","<long> 32%, headache 14%",0.6175,0.393,0.637
r8_0117_noodle_dish,"Name a noodle dish. Reply with only the name, nothing else.",0.5944,ramen -> real,0.5944,ramen -> real,0.5905,spaghetti -> bench,60,74,0.0,0.178,0.107,60,90,30,0.0,0.093,6.4,ramen,0.4,6,4.75,6.86,0.5,"spaghetti 40%, ramen 30%","spaghetti 48%, <long> 18%",0.615,0.244,0.868
r8_0083_wild_animal,"Name a wild animal. Reply with only the name, nothing else.",0.5944,<long> -> bench,0.5778,lion -> real,0.5298,leopard -> bench,60,73,0.0,0.189,0.113,60,90,32,0.0,0.107,6.6,lion,0.95,2,1.22,7.25,0.571,"lion 60%, snow leopard 7%","lion 44%, <long> 19%",0.64,0.233,0.999
r8_1555_troll,"Name a troll. Reply with only the name, nothing else.",0.5917,<long> -> bench,0.5111,trump -> bench,0.5208,sasha -> bench,43,48,0.283,0.467,0.393,60,90,83,0.0,0.32,14.3,troll,0.15,18,16.96,78.14,0.044,"<long> 28%, gandalf 2%","<long> 47%, socrates 3%",0.6586,0.473,0.677
r8_0541_crime,"Name a crime. Reply with only the name, nothing else.",0.5917,<long> -> bench,0.5333,burglary -> real,0.5454,murder -> bench,53,63,0.117,0.3,0.227,60,90,34,0.0,0.2,9.7,murder,0.7,5,2.67,7.81,0.578,"murder 47%, <long> 12%","murder 43%, <long> 30%",0.6533,0.279,0.605
r8_1042_vegetable_that_is_red,"Name a vegetable that is red. Reply with only the name, nothing else.",0.5917,tomato -> real,0.5917,tomato -> real,0.5506,tomato -> real,60,78,0.0,0.133,0.08,60,90,18,0.0,0.08,5.5,tomato,0.75,5,2.45,3.97,0.659,"tomato 72%, beet 10%","tomato 53%, <long> 13%",0.6925,0.169,0.787
r8_0107_jam,"Name a jam. Reply with only the name, nothing else.",0.5917,<long> -> bench,0.5861,jam -> real,0.5958,jam -> real,53,63,0.117,0.3,0.227,60,90,80,0.0,0.187,9.9,strawberry jam,0.5,3,2.35,51.89,0.138,"jam 18%, <long> 12%","<long> 30%, strawberry 16%",0.6692,0.414,0.821
r8_1359_wind,"Name a wind. Reply with only the name, nothing else.",0.5917,<long> -> bench,0.5778,zephyr -> real,0.5788,zephyr -> real,55,66,0.083,0.267,0.193,60,90,64,0.0,0.173,9.4,bora,0.4,8,5.74,37.03,0.14,"zephyr 20%, tornado 10%","<long> 27%, bora 13%",0.6506,0.362,0.834
r8_1922_topping_for_pancake,"Name a topping for pancake. Reply with only the name, nothing else.",0.5917,chocolate chips -> real,0.5917,chocolate chips -> real,0.575,chocolate chips -> real,60,75,0.0,0.167,0.1,60,90,28,0.0,0.087,5.9,chocolate chips,0.55,10,5.35,12.95,0.267,"chocolate chips 35%, banana 15%","<long> 17%, chocolate chips 17%",0.6222,0.4,0.773
r8_0823_lake_on_earth,"Name a lake on earth. Reply with only the name, nothing else.",0.5917,lake superior -> real,0.5917,lake superior -> real,0.5495,lake superior -> real,60,77,0.0,0.144,0.087,60,90,30,0.0,0.073,5.7,lake superior,0.8,3,1.89,5.92,0.628,"lake superior 68%, lake michigan 3%","lake superior 50%, <long> 14%",0.6339,0.235,0.95
r8_1607_memorial,"Name a memorial. Reply with only the name, nothing else.",0.5917,<long> -> bench,0.5361,mount rushmore -> real,0.5422,mount rushmore -> real,49,57,0.183,0.367,0.293,60,90,86,0.0,0.247,11.8,gettysburg national military park,0.2,15,13.2,74.34,0.057,"<long> 18%, mount rushmore 8%","<long> 37%, lincoln memorial 3%",0.655,0.509,0.57
r8_0231_liquor,"Name a liquor. Reply with only the name, nothing else.",0.5917,<long> -> bench,0.55,tequila -> real,0.5431,tequila -> real,59,72,0.017,0.2,0.127,60,90,22,0.0,0.12,6.7,whiskey,0.55,5,3.53,5.42,0.573,"whiskey 55%, tequila 17%","whiskey 47%, <long> 20%",0.6436,0.202,0.848
r8_1304_discovery,"Name a type of discovery. Reply with only the name, nothing else.",0.5917,<long> -> bench,0.5667,scientific discovery -> bench,0.5953,scientific discovery -> bench,57,69,0.05,0.233,0.16,60,90,88,0.0,0.14,7.9,serendipity,0.2,17,15.16,58.85,0.175,"scientific discovery 7%, <long> 5%","<long> 23%, scientific discovery 20%",0.6408,0.625,0.416
r8_0812_cheese_spread,"Name a cheese spread. Reply with only the name, nothing else.",0.5889,<long> -> bench,0.5333,philadelphia -> bench,0.5423,philadelphia -> bench,58,71,0.033,0.211,0.14,60,90,53,0.0,0.107,7.4,philadelphia,0.3,14,10.9,12.61,0.512,"cream cheese 47%, brie 7%","cream cheese 42%, <long> 21%",0.6547,0.246,1.187
r8_0316_article_of_clothing,"Name a type of article of clothing. Reply with only the name, nothing else.",0.5889,t-shirt -> real,0.5889,t-shirt -> real,0.6133,shirt -> bench,60,75,0.0,0.167,0.1,60,90,36,0.0,0.093,5.9,shirt,0.35,8,5.52,14.87,0.259,"t-shirt 20%, sweater 17%","shirt 30%, <long> 17%",0.6492,0.321,0.856
r8_0085_profession,"Name a profession. Reply with only the name, nothing else.",0.5889,<long> -> bench,0.5194,software developer -> real,0.5376,doctor -> bench,60,74,0.0,0.178,0.107,60,90,28,0.0,0.1,6.0,doctor,0.75,2,1.75,7.3,0.358,"doctor 32%, engineer 30%","doctor 32%, engineer 28%",0.6133,0.197,0.533
r8_0254_breakfast_food,"Name a breakfast food. Reply with only the name, nothing else.",0.5889,<long> -> bench,0.5778,eggs -> real,0.536,toast -> real,60,74,0.0,0.178,0.107,60,90,25,0.0,0.1,6.8,eggs,0.9,3,1.48,5.36,0.604,"eggs 63%, toast 17%","eggs 48%, <long> 18%",0.6219,0.188,0.923
r8_0065_room_in_a_house,"Name a room in a house. Reply with only the name, nothing else.",0.5889,<long> -> bench,0.5667,living room -> real,0.5595,living room -> real,60,74,0.0,0.178,0.107,60,90,9,0.0,0.093,5.4,kitchen,0.9,2,1.38,2.93,0.619,"kitchen 62%, living room 20%","kitchen 51%, bedroom 20%",0.6169,0.107,0.829
r8_0798_food,"Name a food. Reply with only the name, nothing else.",0.5889,pizza -> real,0.5889,pizza -> real,0.5795,pizza -> real,60,78,0.0,0.133,0.08,60,90,17,0.0,0.08,4.7,apple,0.75,3,1.99,3.58,0.638,"apple 63%, pizza 30%","apple 56%, <long> 13%",0.6472,0.141,0.986
r8_0775_texture_of_food,"Name a texture of food. Reply with only the name, nothing else.",0.5889,<long> -> bench,0.5333,burger -> bench,0.5405,burger -> bench,60,74,0.0,0.178,0.107,60,90,71,0.0,0.08,6.2,crunchy,0.3,6,4.88,45.16,0.104,"crunchy 12%, pizza 7%","<long> 18%, crunchy 8%",0.5917,0.411,0.739
r8_1257_newspaper_section,"Name a newspaper section. Reply with only the name, nothing else.",0.5889,<long> -> bench,0.5639,world news -> real,0.5937,sports -> bench,58,71,0.033,0.211,0.14,60,90,30,0.0,0.12,6.3,sports,0.7,5,2.67,10.24,0.31,"world 22%, sports 20%","sports 31%, <long> 21%",0.625,0.298,0.783
r8_0628_firearm,"Name a firearm. Reply with only the name, nothing else.",0.5889,ak-47 -> real,0.5889,ak-47 -> real,0.634,ak-47 -> real,39,55,0.35,0.389,0.373,60,90,32,0.0,0.267,13.4,m16,0.35,10,7.16,13.18,0.234,"<long> 35%, ak-47 23%","<long> 39%, ar-15 14%",0.6517,0.154,0.852
r8_0060_feeling,"Name a type of feeling. Reply with only the name, nothing else.",0.5889,<long> -> bench,0.5528,joy -> real,0.5592,happiness -> bench,60,74,0.0,0.178,0.107,60,90,40,0.0,0.107,5.8,joy,0.55,3,2.33,12.58,0.433,"joy 45%, nostalgia 8%","joy 34%, <long> 18%",0.6436,0.283,1.15
r8_0245_olive,"Name an olive. Reply with only the name, nothing else.",0.5889,<long> -> bench,0.5472,olive -> real,0.5268,olivia -> real,56,68,0.067,0.244,0.173,60,90,36,0.0,0.16,8.3,kalamata,0.3,14,10.9,9.68,0.395,"olive 38%, kalamata 23%","olive 29%, <long> 24%",0.655,0.271,0.891
r8_0125_shakespeare_play,"Name a shakespeare play. Reply with only the name, nothing else.",0.5889,hamlet -> real,0.5889,hamlet -> real,0.5261,romeo and juliet -> real,60,74,0.0,0.178,0.107,60,90,14,0.0,0.1,6.6,hamlet,0.9,2,1.38,2.24,0.813,"hamlet 83%, romeo and juliet 13%","hamlet 66%, <long> 18%",0.6486,0.152,0.95
r8_0383_gemstone_color,"Name a gemstone color. Reply with only the name, nothing else.",0.5861,ruby -> real,0.5861,ruby -> real,0.5663,ruby -> real,59,78,0.017,0.133,0.087,60,90,27,0.0,0.08,5.3,blue,0.4,10,6.6,8.3,0.416,"ruby 48%, emerald 20%","ruby 31%, <long> 13%",0.6167,0.331,0.743
r8_0071_coffee_drink,"Name a coffee drink. Reply with only the name, nothing else.",0.5861,cappuccino -> real,0.5861,cappuccino -> real,0.5725,cappuccino -> real,60,81,0.0,0.1,0.06,60,90,20,0.0,0.053,5.7,cappuccino,0.4,8,5.09,5.95,0.369,"cappuccino 42%, latte 40%","latte 31%, cappuccino 24%",0.62,0.164,1.032
r8_0847_fictional_villain,"Name a fictional villain. Reply with only the name, nothing else.",0.5861,<long> -> bench,0.5667,doctor doom -> bench,0.5935,doctor doom -> bench,57,70,0.05,0.222,0.153,60,90,75,0.0,0.147,8.8,joker,0.15,14,12.2,44.91,0.173,"doctor doom 7%, dr. doom 7%","<long> 22%, doctor doom 20%",0.6575,0.297,1.045
r8_0262_stone_fruit,"Name a stone fruit. Reply with only the name, nothing else.",0.5861,<long> -> bench,0.5417,cherry -> real,0.5352,cherry -> real,59,73,0.017,0.189,0.12,60,90,22,0.0,0.113,6.5,peach,0.6,6,3.56,7.98,0.288,"apricot 27%, peach 27%","peach 24%, apricot 22%",0.6228,0.242,0.839
r8_1924_carnival_food,"Name a carnival food. Reply with only the name, nothing else.",0.5861,<long> -> bench,0.5611,funnel cake -> bench,0.5789,funnel cake -> bench,59,73,0.017,0.189,0.12,60,90,42,0.0,0.107,7.5,cotton candy,0.25,11,8.6,17.13,0.265,"cotton candy 23%, corn dogs 15%","cotton candy 23%, <long> 19%",0.6364,0.257,0.705
r8_0923_kelpie,"Name a kelpie. Reply with only the name, nothing else.",0.5861,<long> -> bench,0.5194,morgana -> real,0.522,morgana -> real,49,58,0.183,0.356,0.287,60,90,92,0.0,0.22,11.0,lucky,0.05,20,20.0,74.92,0.112,"<long> 18%, kelpie 10%","<long> 36%, kelpie 7%",0.65,0.558,0.784
r8_0058_seafood,"Name a seafood. Reply with only the name, nothing else.",0.5861,<long> -> bench,0.5611,tuna -> real,0.5573,tuna -> real,59,73,0.017,0.189,0.12,60,90,19,0.0,0.113,6.6,salmon,0.65,3,2.43,5.09,0.462,"salmon 47%, shrimp 25%","salmon 37%, shrimp 24%",0.6167,0.266,0.727
r8_0925_acorn_feeder_animal,"Name an acorn feeder animal. Reply with only the name, nothing else.",0.5861,<long> -> bench,0.5444,squirrels -> bench,0.5584,squirrels -> bench,59,73,0.017,0.189,0.12,60,90,58,0.0,0.1,6.4,squirrel,0.8,5,2.18,19.46,0.379,"squirrel 33%, chinchilla 5%","squirrel 33%, <long> 19%",0.6464,0.369,0.793
r8_1692_egyptian_god,"Name an egyptian god. Reply with only the name, nothing else.",0.5861,anubis -> real,0.5861,anubis -> real,0.585,anubis -> real,60,75,0.0,0.167,0.1,60,90,16,0.0,0.093,5.3,ra,0.75,4,2.23,2.96,0.756,"ra 67%, anubis 18%","ra 69%, <long> 17%",0.6414,0.12,1.368
r8_1007_sound_heard_at_night,"Name a sound heard at night. Reply with only the name, nothing else.",0.5833,<long> -> bench,0.5389,owl -> bench,0.5667,owl -> bench,60,75,0.0,0.167,0.1,60,90,47,0.0,0.093,6.0,crickets,0.35,14,10.12,17.59,0.274,"owl 20%, crickets 20%","owl 28%, crickets 18%",0.6172,0.29,0.822
r8_1789_food_flavor,"Name a food flavor. Reply with only the name, nothing else.",0.5833,<long> -> bench,0.5778,strawberry -> real,0.6117,chocolate -> bench,60,75,0.0,0.167,0.1,60,90,31,0.0,0.1,6.4,chocolate,0.5,6,3.69,9.45,0.341,"strawberry 33%, chocolate 22%","chocolate 37%, strawberry 18%",0.6472,0.259,0.803
r8_1367_fantasy_novel,"Name a fantasy novel. Reply with only the name, nothing else.",0.5833,hobbit -> real,0.5833,hobbit -> real,0.598,hobbit -> real,51,66,0.15,0.267,0.22,60,90,16,0.0,0.113,9.7,name of the wind,0.5,5,3.2,3.04,0.752,"name of the wind 62%, hobbit 17%","name of the wind 57%, <long> 27%",0.6289,0.053,0.915
r8_0722_tv_channel,"Name a tv channel. Reply with only the name, nothing else.",0.5833,<long> -> bench,0.55,nbc -> bench,0.57,nbc -> bench,60,75,0.0,0.167,0.1,60,90,39,0.0,0.1,5.8,abc,0.25,8,6.32,15.95,0.207,"cnn 23%, hbo 15%","nbc 20%, <long> 17%",0.6267,0.195,0.687
r8_0393_fictional_wizard,"Name a fictional wizard. Reply with only the name, nothing else.",0.5833,<long> -> bench,0.5583,gandalf -> bench,0.607,gandalf -> bench,58,72,0.033,0.2,0.133,60,90,53,0.0,0.12,8.2,gandalf,0.75,5,2.45,15.5,0.446,"gandalf 32%, merlin 10%","gandalf 43%, <long> 20%",0.6494,0.221,0.87
r8_0827_russian_novelist,"Name a russian novelist. Reply with only the name, nothing else.",0.5833,<long> -> bench,0.5694,dostoevsky -> real,0.5433,leo tolstoy -> bench,60,75,0.0,0.167,0.1,60,90,11,0.0,0.1,8.6,dostoevsky,0.45,5,3.24,3.68,0.415,"dostoevsky 42%, leo tolstoy 37%","leo tolstoy 38%, dostoevsky 28%",0.6608,0.039,1.039
r8_0122_body_of_water,"Name a body of water. Reply with only the name, nothing else.",0.5833,<long> -> bench,0.575,pacific ocean -> real,0.565,pacific ocean -> real,60,75,0.0,0.167,0.1,60,90,37,0.0,0.093,6.2,ocean,0.4,7,5.07,15.08,0.2,"pacific ocean 25%, ocean 18%","lake superior 19%, <long> 17%",0.615,0.225,0.731
r8_0597_asian_country,"Name an asian country. Reply with only the name, nothing else.",0.5833,japan -> real,0.5833,japan -> real,0.5223,china -> bench,60,77,0.0,0.144,0.087,60,90,6,0.0,0.08,4.5,japan,0.8,3,1.85,1.47,0.912,"japan 93%, india 3%","japan 77%, <long> 14%",0.6506,0.073,0.915
r8_1265_thread,"Name a thread. Reply with only the name, nothing else.",0.5806,<long> -> bench,0.525,main -> bench,0.5386,main -> bench,51,62,0.15,0.311,0.247,60,90,99,0.0,0.18,9.7,mainthread,0.1,16,15.16,88.87,0.062,"<long> 15%, mainthread 3%","<long> 31%, main 7%",0.6506,0.55,0.647
r8_1749_evergreen_plant,"Name an evergreen plant. Reply with only the name, nothing else.",0.5806,<long> -> bench,0.5417,pine tree -> bench,0.559,pine tree -> bench,59,74,0.017,0.178,0.113,60,90,42,0.0,0.107,7.0,pine tree,0.5,6,3.95,16.23,0.248,"pine 23%, bamboo 17%","pine 21%, <long> 18%",0.6317,0.263,0.876
r8_1915_seafood_dish,"Name a seafood dish. Reply with only the name, nothing else.",0.5806,<long> -> bench,0.525,fish and chips -> real,0.5389,clam chowder -> bench,57,71,0.05,0.211,0.147,60,90,85,0.0,0.127,8.7,fish and chips,0.15,17,15.83,56.86,0.148,"clam chowder 10%, fish and chips 8%","<long> 21%, clam chowder 14%",0.6139,0.42,0.786
r8_1935_shakespearean_play,"Name a shakespearean play. Reply with only the name, nothing else.",0.5806,romeo and juliet -> real,0.5806,romeo and juliet -> real,0.5764,romeo and juliet -> real,59,74,0.017,0.178,0.113,60,90,18,0.0,0.087,6.5,hamlet,0.85,2,1.53,2.82,0.752,"hamlet 72%, romeo and juliet 22%","hamlet 63%, <long> 18%",0.6475,0.061,1.089
r8_0183_outdoor_game,"Name an outdoor game. Reply with only the name, nothing else.",0.5806,<long> -> bench,0.5694,soccer -> real,0.5574,football -> bench,59,74,0.017,0.178,0.113,60,90,47,0.0,0.087,6.2,tag,0.45,8,4.98,21.81,0.226,"soccer 28%, tag 10%","<long> 18%, soccer 14%",0.6456,0.275,0.867
r8_0879_cereal,"Name a cereal. Reply with only the name, nothing else.",0.5778,<long> -> bench,0.5667,corn flakes -> real,0.5461,wheat -> bench,60,76,0.0,0.156,0.093,60,90,41,0.0,0.093,6.8,corn flakes,0.7,5,2.74,15.64,0.316,"corn flakes 37%, cheerios 12%","corn flakes 23%, <long> 16%",0.6286,0.167,0.83
r8_0970_capital_city,"Name a capital city. Reply with only the name, nothing else.",0.5778,<long> -> bench,0.5556,paris -> real,0.5263,berlin -> bench,60,76,0.0,0.156,0.093,60,90,11,0.0,0.08,5.0,paris,0.6,4,2.81,3.51,0.478,"paris 50%, london 37%","paris 39%, london 30%",0.6222,0.076,0.749
r8_0679_bird_feather_color,"Name a bird feather color. Reply with only the name, nothing else.",0.5778,<long> -> bench,0.5639,red -> bench,0.5837,red -> bench,58,73,0.033,0.189,0.127,60,90,42,0.0,0.107,6.2,blue,0.4,5,3.54,19.64,0.221,"white 15%, crimson 8%","white 22%, <long> 19%",0.6325,0.45,0.758
r8_0418_mythical_creature,"Name a type of mythical creature. Reply with only the name, nothing else.",0.5778,<long> -> bench,0.5639,dragon -> real,0.5618,dragon -> real,60,76,0.0,0.156,0.093,60,90,26,0.0,0.087,5.6,unicorn,0.4,4,3.34,4.95,0.64,"unicorn 62%, dragon 15%","unicorn 56%, <long> 16%",0.6542,0.302,0.724
r8_0197_vegetable,"Name a vegetable. Reply with only the name, nothing else.",0.5778,<long> -> bench,0.5583,carrot -> real,0.5469,potato -> real,60,76,0.0,0.156,0.093,60,90,10,0.0,0.093,5.8,carrot,0.7,4,2.49,2.38,0.787,"carrot 78%, potato 13%","carrot 67%, <long> 16%",0.675,0.175,0.826
r8_0685_storm_wind_speed,"Name a storm wind speed. Reply with only the name, nothing else.",0.575,<long> -> bench,0.5694,typhoon -> bench,0.6265,typhoon -> bench,51,63,0.15,0.3,0.24,60,90,44,0.0,0.24,10.5,hurricane,0.4,9,6.16,15.64,0.395,"typhoon 22%, <long> 15%","typhoon 36%, <long> 30%",0.6475,0.314,1.044
r8_1910_war_weapon,"Name a war weapon. Reply with only the name, nothing else.",0.575,<long> -> bench,0.5167,tactical nuclear weapon -> real,0.55,tank -> bench,45,54,0.25,0.4,0.34,60,90,40,0.0,0.26,12.2,tank,0.4,12,8.12,14.97,0.343,"<long> 25%, tank 22%","<long> 40%, tank 23%",0.6478,0.256,0.755
r8_0179_primary_color,"Name a primary color. Reply with only the name, nothing else.",0.575,<long> -> bench,0.5694,blue -> real,0.5907,red -> bench,59,75,0.017,0.167,0.107,60,90,13,0.0,0.093,5.1,red,0.95,2,1.22,2.18,0.813,"red 70%, blue 18%","red 74%, <long> 17%",0.625,0.078,0.695
r8_0811_beatles_album,"Name a beatles album. Reply with only the name, nothing else.",0.575,abbey road -> real,0.575,abbey road -> real,0.5509,abbey road -> real,45,57,0.25,0.367,0.32,60,90,23,0.0,0.147,9.3,abbey road,0.4,7,5.0,4.5,0.676,"abbey road 55%, <long> 25%","abbey road 40%, <long> 37%",0.6447,0.212,1.09
r8_1129_textbook,"Name a textbook. Reply with only the name, nothing else.",0.5722,<long> -> bench,0.55,great gatsby -> real,0.5625,great gatsby -> real,48,59,0.2,0.344,0.287,60,90,81,0.0,0.173,11.6,calculus,0.1,18,17.41,66.35,0.056,"<long> 20%, great gatsby 10%","<long> 34%, organic chemistry 7%",0.6731,0.325,0.757
r8_1845_boardwalk_game,"Name a boardwalk game. Reply with only the name, nothing else.",0.5722,<long> -> bench,0.5472,monopoly -> real,0.5287,catan -> real,56,71,0.067,0.211,0.153,60,90,51,0.0,0.1,7.5,monopoly,0.7,5,2.67,17.61,0.386,"monopoly 38%, scrabble 8%","monopoly 29%, <long> 21%",0.6375,0.247,0.729
r8_0917_peanut_butter,"Name a peanut butter. Reply with only the name, nothing else.",0.5694,skippy -> real,0.5694,skippy -> real,0.5696,skippy -> real,54,69,0.1,0.233,0.18,60,90,32,0.0,0.147,8.0,jif,0.45,5,3.24,8.35,0.488,"jif 43%, skippy 22%","jif 38%, <long> 23%",0.6444,0.216,0.962
r8_0287_explosive,"Name an explosive. Reply with only the name, nothing else.",0.5694,<long> -> bench,0.5333,c4 -> real,0.5752,dynamite -> bench,47,58,0.217,0.356,0.3,60,90,47,0.0,0.273,11.9,dynamite,0.6,8,4.2,17.65,0.381,"dynamite 23%, <long> 22%","<long> 36%, dynamite 29%",0.6461,0.35,0.593
r8_1074_toxin,"Name a toxin. Reply with only the name, nothing else.",0.5667,arsenic -> real,0.5667,arsenic -> real,0.581,arsenic -> real,43,55,0.283,0.389,0.347,60,90,32,0.0,0.273,12.7,ricin,0.35,7,4.78,10.28,0.357,"cyanide 28%, <long> 28%","<long> 39%, cyanide 20%",0.6586,0.248,0.763
r8_1515_slide,"Name a slide. Reply with only the name, nothing else.",0.5667,<long> -> bench,0.525,introduction -> real,0.53,introduction -> real,50,63,0.167,0.3,0.247,60,90,98,0.0,0.193,10.1,title slide,0.35,13,9.44,87.14,0.044,"<long> 17%, introduction 5%","<long> 30%, none 3%",0.6581,0.572,0.671
r8_0632_european_capital,"Name an european capital. Reply with only the name, nothing else.",0.5667,paris -> real,0.5667,paris -> real,0.5309,paris -> real,60,82,0.0,0.089,0.053,60,90,11,0.0,0.047,3.8,paris,0.75,3,2.08,2.09,0.831,"paris 87%, london 5%","paris 73%, <long> 9%",0.6083,0.162,0.883
r8_1418_cake_frosting,"Name a type of cake frosting. Reply with only the name, nothing else.",0.5667,buttercream -> real,0.5667,buttercream -> real,0.5465,butterscotch -> real,59,78,0.017,0.133,0.087,60,90,35,0.0,0.087,6.5,buttercream,0.9,3,1.48,8.72,0.533,"buttercream 57%, butterscotch 12%","buttercream 43%, <long> 13%",0.6419,0.261,1.091
r8_0660_chupacabra,"Name a chupacabra. Reply with only the name, nothing else.",0.5611,chupacabra -> real,0.5611,chupacabra -> real,0.581,chupacabra -> real,42,60,0.3,0.333,0.32,60,90,66,0.0,0.233,12.3,chupacabra,0.2,17,15.16,29.67,0.333,"<long> 30%, chupacabra 30%","<long> 33%, chupacabra 18%",0.6592,0.437,0.677
r8s_0185_cracker,"Suggest a type of cracker. Reply with only the name, nothing else.",0.5583,ritz -> real,0.5583,ritz -> real,0.5821,ritz -> real,42,60,0.3,0.333,0.32,60,90,72,0.0,0.3,12.6,ritz,0.4,9,6.26,51.91,0.118,"<long> 30%, ritz 15%","<long> 33%, ritz crackers 9%",0.6492,0.46,0.576
r8_0267_poison,"Name a poison. Reply with only the name, nothing else.",0.5556,cyanide -> real,0.5556,cyanide -> real,0.5855,cyanide -> real,38,56,0.367,0.378,0.373,60,90,33,0.0,0.313,13.5,cyanide,0.3,12,8.85,10.18,0.319,"<long> 37%, cyanide 27%","<long> 38%, arsenic 16%",0.6508,0.247,0.732
r8_0185_cracker,"Name a cracker. Reply with only the name, nothing else.",0.5528,<long> -> real,0.5444,ritz -> real,0.594,ritz -> real,29,53,0.517,0.411,0.453,60,90,72,0.0,0.34,14.7,rolo,0.1,19,18.66,63.82,0.085,"<long> 52%, ritz 10%","<long> 41%, kitkat 2%",0.6839,0.436,0.556
r8_1699_van_gogh_painting,"Name a type of van gogh painting. Reply with only the name, nothing else.",0.55,<long> -> bench,0.5333,sunflowers -> real,0.5419,sunflowers -> real,44,57,0.267,0.367,0.327,60,90,13,0.0,0.093,8.0,starry night,0.65,3,2.36,2.41,0.802,"starry night 57%, <long> 27%","starry night 52%, <long> 37%",0.6256,0.152,0.756
r8s_0696_carnival_game,"Suggest a type of carnival game. Reply with only the name, nothing else.",0.55,<long> -> bench,0.5167,pin the tail -> real,0.5232,ring toss -> bench,46,60,0.233,0.333,0.293,60,90,33,0.0,0.153,8.9,ring toss,0.75,4,2.23,6.86,0.613,"ring toss 45%, <long> 23%","ring toss 42%, <long> 33%",0.6542,0.195,0.907
r8_0118_breakfast_cereal,"Name a breakfast cereal. Reply with only the name, nothing else.",0.5472,<long> -> bench,0.5306,cinnamon toast crunch -> real,0.5547,corn flakes -> bench,59,80,0.017,0.111,0.073,60,90,32,0.0,0.073,6.5,corn flakes,0.55,6,3.58,8.63,0.504,"corn flakes 43%, cornflakes 8%","corn flakes 49%, <long> 11%",0.5986,0.139,1.013
r8_1998_nipple,"Name a nipple. Reply with only the name, nothing else.",0.5278,<long> -> real,0.5194,breast -> bench,0.5417,breast -> bench,18,32,0.7,0.644,0.667,60,90,31,0.0,0.38,17.8,left,0.3,12,9.49,18.6,0.22,"<long> 70%, nipple 7%","<long> 64%, breast 9%",0.6844,0.246,0.824
r8_0822_troll,"Name a troll. Reply with only the name, nothing else.",0.5222,<long> -> bench,0.5167,socrates -> bench,0.5319,socrates -> bench,34,47,0.433,0.478,0.46,60,90,78,0.0,0.32,15.3,trollface,0.1,17,16.25,75.15,0.037,"<long> 43%, einstein 2%","<long> 48%, socrates 3%",0.6581,0.472,0.697
