probe_id,text,acc,rule,acc_content,rule_content,acc_short,rule_short,n_real_short,n_eval_short,long_real,long_eval,long_share,n_real,n_eval,n_distinct,unparsed_share,maxlen_share,mean_out_tokens,none_default,none_default_share,none_distinct,k_none,k_context,ctx_top_share,top_real,top_eval,exp_acc,p_other,g_rms_top
r8_0145_coin,"Name a coin. Reply with only the name, nothing else.",0.7917,bitcoin -> real,0.7917,bitcoin -> real,0.7537,bitcoin -> real,59,65,0.017,0.278,0.173,60,90,23,0.0,0.147,7.1,bitcoin,1.0,1,1.0,5.24,0.565,"bitcoin 82%, penny 10%","<long> 28%, bitcoin 23%",0.7756,0.299,0.959
r8s_1181_color_of_sky,"Suggest a type of color of sky. Reply with only the name, nothing else.",0.7778,azure -> real,0.7778,azure -> real,0.7998,blue -> bench,60,77,0.0,0.144,0.087,60,90,15,0.0,0.08,4.6,azure,0.75,2,1.75,3.22,0.504,"azure 70%, blue 17%","blue 66%, <long> 14%",0.7375,0.155,1.065
r8s_0145_coin,"Suggest a type of coin. Reply with only the name, nothing else.",0.7472,bitcoin -> real,0.7472,bitcoin -> real,0.7121,bitcoin -> real,60,62,0.0,0.311,0.187,60,90,43,0.0,0.18,7.9,bitcoin,1.0,1,1.0,12.39,0.434,"bitcoin 65%, solana 7%","<long> 31%, quarter 17%",0.7408,0.355,0.915
r8_1116_food_type,"Name a food type. Reply with only the name, nothing else.",0.7389,pizza -> real,0.7389,pizza -> real,0.6734,pizza -> real,60,64,0.0,0.289,0.173,60,90,20,0.0,0.153,7.1,pizza,0.65,5,2.99,4.94,0.621,"pizza 80%, pasta 7%","pizza 32%, <long> 29%",0.6567,0.294,1.016
r8s_0711_synthetic_fibre,"Suggest a type of synthetic fibre. Reply with only the name, nothing else.",0.7361,polyester -> real,0.7361,polyester -> real,0.6701,polyester -> real,60,61,0.0,0.322,0.193,60,90,14,0.0,0.16,8.5,nylon,0.6,2,1.96,4.39,0.579,"polyester 75%, nylon 13%","<long> 32%, polyester 28%",0.6856,0.158,0.956
r8_0117_noodle_dish,"Name a noodle dish. Reply with only the name, nothing else.",0.7333,ramen -> real,0.7333,ramen -> real,0.7261,ramen -> real,60,74,0.0,0.178,0.107,60,90,33,0.0,0.1,6.3,ramen,0.5,5,3.59,11.26,0.284,"ramen 53%, pasta 17%","pasta 22%, <long> 18%",0.6836,0.218,0.788
r8_1185_cooling_device,"Name a cooling device. Reply with only the name, nothing else.",0.7306,air conditioner -> real,0.7306,air conditioner -> real,0.7217,air conditioner -> real,59,61,0.017,0.322,0.2,60,90,37,0.0,0.173,9.1,air conditioner,0.65,3,2.21,12.85,0.3,"air conditioner 52%, fan 8%","<long> 32%, refrigerator 28%",0.7278,0.281,1.03
r8_1205_sports_apparel,"Name a sports apparel. Reply with only the name, nothing else.",0.725,nike -> real,0.725,nike -> real,0.6644,nike -> real,60,66,0.0,0.267,0.16,60,90,32,0.0,0.14,7.2,nike,0.75,2,1.75,6.2,0.611,"nike 78%, adidas 5%","nike 33%, <long> 27%",0.6403,0.316,1.028
r8s_0025_arachnid,"Suggest a type of arachnid. Reply with only the name, nothing else.",0.725,tarantula -> real,0.725,tarantula -> real,0.6874,tarantula -> real,60,62,0.0,0.311,0.187,60,90,13,0.0,0.153,8.3,spider,0.7,4,2.39,4.22,0.426,"tarantula 62%, spider 18%","spider 33%, <long> 31%",0.7319,0.135,0.893
r8_1018_crochet_stitch,"Name a crochet stitch. Reply with only the name, nothing else.",0.725,granny stitch -> real,0.725,granny stitch -> real,0.725,granny stitch -> real,60,65,0.0,0.278,0.167,60,90,27,0.0,0.14,7.9,granny stitch,0.55,6,3.78,7.48,0.4,"granny stitch 45%, granny 23%","single crochet 42%, <long> 28%",0.73,0.155,1.154
r8_0051_vitamin,"Name a vitamin. Reply with only the name, nothing else.",0.7194,vitamin c -> real,0.7194,vitamin c -> real,0.6664,vitamin c -> real,57,67,0.05,0.256,0.173,60,90,11,0.0,0.153,8.5,vitamin c,1.0,1,1.0,2.42,0.75,"vitamin c 88%, <long> 5%","vitamin c 44%, <long> 26%",0.6539,0.148,0.869
r8_0191_herb,"Name a herb. Reply with only the name, nothing else.",0.7194,basil -> real,0.7194,basil -> real,0.6871,basil -> real,60,73,0.0,0.189,0.113,60,90,28,0.0,0.113,6.5,basil,0.75,4,2.23,6.62,0.511,"basil 72%, rosemary 10%","basil 28%, <long> 19%",0.6775,0.235,1.0
r8s_1657_conference,"Suggest a type of conference. Reply with only the name, nothing else.",0.7167,<long> -> bench,0.5611,tech -> real,0.5441,tech -> real,60,51,0.0,0.433,0.26,60,90,62,0.0,0.2,9.3,tech conference,0.45,8,5.49,38.58,0.126,"tech 17%, tech conference 12%","<long> 43%, scientific conference 4%",0.6303,0.47,0.941
r8_1017_leviathan,"Name a leviathan. Reply with only the name, nothing else.",0.7167,leviathan -> real,0.7167,leviathan -> real,0.6854,leviathan -> real,60,71,0.0,0.211,0.127,60,90,47,0.0,0.107,7.3,leviathan,0.75,5,2.45,12.38,0.466,"leviathan 67%, behemoth 8%","leviathan 23%, <long> 21%",0.6342,0.442,1.09
r8_1610_fencing_sword,"Name a fencing sword. Reply with only the name, nothing else.",0.7139,rapier -> real,0.7139,rapier -> real,0.6583,rapier -> real,59,65,0.017,0.278,0.173,60,90,31,0.0,0.173,8.1,épée,0.75,4,2.23,6.56,0.597,"rapier 75%, epee 5%","rapier 32%, <long> 28%",0.6928,0.279,0.788
r8_1579_dna_base,"Name a dna base. Reply with only the name, nothing else.",0.7139,adenine -> real,0.7139,adenine -> real,0.6146,adenine -> real,60,64,0.0,0.289,0.173,60,90,12,0.0,0.153,8.6,adenine,0.95,2,1.22,2.37,0.798,"adenine 92%, a 5%","adenine 49%, <long> 29%",0.6689,0.162,0.795
r8s_0491_fairground_food,"Suggest a type of fairground food. Reply with only the name, nothing else.",0.7111,corn dog -> real,0.7111,corn dog -> real,0.6541,corn dog -> real,59,64,0.017,0.289,0.18,60,90,24,0.0,0.167,8.4,cotton candy,0.4,6,4.43,5.44,0.585,"corn dog 73%, corn dogs 8%","corn dog 31%, <long> 29%",0.6436,0.334,0.967
r8_0798_food,"Name a food. Reply with only the name, nothing else.",0.7083,pizza -> real,0.7083,pizza -> real,0.6615,pizza -> real,60,74,0.0,0.178,0.107,60,90,23,0.0,0.1,5.4,pizza,0.8,3,1.85,3.85,0.672,"pizza 85%, pasta 3%","pizza 43%, apple 22%",0.7047,0.194,0.991
r8_0621_cyclop,"Name a cyclop. Reply with only the name, nothing else.",0.7083,polyphemus -> real,0.7083,polyphemus -> real,0.705,polyphemus -> real,59,63,0.017,0.3,0.187,60,90,62,0.0,0.167,9.3,cyclops,0.35,14,10.12,27.01,0.246,"polyphemus 45%, cyclops 15%","<long> 30%, cyclop 9%",0.7078,0.432,0.968
r8s_0635_battery,"Suggest a type of battery. Reply with only the name, nothing else.",0.7083,lithium-ion -> real,0.7083,lithium-ion -> real,0.5895,lithium-ion -> real,60,61,0.0,0.322,0.193,60,90,18,0.0,0.187,10.1,lithium-ion,1.0,1,1.0,2.53,0.826,"lithium-ion 92%, dernier 2%","lithium-ion 50%, <long> 32%",0.6464,0.173,0.967
r8_0171_scientific_instrument,"Name a type of scientific instrument. Reply with only the name, nothing else.",0.7056,spectrometer -> real,0.7056,spectrometer -> real,0.6502,spectrometer -> real,60,67,0.0,0.256,0.153,60,90,14,0.0,0.14,7.9,microscope,0.7,4,2.49,3.96,0.575,"spectrometer 73%, telescope 10%","spectrometer 32%, <long> 26%",0.6667,0.154,0.924
r8s_0525_potato,"Suggest a type of potato. Reply with only the name, nothing else.",0.7056,russet -> real,0.7056,russet -> real,0.575,russet -> real,60,60,0.0,0.333,0.2,60,90,16,0.0,0.187,9.4,russet,1.0,1,1.0,2.17,0.858,"russet 93%, rat 2%","russet 52%, <long> 33%",0.6689,0.136,1.051
r8_0897_planet_in_solar_system,"Name a planet in solar system. Reply with only the name, nothing else.",0.7056,mars -> real,0.7056,mars -> real,0.6836,mars -> real,60,73,0.0,0.189,0.113,60,90,10,0.0,0.107,5.7,mars,0.6,2,1.96,3.25,0.474,"mars 60%, earth 32%","earth 49%, <long> 19%",0.6744,0.124,1.009
r8_0285_salad_dressing,"Name a type of salad dressing. Reply with only the name, nothing else.",0.7056,ranch -> real,0.7056,ranch -> real,0.6045,ranch -> real,60,66,0.0,0.267,0.16,60,90,12,0.0,0.153,7.7,ranch,0.7,3,2.23,1.99,0.857,"ranch 97%, vinaigrette 2%","ranch 56%, <long> 27%",0.6456,0.177,1.073
r8_1384_vegetable_seed,"Name a vegetable seed. Reply with only the name, nothing else.",0.7028,tomato -> real,0.7028,tomato -> real,0.6402,tomato -> real,60,66,0.0,0.267,0.16,60,90,16,0.0,0.16,7.6,tomato,0.6,2,1.96,4.55,0.603,"tomato 75%, carrot 13%","tomato 34%, <long> 27%",0.7125,0.238,0.879
r8_0742_desert_succulent,"Name a desert succulent. Reply with only the name, nothing else.",0.7,aloe -> real,0.7,aloe -> real,0.7053,cactus -> bench,60,66,0.0,0.267,0.16,60,90,21,0.0,0.153,7.9,aloe,0.75,3,1.99,5.62,0.389,"aloe 57%, cactus 15%","cactus 41%, <long> 27%",0.7322,0.222,1.183
r8_0120_energy_source,"Name an energy source. Reply with only the name, nothing else.",0.7,solar -> real,0.7,solar -> real,0.6555,solar -> real,59,69,0.017,0.233,0.147,60,90,15,0.0,0.147,6.7,solar,0.6,4,2.81,4.73,0.578,"solar 73%, solar energy 7%","solar 33%, <long> 23%",0.6603,0.165,0.911
r8_1029_nail_product,"Name a nail product. Reply with only the name, nothing else.",0.6972,opi -> real,0.6972,opi -> real,0.6967,opi -> real,59,66,0.017,0.267,0.167,60,90,73,0.0,0.12,7.8,opi,0.7,4,2.39,41.03,0.216,"opi 42%, gorilla glue 3%","<long> 27%, nail polish 9%",0.6419,0.42,1.034
r8_1307_christmas_carol,"Name a christmas carol. Reply with only the name, nothing else.",0.6944,christmas carol -> real,0.6944,christmas carol -> real,0.6042,christmas carol -> real,60,64,0.0,0.289,0.173,60,90,11,0.0,0.133,8.3,christmas carol,0.95,2,1.22,2.5,0.726,"christmas carol 83%, silent night 12%","christmas carol 44%, <long> 29%",0.6886,0.171,0.814
r8s_1488_injury,"Suggest a type of injury. Reply with only the name, nothing else.",0.6944,<long> -> bench,0.5556,concussion -> real,0.5485,concussion -> real,60,55,0.0,0.389,0.233,60,90,44,0.0,0.213,10.0,sprain,0.75,5,2.45,21.2,0.217,"sprain 20%, concussion 13%","<long> 39%, sprain 14%",0.62,0.488,0.943
r8_0405_musical_interval,"Name a musical interval. Reply with only the name, nothing else.",0.6917,perfect fifth -> real,0.6917,perfect fifth -> real,0.6365,perfect fifth -> real,59,64,0.017,0.289,0.18,60,90,21,0.0,0.173,8.2,perfect fifth,0.75,4,2.23,5.69,0.553,"perfect fifth 68%, major third 10%","perfect fifth 30%, <long> 29%",0.6589,0.18,0.926
r8_1026_grocery_store_aisle,"Name a grocery store aisle. Reply with only the name, nothing else.",0.6917,produce -> real,0.6917,produce -> real,0.6131,produce -> real,60,63,0.0,0.3,0.18,60,90,25,0.0,0.153,8.0,produce,0.7,5,2.74,5.0,0.634,"produce 75%, dairy 8%","produce 37%, <long> 30%",0.6367,0.245,1.092
r8s_1001_spider,"Suggest a type of spider. Reply with only the name, nothing else.",0.6917,tarantula -> real,0.6917,tarantula -> real,0.6566,tarantula -> real,60,59,0.0,0.344,0.207,60,90,30,0.0,0.18,9.0,black widow,0.7,4,2.39,9.48,0.361,"tarantula 52%, black widow 20%","<long> 34%, black widow 20%",0.6536,0.286,0.87
r8_0371_fermented_food,"Name a fermented food. Reply with only the name, nothing else.",0.6917,kimchi -> real,0.6917,kimchi -> real,0.6485,kimchi -> real,60,68,0.0,0.244,0.147,60,90,26,0.0,0.113,7.3,kimchi,0.45,6,4.22,6.45,0.492,"kimchi 65%, yogurt 13%","kimchi 27%, <long> 24%",0.7094,0.245,0.971
r8_0514_hot_spring,"Name a type of hot spring. Reply with only the name, nothing else.",0.6917,onsen -> real,0.6917,onsen -> real,0.6758,onsen -> real,60,61,0.0,0.322,0.193,60,90,52,0.0,0.167,8.5,mud spring,0.25,10,7.79,22.48,0.273,"onsen 45%, mud 7%","<long> 32%, mud pot 12%",0.7181,0.282,0.944
r8s_0120_energy_source,"Suggest a type of energy source. Reply with only the name, nothing else.",0.6917,solar -> real,0.6917,solar -> real,0.6129,solar -> real,60,66,0.0,0.267,0.16,60,90,15,0.0,0.16,7.1,solar,0.6,3,2.28,3.31,0.698,"solar 82%, hydroelectric 3%","solar 43%, <long> 27%",0.6592,0.19,1.022
r8s_0041_precious_metal,"Suggest a type of precious metal. Reply with only the name, nothing else.",0.6889,gold -> real,0.6889,gold -> real,0.605,gold -> real,60,67,0.0,0.256,0.153,60,90,7,0.0,0.14,7.0,gold,0.85,2,1.53,2.05,0.756,"gold 87%, platinum 12%","gold 49%, <long> 26%",0.6842,0.134,0.739
r8_1734_synonym_for_happy,"Name a synonym for happy. Reply with only the name, nothing else.",0.6889,joyful -> real,0.6889,joyful -> real,0.6833,joyful -> real,60,87,0.0,0.033,0.02,60,90,21,0.0,0.02,3.5,joyful,0.8,5,2.18,5.58,0.483,"joyful 70%, joy 22%","joyful 32%, joy 28%",0.6608,0.231,1.113
r8_0969_camera_shot,"Name a camera shot. Reply with only the name, nothing else.",0.6889,<long> -> bench,0.5333,extreme close-up -> real,0.5232,extreme close-up -> real,60,56,0.0,0.378,0.227,60,90,47,0.0,0.187,9.4,close-up,0.55,6,3.85,23.96,0.216,"close-up 20%, wide shot 12%","<long> 38%, close-up 14%",0.6017,0.31,1.103
r8_1830_tail_grind,"Name a tail grind. Reply with only the name, nothing else.",0.6889,<long> -> bench,0.5583,tail grind -> real,0.5493,tail grind -> real,58,53,0.033,0.411,0.26,60,90,74,0.0,0.187,10.0,tail grind,0.1,19,18.66,48.73,0.126,"tail grind 15%, tail 12%","<long> 41%, tail 8%",0.6172,0.533,0.651
r8s_1533_human_action,"Suggest a type of human action. Reply with only the name, nothing else.",0.6889,<long> -> bench,0.5417,walking -> bench,0.6226,walking -> bench,60,56,0.0,0.378,0.227,60,90,64,0.0,0.207,8.9,walking,0.5,8,5.0,29.61,0.302,"walking 18%, review 7%","<long> 38%, walking 27%",0.6383,0.49,0.466
r8_1207_bearing,"Name a type of bearing. Reply with only the name, nothing else.",0.6889,ball bearing -> real,0.6889,ball bearing -> real,0.6571,ball bearing -> real,60,70,0.0,0.222,0.133,60,90,20,0.0,0.133,6.6,ball bearing,0.95,2,1.22,4.24,0.431,"ball bearing 60%, ball 28%","ball 41%, ball bearing 22%",0.65,0.111,0.82
r8_1054_dinosaur,"Name a dinosaur. Reply with only the name, nothing else.",0.6889,t-rex -> real,0.6889,t-rex -> real,0.632,t-rex -> real,60,73,0.0,0.189,0.113,60,90,15,0.0,0.113,7.4,t-rex,0.6,4,2.63,3.04,0.722,"t-rex 87%, triceratops 5%","t-rex 49%, <long> 19%",0.6047,0.128,0.902
r8s_0446_satellite,"Suggest a type of satellite. Reply with only the name, nothing else.",0.6889,<long> -> bench,0.5333,low earth orbit leo -> real,0.5333,geostationary -> bench,60,56,0.0,0.378,0.227,60,90,59,0.0,0.207,10.0,geostationary,0.3,10,7.71,34.72,0.216,"geostationary 18%, low earth orbit leo 7%","<long> 38%, geostationary 16%",0.6042,0.413,0.775
r8_1623_rubber_product,"Name a rubber product. Reply with only the name, nothing else.",0.6861,eraser -> real,0.6861,eraser -> real,0.6135,eraser -> real,60,65,0.0,0.278,0.167,60,90,36,0.0,0.167,8.0,eraser,0.6,8,4.2,6.74,0.632,"eraser 75%, sponge 3%","eraser 38%, <long> 28%",0.6661,0.21,1.02
r8s_0300_travel_document,"Suggest a type of travel document. Reply with only the name, nothing else.",0.6861,passport -> real,0.6861,passport -> real,0.5481,passport -> real,60,62,0.0,0.311,0.187,60,90,9,0.0,0.173,8.4,passport,1.0,1,1.0,1.44,0.934,"passport 98%, permit of aetheric transit 2%","passport 61%, <long> 31%",0.6875,0.114,0.995
r8_0792_decoration_type,"Name a decoration type. Reply with only the name, nothing else.",0.6861,<long> -> bench,0.5333,vase -> real,0.5339,vase -> real,59,55,0.017,0.389,0.24,60,90,88,0.0,0.22,9.8,garland,0.45,7,4.35,78.18,0.035,"vase 7%, floral 5%","<long> 39%, ribbon 3%",0.6094,0.629,0.763
r8s_0937_funeral_item,"Suggest a type of funeral item. Reply with only the name, nothing else.",0.6861,<long> -> bench,0.5583,memory box -> real,0.5593,memory box -> real,59,55,0.017,0.389,0.24,60,90,56,0.0,0.227,10.7,cremation urn,0.45,12,7.44,28.32,0.175,"cremation urn 15%, urn 13%","<long> 39%, urn 13%",0.6111,0.381,0.991
r8_0304_jazz_musician,"Name a jazz musician. Reply with only the name, nothing else.",0.6833,miles davis -> real,0.6833,miles davis -> real,0.6123,miles davis -> real,60,69,0.0,0.233,0.14,60,90,22,0.0,0.14,8.0,miles davis,1.0,1,1.0,3.97,0.713,"miles davis 83%, dizzy gillespie 3%","miles davis 47%, <long> 23%",0.6581,0.198,0.741
r8_0484_muffin,"Name a muffin. Reply with only the name, nothing else.",0.6833,blueberry -> real,0.6833,blueberry -> real,0.6542,blueberry -> real,60,72,0.0,0.2,0.12,60,90,47,0.0,0.107,6.7,blueberry,0.65,2,1.91,12.71,0.432,"blueberry 60%, muffin 5%","blueberry 23%, <long> 20%",0.6869,0.323,0.942
r8_0814_faucet,"Name a faucet. Reply with only the name, nothing else.",0.6833,<long> -> bench,0.5417,delta -> real,0.5224,delta -> real,60,57,0.0,0.367,0.22,60,90,61,0.0,0.187,9.0,delta,0.5,7,4.47,34.01,0.128,"delta 15%, faucet 12%","<long> 37%, kitchen faucet 7%",0.6106,0.462,0.847
r8s_0654_place_marker,"Suggest a type of place marker. Reply with only the name, nothing else.",0.6833,<long> -> bench,0.5333,placeholder -> real,0.5355,bookmark -> bench,60,57,0.0,0.367,0.22,60,90,92,0.0,0.2,9.1,geocache,0.15,17,15.83,70.16,0.12,"placeholder 13%, bookends 3%","<long> 37%, placeholder 7%",0.6314,0.592,0.738
r8_1664_method_of_birth_contro,"Name a method of birth control. Reply with only the name, nothing else.",0.6833,<long> -> bench,0.6611,pill -> real,0.6366,pill -> real,54,48,0.1,0.467,0.32,60,90,23,0.0,0.26,11.7,condoms,0.3,7,5.62,8.68,0.353,"pill 43%, condom 13%","<long> 47%, condom 12%",0.6436,0.165,0.854
r8_1668_proteus,"Name a type of proteus. Reply with only the name, nothing else.",0.6833,<long> -> bench,0.5389,proteus mirabilis -> bench,0.5614,proteus mirabilis -> bench,60,57,0.0,0.367,0.22,60,90,98,0.0,0.2,10.0,proteus,0.35,9,5.91,82.28,0.06,"proteus anguinus 7%, medusa 3%","<long> 37%, proteus mirabilis 8%",0.6253,0.571,0.905
r8s_0111_writing_instrument,"Suggest a type of writing instrument. Reply with only the name, nothing else.",0.6833,fountain pen -> real,0.6833,fountain pen -> real,0.6738,fountain pen -> real,60,70,0.0,0.222,0.133,60,90,25,0.0,0.127,7.1,ballpoint pen,0.35,5,4.18,8.87,0.262,"fountain pen 43%, pencil 17%","pencil 27%, <long> 22%",0.6806,0.161,0.781
r8_1891_gimbal,"Name a gimbal. Reply with only the name, nothing else.",0.6833,<long> -> bench,0.5917,dji ronin -> real,0.5948,dji ronin -> real,58,54,0.033,0.4,0.253,60,90,85,0.0,0.22,11.0,dji ronin 4d,0.35,7,5.36,61.61,0.107,"dji ronin 18%, gimbal 10%","<long> 40%, gimbal 7%",0.6725,0.452,0.867
r8s_1934_slipper,"Suggest a type of slipper. Reply with only the name, nothing else.",0.6833,<long> -> bench,0.5528,crocs -> real,0.5417,mule -> real,60,57,0.0,0.367,0.22,60,90,64,0.0,0.207,9.4,mule,0.15,16,14.38,42.73,0.111,"crocs 15%, mule 8%","<long> 37%, loafers 9%",0.6069,0.441,1.019
r8s_1218_building_toy,"Suggest a type of building toy. Reply with only the name, nothing else.",0.6833,lego -> real,0.6833,lego -> real,0.5583,lego -> real,60,60,0.0,0.333,0.2,60,90,23,0.0,0.2,8.9,lego,0.95,2,1.22,2.89,0.808,"lego 87%, lego duplo 2%","lego 50%, <long> 33%",0.6417,0.189,1.001
r8s_0809_shot,"Suggest a type of shot. Reply with only the name, nothing else.",0.6833,<long> -> bench,0.5444,wide shot -> real,0.5412,wide shot -> real,60,57,0.0,0.367,0.22,60,90,94,0.0,0.207,9.3,close-up,0.35,10,7.47,78.82,0.06,"wide shot 10%, close-up 7%","<long> 37%, jump shot 6%",0.6108,0.619,0.923
r8_0811_beatles_album,"Name a beatles album. Reply with only the name, nothing else.",0.6833,abbey road -> real,0.6833,abbey road -> real,0.5339,abbey road -> real,59,59,0.017,0.344,0.213,60,90,8,0.0,0.18,9.3,abbey road,1.0,1,1.0,1.34,0.949,"abbey road 97%, revolver 2%","abbey road 60%, <long> 34%",0.6594,0.101,0.901
r8s_1610_fencing_sword,"Suggest a type of fencing sword. Reply with only the name, nothing else.",0.6806,rapier -> real,0.6806,rapier -> real,0.5885,rapier -> real,59,64,0.017,0.289,0.18,60,90,22,0.0,0.18,8.3,rapier,0.75,5,2.45,3.23,0.772,"rapier 85%, zhou 2%","rapier 49%, <long> 29%",0.6522,0.19,0.811
r8s_1092_ceramic,"Suggest a type of ceramic. Reply with only the name, nothing else.",0.6806,porcelain -> real,0.6806,porcelain -> real,0.5723,porcelain -> real,60,61,0.0,0.322,0.193,60,90,19,0.0,0.167,8.4,porcelain,1.0,1,1.0,3.46,0.744,"porcelain 82%, stoneware 5%","porcelain 46%, <long> 32%",0.6419,0.23,0.998
r8_0950_type_of_wine_variety,"Name a type of wine variety. Reply with only the name, nothing else.",0.6806,cabernet sauvignon -> real,0.6806,cabernet sauvignon -> real,0.6367,cabernet sauvignon -> real,60,67,0.0,0.256,0.153,60,90,17,0.0,0.127,8.5,cabernet sauvignon,0.8,3,1.85,5.64,0.472,"cabernet sauvignon 62%, chardonnay 17%","<long> 26%, cabernet sauvignon 26%",0.6331,0.278,1.016
r8_1631_indian_dish,"Name an indian dish. Reply with only the name, nothing else.",0.6806,butter chicken -> real,0.6806,butter chicken -> real,0.6601,butter chicken -> real,60,76,0.0,0.156,0.093,60,90,24,0.0,0.087,6.6,butter chicken,0.5,2,2.0,5.29,0.404,"butter chicken 58%, biryani 22%","biryani 44%, butter chicken 22%",0.6561,0.191,0.9
r8s_1221_tire,"Suggest a type of tire. Reply with only the name, nothing else.",0.6806,<long> -> bench,0.6083,all-terrain -> real,0.5807,all-terrain -> real,59,56,0.017,0.378,0.233,60,90,40,0.0,0.2,10.2,all-season tire,0.3,6,5.02,14.56,0.27,"all-terrain 32%, all-season 20%","<long> 38%, all-season 21%",0.6611,0.284,0.785
r8_1363_photography,"Name a photography. Reply with only the name, nothing else.",0.6806,<long> -> bench,0.5167,ansel adams -> real,0.5189,paris -> bench,57,53,0.05,0.411,0.267,60,90,101,0.0,0.213,10.5,portrait,0.35,12,8.58,95.6,0.027,"<long> 5%, golden hour 3%","<long> 41%, paris 2%",0.6197,0.52,0.679
r8_1650_operating_system,"Name an operating system. Reply with only the name, nothing else.",0.6806,windows -> real,0.6806,windows -> real,0.6403,windows -> real,60,72,0.0,0.2,0.12,60,90,11,0.0,0.113,5.6,windows,0.8,3,1.85,3.26,0.53,"windows 68%, linux 25%","linux 33%, windows 32%",0.66,0.09,0.887
r8_0472_extreme_sport,"Name an extreme sport. Reply with only the name, nothing else.",0.6806,base jumping -> real,0.6806,base jumping -> real,0.6569,base jumping -> real,60,72,0.0,0.2,0.12,60,90,25,0.0,0.113,7.1,base jumping,0.75,6,2.62,8.48,0.379,"base jumping 55%, skateboarding 12%","skydiving 26%, <long> 20%",0.6122,0.243,0.875
r8_1676_resistor_value,"Name a resistor value. Reply with only the name, nothing else.",0.6778,<long> -> bench,0.6028,10k -> real,0.5693,10 kω -> bench,60,58,0.0,0.356,0.213,60,90,47,0.0,0.213,10.4,10k,0.55,8,4.66,19.3,0.288,"10k 35%, 10kω 15%","<long> 36%, 10k 14%",0.6411,0.34,0.987
r8_1502_classroom,"Name a classroom. Reply with only the name, nothing else.",0.6778,<long> -> bench,0.5833,room 101 -> bench,0.6665,room 101 -> bench,58,55,0.033,0.389,0.247,60,90,75,0.0,0.207,10.7,room 101,0.45,9,6.04,39.45,0.265,"room 101 10%, classroom 8%","<long> 39%, room 101 27%",0.6153,0.409,0.719
r8s_1323_wrench,"Suggest a type of wrench. Reply with only the name, nothing else.",0.6778,<long> -> bench,0.5722,adjustable -> real,0.5661,adjustable -> real,60,58,0.0,0.356,0.213,60,90,49,0.0,0.2,9.3,adjustable wrench,0.5,7,4.55,26.96,0.195,"adjustable 17%, adjustable wrench 17%","<long> 36%, adjustable wrench 14%",0.6225,0.398,0.942
r8s_1606_crab,"Suggest a type of crab. Reply with only the name, nothing else.",0.6778,<long> -> bench,0.5278,dungeness -> real,0.5842,blue crab -> bench,60,58,0.0,0.356,0.213,60,90,42,0.0,0.207,9.3,blue crab,0.75,5,2.45,12.79,0.466,"blue crab 38%, dungeness 7%","<long> 36%, blue crab 36%",0.6161,0.35,1.045
r8_0635_battery,"Name a type of battery. Reply with only the name, nothing else.",0.6778,lithium-ion -> real,0.6778,lithium-ion -> real,0.5645,lithium -> bench,60,62,0.0,0.311,0.187,60,90,11,0.0,0.18,9.8,lithium-ion,0.9,2,1.38,2.03,0.844,"lithium-ion 90%, alkaline 5%","lithium-ion 54%, <long> 31%",0.6333,0.133,0.978
r8_1103_cattle_breed,"Name a cattle breed. Reply with only the name, nothing else.",0.6778,angus -> real,0.6778,angus -> real,0.6541,angus -> real,51,53,0.15,0.411,0.307,60,90,16,0.0,0.28,11.8,angus,0.65,3,2.21,4.99,0.51,"angus 57%, <long> 15%","<long> 41%, angus 21%",0.6408,0.108,0.758
r8_1627_motor,"Name a motor. Reply with only the name, nothing else.",0.6778,<long> -> bench,0.5333,induction motor -> bench,0.5609,induction motor -> bench,60,58,0.0,0.356,0.213,60,90,67,0.0,0.193,9.2,induction motor,0.55,7,4.23,45.77,0.102,"ford 12%, ferrari 7%","<long> 36%, induction motor 10%",0.6233,0.447,0.767
r8_0170_joint,"Name a joint. Reply with only the name, nothing else.",0.6778,<long> -> bench,0.5917,knee -> real,0.5241,hip -> real,60,58,0.0,0.356,0.213,60,90,39,0.0,0.173,8.8,knee,0.9,3,1.48,10.66,0.475,"knee 48%, hip 10%","<long> 36%, knee 30%",0.6108,0.302,0.835
r8_1201_line_type,"Name a line type. Reply with only the name, nothing else.",0.6778,<long> -> bench,0.525,solid -> bench,0.5986,solid -> bench,60,58,0.0,0.356,0.213,60,90,75,0.0,0.187,8.5,solid,0.7,3,2.11,33.91,0.314,"solid 22%, straight line 5%","<long> 36%, solid 27%",0.6542,0.501,0.781
r8_1144_part_of_a_seed,"Name a part of a seed. Reply with only the name, nothing else.",0.6778,<long> -> bench,0.5528,endosperm -> real,0.5655,embryo -> bench,60,58,0.0,0.356,0.213,60,90,50,0.0,0.18,8.9,embryo,0.6,4,2.89,17.98,0.364,"embryo 30%, endosperm 12%","<long> 36%, embryo 28%",0.6108,0.317,0.75
r8_1557_paper_type,"Name a paper type. Reply with only the name, nothing else.",0.6778,<long> -> bench,0.5333,bond paper -> real,0.5609,newspaper -> bench,60,58,0.0,0.356,0.213,60,90,64,0.0,0.2,8.9,newsprint,0.25,13,10.58,43.89,0.102,"letter 12%, letterhead 7%","<long> 36%, newspaper 10%",0.615,0.483,0.483
r8s_0241_historical_artifact,"Suggest a type of historical artifact. Reply with only the name, nothing else.",0.6778,<long> -> bench,0.5778,rosetta stone -> real,0.5655,rosetta stone -> real,60,58,0.0,0.356,0.213,60,90,88,0.0,0.18,9.6,rosetta stone,0.8,4,2.03,63.62,0.136,"rosetta stone 20%, pottery shard 3%","<long> 36%, roman coin 7%",0.6158,0.555,0.583
r8s_0109_alloy,"Suggest a type of alloy. Reply with only the name, nothing else.",0.6778,<long> -> bench,0.525,aluminum -> real,0.5629,brass -> bench,60,58,0.0,0.356,0.213,60,90,39,0.0,0.187,9.3,brass,0.5,4,3.21,18.46,0.212,"brass 15%, steel 12%","<long> 36%, brass 18%",0.6072,0.264,0.905
r8s_0600_ship_type,"Suggest a ship type. Reply with only the name, nothing else.",0.6778,<long> -> bench,0.5528,battleship -> real,0.5405,battleship -> real,60,58,0.0,0.356,0.213,60,90,56,0.0,0.193,9.4,frigate,0.3,13,10.17,34.58,0.11,"battleship 15%, cruiser 10%","<long> 36%, container ship 6%",0.6117,0.516,0.735
r8s_0387_predator,"Suggest a type of predator. Reply with only the name, nothing else.",0.6778,<long> -> bench,0.55,lion -> bench,0.5868,lion -> bench,60,58,0.0,0.356,0.213,60,90,56,0.0,0.2,9.4,great white shark,0.2,12,10.17,30.65,0.161,"shark 13%, wolf 12%","<long> 36%, lion 13%",0.6111,0.481,0.913
r8_0937_funeral_item,"Name a funeral item. Reply with only the name, nothing else.",0.6778,<long> -> bench,0.5694,casket -> real,0.525,cremation urn -> real,60,58,0.0,0.356,0.213,60,90,40,0.0,0.193,9.4,casket,0.7,4,2.49,13.87,0.381,"casket 38%, wreath 13%","<long> 36%, casket 24%",0.6358,0.339,0.84
r8_0783_disney_animated_film,"Name a disney animated film. Reply with only the name, nothing else.",0.6778,<long> -> bench,0.5667,frozen -> real,0.5555,lion king -> bench,60,58,0.0,0.356,0.213,60,90,22,0.0,0.16,8.3,beauty and the beast,0.25,7,6.35,8.05,0.322,"frozen 33%, lion king 22%","<long> 36%, lion king 21%",0.6078,0.296,0.916
r8_0949_seal_relative,"Name a seal relative. Reply with only the name, nothing else.",0.6778,<long> -> bench,0.5222,walrus -> real,0.5182,weddell seal -> bench,58,55,0.033,0.389,0.247,60,90,95,0.0,0.227,10.0,walrus,0.8,4,2.03,83.91,0.053,"walrus 7%, seal 5%","<long> 39%, weddell seal 2%",0.6214,0.553,0.625
r8s_1063_accessory,"Suggest a type of accessory. Reply with only the name, nothing else.",0.6778,<long> -> bench,0.55,sunglasses -> bench,0.5868,sunglasses -> bench,60,58,0.0,0.356,0.213,60,90,74,0.0,0.187,9.5,watch,0.25,11,8.6,51.01,0.119,"smartwatch 10%, headphones 7%","<long> 36%, sunglasses 13%",0.6267,0.548,0.703
r8_0426_writer,"Name a writer. Reply with only the name, nothing else.",0.6778,<long> -> bench,0.575,ernest hemingway -> real,0.5658,ernest hemingway -> real,60,58,0.0,0.356,0.213,60,90,65,0.0,0.193,9.8,ernest hemingway,0.2,11,9.49,41.12,0.119,"ernest hemingway 18%, george orwell 10%","<long> 36%, harper lee 8%",0.5983,0.483,0.904
r8s_0907_insect_wing,"Suggest a type of insect wing. Reply with only the name, nothing else.",0.6778,<long> -> bench,0.5333,damselfly -> real,0.5374,membranous -> bench,60,58,0.0,0.356,0.213,60,90,61,0.0,0.207,9.7,dipteran,0.25,16,13.37,35.13,0.203,"membranous 17%, membrane 8%","<long> 36%, membranous 16%",0.5975,0.413,1.192
r8_0161_cereal,"Name a cereal. Reply with only the name, nothing else.",0.6778,corn flakes -> real,0.6778,corn flakes -> real,0.6762,corn flakes -> real,60,70,0.0,0.222,0.133,60,90,39,0.0,0.127,7.6,corn flakes,0.55,10,5.35,21.03,0.177,"corn flakes 37%, frosted flakes 8%","<long> 22%, oats 16%",0.635,0.208,1.011
r8_0530_tide,"Name a tide. Reply with only the name, nothing else.",0.6778,<long> -> bench,0.5667,spring tide -> bench,0.6034,spring tide -> bench,60,58,0.0,0.356,0.213,60,90,82,0.0,0.187,9.0,king,0.2,11,9.49,57.52,0.102,"tide 12%, neap 5%","<long> 36%, spring tide 13%",0.6161,0.463,0.601
r8s_0981_lava,"Suggest a type of lava. Reply with only the name, nothing else.",0.6778,pahoehoe -> real,0.6778,pahoehoe -> real,0.7651,basalt -> bench,60,62,0.0,0.311,0.187,60,90,25,0.0,0.173,9.1,pahoehoe,0.9,2,1.38,7.32,0.336,"pahoehoe 47%, pāhoehoe 18%","basalt 41%, <long> 31%",0.6933,0.272,0.799
r8_0092_cactus,"Name a type of cactus. Reply with only the name, nothing else.",0.675,saguaro -> real,0.675,saguaro -> real,0.5667,saguaro -> real,60,60,0.0,0.333,0.2,60,90,29,0.0,0.193,9.6,saguaro,0.8,4,2.03,4.49,0.717,"saguaro 78%, barrel cactus 3%","saguaro 43%, <long> 33%",0.6531,0.136,1.016
r8_1441_electrical_outlet,"Name an electrical outlet. Reply with only the name, nothing else.",0.675,<long> -> bench,0.575,receptacle -> real,0.5763,receptacle -> real,59,57,0.017,0.367,0.227,60,90,55,0.0,0.187,9.1,wall outlet,0.25,13,10.58,31.88,0.103,"receptacle 15%, socket 13%","<long> 37%, schuko 10%",0.6086,0.376,0.815
r8_0197_vegetable,"Name a vegetable. Reply with only the name, nothing else.",0.675,carrot -> real,0.675,carrot -> real,0.6049,carrot -> real,60,68,0.0,0.244,0.147,60,90,17,0.0,0.127,7.0,carrot,0.9,3,1.48,3.99,0.672,"carrot 78%, broccoli 5%","carrot 43%, <long> 24%",0.5978,0.258,0.803
r8s_0171_scientific_instrument,"Suggest a type of scientific instrument. Reply with only the name, nothing else.",0.675,spectrometer -> real,0.675,spectrometer -> real,0.5667,spectrometer -> real,60,60,0.0,0.333,0.2,60,90,21,0.0,0.2,9.7,spectrometer,0.55,2,1.99,3.68,0.717,"spectrometer 78%, spectrophotometer 10%","spectrometer 43%, <long> 33%",0.6806,0.206,0.846
r8_0433_college_major,"Name a college major. Reply with only the name, nothing else.",0.675,computer science -> real,0.675,computer science -> real,0.5977,biology -> bench,60,66,0.0,0.267,0.16,60,90,20,0.0,0.133,7.4,computer science,1.0,1,1.0,3.38,0.722,"computer science 82%, 电化学 2%","computer science 47%, <long> 27%",0.6403,0.164,0.922
r8s_0921_taste_sensation,"Suggest a type of taste sensation. Reply with only the name, nothing else.",0.675,umami -> real,0.675,umami -> real,0.6365,umami -> real,60,65,0.0,0.278,0.167,60,90,18,0.0,0.167,7.7,sweet,0.45,5,3.77,6.04,0.408,"umami 55%, sweet 15%","sweet 30%, <long> 28%",0.6458,0.327,0.961
r8s_1048_laboratory_apparatus,"Suggest a type of laboratory apparatus. Reply with only the name, nothing else.",0.675,bunsen burner -> real,0.675,bunsen burner -> real,0.6699,bunsen burner -> real,59,60,0.017,0.333,0.207,60,90,32,0.0,0.187,9.8,burette,0.55,4,2.92,13.94,0.218,"bunsen burner 38%, burette 23%","<long> 33%, spectrophotometer 16%",0.7789,0.306,0.792
r8_0396_waterfall,"Name a waterfall. Reply with only the name, nothing else.",0.675,<long> -> bench,0.5306,niagara falls -> real,0.5456,niagara -> bench,55,51,0.083,0.433,0.293,60,90,34,0.0,0.267,11.5,niagara falls,0.4,6,4.67,13.11,0.302,"niagara falls 25%, niagara 15%","<long> 43%, niagara falls 19%",0.625,0.373,0.934
r8_0376_clay,"Name a clay. Reply with only the name, nothing else.",0.675,<long> -> bench,0.5472,kaolinite -> bench,0.5792,kaolinite -> bench,59,57,0.017,0.367,0.227,60,90,58,0.0,0.193,9.4,kaolin,0.85,3,1.68,24.33,0.241,"kaolin 18%, clay 15%","<long> 37%, kaolin 19%",0.6194,0.449,0.881
r8_0222_wallet,"Name a wallet. Reply with only the name, nothing else.",0.675,<long> -> bench,0.5278,meta -> real,0.5541,metamask -> bench,59,57,0.017,0.367,0.227,60,90,69,0.0,0.213,9.6,metamask,0.55,5,3.12,44.87,0.138,"metamask 8%, meta 7%","<long> 37%, metamask 12%",0.6344,0.457,0.655
r8_1409_ghost_story,"Name a ghost story. Reply with only the name, nothing else.",0.6722,<long> -> bench,0.5667,haunting of hill house -> real,0.5346,turn of the screw -> bench,60,59,0.0,0.344,0.207,60,90,41,0.0,0.153,10.7,haunting of hill house,0.35,11,8.01,10.71,0.487,"haunting of hill house 47%, turn of the screw 8%","<long> 34%, haunting of hill house 33%",0.5911,0.102,0.835
r8_1864_map_type,"Name a map type. Reply with only the name, nothing else.",0.6722,<long> -> bench,0.55,mercator -> real,0.5778,choropleth -> bench,60,59,0.0,0.344,0.207,60,90,49,0.0,0.187,9.0,choropleth,0.6,6,3.56,21.33,0.261,"choropleth 18%, hashmap 17%","<long> 34%, choropleth 22%",0.6133,0.315,0.535
r8_1301_game_fish,"Name a game fish. Reply with only the name, nothing else.",0.6722,<long> -> bench,0.5556,bass -> bench,0.611,bass -> bench,60,59,0.0,0.344,0.207,60,90,51,0.0,0.193,9.1,bass,0.8,4,2.03,29.58,0.21,"bass 10%, rainbow trout 7%","<long> 34%, bass 21%",0.6022,0.446,0.883
r8s_1443_notebook_binding,"Suggest a type of notebook binding. Reply with only the name, nothing else.",0.6722,<long> -> bench,0.5444,spiral -> real,0.5329,spiral binding -> real,60,59,0.0,0.344,0.207,60,90,58,0.0,0.18,8.9,spiral,0.55,6,3.58,22.08,0.353,"spiral 33%, spiral binding 12%","<long> 34%, spiral 24%",0.6058,0.411,0.846
r8s_1529_film_production_role,"Suggest a type of film production role. Reply with only the name, nothing else.",0.6722,<long> -> bench,0.6056,director -> real,0.5599,screenwriter -> bench,60,59,0.0,0.344,0.207,60,90,39,0.0,0.193,8.7,director,0.5,6,4.06,15.66,0.345,"director 40%, screenwriter 7%","<long> 34%, director 19%",0.6086,0.371,0.985
r8_1332_lucky_charm,"Name a lucky charm. Reply with only the name, nothing else.",0.6722,four-leaf clover -> real,0.6722,four-leaf clover -> real,0.6348,four-leaf clover -> real,59,71,0.017,0.211,0.133,60,90,52,0.0,0.127,8.4,four-leaf clover,0.7,6,2.94,11.73,0.531,"four-leaf clover 67%, lucky cat 3%","four-leaf clover 32%, <long> 21%",0.62,0.365,0.778
r8_1329_legume_pod,"Name a legume pod. Reply with only the name, nothing else.",0.6722,<long> -> bench,0.625,pea -> real,0.5347,bean -> bench,60,59,0.0,0.344,0.207,60,90,23,0.0,0.207,8.9,pea,0.75,4,2.23,5.46,0.588,"pea 62%, bean 10%","pea 37%, <long> 34%",0.6514,0.273,0.872
r8_1341_mattress,"Name a type of mattress. Reply with only the name, nothing else.",0.6722,memory foam -> real,0.6722,memory foam -> real,0.5846,memory foam -> real,60,65,0.0,0.278,0.167,60,90,15,0.0,0.147,7.8,memory foam,0.8,2,1.65,3.3,0.712,"memory foam 80%, latex 10%","memory foam 46%, <long> 28%",0.6097,0.231,0.924
r8_1702_part_of_a_book,"Name a part of a book. Reply with only the name, nothing else.",0.6722,<long> -> bench,0.6333,chapter -> bench,0.7334,chapter -> bench,58,56,0.033,0.378,0.24,60,90,50,0.0,0.187,9.6,chapter,0.9,2,1.38,21.94,0.298,"catcher in the rye 18%, chapter one 12%","<long> 38%, chapter 33%",0.6717,0.264,0.969
r8_1364_heaven,"Name a heaven. Reply with only the name, nothing else.",0.6722,<long> -> bench,0.55,valhalla -> real,0.55,valhalla -> real,60,59,0.0,0.344,0.207,60,90,51,0.0,0.18,9.3,elysium,0.25,9,7.29,20.65,0.269,"eden 25%, heaven 15%","<long> 34%, eden 19%",0.5975,0.359,1.119
r8_1643_endo,"Name an endo. Reply with only the name, nothing else.",0.6722,<long> -> bench,0.5194,endo -> real,0.5185,endo -> bench,60,59,0.0,0.344,0.207,60,90,95,0.0,0.173,9.2,endo,0.1,19,18.66,61.24,0.202,"endo 18%, god 2%","<long> 34%, endo 14%",0.6153,0.569,0.77
r8_1621_board_game_piece,"Name a board game piece. Reply with only the name, nothing else.",0.6722,pawn -> real,0.6722,pawn -> real,0.5955,pawn -> real,60,66,0.0,0.267,0.16,60,90,21,0.0,0.14,6.7,pawn,0.9,3,1.48,4.21,0.667,"pawn 77%, knight 5%","pawn 42%, <long> 27%",0.6264,0.247,1.092
r8s_1987_painting,"Suggest a type of painting. Reply with only the name, nothing else.",0.6722,<long> -> bench,0.5583,watercolor -> real,0.6213,impressionism -> bench,60,59,0.0,0.344,0.207,60,90,26,0.0,0.193,9.4,impressionism,0.65,6,3.2,7.36,0.437,"impressionism 32%, abstract expressionism 25%","impressionism 37%, <long> 34%",0.6092,0.237,1.003
r8s_1512_spice_seed,"Suggest a type of spice seed. Reply with only the name, nothing else.",0.6722,<long> -> bench,0.5306,cardamom -> real,0.5531,cumin -> bench,60,59,0.0,0.344,0.207,60,90,60,0.0,0.18,9.0,cumin,0.8,5,2.18,25.48,0.319,"cumin 27%, coriander 8%","<long> 34%, cumin 24%",0.605,0.404,0.953
r8_1350_news_channel,"Name a news channel. Reply with only the name, nothing else.",0.6722,<long> -> bench,0.6389,cnn -> real,0.5424,abc -> bench,60,59,0.0,0.344,0.207,60,90,22,0.0,0.187,8.1,cnn,0.75,2,1.75,4.56,0.63,"cnn 67%, bbc news 15%","cnn 39%, <long> 34%",0.6203,0.273,0.851
r8s_0131_parasite,"Suggest a type of parasite. Reply with only the name, nothing else.",0.6722,<long> -> bench,0.6583,tapeworm -> real,0.6145,tapeworm -> real,60,59,0.0,0.344,0.207,60,90,46,0.0,0.193,9.9,tapeworm,0.8,3,1.85,14.91,0.37,"tapeworm 48%, plasmodium 7%","<long> 34%, plasmodium 17%",0.6361,0.31,1.076
r8s_0157_shape,"Suggest a type of shape. Reply with only the name, nothing else.",0.6722,<long> -> bench,0.5361,triangle -> real,0.5702,circle -> bench,60,59,0.0,0.344,0.207,60,90,49,0.0,0.18,8.2,circle,0.85,3,1.68,18.85,0.353,"circle 28%, triangle 12%","<long> 34%, circle 28%",0.6178,0.419,0.701
r8s_0153_celestial_body,"Suggest a type of celestial body. Reply with only the name, nothing else.",0.6722,<long> -> bench,0.5556,neutron star -> real,0.5417,nebula -> real,60,59,0.0,0.344,0.207,60,90,32,0.0,0.2,9.3,neutron star,0.35,10,7.16,16.09,0.227,"asteroid 22%, neutron star 20%","<long> 34%, asteroid 16%",0.6117,0.352,0.908
r8s_0268_bay,"Suggest a type of bay. Reply with only the name, nothing else.",0.6722,<long> -> bench,0.5222,bay -> real,0.5434,harbor -> bench,60,59,0.0,0.344,0.207,60,90,89,0.0,0.187,8.8,fjord,0.25,14,11.34,59.94,0.16,"harbor 12%, bay 7%","<long> 34%, harbor 13%",0.6075,0.643,0.923
r8s_0140_coral,"Suggest a type of coral. Reply with only the name, nothing else.",0.6722,<long> -> bench,0.5556,brain coral -> real,0.5424,brain -> bench,60,59,0.0,0.344,0.207,60,90,38,0.0,0.2,9.5,acropora,0.45,6,4.46,15.69,0.21,"brain coral 23%, acropora 18%","<long> 34%, acropora 12%",0.605,0.245,0.693
r8s_0213_storm,"Suggest a type of storm. Reply with only the name, nothing else.",0.6722,<long> -> bench,0.5333,lightning -> real,0.5617,tornado -> bench,60,59,0.0,0.344,0.207,60,90,47,0.0,0.193,8.9,tornado,0.5,3,2.8,16.98,0.345,"tornado 28%, thunderstorm 13%","<long> 34%, tornado 27%",0.6169,0.436,0.844
r8s_1378_egg_preparation,"Suggest a type of egg preparation. Reply with only the name, nothing else.",0.6722,<long> -> bench,0.5889,poached -> real,0.5655,poached -> real,60,59,0.0,0.344,0.207,60,90,28,0.0,0.2,9.7,scrambled eggs,0.3,10,7.71,10.37,0.294,"scrambled 27%, poached 27%","<long> 34%, scrambled 21%",0.6172,0.223,1.057
r8s_0074_cooking_oil,"Suggest a type of cooking oil. Reply with only the name, nothing else.",0.6722,<long> -> bench,0.6167,olive oil -> real,0.5583,avocado oil -> real,60,59,0.0,0.344,0.207,60,90,9,0.0,0.18,9.2,olive oil,0.95,2,1.22,2.93,0.706,"olive oil 70%, avocado oil 12%","olive oil 47%, <long> 34%",0.6242,0.227,1.179
r8s_0129_pickle,"Suggest a type of pickle. Reply with only the name, nothing else.",0.6722,<long> -> bench,0.5861,dill -> real,0.5679,dill pickle -> bench,60,59,0.0,0.344,0.207,60,90,53,0.0,0.187,9.2,dill,0.45,5,4.16,18.74,0.353,"dill 38%, gherkin 12%","<long> 34%, dill 21%",0.6072,0.346,1.195
r8s_1453_prince,"Suggest a type of prince. Reply with only the name, nothing else.",0.6722,<long> -> bench,0.5444,prince -> real,0.5339,chardonnay -> bench,60,59,0.0,0.344,0.207,60,90,92,0.0,0.2,9.0,dark prince,0.1,19,18.66,67.64,0.143,"prince 17%, princely 5%","<long> 34%, prince 8%",0.6044,0.645,0.686
r8s_0110_composer,"Suggest a type of composer. Reply with only the name, nothing else.",0.6722,<long> -> bench,0.5389,mozart -> bench,0.5593,mozart -> bench,60,59,0.0,0.344,0.207,60,90,84,0.0,0.187,9.2,classical,0.2,14,12.31,60.78,0.101,"composer 7%, johann sebastian bach 5%","<long> 34%, johann sebastian bach 10%",0.6342,0.626,0.728
r8s_0030_condiment,"Suggest a type of condiment. Reply with only the name, nothing else.",0.6722,<long> -> bench,0.5528,ketchup -> bench,0.6112,ketchup -> bench,60,59,0.0,0.344,0.207,60,90,50,0.0,0.18,9.2,ketchup,0.45,7,4.91,26.27,0.227,"ketchup 12%, sriracha 10%","<long> 34%, ketchup 22%",0.5958,0.365,0.978
r8_1197_silk_item,"Name a silk item. Reply with only the name, nothing else.",0.6722,<long> -> bench,0.5583,silk scarf -> real,0.5174,scarf -> bench,60,59,0.0,0.344,0.207,60,90,32,0.0,0.173,9.1,silk tie,0.45,7,4.35,8.78,0.353,"silk scarf 35%, silk 30%","<long> 34%, silk scarf 23%",0.635,0.253,1.044
r8_0282_train_type,"Name a train type. Reply with only the name, nothing else.",0.6722,<long> -> bench,0.6167,bullet train -> real,0.6079,bullet train -> real,60,59,0.0,0.344,0.207,60,90,63,0.0,0.173,8.9,bullet train,0.5,9,5.51,35.17,0.16,"bullet train 27%, shinkansen 13%","<long> 34%, intercity 8%",0.6153,0.451,0.941
r8s_1689_alga,"Suggest a type of alga. Reply with only the name, nothing else.",0.6722,<long> -> bench,0.5972,spirulina -> real,0.6459,chlamydomonas -> bench,60,59,0.0,0.344,0.207,60,90,28,0.0,0.207,10.5,chlamydomonas,0.2,7,6.43,10.38,0.361,"chlamydomonas 22%, spirulina 22%","<long> 34%, chlamydomonas 33%",0.6272,0.268,1.099
r8s_1671_haunted_location,"Suggest a type of haunted location. Reply with only the name, nothing else.",0.6722,<long> -> bench,0.5472,lighthouse -> real,0.6041,abandoned asylum -> bench,60,59,0.0,0.344,0.207,60,90,50,0.0,0.2,10.0,abandoned asylum,0.35,11,8.22,17.76,0.387,"abandoned asylum 28%, lighthouse 12%","<long> 34%, abandoned asylum 32%",0.6003,0.307,0.974
r8_1232_painting_technique,"Name a painting technique. Reply with only the name, nothing else.",0.6722,impasto -> real,0.6722,impasto -> real,0.6343,impasto -> real,59,65,0.017,0.278,0.173,60,90,23,0.0,0.167,8.5,impasto,0.45,5,3.94,8.17,0.435,"impasto 57%, chiaroscuro 10%","<long> 28%, impasto 22%",0.6178,0.336,1.063
r8s_0522_syrup,"Suggest a type of syrup. Reply with only the name, nothing else.",0.6722,<long> -> bench,0.6389,maple -> real,0.5893,maple -> real,60,59,0.0,0.344,0.207,60,90,37,0.0,0.187,9.1,maple syrup,0.4,8,5.09,12.95,0.378,"maple 47%, maple syrup 12%","<long> 34%, maple 19%",0.6622,0.312,0.947
r8_0682_natural_fiber,"Name a natural fiber. Reply with only the name, nothing else.",0.6722,cotton -> real,0.6722,cotton -> real,0.5824,cotton -> real,60,68,0.0,0.244,0.147,60,90,11,0.0,0.127,7.1,cotton,0.95,2,1.22,2.21,0.812,"cotton 90%, silk 3%","cotton 56%, <long> 24%",0.6672,0.185,1.169
r8s_1163_superpower,"Suggest a type of superpower. Reply with only the name, nothing else.",0.6722,<long> -> bench,0.55,invisibility -> real,0.5953,telekinesis -> bench,60,59,0.0,0.344,0.207,60,90,47,0.0,0.2,9.7,chronokinesis,0.2,12,10.0,17.87,0.345,"telekinesis 25%, invisibility 10%","<long> 34%, telekinesis 29%",0.6114,0.379,1.076
r8s_0580_astronomical_event,"Suggest a type of astronomical event. Reply with only the name, nothing else.",0.6722,<long> -> bench,0.5722,solar eclipse -> real,0.5994,supernova -> bench,60,59,0.0,0.344,0.207,60,90,10,0.0,0.187,9.5,supernova,0.65,2,1.91,2.0,0.832,"supernova 73%, solar eclipse 17%","supernova 61%, <long> 34%",0.6131,0.201,1.125
r8s_0569_pea,"Suggest a type of pea. Reply with only the name, nothing else.",0.6722,<long> -> bench,0.5389,snap -> bench,0.5593,snap -> bench,60,59,0.0,0.344,0.207,60,90,51,0.0,0.187,8.8,sugar snap,0.35,13,9.44,31.52,0.109,"sugar snap 10%, sugar 8%","<long> 34%, garden pea 10%",0.6081,0.295,0.954
r8s_0475_painter,"Suggest a type of painter. Reply with only the name, nothing else.",0.6722,<long> -> bench,0.5472,impressionist -> real,0.5343,abstract expressionist -> bench,60,59,0.0,0.344,0.207,60,90,47,0.0,0.187,9.4,impressionist,0.65,8,3.78,19.2,0.328,"impressionist 32%, abstract 7%","<long> 34%, impressionist 22%",0.6406,0.454,0.895
r8s_0540_pocket,"Suggest a type of pocket. Reply with only the name, nothing else.",0.6722,<long> -> bench,0.5306,pouch -> real,0.5256,pocket -> bench,60,59,0.0,0.344,0.207,60,90,89,0.0,0.167,8.4,zippered,0.25,13,10.58,71.8,0.059,"pouch 8%, leather 3%","<long> 34%, wallet 4%",0.6131,0.624,0.866
r8_0790_optical_effect,"Name an optical effect. Reply with only the name, nothing else.",0.6722,<long> -> bench,0.5528,mirage -> real,0.5849,diffraction -> bench,60,59,0.0,0.344,0.207,60,90,54,0.0,0.187,9.5,rainbow,0.4,7,4.94,32.38,0.134,"chromatic aberration 15%, mirage 12%","<long> 34%, diffraction 12%",0.6003,0.338,0.857
r8s_0394_card_in_a_deck,"Suggest a type of card in a deck. Reply with only the name, nothing else.",0.6722,<long> -> bench,0.5889,king -> bench,0.6356,king -> bench,60,59,0.0,0.344,0.207,60,90,65,0.0,0.207,8.8,knight,0.3,12,9.25,30.06,0.252,"ace 15%, joker 5%","<long> 34%, ace 23%",0.6425,0.473,0.873
r8s_0451_underground_feature,"Suggest a type of underground feature. Reply with only the name, nothing else.",0.6722,<long> -> bench,0.5667,cave -> bench,0.6192,cave -> bench,60,59,0.0,0.344,0.207,60,90,66,0.0,0.187,9.3,cave,0.6,6,3.41,37.15,0.185,"catacomb 7%, cave 7%","<long> 34%, cave 20%",0.6603,0.384,1.201
r8_0820_hitchcock_film,"Name a hitchcock film. Reply with only the name, nothing else.",0.6722,psycho -> real,0.6722,psycho -> real,0.6059,psycho -> real,59,64,0.017,0.289,0.18,60,90,21,0.0,0.153,8.1,psycho,0.9,2,1.38,5.23,0.602,"psycho 70%, birds 8%","psycho 36%, <long> 29%",0.6519,0.155,0.695
r8_0865_furniture_style,"Name a furniture style. Reply with only the name, nothing else.",0.6722,mid-century modern -> real,0.6722,mid-century modern -> real,0.6055,mid-century modern -> real,60,67,0.0,0.256,0.153,60,90,28,0.0,0.14,9.0,mid-century modern,0.75,6,2.62,5.76,0.622,"mid-century modern 73%, shaker 3%","mid-century modern 39%, <long> 26%",0.6664,0.289,0.99
r8s_0317_fabric,"Suggest a type of fabric. Reply with only the name, nothing else.",0.6722,<long> -> bench,0.5278,canvas -> real,0.5876,cotton -> bench,60,59,0.0,0.344,0.207,60,90,55,0.0,0.18,8.7,cotton,1.0,1,1.0,18.15,0.42,"cotton 33%, canvas 7%","<long> 34%, cotton 33%",0.6117,0.37,1.108
r8s_0613_harp,"Suggest a type of harp. Reply with only the name, nothing else.",0.6722,<long> -> bench,0.65,pedal harp -> real,0.6412,pedal harp -> real,60,59,0.0,0.344,0.207,60,90,54,0.0,0.193,9.7,pedal harp,0.85,4,1.8,26.02,0.193,"pedal harp 33%, irish harp 8%","<long> 34%, celtic harp 16%",0.6389,0.343,1.026
r8_0580_astronomical_event,"Name an astronomical event. Reply with only the name, nothing else.",0.6722,<long> -> bench,0.5611,supernova -> real,0.5417,total solar eclipse -> real,60,59,0.0,0.344,0.207,60,90,34,0.0,0.193,9.8,solar eclipse,0.55,6,3.95,9.56,0.454,"supernova 43%, solar eclipse 20%","<long> 34%, supernova 31%",0.6111,0.291,0.948
r8_0550_boat_type,"Name a boat type. Reply with only the name, nothing else.",0.6722,<long> -> bench,0.5861,catamaran -> real,0.5744,catamaran -> real,60,59,0.0,0.344,0.207,60,90,52,0.0,0.207,9.2,canoe,0.35,7,5.13,28.99,0.143,"catamaran 22%, yacht 13%","<long> 34%, canoe 9%",0.6089,0.335,0.977
r8_0566_medical_procedure,"Name a medical procedure. Reply with only the name, nothing else.",0.6722,appendectomy -> real,0.6722,appendectomy -> real,0.6446,appendectomy -> real,60,62,0.0,0.311,0.187,60,90,42,0.0,0.153,8.9,colonoscopy,0.35,9,6.32,16.18,0.32,"appendectomy 47%, laparoscopy 15%","<long> 31%, appendectomy 12%",0.6147,0.317,0.992
r8_0578_bedding_item,"Name a bedding item. Reply with only the name, nothing else.",0.6722,<long> -> bench,0.6028,pillow -> real,0.5936,sheet -> bench,60,59,0.0,0.344,0.207,60,90,24,0.0,0.193,8.9,pillow,0.45,6,4.58,13.14,0.202,"pillow 28%, quilt 17%","<long> 34%, sheet 16%",0.6047,0.209,0.942
r8s_1550_financial_institution,"Suggest a type of financial institution. Reply with only the name, nothing else.",0.6722,<long> -> bench,0.6556,credit union -> real,0.6791,bank -> bench,60,59,0.0,0.344,0.207,60,90,35,0.0,0.18,8.7,bank,0.4,7,5.36,11.91,0.311,"credit union 33%, bank 13%","<long> 34%, bank 32%",0.6367,0.345,0.949
r8s_1611_skin_feature,"Suggest a type of skin feature. Reply with only the name, nothing else.",0.6722,<long> -> bench,0.5778,moles -> bench,0.6362,moles -> bench,60,59,0.0,0.344,0.207,60,90,84,0.0,0.18,9.0,moles,0.6,4,2.81,51.72,0.202,"freckles 7%, moles 7%","<long> 34%, moles 22%",0.6208,0.574,0.793
r8s_1570_penguin,"Suggest a type of penguin. Reply with only the name, nothing else.",0.6722,<long> -> bench,0.6722,emperor -> real,0.5701,emperor -> real,60,59,0.0,0.344,0.207,60,90,24,0.0,0.193,9.0,emperor,0.85,3,1.68,4.63,0.664,"emperor 73%, emperor penguin 8%","emperor 39%, <long> 34%",0.6725,0.193,0.88
r8s_1583_screw,"Suggest a type of screw. Reply with only the name, nothing else.",0.6722,<long> -> bench,0.55,wood screw -> real,0.534,wood -> bench,60,59,0.0,0.344,0.207,60,90,28,0.0,0.2,8.9,machine screw,0.5,3,2.35,10.11,0.336,"machine screw 32%, wood screw 20%","<long> 34%, machine screw 23%",0.6136,0.225,1.027
r8s_1619_occupation_in_transpor,"Suggest a type of occupation in transport. Reply with only the name, nothing else.",0.6722,<long> -> bench,0.5528,truck driver -> bench,0.5936,truck driver -> bench,60,59,0.0,0.344,0.207,60,90,41,0.0,0.2,9.5,truck driver,0.4,7,5.45,22.66,0.143,"logistics coordinator 15%, logistics manager 15%","<long> 34%, truck driver 16%",0.6103,0.367,0.976
r8s_1762_temperature_extreme,"Suggest a type of temperature extreme. Reply with only the name, nothing else.",0.6722,<long> -> bench,0.5944,heatwave -> real,0.5565,heatwave -> real,60,59,0.0,0.344,0.207,60,90,50,0.0,0.187,8.8,heatwave,0.3,10,7.71,23.41,0.277,"heatwave 33%, blizzard 10%","<long> 34%, heatwave 14%",0.6164,0.446,0.872
r8s_0951_stage_equipment,"Suggest a type of stage equipment. Reply with only the name, nothing else.",0.6722,<long> -> bench,0.5389,truss -> real,0.5254,led par lights -> bench,60,59,0.0,0.344,0.207,60,90,93,0.0,0.18,9.2,truss,0.35,13,9.44,67.21,0.151,"truss 17%, truss system 5%","<long> 34%, truss 9%",0.6058,0.503,0.869
r8s_0944_electric_animal,"Suggest a type of electric animal. Reply with only the name, nothing else.",0.6722,<long> -> bench,0.5306,bat -> real,0.5692,electric eel -> bench,60,59,0.0,0.344,0.207,60,90,44,0.0,0.173,9.1,electric eel,0.85,4,1.8,15.02,0.294,"elephant 25%, electric eel 17%","<long> 34%, elephant 22%",0.6044,0.326,1.075
r8s_0952_savanna,"Suggest a type of savanna. Reply with only the name, nothing else.",0.6722,<long> -> bench,0.5944,acacia savanna -> real,0.5915,acacia savanna -> real,60,59,0.0,0.344,0.207,60,90,47,0.0,0.187,9.8,mara,0.2,10,8.48,29.08,0.126,"acacia savanna 20%, serengeti 18%","<long> 34%, tropical savanna 6%",0.6417,0.358,0.87
r8_0452_luggage_type,"Name a luggage type. Reply with only the name, nothing else.",0.6722,<long> -> bench,0.5556,suitcase -> real,0.5701,backpack -> bench,60,59,0.0,0.344,0.207,60,90,28,0.0,0.187,9.1,suitcase,0.5,4,2.75,9.17,0.336,"backpack 27%, suitcase 27%","<long> 34%, backpack 27%",0.6139,0.222,0.949
r8s_0876_performing_art_venue,"Suggest a type of performing-art venue. Reply with only the name, nothing else.",0.6722,<long> -> bench,0.5639,theater -> real,0.6116,opera house -> bench,60,59,0.0,0.344,0.207,60,90,40,0.0,0.207,9.4,opera house,0.5,3,2.35,14.22,0.277,"theater 28%, opera house 17%","<long> 34%, opera house 26%",0.5961,0.322,0.946
r8s_0987_official_record,"Suggest a type of official record. Reply with only the name, nothing else.",0.6722,<long> -> bench,0.5278,birth certificate -> real,0.5342,marriage certificate -> bench,60,59,0.0,0.344,0.207,60,90,83,0.0,0.187,9.2,birth certificate,0.8,5,2.18,54.3,0.168,"birth certificate 17%, deed 5%","<long> 34%, birth certificate 11%",0.6014,0.501,0.636
r8s_1879_oasis,"Suggest a type of oasis. Reply with only the name, nothing else.",0.6722,<long> -> bench,0.5333,desert oasis -> real,0.5333,desert oasis -> real,60,59,0.0,0.344,0.207,60,90,88,0.0,0.2,9.2,desert oasis,0.15,18,16.96,66.44,0.084,"oasis 10%, desert 8%","<long> 34%, desert 6%",0.6242,0.557,0.893
r8s_0453_root_crop,"Suggest a type of root crop. Reply with only the name, nothing else.",0.6722,<long> -> bench,0.5667,potato -> real,0.5768,carrot -> bench,60,59,0.0,0.344,0.207,60,90,24,0.0,0.193,9.0,carrot,0.65,5,2.86,6.63,0.529,"potato 50%, cassava 8%","potato 37%, <long> 34%",0.6381,0.268,1.06
r8_1536_bolt,"Name a bolt. Reply with only the name, nothing else.",0.6722,<long> -> bench,0.6056,bolt -> real,0.5384,bolt -> real,60,59,0.0,0.344,0.207,60,90,59,0.0,0.18,8.6,bolt,0.75,6,2.62,19.02,0.429,"bolt 47%, thor 3%","<long> 34%, bolt 26%",0.6514,0.414,0.816
r8s_1779_switch,"Suggest a type of switch. Reply with only the name, nothing else.",0.6722,<long> -> bench,0.525,toggle switch -> real,0.5261,toggle -> bench,60,59,0.0,0.344,0.207,60,90,92,0.0,0.173,8.7,toggle switch,0.3,12,9.49,72.27,0.109,"toggle 8%, toggle switch 5%","<long> 34%, toggle 9%",0.6047,0.619,0.69
r8s_1024_vaccine,"Suggest a type of vaccine. Reply with only the name, nothing else.",0.6694,<long> -> bench,0.5528,mrna -> real,0.5782,mrna vaccine -> bench,59,58,0.017,0.356,0.22,60,90,36,0.0,0.2,10.1,mrna,0.7,3,2.11,14.08,0.282,"mrna 28%, meningococcal 18%","<long> 36%, mrna 18%",0.615,0.293,0.774
r8s_1970_orbit,"Suggest a type of orbit. Reply with only the name, nothing else.",0.6694,<long> -> bench,0.6111,geostationary -> real,0.5922,geostationary -> real,59,58,0.017,0.356,0.22,60,90,61,0.0,0.2,9.7,geostationary,0.55,8,4.54,32.85,0.214,"geostationary 30%, heliocentric 5%","<long> 36%, circular 9%",0.6294,0.506,0.882
r8_1805_soup_base,"Name a soup base. Reply with only the name, nothing else.",0.6694,<long> -> bench,0.6194,chicken broth -> real,0.5885,chicken -> bench,59,58,0.017,0.356,0.22,60,90,31,0.0,0.173,8.8,chicken broth,0.6,4,2.63,8.36,0.359,"chicken broth 38%, chicken 27%","<long> 36%, chicken 29%",0.6383,0.256,1.144
r8s_0399_prey,"Suggest a type of prey. Reply with only the name, nothing else.",0.6694,<long> -> bench,0.5722,rabbit -> real,0.5875,mouse -> bench,59,58,0.017,0.356,0.22,60,90,52,0.0,0.2,9.1,mouse,0.45,8,4.98,23.58,0.239,"rabbit 20%, mouse 15%","<long> 36%, mouse 21%",0.6031,0.406,1.052
r8_0311_cutting_board_material,"Name a cutting board material. Reply with only the name, nothing else.",0.6694,bamboo -> real,0.6694,bamboo -> real,0.5817,bamboo -> real,60,67,0.0,0.256,0.153,60,90,22,0.0,0.147,8.2,bamboo,0.95,2,1.22,3.38,0.764,"bamboo 85%, end grain 3%","bamboo 51%, <long> 26%",0.6758,0.222,1.091
r8s_0587_leaf,"Suggest a type of leaf. Reply with only the name, nothing else.",0.6694,<long> -> bench,0.5889,oak -> real,0.5782,olive -> bench,59,58,0.017,0.356,0.22,60,90,54,0.0,0.207,8.9,olive,0.4,6,4.11,19.55,0.333,"oak 37%, magnolia 8%","<long> 36%, oak 19%",0.6131,0.362,1.102
r8_0618_graph,"Name a graph. Reply with only the name, nothing else.",0.6694,<long> -> bench,0.5389,bar graph -> real,0.5336,bar graph -> real,59,58,0.017,0.356,0.22,60,90,74,0.0,0.193,9.5,kneser graph,0.1,18,17.41,41.85,0.205,"bar chart 20%, bar graph 10%","<long> 36%, bar chart 13%",0.6167,0.436,0.636
r8_0705_parasitic_organism,"Name a type of parasitic organism. Reply with only the name, nothing else.",0.6694,tapeworm -> real,0.6694,tapeworm -> real,0.6142,tapeworm -> real,60,62,0.0,0.311,0.187,60,90,25,0.0,0.167,9.1,tapeworm,0.9,3,1.48,7.56,0.467,"tapeworm 58%, mistletoe 17%","<long> 31%, tapeworm 24%",0.6358,0.206,0.859
r8s_0500_banknote,"Suggest a type of banknote. Reply with only the name, nothing else.",0.6694,<long> -> bench,0.5833,euro -> real,0.5758,euro -> real,59,58,0.017,0.356,0.22,60,90,79,0.0,0.213,9.8,euro,0.25,11,8.35,57.7,0.128,"euro 20%, dollar 7%","<long> 36%, pound note 6%",0.6011,0.476,0.889
r8_0363_sunglass,"Name a type of sunglass. Reply with only the name, nothing else.",0.6694,wayfarer -> real,0.6694,wayfarer -> real,0.6067,wayfarer -> real,60,62,0.0,0.311,0.187,60,90,18,0.0,0.173,8.8,aviator,0.55,3,2.33,5.42,0.508,"wayfarer 62%, aviator 17%","<long> 31%, wayfarer 28%",0.645,0.13,1.041
r8s_0579_chord,"Suggest a type of chord. Reply with only the name, nothing else.",0.6694,<long> -> bench,0.5444,major seventh -> real,0.5957,major triad -> bench,59,58,0.017,0.356,0.22,60,90,56,0.0,0.2,9.6,major,0.5,9,5.51,27.24,0.197,"major 17%, major seventh 10%","<long> 36%, major triad 19%",0.6272,0.416,0.753
r8_1299_pressure,"Name a pressure. Reply with only the name, nothing else.",0.6694,<long> -> bench,0.5861,pascal -> bench,0.6559,pascal -> bench,59,58,0.017,0.356,0.22,60,90,80,0.0,0.207,9.4,pascal,0.65,7,3.52,44.55,0.239,"pascal 8%, osmotic pressure 7%","<long> 36%, pascal 26%",0.6744,0.514,0.787
r8_1011_part_of_a_cell,"Name a part of a cell. Reply with only the name, nothing else.",0.6694,<long> -> bench,0.5556,nucleus -> real,0.5475,nucleus -> bench,59,58,0.017,0.356,0.22,60,90,37,0.0,0.193,9.7,nucleus,0.8,3,1.85,8.32,0.556,"nucleus 50%, mitochondria 10%","nucleus 39%, <long> 36%",0.6275,0.318,0.73
r8s_1772_raptor,"Suggest a type of raptor. Reply with only the name, nothing else.",0.6694,<long> -> bench,0.6472,velociraptor -> real,0.6438,velociraptor -> real,59,58,0.017,0.356,0.22,60,90,77,0.0,0.193,10.1,boreal owl,0.1,17,16.25,46.22,0.179,"velociraptor 32%, diamondback 3%","<long> 36%, bengal 12%",0.6433,0.449,1.01
r8s_1311_gnome,"Suggest a type of gnome. Reply with only the name, nothing else.",0.6694,<long> -> bench,0.5333,tux -> real,0.5522,forest -> bench,59,58,0.017,0.356,0.22,60,90,77,0.0,0.193,9.4,forest gnome,0.25,11,8.35,54.88,0.103,"gnome 8%, tux 7%","<long> 36%, forest 10%",0.6292,0.447,0.842
r8_1849_paint_medium,"Name a paint medium. Reply with only the name, nothing else.",0.6694,acrylic -> real,0.6694,acrylic -> real,0.625,acrylic -> real,60,66,0.0,0.267,0.16,60,90,16,0.0,0.16,7.5,linseed oil,0.55,5,3.12,4.53,0.452,"acrylic 58%, oil 28%","oil 28%, <long> 27%",0.6844,0.164,0.919
r8_1626_washer,"Name a washer. Reply with only the name, nothing else.",0.6694,<long> -> bench,0.55,whirlpool -> real,0.5508,whirlpool -> real,59,58,0.017,0.356,0.22,60,90,64,0.0,0.187,8.9,maytag,0.15,14,12.52,26.43,0.342,"washer 32%, whirlpool 10%","<long> 36%, washer 23%",0.6336,0.507,1.003
r8_1300_migratory_bird,"Name a migratory bird. Reply with only the name, nothing else.",0.6694,arctic tern -> real,0.6694,arctic tern -> real,0.6599,arctic tern -> real,60,63,0.0,0.3,0.18,60,90,44,0.0,0.18,8.5,arctic tern,0.75,5,2.45,20.62,0.22,"arctic tern 38%, swallow 8%","<long> 30%, robin 13%",0.65,0.35,0.947
r8_0006_mammal,"Name a mammal. Reply with only the name, nothing else.",0.6694,elephant -> real,0.6694,elephant -> real,0.6457,elephant -> real,60,71,0.0,0.211,0.127,60,90,15,0.0,0.12,6.3,dog,0.45,6,4.22,4.51,0.412,"elephant 52%, dog 28%","dog 41%, <long> 21%",0.6422,0.289,0.884
r8s_1918_whisper,"Suggest a type of whisper. Reply with only the name, nothing else.",0.6694,<long> -> bench,0.5167,phantom -> real,0.5451,whisper -> bench,59,58,0.017,0.356,0.22,60,90,83,0.0,0.173,9.0,whisper,0.5,11,6.32,42.12,0.282,"whisper 23%, phantom 3%","<long> 36%, whisper 21%",0.6481,0.548,0.651
r8_1840_soldering,"Name a type of soldering. Reply with only the name, nothing else.",0.6694,<long> -> bench,0.5806,soldering -> real,0.6306,soft soldering -> bench,59,58,0.017,0.356,0.22,60,90,37,0.0,0.207,9.8,soft soldering,0.75,5,2.45,14.74,0.282,"soldering 25%, soft soldering 15%","<long> 36%, soft soldering 27%",0.6172,0.233,1.147
r8_1226_candlestick,"Name a candlestick. Reply with only the name, nothing else.",0.6694,<long> -> bench,0.5583,hammer -> real,0.5975,doji -> bench,59,58,0.017,0.356,0.22,60,90,49,0.0,0.2,9.4,doji,0.6,3,2.55,14.84,0.402,"doji 30%, hammer 18%","<long> 36%, doji 32%",0.6064,0.331,0.874
r8_1655_file_format,"Name a file format. Reply with only the name, nothing else.",0.6694,<long> -> bench,0.5444,json -> real,0.5339,png -> real,59,58,0.017,0.356,0.22,60,90,48,0.0,0.18,8.3,pdf,0.8,4,2.03,17.21,0.35,"pdf 32%, json 17%","<long> 36%, pdf 24%",0.6453,0.346,0.628
r8_1259_school_level,"Name a school level. Reply with only the name, nothing else.",0.6694,<long> -> bench,0.5833,elementary -> real,0.615,high school -> bench,59,58,0.017,0.356,0.22,60,90,26,0.0,0.193,8.8,high school,0.35,7,5.52,6.99,0.453,"high school 33%, elementary 30%","high school 37%, <long> 36%",0.61,0.314,0.764
r8_1273_embroidery_style,"Name an embroidery style. Reply with only the name, nothing else.",0.6667,<long> -> bench,0.5389,satin -> real,0.5333,satin -> real,60,60,0.0,0.333,0.2,60,90,61,0.0,0.18,9.0,cross-stitch,0.45,11,6.94,30.27,0.225,"cross-stitch 22%, satin 10%","<long> 33%, cross-stitch 16%",0.6064,0.421,1.078
r8s_1506_gymnastics_apparatus,"Suggest a type of gymnastics apparatus. Reply with only the name, nothing else.",0.6667,<long> -> bench,0.5556,pommel horse -> real,0.5333,pommel horse -> real,60,60,0.0,0.333,0.2,60,90,26,0.0,0.187,8.6,pommel horse,0.2,6,5.94,11.6,0.192,"vault 20%, pommel horse 20%","<long> 33%, vault 12%",0.5942,0.244,1.043
r8_1824_egg,"Name an egg. Reply with only the name, nothing else.",0.6667,<long> -> bench,0.5778,chicken -> bench,0.6167,chicken -> bench,60,60,0.0,0.333,0.2,60,90,76,0.0,0.187,8.8,egg,0.3,14,10.9,50.76,0.117,"egg 13%, omelette 7%","<long> 33%, chicken 16%",0.6344,0.444,1.048
r8s_1827_musician,"Suggest a type of musician. Reply with only the name, nothing else.",0.6667,<long> -> bench,0.525,fiddler -> real,0.5583,jazz -> bench,60,60,0.0,0.333,0.2,60,90,61,0.0,0.187,9.0,jazz,0.55,6,3.78,25.83,0.342,"jazz 28%, fiddler 5%","<long> 33%, jazz 27%",0.6072,0.511,0.863
r8s_1824_egg,"Suggest a type of egg. Reply with only the name, nothing else.",0.6667,<long> -> bench,0.5222,duck -> real,0.5417,quail -> bench,60,60,0.0,0.333,0.2,60,90,58,0.0,0.187,8.8,quail,0.5,7,4.47,24.95,0.325,"quail 28%, poached 7%","<long> 33%, quail 24%",0.6058,0.544,1.041
r8s_1986_button,"Suggest a type of button. Reply with only the name, nothing else.",0.6667,<long> -> bench,0.5417,button -> real,0.55,push -> bench,60,60,0.0,0.333,0.2,60,90,57,0.0,0.2,8.4,ghost button,0.3,11,8.63,32.73,0.15,"button 12%, push 10%","<long> 33%, push 13%",0.6128,0.458,0.834
r8s_1925_economic_term,"Suggest a type of economic term. Reply with only the name, nothing else.",0.6667,<long> -> bench,0.5833,inflation -> real,0.5417,inflation -> real,60,60,0.0,0.333,0.2,60,90,53,0.0,0.193,9.0,inflation,0.75,6,2.62,19.95,0.292,"inflation 33%, opportunity cost 15%","<long> 33%, inflation 17%",0.605,0.396,0.913
r8_1848_tree_leaf,"Name a tree leaf. Reply with only the name, nothing else.",0.6667,<long> -> bench,0.625,oak -> real,0.5417,oak -> real,60,60,0.0,0.333,0.2,60,90,42,0.0,0.187,8.6,oak,0.85,4,1.8,9.98,0.542,"oak 58%, leaf 3%","<long> 33%, oak 33%",0.6192,0.429,0.63
r8_1317_sport_event,"Name a sport event. Reply with only the name, nothing else.",0.6667,<long> -> bench,0.6306,super bowl -> real,0.5917,super bowl -> real,60,60,0.0,0.333,0.2,60,90,33,0.0,0.187,9.4,super bowl,0.35,5,4.35,13.43,0.325,"super bowl 42%, world cup 8%","<long> 33%, super bowl 16%",0.6042,0.288,0.947
r8_1311_gnome,"Name a gnome. Reply with only the name, nothing else.",0.6667,<long> -> bench,0.5167,gnome -> real,0.5167,finn -> bench,60,60,0.0,0.333,0.2,60,90,113,0.0,0.193,9.0,gandalf,0.1,19,18.66,104.68,0.058,"gnome 7%, scamp 2%","<long> 33%, gnome 3%",0.5858,0.521,0.911
r8s_1427_grape_wine,"Suggest a type of grape wine. Reply with only the name, nothing else.",0.6667,<long> -> bench,0.5778,cabernet sauvignon -> real,0.55,pinot noir -> real,60,60,0.0,0.333,0.2,60,90,23,0.0,0.193,9.7,cabernet sauvignon,0.8,3,1.85,9.03,0.383,"cabernet sauvignon 40%, merlot 18%","<long> 33%, cabernet sauvignon 24%",0.6108,0.221,1.107
r8_1603_archive,"Name an archive. Reply with only the name, nothing else.",0.6667,<long> -> bench,0.5333,archive -> real,0.5345,archive -> real,58,57,0.033,0.367,0.233,60,90,79,0.0,0.207,10.2,internet archive,0.75,5,2.45,43.58,0.243,"internet archive 22%, archive 7%","<long> 37%, internet archive 17%",0.6258,0.496,0.688
r8_1767_movie_studio,"Name a movie studio. Reply with only the name, nothing else.",0.6667,<long> -> bench,0.5639,disney -> real,0.525,disney -> real,60,60,0.0,0.333,0.2,60,90,21,0.0,0.173,9.0,disney,0.45,6,3.77,9.49,0.258,"disney 28%, warner bros 25%","<long> 33%, warner bros 18%",0.6097,0.273,0.829
r8_1359_wind,"Name a wind. Reply with only the name, nothing else.",0.6667,<long> -> bench,0.55,zephyr -> real,0.5333,typhoon -> bench,60,60,0.0,0.333,0.2,60,90,47,0.0,0.173,8.6,bora,0.7,7,3.15,21.6,0.2,"bora 22%, zephyr 20%","<long> 33%, bora 12%",0.6131,0.403,0.846
r8_1404_capacitor_type,"Name a capacitor type. Reply with only the name, nothing else.",0.6667,<long> -> bench,0.5667,tantalum -> real,0.5583,tantalum -> real,60,60,0.0,0.333,0.2,60,90,29,0.0,0.173,9.1,ceramic,0.6,4,2.89,10.27,0.275,"electrolytic 23%, ceramic 22%","<long> 33%, ceramic 22%",0.6036,0.231,0.938
r8_1771_measuring_device,"Name a measuring device. Reply with only the name, nothing else.",0.6667,<long> -> bench,0.6472,barometer -> real,0.625,barometer -> real,60,60,0.0,0.333,0.2,60,90,32,0.0,0.18,8.6,ruler,0.95,2,1.22,11.56,0.258,"barometer 38%, ruler 27%","<long> 33%, ruler 14%",0.6294,0.263,0.772
r8s_1961_type_of_sports_team,"Suggest a type of type of sports team. Reply with only the name, nothing else.",0.6667,<long> -> bench,0.55,soccer -> real,0.55,baseball -> bench,60,60,0.0,0.333,0.2,60,90,63,0.0,0.193,8.9,basketball team,0.2,9,7.91,37.89,0.117,"soccer 13%, basketball 12%","<long> 33%, baseball 11%",0.6147,0.326,0.906
r8s_1862_jelly,"Suggest a type of jelly. Reply with only the name, nothing else.",0.6667,<long> -> bench,0.5361,lemon -> bench,0.5667,lemon -> bench,60,60,0.0,0.333,0.2,60,90,77,0.0,0.193,9.3,lemon,0.25,14,11.64,46.23,0.158,"strawberry 10%, lemon 5%","<long> 33%, strawberry 14%",0.6294,0.468,1.006
r8_1533_human_action,"Name a human action. Reply with only the name, nothing else.",0.6667,<long> -> bench,0.525,explore -> bench,0.5417,walking -> bench,60,60,0.0,0.333,0.2,60,90,58,0.0,0.18,8.0,walking,0.45,7,4.35,24.97,0.258,"walking 22%, running 15%","<long> 33%, walking 20%",0.6186,0.424,0.72
r8s_0299_historical_event,"Suggest a type of historical event. Reply with only the name, nothing else.",0.6667,<long> -> bench,0.525,great depression -> real,0.5442,industrial revolution -> bench,58,57,0.033,0.367,0.233,60,90,83,0.0,0.193,9.5,revolution,0.35,10,7.47,64.96,0.078,"battle of hastings 5%, renaissance 5%","<long> 37%, industrial revolution 8%",0.6117,0.556,0.508
r8_0241_historical_artifact,"Name a historical artifact. Reply with only the name, nothing else.",0.6667,<long> -> bench,0.5722,rosetta stone -> real,0.5583,rosetta stone -> bench,60,60,0.0,0.333,0.2,60,90,32,0.0,0.187,9.7,rosetta stone,0.95,2,1.22,4.55,0.725,"rosetta stone 67%, code of hammurabi 3%","rosetta stone 52%, <long> 33%",0.6194,0.145,0.851
r8s_1299_pressure,"Suggest a type of pressure. Reply with only the name, nothing else.",0.6667,<long> -> bench,0.5444,osmotic -> real,0.5417,gauge pressure -> bench,60,60,0.0,0.333,0.2,60,90,69,0.0,0.193,9.2,osmotic pressure,0.35,10,7.28,40.8,0.183,"osmotic 20%, gauge 7%","<long> 33%, osmotic 11%",0.6067,0.462,0.767
r8s_1293_medical_equipment,"Suggest a type of medical equipment. Reply with only the name, nothing else.",0.6667,<long> -> bench,0.5417,defibrillator -> real,0.5333,defibrillator -> real,60,60,0.0,0.333,0.2,60,90,45,0.0,0.2,9.8,stethoscope,0.55,7,4.34,20.8,0.233,"stethoscope 22%, defibrillator 12%","<long> 33%, stethoscope 17%",0.6019,0.312,1.017
r8s_1318_drop,"Suggest a type of drop. Reply with only the name, nothing else.",0.6667,<long> -> bench,0.5333,water -> bench,0.55,water -> bench,60,60,0.0,0.333,0.2,60,90,101,0.0,0.193,8.6,serenade,0.05,20,20.0,86.45,0.058,"drop 5%, drop-in 3%","<long> 33%, water 7%",0.6297,0.658,0.765
r8s_1296_guitar,"Suggest a type of guitar. Reply with only the name, nothing else.",0.6667,<long> -> bench,0.5806,acoustic -> real,0.5583,acoustic guitar -> real,60,60,0.0,0.333,0.2,60,90,26,0.0,0.18,9.2,acoustic guitar,0.35,8,6.17,9.51,0.358,"acoustic 38%, fender stratocaster 25%","<long> 33%, acoustic 22%",0.6222,0.32,0.896
r8s_0263_musical_term,"Suggest a type of musical term. Reply with only the name, nothing else.",0.6667,<long> -> bench,0.5583,staccato -> real,0.5583,allegro -> bench,60,60,0.0,0.333,0.2,60,90,54,0.0,0.167,8.8,allegro,0.5,9,5.51,28.04,0.208,"allegro 15%, staccato 15%","<long> 33%, allegro 18%",0.6089,0.527,1.026
r8_0936_pulley,"Name a pulley. Reply with only the name, nothing else.",0.6667,<long> -> bench,0.5889,block and tackle -> real,0.5583,sheave -> bench,60,60,0.0,0.333,0.2,60,90,56,0.0,0.187,9.0,block and tackle,0.7,5,2.74,23.9,0.283,"block and tackle 33%, belt 7%","<long> 33%, block and tackle 16%",0.6164,0.373,0.854
r8s_0204_map,"Suggest a type of map. Reply with only the name, nothing else.",0.6667,<long> -> bench,0.5417,topographic map -> real,0.5583,choropleth -> bench,60,60,0.0,0.333,0.2,60,90,70,0.0,0.193,9.2,topographic map,0.7,7,3.15,43.77,0.092,"topographic map 8%, hashmap 5%","<long> 33%, choropleth 10%",0.6086,0.496,0.575
r8s_0180_cleaning_product,"Suggest a type of cleaning product. Reply with only the name, nothing else.",0.6667,<long> -> bench,0.5333,bleach -> real,0.5417,all-purpose cleaner -> bench,60,60,0.0,0.333,0.2,60,90,62,0.0,0.187,9.8,all-purpose cleaner,0.45,8,5.26,42.12,0.075,"bleach 10%, windex 8%","<long> 33%, all-purpose cleaner 8%",0.5972,0.399,0.843
r8_0940_blood_vessel,"Name a blood vessel. Reply with only the name, nothing else.",0.6667,<long> -> bench,0.5806,artery -> real,0.5667,aorta -> bench,60,60,0.0,0.333,0.2,60,90,6,0.0,0.18,8.6,aorta,0.9,3,1.48,2.11,0.75,"aorta 68%, artery 25%","aorta 54%, <long> 33%",0.6194,0.105,0.934
r8_1001_spider,"Name a spider. Reply with only the name, nothing else.",0.6667,<long> -> bench,0.5667,arachne -> real,0.5583,black widow -> bench,60,60,0.0,0.333,0.2,60,90,34,0.0,0.18,9.0,black widow,0.75,2,1.75,13.24,0.242,"tarantula 25%, black widow 18%","<long> 33%, black widow 20%",0.6406,0.216,1.002
r8s_0205_kitchen_appliance,"Suggest a type of kitchen appliance. Reply with only the name, nothing else.",0.6667,<long> -> bench,0.6278,air fryer -> real,0.6,air fryer -> real,60,60,0.0,0.333,0.2,60,90,19,0.0,0.193,9.0,air fryer,0.7,5,2.74,7.32,0.283,"air fryer 37%, blender 18%","<long> 33%, toaster 26%",0.6442,0.184,1.034
r8s_0184_unit_of_temperature,"Suggest a type of unit of temperature. Reply with only the name, nothing else.",0.6667,<long> -> bench,0.6556,celsius -> real,0.5667,kelvin -> bench,60,60,0.0,0.333,0.2,60,90,13,0.0,0.193,8.6,celsius,0.85,4,1.8,3.18,0.642,"celsius 70%, kelvin 17%","celsius 39%, <long> 33%",0.6861,0.184,0.774
r8s_0232_ocean,"Suggest a type of ocean. Reply with only the name, nothing else.",0.6667,<long> -> bench,0.5833,atlantic -> real,0.575,atlantic -> real,60,60,0.0,0.333,0.2,60,90,31,0.0,0.187,8.3,pacific ocean,0.45,4,3.29,7.82,0.458,"pacific 43%, atlantic 20%","<long> 33%, pacific 32%",0.6186,0.354,0.987
r8s_0246_landform,"Suggest a type of landform. Reply with only the name, nothing else.",0.6667,<long> -> bench,0.5833,plateau -> real,0.5667,valley -> bench,60,60,0.0,0.333,0.2,60,90,30,0.0,0.2,8.7,mountain,0.45,4,3.19,11.94,0.25,"plateau 30%, volcano 20%","<long> 33%, plateau 13%",0.6075,0.317,0.995
r8s_1695_talent,"Suggest a type of talent. Reply with only the name, nothing else.",0.6667,<long> -> bench,0.5361,public speaking -> real,0.5417,creative writing -> bench,60,60,0.0,0.333,0.2,60,90,100,0.0,0.2,8.9,public speaking,0.3,13,9.91,87.91,0.05,"public speaking 8%, actor 3%","<long> 33%, creative writing 6%",0.6264,0.652,0.464
r8s_1654_cable,"Suggest a type of cable. Reply with only the name, nothing else.",0.6667,<long> -> bench,0.5667,usb-c -> real,0.5583,usb-c -> real,60,60,0.0,0.333,0.2,60,90,23,0.0,0.2,8.9,ethernet,0.35,7,5.15,10.13,0.275,"ethernet 27%, cat6 18%","<long> 33%, ethernet 19%",0.6083,0.231,0.948
r8s_1708_leather_item,"Suggest a type of leather item. Reply with only the name, nothing else.",0.6667,<long> -> bench,0.55,leather wallet -> real,0.55,leather wallet -> real,60,60,0.0,0.333,0.2,60,90,60,0.0,0.187,9.3,leather wallet,0.5,8,4.79,29.85,0.217,"saddle 18%, bifold wallet 12%","<long> 33%, saddle 17%",0.6072,0.298,0.977
r8_1063_accessory,"Name an accessory. Reply with only the name, nothing else.",0.6667,<long> -> bench,0.5361,sunglasses -> real,0.5333,scarf -> bench,60,60,0.0,0.333,0.2,60,90,78,0.0,0.173,8.4,watch,0.3,7,5.77,53.34,0.092,"sunglasses 12%, headphones 8%","<long> 33%, watch 8%",0.6025,0.553,0.646
r8_1124_chromosome,"Name a chromosome. Reply with only the name, nothing else.",0.6667,<long> -> bench,0.5639,chromosome 1 -> real,0.5333,chromosome -> bench,60,60,0.0,0.333,0.2,60,90,32,0.0,0.167,9.1,chromosome 1,0.6,2,1.96,10.95,0.342,"chromosome 1 35%, chromosome 13%","<long> 33%, chromosome 1 22%",0.6369,0.25,0.9
r8s_0084_meat,"Suggest a type of meat. Reply with only the name, nothing else.",0.6667,<long> -> bench,0.5694,beef -> real,0.55,chicken -> bench,60,60,0.0,0.333,0.2,60,90,23,0.0,0.16,8.0,beef,0.85,3,1.68,7.3,0.35,"beef 32%, chicken 30%","<long> 33%, chicken 27%",0.6108,0.25,0.945
r8s_0078_canyon,"Suggest a type of canyon. Reply with only the name, nothing else.",0.6667,<long> -> bench,0.5806,grand canyon -> real,0.5167,slot -> real,60,60,0.0,0.333,0.2,60,90,42,0.0,0.18,8.6,grand canyon,0.9,2,1.38,9.07,0.567,"grand canyon 55%, canyon 5%","grand canyon 39%, <long> 33%",0.6181,0.384,1.092
r8s_0063_movie,"Suggest a type of movie. Reply with only the name, nothing else.",0.6667,<long> -> bench,0.5556,documentary -> real,0.575,horror -> bench,60,60,0.0,0.333,0.2,60,90,38,0.0,0.193,8.8,sci-fi,0.75,4,2.23,15.71,0.25,"sci-fi 22%, horror 13%","<long> 33%, horror 19%",0.6022,0.369,0.731
r8s_1345_pollutant,"Suggest a type of pollutant. Reply with only the name, nothing else.",0.6667,<long> -> bench,0.5917,particulate matter -> real,0.5833,particulate matter -> real,60,60,0.0,0.333,0.2,60,90,48,0.0,0.173,9.3,carbon monoxide,0.25,11,8.6,24.61,0.15,"particulate matter 22%, carbon dioxide 12%","<long> 33%, carbon dioxide 12%",0.6053,0.409,0.853
r8s_1416_mailing_item,"Suggest a type of mailing item. Reply with only the name, nothing else.",0.6667,<long> -> bench,0.5167,business letter -> bench,0.5917,postcard -> bench,60,60,0.0,0.333,0.2,60,90,57,0.0,0.18,8.6,postcard,0.7,5,2.74,21.55,0.358,"postcard 27%, newsletter 5%","<long> 33%, postcard 30%",0.6169,0.51,0.654
r8s_1360_lizard,"Suggest a type of lizard. Reply with only the name, nothing else.",0.6667,<long> -> bench,0.5778,bearded dragon -> real,0.5583,bearded dragon -> real,60,60,0.0,0.333,0.2,60,90,34,0.0,0.193,9.2,gecko,0.35,7,4.78,14.22,0.233,"bearded dragon 23%, gecko 22%","<long> 33%, gecko 17%",0.5997,0.211,0.968
r8s_0067_individual_sport,"Suggest a type of individual sport. Reply with only the name, nothing else.",0.6667,<long> -> bench,0.6056,tennis -> real,0.5833,swimming -> bench,60,60,0.0,0.333,0.2,60,90,27,0.0,0.193,8.8,tennis,0.35,7,5.52,8.32,0.383,"tennis 33%, swimming 30%","<long> 33%, swimming 31%",0.6214,0.274,0.939
r8s_0113_seed,"Suggest a type of seed. Reply with only the name, nothing else.",0.6667,<long> -> bench,0.5167,dark -> real,0.55,sunflower -> bench,60,60,0.0,0.333,0.2,60,90,68,0.0,0.193,8.7,tomato,0.6,4,2.63,30.31,0.25,"sunflower 20%, tomato 12%","<long> 33%, sunflower 20%",0.6106,0.544,0.582
r8s_0083_wild_animal,"Suggest a type of wild animal. Reply with only the name, nothing else.",0.6667,<long> -> bench,0.5361,leopard -> bench,0.5583,leopard -> bench,60,60,0.0,0.333,0.2,60,90,52,0.0,0.193,9.0,lion,0.3,8,6.18,33.55,0.125,"lynx 8%, lion 7%","<long> 33%, lion 12%",0.6008,0.368,0.979
r8s_0096_actor,"Suggest a type of actor. Reply with only the name, nothing else.",0.6667,<long> -> bench,0.525,comedy -> bench,0.5417,comedy -> bench,60,60,0.0,0.333,0.2,60,90,85,0.0,0.18,8.8,method actor,0.6,5,3.01,64.04,0.058,"method actor 7%, character actor 5%","<long> 33%, comedian 7%",0.64,0.577,0.638
r8s_1623_rubber_product,"Suggest a type of rubber product. Reply with only the name, nothing else.",0.6667,<long> -> bench,0.5611,eraser -> real,0.5417,eraser -> real,60,60,0.0,0.333,0.2,60,90,66,0.0,0.193,9.3,elastomer,0.25,12,9.46,39.69,0.158,"eraser 20%, erasers 5%","<long> 33%, eraser 8%",0.5986,0.295,1.096
r8_1953_pharmaceutical_form,"Name a pharmaceutical form. Reply with only the name, nothing else.",0.6667,<long> -> bench,0.6028,capsule -> real,0.5583,capsule -> real,60,60,0.0,0.333,0.2,60,90,15,0.0,0.173,8.5,tablet,0.9,2,1.38,4.27,0.483,"tablet 48%, capsule 38%","<long> 33%, tablet 32%",0.6308,0.135,0.927
r8s_0006_mammal,"Suggest a type of mammal. Reply with only the name, nothing else.",0.6667,<long> -> bench,0.5333,wolf -> real,0.5333,wolf -> real,60,60,0.0,0.333,0.2,60,90,36,0.0,0.187,8.6,elephant,0.3,10,8.05,14.4,0.367,"elephant 33%, dolphin 8%","<long> 33%, elephant 27%",0.6278,0.417,0.825
r8s_0009_galaxy,"Suggest a type of galaxy. Reply with only the name, nothing else.",0.6667,<long> -> bench,0.5556,milky way -> real,0.5917,spiral -> bench,60,60,0.0,0.333,0.2,60,90,19,0.0,0.187,9.5,spiral,0.9,2,1.38,4.22,0.642,"spiral 55%, milky way 17%","spiral 49%, <long> 33%",0.6017,0.246,0.996
r8s_0011_grain,"Suggest a type of grain. Reply with only the name, nothing else.",0.6667,<long> -> bench,0.6361,quinoa -> real,0.6333,quinoa -> real,60,60,0.0,0.333,0.2,60,90,54,0.0,0.187,8.8,quinoa,0.7,4,2.39,25.76,0.15,"quinoa 28%, barley 10%","<long> 33%, wheat 14%",0.6353,0.299,0.898
r8s_0043_water_sport,"Suggest a type of water sport. Reply with only the name, nothing else.",0.6667,<long> -> bench,0.6194,kayaking -> real,0.6167,surfing -> bench,60,60,0.0,0.333,0.2,60,90,14,0.0,0.193,9.5,kayaking,0.4,6,3.79,5.86,0.367,"kayaking 35%, surfing 25%","<long> 33%, surfing 32%",0.6389,0.194,1.06
r8_1149_echino,"Name an echino. Reply with only the name, nothing else.",0.6667,<long> -> bench,0.5472,sea urchin -> bench,0.6063,sea urchin -> bench,58,57,0.033,0.367,0.233,60,90,57,0.0,0.22,10.2,sea urchin,0.7,5,2.67,26.58,0.226,"echino 13%, sea urchin 12%","<long> 37%, sea urchin 21%",0.6339,0.277,0.822
r8s_0016_unit_of_weight,"Suggest a type of unit of weight. Reply with only the name, nothing else.",0.6667,<long> -> bench,0.5972,gram -> real,0.5667,gram -> real,60,60,0.0,0.333,0.2,60,90,27,0.0,0.173,8.3,kilogram,0.65,3,2.43,7.47,0.433,"kilogram 38%, gram 32%","<long> 33%, kilogram 32%",0.6128,0.285,0.949
r8s_0050_musical_note,"Suggest a type of musical note. Reply with only the name, nothing else.",0.6667,<long> -> bench,0.5611,quarter -> real,0.55,quarter -> real,60,60,0.0,0.333,0.2,60,90,54,0.0,0.173,8.5,quarter note,0.4,7,5.07,32.59,0.117,"quarter 17%, staccato 10%","<long> 33%, c major 9%",0.6267,0.433,1.29
r8s_1539_sports_team,"Suggest a type of sports team. Reply with only the name, nothing else.",0.6667,<long> -> bench,0.5361,basketball team -> real,0.5667,baseball -> bench,60,60,0.0,0.333,0.2,60,90,70,0.0,0.2,9.1,basketball team,0.35,9,5.91,48.0,0.117,"basketball team 8%, football 7%","<long> 33%, baseball 12%",0.6108,0.417,0.754
r8_0131_parasite,"Name a parasite. Reply with only the name, nothing else.",0.6667,tapeworm -> real,0.6667,tapeworm -> real,0.6167,tapeworm -> real,60,60,0.0,0.333,0.2,60,90,39,0.0,0.187,9.8,plasmodium,0.9,2,1.38,11.02,0.417,"tapeworm 53%, plasmodium 10%","<long> 33%, tapeworm 20%",0.6908,0.23,1.079
r8_0169_ghost,"Name a ghost. Reply with only the name, nothing else.",0.6667,<long> -> bench,0.5361,ghost -> bench,0.5583,ghost -> bench,60,60,0.0,0.333,0.2,60,90,88,0.0,0.18,8.8,sadako,0.1,17,16.25,55.89,0.175,"phantom 17%, specter 3%","<long> 33%, phantom 12%",0.6022,0.455,0.973
r8s_1811_office_item,"Suggest a type of office item. Reply with only the name, nothing else.",0.6667,<long> -> bench,0.5444,whiteboard -> real,0.5833,stapler -> bench,60,60,0.0,0.333,0.2,60,90,46,0.0,0.193,9.3,ergonomic chair,0.4,8,5.84,21.3,0.233,"stapler 15%, ergonomic chair 15%","<long> 33%, stapler 21%",0.6122,0.307,0.98
r8s_0407_law,"Suggest a type of law. Reply with only the name, nothing else.",0.6667,<long> -> bench,0.5472,constitutional law -> real,0.5333,constitutional law -> real,60,60,0.0,0.333,0.2,60,90,60,0.0,0.173,9.0,criminal law,0.6,7,3.82,39.12,0.117,"constitutional law 15%, criminal law 10%","<long> 33%, criminal law 9%",0.6031,0.417,0.74
r8s_1158_barbecue,"Suggest a type of barbecue. Reply with only the name, nothing else.",0.6667,<long> -> bench,0.5667,korean bbq -> real,0.55,korean bbq -> real,60,60,0.0,0.333,0.2,60,90,54,0.0,0.193,9.3,korean bbq,0.35,12,8.58,34.06,0.15,"korean bbq 20%, texas 7%","<long> 33%, texas 7%",0.6144,0.298,0.997
r8s_1246_bridge,"Suggest a type of bridge. Reply with only the name, nothing else.",0.6667,<long> -> bench,0.525,arch bridge -> real,0.525,suspension -> bench,60,60,0.0,0.333,0.2,60,90,75,0.0,0.193,8.8,suspension bridge,0.4,4,3.74,44.21,0.133,"arch 12%, suspension 10%","<long> 33%, suspension 10%",0.6078,0.479,0.875
r8s_1249_reef_feature,"Suggest a type of reef feature. Reply with only the name, nothing else.",0.6667,<long> -> bench,0.525,garden -> real,0.5333,atoll -> bench,60,60,0.0,0.333,0.2,60,90,69,0.0,0.18,9.2,gardens of stone,0.15,15,13.78,47.75,0.083,"garden reef 8%, coral reef 7%","<long> 33%, atoll 8%",0.6064,0.339,0.907
r8_0755_spider,"Name a spider. Reply with only the name, nothing else.",0.6667,<long> -> bench,0.6167,tarantula -> real,0.5917,tarantula -> real,60,60,0.0,0.333,0.2,60,90,35,0.0,0.2,9.2,black widow,0.85,3,1.68,13.5,0.242,"tarantula 33%, arachne 17%","<long> 33%, black widow 16%",0.6367,0.217,0.998
r8_0756_blessing,"Name a type of blessing. Reply with only the name, nothing else.",0.6667,<long> -> bench,0.5389,blessing -> real,0.5417,benediction -> bench,60,60,0.0,0.333,0.2,60,90,76,0.0,0.193,9.2,health,0.15,12,10.9,51.34,0.125,"blessing 10%, benediction 8%","<long> 33%, benediction 11%",0.61,0.477,0.923
r8s_1259_school_level,"Suggest a type of school level. Reply with only the name, nothing else.",0.6667,<long> -> bench,0.5528,middle school -> real,0.5833,high school -> bench,60,60,0.0,0.333,0.2,60,90,32,0.0,0.18,8.5,high school,0.55,5,3.44,8.35,0.533,"high school 45%, middle school 12%","high school 41%, <long> 33%",0.5967,0.279,0.956
r8s_1275_woodland_plant,"Suggest a type of woodland plant. Reply with only the name, nothing else.",0.6667,<long> -> bench,0.5972,fern -> real,0.6333,oak -> bench,60,60,0.0,0.333,0.2,60,90,45,0.0,0.173,8.4,bluebell,0.45,9,5.89,18.37,0.25,"fern 32%, bluebell 8%","<long> 33%, oak 20%",0.6153,0.389,0.982
r8s_1174_colour_shade,"Suggest a type of colour shade. Reply with only the name, nothing else.",0.6667,<long> -> bench,0.5222,teal -> real,0.55,sage green -> bench,60,60,0.0,0.333,0.2,60,90,44,0.0,0.193,9.1,sage green,0.55,4,2.71,21.54,0.217,"sage green 17%, slate blue 10%","<long> 33%, sage green 18%",0.5972,0.442,0.735
r8s_0385_lighting_fixture,"Suggest a type of lighting fixture. Reply with only the name, nothing else.",0.6667,<long> -> bench,0.625,pendant light -> real,0.6083,pendant light -> real,60,60,0.0,0.333,0.2,60,90,47,0.0,0.193,9.2,pendant light,0.65,5,2.99,20.88,0.208,"pendant light 32%, pendant 22%","<long> 33%, led panel light 10%",0.6822,0.315,1.043
r8s_0359_amino_acid,"Suggest a type of amino acid. Reply with only the name, nothing else.",0.6667,<long> -> bench,0.5417,lysine -> real,0.6,alanine -> bench,60,60,0.0,0.333,0.2,60,90,21,0.0,0.193,9.4,alanine,0.35,6,4.87,8.95,0.283,"leucine 25%, alanine 18%","<long> 33%, alanine 26%",0.6058,0.339,0.887
r8s_0412_flour,"Suggest a type of flour. Reply with only the name, nothing else.",0.6667,<long> -> bench,0.5722,all-purpose -> real,0.5417,whole wheat -> real,60,60,0.0,0.333,0.2,60,90,22,0.0,0.18,8.8,all-purpose flour,0.6,3,2.28,5.46,0.517,"all-purpose 50%, all-purpose flour 25%","all-purpose 36%, <long> 33%",0.6397,0.286,1.055
r8s_0304_jazz_musician,"Suggest a type of jazz musician. Reply with only the name, nothing else.",0.6667,<long> -> bench,0.5361,pianist -> real,0.55,saxophonist -> bench,60,60,0.0,0.333,0.2,60,90,61,0.0,0.193,9.7,saxophonist,0.25,12,10.14,32.72,0.133,"pianist 15%, bebop 12%","<long> 33%, bebop 10%",0.6178,0.423,0.891
r8s_0326_glove,"Suggest a type of glove. Reply with only the name, nothing else.",0.6667,<long> -> bench,0.5361,glove -> real,0.5583,nitrile -> bench,60,60,0.0,0.333,0.2,60,90,67,0.0,0.193,9.2,leather,0.4,10,6.89,38.4,0.142,"leather 10%, glove 8%","<long> 33%, nitrile 13%",0.6128,0.391,0.991
r8_0842_metric_prefix,"Name a metric prefix. Reply with only the name, nothing else.",0.6667,<long> -> bench,0.6361,kilo -> real,0.575,kilo -> real,60,60,0.0,0.333,0.2,60,90,38,0.0,0.2,8.7,kilo,0.85,3,1.68,11.47,0.442,"kilo 52%, milli 12%","<long> 33%, kilo 24%",0.6244,0.34,0.642
r8_0817_bird_migration_season,"Name a bird migration season. Reply with only the name, nothing else.",0.6667,<long> -> bench,0.6028,spring migration -> real,0.6,spring migration -> real,60,60,0.0,0.333,0.2,60,90,25,0.0,0.18,8.3,spring,0.4,4,3.49,9.58,0.358,"spring 30%, spring migration 22%","<long> 33%, spring 28%",0.6083,0.347,0.862
r8s_0367_unit_of_distance,"Suggest a type of unit of distance. Reply with only the name, nothing else.",0.6667,<long> -> bench,0.5917,mile -> real,0.6167,meter -> bench,60,60,0.0,0.333,0.2,60,90,24,0.0,0.187,8.3,meter,0.7,5,2.67,7.04,0.483,"meter 37%, mile 22%","meter 40%, <long> 33%",0.6117,0.245,0.969
r8s_0344_coastal_feature,"Suggest a type of coastal feature. Reply with only the name, nothing else.",0.6667,<long> -> bench,0.5722,cliff -> real,0.5667,cliff -> real,60,60,0.0,0.333,0.2,60,90,37,0.0,0.187,8.6,sea arch,0.25,7,5.75,20.19,0.167,"barrier island 20%, cliff 17%","<long> 33%, barrier island 9%",0.6008,0.315,1.086
r8s_0349_gesture,"Suggest a type of gesture. Reply with only the name, nothing else.",0.6667,<long> -> bench,0.5472,wave -> bench,0.6167,wave -> bench,60,60,0.0,0.333,0.2,60,90,62,0.0,0.18,8.4,wave,0.5,6,3.69,28.09,0.3,"wave 18%, tap 10%","<long> 33%, wave 28%",0.6103,0.492,0.679
r8_0902_carving,"Name a type of carving. Reply with only the name, nothing else.",0.6667,<long> -> bench,0.5333,bas-relief -> real,0.55,relief -> bench,60,60,0.0,0.333,0.2,60,90,58,0.0,0.173,8.8,wood carving,0.3,8,6.54,24.7,0.3,"relief 25%, bas-relief 10%","<long> 33%, relief 23%",0.6039,0.369,0.621
r8s_0688_fruit_peel,"Suggest a type of fruit peel. Reply with only the name, nothing else.",0.6667,<long> -> bench,0.5722,orange -> real,0.5167,kumquat -> real,60,60,0.0,0.333,0.2,60,90,21,0.0,0.18,8.3,orange,0.45,6,4.33,5.73,0.475,"orange 47%, banana 25%","<long> 33%, orange 32%",0.6136,0.201,0.985
r8s_0649_dance,"Suggest a type of dance. Reply with only the name, nothing else.",0.6667,<long> -> bench,0.5972,salsa -> real,0.5583,salsa -> real,60,60,0.0,0.333,0.2,60,90,43,0.0,0.193,8.9,ballet,0.4,8,5.09,17.72,0.292,"salsa 35%, ballet 12%","<long> 33%, salsa 16%",0.6261,0.339,0.888
r8s_0684_calendar_month,"Suggest a type of calendar month. Reply with only the name, nothing else.",0.6667,<long> -> bench,0.5806,february -> real,0.6333,january -> bench,60,60,0.0,0.333,0.2,60,90,25,0.0,0.193,8.0,january,0.45,6,4.66,9.14,0.317,"february 32%, january 18%","<long> 33%, january 30%",0.6239,0.317,0.902
r8_0620_diagram,"Name a diagram. Reply with only the name, nothing else.",0.6667,<long> -> bench,0.5694,flowchart -> real,0.5667,flowchart -> real,60,60,0.0,0.333,0.2,60,90,98,0.0,0.167,9.2,venn diagram,0.55,5,3.12,80.86,0.083,"flowchart 15%, mind map 5%","<long> 33%, venn diagram 4%",0.6108,0.568,0.712
r8s_1176_lake_color,"Suggest a type of lake color. Reply with only the name, nothing else.",0.6667,<long> -> bench,0.5417,turquoise -> real,0.525,turquoise -> bench,60,60,0.0,0.333,0.2,60,90,42,0.0,0.187,8.8,turquoise,0.4,8,5.6,13.65,0.375,"turquoise 35%, emerald 13%","<long> 33%, turquoise 27%",0.5967,0.322,1.019
r8s_1201_line_type,"Suggest a line type. Reply with only the name, nothing else.",0.6667,<long> -> bench,0.5944,solid -> bench,0.65,solid -> bench,60,60,0.0,0.333,0.2,60,90,82,0.0,0.167,8.2,solid,0.65,3,2.21,47.91,0.183,"dashed 8%, command 3%","<long> 33%, solid 22%",0.6608,0.581,0.517
r8s_1131_electronic_instrument,"Suggest a type of electronic instrument. Reply with only the name, nothing else.",0.6667,<long> -> bench,0.5833,synthesizer -> real,0.5667,multimeter -> bench,60,60,0.0,0.333,0.2,60,90,42,0.0,0.193,9.3,synthesizer,0.8,4,2.03,18.67,0.208,"synthesizer 27%, piano 12%","<long> 33%, oscilloscope 13%",0.6292,0.35,0.916
r8s_1207_bearing,"Suggest a type of bearing. Reply with only the name, nothing else.",0.6667,<long> -> bench,0.5944,ball bearing -> real,0.6083,ball -> bench,60,60,0.0,0.333,0.2,60,90,26,0.0,0.173,8.7,ball bearing,0.85,2,1.53,6.57,0.525,"ball bearing 53%, angular contact ball bearing 8%","ball bearing 34%, <long> 33%",0.6128,0.177,1.058
r8s_1197_silk_item,"Suggest a type of silk item. Reply with only the name, nothing else.",0.6667,<long> -> bench,0.5417,silk scarf -> real,0.5333,tie -> bench,60,60,0.0,0.333,0.2,60,90,54,0.0,0.18,9.5,silk scarf,0.75,5,2.45,19.58,0.375,"silk scarf 35%, pajamas 3%","<long> 33%, silk scarf 27%",0.6197,0.396,0.854
r8s_0570_school,"Suggest a type of school. Reply with only the name, nothing else.",0.6667,<long> -> bench,0.5528,high school -> bench,0.5833,high school -> bench,60,60,0.0,0.333,0.2,60,90,60,0.0,0.193,9.0,private school,0.3,8,6.35,36.25,0.133,"montessori school 10%, charter school 8%","<long> 33%, high school 12%",0.6172,0.37,0.851
r8s_0517_queen,"Suggest a type of queen. Reply with only the name, nothing else.",0.6667,<long> -> bench,0.5194,queen anne -> bench,0.5333,queen anne -> bench,60,60,0.0,0.333,0.2,60,90,92,0.0,0.193,8.9,monarch,0.15,15,13.78,79.5,0.05,"queen victoria 5%, queensborough 3%","<long> 33%, queen anne 6%",0.6158,0.511,0.809
r8s_0438_car_part,"Suggest a type of car part. Reply with only the name, nothing else.",0.6667,<long> -> bench,0.5806,brake pads -> bench,0.65,brake pads -> bench,60,60,0.0,0.333,0.2,60,90,33,0.0,0.193,9.4,brake pad,0.55,7,4.23,12.17,0.267,"brake pad 27%, spark plug 20%","<long> 33%, brake pads 28%",0.6342,0.324,0.913
r8s_0480_month,"Suggest a type of month. Reply with only the name, nothing else.",0.6667,<long> -> bench,0.5528,april -> real,0.6167,january -> bench,60,60,0.0,0.333,0.2,60,90,30,0.0,0.187,8.0,january,0.6,6,3.56,10.66,0.367,"january 25%, february 13%","<long> 33%, january 32%",0.6072,0.382,0.752
r8s_0479_sugar,"Suggest a type of sugar. Reply with only the name, nothing else.",0.6667,<long> -> bench,0.6167,glucose -> bench,0.675,glucose -> bench,60,60,0.0,0.333,0.2,60,90,50,0.0,0.193,8.8,sucrose,0.45,5,3.24,24.79,0.175,"brown sugar 15%, sucrose 15%","<long> 33%, glucose 23%",0.6358,0.423,1.191
r8_0746_musical_note_duration,"Name a musical note duration. Reply with only the name, nothing else.",0.6667,<long> -> bench,0.5639,whole -> real,0.5583,whole -> real,60,60,0.0,0.333,0.2,60,90,30,0.0,0.187,8.8,quarter,0.5,8,4.79,15.38,0.2,"semibreve 20%, quarter 20%","<long> 33%, semibreve 13%",0.6094,0.229,0.945
r8s_0574_spice,"Suggest a type of spice. Reply with only the name, nothing else.",0.6667,<long> -> bench,0.5528,paprika -> real,0.55,smoked paprika -> real,60,60,0.0,0.333,0.2,60,90,39,0.0,0.193,8.9,cinnamon,0.55,5,3.12,15.59,0.292,"cinnamon 27%, paprika 18%","<long> 33%, cinnamon 21%",0.6008,0.279,1.097
r8s_0504_season,"Suggest a type of season. Reply with only the name, nothing else.",0.6667,<long> -> bench,0.5583,autumn -> real,0.5583,summer -> bench,60,60,0.0,0.333,0.2,60,90,24,0.0,0.2,8.3,spring,0.6,3,2.59,7.56,0.3,"autumn 25%, spring 25%","<long> 33%, spring 23%",0.6075,0.311,0.906
r8s_0462_sandal,"Suggest a type of sandal. Reply with only the name, nothing else.",0.6667,<long> -> bench,0.5611,espadrilles -> real,0.5583,espadrilles -> real,60,60,0.0,0.333,0.2,60,90,57,0.0,0.18,9.2,birkenstock,0.15,12,10.62,35.45,0.108,"espadrilles 13%, huarache 12%","<long> 33%, huarache 7%",0.6017,0.314,1.056
r8s_0482_wave,"Suggest a type of wave. Reply with only the name, nothing else.",0.6667,<long> -> bench,0.5694,sine -> real,0.5667,sound -> bench,60,60,0.0,0.333,0.2,60,90,62,0.0,0.193,8.8,electromagnetic,0.6,5,3.01,31.96,0.192,"sine 18%, electromagnetic 13%","<long> 33%, electromagnetic 17%",0.6244,0.452,0.718
r8_0772_installation_art,"Name an installation art. Reply with only the name, nothing else.",0.6667,<long> -> bench,0.5889,cloud gate -> real,0.5587,cloud gate -> real,58,57,0.033,0.367,0.233,60,90,74,0.0,0.173,9.2,cloud gate,0.5,10,5.9,38.48,0.252,"cloud gate 30%, tilted arc 7%","<long> 37%, cloud gate 12%",0.6422,0.408,0.707
r8s_1257_newspaper_section,"Suggest a type of newspaper section. Reply with only the name, nothing else.",0.6667,<long> -> bench,0.5889,opinion -> real,0.5667,opinion -> real,60,60,0.0,0.333,0.2,60,90,34,0.0,0.187,8.3,sports,0.35,9,6.68,13.16,0.308,"opinion 27%, sports 25%","<long> 33%, sports 24%",0.6156,0.329,0.893
r8s_0371_fermented_food,"Suggest a type of fermented food. Reply with only the name, nothing else.",0.6667,kimchi -> real,0.6667,kimchi -> real,0.5613,kimchi -> real,60,62,0.0,0.311,0.187,60,90,15,0.0,0.18,8.6,kimchi,0.8,4,2.03,3.11,0.738,"kimchi 80%, sauerkraut 7%","kimchi 47%, <long> 31%",0.6628,0.298,1.048
r8s_0421_spread,"Suggest a type of spread. Reply with only the name, nothing else.",0.6667,<long> -> bench,0.5167,flat -> real,0.525,normal -> bench,60,60,0.0,0.333,0.2,60,90,111,0.0,0.187,8.7,cream cheese,0.15,18,16.96,106.44,0.025,"flat 3%, peanut butter 3%","<long> 33%, normal 3%",0.6594,0.725,0.506
r8s_0851_tower,"Suggest a type of tower. Reply with only the name, nothing else.",0.6667,<long> -> bench,0.5583,lighthouse -> real,0.5583,lighthouse -> real,60,60,0.0,0.333,0.2,60,90,67,0.0,0.18,9.2,water tower,0.4,9,6.43,44.38,0.133,"lighthouse 12%, eiffel tower 10%","<long> 33%, eiffel tower 11%",0.6106,0.41,1.18
r8s_0864_place_of_worship,"Suggest a type of place of worship. Reply with only the name, nothing else.",0.6667,<long> -> bench,0.5528,buddhist temple -> real,0.5583,mosque -> bench,60,60,0.0,0.333,0.2,60,90,24,0.0,0.2,9.1,mosque,0.75,5,2.45,9.91,0.258,"mosque 20%, cathedral 17%","<long> 33%, mosque 21%",0.5997,0.208,0.851
r8s_0727_documentary,"Suggest a type of documentary. Reply with only the name, nothing else.",0.6667,<long> -> bench,0.5556,nature documentary -> bench,0.5833,nature documentary -> bench,60,60,0.0,0.333,0.2,60,90,67,0.0,0.173,8.7,nature documentary,0.35,11,8.22,40.78,0.117,"documentary 13%, nature 8%","<long> 33%, nature documentary 11%",0.6339,0.484,0.912
r8s_0697_plier,"Suggest a type of plier. Reply with only the name, nothing else.",0.6667,<long> -> bench,0.5583,needlenose -> real,0.55,wire -> bench,60,60,0.0,0.333,0.2,60,90,45,0.0,0.173,9.4,needle-nose pliers,0.3,9,6.63,23.08,0.183,"needlenose 22%, needlenose pliers 13%","<long> 33%, needlenose 10%",0.6228,0.378,0.853
r8s_0708_sparkling_wine,"Suggest a type of sparkling wine. Reply with only the name, nothing else.",0.6667,<long> -> bench,0.6556,prosecco -> real,0.5917,prosecco -> real,60,60,0.0,0.333,0.2,60,90,29,0.0,0.187,9.2,prosecco,0.5,4,2.99,8.33,0.475,"prosecco 57%, brut 12%","<long> 33%, prosecco 26%",0.625,0.268,0.926
r8s_0746_musical_note_duration,"Suggest a type of musical note duration. Reply with only the name, nothing else.",0.6667,<long> -> bench,0.5583,semibreve -> real,0.5417,semibreve -> real,60,60,0.0,0.333,0.2,60,90,25,0.0,0.187,8.8,quarter note,0.7,5,2.67,14.06,0.167,"semibreve 18%, quarter 17%","<long> 33%, quarter 11%",0.6097,0.466,1.015
r8_0641_gallery,"Name a type of gallery. Reply with only the name, nothing else.",0.6667,<long> -> bench,0.55,art -> bench,0.6083,art -> bench,60,60,0.0,0.333,0.2,60,90,54,0.0,0.167,8.0,art gallery,0.6,4,2.63,24.39,0.242,"art gallery 15%, art 13%","<long> 33%, art 23%",0.6183,0.427,1.022
r8_0603_eclipse_type,"Name an eclipse type. Reply with only the name, nothing else.",0.6667,<long> -> bench,0.6556,annular -> real,0.65,annular -> real,60,60,0.0,0.333,0.2,60,90,47,0.0,0.193,8.6,solar eclipse,0.5,4,3.13,23.53,0.183,"annular 33%, total 15%","<long> 33%, total 10%",0.6031,0.341,0.742
r8s_0665_biological_process,"Suggest a type of biological process. Reply with only the name, nothing else.",0.6667,<long> -> bench,0.5861,photosynthesis -> real,0.5417,metabolism -> real,60,60,0.0,0.333,0.2,60,90,29,0.0,0.18,9.1,photosynthesis,0.65,3,2.21,9.44,0.433,"photosynthesis 45%, cellular respiration 13%","<long> 33%, photosynthesis 28%",0.6153,0.28,0.955
r8_0355_historical_document,"Name a type of historical document. Reply with only the name, nothing else.",0.6667,<long> -> bench,0.5806,manuscript -> real,0.5333,manuscript -> real,60,60,0.0,0.333,0.2,60,90,28,0.0,0.187,8.9,charter,0.55,5,3.12,7.64,0.367,"manuscript 35%, charter 35%","<long> 33%, charter 26%",0.6139,0.367,0.987
r8_0361_concert_hall,"Name a concert hall. Reply with only the name, nothing else.",0.6667,<long> -> bench,0.6611,sydney opera house -> real,0.575,sydney opera house -> real,60,60,0.0,0.333,0.2,60,90,25,0.0,0.187,10.1,sydney opera house,0.4,8,5.43,5.97,0.592,"sydney opera house 67%, symphony hall 13%","sydney opera house 34%, <long> 33%",0.6131,0.272,0.967
r8s_1041_giant,"Suggest a type of giant. Reply with only the name, nothing else.",0.6667,<long> -> bench,0.5556,leviathan -> real,0.55,leviathan -> real,60,60,0.0,0.333,0.2,60,90,82,0.0,0.18,9.2,giants,0.15,16,14.77,61.54,0.083,"leviathan 13%, giant 7%","<long> 33%, giant 6%",0.6147,0.445,1.226
r8_0391_knit,"Name a knit. Reply with only the name, nothing else.",0.6667,<long> -> bench,0.5167,cowl -> real,0.5167,cowl -> real,60,60,0.0,0.333,0.2,60,90,97,0.0,0.173,8.8,cable,0.15,17,15.83,78.64,0.092,"knit 8%, purl 5%","<long> 33%, knit 7%",0.6094,0.57,0.727
r8_0022_disease,"Name a disease. Reply with only the name, nothing else.",0.6667,<long> -> bench,0.5639,malaria -> real,0.5333,flu -> bench,60,60,0.0,0.333,0.2,60,90,38,0.0,0.18,9.0,flu,0.3,7,5.77,15.32,0.258,"malaria 28%, diabetes 15%","<long> 33%, malaria 16%",0.5892,0.308,0.946
r8_0384_onion,"Name an onion. Reply with only the name, nothing else.",0.6667,<long> -> bench,0.5667,bulb -> real,0.55,bulb -> real,60,60,0.0,0.333,0.2,60,90,55,0.0,0.187,8.8,red,0.2,10,8.26,25.52,0.183,"bulb 20%, onion 17%","<long> 33%, onion 13%",0.6092,0.3,0.936
r8s_1673_skill,"Suggest a type of skill. Reply with only the name, nothing else.",0.6667,<long> -> bench,0.5583,critical thinking -> bench,0.625,critical thinking -> bench,60,60,0.0,0.333,0.2,60,90,76,0.0,0.153,8.2,critical thinking,0.45,4,3.02,38.97,0.275,"critical thinking 15%, task 3%","<long> 33%, critical thinking 27%",0.6447,0.558,0.561
r8s_1592_route,"Suggest a type of route. Reply with only the name, nothing else.",0.6667,<long> -> bench,0.5167,dynamic -> real,0.5167,walking -> bench,60,60,0.0,0.333,0.2,60,90,110,0.0,0.193,9.0,scenic route,0.2,13,11.19,103.27,0.033,"dynamic 3%, get 3%","<long> 33%, walking 2%",0.6064,0.696,0.692
r8s_1605_desert_animal,"Suggest a type of desert animal. Reply with only the name, nothing else.",0.6667,fennec fox -> real,0.6667,fennec fox -> real,0.6235,fennec fox -> real,60,68,0.0,0.244,0.147,60,90,19,0.0,0.127,8.1,fennec fox,0.9,2,1.38,5.4,0.469,"fennec fox 60%, camel 20%","fennec fox 27%, <long> 24%",0.6067,0.167,0.957
r8s_1598_weave,"Suggest a type of weave. Reply with only the name, nothing else.",0.6667,<long> -> bench,0.5667,twill -> bench,0.6333,twill -> bench,60,60,0.0,0.333,0.2,60,90,76,0.0,0.18,8.5,twill,0.75,6,2.62,38.71,0.267,"twill 13%, tapestry 5%","<long> 33%, twill 27%",0.6364,0.448,0.743
r8_0611_photography_style,"Name a photography style. Reply with only the name, nothing else.",0.6667,<long> -> bench,0.5528,street photography -> real,0.525,cinematic -> real,60,60,0.0,0.333,0.2,60,90,52,0.0,0.187,8.8,street photography,0.8,4,2.03,24.64,0.275,"street photography 28%, noir 10%","<long> 33%, street photography 18%",0.6025,0.414,0.995
r8s_0719_plastic,"Suggest a type of plastic. Reply with only the name, nothing else.",0.6667,<long> -> bench,0.5778,polyethylene -> real,0.5417,polycarbonate -> real,60,60,0.0,0.333,0.2,60,90,22,0.0,0.173,8.8,polyethylene,0.85,3,1.68,6.32,0.467,"polyethylene 47%, polypropylene 27%","<long> 33%, polyethylene 31%",0.6078,0.293,1.074
r8_0494_tax,"Name a tax. Reply with only the name, nothing else.",0.6667,<long> -> bench,0.5583,sales tax -> real,0.55,sales -> bench,60,60,0.0,0.333,0.2,60,90,45,0.0,0.18,8.6,sales tax,0.5,2,2.0,19.32,0.192,"sales tax 22%, income tax 17%","<long> 33%, income tax 14%",0.6183,0.281,0.931
r8s_1034_ball_type,"Suggest a ball type. Reply with only the name, nothing else.",0.6667,<long> -> bench,0.5306,golf ball -> bench,0.55,golf ball -> bench,60,60,0.0,0.333,0.2,60,90,90,0.0,0.18,8.8,soccer ball,0.2,10,8.63,72.28,0.067,"rubber 7%, ball 5%","<long> 33%, golf ball 8%",0.5939,0.617,0.942
r8s_1076_noble,"Suggest a type of noble. Reply with only the name, nothing else.",0.6667,<long> -> bench,0.575,knight -> real,0.5917,platinum -> bench,60,60,0.0,0.333,0.2,60,90,73,0.0,0.187,8.7,duke,0.35,7,5.91,47.75,0.092,"knight 15%, duke 12%","<long> 33%, platinum 12%",0.6197,0.524,1.217
r8_0410_action_figure,"Name an action figure. Reply with only the name, nothing else.",0.6667,<long> -> bench,0.6083,spider-man -> real,0.575,spider-man -> real,60,60,0.0,0.333,0.2,60,90,51,0.0,0.167,8.6,wars,0.2,13,10.9,21.74,0.275,"spider-man 35%, batman 8%","<long> 33%, batman 14%",0.6178,0.319,0.842
r8s_0996_tree_part,"Suggest a type of tree part. Reply with only the name, nothing else.",0.6667,<long> -> bench,0.5361,branch -> real,0.5333,root -> bench,60,60,0.0,0.333,0.2,60,90,64,0.0,0.173,8.2,leaf,0.4,5,4.02,36.3,0.15,"leaf 12%, bark 12%","<long> 33%, bark 12%",0.6067,0.471,0.823
r8s_0926_body_system,"Suggest a type of body system. Reply with only the name, nothing else.",0.6667,<long> -> bench,0.5194,cardiovascular -> real,0.5417,circulatory system -> bench,60,60,0.0,0.333,0.2,60,90,74,0.0,0.18,9.4,circulatory system,0.35,6,4.68,49.58,0.125,"circulatory system 8%, nervous system 7%","<long> 33%, circulatory system 11%",0.6256,0.494,0.782
r8s_0948_digestive_organ,"Suggest a type of digestive organ. Reply with only the name, nothing else.",0.6667,<long> -> bench,0.6139,stomach -> real,0.5083,progesterone -> bench,60,60,0.0,0.333,0.2,60,90,10,0.0,0.193,9.4,stomach,0.9,2,1.38,2.83,0.725,"stomach 72%, esophagus 8%","stomach 49%, <long> 33%",0.6217,0.273,0.84
r8s_0913_plant_category,"Suggest a plant category. Reply with only the name, nothing else.",0.6667,<long> -> bench,0.6306,succulents -> real,0.6167,succulents -> real,60,60,0.0,0.333,0.2,60,90,37,0.0,0.167,9.0,succulents,0.9,3,1.48,17.38,0.2,"succulents 32%, succulent 15%","<long> 33%, orchid 13%",0.6486,0.291,0.797
r8s_0871_invertebrate,"Suggest a type of invertebrate. Reply with only the name, nothing else.",0.6667,<long> -> bench,0.6056,octopus -> real,0.5333,jellyfish -> bench,60,60,0.0,0.333,0.2,60,90,24,0.0,0.193,8.8,octopus,0.65,6,3.2,6.68,0.55,"octopus 57%, spider 8%","octopus 36%, <long> 33%",0.6436,0.325,0.947
r8_0447_wrapping_paper,"Name a wrapping paper. Reply with only the name, nothing else.",0.6667,<long> -> bench,0.525,red -> real,0.5266,tissue -> bench,58,57,0.033,0.367,0.233,60,90,92,0.0,0.213,10.2,holiday time,0.1,19,18.66,78.77,0.061,"cellophane 5%, red 5%","<long> 37%, tissue 6%",0.6322,0.548,0.835
r8_0548_exercise_type,"Name an exercise type. Reply with only the name, nothing else.",0.6667,<long> -> bench,0.5472,cardio -> real,0.5417,plank -> real,60,60,0.0,0.333,0.2,60,90,68,0.0,0.18,8.7,running,0.35,7,5.15,40.41,0.142,"cardio 15%, running 15%","<long> 33%, running 9%",0.615,0.454,1.045
r8_0489_clock_type,"Name a clock type. Reply with only the name, nothing else.",0.6667,<long> -> bench,0.5667,quartz -> bench,0.6417,quartz -> bench,60,60,0.0,0.333,0.2,60,90,46,0.0,0.187,8.6,wall clock,0.25,12,10.14,19.95,0.308,"quartz 17%, pendulum 12%","<long> 33%, quartz 30%",0.6158,0.386,1.211
r8s_0988_financial_document,"Suggest a type of financial document. Reply with only the name, nothing else.",0.6667,<long> -> bench,0.5583,invoice -> bench,0.6083,invoice -> bench,60,60,0.0,0.333,0.2,60,90,41,0.0,0.18,8.7,bank statement,0.6,3,2.28,12.68,0.375,"balance sheet 33%, invoice 8%","<long> 33%, balance sheet 28%",0.6233,0.39,0.929
r8s_1058_ninja,"Suggest a type of ninja. Reply with only the name, nothing else.",0.6667,<long> -> bench,0.55,ninja -> real,0.5417,ninja -> real,60,60,0.0,0.333,0.2,60,90,65,0.0,0.193,8.7,shadow,0.45,12,7.44,28.34,0.25,"shadow 23%, ninja 13%","<long> 33%, shadow 18%",0.6114,0.44,0.935
r8s_1027_ray,"Suggest a type of ray. Reply with only the name, nothing else.",0.6667,<long> -> bench,0.5667,x-ray -> bench,0.625,x-ray -> bench,60,60,0.0,0.333,0.2,60,90,66,0.0,0.193,8.7,x-ray,0.7,5,2.67,32.22,0.225,"gamma ray 12%, gamma 10%","<long> 33%, x-ray 23%",0.6369,0.443,0.788
r8s_1009_sprocket,"Suggest a type of sprocket. Reply with only the name, nothing else.",0.6667,<long> -> bench,0.5278,roller sprocket -> bench,0.55,roller sprocket -> bench,60,60,0.0,0.333,0.2,60,90,72,0.0,0.193,9.6,roller sprocket,0.3,10,7.51,44.58,0.125,"roller chain sprocket 8%, sprocket 7%","<long> 33%, roller chain sprocket 11%",0.6394,0.439,0.98
r8_0498_mirror,"Name a mirror. Reply with only the name, nothing else.",0.6667,<long> -> bench,0.6111,mirror -> real,0.5333,mirror -> real,60,60,0.0,0.333,0.2,60,90,62,0.0,0.193,8.6,mirror,0.45,6,4.22,15.49,0.5,"mirror 53%, no-ka-funny 2%","<long> 33%, mirror 31%",0.6419,0.416,0.767
r8_0163_energy,"Name an energy. Reply with only the name, nothing else.",0.6667,<long> -> bench,0.5889,kinetic -> real,0.5667,kinetic energy -> bench,60,60,0.0,0.333,0.2,60,90,59,0.0,0.18,8.7,kinetic,0.6,7,3.92,20.69,0.367,"kinetic 40%, sun 3%","<long> 33%, kinetic 22%",0.6094,0.436,0.764
r8_1478_chemical_reaction,"Name a chemical reaction. Reply with only the name, nothing else.",0.6667,<long> -> bench,0.6167,combustion -> real,0.5917,combustion -> real,60,60,0.0,0.333,0.2,60,90,46,0.0,0.193,9.6,combustion,0.5,3,2.35,14.78,0.317,"combustion 33%, photosynthesis 30%","<long> 33%, photosynthesis 22%",0.6344,0.315,1.125
r8s_1946_hive_product,"Suggest a type of hive product. Reply with only the name, nothing else.",0.6667,<long> -> bench,0.55,honey -> real,0.525,beeswax -> bench,60,60,0.0,0.333,0.2,60,90,52,0.0,0.173,9.1,honey,0.4,5,4.12,16.96,0.425,"honey 40%, propolis 7%","<long> 33%, honey 30%",0.6122,0.266,1.053
r8_0099_herbivore,"Name a herbivore. Reply with only the name, nothing else.",0.6639,cow -> real,0.6639,cow -> real,0.5392,deer -> bench,60,62,0.0,0.311,0.187,60,90,7,0.0,0.153,7.3,cow,0.75,3,1.99,1.81,0.844,"cow 88%, deer 7%","cow 56%, <long> 31%",0.6411,0.172,1.038
r8s_1842_size,"Suggest a type of size. Reply with only the name, nothing else.",0.6639,<long> -> bench,0.5611,large -> real,0.6017,medium -> bench,59,59,0.017,0.344,0.213,60,90,55,0.0,0.193,8.4,medium,0.3,11,8.4,18.84,0.356,"medium 25%, large 17%","<long> 34%, medium 30%",0.6322,0.502,0.791
r8s_1260_grill,"Suggest a type of grill. Reply with only the name, nothing else.",0.6639,<long> -> bench,0.5333,kettle -> real,0.5424,bbq -> bench,59,59,0.017,0.344,0.213,60,90,52,0.0,0.167,8.8,gas grill,0.5,6,3.69,27.02,0.186,"charcoal 18%, gas grill 10%","<long> 34%, charcoal 12%",0.5992,0.32,1.051
r8_0468_boot,"Name a boot. Reply with only the name, nothing else.",0.6639,<long> -> bench,0.525,new balance -> real,0.5254,new balance -> real,59,59,0.017,0.344,0.213,60,90,107,0.0,0.193,8.8,vans,0.15,15,13.42,100.39,0.034,"boot 5%, new balance 5%","<long> 34%, jersey 2%",0.6061,0.675,0.551
r8_0765_fish_habitat_saltwater,"Name a fish habitat saltwater. Reply with only the name, nothing else.",0.6639,<long> -> bench,0.6,coral reef -> real,0.661,ocean -> bench,59,59,0.017,0.344,0.213,60,90,29,0.0,0.193,9.3,ocean,0.75,6,2.62,8.37,0.398,"coral reef 43%, reef 20%","<long> 34%, ocean 24%",0.6142,0.271,0.954
r8s_1262_leg,"Suggest a type of leg. Reply with only the name, nothing else.",0.6639,<long> -> bench,0.5167,biceps -> real,0.5169,barbell -> bench,59,59,0.017,0.344,0.213,60,90,101,0.0,0.187,9.0,human,0.25,10,7.79,90.91,0.059,"calf 5%, dog 3%","<long> 34%, calf 4%",0.6183,0.639,0.841
r8s_0530_tide,"Suggest a type of tide. Reply with only the name, nothing else.",0.6639,<long> -> bench,0.5861,spring -> real,0.6102,spring tide -> bench,59,59,0.017,0.344,0.213,60,90,59,0.0,0.187,8.7,spring tide,0.8,3,1.85,22.67,0.28,"spring 25%, spring tide 17%","<long> 34%, spring tide 26%",0.6103,0.391,0.794
r8_1803_mineral_water,"Name a mineral water. Reply with only the name, nothing else.",0.6639,evian -> real,0.6639,evian -> real,0.6199,evian -> real,60,69,0.0,0.233,0.14,60,90,28,0.0,0.127,7.3,evian,0.85,3,1.68,6.77,0.488,"evian 62%, perrier 18%","evian 29%, <long> 23%",0.6192,0.215,0.884
r8_1798_allergen,"Name an allergen. Reply with only the name, nothing else.",0.6639,peanuts -> real,0.6639,peanuts -> real,0.6212,peanuts -> real,60,65,0.0,0.278,0.167,60,90,24,0.0,0.153,8.4,peanuts,0.85,4,1.8,7.17,0.424,"peanuts 55%, peanut 18%","<long> 28%, peanuts 22%",0.6336,0.246,1.054
r8_0493_habitat,"Name a habitat. Reply with only the name, nothing else.",0.6639,<long> -> bench,0.5583,rainforest -> real,0.5254,forest -> bench,59,59,0.017,0.344,0.213,60,90,42,0.0,0.18,9.1,rainforest,0.5,5,3.96,16.39,0.271,"rainforest 28%, amazon rainforest 22%","<long> 34%, rainforest 17%",0.6172,0.317,0.861
r8s_0885_dwarve,"Suggest a type of dwarve. Reply with only the name, nothing else.",0.6639,<long> -> bench,0.5194,bearded -> real,0.5169,bearded -> real,59,59,0.017,0.344,0.213,60,90,91,0.0,0.187,9.5,mountain dwarves,0.25,13,10.14,76.96,0.068,"dwarf 5%, bearded 5%","<long> 34%, dwarf 6%",0.6075,0.482,0.742
r8s_0928_airport,"Suggest a type of airport. Reply with only the name, nothing else.",0.6639,<long> -> bench,0.5889,international -> real,0.5339,international airport -> bench,59,59,0.017,0.344,0.213,60,90,36,0.0,0.193,8.6,international airport,0.65,8,3.78,8.27,0.542,"international 53%, international airport 7%","international 36%, <long> 34%",0.6139,0.305,0.885
r8_0768_hydra,"Name a hydra. Reply with only the name, nothing else.",0.6639,<long> -> bench,0.5889,hydra -> real,0.5689,hydra -> real,57,56,0.05,0.378,0.247,60,90,67,0.0,0.24,10.4,hydra,0.25,11,8.35,34.89,0.212,"hydra 27%, lernaean 12%","<long> 38%, hydra 9%",0.6097,0.346,0.732
r8_0839_float,"Name a float. Reply with only the name, nothing else.",0.6639,<long> -> bench,0.5944,3.14 -> bench,0.678,3.14 -> bench,59,59,0.017,0.344,0.213,60,90,56,0.0,0.2,9.4,3.14,0.35,8,6.07,21.74,0.314,"3.14 13%, pi 10%","<long> 34%, 3.14 32%",0.6722,0.345,0.828
r8s_0405_musical_interval,"Suggest a type of musical interval. Reply with only the name, nothing else.",0.6639,<long> -> bench,0.5833,perfect fifth -> real,0.5169,perfect -> real,59,59,0.017,0.344,0.213,60,90,19,0.0,0.193,9.0,perfect fifth,0.85,2,1.53,5.21,0.551,"perfect fifth 53%, major third 18%","perfect fifth 37%, <long> 34%",0.6517,0.341,0.952
r8_1295_theater,"Name a theater. Reply with only the name, nothing else.",0.6639,<long> -> bench,0.5361,broadway -> real,0.5254,theater -> bench,59,59,0.017,0.344,0.213,60,90,54,0.0,0.18,9.2,broadway,0.5,8,4.79,21.13,0.347,"broadway 32%, broadway theatre 7%","<long> 34%, broadway 24%",0.6058,0.294,0.943
r8s_1021_capacitor,"Suggest a type of capacitor. Reply with only the name, nothing else.",0.6639,<long> -> bench,0.5444,tantalum -> real,0.6017,ceramic -> bench,59,59,0.017,0.344,0.213,60,90,26,0.0,0.193,9.6,ceramic,0.45,4,3.52,8.22,0.424,"ceramic 32%, tantalum 13%","<long> 34%, ceramic 34%",0.5994,0.265,0.992
r8_1126_gemstone_transparency,"Name a gemstone transparency. Reply with only the name, nothing else.",0.6639,<long> -> bench,0.5361,transparent -> bench,0.5932,transparent -> bench,59,59,0.017,0.344,0.213,60,90,52,0.0,0.207,9.0,transparent,0.3,9,6.8,25.73,0.246,"transparent 15%, diamond 10%","<long> 34%, transparent 22%",0.6167,0.352,0.825
r8s_1430_physical_sensation,"Suggest a type of physical sensation. Reply with only the name, nothing else.",0.6639,<long> -> bench,0.5306,warmth -> real,0.5254,touch -> bench,59,59,0.017,0.344,0.213,60,90,44,0.0,0.193,9.0,tickle,0.35,12,8.81,21.12,0.254,"tickle 23%, warmth 12%","<long> 34%, tickle 18%",0.6006,0.317,0.958
r8_0388_donut,"Name a donut. Reply with only the name, nothing else.",0.6639,glazed -> real,0.6639,glazed -> real,0.6455,glazed -> real,58,63,0.033,0.3,0.193,60,90,50,0.0,0.173,8.7,glazed,0.8,5,2.18,20.48,0.314,"glazed 45%, boston cream 7%","<long> 30%, doughnut 12%",0.6989,0.275,0.903
r8s_1875_flower_bulb,"Suggest a type of flower bulb. Reply with only the name, nothing else.",0.6639,daffodil -> real,0.6639,daffodil -> real,0.6062,daffodil -> real,60,62,0.0,0.311,0.187,60,90,15,0.0,0.167,9.3,daffodil,0.65,3,2.21,4.18,0.475,"daffodil 58%, tulip 28%","<long> 31%, daffodil 26%",0.6383,0.125,0.979
r8s_1357_beast_of_burden,"Suggest a type of beast of burden. Reply with only the name, nothing else.",0.6639,mule -> real,0.6639,mule -> real,0.6413,mule -> real,59,67,0.017,0.256,0.16,60,90,36,0.0,0.147,7.7,mule,0.45,6,3.77,12.46,0.341,"mule 48%, donkey 13%","<long> 26%, mule 16%",0.6358,0.394,0.816
r8s_1776_palace,"Suggest a type of palace. Reply with only the name, nothing else.",0.6639,<long> -> bench,0.5333,palace of versailles -> real,0.5339,palace of versailles -> real,59,59,0.017,0.344,0.213,60,90,71,0.0,0.213,9.8,baroque,0.15,17,15.83,49.98,0.093,"baroque 10%, palace of versailles 7%","<long> 34%, palace 7%",0.5958,0.457,0.789
r8s_0673_angel,"Suggest a type of angel. Reply with only the name, nothing else.",0.6639,<long> -> bench,0.6111,archangel -> real,0.5932,archangel -> real,59,59,0.017,0.344,0.213,60,90,39,0.0,0.207,9.3,seraphim,0.95,2,1.22,12.23,0.339,"archangel 30%, seraphim 25%","<long> 34%, seraphim 28%",0.6047,0.262,0.8
r8_1463_rest_in_music,"Name a rest in music. Reply with only the name, nothing else.",0.6639,<long> -> bench,0.525,rest -> real,0.5169,fugue -> real,59,59,0.017,0.344,0.213,60,90,67,0.0,0.187,8.9,rest,0.75,6,2.62,35.74,0.237,"rest 22%, allegro 7%","<long> 34%, rest 17%",0.6369,0.47,0.638
r8_1516_leather,"Name a leather. Reply with only the name, nothing else.",0.6639,<long> -> bench,0.5528,cowhide -> bench,0.6102,cowhide -> bench,59,59,0.017,0.344,0.213,60,90,69,0.0,0.2,9.2,cowhide,0.3,13,10.17,33.6,0.229,"leather 17%, cowhide 12%","<long> 34%, cowhide 22%",0.6344,0.471,0.798
r8s_0986_artists_tool,"Suggest a type of artists' tool. Reply with only the name, nothing else.",0.6639,<long> -> bench,0.5472,paintbrush -> bench,0.5763,paintbrush -> bench,59,59,0.017,0.344,0.213,60,90,59,0.0,0.207,9.3,palette knife,0.35,11,8.22,35.12,0.169,"palette knife 13%, sketchbook 7%","<long> 34%, palette knife 13%",0.6322,0.47,0.645
r8_0129_pickle,"Name a pickle. Reply with only the name, nothing else.",0.6639,<long> -> bench,0.5472,pickle -> real,0.5508,gherkin -> bench,59,59,0.017,0.344,0.213,60,90,50,0.0,0.18,8.9,dill,0.55,4,2.71,22.62,0.161,"pickle 18%, dill 12%","<long> 34%, gherkin 13%",0.6183,0.329,1.125
r8_1135_cookie_variety,"Name a cookie variety. Reply with only the name, nothing else.",0.6639,chocolate chip -> real,0.6639,chocolate chip -> real,0.5992,chocolate chip -> real,60,66,0.0,0.267,0.16,60,90,39,0.0,0.14,7.9,chocolate chip,0.9,3,1.48,7.95,0.579,"chocolate chip 68%, oatmeal raisin 8%","chocolate chip 36%, <long> 27%",0.6267,0.269,0.895
r8_0608_blood_type,"Name a blood type. Reply with only the name, nothing else.",0.6639,<long> -> bench,0.5556,a -> real,0.5424,ab -> real,59,59,0.017,0.344,0.213,60,90,12,0.0,0.207,8.5,a,0.7,4,2.49,4.39,0.424,"a 40%, o 30%","<long> 34%, a 29%",0.6289,0.173,0.923
r8s_0686_bacon,"Suggest a type of bacon. Reply with only the name, nothing else.",0.6639,applewood -> real,0.6639,applewood -> real,0.6053,applewood -> real,60,66,0.0,0.267,0.16,60,90,36,0.0,0.147,7.6,applewood,0.65,4,2.67,8.75,0.54,"applewood 65%, applewood smoked bacon 5%","applewood 32%, <long> 27%",0.6667,0.252,0.924
r8s_0310_drum,"Suggest a type of drum. Reply with only the name, nothing else.",0.6639,<long> -> bench,0.5472,snare -> real,0.5424,taiko -> real,59,59,0.017,0.344,0.213,60,90,37,0.0,0.193,9.3,snare drum,0.65,7,3.52,19.08,0.161,"snare 18%, conga 13%","<long> 34%, snare drum 12%",0.6042,0.411,0.787
r8_1785_cosmic_event,"Name a cosmic event. Reply with only the name, nothing else.",0.6639,supernova -> real,0.6639,supernova -> real,0.5914,supernova -> real,60,67,0.0,0.256,0.153,60,90,39,0.0,0.153,8.5,supernova,0.95,2,1.22,6.4,0.654,"supernova 75%, gamma ray burst 3%","supernova 42%, <long> 26%",0.6322,0.286,0.827
r8_0600_ship_type,"Name a ship type. Reply with only the name, nothing else.",0.6639,<long> -> bench,0.5667,frigate -> real,0.5678,battleship -> bench,59,59,0.017,0.344,0.213,60,90,49,0.0,0.193,9.5,battleship,0.35,7,5.66,20.66,0.254,"battleship 18%, frigate 17%","<long> 34%, battleship 21%",0.6053,0.424,0.988
r8_0938_taxi_service,"Name a taxi service. Reply with only the name, nothing else.",0.6639,uber -> real,0.6639,uber -> real,0.561,uber -> real,60,62,0.0,0.311,0.187,60,90,21,0.0,0.18,7.9,uber,0.9,2,1.38,3.63,0.721,"uber 78%, yellow cab 12%","uber 46%, <long> 31%",0.6253,0.139,1.008
r8s_0541_crime,"Suggest a type of crime. Reply with only the name, nothing else.",0.6639,<long> -> bench,0.5917,fraud -> real,0.5884,burglary -> bench,51,47,0.15,0.478,0.347,60,90,35,0.0,0.293,12.9,embezzlement,0.35,6,4.79,17.28,0.214,"fraud 25%, <long> 15%","<long> 48%, burglary 13%",0.6256,0.307,0.851
r8s_1818_unit_of_pressure,"Suggest a type of unit of pressure. Reply with only the name, nothing else.",0.6611,<long> -> bench,0.6583,pascal -> real,0.5164,pa -> bench,60,61,0.0,0.322,0.193,60,90,9,0.0,0.167,8.3,pascal,1.0,1,1.0,1.65,0.901,"pascal 92%, psi 3%","pascal 60%, <long> 32%",0.6594,0.198,0.989
r8s_1794_odor,"Suggest a type of odor. Reply with only the name, nothing else.",0.6611,<long> -> bench,0.5389,floral -> bench,0.5653,floral -> bench,60,61,0.0,0.322,0.193,60,90,64,0.0,0.16,8.3,vanilla,0.45,11,6.94,35.98,0.19,"vanilla 18%, lavender 7%","<long> 32%, vanilla 13%",0.6017,0.503,0.447
r8s_1768_character_archetype,"Suggest a type of character archetype. Reply with only the name, nothing else.",0.6611,<long> -> bench,0.5389,hero -> bench,0.5891,hero -> bench,60,61,0.0,0.322,0.193,60,90,64,0.0,0.187,9.3,hero,0.3,8,5.94,33.6,0.223,"hero 13%, reluctant hero 8%","<long> 32%, hero 21%",0.725,0.198,0.859
r8_1528_photographic_device,"Name a photographic device. Reply with only the name, nothing else.",0.6611,<long> -> bench,0.6194,camera -> real,0.5179,camera -> bench,60,61,0.0,0.322,0.193,60,90,18,0.0,0.173,7.7,camera,1.0,1,1.0,2.45,0.835,"camera 82%, canon 3%","camera 58%, <long> 32%",0.6064,0.147,1.0
r8_0148_milk,"Name a milk. Reply with only the name, nothing else.",0.6611,<long> -> bench,0.5556,cow -> bench,0.6057,cow -> bench,60,61,0.0,0.322,0.193,60,90,40,0.0,0.18,8.4,milk,0.3,8,5.92,15.48,0.207,"almond 22%, milk 15%","<long> 32%, cow 21%",0.6153,0.351,0.929
r8s_1967_fruit_seed,"Suggest a type of fruit seed. Reply with only the name, nothing else.",0.6611,<long> -> bench,0.5389,apricot -> bench,0.5732,apricot -> bench,60,61,0.0,0.322,0.193,60,90,40,0.0,0.187,8.5,apple,0.5,6,3.95,17.2,0.248,"apple 18%, cherry 12%","<long> 32%, apple 21%",0.6136,0.467,0.908
r8_0146_author,"Name an author. Reply with only the name, nothing else.",0.6611,<long> -> bench,0.5333,shakespeare -> bench,0.5492,shakespeare -> bench,60,61,0.0,0.322,0.193,60,90,82,0.0,0.167,9.2,mark twain,0.3,11,8.26,62.61,0.066,"haruki murakami 7%, george orwell 7%","<long> 32%, harper lee 7%",0.5903,0.605,0.44
r8_1575_aurora,"Name an aurora. Reply with only the name, nothing else.",0.6611,<long> -> bench,0.5667,aurora australis -> real,0.5806,aurora borealis -> bench,60,61,0.0,0.322,0.193,60,90,33,0.0,0.167,9.6,aurora borealis,0.6,5,3.18,11.79,0.256,"aurora 23%, aurora australis 17%","<long> 32%, aurora borealis 22%",0.6103,0.224,0.606
r8_1647_envelope,"Name an envelope. Reply with only the name, nothing else.",0.6611,<long> -> bench,0.6167,envelope -> real,0.577,envelope -> real,60,61,0.0,0.322,0.193,60,90,82,0.0,0.167,8.4,standard,0.15,17,15.83,36.31,0.322,"envelope 40%, envelop 3%","<long> 32%, envelope 17%",0.6181,0.47,0.724
r8_1617_casting,"Name a type of casting. Reply with only the name, nothing else.",0.6611,<long> -> bench,0.5333,casting -> real,0.5322,sand casting -> bench,60,61,0.0,0.322,0.193,60,90,71,0.0,0.167,8.4,sand casting,0.8,4,2.03,44.37,0.116,"casting 13%, static 7%","<long> 32%, sand casting 9%",0.6189,0.448,0.666
r8_1399_gemstone_origin_type,"Name a gemstone origin type. Reply with only the name, nothing else.",0.6611,<long> -> bench,0.5306,alluvial -> bench,0.5728,alluvial -> bench,60,61,0.0,0.322,0.193,60,90,72,0.0,0.173,8.7,alluvial,0.5,10,5.9,40.92,0.19,"alluvial 12%, volcanic 10%","<long> 32%, alluvial 18%",0.6161,0.476,0.754
r8s_0459_television_genre,"Suggest a television genre. Reply with only the name, nothing else.",0.6611,<long> -> bench,0.5556,sci-fi -> real,0.5571,science fiction -> bench,60,61,0.0,0.322,0.193,60,90,28,0.0,0.16,8.2,sci-fi,0.45,6,4.46,9.28,0.455,"sci-fi 43%, mystery 10%","<long> 32%, sci-fi 32%",0.6031,0.385,0.974
r8s_0460_scarf,"Suggest a type of scarf. Reply with only the name, nothing else.",0.6611,<long> -> bench,0.5944,infinity scarf -> real,0.568,infinity scarf -> real,60,61,0.0,0.322,0.193,60,90,40,0.0,0.18,9.1,infinity scarf,0.5,6,4.06,15.7,0.231,"infinity scarf 30%, pashmina 23%","<long> 32%, pashmina 12%",0.6178,0.272,1.025
r8s_0146_author,"Suggest a type of author. Reply with only the name, nothing else.",0.6611,<long> -> bench,0.5167,fantasy -> real,0.5246,poet -> bench,60,61,0.0,0.322,0.193,60,90,98,0.0,0.18,8.8,novelist,0.15,14,12.52,85.74,0.05,"fiction writer 5%, novelist 5%","<long> 32%, fiction 3%",0.6339,0.659,0.519
r8_0780_tie,"Name a tie. Reply with only the name, nothing else.",0.6611,<long> -> bench,0.525,tie -> real,0.5328,tennis -> bench,60,61,0.0,0.322,0.193,60,90,107,0.0,0.167,8.7,necktie,0.2,13,10.72,94.71,0.066,"tie 8%, omni 2%","<long> 32%, tennis 4%",0.6106,0.603,0.55
r8s_0366_fjord,"Suggest a type of fjord. Reply with only the name, nothing else.",0.6611,<long> -> bench,0.5222,geirangerfjord -> real,0.5246,fjord -> bench,60,61,0.0,0.322,0.193,60,90,94,0.0,0.173,9.1,u-shaped,0.15,16,14.77,78.79,0.05,"geirangerfjord 7%, u-shaped 5%","<long> 32%, fjord 3%",0.6086,0.467,0.938
r8s_0176_letter_of_the_alphabet,"Suggest a type of letter of the alphabet. Reply with only the name, nothing else.",0.6611,<long> -> bench,0.5528,alpha -> bench,0.6056,alpha -> bench,60,61,0.0,0.322,0.193,60,90,44,0.0,0.167,7.6,a,0.4,10,7.07,24.43,0.223,"alpha 12%, a 12%","<long> 32%, alpha 22%",0.6192,0.458,0.839
r8s_0320_classroom_item,"Suggest a type of classroom item. Reply with only the name, nothing else.",0.6611,<long> -> bench,0.5722,whiteboard -> real,0.5361,whiteboard -> bench,60,61,0.0,0.322,0.193,60,90,40,0.0,0.18,8.6,whiteboard,0.9,3,1.48,7.06,0.636,"whiteboard 60%, smartboard 3%","whiteboard 46%, <long> 32%",0.6222,0.316,0.915
r8s_0378_number,"Suggest a type of number. Reply with only the name, nothing else.",0.6611,<long> -> bench,0.5278,prime -> real,0.5407,float -> bench,60,61,0.0,0.322,0.193,60,90,47,0.0,0.18,7.9,integer,0.4,6,4.43,21.31,0.248,"prime 23%, integer 15%","<long> 32%, prime 18%",0.6167,0.431,0.693
r8_1388_door_type,"Name a door type. Reply with only the name, nothing else.",0.6611,<long> -> bench,0.5306,sliding door -> bench,0.557,sliding door -> bench,60,61,0.0,0.322,0.193,60,90,54,0.0,0.187,8.7,sliding,0.15,12,11.19,24.09,0.248,"sliding 22%, swing 12%","<long> 32%, sliding 19%",0.6225,0.496,1.05
r8_1739_racket,"Name a racket. Reply with only the name, nothing else.",0.6611,<long> -> bench,0.5583,racket -> real,0.5504,racket -> real,60,61,0.0,0.322,0.193,60,90,69,0.0,0.173,8.6,yonex,0.2,9,8.05,34.28,0.24,"tennis 20%, racket 15%","<long> 32%, tennis 19%",0.6044,0.442,0.743
r8_1413_whistle,"Name a whistle. Reply with only the name, nothing else.",0.6611,<long> -> bench,0.5972,whistle -> real,0.5365,whistle -> real,60,61,0.0,0.322,0.193,60,90,68,0.0,0.18,8.8,whistle,0.55,10,5.35,22.59,0.413,"whistle 45%, wisp 2%","<long> 32%, whistle 26%",0.6064,0.508,0.6
r8_1400_fitness_activity,"Name a fitness activity. Reply with only the name, nothing else.",0.6611,<long> -> bench,0.65,running -> real,0.6126,swimming -> bench,60,61,0.0,0.322,0.193,60,90,8,0.0,0.18,8.0,running,0.75,2,1.75,2.91,0.521,"running 60%, swimming 27%","swimming 33%, <long> 32%",0.6053,0.156,1.0
r8_1378_egg_preparation,"Name an egg preparation. Reply with only the name, nothing else.",0.6611,<long> -> bench,0.5694,scrambled eggs -> real,0.5351,scrambled eggs -> real,60,61,0.0,0.322,0.193,60,90,48,0.0,0.193,9.6,scrambled eggs,0.65,6,3.29,20.33,0.248,"scrambled eggs 28%, scrambled 20%","<long> 32%, scrambled eggs 14%",0.6281,0.439,0.799
r8s_1144_part_of_a_seed,"Suggest a type of part of a seed. Reply with only the name, nothing else.",0.6611,<long> -> bench,0.5444,endosperm -> real,0.5339,endosperm -> real,60,61,0.0,0.322,0.193,60,90,70,0.0,0.18,8.5,embryo,0.5,7,4.47,36.96,0.198,"embryo 17%, endosperm 13%","<long> 32%, embryo 16%",0.6033,0.463,0.706
r8_1797_nail,"Name a nail. Reply with only the name, nothing else.",0.6611,<long> -> bench,0.55,claw -> real,0.548,nail -> bench,60,61,0.0,0.322,0.193,60,90,75,0.0,0.173,8.3,claw,0.3,12,9.25,40.44,0.198,"nail 15%, claw 13%","<long> 32%, nail 17%",0.6339,0.463,0.905
r8s_0999_microorganism,"Suggest a type of microorganism. Reply with only the name, nothing else.",0.6611,<long> -> bench,0.5583,bacteria -> real,0.525,lactobacillus -> real,60,61,0.0,0.322,0.193,60,90,25,0.0,0.18,9.6,bacteria,0.85,4,1.8,9.83,0.306,"bacteria 32%, escherichia coli 18%","<long> 32%, bacteria 20%",0.6342,0.21,0.942
r8_0775_texture_of_food,"Name a texture of food. Reply with only the name, nothing else.",0.6611,<long> -> bench,0.5417,crispy -> real,0.5728,crunchy -> bench,60,61,0.0,0.322,0.193,60,90,58,0.0,0.187,8.9,crispy,0.45,3,2.75,27.36,0.19,"crispy 15%, creamy 13%","<long> 32%, crunchy 18%",0.6075,0.386,0.963
r8s_1890_saddle,"Suggest a type of saddle. Reply with only the name, nothing else.",0.6611,<long> -> bench,0.6222,english saddle -> real,0.5932,english saddle -> real,60,61,0.0,0.322,0.193,60,90,75,0.0,0.187,9.0,english saddle,0.6,3,2.45,36.13,0.273,"english saddle 37%, western 15%","<long> 32%, english saddle 12%",0.6783,0.377,1.119
r8s_0903_grocery_store,"Suggest a type of grocery store. Reply with only the name, nothing else.",0.6611,<long> -> bench,0.5917,whole foods market -> real,0.56,whole foods market -> real,60,61,0.0,0.322,0.193,60,90,29,0.0,0.187,8.8,whole foods market,0.45,8,4.98,10.49,0.264,"whole foods market 32%, whole foods 22%","<long> 32%, whole foods 21%",0.62,0.279,0.838
r8s_0916_fountain,"Suggest a type of fountain. Reply with only the name, nothing else.",0.6611,<long> -> bench,0.5861,wall fountain -> real,0.5835,wall fountain -> real,60,61,0.0,0.322,0.193,60,90,92,0.0,0.18,8.6,geysir,0.35,13,9.44,71.87,0.099,"wall fountain 18%, spray 3%","<long> 32%, geyser 6%",0.6039,0.529,1.004
r8_1389_type_of_meteorological,"Name a type of meteorological event. Reply with only the name, nothing else.",0.6611,<long> -> bench,0.5861,tornado -> real,0.532,thunderstorm -> bench,60,61,0.0,0.322,0.193,60,90,18,0.0,0.173,8.4,tornado,0.5,4,2.99,7.3,0.43,"tornado 45%, hurricane 13%","<long> 32%, tornado 28%",0.6053,0.336,1.032
r8s_1716_cell_type,"Suggest a cell type. Reply with only the name, nothing else.",0.6611,<long> -> bench,0.5944,neuron -> real,0.5656,macrophage -> bench,60,61,0.0,0.322,0.193,60,90,64,0.0,0.187,8.9,neuron,0.65,4,2.67,27.75,0.314,"neuron 37%, text 7%","<long> 32%, neuron 18%",0.6172,0.501,0.653
r8s_0402_body_fluid,"Suggest a type of body fluid. Reply with only the name, nothing else.",0.6611,<long> -> bench,0.6278,blood -> real,0.5408,serum -> bench,60,61,0.0,0.322,0.193,60,90,21,0.0,0.167,7.9,blood,0.8,4,2.03,5.13,0.595,"blood 63%, saliva 13%","blood 38%, <long> 32%",0.6136,0.27,1.02
r8s_0134_songbird,"Suggest a type of songbird. Reply with only the name, nothing else.",0.6611,<long> -> bench,0.5556,sparrow -> bench,0.5899,sparrow -> bench,60,61,0.0,0.322,0.193,60,90,54,0.0,0.187,8.9,robin,0.4,10,6.6,26.73,0.19,"robin 20%, canary 12%","<long> 32%, sparrow 14%",0.6119,0.469,0.859
r8s_1905_seat_on_transportation,"Suggest a type of seat on transportation. Reply with only the name, nothing else.",0.6611,<long> -> bench,0.5389,business class -> real,0.5336,business class -> real,60,61,0.0,0.322,0.193,60,90,59,0.0,0.18,8.8,recliner,0.45,10,6.48,37.31,0.107,"economy 10%, recliner 10%","<long> 32%, recliner 8%",0.6067,0.386,0.702
r8s_1959_connector,"Suggest a type of connector. Reply with only the name, nothing else.",0.6611,<long> -> bench,0.525,usb-c -> bench,0.5488,usb-c -> bench,60,61,0.0,0.322,0.193,60,90,94,0.0,0.16,8.5,usb-c,0.45,5,3.77,72.55,0.099,"usb-c 5%, transition 5%","<long> 32%, usb-c 10%",0.6761,0.622,0.613
r8s_0397_king,"Suggest a type of king. Reply with only the name, nothing else.",0.6611,<long> -> bench,0.5278,queen -> bench,0.541,queen -> bench,60,61,0.0,0.322,0.193,60,90,89,0.0,0.18,8.5,king,0.15,16,14.77,64.27,0.107,"king 10%, lion 7%","<long> 32%, king 8%",0.6097,0.614,0.566
r8s_0308_skirt,"Suggest a type of skirt. Reply with only the name, nothing else.",0.6611,<long> -> bench,0.5583,maxi skirt -> real,0.565,pencil -> bench,60,61,0.0,0.322,0.193,60,90,16,0.0,0.193,9.3,pencil skirt,0.6,6,3.56,8.42,0.273,"pencil skirt 25%, a-line 18%","<long> 32%, pencil skirt 20%",0.6092,0.145,1.046
r8_1592_route,"Name a route. Reply with only the name, nothing else.",0.6611,<long> -> bench,0.5333,route 66 -> real,0.5254,route 66 -> real,60,61,0.0,0.322,0.193,60,90,113,0.0,0.173,9.3,route 66,0.2,16,14.14,101.59,0.074,"route 66 10%, 煤气 2%","<long> 32%, route 66 3%",0.6203,0.592,0.664
r8_1443_notebook_binding,"Name a type of notebook binding. Reply with only the name, nothing else.",0.6611,<long> -> bench,0.5611,perfect binding -> real,0.5585,perfect binding -> real,60,61,0.0,0.322,0.193,60,90,63,0.0,0.18,8.7,spiral,0.8,2,1.65,25.16,0.339,"spiral 30%, perfect binding 13%","<long> 32%, spiral 26%",0.6186,0.331,0.872
r8s_1720_casino_game,"Suggest a type of casino game. Reply with only the name, nothing else.",0.6611,<long> -> bench,0.6028,blackjack -> real,0.5475,roulette -> bench,60,61,0.0,0.322,0.193,60,90,21,0.0,0.187,8.8,blackjack,0.65,3,2.36,7.19,0.405,"blackjack 45%, roulette 20%","<long> 32%, blackjack 24%",0.6239,0.243,1.076
r8s_0945_visual_element,"Suggest a type of visual element. Reply with only the name, nothing else.",0.6611,<long> -> bench,0.6139,bar chart -> bench,0.672,bar chart -> bench,60,61,0.0,0.322,0.193,60,90,68,0.0,0.193,8.5,infographic,0.55,9,4.99,38.73,0.19,"infographic 8%, pie chart 5%","<long> 32%, bar chart 24%",0.6867,0.485,0.574
r8_0290_tide_type,"Name a tide type. Reply with only the name, nothing else.",0.6611,<long> -> bench,0.5667,neap -> real,0.5667,neap -> real,60,61,0.0,0.322,0.193,60,90,58,0.0,0.18,8.5,spring tide,0.5,6,4.24,25.09,0.231,"spring 20%, neap 13%","<long> 32%, spring 18%",0.6031,0.348,1.012
r8_0297_chili_pepper,"Name a chili pepper. Reply with only the name, nothing else.",0.6611,<long> -> bench,0.6167,habanero -> real,0.6522,jalapeño -> bench,60,61,0.0,0.322,0.193,60,90,21,0.0,0.18,9.7,habanero,0.5,4,2.75,4.75,0.587,"jalapeño 43%, habanero 27%","jalapeño 50%, <long> 32%",0.6217,0.178,0.955
r8s_0582_salt,"Suggest a type of salt. Reply with only the name, nothing else.",0.6611,<long> -> bench,0.6056,sodium chloride -> bench,0.6557,sodium chloride -> bench,60,61,0.0,0.322,0.193,60,90,42,0.0,0.16,8.9,sea salt,0.55,7,4.05,22.7,0.157,"sea salt 22%, pepper 12%","<long> 32%, sodium chloride 21%",0.6369,0.324,0.812
r8s_0492_blanket,"Suggest a type of blanket. Reply with only the name, nothing else.",0.6611,<long> -> bench,0.5389,weighted blanket -> bench,0.597,weighted blanket -> bench,60,61,0.0,0.322,0.193,60,90,47,0.0,0.187,9.2,wool,0.35,8,6.07,20.74,0.264,"weighted blanket 17%, quilt 12%","<long> 32%, weighted blanket 24%",0.6028,0.271,1.021
r8s_1518_greek_letter,"Suggest a type of greek letter. Reply with only the name, nothing else.",0.6611,<long> -> bench,0.5444,delta -> real,0.6048,alpha -> bench,60,61,0.0,0.322,0.193,60,90,23,0.0,0.167,7.6,alpha,0.85,3,1.68,10.45,0.322,"alpha 22%, omega 15%","<long> 32%, alpha 29%",0.6131,0.261,0.864
r8s_1447_family_relationship,"Suggest a type of family relationship. Reply with only the name, nothing else.",0.6611,<long> -> bench,0.5583,siblings -> real,0.5816,sibling -> bench,60,61,0.0,0.322,0.193,60,90,32,0.0,0.187,8.5,siblings,0.25,10,8.37,16.64,0.182,"siblings 22%, parent-child 15%","<long> 32%, sibling 14%",0.6078,0.347,0.863
r8_1990_diagram,"Name a diagram. Reply with only the name, nothing else.",0.6611,<long> -> bench,0.5556,venn diagram -> real,0.5603,bar chart -> bench,58,58,0.033,0.356,0.227,60,90,89,0.0,0.187,10.1,venn diagram,0.5,5,3.2,69.75,0.086,"venn diagram 13%, flowchart 8%","<long> 36%, bar chart 8%",0.6083,0.568,0.706
r8_1967_fruit_seed,"Name a fruit seed. Reply with only the name, nothing else.",0.6611,<long> -> bench,0.5583,apple -> real,0.5564,almond -> bench,60,61,0.0,0.322,0.193,60,90,38,0.0,0.167,8.4,apple,0.65,7,3.52,15.69,0.264,"apple 28%, apricot 13%","<long> 32%, apple 17%",0.6114,0.337,1.023
r8_1961_type_of_sports_team,"Name a type of sports team. Reply with only the name, nothing else.",0.6611,<long> -> bench,0.5306,boston celtics -> bench,0.549,boston celtics -> bench,60,61,0.0,0.322,0.193,60,90,65,0.0,0.18,8.7,soccer team,0.2,11,9.09,49.14,0.066,"new york yankees 7%, baseball 7%","<long> 32%, boston celtics 8%",0.5906,0.483,0.683
r8s_1442_force,"Suggest a type of force. Reply with only the name, nothing else.",0.6611,<long> -> bench,0.5361,gravity -> real,0.5646,electromagnetic -> bench,60,61,0.0,0.322,0.193,60,90,70,0.0,0.18,8.7,gravity,0.45,6,4.33,39.8,0.182,"electromagnetic 12%, gravity 8%","<long> 32%, electromagnetic 17%",0.6117,0.492,0.623
r8s_1098_textile,"Suggest a type of textile. Reply with only the name, nothing else.",0.6611,<long> -> bench,0.5306,cotton -> real,0.5698,cotton -> bench,60,61,0.0,0.322,0.193,60,90,29,0.0,0.18,8.4,cotton,0.8,2,1.65,7.35,0.554,"cotton 48%, wool 8%","cotton 42%, <long> 32%",0.6075,0.343,0.949
r8s_0821_housing,"Suggest a type of housing. Reply with only the name, nothing else.",0.6611,<long> -> bench,0.5444,townhouse -> real,0.549,single-family home -> bench,60,61,0.0,0.322,0.193,60,90,42,0.0,0.167,8.5,single-family home,0.2,9,7.58,23.76,0.157,"condominium 15%, townhouse 10%","<long> 32%, condominium 11%",0.5992,0.244,0.843
r8s_1068_natural_substance,"Suggest a type of natural substance. Reply with only the name, nothing else.",0.6611,<long> -> bench,0.525,silica -> real,0.572,quartz -> bench,60,61,0.0,0.322,0.193,60,90,68,0.0,0.18,8.7,quartz,0.2,14,11.99,33.58,0.289,"quartz 22%, silica 5%","<long> 32%, quartz 24%",0.5897,0.412,1.048
r8s_1480_drift,"Suggest a type of drift. Reply with only the name, nothing else.",0.6611,<long> -> bench,0.5583,concept drift -> real,0.5504,concept drift -> real,60,61,0.0,0.322,0.193,60,90,102,0.0,0.167,8.8,donut,0.15,17,15.83,83.2,0.099,"concept drift 15%, drift 5%","<long> 32%, concept drift 3%",0.6067,0.666,0.698
r8s_0545_musical_accessory,"Suggest a type of musical accessory. Reply with only the name, nothing else.",0.6611,<long> -> bench,0.5306,metronome -> real,0.5324,headphones -> bench,60,61,0.0,0.322,0.193,60,90,77,0.0,0.18,9.2,capo,0.2,15,13.2,56.31,0.083,"metronome 8%, earplugs 5%","<long> 32%, headphones 8%",0.6275,0.516,0.864
r8_1224_marionette,"Name a marionette. Reply with only the name, nothing else.",0.6611,<long> -> bench,0.55,puppet -> real,0.5421,puppet -> real,60,61,0.0,0.322,0.193,60,90,73,0.0,0.187,9.1,punch,0.8,5,2.18,42.69,0.124,"puppet 13%, marionette 10%","<long> 32%, punch 10%",0.6142,0.321,0.885
r8_1791_tower_type,"Name a tower type. Reply with only the name, nothing else.",0.6611,<long> -> bench,0.5639,eiffel tower -> bench,0.5982,eiffel tower -> bench,60,61,0.0,0.322,0.193,60,90,76,0.0,0.18,8.7,leaning tower of pisa,0.2,13,11.19,51.44,0.116,"lattice 12%, lighthouse 7%","<long> 32%, eiffel tower 14%",0.6267,0.494,0.9
r8s_0834_astronomical_instrumen,"Suggest a type of astronomical instrument. Reply with only the name, nothing else.",0.6611,<long> -> bench,0.5944,spectrograph -> real,0.5586,telescope -> real,60,61,0.0,0.322,0.193,60,90,39,0.0,0.173,9.5,telescope,0.85,4,1.8,12.34,0.438,"spectrograph 47%, telescope 15%","<long> 32%, spectrograph 28%",0.6144,0.29,0.898
r8_1316_wind_term,"Name a wind term. Reply with only the name, nothing else.",0.6611,<long> -> bench,0.5417,zephyr -> real,0.5417,zephyr -> real,60,61,0.0,0.322,0.193,60,90,78,0.0,0.173,8.5,breeze,0.4,4,3.3,52.41,0.149,"bora 15%, zephyr 8%","<long> 32%, bora 10%",0.6056,0.512,0.973
r8s_0089_muscle,"Suggest a type of muscle. Reply with only the name, nothing else.",0.6611,<long> -> bench,0.575,skeletal -> real,0.55,smooth muscle -> real,60,61,0.0,0.322,0.193,60,90,29,0.0,0.173,8.6,skeletal,0.55,4,2.71,8.37,0.488,"skeletal 48%, skeletal muscle 12%","skeletal 33%, <long> 32%",0.6442,0.268,0.986
r8s_1691_alcohol,"Suggest a type of alcohol. Reply with only the name, nothing else.",0.6611,whiskey -> real,0.6611,whiskey -> real,0.6589,whiskey -> real,60,64,0.0,0.289,0.173,60,90,27,0.0,0.167,8.1,vodka,0.55,5,3.34,11.64,0.218,"whiskey 33%, scotch 17%","<long> 29%, vodka 19%",0.6533,0.215,1.136
r8s_1739_racket,"Suggest a type of racket. Reply with only the name, nothing else.",0.6611,<long> -> bench,0.5167,tennis -> bench,0.5484,tennis -> bench,60,61,0.0,0.322,0.193,60,90,75,0.0,0.173,8.8,tennis racket,0.35,7,5.52,42.45,0.149,"badminton 12%, tennis 10%","<long> 32%, tennis 13%",0.5981,0.426,0.649
r8s_1433_major_music_industry_a,"Suggest a type of major music industry award. Reply with only the name, nothing else.",0.6611,<long> -> bench,0.5667,grammy -> real,0.527,grammy -> real,60,61,0.0,0.322,0.193,60,90,16,0.0,0.187,9.0,grammy award,0.4,3,2.95,5.53,0.372,"grammy awards 35%, grammy 30%","<long> 32%, grammy awards 27%",0.6772,0.136,1.026
r8s_0888_navigational_instrumen,"Suggest a type of navigational instrument. Reply with only the name, nothing else.",0.6611,<long> -> bench,0.5778,compass -> real,0.5358,compass -> bench,60,61,0.0,0.322,0.193,60,90,19,0.0,0.18,8.5,compass,0.8,3,1.85,3.93,0.669,"compass 63%, sextant 13%","compass 48%, <long> 32%",0.6283,0.291,0.787
r8_1090_fitting,"Name a type of fitting. Reply with only the name, nothing else.",0.6611,<long> -> bench,0.5389,linear regression -> bench,0.5574,linear regression -> bench,60,61,0.0,0.322,0.193,60,90,81,0.0,0.187,8.4,elbow,0.6,6,3.41,61.34,0.091,"elbow 7%, thread 5%","<long> 32%, elbow 8%",0.6231,0.568,0.876
r8_0724_ham,"Name a ham. Reply with only the name, nothing else.",0.6611,<long> -> bench,0.55,ham -> real,0.5738,spam -> bench,60,61,0.0,0.322,0.193,60,90,73,0.0,0.173,8.7,ham,0.2,14,11.49,39.79,0.174,"ham 20%, bacon 7%","<long> 32%, bacon 12%",0.6078,0.42,0.846
r8s_0496_compass,"Suggest a type of compass. Reply with only the name, nothing else.",0.6611,<long> -> bench,0.5639,marine compass -> bench,0.5982,marine compass -> bench,60,61,0.0,0.322,0.193,60,90,77,0.0,0.187,9.0,marine compass,0.2,14,11.49,53.69,0.116,"baseplate compass 8%, compass 5%","<long> 32%, marine compass 14%",0.6256,0.492,0.864
r8s_0551_honey,"Suggest a type of honey. Reply with only the name, nothing else.",0.6611,<long> -> bench,0.6111,manuka -> real,0.5451,manuka -> real,60,61,0.0,0.322,0.193,60,90,34,0.0,0.187,8.6,manuka,0.75,4,2.23,9.61,0.455,"manuka 50%, acacia 15%","<long> 32%, manuka 28%",0.6222,0.331,0.983
r8s_1154_celebration_item,"Suggest a type of celebration item. Reply with only the name, nothing else.",0.6611,<long> -> bench,0.5528,champagne -> real,0.5501,champagne -> real,60,61,0.0,0.322,0.193,60,90,72,0.0,0.18,8.8,party popper,0.35,12,8.81,49.47,0.066,"champagne 12%, sparkler 8%","<long> 32%, birthday cake 8%",0.6083,0.38,0.881
r8s_1712_laboratory_glassware,"Suggest a type of laboratory glassware. Reply with only the name, nothing else.",0.6611,<long> -> bench,0.6222,erlenmeyer flask -> real,0.5773,erlenmeyer flask -> real,60,61,0.0,0.322,0.193,60,90,15,0.0,0.18,9.5,beaker,0.5,4,3.13,4.82,0.413,"erlenmeyer flask 43%, beaker 35%","beaker 32%, <long> 32%",0.6231,0.198,0.967
r8_1031_diving_position,"Name a diving position. Reply with only the name, nothing else.",0.6611,<long> -> bench,0.5306,tuck -> bench,0.549,tuck -> bench,60,61,0.0,0.322,0.193,60,90,70,0.0,0.173,8.8,freestyle,0.2,14,12.31,41.03,0.132,"pike 10%, freestyle 8%","<long> 32%, pike 11%",0.5983,0.427,0.824
r8_1060_mental_state,"Name a mental state. Reply with only the name, nothing else.",0.6611,flow -> real,0.6611,flow -> real,0.6567,flow -> real,59,75,0.017,0.167,0.107,60,90,68,0.0,0.087,5.7,anxiety,0.2,11,9.49,35.35,0.231,"flow 40%, euphoria 7%","<long> 17%, anxiety 9%",0.6686,0.521,0.88
r8s_0004_amphibian,"Suggest a type of amphibian. Reply with only the name, nothing else.",0.6611,<long> -> bench,0.5944,frog -> real,0.5251,axolotl -> real,60,61,0.0,0.322,0.193,60,90,21,0.0,0.18,8.8,frog,0.95,2,1.22,4.72,0.603,"frog 60%, salamander 18%","frog 41%, <long> 32%",0.6044,0.214,1.09
r8s_0604_texture,"Suggest a type of texture. Reply with only the name, nothing else.",0.6611,<long> -> bench,0.5444,wood -> real,0.5418,wood -> real,60,61,0.0,0.322,0.193,60,90,63,0.0,0.18,8.5,velvet,0.9,3,1.48,32.19,0.248,"velvet 23%, wood 10%","<long> 32%, velvet 18%",0.6064,0.531,1.069
r8s_1440_renewable_resource,"Suggest a type of renewable resource. Reply with only the name, nothing else.",0.6611,<long> -> bench,0.6306,solar -> real,0.554,solar -> real,60,61,0.0,0.322,0.193,60,90,17,0.0,0.18,8.0,solar,0.75,3,2.08,4.74,0.529,"solar 58%, solar energy 18%","<long> 32%, solar 32%",0.6469,0.244,1.055
r8s_1377_celestial_body_type,"Suggest a celestial body type. Reply with only the name, nothing else.",0.6611,<long> -> bench,0.5833,asteroid -> real,0.5675,asteroid -> real,60,61,0.0,0.322,0.193,60,90,38,0.0,0.18,8.9,asteroid,0.2,10,8.26,22.87,0.165,"asteroid 23%, supernova 10%","<long> 32%, neutron star 11%",0.6158,0.397,0.895
r8s_1387_political_office,"Suggest a type of political office. Reply with only the name, nothing else.",0.6611,<long> -> bench,0.5611,mayor -> real,0.628,president -> bench,60,61,0.0,0.322,0.193,60,90,27,0.0,0.167,8.0,president,0.4,6,3.79,7.64,0.512,"president 38%, senator 15%","president 43%, <long> 32%",0.6014,0.252,1.057
r8s_1402_ceramic_product,"Suggest a type of ceramic product. Reply with only the name, nothing else.",0.6611,<long> -> bench,0.5778,porcelain -> bench,0.6464,porcelain -> bench,60,61,0.0,0.322,0.193,60,90,55,0.0,0.173,9.2,porcelain,0.55,6,3.78,24.68,0.281,"porcelain 13%, ceramic vase 10%","<long> 32%, porcelain 29%",0.6033,0.3,1.364
r8s_0276_snow,"Suggest a type of snow. Reply with only the name, nothing else.",0.6611,<long> -> bench,0.525,snowflake -> real,0.5863,powder -> bench,60,61,0.0,0.322,0.193,60,90,46,0.0,0.173,8.4,powder,0.95,2,1.22,10.38,0.554,"powder 47%, snowflake 5%","powder 43%, <long> 32%",0.6136,0.34,1.142
r8_0859_narrative_technique,"Name a narrative technique. Reply with only the name, nothing else.",0.6611,<long> -> bench,0.5639,free indirect discourse -> real,0.5567,flashback -> bench,60,61,0.0,0.322,0.193,60,90,31,0.0,0.167,9.1,flashback,0.45,6,4.46,11.56,0.347,"stream of consciousness 30%, free indirect discourse 18%","<long> 32%, stream of consciousness 27%",0.6008,0.259,0.897
r8s_0375_geological_period,"Suggest a type of geological period. Reply with only the name, nothing else.",0.6611,<long> -> bench,0.55,cretaceous -> real,0.5372,cretaceous -> bench,60,61,0.0,0.322,0.193,60,90,18,0.0,0.173,8.9,cretaceous,0.55,5,3.12,6.12,0.504,"cretaceous 47%, jurassic 17%","cretaceous 37%, <long> 32%",0.6017,0.23,1.047
r8_0995_fishing_technique,"Name a fishing technique. Reply with only the name, nothing else.",0.6611,<long> -> bench,0.6,trolling -> real,0.5683,trolling -> real,60,61,0.0,0.322,0.193,60,90,41,0.0,0.187,8.7,fly fishing,0.8,5,2.18,13.12,0.289,"trolling 33%, fly fishing 33%","<long> 32%, fly fishing 17%",0.6222,0.357,0.99
r8s_0192_park,"Suggest a type of park. Reply with only the name, nothing else.",0.6611,<long> -> bench,0.5861,national park -> real,0.5245,park -> bench,60,61,0.0,0.322,0.193,60,90,35,0.0,0.187,8.5,national park,0.55,5,3.12,10.36,0.43,"national park 45%, national 15%","<long> 32%, national park 28%",0.62,0.296,0.905
r8s_0173_toy,"Suggest a type of toy. Reply with only the name, nothing else.",0.6611,<long> -> bench,0.5556,rubiks cube -> real,0.5806,lego -> bench,60,61,0.0,0.322,0.193,60,90,52,0.0,0.18,8.7,lego,0.75,5,2.45,21.77,0.248,"building blocks 20%, lego 17%","<long> 32%, lego 22%",0.6006,0.313,1.196
r8s_0336_dressing,"Suggest a type of dressing. Reply with only the name, nothing else.",0.6611,<long> -> bench,0.5333,business casual -> real,0.5333,business casual -> real,60,61,0.0,0.322,0.193,60,90,63,0.0,0.173,9.1,ranch,0.45,8,5.26,33.19,0.174,"caesar 17%, ranch 13%","<long> 32%, ranch 13%",0.5972,0.324,0.756
r8s_0274_metal,"Suggest a type of metal. Reply with only the name, nothing else.",0.6611,<long> -> bench,0.5972,steel -> real,0.6063,iron -> bench,60,61,0.0,0.322,0.193,60,90,28,0.0,0.193,8.2,steel,0.75,3,1.99,9.96,0.372,"steel 42%, gold 12%","<long> 32%, steel 22%",0.6858,0.259,0.781
r8_0832_tree_root_system,"Name a tree root system. Reply with only the name, nothing else.",0.6611,<long> -> bench,0.5333,root -> real,0.5603,taproot -> bench,58,58,0.033,0.356,0.227,60,90,61,0.0,0.213,9.4,taproot,0.9,3,1.48,21.93,0.388,"taproot 32%, root 7%","<long> 36%, taproot 29%",0.6264,0.415,0.736
r8s_0362_mineral,"Suggest a type of mineral. Reply with only the name, nothing else.",0.6611,<long> -> bench,0.6444,quartz -> real,0.5333,gypsum -> real,60,61,0.0,0.322,0.193,60,90,20,0.0,0.18,8.4,quartz,0.95,2,1.22,3.14,0.777,"quartz 80%, gypsum 7%","quartz 51%, <long> 32%",0.6281,0.269,0.956
r8s_1043_historical_building,"Suggest a type of historical building. Reply with only the name, nothing else.",0.6611,<long> -> bench,0.5306,cathedral -> real,0.5381,cathedral -> bench,60,61,0.0,0.322,0.193,60,90,47,0.0,0.173,9.1,castle,0.4,9,5.82,15.72,0.388,"cathedral 35%, gothic cathedral 10%","<long> 32%, cathedral 29%",0.6147,0.396,0.955
r8s_0547_bathroom_fixture,"Suggest a type of bathroom fixture. Reply with only the name, nothing else.",0.6611,<long> -> bench,0.6194,rain shower -> real,0.6089,rain shower -> real,60,61,0.0,0.322,0.193,60,90,53,0.0,0.167,9.0,rain shower,0.25,13,10.86,29.2,0.174,"rain shower 28%, toilet 5%","<long> 32%, shower 8%",0.5992,0.36,0.913
r8s_1514_fortified_wine,"Suggest a type of fortified wine. Reply with only the name, nothing else.",0.6611,<long> -> bench,0.6083,port -> real,0.5687,port -> real,60,61,0.0,0.322,0.193,60,90,23,0.0,0.153,8.0,port,0.95,2,1.22,5.78,0.446,"sherry 40%, port 38%","sherry 33%, <long> 32%",0.6294,0.143,1.016
r8s_1213_unit_of_length,"Suggest a type of unit of length. Reply with only the name, nothing else.",0.6611,<long> -> bench,0.6167,meter -> real,0.55,mile -> real,60,61,0.0,0.322,0.193,60,90,20,0.0,0.18,7.8,meter,0.9,3,1.48,4.07,0.694,"meter 70%, mile 10%","meter 47%, <long> 32%",0.6128,0.322,0.897
r8s_1116_food_type,"Suggest a food type. Reply with only the name, nothing else.",0.6611,<long> -> bench,0.525,sushi -> real,0.5708,pizza -> bench,60,61,0.0,0.322,0.193,60,90,36,0.0,0.18,8.2,pizza,0.9,2,1.38,11.04,0.438,"pizza 37%, sushi 12%","pizza 34%, <long> 32%",0.6358,0.412,0.921
r8s_0816_major_ocean,"Suggest a type of major ocean. Reply with only the name, nothing else.",0.6611,<long> -> bench,0.6167,pacific -> real,0.5235,atlantic -> bench,60,61,0.0,0.322,0.193,60,90,8,0.0,0.167,7.7,pacific,0.6,3,2.45,3.11,0.612,"pacific 63%, pacific ocean 18%","pacific 40%, <long> 32%",0.6272,0.233,0.99
r8_1119_dictionary,"Name a dictionary. Reply with only the name, nothing else.",0.6611,<long> -> bench,0.5889,merriam-webster -> real,0.5281,merriam-webster -> real,60,61,0.0,0.322,0.193,60,90,52,0.0,0.18,10.2,merriam-webster,0.55,5,3.12,15.95,0.405,"merriam-webster 43%, oxford english dictionary 13%","<long> 32%, merriam-webster 26%",0.6514,0.47,0.672
r8_0609_jellyfish,"Name a jellyfish. Reply with only the name, nothing else.",0.6611,<long> -> bench,0.5694,moon -> real,0.5809,moon jellyfish -> bench,60,61,0.0,0.322,0.193,60,90,49,0.0,0.167,9.0,moon jellyfish,0.4,9,6.16,23.23,0.215,"moon 15%, box jellyfish 15%","<long> 32%, moon jellyfish 20%",0.6047,0.297,0.899
r8s_0775_texture_of_food,"Suggest a type of texture of food. Reply with only the name, nothing else.",0.6611,<long> -> bench,0.5694,crispy -> real,0.5561,creamy -> bench,60,61,0.0,0.322,0.193,60,90,53,0.0,0.193,9.1,creamy,0.45,3,2.85,19.47,0.207,"crispy 25%, crunchy 20%","<long> 32%, creamy 18%",0.6233,0.287,0.929
r8s_1200_freshwater_feature,"Suggest a type of freshwater feature. Reply with only the name, nothing else.",0.6611,<long> -> bench,0.55,pond -> real,0.6105,lake -> bench,60,61,0.0,0.322,0.193,60,90,18,0.0,0.167,7.9,lake,0.45,5,3.77,4.37,0.628,"lake 52%, pond 17%","lake 50%, <long> 32%",0.5992,0.235,1.039
r8s_0513_lentil,"Suggest a type of lentil. Reply with only the name, nothing else.",0.6611,<long> -> bench,0.5389,puy -> real,0.5408,red -> bench,60,61,0.0,0.322,0.193,60,90,47,0.0,0.18,8.5,brown lentils,0.4,12,8.12,27.51,0.149,"puy 17%, green lentils 12%","<long> 32%, puy 9%",0.5989,0.292,0.9
r8s_0556_bedroom_item,"Suggest a type of bedroom item. Reply with only the name, nothing else.",0.6611,<long> -> bench,0.5278,bedside lamp -> real,0.5169,lamp -> real,60,61,0.0,0.322,0.193,60,90,53,0.0,0.18,8.8,nightstand,0.45,9,5.64,26.46,0.231,"nightstand 22%, bedside lamp 13%","<long> 32%, nightstand 17%",0.6003,0.399,0.924
r8s_0562_tomato,"Suggest a type of tomato. Reply with only the name, nothing else.",0.6611,<long> -> bench,0.5528,brandywine -> real,0.5422,brandywine -> real,60,61,0.0,0.322,0.193,60,90,19,0.0,0.187,8.5,roma,0.4,6,4.11,6.13,0.372,"roma 35%, cherry 28%","<long> 32%, roma 27%",0.6103,0.129,1.065
r8_1925_economic_term,"Name an economic term. Reply with only the name, nothing else.",0.6611,<long> -> bench,0.5722,opportunity cost -> real,0.6512,inflation -> bench,60,61,0.0,0.322,0.193,60,90,24,0.0,0.18,8.7,inflation,1.0,1,1.0,4.03,0.702,"inflation 55%, opportunity cost 17%","inflation 58%, <long> 32%",0.6097,0.255,1.207
r8_1272_element_of_nature,"Name a type of element of nature. Reply with only the name, nothing else.",0.6611,mountain -> real,0.6611,mountain -> real,0.6365,mountain -> real,60,73,0.0,0.189,0.113,60,90,34,0.0,0.113,5.7,oxygen,0.15,13,11.68,12.79,0.383,"mountain 53%, water 8%","mountain 21%, <long> 19%",0.6986,0.359,0.96
r8_1304_discovery,"Name a type of discovery. Reply with only the name, nothing else.",0.6611,<long> -> bench,0.5444,archaeological -> real,0.5492,scientific -> bench,60,61,0.0,0.322,0.193,60,90,87,0.0,0.173,8.9,scientific discovery,0.35,10,7.16,66.75,0.066,"archaeological 10%, serendipity 5%","<long> 32%, scientific discovery 8%",0.6425,0.528,0.562
r8_1079_orchestras_instrument,"Name a type of orchestras instrument. Reply with only the name, nothing else.",0.6611,<long> -> bench,0.5917,violin -> real,0.5347,flute -> real,60,61,0.0,0.322,0.193,60,90,17,0.0,0.187,8.6,violin,0.6,5,3.01,4.84,0.545,"violin 55%, flute 23%","violin 37%, <long> 32%",0.6361,0.257,1.089
r8_1101_part_of_a_car,"Name a part of a car. Reply with only the name, nothing else.",0.6611,<long> -> bench,0.6056,bumper -> real,0.6057,brake -> bench,60,61,0.0,0.322,0.193,60,90,21,0.0,0.18,8.1,engine,0.5,6,4.06,8.63,0.248,"bumper 27%, engine 18%","<long> 32%, engine 21%",0.6075,0.205,0.814
r8s_0591_tissue,"Suggest a type of tissue. Reply with only the name, nothing else.",0.6611,<long> -> bench,0.5806,epithelial -> real,0.5673,epithelial -> real,60,61,0.0,0.322,0.193,60,90,55,0.0,0.18,9.1,epithelial,0.65,5,2.99,32.25,0.149,"epithelial 22%, kleenex 10%","<long> 32%, muscle 8%",0.6139,0.354,0.693
r8s_1102_monarch,"Suggest a type of monarch. Reply with only the name, nothing else.",0.6611,<long> -> bench,0.5278,monarch butterfly -> bench,0.5431,monarch butterfly -> bench,58,58,0.033,0.356,0.227,60,90,74,0.0,0.207,9.4,emperor,0.25,13,10.58,54.12,0.095,"butterfly 7%, monarch 7%","<long> 36%, queen 8%",0.6083,0.489,0.746
r8s_0046_bird_of_prey,"Suggest a type of bird of prey. Reply with only the name, nothing else.",0.6611,<long> -> bench,0.5583,bald eagle -> real,0.6023,eagle -> bench,60,61,0.0,0.322,0.193,60,90,20,0.0,0.193,8.9,eagle,0.65,4,2.52,4.84,0.62,"eagle 52%, bald eagle 15%","eagle 49%, <long> 32%",0.5992,0.276,1.221
r8_0679_bird_feather_color,"Name a bird feather color. Reply with only the name, nothing else.",0.6611,azure -> real,0.6611,azure -> real,0.6521,azure -> real,60,64,0.0,0.289,0.173,60,90,47,0.0,0.147,7.3,blue,0.4,7,4.75,19.74,0.21,"azure 37%, blue 10%","<long> 29%, blue 22%",0.6436,0.397,0.926
r8_0327_whale,"Name a whale. Reply with only the name, nothing else.",0.6611,blue -> real,0.6611,blue -> real,0.65,blue -> real,60,78,0.0,0.133,0.08,60,90,38,0.0,0.08,5.3,blue,0.45,4,3.28,13.35,0.297,"blue 47%, moby 10%","blue whale 29%, blue 14%",0.5881,0.246,0.804
r8_1172_fuse_rating,"Name a type of fuse rating. Reply with only the name, nothing else.",0.6611,time-delay -> real,0.6611,time-delay -> real,0.6505,time-delay -> real,60,61,0.0,0.322,0.193,60,90,68,0.0,0.187,8.6,time-delay,0.3,12,8.85,37.63,0.215,"time-delay 37%, standard 10%","<long> 32%, amp 7%",0.6122,0.477,0.915
r8s_1180_tape,"Suggest a type of tape. Reply with only the name, nothing else.",0.6611,<long> -> bench,0.5694,duct tape -> real,0.5735,scotch tape -> bench,60,61,0.0,0.322,0.193,60,90,65,0.0,0.167,8.9,duct tape,0.6,4,2.63,33.5,0.207,"duct tape 25%, masking tape 5%","<long> 32%, scotch tape 12%",0.6119,0.434,0.904
r8_0703_filter,"Name a filter. Reply with only the name, nothing else.",0.6611,<long> -> bench,0.5333,bloom -> real,0.5345,bloom -> real,58,58,0.033,0.356,0.227,60,90,98,0.0,0.193,9.1,low-pass,0.25,11,8.6,89.04,0.034,"bloom 7%, filter 5%","<long> 36%, bandpass 4%",0.6372,0.641,0.594
r8s_0618_graph,"Suggest a type of graph. Reply with only the name, nothing else.",0.6611,<long> -> bench,0.5361,bar chart -> real,0.5492,scatter plot -> bench,60,61,0.0,0.322,0.193,60,90,52,0.0,0.173,8.4,bar chart,0.75,3,2.08,21.72,0.298,"bar chart 28%, bar 10%","<long> 32%, bar chart 21%",0.6086,0.433,0.797
r8s_0076_internal_organ,"Suggest a type of internal organ. Reply with only the name, nothing else.",0.6611,<long> -> bench,0.6472,liver -> real,0.5865,liver -> real,60,61,0.0,0.322,0.193,60,90,19,0.0,0.16,8.1,liver,0.6,3,2.45,5.91,0.463,"liver 55%, heart 27%","<long> 32%, liver 26%",0.6158,0.244,0.89
r8s_0072_unit_of_volume,"Suggest a type of unit of volume. Reply with only the name, nothing else.",0.6611,<long> -> bench,0.575,liter -> real,0.5359,liter -> bench,60,61,0.0,0.322,0.193,60,90,22,0.0,0.16,7.8,liter,0.9,3,1.48,4.64,0.653,"liter 62%, litre 12%","liter 47%, <long> 32%",0.6508,0.237,0.941
r8s_0031_unit_of_length,"Suggest a type of unit of length. Reply with only the name, nothing else.",0.6611,<long> -> bench,0.6111,meter -> real,0.5328,byte -> bench,60,61,0.0,0.322,0.193,60,90,20,0.0,0.173,7.7,meter,0.95,2,1.22,4.05,0.702,"meter 70%, millimeter 7%","meter 48%, <long> 32%",0.6128,0.322,0.899
r8s_0082_fossil_fuel,"Suggest a type of fossil fuel. Reply with only the name, nothing else.",0.6611,<long> -> bench,0.6417,coal -> real,0.5337,natural gas -> real,60,61,0.0,0.322,0.193,60,90,14,0.0,0.173,8.0,coal,0.9,3,1.48,2.83,0.76,"coal 78%, natural gas 12%","coal 50%, <long> 32%",0.6453,0.226,0.866
r8_0616_career,"Name a career. Reply with only the name, nothing else.",0.6611,<long> -> bench,0.55,software engineer -> bench,0.6213,software engineer -> bench,60,61,0.0,0.322,0.193,60,90,42,0.0,0.187,8.5,doctor,0.45,3,2.58,15.31,0.322,"software engineer 20%, doctor 12%","<long> 32%, software engineer 30%",0.6319,0.411,0.855
r8_1447_family_relationship,"Name a family relationship. Reply with only the name, nothing else.",0.6611,<long> -> bench,0.5722,mother -> real,0.559,mother -> real,60,61,0.0,0.322,0.193,60,90,22,0.0,0.167,7.9,sister,0.4,5,4.02,10.23,0.264,"sister 27%, mother 20%","<long> 32%, sister 18%",0.5922,0.254,0.881
r8_0486_peninsula,"Name a peninsula. Reply with only the name, nothing else.",0.6611,<long> -> bench,0.5361,korea -> real,0.5335,korea -> real,60,61,0.0,0.322,0.193,60,90,60,0.0,0.153,8.4,kamchatka,0.2,11,9.33,38.48,0.116,"cape cod 13%, korea 8%","<long> 32%, florida 8%",0.6372,0.329,0.997
r8_0198_academic_field,"Name an academic field. Reply with only the name, nothing else.",0.6611,<long> -> bench,0.6194,physics -> bench,0.6881,physics -> bench,60,61,0.0,0.322,0.193,60,90,32,0.0,0.187,8.5,biology,0.3,9,7.01,15.1,0.24,"biology 17%, psychology 12%","<long> 32%, physics 29%",0.625,0.32,1.064
r8_0151_flower,"Name a flower. Reply with only the name, nothing else.",0.6611,rose -> real,0.6611,rose -> real,0.5861,rose -> real,60,73,0.0,0.189,0.113,60,90,6,0.0,0.107,5.5,rose,1.0,1,1.0,1.7,0.872,"rose 97%, roses 3%","rose 64%, <long> 19%",0.6319,0.128,0.755
r8_0174_actress,"Name a type of actress. Reply with only the name, nothing else.",0.6611,<long> -> bench,0.5417,method -> real,0.5489,comedy -> bench,60,61,0.0,0.322,0.193,60,90,54,0.0,0.173,8.8,comedian,0.15,14,12.52,26.77,0.174,"actress 18%, comedian 13%","<long> 32%, actress 11%",0.605,0.346,0.838
r8s_0292_public_building,"Suggest a type of public building. Reply with only the name, nothing else.",0.6611,<long> -> bench,0.5472,library -> real,0.5769,library -> bench,60,61,0.0,0.322,0.193,60,90,27,0.0,0.187,8.0,library,0.95,2,1.22,4.51,0.694,"library 62%, city hall 7%","library 52%, <long> 32%",0.6106,0.257,1.039
r8_0942_waterway,"Name a waterway. Reply with only the name, nothing else.",0.6611,<long> -> bench,0.5333,mississippi -> real,0.5724,amazon -> bench,60,61,0.0,0.322,0.193,60,90,34,0.0,0.187,8.8,mississippi river,0.3,8,6.26,12.83,0.24,"mississippi 20%, amazon 17%","<long> 32%, amazon 21%",0.6119,0.321,1.01
r8_1445_mountain_formation,"Name a mountain formation. Reply with only the name, nothing else.",0.6611,<long> -> bench,0.5667,matterhorn -> real,0.5508,matterhorn -> real,60,61,0.0,0.322,0.193,60,90,46,0.0,0.173,8.8,mount everest,0.2,9,7.91,20.63,0.264,"mount everest 27%, matterhorn 20%","<long> 32%, mount everest 18%",0.6086,0.4,0.993
r8s_1322_part_of_a_song,"Suggest a type of part of a song. Reply with only the name, nothing else.",0.6611,<long> -> bench,0.6028,chorus -> real,0.5553,verse -> bench,60,61,0.0,0.322,0.193,60,90,22,0.0,0.193,8.2,chorus,0.75,3,1.99,5.9,0.364,"chorus 42%, verse 25%","<long> 32%, verse 24%",0.6303,0.218,0.989
r8s_0272_electronic_device,"Suggest a type of electronic device. Reply with only the name, nothing else.",0.6611,<long> -> bench,0.5806,smartwatch -> real,0.5515,smartwatch -> real,60,61,0.0,0.322,0.193,60,90,39,0.0,0.187,8.6,smartphone,0.8,4,2.03,11.89,0.355,"smartphone 35%, smartwatch 28%","<long> 32%, smartphone 24%",0.6586,0.34,0.794
r8s_1356_neighborhood_feature,"Suggest a type of neighborhood feature. Reply with only the name, nothing else.",0.6611,<long> -> bench,0.6028,community garden -> real,0.5922,community garden -> real,60,61,0.0,0.322,0.193,60,90,79,0.0,0.16,8.5,community garden,0.95,2,1.22,50.12,0.157,"community garden 25%, greenway 7%","<long> 32%, parks 8%",0.6283,0.473,1.343
r8s_1398_timepiece,"Suggest a type of timepiece. Reply with only the name, nothing else.",0.6611,<long> -> bench,0.5722,smartwatch -> real,0.5732,wristwatch -> bench,60,61,0.0,0.322,0.193,60,90,49,0.0,0.193,9.0,smartwatch,0.75,4,2.28,21.55,0.264,"smartwatch 30%, mechanical watch 8%","<long> 32%, smartwatch 16%",0.5981,0.455,0.931
r8s_1295_theater,"Suggest a type of theater. Reply with only the name, nothing else.",0.6611,<long> -> bench,0.5639,immersive theater -> real,0.5817,shakespearean -> bench,60,61,0.0,0.322,0.193,60,90,57,0.0,0.193,9.1,shakespearean,0.2,12,10.44,35.17,0.116,"immersive theater 15%, comedy 13%","<long> 32%, shakespearean 13%",0.6194,0.418,0.795
r8_0156_singer,"Name a singer. Reply with only the name, nothing else.",0.6611,<long> -> bench,0.6194,taylor swift -> real,0.5807,beyoncé -> bench,60,61,0.0,0.322,0.193,60,90,33,0.0,0.173,8.8,taylor swift,0.55,6,3.78,11.23,0.339,"taylor swift 42%, beyoncé 15%","<long> 32%, beyoncé 21%",0.6372,0.359,0.859
r8s_1927_fruit_tree_blossom,"Suggest a type of fruit tree blossom. Reply with only the name, nothing else.",0.6611,<long> -> bench,0.5528,cherry blossom -> real,0.5874,apple -> bench,60,61,0.0,0.322,0.193,60,90,19,0.0,0.187,8.4,apple,0.4,7,4.75,5.37,0.421,"apple 33%, cherry 32%","apple 34%, <long> 32%",0.6147,0.269,1.102
r8s_1944_swimsuit,"Suggest a type of swimsuit. Reply with only the name, nothing else.",0.6611,<long> -> bench,0.6111,bikini -> real,0.5292,bikini -> real,60,61,0.0,0.322,0.193,60,90,16,0.0,0.193,9.3,bikini,0.5,4,2.75,4.22,0.537,"bikini 57%, one-piece 30%","bikini 34%, <long> 32%",0.6356,0.154,1.085
r8s_0218_mountain,"Suggest a type of mountain. Reply with only the name, nothing else.",0.6583,<long> -> bench,0.5639,volcanic -> real,0.5516,volcanic -> real,59,60,0.017,0.333,0.207,60,90,49,0.0,0.2,9.6,volcano,0.3,9,6.37,22.35,0.235,"stratovolcano 20%, volcanic 18%","<long> 33%, stratovolcano 18%",0.6039,0.389,0.955
r8s_0342_plant_part,"Suggest a type of plant part. Reply with only the name, nothing else.",0.6583,<long> -> bench,0.5639,leaf -> real,0.537,leaf -> bench,59,60,0.017,0.333,0.207,60,90,22,0.0,0.193,8.3,leaf,0.65,3,2.36,5.04,0.597,"leaf 55%, flower 17%","leaf 42%, <long> 33%",0.6144,0.283,0.887
r8_0914_mean_of_exercise,"Name a mean of exercise. Reply with only the name, nothing else.",0.6583,<long> -> bench,0.5333,plank -> real,0.539,running -> bench,59,60,0.017,0.333,0.207,60,90,52,0.0,0.193,8.6,running,0.9,2,1.38,19.18,0.361,"running 32%, swimming 10%","<long> 33%, running 27%",0.5992,0.513,1.057
r8_0877_protein_type,"Name a protein type. Reply with only the name, nothing else.",0.6583,<long> -> bench,0.5556,enzyme -> real,0.5657,collagen -> bench,59,60,0.017,0.333,0.207,60,90,36,0.0,0.193,9.0,keratin,0.4,9,6.43,16.43,0.21,"enzyme 23%, collagen 12%","<long> 33%, collagen 17%",0.6108,0.307,0.935
r8s_1329_legume_pod,"Suggest a type of legume pod. Reply with only the name, nothing else.",0.6583,<long> -> bench,0.5444,bean -> bench,0.5828,bean -> bench,59,60,0.017,0.333,0.207,60,90,41,0.0,0.2,8.8,pea,0.45,9,5.89,13.29,0.395,"pea 32%, fava 8%","<long> 33%, pea 31%",0.6247,0.367,1.047
r8_1480_drift,"Name a drift. Reply with only the name, nothing else.",0.6583,drift -> real,0.6583,drift -> real,0.6538,drift -> real,59,62,0.017,0.311,0.193,60,90,99,0.0,0.18,8.9,drift,0.15,18,16.96,64.42,0.198,"drift 35%, manifest-drift 2%","<long> 31%, drift 3%",0.6081,0.591,0.754
r8s_1235_prehistoric_mammal,"Suggest a type of prehistoric mammal. Reply with only the name, nothing else.",0.6583,<long> -> bench,0.5444,smilodon -> real,0.5425,smilodon -> real,59,60,0.017,0.333,0.207,60,90,62,0.0,0.193,10.0,mastodon,0.25,11,8.82,43.57,0.084,"smilodon 10%, entelodont 8%","<long> 33%, morganucodon 6%",0.6,0.441,1.008
r8s_0590_gulf,"Suggest a type of gulf. Reply with only the name, nothing else.",0.6583,<long> -> bench,0.5639,persian gulf -> real,0.5825,gulf of mexico -> bench,59,60,0.017,0.333,0.207,60,90,70,0.0,0.187,9.6,persian gulf,0.25,14,11.34,37.89,0.185,"persian gulf 18%, gulf of mexico 10%","<long> 33%, gulf of mexico 18%",0.6233,0.507,0.618
r8_0614_election_feature,"Name a type of election feature. Reply with only the name, nothing else.",0.6583,<long> -> bench,0.55,ranked-choice voting -> real,0.5508,ranked-choice voting -> real,59,60,0.017,0.333,0.207,60,90,62,0.0,0.193,9.0,primary,0.25,9,6.78,36.96,0.126,"primary 13%, ranked choice voting 13%","<long> 33%, primary 8%",0.6264,0.43,0.847
r8s_0751_tap_dance_step,"Suggest a type of tap dance step. Reply with only the name, nothing else.",0.6583,<long> -> bench,0.5556,shuffle -> real,0.5511,shuffle -> real,59,60,0.017,0.333,0.207,60,90,80,0.0,0.167,8.9,shuffle,0.15,16,14.38,55.23,0.101,"shuffle 13%, flap 8%","<long> 33%, flap 8%",0.6097,0.456,0.899
r8_0593_yarn,"Name a yarn. Reply with only the name, nothing else.",0.6583,<long> -> bench,0.5861,yarn -> real,0.5688,yarn -> real,59,60,0.017,0.333,0.207,60,90,54,0.0,0.187,8.7,merino,0.7,4,2.39,19.4,0.303,"merino 27%, yarn 25%","<long> 33%, merino 22%",0.6039,0.524,0.607
r8_0587_leaf,"Name a leaf. Reply with only the name, nothing else.",0.6583,<long> -> bench,0.5417,maple -> real,0.5493,olive -> bench,59,60,0.017,0.333,0.207,60,90,67,0.0,0.193,9.0,oak,0.4,6,4.67,34.12,0.21,"oak 18%, maple 8%","<long> 33%, oak 16%",0.6197,0.48,0.622
r8_1280_yeti,"Name a yeti. Reply with only the name, nothing else.",0.6583,<long> -> bench,0.5556,yeti -> bench,0.5994,yeti -> bench,59,60,0.017,0.333,0.207,60,90,81,0.0,0.187,9.0,sasquatch,0.15,15,13.78,51.18,0.168,"yoda 10%, yeti 7%","<long> 33%, yeti 18%",0.6175,0.358,0.747
r8_0557_lipid,"Name a lipid. Reply with only the name, nothing else.",0.6583,cholesterol -> real,0.6583,cholesterol -> real,0.5524,cholesterol -> real,59,62,0.017,0.311,0.193,60,90,11,0.0,0.173,9.0,cholesterol,0.9,2,1.38,2.49,0.777,"cholesterol 82%, phosphatidylcholine 7%","cholesterol 50%, <long> 31%",0.6678,0.165,1.112
r8s_0822_troll,"Suggest a type of troll. Reply with only the name, nothing else.",0.6583,<long> -> bench,0.5083,ratio troll -> real,0.5085,self-preserving troll -> real,59,60,0.017,0.333,0.207,60,90,119,0.0,0.18,9.2,ice troll,0.1,17,16.25,117.62,0.017,"antivirus 2%, dog 2%","<long> 33%, titan 1%",0.6075,0.737,0.889
r8s_0603_eclipse_type,"Suggest an eclipse type. Reply with only the name, nothing else.",0.6583,<long> -> bench,0.5167,solar eclipse -> bench,0.525,solar eclipse -> bench,59,60,0.017,0.333,0.207,60,90,87,0.0,0.193,8.9,solar eclipse,0.3,6,4.83,61.84,0.126,"annular 12%, total 5%","<long> 33%, annular 9%",0.6303,0.507,0.701
r8_0666_lantern,"Name a lantern. Reply with only the name, nothing else.",0.6583,<long> -> bench,0.5333,lantern -> real,0.5415,jack-o-lantern -> bench,59,60,0.017,0.333,0.207,60,90,67,0.0,0.2,9.5,paper lantern,0.25,9,6.78,30.33,0.286,"lantern 27%, paper lantern 3%","<long> 33%, lantern 20%",0.6094,0.456,0.806
r8_1939_heating_device,"Name a heating device. Reply with only the name, nothing else.",0.6583,<long> -> bench,0.5694,space heater -> real,0.5833,toaster -> bench,59,60,0.017,0.333,0.207,60,90,35,0.0,0.193,9.2,space heater,0.45,7,4.99,16.81,0.176,"space heater 22%, radiator 22%","<long> 33%, toaster 11%",0.6186,0.285,1.055
r8s_0581_island,"Suggest a type of island. Reply with only the name, nothing else.",0.6583,<long> -> bench,0.5611,volcano -> bench,0.6078,volcano -> bench,59,60,0.017,0.333,0.207,60,90,65,0.0,0.2,9.2,volcanic,0.35,14,10.12,31.64,0.193,"volcanic 22%, volcano 7%","<long> 33%, volcano 19%",0.6239,0.485,0.731
r8s_0776_cymbal,"Suggest a type of cymbal. Reply with only the name, nothing else.",0.6583,<long> -> bench,0.5667,ride -> real,0.5665,crash -> bench,59,60,0.017,0.333,0.207,60,90,56,0.0,0.187,9.1,ride,0.3,10,7.84,29.35,0.193,"ride 23%, china 15%","<long> 33%, crash 10%",0.6236,0.362,0.929
r8_0370_razor,"Name a razor. Reply with only the name, nothing else.",0.6583,<long> -> bench,0.5528,gillette fusion -> real,0.551,gillette fusion -> real,59,60,0.017,0.333,0.207,60,90,67,0.0,0.18,8.9,gillette,0.55,7,4.05,29.98,0.218,"gillette 18%, razor 13%","<long> 33%, gillette 17%",0.6064,0.462,0.741
r8_1067_backpack,"Name a backpack. Reply with only the name, nothing else.",0.6583,<long> -> bench,0.525,backpack -> bench,0.5415,backpack -> bench,59,60,0.017,0.333,0.207,60,90,68,0.0,0.2,9.7,osprey,0.6,7,3.82,29.1,0.328,"osprey 28%, tortoise 3%","<long> 33%, osprey 24%",0.6131,0.325,0.88
r8_0381_planet_type,"Name a planet type. Reply with only the name, nothing else.",0.6583,<long> -> bench,0.5583,super-earth -> real,0.5547,gas giant -> bench,59,60,0.017,0.333,0.207,60,90,29,0.0,0.167,8.7,gas giant,0.75,5,2.45,7.38,0.496,"gas giant 43%, super-earth 18%","gas giant 37%, <long> 33%",0.6061,0.33,1.055
r8_1618_horror_author,"Name a horror author. Reply with only the name, nothing else.",0.6583,stephen king -> real,0.6583,stephen king -> real,0.5833,stephen king -> real,60,72,0.0,0.2,0.12,60,90,13,0.0,0.107,6.6,stephen king,0.85,2,1.53,2.22,0.826,"stephen king 92%, h.p. lovecraft 3%","stephen king 60%, <long> 20%",0.6583,0.149,0.928
r8_1426_eyeshadow,"Name an eyeshadow. Reply with only the name, nothing else.",0.6583,<long> -> bench,0.5361,naked -> real,0.534,naked -> real,59,60,0.017,0.333,0.207,60,90,84,0.0,0.167,9.0,nude,0.15,16,14.77,66.9,0.05,"naked 8%, nude 7%","<long> 33%, rouge 6%",0.5997,0.413,0.905
r8_1410_region,"Name a region. Reply with only the name, nothing else.",0.6583,<long> -> bench,0.5444,north america -> real,0.5439,north america -> real,57,57,0.05,0.367,0.24,60,90,68,0.0,0.22,9.7,europe,0.4,8,5.74,39.55,0.175,"asia 13%, north america 10%","<long> 37%, asia 13%",0.6147,0.441,0.751
r8_1632_track_event,"Name a track event. Reply with only the name, nothing else.",0.6583,<long> -> bench,0.5861,100 meters -> real,0.5743,100m -> bench,59,60,0.017,0.333,0.207,60,90,69,0.0,0.2,10.2,100 meters,0.75,6,2.62,32.16,0.227,"100 meters 28%, 100m 8%","<long> 33%, 100m 16%",0.63,0.368,0.707
r8_0845_reflective,"Name a reflective. Reply with only the name, nothing else.",0.6583,<long> -> bench,0.5917,mirror -> bench,0.6491,mirror -> bench,57,57,0.05,0.367,0.24,60,90,66,0.0,0.187,8.9,mirror,0.45,11,6.94,36.31,0.167,"reflection 20%, reflective 15%","<long> 37%, mirror 20%",0.6331,0.505,0.978
r8_0829_pasta_dish,"Name a pasta dish. Reply with only the name, nothing else.",0.6583,spaghetti carbonara -> real,0.6583,spaghetti carbonara -> real,0.6555,spaghetti carbonara -> real,60,77,0.0,0.144,0.087,60,90,39,0.0,0.073,6.3,spaghetti carbonara,0.5,7,4.67,18.31,0.175,"spaghetti carbonara 35%, carbonara 20%","spaghetti 17%, <long> 14%",0.6192,0.198,0.858
r8_1035_cocoa,"Name a cocoa. Reply with only the name, nothing else.",0.6583,<long> -> bench,0.5444,cocoa -> real,0.5497,forastero -> bench,59,60,0.017,0.333,0.207,60,90,82,0.0,0.18,9.0,cocoa,0.15,16,14.77,54.85,0.143,"cocoa 17%, forastero 3%","<long> 33%, forastero 9%",0.6472,0.47,0.917
r8_0926_body_system,"Name a body system. Reply with only the name, nothing else.",0.6583,<long> -> bench,0.575,digestive system -> real,0.5682,digestive system -> real,59,60,0.017,0.333,0.207,60,90,46,0.0,0.173,9.6,circulatory,0.4,7,5.07,22.66,0.176,"digestive system 18%, circulatory system 15%","<long> 33%, circulatory system 13%",0.6108,0.411,0.787
r8_1842_size,"Name a size. Reply with only the name, nothing else.",0.6583,<long> -> bench,0.5528,small -> real,0.5349,small -> real,59,60,0.017,0.333,0.207,60,90,54,0.0,0.193,8.4,medium,0.5,7,4.23,22.95,0.202,"small 18%, large 17%","<long> 33%, large 16%",0.6025,0.439,0.789
r8s_1536_bolt,"Suggest a type of bolt. Reply with only the name, nothing else.",0.6583,<long> -> bench,0.5528,hex bolt -> real,0.5579,carriage bolt -> bench,59,60,0.017,0.333,0.207,60,90,65,0.0,0.193,9.0,hex bolt,0.55,7,4.05,34.5,0.193,"hex bolt 22%, bolt 10%","<long> 33%, carriage bolt 11%",0.6111,0.441,0.687
r8s_0471_tooth,"Suggest a type of tooth. Reply with only the name, nothing else.",0.6583,<long> -> bench,0.5639,incisor -> real,0.587,molar -> bench,59,60,0.017,0.333,0.207,60,90,22,0.0,0.187,8.9,molar,0.7,3,2.11,4.54,0.647,"molar 55%, incisor 15%","molar 49%, <long> 33%",0.6244,0.297,0.777
r8_0782_trade,"Name a trade. Reply with only the name, nothing else.",0.6583,<long> -> bench,0.5444,plumber -> real,0.5425,plumber -> real,59,60,0.017,0.333,0.207,60,90,87,0.0,0.173,8.8,baker,0.35,9,6.79,62.06,0.126,"baker 15%, plumber 10%","<long> 33%, baker 7%",0.6019,0.561,0.642
r8_1345_pollutant,"Name a pollutant. Reply with only the name, nothing else.",0.6583,<long> -> bench,0.5722,carbon dioxide -> real,0.5332,carbon -> bench,59,60,0.017,0.333,0.207,60,90,30,0.0,0.193,9.1,carbon dioxide,0.7,4,2.49,9.78,0.395,"carbon dioxide 40%, carbon monoxide 20%","<long> 33%, carbon dioxide 26%",0.6267,0.217,1.0
r8_1735_circus_act,"Name a circus act. Reply with only the name, nothing else.",0.6583,<long> -> bench,0.525,tightrope walking -> bench,0.5415,tightrope walking -> bench,59,60,0.017,0.333,0.207,60,90,81,0.0,0.187,10.0,high wire,0.1,18,17.41,58.66,0.101,"acrobats 8%, trapeze 7%","<long> 33%, acrobats 8%",0.6058,0.469,1.073
r8s_0107_jam,"Suggest a type of jam. Reply with only the name, nothing else.",0.6583,<long> -> bench,0.5694,strawberry -> bench,0.6404,strawberry -> bench,59,60,0.017,0.333,0.207,60,90,60,0.0,0.18,9.3,strawberry,0.45,4,3.33,26.14,0.294,"strawberry 15%, blackberry 12%","<long> 33%, strawberry 29%",0.6017,0.345,1.076
r8s_0810_pajama,"Suggest a type of pajama. Reply with only the name, nothing else.",0.6583,<long> -> bench,0.55,flannel -> real,0.525,sleepwear -> bench,59,60,0.017,0.333,0.207,60,90,56,0.0,0.187,9.2,silk,0.35,12,8.58,27.46,0.218,"flannel 23%, silk 13%","<long> 33%, flannel 13%",0.6017,0.407,1.054
r8_1691_alcohol,"Name an alcohol. Reply with only the name, nothing else.",0.6583,ethanol -> bench,0.6583,ethanol -> bench,0.7119,ethanol -> bench,60,71,0.0,0.211,0.127,60,90,22,0.0,0.127,6.8,ethanol,1.0,1,1.0,7.01,0.321,"vodka 42%, whiskey 23%","ethanol 40%, <long> 21%",0.6783,0.201,1.154
r8_0154_art_supply,"Name an art supply. Reply with only the name, nothing else.",0.6583,<long> -> bench,0.5722,paint -> bench,0.6164,paint -> bench,59,60,0.017,0.333,0.207,60,90,28,0.0,0.2,9.0,paint,0.25,7,6.16,15.21,0.151,"acrylic 17%, acrylic paint 12%","<long> 33%, paint 18%",0.6061,0.329,1.006
r8s_1985_historical_place,"Suggest a type of historical place. Reply with only the name, nothing else.",0.6583,<long> -> bench,0.5472,ancient ruin -> bench,0.5749,ancient ruin -> bench,59,60,0.017,0.333,0.207,60,90,66,0.0,0.187,9.3,ancient ruins,0.25,12,9.87,44.54,0.092,"ancient ruins 12%, monastery 7%","<long> 33%, ancient ruin 11%",0.6128,0.409,0.715
r8s_1958_kitsune,"Suggest a type of kitsune. Reply with only the name, nothing else.",0.6583,<long> -> bench,0.5333,kitsune no yomeiri -> real,0.5339,kitsune no yomeiri -> real,59,60,0.017,0.333,0.207,60,90,96,0.0,0.2,10.0,ami,0.05,20,20.0,74.1,0.092,"kitsune 7%, inari 7%","<long> 33%, inari 8%",0.6344,0.556,0.784
r8_0522_syrup,"Name a syrup. Reply with only the name, nothing else.",0.6583,maple -> real,0.6583,maple -> real,0.6263,maple -> real,60,65,0.0,0.278,0.167,60,90,57,0.0,0.153,8.0,maple,0.4,5,3.54,20.28,0.352,"maple 48%, honey 7%","<long> 28%, maple 17%",0.6981,0.358,0.795
r8_1780_exam_type,"Name an exam type. Reply with only the name, nothing else.",0.6583,<long> -> bench,0.6083,multiple choice -> real,0.6102,multiple choice -> real,59,60,0.017,0.333,0.207,60,90,77,0.0,0.187,8.7,multiple-choice exam,0.2,11,9.49,55.42,0.109,"multiple choice 22%, multiple choice question 7%","<long> 33%, mcq 7%",0.6881,0.45,1.048
r8_0221_ocean_current,"Name an ocean current. Reply with only the name, nothing else.",0.6583,<long> -> bench,0.6583,gulf stream -> real,0.5242,gulf stream -> real,59,60,0.017,0.333,0.207,60,90,11,0.0,0.173,9.3,gulf stream,1.0,1,1.0,1.83,0.874,"gulf stream 88%, agulhas 5%","gulf stream 57%, <long> 33%",0.6394,0.143,0.876
r8s_0070_building_material,"Suggest a type of building material. Reply with only the name, nothing else.",0.6583,<long> -> bench,0.65,concrete -> real,0.5881,concrete -> real,59,60,0.017,0.333,0.207,60,90,25,0.0,0.187,8.7,concrete,0.6,6,3.56,7.84,0.487,"concrete 57%, reinforced concrete 8%","<long> 33%, concrete 27%",0.6044,0.177,0.939
r8_1242_transistor,"Name a transistor. Reply with only the name, nothing else.",0.6583,<long> -> bench,0.6139,bjt -> real,0.5944,bjt -> real,59,60,0.017,0.333,0.207,60,90,28,0.0,0.207,10.2,bipolar junction transistor,0.55,6,3.58,10.22,0.227,"bjt 32%, mosfet 22%","<long> 33%, bipolar junction transistor 20%",0.6089,0.241,0.961
r8_0331_vine,"Name a vine. Reply with only the name, nothing else.",0.6583,<long> -> bench,0.5333,grapevine -> bench,0.55,grapevine -> bench,59,60,0.017,0.333,0.207,60,90,84,0.0,0.193,8.9,grape,0.45,6,4.33,61.44,0.092,"merlot 8%, vine 7%","<long> 33%, merlot 7%",0.6308,0.455,0.64
r8s_0869_airport,"Suggest a type of airport. Reply with only the name, nothing else.",0.6583,<long> -> bench,0.5417,international -> real,0.5542,international -> bench,59,60,0.017,0.333,0.207,60,90,34,0.0,0.193,8.6,international airport,0.7,5,2.74,8.0,0.546,"international 48%, international airport 10%","international 40%, <long> 33%",0.6208,0.269,0.883
r8_1746_zoo_exhibit,"Name a zoo exhibit. Reply with only the name, nothing else.",0.6583,<long> -> bench,0.5194,penguin -> real,0.525,giraffe -> bench,59,60,0.017,0.333,0.207,60,90,102,0.0,0.187,9.6,penguin parade,0.1,19,18.66,91.9,0.042,"penguin 5%, elephant 3%","<long> 33%, elephant 3%",0.5889,0.368,0.894
r8_1896_microphone,"Name a microphone. Reply with only the name, nothing else.",0.6583,<long> -> bench,0.6167,shure sm7b -> real,0.6244,shure sm58 -> bench,59,60,0.017,0.333,0.207,60,90,44,0.0,0.173,9.8,shure sm7b,0.4,5,3.74,17.19,0.244,"shure sm7b 33%, shure 10%","<long> 33%, shure sm58 21%",0.6136,0.294,0.944
r8_1182_writing_method,"Name a writing method. Reply with only the name, nothing else.",0.6583,<long> -> bench,0.5333,mind mapping -> real,0.5398,stream of consciousness -> bench,59,60,0.017,0.333,0.207,60,90,69,0.0,0.2,9.4,stream of consciousness,0.4,9,6.26,35.72,0.261,"stream of consciousness 22%, mind mapping 7%","<long> 33%, stream of consciousness 20%",0.6153,0.518,0.68
r8s_1493_publication,"Suggest a type of publication. Reply with only the name, nothing else.",0.6583,<long> -> bench,0.5778,journal article -> bench,0.6247,journal article -> bench,59,60,0.017,0.333,0.207,60,90,58,0.0,0.193,8.9,journal,0.5,4,3.39,30.78,0.16,"magazine 13%, journal 12%","<long> 33%, journal article 19%",0.6522,0.407,0.806
r8_0023_accessory,"Name an accessory. Reply with only the name, nothing else.",0.6583,<long> -> bench,0.5167,reading glasses -> real,0.5328,watch -> bench,59,60,0.017,0.333,0.207,60,90,79,0.0,0.187,9.0,watch,0.35,5,4.22,50.85,0.109,"sunglasses 10%, watch 7%","<long> 33%, watch 9%",0.6256,0.526,0.618
r8s_0780_tie,"Suggest a type of tie. Reply with only the name, nothing else.",0.6583,<long> -> bench,0.5333,navy blue -> real,0.5339,navy blue -> real,59,60,0.017,0.333,0.207,60,90,95,0.0,0.193,9.0,necktie,0.25,10,8.02,81.67,0.05,"silk 7%, navy blue 7%","<long> 33%, cowboy 3%",0.6033,0.551,0.761
r8_0386_wizard,"Name a wizard. Reply with only the name, nothing else.",0.6583,<long> -> bench,0.5306,merlin -> real,0.5468,merlin -> bench,59,60,0.017,0.333,0.207,60,90,51,0.0,0.2,9.3,merlin,0.55,7,4.23,14.9,0.437,"merlin 38%, albus dumbledore 10%","<long> 33%, merlin 32%",0.6133,0.34,0.858
r8s_1577_speed,"Suggest a type of speed. Reply with only the name, nothing else.",0.6583,<long> -> bench,0.5194,moderate -> real,0.5171,moderate -> real,59,60,0.017,0.333,0.207,60,90,94,0.0,0.2,8.8,mach,0.2,15,13.2,82.03,0.042,"fast 5%, moderate 5%","<long> 33%, cruising 3%",0.6156,0.666,0.78
r8_1284_place_to_visit,"Name a place to visit. Reply with only the name, nothing else.",0.6583,<long> -> bench,0.5389,kyoto -> real,0.5167,great wall -> bench,59,60,0.017,0.333,0.207,60,90,61,0.0,0.187,9.0,kyoto,0.55,7,4.23,28.38,0.202,"kyoto 20%, paris 18%","<long> 33%, paris 14%",0.6119,0.348,0.754
r8_0490_hormone,"Name a hormone. Reply with only the name, nothing else.",0.6583,insulin -> real,0.6583,insulin -> real,0.5429,insulin -> real,60,65,0.0,0.278,0.167,60,90,11,0.0,0.153,7.8,insulin,1.0,1,1.0,1.91,0.872,"insulin 92%, oxytocin 3%","insulin 60%, <long> 28%",0.6458,0.211,1.102
r8_1657_conference,"Name a conference. Reply with only the name, nothing else.",0.6583,neurips -> bench,0.6583,neurips -> bench,0.7487,neurips -> bench,57,60,0.05,0.333,0.22,60,90,65,0.0,0.193,9.7,neurips,0.55,10,5.35,29.45,0.308,"techcrunch disrupt 8%, ted 8%","neurips 37%, <long> 33%",0.68,0.432,1.332
r8s_1030_fashion_accessory,"Suggest a type of fashion accessory. Reply with only the name, nothing else.",0.6556,<long> -> bench,0.5389,sunglasses -> real,0.5761,scarf -> bench,60,62,0.0,0.311,0.187,60,90,50,0.0,0.167,8.6,scarf,0.55,9,4.99,19.79,0.361,"scarf 28%, sunglasses 10%","<long> 31%, scarf 30%",0.5931,0.428,1.016
r8_1637_easel,"Name an easel. Reply with only the name, nothing else.",0.6556,<long> -> bench,0.5278,easel -> real,0.5254,canvas -> bench,58,59,0.033,0.344,0.22,60,90,86,0.0,0.193,9.5,easel,0.2,17,15.16,53.26,0.214,"easel 20%, <long> 3%","<long> 34%, easel 14%",0.6392,0.459,0.788
r8_1679_heater_type,"Name a heater type. Reply with only the name, nothing else.",0.6556,<long> -> bench,0.5806,radiant -> real,0.5715,radiant heater -> bench,60,62,0.0,0.311,0.187,60,90,57,0.0,0.167,8.5,radiant heater,0.3,13,10.17,29.58,0.189,"radiant 25%, radiator 8%","<long> 31%, radiant heater 14%",0.6028,0.408,0.982
r8_1604_short_story_writer,"Name a short story writer. Reply with only the name, nothing else.",0.6556,<long> -> bench,0.5778,ernest hemingway -> real,0.5785,o. henry -> bench,60,62,0.0,0.311,0.187,60,90,42,0.0,0.18,9.7,o. henry,0.75,4,2.23,18.53,0.213,"ernest hemingway 27%, o. henry 13%","<long> 31%, o. henry 20%",0.5997,0.33,0.977
r8_1589_lightning,"Name a type of lightning. Reply with only the name, nothing else.",0.6556,<long> -> bench,0.5361,fork lightning -> real,0.5559,bolt -> bench,60,62,0.0,0.311,0.187,60,90,52,0.0,0.18,8.5,ball lightning,0.3,7,5.17,29.42,0.131,"ball lightning 10%, fork lightning 8%","<long> 31%, sheet lightning 12%",0.605,0.292,0.871
r8_1434_needle,"Name a needle. Reply with only the name, nothing else.",0.6556,<long> -> bench,0.625,needle -> real,0.5723,needle -> real,60,62,0.0,0.311,0.187,60,90,68,0.0,0.173,8.8,hypodermic,0.4,10,6.89,22.67,0.41,"needle 48%, eyelash 3%","<long> 31%, needle 23%",0.6206,0.465,0.747
r8s_1821_finfish,"Suggest a type of finfish. Reply with only the name, nothing else.",0.6556,<long> -> bench,0.55,salmon -> real,0.5328,salmon -> bench,60,62,0.0,0.311,0.187,60,90,21,0.0,0.18,8.5,salmon,0.85,4,1.8,6.48,0.5,"salmon 47%, cod 13%","salmon 37%, <long> 31%",0.6069,0.314,0.914
r8_0105_fungus,"Name a type of fungus. Reply with only the name, nothing else.",0.6556,mushroom -> real,0.6556,mushroom -> real,0.5545,mushroom -> real,60,67,0.0,0.256,0.153,60,90,18,0.0,0.147,8.1,mushroom,0.9,2,1.38,2.37,0.843,"mushroom 90%, morchella 3%","mushroom 59%, <long> 26%",0.6378,0.131,0.999
r8s_2000_chisel,"Suggest a type of chisel. Reply with only the name, nothing else.",0.6556,<long> -> bench,0.5278,flat -> bench,0.5424,flat -> bench,58,59,0.033,0.344,0.22,60,90,88,0.0,0.2,9.5,flat chisel,0.25,14,11.64,68.46,0.111,"flat chisel 10%, <long> 3%","<long> 34%, flat chisel 8%",0.6244,0.516,0.748
r8s_1917_clergy,"Suggest a type of clergy. Reply with only the name, nothing else.",0.6556,<long> -> bench,0.5333,pastor -> real,0.5506,rabbi -> bench,58,59,0.033,0.344,0.22,60,90,45,0.0,0.167,9.1,priest,0.35,7,5.13,23.71,0.162,"pastor 17%, priest 13%","<long> 34%, pastor 10%",0.6081,0.401,0.875
r8_0046_bird_of_prey,"Name a bird of prey. Reply with only the name, nothing else.",0.6556,<long> -> bench,0.65,eagle -> real,0.5296,eagle -> real,60,62,0.0,0.311,0.187,60,90,15,0.0,0.16,8.1,eagle,0.95,2,1.22,2.51,0.803,"eagle 83%, hawk 8%","eagle 53%, <long> 31%",0.6508,0.16,1.245
r8s_1573_seashore_find,"Suggest a type of seashore find. Reply with only the name, nothing else.",0.6556,<long> -> bench,0.5306,sea glass -> real,0.5323,crown of thorns starfish -> bench,60,62,0.0,0.311,0.187,60,90,84,0.0,0.18,9.0,whelk,0.25,12,9.46,62.14,0.115,"ammonite 12%, sea glass 8%","<long> 31%, ammonite 8%",0.6075,0.506,1.014
r8s_0282_train_type,"Suggest a train type. Reply with only the name, nothing else.",0.6556,<long> -> bench,0.5639,bullet train -> real,0.5513,bullet train -> real,60,62,0.0,0.311,0.187,60,90,74,0.0,0.16,8.6,bullet train,0.5,6,3.69,44.37,0.139,"bullet train 18%, shinkansen 10%","<long> 31%, shinkansen 12%",0.5989,0.543,0.887
r8_0292_public_building,"Name a type of public building. Reply with only the name, nothing else.",0.6556,<long> -> bench,0.5389,courthouse -> real,0.5718,library -> bench,60,62,0.0,0.311,0.187,60,90,21,0.0,0.18,8.0,library,0.95,2,1.22,4.93,0.623,"library 55%, city hall 10%","library 48%, <long> 31%",0.6403,0.322,0.999
r8s_1395_latin_dance,"Suggest a type of latin dance. Reply with only the name, nothing else.",0.6556,salsa -> real,0.6556,salsa -> real,0.5873,salsa -> real,60,68,0.0,0.244,0.147,60,90,12,0.0,0.127,7.0,salsa,0.5,5,3.68,3.11,0.641,"salsa 73%, samba 15%","salsa 42%, <long> 24%",0.6311,0.172,0.806
r8s_0245_olive,"Suggest a type of olive. Reply with only the name, nothing else.",0.6556,<long> -> bench,0.6306,kalamata -> real,0.5202,kalamata -> real,60,62,0.0,0.311,0.187,60,90,31,0.0,0.16,8.9,kalamata,0.95,2,1.22,4.32,0.73,"kalamata 75%, manzanilla 5%","kalamata 49%, <long> 31%",0.6183,0.206,0.956
r8s_1317_sport_event,"Suggest a type of sport event. Reply with only the name, nothing else.",0.6556,<long> -> bench,0.5528,marathon -> real,0.5347,basketball -> real,60,62,0.0,0.311,0.187,60,90,42,0.0,0.153,8.2,marathon,0.4,13,8.71,16.39,0.311,"marathon 32%, basketball 15%","<long> 31%, marathon 21%",0.5969,0.305,0.975
r8s_1220_neurotransmitter,"Suggest a type of neurotransmitter. Reply with only the name, nothing else.",0.6556,<long> -> bench,0.6,serotonin -> real,0.5548,serotonin -> real,60,62,0.0,0.311,0.187,60,90,7,0.0,0.173,8.8,dopamine,0.65,2,1.91,2.49,0.598,"dopamine 57%, serotonin 40%","dopamine 43%, <long> 31%",0.6453,0.106,1.01
r8s_1886_dolphin,"Suggest a type of dolphin. Reply with only the name, nothing else.",0.6556,<long> -> bench,0.5583,bottlenose -> real,0.5255,dolphin -> real,60,62,0.0,0.311,0.187,60,90,29,0.0,0.173,9.5,bottlenose,0.5,3,2.35,9.14,0.344,"bottlenose 35%, orca 17%","<long> 31%, bottlenose 23%",0.6231,0.242,0.868
r8s_1973_galaxy_shape,"Suggest a type of galaxy shape. Reply with only the name, nothing else.",0.6556,<long> -> bench,0.6333,spiral -> real,0.528,spiral -> real,60,62,0.0,0.311,0.187,60,90,14,0.0,0.16,8.9,spiral,1.0,1,1.0,3.06,0.705,"spiral 73%, elliptical 15%","spiral 47%, <long> 31%",0.6761,0.185,0.793
r8s_0223_cloud,"Suggest a type of cloud. Reply with only the name, nothing else.",0.6556,<long> -> bench,0.5583,aws -> real,0.5874,cumulus -> bench,60,62,0.0,0.311,0.187,60,90,44,0.0,0.167,8.4,stratus,0.4,9,5.82,18.6,0.262,"aws 28%, cumulus 8%","<long> 31%, cumulus 18%",0.6169,0.298,0.537
r8_0279_wetland,"Name a wetland. Reply with only the name, nothing else.",0.6556,<long> -> bench,0.5778,everglades -> real,0.5226,everglades -> real,60,62,0.0,0.311,0.187,60,90,41,0.0,0.18,9.0,everglades,0.8,3,1.85,12.55,0.377,"everglades 40%, swamp 13%","<long> 31%, everglades 24%",0.6136,0.281,0.779
r8s_1060_mental_state,"Suggest a type of mental state. Reply with only the name, nothing else.",0.6556,flow -> real,0.6556,flow -> real,0.603,flow -> real,60,66,0.0,0.267,0.16,60,90,45,0.0,0.16,7.3,flow,0.95,2,1.22,12.02,0.492,"flow 60%, mindfulness 5%","flow 29%, <long> 27%",0.6231,0.358,0.706
r8s_0679_bird_feather_color,"Suggest a type of bird feather color. Reply with only the name, nothing else.",0.6556,<long> -> bench,0.6056,azure -> real,0.5882,blue -> bench,60,62,0.0,0.311,0.187,60,90,28,0.0,0.167,7.9,azure,0.4,6,3.79,8.43,0.459,"azure 50%, iridescent 17%","<long> 31%, azure 29%",0.6231,0.291,0.713
r8s_1414_sour_food,"Suggest a type of sour food. Reply with only the name, nothing else.",0.6556,<long> -> bench,0.5944,kimchi -> real,0.6247,lemon -> bench,60,62,0.0,0.311,0.187,60,90,52,0.0,0.167,8.5,lemon,0.95,2,1.22,16.91,0.393,"lemon 27%, kimchi 20%","lemon 36%, <long> 31%",0.6136,0.296,1.217
r8_0615_gift_wrap_pattern,"Name a gift wrap pattern. Reply with only the name, nothing else.",0.6556,<long> -> bench,0.5667,argyle -> real,0.5804,polka dots -> bench,60,62,0.0,0.311,0.187,60,90,74,0.0,0.173,8.7,argyle,0.3,13,10.17,46.65,0.148,"argyle 20%, dalmatian 8%","<long> 31%, polka dots 12%",0.6072,0.514,1.01
r8s_0755_spider,"Suggest a type of spider. Reply with only the name, nothing else.",0.6556,<long> -> bench,0.6,tarantula -> real,0.5548,tarantula -> real,60,62,0.0,0.311,0.187,60,90,32,0.0,0.173,8.7,black widow,0.65,4,2.52,8.75,0.344,"tarantula 40%, black widow 27%","<long> 31%, black widow 26%",0.6572,0.312,0.809
r8s_0799_landscape_feature,"Suggest a type of landscape feature. Reply with only the name, nothing else.",0.6556,<long> -> bench,0.575,waterfall -> real,0.5801,valley -> bench,60,62,0.0,0.311,0.187,60,90,58,0.0,0.167,8.2,cliff,0.25,11,8.6,32.54,0.115,"waterfall 18%, canyon 12%","<long> 31%, valley 13%",0.6111,0.482,1.05
r8s_0758_cup,"Suggest a type of cup. Reply with only the name, nothing else.",0.6556,<long> -> bench,0.6167,mug -> real,0.579,mug -> real,60,62,0.0,0.311,0.187,60,90,58,0.0,0.173,8.6,mug,0.9,3,1.48,23.89,0.32,"mug 40%, tumbler 10%","<long> 31%, mug 17%",0.6383,0.442,0.898
r8_0446_satellite,"Name a satellite. Reply with only the name, nothing else.",0.6556,<long> -> bench,0.5389,titan -> real,0.5419,hubble -> bench,60,62,0.0,0.311,0.187,60,90,44,0.0,0.147,8.3,hubble,0.85,4,1.8,14.0,0.443,"hubble 40%, titan 10%","hubble 33%, <long> 31%",0.5917,0.337,0.848
r8s_1784_endocrine_gland,"Suggest a type of endocrine gland. Reply with only the name, nothing else.",0.6556,<long> -> bench,0.55,adrenal -> real,0.5922,pituitary -> bench,60,62,0.0,0.311,0.187,60,90,12,0.0,0.173,9.6,thyroid,0.35,6,4.68,6.52,0.377,"pituitary 28%, pituitary gland 15%","pituitary 32%, <long> 31%",0.6067,0.325,0.958
r8s_0247_olympic_event,"Suggest a type of olympic event. Reply with only the name, nothing else.",0.6556,<long> -> bench,0.5417,swimming -> real,0.579,100m sprint -> bench,60,62,0.0,0.311,0.187,60,90,56,0.0,0.173,9.6,archery,0.3,13,10.17,29.42,0.18,"swimming 18%, 100m sprint 10%","<long> 31%, 100m sprint 18%",0.6197,0.412,0.872
r8s_1972_respiratory_part,"Suggest a type of respiratory part. Reply with only the name, nothing else.",0.6556,<long> -> bench,0.6,trachea -> real,0.5849,trachea -> real,60,62,0.0,0.311,0.187,60,90,31,0.0,0.173,9.0,alveoli,0.35,5,4.05,14.95,0.18,"trachea 27%, alveoli 15%","<long> 31%, alveoli 13%",0.605,0.174,0.841
r8s_1300_migratory_bird,"Suggest a type of migratory bird. Reply with only the name, nothing else.",0.6556,<long> -> bench,0.5861,arctic tern -> real,0.561,arctic tern -> real,60,62,0.0,0.311,0.187,60,90,53,0.0,0.167,8.9,arctic tern,0.9,3,1.48,28.7,0.221,"arctic tern 28%, swallow 10%","<long> 31%, arctic tern 11%",0.6472,0.343,1.006
r8s_1384_vegetable_seed,"Suggest a type of vegetable seed. Reply with only the name, nothing else.",0.6556,<long> -> bench,0.6389,tomato -> real,0.5484,corn -> bench,60,62,0.0,0.311,0.187,60,90,25,0.0,0.18,8.4,tomato,0.85,4,1.8,5.07,0.656,"tomato 70%, carrot 7%","tomato 42%, <long> 31%",0.6672,0.272,1.016
r8s_0062_liquid,"Suggest a type of liquid. Reply with only the name, nothing else.",0.6556,<long> -> bench,0.5889,water -> real,0.5366,water -> bench,60,62,0.0,0.311,0.187,60,90,26,0.0,0.167,7.7,water,1.0,1,1.0,3.5,0.77,"water 73%, milk 5%","water 56%, <long> 31%",0.6422,0.266,0.94
r8s_0024_school_subject,"Suggest a type of school subject. Reply with only the name, nothing else.",0.6556,<long> -> bench,0.5361,math -> bench,0.5712,math -> bench,60,62,0.0,0.311,0.187,60,90,29,0.0,0.167,8.1,history,0.4,6,4.61,11.22,0.328,"mathematics 28%, history 13%","<long> 31%, mathematics 26%",0.6092,0.173,0.963
r8s_0724_ham,"Suggest a type of ham. Reply with only the name, nothing else.",0.6556,<long> -> bench,0.5528,prosciutto -> real,0.5551,spam -> bench,60,62,0.0,0.311,0.187,60,90,62,0.0,0.16,8.5,spam,0.2,15,13.2,35.18,0.139,"prosciutto 15%, ham 8%","<long> 31%, spam 13%",0.6019,0.333,1.139
r8_1132_imp,"Name an imp. Reply with only the name, nothing else.",0.6556,<long> -> bench,0.5167,puck -> real,0.5247,imp -> bench,58,59,0.033,0.344,0.22,60,90,102,0.0,0.207,9.5,internet,0.15,16,14.77,83.91,0.111,"imp 8%, <long> 3%","<long> 34%, imp 9%",0.6172,0.671,0.527
r8s_0735_shrub,"Suggest a type of shrub. Reply with only the name, nothing else.",0.6556,<long> -> bench,0.5333,boxwood -> real,0.5478,rosemary -> bench,60,62,0.0,0.311,0.187,60,90,43,0.0,0.18,8.6,boxwood,0.6,6,3.41,18.57,0.279,"boxwood 27%, lavender 10%","<long> 31%, boxwood 20%",0.6131,0.377,0.983
r8_1183_diet,"Name a diet. Reply with only the name, nothing else.",0.6556,<long> -> bench,0.6194,keto -> real,0.5935,mediterranean -> bench,60,62,0.0,0.311,0.187,60,90,19,0.0,0.18,9.2,keto,0.65,4,2.67,6.78,0.336,"keto 42%, mediterranean 20%","<long> 31%, mediterranean 27%",0.6481,0.278,0.95
r8_1198_transformer,"Name a transformer. Reply with only the name, nothing else.",0.6556,<long> -> bench,0.5528,optimus prime -> real,0.5503,optimus prime -> real,60,62,0.0,0.311,0.187,60,90,77,0.0,0.18,8.5,transformer,0.35,12,8.58,44.05,0.205,"transformer 17%, optimus prime 12%","<long> 31%, transformer 17%",0.615,0.405,1.008
r8s_0683_loud_noise,"Suggest a type of loud noise. Reply with only the name, nothing else.",0.6556,<long> -> bench,0.6083,thunder -> real,0.5858,thunder -> real,60,62,0.0,0.311,0.187,60,90,57,0.0,0.173,8.3,siren,0.15,14,12.52,27.12,0.23,"thunder 32%, siren 10%","<long> 31%, siren 10%",0.63,0.356,0.821
r8s_0019_building,"Suggest a type of building. Reply with only the name, nothing else.",0.6556,<long> -> bench,0.6,skyscraper -> real,0.603,library -> bench,60,62,0.0,0.311,0.187,60,90,57,0.0,0.18,8.3,library,0.7,4,2.49,24.89,0.221,"skyscraper 27%, library 12%","<long> 31%, library 22%",0.6239,0.403,0.794
r8_0532_stitch,"Name a stitch. Reply with only the name, nothing else.",0.6556,<long> -> bench,0.5722,stitch -> real,0.5677,backstitch -> bench,58,59,0.033,0.344,0.22,60,90,72,0.0,0.187,9.1,backstitch,0.55,7,4.23,41.96,0.188,"stitch 23%, <long> 3%","<long> 34%, backstitch 10%",0.6308,0.528,1.055
r8_0583_protein,"Name a protein. Reply with only the name, nothing else.",0.6556,<long> -> bench,0.5667,insulin -> real,0.5473,hemoglobin -> bench,60,62,0.0,0.311,0.187,60,90,31,0.0,0.187,8.6,insulin,0.65,4,2.67,8.32,0.516,"insulin 50%, chicken 7%","insulin 37%, <long> 31%",0.6083,0.236,1.018
r8_0573_knife,"Name a knife. Reply with only the name, nothing else.",0.6556,<long> -> bench,0.5444,bowie -> real,0.5242,boker -> bench,60,62,0.0,0.311,0.187,60,90,65,0.0,0.173,8.6,bowie,0.25,12,8.94,33.0,0.262,"bowie 27%, switchblade 7%","<long> 31%, bowie 18%",0.5992,0.378,0.923
r8_1221_tire,"Name a tire. Reply with only the name, nothing else.",0.6556,<long> -> bench,0.5611,michelin -> real,0.5427,tire -> real,60,62,0.0,0.311,0.187,60,90,33,0.0,0.173,8.6,michelin,0.65,5,3.07,11.78,0.361,"michelin 37%, tire 15%","<long> 31%, michelin 24%",0.6028,0.33,0.925
r8_0506_animal_group,"Name an animal group. Reply with only the name, nothing else.",0.6556,<long> -> bench,0.55,cetaceans -> real,0.5978,mammals -> bench,60,62,0.0,0.311,0.187,60,90,37,0.0,0.18,9.0,mammals,0.95,2,1.22,8.95,0.533,"mammals 43%, cetaceans 13%","mammals 43%, <long> 31%",0.6003,0.293,1.136
r8_0563_biome,"Name a biome. Reply with only the name, nothing else.",0.6556,<long> -> bench,0.5667,tundra -> real,0.5261,taiga -> real,60,62,0.0,0.311,0.187,60,90,55,0.0,0.187,8.8,tundra,0.7,6,2.94,22.14,0.311,"tundra 33%, taiga 12%","<long> 31%, tundra 20%",0.5967,0.303,0.854
r8_0239_measurement,"Name a type of measurement. Reply with only the name, nothing else.",0.6556,<long> -> bench,0.575,meter -> real,0.6263,length -> bench,60,62,0.0,0.311,0.187,60,90,52,0.0,0.153,7.5,length,0.9,3,1.48,22.1,0.295,"length 17%, meter 15%","<long> 31%, length 29%",0.6069,0.445,0.935
r8s_1389_type_of_meteorological,"Suggest a type of type of meteorological event. Reply with only the name, nothing else.",0.6556,<long> -> bench,0.5528,tornado -> real,0.5524,thunderstorm -> bench,60,62,0.0,0.311,0.187,60,90,29,0.0,0.173,8.2,thunderstorm,0.65,2,1.91,9.34,0.311,"tornado 32%, thunderstorm 25%","<long> 31%, thunderstorm 24%",0.6003,0.355,0.963
r8s_0524_kitchen_utensil,"Suggest a type of kitchen utensil. Reply with only the name, nothing else.",0.6556,<long> -> bench,0.55,slotted spoon -> real,0.6298,spatula -> bench,60,62,0.0,0.311,0.187,60,90,22,0.0,0.18,8.9,spatula,0.55,5,3.34,6.31,0.582,"spatula 45%, slotted spoon 10%","spatula 49%, <long> 31%",0.5956,0.243,1.017
r8_1904_chainring,"Name a type of chainring. Reply with only the name, nothing else.",0.6556,<long> -> bench,0.5389,double -> bench,0.5593,double -> bench,58,59,0.033,0.344,0.22,60,90,81,0.0,0.193,9.1,compact,0.4,11,7.58,58.17,0.094,"chainring 10%, shimano 8%","<long> 34%, double 8%",0.6106,0.511,1.068
r8_0655_textile,"Name a textile. Reply with only the name, nothing else.",0.6556,<long> -> bench,0.5472,cotton -> real,0.5406,cotton -> bench,60,62,0.0,0.311,0.187,60,90,37,0.0,0.18,8.4,cotton,0.75,3,1.99,9.06,0.525,"cotton 48%, silk 10%","cotton 39%, <long> 31%",0.6142,0.349,1.032
r8s_1530_level,"Suggest a type of level. Reply with only the name, nothing else.",0.6556,<long> -> bench,0.525,intermediate -> bench,0.5551,intermediate -> bench,60,62,0.0,0.311,0.187,60,90,96,0.0,0.18,8.0,platformer,0.25,14,11.64,71.62,0.139,"intermediate 8%, ground 3%","<long> 31%, intermediate 13%",0.6458,0.625,0.614
r8s_0518_toiletry,"Suggest a type of toiletry. Reply with only the name, nothing else.",0.6556,<long> -> bench,0.5583,shampoo -> bench,0.6261,shampoo -> bench,60,62,0.0,0.311,0.187,60,90,52,0.0,0.167,8.6,shampoo,0.65,3,2.43,21.54,0.311,"shampoo 18%, deodorant 10%","<long> 31%, shampoo 30%",0.6053,0.322,0.926
r8s_0087_fuel,"Suggest a type of fuel. Reply with only the name, nothing else.",0.6556,<long> -> bench,0.5389,biodiesel -> real,0.564,natural gas -> bench,60,62,0.0,0.311,0.187,60,90,42,0.0,0.173,8.5,natural gas,0.35,11,8.01,23.23,0.123,"diesel 13%, petrol 13%","<long> 31%, natural gas 11%",0.6025,0.38,0.918
r8s_0051_vitamin,"Suggest a type of vitamin. Reply with only the name, nothing else.",0.6556,<long> -> bench,0.5917,vitamin d -> real,0.5901,vitamin c -> bench,60,62,0.0,0.311,0.187,60,90,18,0.0,0.173,9.0,vitamin c,0.8,2,1.65,5.35,0.508,"vitamin c 42%, vitamin d 28%","vitamin c 41%, <long> 31%",0.6383,0.227,1.061
r8s_0681_singer,"Suggest a type of singer. Reply with only the name, nothing else.",0.6556,<long> -> bench,0.5333,folk -> real,0.5387,opera -> bench,60,62,0.0,0.311,0.187,60,90,55,0.0,0.173,8.1,opera singer,0.4,8,5.6,31.38,0.139,"pop 15%, opera 10%","<long> 31%, opera 12%",0.6089,0.352,0.73
r8s_1169_type_of_bread,"Suggest a type of type of bread. Reply with only the name, nothing else.",0.6556,sourdough -> real,0.6556,sourdough -> real,0.5659,sourdough -> real,60,69,0.0,0.233,0.14,60,90,16,0.0,0.12,7.7,sourdough,1.0,1,1.0,2.38,0.829,"sourdough 90%, rye 3%","sourdough 59%, <long> 23%",0.6517,0.183,1.019
r8s_1219_hospital_department,"Suggest a type of hospital department. Reply with only the name, nothing else.",0.6556,<long> -> bench,0.5556,emergency department -> real,0.5253,pediatrics -> real,60,62,0.0,0.311,0.187,60,90,21,0.0,0.173,8.4,emergency department,0.85,4,1.8,6.32,0.492,"emergency department 47%, cardiology 13%","emergency department 36%, <long> 31%",0.6022,0.199,1.031
r8_0412_flour,"Name a flour. Reply with only the name, nothing else.",0.6556,<long> -> bench,0.5833,all-purpose -> real,0.5546,wheat -> bench,60,62,0.0,0.311,0.187,60,90,35,0.0,0.173,8.4,all-purpose flour,0.35,5,4.18,13.25,0.287,"all-purpose 33%, flour 13%","<long> 31%, all-purpose 17%",0.6039,0.271,0.989
r8s_1084_glassware,"Suggest a type of glassware. Reply with only the name, nothing else.",0.6556,<long> -> bench,0.6194,tumbler -> real,0.6199,beaker -> bench,60,62,0.0,0.311,0.187,60,90,51,0.0,0.173,9.1,wine glass,0.45,7,4.78,23.89,0.189,"tumbler 28%, cocktail glass 13%","<long> 31%, beaker 21%",0.6428,0.353,1.311
r8s_1423_bitter,"Suggest a type of bitter. Reply with only the name, nothing else.",0.6556,<long> -> bench,0.5361,gentian -> real,0.5346,gentian -> real,58,59,0.033,0.344,0.22,60,90,82,0.0,0.213,9.7,amargo,0.25,14,11.64,66.98,0.051,"gentian 8%, hops 5%","<long> 34%, grapefruit 3%",0.6175,0.498,0.913
r8s_1386_historical_figure,"Suggest a type of historical figure. Reply with only the name, nothing else.",0.6556,<long> -> bench,0.5472,alexander the great -> real,0.5642,ada lovelace -> bench,60,62,0.0,0.311,0.187,60,90,66,0.0,0.18,9.1,alexander the great,0.25,15,12.48,44.2,0.09,"alexander the great 12%, leonardo da vinci 8%","<long> 31%, ada lovelace 10%",0.6194,0.538,0.78
r8s_1002_noble_gas,"Suggest a type of noble gas. Reply with only the name, nothing else.",0.6556,<long> -> bench,0.6167,helium -> real,0.5169,krypton -> real,60,62,0.0,0.311,0.187,60,90,13,0.0,0.18,8.4,helium,1.0,1,1.0,3.12,0.73,"helium 73%, radon 7%","helium 50%, <long> 31%",0.6292,0.24,0.777
r8_1497_volcano_type,"Name a volcano type. Reply with only the name, nothing else.",0.6556,<long> -> bench,0.5639,stratovolcano -> real,0.5589,stratovolcano -> real,60,62,0.0,0.311,0.187,60,90,35,0.0,0.187,8.4,shield,0.65,3,2.43,9.71,0.484,"shield 47%, stratovolcano 15%","shield 34%, <long> 31%",0.6178,0.209,0.845
r8_1192_massage,"Name a type of massage. Reply with only the name, nothing else.",0.6556,<long> -> bench,0.5944,swedish -> real,0.5175,deep tissue -> real,60,62,0.0,0.311,0.187,60,90,43,0.0,0.153,8.2,swedish massage,0.55,2,1.99,9.17,0.557,"swedish 57%, deep tissue 8%","swedish 38%, <long> 31%",0.6192,0.253,0.789
r8_1900_insulator,"Name an insulator. Reply with only the name, nothing else.",0.6556,<long> -> bench,0.5667,rubber -> real,0.5565,silicon dioxide -> bench,60,62,0.0,0.311,0.187,60,90,57,0.0,0.167,8.5,rubber,0.7,2,1.84,30.17,0.189,"rubber 23%, glass 13%","<long> 31%, glass 10%",0.5958,0.348,1.124
r8_0382_shoe_type,"Name a shoe type. Reply with only the name, nothing else.",0.6556,<long> -> bench,0.5333,sneakers -> real,0.5823,sneaker -> bench,60,62,0.0,0.311,0.187,60,90,47,0.0,0.173,8.8,sneaker,0.6,2,1.96,12.63,0.484,"sneaker 40%, sneakers 10%","sneaker 39%, <long> 31%",0.6256,0.328,0.926
r8s_1510_dice_face,"Suggest a type of dice face. Reply with only the name, nothing else.",0.6556,<long> -> bench,0.5944,d20 -> real,0.5191,d6 -> real,60,62,0.0,0.311,0.187,60,90,33,0.0,0.167,8.6,d20,0.7,6,2.94,7.69,0.516,"d20 53%, d6 18%","d20 34%, <long> 31%",0.6336,0.244,0.802
r8s_1621_board_game_piece,"Suggest a type of board game piece. Reply with only the name, nothing else.",0.6556,<long> -> bench,0.5528,pawn -> bench,0.6255,pawn -> bench,60,62,0.0,0.311,0.187,60,90,38,0.0,0.173,7.9,pawn,0.5,9,5.51,13.95,0.344,"pawn 22%, chess 13%","pawn 32%, <long> 31%",0.6269,0.286,0.958
r8s_1659_gymnastics_event,"Suggest a type of gymnastics event. Reply with only the name, nothing else.",0.6556,<long> -> bench,0.5861,rhythmic gymnastics -> real,0.5685,rhythmic gymnastics -> real,60,62,0.0,0.311,0.187,60,90,33,0.0,0.16,8.9,vault,0.35,7,4.78,12.67,0.254,"rhythmic gymnastics 25%, trampoline 25%","<long> 31%, trampoline 18%",0.6136,0.199,0.956
r8_0761_floss,"Name a type of floss. Reply with only the name, nothing else.",0.6556,<long> -> bench,0.5639,dental -> real,0.5513,dental -> real,60,62,0.0,0.311,0.187,60,90,56,0.0,0.18,9.2,dental floss,0.45,8,5.49,23.0,0.254,"dental floss 25%, dental 18%","<long> 31%, dental floss 18%",0.6542,0.35,0.904
r8s_0493_habitat,"Suggest a type of habitat. Reply with only the name, nothing else.",0.6556,<long> -> bench,0.5361,coral reef -> real,0.5352,rainforest -> bench,60,62,0.0,0.311,0.187,60,90,55,0.0,0.173,8.6,rainforest,0.9,2,1.38,21.76,0.352,"rainforest 32%, coral reef 8%","<long> 31%, rainforest 27%",0.6064,0.45,0.85
r8_0317_fabric,"Name a fabric. Reply with only the name, nothing else.",0.6556,<long> -> bench,0.5278,denim -> real,0.5594,cotton -> bench,60,62,0.0,0.311,0.187,60,90,65,0.0,0.173,8.3,cotton,1.0,1,1.0,24.03,0.377,"cotton 32%, denim 7%","<long> 31%, cotton 30%",0.6297,0.421,0.807
r8_0347_shirt_style,"Name a shirt style. Reply with only the name, nothing else.",0.6556,<long> -> bench,0.5528,polo -> real,0.5634,t-shirt -> bench,60,62,0.0,0.311,0.187,60,90,57,0.0,0.167,8.3,t-shirt,0.4,7,4.94,32.89,0.148,"polo 18%, oxford 10%","<long> 31%, t-shirt 13%",0.6022,0.37,1.004
r8_0734_medicine,"Name a medicine. Reply with only the name, nothing else.",0.6556,<long> -> bench,0.6,aspirin -> real,0.5401,penicillin -> bench,60,62,0.0,0.311,0.187,60,90,20,0.0,0.173,9.1,aspirin,0.5,4,3.35,5.95,0.508,"aspirin 53%, paracetamol 15%","aspirin 33%, <long> 31%",0.6031,0.21,0.798
r8_0726_star_type,"Name a star type. Reply with only the name, nothing else.",0.6556,<long> -> bench,0.5333,star -> real,0.5476,blue supergiant -> bench,60,62,0.0,0.311,0.187,60,90,60,0.0,0.18,8.6,red giant,0.65,7,3.52,31.3,0.221,"red giant 22%, red dwarf 8%","<long> 31%, red giant 16%",0.6314,0.378,0.549
r8_0719_plastic,"Name a plastic. Reply with only the name, nothing else.",0.6556,<long> -> bench,0.65,polyethylene -> real,0.5522,polyethylene -> real,60,62,0.0,0.311,0.187,60,90,28,0.0,0.167,8.3,polyethylene,0.95,2,1.22,5.01,0.68,"polyethylene 73%, nylon 5%","polyethylene 43%, <long> 31%",0.6489,0.226,0.954
r8_0669_performance,"Name a performance. Reply with only the name, nothing else.",0.6556,<long> -> bench,0.5222,hamlet -> bench,0.5339,hamlet -> bench,58,59,0.033,0.344,0.22,60,90,97,0.0,0.193,9.8,hamilton,0.45,6,4.46,79.38,0.085,"hamilton 5%, <long> 3%","<long> 34%, hamilton 8%",0.6242,0.57,0.516
r8s_0066_sea_creature,"Suggest a type of sea creature. Reply with only the name, nothing else.",0.6556,<long> -> bench,0.5472,jellyfish -> real,0.5344,dolphin -> real,60,62,0.0,0.311,0.187,60,90,28,0.0,0.187,8.9,jellyfish,0.75,5,2.45,8.51,0.402,"jellyfish 38%, octopus 20%","<long> 31%, jellyfish 29%",0.5994,0.43,0.878
r8_0209_omnivore,"Name an omnivore. Reply with only the name, nothing else.",0.6556,<long> -> bench,0.5722,human -> real,0.5616,bear -> bench,60,62,0.0,0.311,0.187,60,90,29,0.0,0.173,8.0,human,0.65,5,2.99,9.96,0.344,"human 37%, bear 18%","<long> 31%, human 22%",0.5975,0.264,0.877
r8s_1516_leather,"Suggest a type of leather. Reply with only the name, nothing else.",0.6556,<long> -> bench,0.625,full-grain -> real,0.6024,full-grain -> real,60,62,0.0,0.311,0.187,60,90,40,0.0,0.187,9.1,full-grain,0.6,8,4.2,19.06,0.246,"full-grain 35%, saddle 12%","<long> 31%, full-grain 10%",0.6067,0.282,0.955
r8_0227_vinegar,"Name a vinegar. Reply with only the name, nothing else.",0.6556,<long> -> bench,0.6028,balsamic -> real,0.6003,balsamic -> real,60,62,0.0,0.311,0.187,60,90,37,0.0,0.167,9.1,apple cider vinegar,0.55,5,3.44,15.94,0.238,"balsamic 22%, apple cider vinegar 22%","<long> 31%, apple cider vinegar 18%",0.6242,0.293,1.076
r8_0913_plant_category,"Name a plant category. Reply with only the name, nothing else.",0.6556,<long> -> bench,0.5444,angiosperm -> bench,0.5645,angiosperm -> bench,60,62,0.0,0.311,0.187,60,90,36,0.0,0.167,8.7,angiosperms,0.25,7,6.08,21.93,0.131,"angiosperms 15%, flowering 13%","<long> 31%, flowering plants 9%",0.5978,0.302,1.068
r8s_0261_wave,"Suggest a type of wave. Reply with only the name, nothing else.",0.6556,<long> -> bench,0.6167,sine -> real,0.6016,sine -> real,60,62,0.0,0.311,0.187,60,90,55,0.0,0.187,8.6,electromagnetic,0.55,7,4.34,24.32,0.197,"sine 30%, electromagnetic 13%","<long> 31%, electromagnetic 16%",0.6281,0.452,0.725
r8_0986_artists_tool,"Name an artists' tool. Reply with only the name, nothing else.",0.6556,<long> -> bench,0.5833,palette -> real,0.5952,paintbrush -> bench,60,62,0.0,0.311,0.187,60,90,56,0.0,0.16,8.0,paintbrush,0.25,7,5.75,28.75,0.197,"palette 20%, paintbrush 10%","<long> 31%, paintbrush 20%",0.6175,0.385,0.8
r8s_1082_nonfiction_genre,"Suggest a nonfiction genre. Reply with only the name, nothing else.",0.6556,<long> -> bench,0.5944,memoir -> real,0.5844,memoir -> real,60,62,0.0,0.311,0.187,60,90,28,0.0,0.187,8.6,biography,0.55,4,2.71,12.62,0.189,"memoir 23%, science fiction 13%","<long> 31%, biography 18%",0.5994,0.271,1.011
r8s_1125_noise,"Suggest a type of noise. Reply with only the name, nothing else.",0.6556,<long> -> bench,0.5917,pink -> real,0.5917,pink -> real,60,62,0.0,0.311,0.187,60,90,52,0.0,0.18,8.4,pink noise,0.55,5,3.53,24.32,0.189,"pink 18%, white noise 18%","<long> 31%, pink noise 16%",0.6128,0.342,0.754
r8_1765_performance_art,"Name a performance art. Reply with only the name, nothing else.",0.6556,<long> -> bench,0.6139,fluxus -> real,0.5878,fluxus -> real,58,59,0.033,0.344,0.22,60,90,36,0.0,0.207,9.5,performance art,0.5,4,2.75,13.96,0.274,"fluxus 35%, performance art 18%","<long> 34%, performance art 13%",0.6453,0.33,1.014
r8_0915_holiday_decoration,"Name a holiday decoration. Reply with only the name, nothing else.",0.6556,<long> -> bench,0.5861,ornament -> real,0.5836,ornament -> real,60,62,0.0,0.311,0.187,60,90,40,0.0,0.173,8.7,poinsettia,0.25,10,8.6,20.48,0.156,"ornament 18%, poinsettia 13%","<long> 31%, christmas tree 13%",0.5908,0.317,0.981
r8s_0363_sunglass,"Suggest a type of sunglass. Reply with only the name, nothing else.",0.6556,<long> -> bench,0.6333,wayfarer -> real,0.5731,wayfarer -> real,60,62,0.0,0.311,0.187,60,90,17,0.0,0.187,9.2,wayfarer,0.6,4,2.63,6.14,0.459,"wayfarer 53%, aviator 18%","<long> 31%, wayfarer 27%",0.6431,0.15,0.998
r8_1010_plug,"Name a plug. Reply with only the name, nothing else.",0.6556,<long> -> bench,0.5472,plug -> real,0.5339,usb -> bench,58,59,0.033,0.344,0.22,60,90,85,0.0,0.193,9.0,usb,0.35,11,8.01,53.04,0.205,"plug 22%, <long> 3%","<long> 34%, plug 12%",0.6472,0.562,0.644
r8s_0555_sculpture_material,"Suggest a type of sculpture material. Reply with only the name, nothing else.",0.6556,<long> -> bench,0.6083,marble -> real,0.5196,marble -> bench,60,62,0.0,0.311,0.187,60,90,10,0.0,0.173,8.3,bronze,0.5,2,2.0,2.11,0.803,"marble 78%, bronze 13%","marble 57%, <long> 31%",0.6272,0.273,1.085
r8s_0235_crop,"Suggest a type of crop. Reply with only the name, nothing else.",0.6556,<long> -> bench,0.6,tomato -> real,0.6258,wheat -> bench,60,62,0.0,0.311,0.187,60,90,45,0.0,0.167,8.2,wheat,0.6,3,2.28,14.34,0.328,"tomato 23%, wheat 20%","<long> 31%, wheat 31%",0.6125,0.343,0.732
r8s_0240_art_medium,"Suggest a type of art medium. Reply with only the name, nothing else.",0.6556,<long> -> bench,0.6083,oil painting -> real,0.5782,oil painting -> real,60,62,0.0,0.311,0.187,60,90,25,0.0,0.167,8.3,watercolor,0.5,6,4.06,7.87,0.377,"watercolor 40%, oil painting 35%","<long> 31%, watercolor 24%",0.6233,0.271,1.027
r8s_1091_bread_loaf,"Suggest a type of bread loaf. Reply with only the name, nothing else.",0.6556,<long> -> bench,0.625,sourdough -> real,0.525,challah -> real,60,62,0.0,0.311,0.187,60,90,15,0.0,0.187,9.2,sourdough,1.0,1,1.0,2.44,0.82,"sourdough 82%, brioche 5%","sourdough 57%, <long> 31%",0.6267,0.188,1.023
r8s_0823_lake_on_earth,"Suggest a type of lake on earth. Reply with only the name, nothing else.",0.6556,<long> -> bench,0.6083,lake baikal -> real,0.6008,lake baikal -> real,60,62,0.0,0.311,0.187,60,90,52,0.0,0.18,8.9,glacial lake,0.2,12,10.0,29.17,0.148,"lake baikal 25%, crater lake 13%","<long> 31%, crater 11%",0.6014,0.349,0.957
r8s_0878_equestrian_discipline,"Suggest a type of equestrian discipline. Reply with only the name, nothing else.",0.6556,<long> -> bench,0.5889,dressage -> real,0.5191,show jumping -> real,60,62,0.0,0.311,0.187,60,90,17,0.0,0.16,8.5,dressage,0.7,4,2.39,5.5,0.484,"dressage 50%, show jumping 18%","dressage 32%, <long> 31%",0.6267,0.138,0.943
r8s_0855_food_group,"Suggest a type of food group. Reply with only the name, nothing else.",0.6556,<long> -> bench,0.5556,fruits -> bench,0.6032,fruits -> bench,60,62,0.0,0.311,0.187,60,90,32,0.0,0.167,8.4,vegetables,0.35,7,5.66,13.95,0.205,"vegetables 22%, dairy 13%","<long> 31%, fruits 21%",0.6111,0.282,1.044
r8s_0904_jungle_animal,"Suggest a type of jungle animal. Reply with only the name, nothing else.",0.6556,<long> -> bench,0.5444,leopard -> real,0.5495,jaguar -> bench,60,62,0.0,0.311,0.187,60,90,28,0.0,0.153,8.6,jaguar,0.75,4,2.28,8.58,0.484,"jaguar 43%, leopard 13%","jaguar 37%, <long> 31%",0.5986,0.32,1.053
r8s_0388_donut,"Suggest a type of donut. Reply with only the name, nothing else.",0.6556,<long> -> bench,0.5528,boston cream -> real,0.575,glazed -> bench,60,62,0.0,0.311,0.187,60,90,42,0.0,0.187,8.7,glazed,0.55,8,4.66,11.27,0.426,"glazed 35%, boston cream 22%","glazed 34%, <long> 31%",0.6025,0.309,0.891
r8_1768_character_archetype,"Name a character archetype. Reply with only the name, nothing else.",0.6556,<long> -> bench,0.5333,trickster -> real,0.6073,hero -> bench,60,62,0.0,0.311,0.187,60,90,51,0.0,0.187,8.9,hero,0.85,3,1.68,15.23,0.459,"hero 35%, trickster 7%","hero 39%, <long> 31%",0.7269,0.2,0.906
r8_0470_enzyme,"Name an enzyme. Reply with only the name, nothing else.",0.6556,<long> -> bench,0.6111,amylase -> real,0.5634,amylase -> real,60,62,0.0,0.311,0.187,60,90,42,0.0,0.18,9.4,amylase,0.9,3,1.48,14.94,0.369,"amylase 43%, hexokinase 12%","<long> 31%, amylase 21%",0.6553,0.288,0.847
r8s_1722_speaker,"Suggest a type of speaker. Reply with only the name, nothing else.",0.6556,<long> -> bench,0.5778,bookshelf -> bench,0.6268,bookshelf -> bench,58,59,0.033,0.344,0.22,60,90,89,0.0,0.2,9.3,bookshelf,0.25,11,9.21,60.57,0.162,"smart speaker 8%, <long> 3%","<long> 34%, bookshelf 19%",0.6347,0.5,0.511
r8_1335_model_car,"Name a model car. Reply with only the name, nothing else.",0.6556,<long> -> bench,0.5389,porsche 911 -> real,0.5478,tesla -> bench,60,62,0.0,0.311,0.187,60,90,40,0.0,0.18,9.1,ford mustang,0.3,12,8.85,18.29,0.262,"ford mustang 25%, porsche 911 13%","<long> 31%, ford mustang 19%",0.6031,0.3,0.892
r8s_0467_bathroom_item,"Suggest a type of bathroom item. Reply with only the name, nothing else.",0.6556,<long> -> bench,0.5667,shower curtain -> real,0.5441,shower curtain -> real,60,62,0.0,0.311,0.187,60,90,47,0.0,0.173,9.1,bath mat,0.35,10,6.77,26.53,0.189,"shower curtain 23%, showerhead 7%","<long> 31%, shower curtain 10%",0.5994,0.24,0.94
r8s_0481_sandwich_bread,"Suggest a type of sandwich bread. Reply with only the name, nothing else.",0.6556,<long> -> bench,0.6167,sourdough -> real,0.5339,sourdough -> real,60,62,0.0,0.311,0.187,60,90,25,0.0,0.167,8.8,sourdough,0.85,3,1.68,6.48,0.566,"sourdough 60%, rye 7%","sourdough 37%, <long> 31%",0.6433,0.248,0.857
r8s_0484_muffin,"Suggest a type of muffin. Reply with only the name, nothing else.",0.6556,blueberry muffin -> real,0.6556,blueberry muffin -> real,0.6358,blueberry muffin -> real,60,68,0.0,0.244,0.147,60,90,39,0.0,0.147,8.2,blueberry muffin,0.6,4,2.63,10.76,0.344,"blueberry muffin 43%, blueberry 43%","<long> 24%, blueberry 20%",0.7769,0.275,0.865
r8s_1482_brake,"Suggest a type of brake. Reply with only the name, nothing else.",0.6556,<long> -> bench,0.5806,disc -> real,0.5336,disc brake -> bench,60,62,0.0,0.311,0.187,60,90,21,0.0,0.18,8.0,disc brake,0.7,4,2.49,4.89,0.451,"disc brake 42%, disc 38%","disc brake 33%, <long> 31%",0.6342,0.192,0.901
r8s_1568_cloud_cover,"Suggest a type of cloud cover. Reply with only the name, nothing else.",0.6556,<long> -> bench,0.6,stratus -> real,0.5242,scattered -> bench,60,62,0.0,0.311,0.187,60,90,26,0.0,0.173,8.5,stratus,0.8,3,1.85,6.71,0.549,"stratus 57%, cumulus 10%","stratus 37%, <long> 31%",0.6161,0.208,0.834
r8s_1113_ball,"Suggest a type of ball. Reply with only the name, nothing else.",0.6556,<long> -> bench,0.5722,soccer -> real,0.5597,soccer -> real,60,62,0.0,0.311,0.187,60,90,40,0.0,0.18,8.5,basketball,0.75,4,2.28,17.9,0.27,"basketball 22%, soccer 20%","<long> 31%, basketball 22%",0.6103,0.315,0.881
r8_0767_lens,"Name a type of lens. Reply with only the name, nothing else.",0.6556,<long> -> bench,0.575,convex -> bench,0.6427,convex -> bench,60,62,0.0,0.311,0.187,60,90,54,0.0,0.153,8.2,convex,0.6,4,2.81,22.88,0.295,"telephoto 17%, convex 15%","<long> 31%, convex 30%",0.6072,0.407,1.114
r8_1041_giant,"Name a giant. Reply with only the name, nothing else.",0.6556,<long> -> bench,0.5444,groot -> real,0.5565,alexander the great -> bench,60,62,0.0,0.311,0.187,60,90,80,0.0,0.16,8.6,goliath,0.15,18,16.96,51.3,0.164,"goliath 17%, groot 10%","<long> 31%, goliath 11%",0.6064,0.5,0.804
r8s_0457_vocal_range,"Suggest a type of vocal range. Reply with only the name, nothing else.",0.6556,<long> -> bench,0.5889,tenor -> bench,0.6667,tenor -> bench,60,62,0.0,0.311,0.187,60,90,17,0.0,0.173,8.8,tenor,0.4,6,4.95,7.51,0.336,"alto 20%, mezzo-soprano 18%","tenor 34%, <long> 31%",0.61,0.273,0.903
r8s_0422_scientist,"Suggest a type of scientist. Reply with only the name, nothing else.",0.6556,<long> -> bench,0.5306,astrophysicist -> real,0.5239,chemist -> bench,60,62,0.0,0.311,0.187,60,90,54,0.0,0.18,9.3,physicist,0.4,6,4.43,31.55,0.139,"astrophysicist 15%, physicist 10%","<long> 31%, physicist 10%",0.6156,0.401,0.905
r8s_0154_art_supply,"Suggest a type of art supply. Reply with only the name, nothing else.",0.6556,<long> -> bench,0.5639,charcoal -> real,0.5616,acrylic paint -> bench,60,62,0.0,0.311,0.187,60,90,38,0.0,0.18,8.8,acrylic paint,0.55,7,4.05,14.7,0.246,"watercolor 22%, charcoal 18%","<long> 31%, acrylic paint 21%",0.6042,0.324,0.987
r8s_0139_insect,"Suggest a type of insect. Reply with only the name, nothing else.",0.6556,<long> -> bench,0.55,mayfly -> real,0.5933,butterfly -> bench,60,62,0.0,0.311,0.187,60,90,29,0.0,0.173,8.9,butterfly,0.35,6,4.87,12.37,0.311,"butterfly 22%, beetle 10%","<long> 31%, butterfly 28%",0.61,0.315,1.074
r8_0785_font,"Name a font. Reply with only the name, nothing else.",0.6556,<long> -> bench,0.575,georgia -> real,0.6177,arial -> bench,60,62,0.0,0.311,0.187,60,90,23,0.0,0.167,7.5,helvetica,0.45,6,3.77,8.8,0.32,"roboto 27%, arial 20%","<long> 31%, arial 30%",0.6042,0.2,0.963
r8_0757_dwelling_type,"Name a dwelling type. Reply with only the name, nothing else.",0.6556,<long> -> bench,0.5472,apartment -> real,0.6245,cottage -> bench,60,62,0.0,0.311,0.187,60,90,29,0.0,0.173,8.3,apartment,0.4,6,4.41,9.9,0.41,"cottage 28%, cabin 13%","cottage 37%, <long> 31%",0.6047,0.294,0.841
r8s_0179_primary_color,"Suggest a type of primary color. Reply with only the name, nothing else.",0.6556,<long> -> bench,0.5389,red -> real,0.564,red -> bench,60,62,0.0,0.311,0.187,60,90,20,0.0,0.16,7.4,red,1.0,1,1.0,4.64,0.598,"red 53%, blue 18%","red 46%, <long> 31%",0.5969,0.15,0.861
r8_0821_housing,"Name a type of housing. Reply with only the name, nothing else.",0.6556,<long> -> bench,0.6083,condominium -> real,0.6019,apartment -> bench,60,62,0.0,0.311,0.187,60,90,27,0.0,0.167,8.2,apartment,0.8,4,2.03,11.45,0.287,"condominium 28%, apartment 18%","<long> 31%, apartment 27%",0.5936,0.267,0.942
r8s_1624_pizza,"Suggest a type of pizza. Reply with only the name, nothing else.",0.6556,<long> -> bench,0.6444,margherita -> real,0.5817,margherita -> real,60,62,0.0,0.311,0.187,60,90,11,0.0,0.16,8.9,pepperoni,0.5,3,2.35,2.87,0.484,"margherita 57%, pepperoni 38%","pepperoni 34%, <long> 31%",0.6306,0.131,1.021
r8_0029_weapon,"Name a weapon. Reply with only the name, nothing else.",0.6556,<long> -> bench,0.6389,katana -> real,0.6263,katana -> real,60,62,0.0,0.311,0.187,60,90,54,0.0,0.167,8.2,katana,0.4,8,5.43,21.24,0.238,"katana 33%, sword 18%","<long> 31%, sword 20%",0.6061,0.419,0.927
r8s_0797_athlete,"Suggest a type of athlete. Reply with only the name, nothing else.",0.6556,<long> -> bench,0.5944,marathon runner -> real,0.6105,swimmer -> bench,60,62,0.0,0.311,0.187,60,90,37,0.0,0.173,8.6,sprinter,0.4,3,2.97,13.84,0.262,"marathon runner 27%, swimmer 15%","<long> 31%, swimmer 26%",0.6228,0.334,0.976
r8s_0868_road_feature,"Suggest a type of road feature. Reply with only the name, nothing else.",0.6556,<long> -> bench,0.525,speed bump -> real,0.5583,roundabout -> bench,60,62,0.0,0.311,0.187,60,90,46,0.0,0.167,8.3,speed bump,0.5,5,3.63,13.36,0.443,"roundabout 38%, speed bump 12%","roundabout 34%, <long> 31%",0.6122,0.365,0.869
r8s_0853_beverage_hot,"Suggest a type of beverage hot. Reply with only the name, nothing else.",0.6556,<long> -> bench,0.5556,hot chocolate -> real,0.5315,tea -> bench,60,62,0.0,0.311,0.187,60,90,36,0.0,0.173,8.4,hot chocolate,0.65,6,3.2,11.91,0.41,"hot chocolate 40%, coffee 12%","<long> 31%, hot chocolate 29%",0.6117,0.203,0.848
r8s_1075_edible_substance,"Suggest a type of edible substance. Reply with only the name, nothing else.",0.6556,<long> -> bench,0.6194,chocolate -> real,0.6019,chocolate -> real,60,62,0.0,0.311,0.187,60,90,62,0.0,0.187,8.3,chocolate,0.5,10,5.9,35.99,0.213,"chocolate 32%, dark chocolate 7%","<long> 31%, chocolate 8%",0.5986,0.46,0.864
r8_1692_egyptian_god,"Name an egyptian god. Reply with only the name, nothing else.",0.6556,<long> -> bench,0.6528,ra -> real,0.5298,ra -> real,60,62,0.0,0.311,0.187,60,90,10,0.0,0.187,7.9,ra,0.75,3,1.99,2.13,0.82,"ra 85%, anubis 7%","ra 54%, <long> 31%",0.6536,0.227,1.102
r8_1743_villain,"Name a villain. Reply with only the name, nothing else.",0.6556,<long> -> bench,0.5417,darth vader -> real,0.5341,darth vader -> real,60,62,0.0,0.311,0.187,60,90,52,0.0,0.173,8.6,joker,0.45,6,4.58,24.56,0.189,"magneto 18%, darth vader 12%","<long> 31%, magneto 13%",0.5842,0.323,0.721
r8_1741_iron,"Name an iron. Reply with only the name, nothing else.",0.6556,<long> -> bench,0.5833,iron man -> real,0.6255,iron -> bench,58,59,0.033,0.344,0.22,60,90,66,0.0,0.2,8.9,iron,0.15,15,13.42,25.77,0.316,"iron man 20%, iron 18%","<long> 34%, iron 29%",0.6206,0.474,0.725
r8_1740_plate_type,"Name a plate type. Reply with only the name, nothing else.",0.6556,<long> -> bench,0.5528,platter -> real,0.5519,platter -> real,58,59,0.033,0.344,0.22,60,90,88,0.0,0.193,9.2,plate,0.15,17,15.83,68.01,0.085,"platter 12%, salad 8%","<long> 34%, plate 6%",0.5964,0.58,0.92
r8s_0279_wetland,"Suggest a type of wetland. Reply with only the name, nothing else.",0.6556,<long> -> bench,0.6,swamp -> real,0.5774,swamp -> real,60,62,0.0,0.311,0.187,60,90,25,0.0,0.173,8.6,mangrove,0.65,4,2.67,8.96,0.27,"swamp 30%, mangrove 27%","<long> 31%, mangrove 19%",0.6094,0.24,0.929
r8_1338_teaching_method,"Name a teaching method. Reply with only the name, nothing else.",0.6556,<long> -> bench,0.575,flipped classroom -> real,0.5524,flipped classroom -> real,60,62,0.0,0.311,0.187,60,90,46,0.0,0.167,9.0,project-based learning,0.35,7,5.01,14.77,0.352,"socratic method 37%, flipped classroom 25%","<long> 31%, socratic method 23%",0.6011,0.319,0.938
r8s_0156_singer,"Suggest a type of singer. Reply with only the name, nothing else.",0.6556,<long> -> bench,0.55,jazz -> bench,0.5801,jazz -> bench,60,62,0.0,0.311,0.187,60,90,60,0.0,0.18,8.3,opera,0.3,12,9.49,31.7,0.18,"opera 20%, pop 12%","<long> 31%, jazz 13%",0.6094,0.352,0.725
r8s_1016_economic_sector,"Suggest a type of economic sector. Reply with only the name, nothing else.",0.6556,<long> -> bench,0.5861,technology -> real,0.561,technology -> real,60,62,0.0,0.311,0.187,60,90,27,0.0,0.173,7.7,services,0.3,7,5.4,11.32,0.221,"technology 28%, services 18%","<long> 31%, services 14%",0.6133,0.325,0.859
r8_0432_font,"Name a font. Reply with only the name, nothing else.",0.6556,<long> -> bench,0.5639,georgia -> real,0.5927,arial -> bench,60,62,0.0,0.311,0.187,60,90,23,0.0,0.173,7.8,helvetica,0.5,4,3.13,9.29,0.344,"arial 25%, roboto 15%","<long> 31%, arial 30%",0.605,0.162,0.957
r8s_0934_chemical_bond,"Suggest a type of chemical bond. Reply with only the name, nothing else.",0.6556,<long> -> bench,0.625,covalent -> real,0.525,ionic bond -> real,60,62,0.0,0.311,0.187,60,90,8,0.0,0.18,9.1,covalent,0.55,4,3.21,2.69,0.697,"covalent 72%, ionic 15%","covalent 47%, <long> 31%",0.6517,0.237,0.859
r8s_0979_sink,"Suggest a type of sink. Reply with only the name, nothing else.",0.6556,<long> -> bench,0.5444,undermount -> real,0.5432,undermount -> real,58,59,0.033,0.344,0.22,60,90,83,0.0,0.207,9.4,farmhouse sink,0.55,6,3.85,63.58,0.077,"kitchen sink 10%, undermount 10%","<long> 34%, undermount sink 3%",0.6153,0.551,0.447
r8s_0879_cereal,"Suggest a type of cereal. Reply with only the name, nothing else.",0.6556,<long> -> bench,0.5333,chex -> real,0.5333,chex -> real,60,62,0.0,0.311,0.187,60,90,47,0.0,0.173,8.9,corn flakes,0.5,6,3.69,23.6,0.164,"granola 15%, corn flakes 12%","<long> 31%, granola 12%",0.6064,0.286,1.062
r8s_0160_soil,"Suggest a type of soil. Reply with only the name, nothing else.",0.6556,<long> -> bench,0.55,loam -> real,0.5253,loam -> bench,60,62,0.0,0.311,0.187,60,90,23,0.0,0.173,8.9,loam,0.6,6,3.41,7.15,0.459,"loam 43%, sandy loam 17%","loam 33%, <long> 31%",0.6203,0.257,0.751
r8s_0976_hair_accessory,"Suggest a type of hair accessory. Reply with only the name, nothing else.",0.6556,<long> -> bench,0.5528,barrettes -> real,0.5503,barrettes -> real,60,62,0.0,0.311,0.187,60,90,46,0.0,0.18,8.8,headband,0.35,8,5.81,25.19,0.131,"headband 17%, barrette 13%","<long> 31%, barrette 9%",0.6075,0.344,0.943
r8s_0942_waterway,"Suggest a type of waterway. Reply with only the name, nothing else.",0.6556,<long> -> bench,0.5611,river -> real,0.5317,river -> bench,60,62,0.0,0.311,0.187,60,90,24,0.0,0.18,7.9,river,0.5,2,2.0,5.51,0.566,"river 53%, canal 20%","river 41%, <long> 31%",0.62,0.218,0.967
r8_1353_method_of_research,"Name a method of research. Reply with only the name, nothing else.",0.6556,<long> -> bench,0.5722,qualitative research -> real,0.5597,qualitative research -> real,60,62,0.0,0.311,0.187,60,90,75,0.0,0.153,8.5,qualitative research,0.35,8,5.52,50.78,0.139,"qualitative research 20%, action research 7%","<long> 31%, qualitative research 6%",0.6147,0.543,0.9
r8_0323_lamp,"Name a lamp. Reply with only the name, nothing else.",0.6556,lamp -> real,0.6556,lamp -> real,0.6172,lamp -> real,60,64,0.0,0.289,0.173,60,90,56,0.0,0.173,8.2,lamp,0.55,7,4.23,19.44,0.379,"lamp 50%, lumina 8%","<long> 29%, lamp 19%",0.6825,0.38,0.939
r8_0313_storm_type,"Name a storm type. Reply with only the name, nothing else.",0.6556,<long> -> bench,0.5278,blizzard -> real,0.5274,tornado -> bench,60,62,0.0,0.311,0.187,60,90,27,0.0,0.18,8.5,hurricane,0.5,4,3.22,10.09,0.328,"tornado 30%, hurricane 23%","<long> 31%, tornado 24%",0.6064,0.26,0.969
r8s_0155_bird,"Suggest a type of bird. Reply with only the name, nothing else.",0.6556,<long> -> bench,0.5444,eagle -> real,0.5613,robin -> bench,60,62,0.0,0.311,0.187,60,90,46,0.0,0.16,8.2,robin,0.45,7,4.35,21.73,0.262,"robin 20%, eagle 17%","<long> 31%, robin 22%",0.6064,0.38,0.961
r8s_1675_palace,"Suggest a type of palace. Reply with only the name, nothing else.",0.6556,<long> -> bench,0.5361,palace -> real,0.5346,palace -> real,58,59,0.033,0.344,0.22,60,90,77,0.0,0.2,9.5,palace,0.25,16,13.37,60.45,0.077,"palace 8%, forbidden city 7%","<long> 34%, baroque 7%",0.6031,0.457,0.781
r8s_1888_dancer,"Suggest a type of dancer. Reply with only the name, nothing else.",0.6556,<long> -> bench,0.5778,contemporary -> real,0.5602,contemporary -> real,60,62,0.0,0.311,0.187,60,90,35,0.0,0.167,8.3,ballet,0.7,4,2.39,12.12,0.369,"ballet 33%, contemporary 23%","<long> 31%, ballet 28%",0.6294,0.332,0.958
r8_0871_invertebrate,"Name an invertebrate. Reply with only the name, nothing else.",0.6556,octopus -> real,0.6556,octopus -> real,0.6076,octopus -> real,58,62,0.033,0.311,0.2,60,90,19,0.0,0.187,8.5,spider,0.5,6,4.24,4.97,0.475,"octopus 57%, spider 23%","<long> 31%, octopus 26%",0.6731,0.278,0.956
r8s_0411_fabric_weave,"Suggest a type of fabric weave. Reply with only the name, nothing else.",0.6556,<long> -> bench,0.5417,twill -> real,0.5411,twill -> bench,60,62,0.0,0.311,0.187,60,90,37,0.0,0.173,8.4,twill,0.8,5,2.18,10.28,0.492,"twill 45%, poplin 8%","twill 37%, <long> 31%",0.6286,0.273,0.895
r8s_0398_ocean_creature,"Suggest a type of ocean creature. Reply with only the name, nothing else.",0.6556,<long> -> bench,0.5444,octopus -> real,0.5505,jellyfish -> bench,60,62,0.0,0.311,0.187,60,90,39,0.0,0.173,8.9,jellyfish,0.25,11,8.82,13.02,0.418,"jellyfish 37%, dolphin 10%","jellyfish 32%, <long> 31%",0.5917,0.408,0.83
r8_1495_drink_type,"Name a drink type. Reply with only the name, nothing else.",0.6556,<long> -> bench,0.5778,espresso -> real,0.5753,espresso -> real,60,62,0.0,0.311,0.187,60,90,50,0.0,0.16,8.4,smoothie,0.25,8,7.17,29.79,0.148,"espresso 17%, mojito 12%","<long> 31%, soda 12%",0.5894,0.409,0.847
r8_1590_bicycle_type,"Name a bicycle type. Reply with only the name, nothing else.",0.6556,road bike -> real,0.6556,road bike -> real,0.6091,road bike -> real,60,66,0.0,0.267,0.16,60,90,31,0.0,0.14,7.6,road bike,0.8,3,1.85,9.66,0.452,"road bike 57%, roadster 13%","<long> 27%, road bike 26%",0.6108,0.21,0.915
r8s_1893_household_electronic,"Suggest a type of household electronic. Reply with only the name, nothing else.",0.6556,<long> -> bench,0.5472,smart speaker -> real,0.5336,microwave -> real,60,62,0.0,0.311,0.187,60,90,34,0.0,0.173,8.4,microwave,0.25,8,6.8,14.4,0.279,"smart speaker 28%, toaster 15%","<long> 31%, smart speaker 19%",0.5989,0.281,1.175
r8_1470_glassblowing,"Name a type of glassblowing. Reply with only the name, nothing else.",0.6556,<long> -> bench,0.55,lampworking -> real,0.5415,murano -> bench,58,59,0.033,0.344,0.22,60,90,55,0.0,0.207,10.0,lampworking,0.3,10,7.51,25.37,0.222,"lampworking 23%, lampwork 10%","<long> 34%, lampworking 13%",0.5997,0.387,0.861
r8_1541_forest_floor_layer,"Name a forest floor layer. Reply with only the name, nothing else.",0.6556,<long> -> bench,0.5667,litter layer -> real,0.5591,litter layer -> real,60,62,0.0,0.311,0.187,60,90,22,0.0,0.173,8.5,litter,0.75,5,2.45,5.53,0.598,"litter 55%, litter layer 17%","litter 44%, <long> 31%",0.6336,0.239,0.97
r8_0133_sushi_roll,"Name a sushi roll. Reply with only the name, nothing else.",0.6556,<long> -> bench,0.5611,philadelphia roll -> real,0.5616,philadelphia -> bench,60,62,0.0,0.311,0.187,60,90,24,0.0,0.173,8.1,california roll,0.75,4,2.28,10.32,0.246,"philadelphia roll 20%, philadelphia 18%","<long> 31%, philadelphia 21%",0.6042,0.198,1.156
r8_0016_unit_of_weight,"Name an unit of weight. Reply with only the name, nothing else.",0.6556,<long> -> bench,0.6167,kilogram -> real,0.579,kilogram -> real,60,62,0.0,0.311,0.187,60,90,17,0.0,0.173,8.1,kilogram,0.45,3,2.75,6.98,0.32,"kilogram 40%, pound 25%","<long> 31%, kilogram 17%",0.5997,0.258,0.889
r8s_1832_prehistoric_creature,"Suggest a type of prehistoric creature. Reply with only the name, nothing else.",0.6556,<long> -> bench,0.5861,triceratops -> real,0.5565,dinosaur -> bench,60,62,0.0,0.311,0.187,60,90,37,0.0,0.18,9.5,t-rex,0.35,8,6.23,15.31,0.262,"triceratops 32%, t-rex 18%","<long> 31%, t-rex 17%",0.6011,0.26,0.948
r8_1512_spice_seed,"Name a spice seed. Reply with only the name, nothing else.",0.6528,<long> -> bench,0.55,cardamom -> real,0.5508,cardamom -> real,59,61,0.017,0.322,0.2,60,90,48,0.0,0.18,8.7,cumin,0.7,6,2.94,16.06,0.417,"cumin 37%, cardamom 10%","<long> 32%, cumin 31%",0.5986,0.365,0.915
r8s_1981_scream,"Suggest a type of scream. Reply with only the name, nothing else.",0.6528,<long> -> bench,0.5278,scream -> real,0.5226,wail -> bench,59,61,0.017,0.322,0.2,60,90,74,0.0,0.18,8.8,scream,0.2,17,15.16,37.29,0.208,"scream 20%, wail 12%","<long> 32%, scream 14%",0.6386,0.497,0.763
r8_1419_glue_type,"Name a glue type. Reply with only the name, nothing else.",0.6528,<long> -> bench,0.5722,epoxy -> real,0.5727,super glue -> bench,59,61,0.017,0.322,0.2,60,90,63,0.0,0.18,9.2,super glue,0.5,4,2.75,28.31,0.225,"epoxy 27%, cyanoacrylate 10%","<long> 32%, super glue 14%",0.6325,0.473,0.708
r8s_1011_part_of_a_cell,"Suggest a type of part of a cell. Reply with only the name, nothing else.",0.6528,<long> -> bench,0.5556,nucleus -> real,0.5565,mitochondrion -> bench,59,61,0.017,0.322,0.2,60,90,51,0.0,0.187,9.2,nucleus,0.5,3,2.83,17.66,0.292,"nucleus 30%, mitochondria 18%","<long> 32%, nucleus 19%",0.6083,0.316,0.753
r8s_0991_fog_type,"Suggest a fog type. Reply with only the name, nothing else.",0.6528,<long> -> bench,0.5389,stratus -> bench,0.5803,stratus -> bench,59,61,0.017,0.322,0.2,60,90,82,0.0,0.18,8.6,bank fog,0.15,16,14.77,52.44,0.183,"stratus 10%, mist 7%","<long> 32%, stratus 18%",0.6119,0.553,0.887
r8s_0975_animal_sleep_pattern,"Suggest a type of animal sleep pattern. Reply with only the name, nothing else.",0.6528,<long> -> bench,0.5389,polyphasic -> real,0.5328,unihemispheric slow-wave sleep -> bench,59,61,0.017,0.322,0.2,60,90,58,0.0,0.18,9.4,polyphasic,0.45,10,6.48,29.79,0.233,"polyphasic 23%, hibernation 10%","<long> 32%, polyphasic 16%",0.5964,0.418,1.0
r8_1652_motor_type,"Name a motor type. Reply with only the name, nothing else.",0.6528,<long> -> bench,0.5417,v8 -> real,0.5704,induction motor -> bench,59,61,0.017,0.322,0.2,60,90,51,0.0,0.18,9.0,induction motor,0.8,3,1.89,22.55,0.275,"induction motor 20%, induction 12%","<long> 32%, induction motor 23%",0.5889,0.351,0.897
r8s_1861_print,"Suggest a type of print. Reply with only the name, nothing else.",0.6528,<long> -> bench,0.5167,letterpress -> bench,0.5246,screen print -> bench,59,61,0.017,0.322,0.2,60,90,90,0.0,0.193,8.6,screen print,0.2,13,11.49,76.63,0.05,"offset 5%, json 3%","<long> 32%, print 3%",0.6194,0.642,0.495
r8s_1971_petal,"Suggest a type of petal. Reply with only the name, nothing else.",0.6528,<long> -> bench,0.5167,petal -> real,0.5775,rose -> bench,59,61,0.017,0.322,0.2,60,90,70,0.0,0.187,8.4,rose,0.9,3,1.48,28.77,0.35,"rose 27%, rosy 3%","<long> 32%, rose 29%",0.6258,0.481,0.874
r8s_1877_cathedral,"Suggest a type of cathedral. Reply with only the name, nothing else.",0.6528,<long> -> bench,0.5972,gothic -> real,0.5263,basilica -> real,59,61,0.017,0.322,0.2,60,90,24,0.0,0.173,9.3,gothic,0.7,3,2.11,4.08,0.708,"gothic 68%, basilica 10%","gothic 49%, <long> 32%",0.6214,0.235,0.967
r8s_1761_gym_equipment,"Suggest a type of gym equipment. Reply with only the name, nothing else.",0.6528,<long> -> bench,0.5333,kettlebell -> real,0.5207,treadmill -> bench,59,61,0.017,0.322,0.2,60,90,24,0.0,0.173,9.3,treadmill,0.5,6,4.17,10.01,0.258,"treadmill 23%, barbell 20%","<long> 32%, treadmill 19%",0.5894,0.242,0.984
r8s_0379_bear,"Suggest a type of bear. Reply with only the name, nothing else.",0.6528,<long> -> bench,0.5639,polar bear -> real,0.5453,grizzly -> bench,59,61,0.017,0.322,0.2,60,90,25,0.0,0.193,9.0,polar bear,0.45,5,3.77,8.06,0.342,"polar bear 35%, grizzly 23%","<long> 32%, polar bear 22%",0.6142,0.176,0.945
r8s_1265_thread,"Suggest a type of thread. Reply with only the name, nothing else.",0.6528,<long> -> bench,0.5556,cotton -> bench,0.5896,cotton -> bench,59,61,0.017,0.322,0.2,60,90,98,0.0,0.18,8.5,cotton,0.2,14,12.31,76.76,0.125,"text 3%, discussion 3%","<long> 32%, cotton 14%",0.6775,0.676,0.598
r8s_1266_sports_official,"Suggest a type of sports official. Reply with only the name, nothing else.",0.6528,<long> -> bench,0.575,referee -> real,0.546,referee -> bench,59,61,0.017,0.322,0.2,60,90,7,0.0,0.2,9.0,referee,0.9,2,1.38,2.05,0.742,"referee 68%, umpire 25%","referee 53%, <long> 32%",0.6239,0.203,0.995
r8_1004_tire_width,"Name a tire width. Reply with only the name, nothing else.",0.6528,<long> -> bench,0.5694,225 -> real,0.5537,225 -> real,57,58,0.05,0.356,0.233,60,90,31,0.0,0.2,10.3,205,0.65,5,2.99,9.28,0.409,"205 35%, 225 22%","<long> 36%, 205 29%",0.6506,0.258,1.086
r8s_0201_belt,"Suggest a type of belt. Reply with only the name, nothing else.",0.6528,<long> -> bench,0.5528,leather -> real,0.5653,leather belt -> bench,59,61,0.017,0.322,0.2,60,90,72,0.0,0.187,9.0,leather,0.55,2,1.99,41.69,0.192,"leather 22%, belt 7%","<long> 32%, leather 11%",0.6031,0.445,1.061
r8s_0318_historical_era,"Suggest a type of historical era. Reply with only the name, nothing else.",0.6528,<long> -> bench,0.5639,renaissance -> real,0.5522,renaissance -> real,59,61,0.017,0.322,0.2,60,90,46,0.0,0.173,9.1,renaissance,0.35,8,5.12,22.51,0.167,"renaissance 18%, victorian era 15%","<long> 32%, medieval 13%",0.6092,0.353,0.923
r8_0302_brush,"Name a brush. Reply with only the name, nothing else.",0.6528,<long> -> bench,0.5278,paintbrush -> bench,0.5563,paintbrush -> bench,59,61,0.017,0.322,0.2,60,90,79,0.0,0.187,8.7,paintbrush,0.25,15,12.48,54.14,0.125,"bristle 7%, paintbrush 7%","<long> 32%, paintbrush 12%",0.6353,0.532,1.029
r8s_0445_squash,"Suggest a type of squash. Reply with only the name, nothing else.",0.6528,<long> -> bench,0.5333,buttercup -> bench,0.5568,buttercup -> bench,59,61,0.017,0.322,0.2,60,90,84,0.0,0.173,8.9,butternut,0.45,11,6.94,55.13,0.142,"butternut 13%, squash 5%","<long> 32%, butternut 10%",0.6206,0.578,0.617
r8s_0466_pottery,"Suggest a type of pottery. Reply with only the name, nothing else.",0.6528,<long> -> bench,0.6167,raku -> real,0.611,raku -> real,59,61,0.017,0.322,0.2,60,90,51,0.0,0.187,9.3,stoneware,0.45,6,3.77,21.08,0.283,"stoneware 32%, raku 27%","<long> 32%, stoneware 17%",0.6222,0.435,1.121
r8s_0119_juice,"Suggest a type of juice. Reply with only the name, nothing else.",0.6528,<long> -> bench,0.6167,orange -> bench,0.6951,orange -> bench,59,61,0.017,0.322,0.2,60,90,58,0.0,0.18,8.5,orange juice,0.55,6,3.58,25.69,0.3,"orange 10%, orange juice 10%","orange 33%, <long> 32%",0.6222,0.334,1.093
r8s_0163_energy,"Suggest a type of energy. Reply with only the name, nothing else.",0.6528,<long> -> bench,0.5889,solar -> real,0.57,solar -> real,59,61,0.017,0.322,0.2,60,90,29,0.0,0.18,8.5,solar,0.7,3,2.11,10.82,0.333,"kinetic 28%, solar 27%","<long> 32%, kinetic 26%",0.6256,0.313,0.816
r8s_1632_track_event,"Suggest a type of track event. Reply with only the name, nothing else.",0.6528,<long> -> bench,0.5389,100m -> bench,0.5727,100m -> bench,59,61,0.017,0.322,0.2,60,90,71,0.0,0.187,9.6,100 meters,0.35,10,7.47,45.83,0.142,"100 meters 8%, sprint 7%","<long> 32%, 100m 14%",0.6081,0.463,0.533
r8s_0099_herbivore,"Suggest a type of herbivore. Reply with only the name, nothing else.",0.6528,<long> -> bench,0.5833,deer -> bench,0.6764,deer -> bench,59,61,0.017,0.322,0.2,60,90,32,0.0,0.167,8.4,deer,0.55,7,4.23,8.96,0.417,"deer 23%, cow 20%","deer 40%, <long> 32%",0.6031,0.199,0.995
r8_0701_violin_maker,"Name a violin maker. Reply with only the name, nothing else.",0.6528,antonio stradivari -> real,0.6528,antonio stradivari -> real,0.6036,antonio stradivari -> real,60,70,0.0,0.222,0.133,60,90,22,0.0,0.133,9.1,antonio stradivari,0.65,7,3.52,5.92,0.538,"antonio stradivari 65%, stradivari 8%","antonio stradivari 34%, <long> 22%",0.6183,0.223,0.841
r8_0685_storm_wind_speed,"Name a storm wind speed. Reply with only the name, nothing else.",0.6528,<long> -> bench,0.525,hurricane-force -> real,0.5456,hurricane -> bench,59,61,0.017,0.322,0.2,60,90,61,0.0,0.18,8.8,hurricane,0.55,9,4.99,26.69,0.267,"hurricane 22%, typhoon 13%","<long> 32%, hurricane 21%",0.6019,0.388,0.929
r8_0697_plier,"Name a plier. Reply with only the name, nothing else.",0.6528,<long> -> bench,0.5444,needlenose -> real,0.5481,plier -> bench,59,61,0.017,0.322,0.2,60,90,56,0.0,0.173,8.7,needlenose,0.25,14,11.64,27.54,0.158,"pliers 17%, needlenose 17%","<long> 32%, plier 11%",0.6261,0.459,0.84
r8s_0331_vine,"Suggest a type of vine. Reply with only the name, nothing else.",0.6528,<long> -> bench,0.5333,english ivy -> real,0.5339,english ivy -> real,59,61,0.017,0.322,0.2,60,90,77,0.0,0.167,8.9,grape,0.45,7,4.64,55.35,0.092,"merlot 10%, english ivy 7%","<long> 32%, grape 7%",0.6044,0.447,0.569
r8s_0384_onion,"Suggest a type of onion. Reply with only the name, nothing else.",0.6528,<long> -> bench,0.5361,sweet onion -> real,0.5565,yellow -> bench,59,61,0.017,0.322,0.2,60,90,41,0.0,0.18,8.4,red onion,0.4,8,5.74,16.65,0.258,"red onion 23%, sweet onion 12%","<long> 32%, red onion 19%",0.6344,0.305,0.996
r8s_0352_country,"Suggest a type of country. Reply with only the name, nothing else.",0.6528,<long> -> bench,0.5444,italy -> real,0.5568,germany -> bench,59,61,0.017,0.322,0.2,60,90,53,0.0,0.173,8.3,republic,0.2,13,11.19,29.51,0.133,"france 13%, united states 10%","<long> 32%, germany 10%",0.6153,0.414,0.532
r8_0850_wallet_material,"Name a wallet material. Reply with only the name, nothing else.",0.6528,<long> -> bench,0.5556,leather -> real,0.525,leather -> bench,59,61,0.017,0.322,0.2,60,90,53,0.0,0.2,8.8,leather,1.0,1,1.0,13.74,0.5,"leather 47%, bitcoin 3%","leather 36%, <long> 32%",0.6233,0.392,0.654
r8_0984_occupation_in_building,"Name an occupation in building trade. Reply with only the name, nothing else.",0.6528,carpenter -> real,0.6528,carpenter -> real,0.6133,plumber -> bench,60,75,0.0,0.167,0.1,60,90,21,0.0,0.08,6.3,carpenter,1.0,1,1.0,4.37,0.593,"carpenter 72%, electrician 13%","carpenter 41%, plumber 24%",0.6325,0.206,0.819
r8_0962_goddess,"Name a type of goddess. Reply with only the name, nothing else.",0.6528,<long> -> bench,0.5417,aphrodite -> real,0.5557,vesta -> bench,59,61,0.017,0.322,0.2,60,90,51,0.0,0.18,9.0,fertility,0.15,15,13.42,29.2,0.158,"goddess 10%, vesta 10%","<long> 32%, vesta 14%",0.6242,0.521,0.946
r8_0925_acorn_feeder_animal,"Name an acorn feeder animal. Reply with only the name, nothing else.",0.6528,<long> -> bench,0.5944,squirrel -> real,0.5169,none -> real,59,61,0.017,0.322,0.2,60,90,41,0.0,0.187,8.7,squirrel,0.85,4,1.8,9.05,0.567,"squirrel 57%, chipmunk 5%","squirrel 38%, <long> 32%",0.6061,0.381,0.917
r8s_0509_body_system,"Suggest a type of body system. Reply with only the name, nothing else.",0.6528,<long> -> bench,0.5222,nervous system -> bench,0.5404,nervous system -> bench,59,61,0.017,0.322,0.2,60,90,72,0.0,0.167,9.3,circulatory system,0.4,6,4.61,49.48,0.083,"circulatory 8%, immune system 5%","<long> 32%, nervous system 8%",0.6244,0.495,0.779
r8s_0575_amusement_park,"Suggest a type of amusement park. Reply with only the name, nothing else.",0.6528,<long> -> bench,0.5278,thrill park -> bench,0.541,thrill park -> bench,59,61,0.017,0.322,0.2,60,90,63,0.0,0.173,9.0,thrill park,0.2,14,11.99,35.71,0.175,"disneyland 15%, water park 12%","<long> 32%, disneyland 13%",0.5994,0.381,0.824
r8_0063_movie,"Name a movie. Reply with only the name, nothing else.",0.6528,<long> -> bench,0.525,godfather -> real,0.6002,inception -> bench,59,61,0.017,0.322,0.2,60,90,23,0.0,0.18,9.3,inception,0.55,4,2.92,5.43,0.492,"inception 38%, shawshank redemption 22%","inception 40%, <long> 32%",0.62,0.1,0.989
r8s_0596_tool,"Suggest a type of tool. Reply with only the name, nothing else.",0.6528,<long> -> bench,0.5528,bash -> bench,0.5893,bash -> bench,59,61,0.017,0.322,0.2,60,90,76,0.0,0.167,8.8,hammer,0.4,8,5.84,50.93,0.142,"read 10%, bash 5%","<long> 32%, bash 16%",0.6683,0.537,0.531
r8s_0638_glass_item,"Suggest a type of glass item. Reply with only the name, nothing else.",0.6528,<long> -> bench,0.5306,tumbler -> real,0.541,beaker -> bench,59,61,0.017,0.322,0.2,60,90,79,0.0,0.187,9.2,vase,0.25,15,12.48,55.56,0.1,"tumbler 12%, vase 8%","<long> 32%, vase 7%",0.6161,0.515,0.896
r8s_0606_incense,"Suggest a type of incense. Reply with only the name, nothing else.",0.6528,<long> -> bench,0.5778,agarwood -> real,0.5613,agarwood -> real,59,61,0.017,0.322,0.2,60,90,41,0.0,0.18,9.2,sandalwood,0.55,4,2.71,13.81,0.35,"sandalwood 37%, agarwood 23%","<long> 32%, sandalwood 22%",0.6019,0.323,0.873
r8s_0602_chip,"Suggest a type of chip. Reply with only the name, nothing else.",0.6528,<long> -> bench,0.5306,gpu -> bench,0.5489,gpu -> bench,59,61,0.017,0.322,0.2,60,90,77,0.0,0.167,8.8,nvidia,0.15,14,12.52,55.72,0.092,"arm 8%, brick 3%","<long> 32%, gpu 8%",0.6169,0.441,0.495
r8s_0002_reptile,"Suggest a type of reptile. Reply with only the name, nothing else.",0.6528,<long> -> bench,0.5444,snake -> bench,0.5656,snake -> bench,59,61,0.017,0.322,0.2,60,90,42,0.0,0.187,9.1,green iguana,0.2,11,9.49,21.89,0.15,"komodo dragon 15%, bearded dragon 15%","<long> 32%, bearded dragon 10%",0.6008,0.296,0.954
r8_2000_chisel,"Name a chisel. Reply with only the name, nothing else.",0.6528,<long> -> bench,0.5139,chisel -> real,0.5238,flat -> bench,59,61,0.017,0.322,0.2,60,90,92,0.0,0.173,9.0,carving chisel,0.2,14,11.99,69.72,0.083,"chisel 8%, flat 5%","<long> 32%, flat 7%",0.6333,0.554,0.735
r8s_0018_gas,"Suggest a type of gas. Reply with only the name, nothing else.",0.6528,<long> -> bench,0.6417,propane -> real,0.6464,helium -> bench,59,61,0.017,0.322,0.2,60,90,42,0.0,0.18,8.7,oxygen,0.45,3,2.58,19.63,0.217,"propane 28%, methane 15%","<long> 32%, helium 24%",0.6206,0.371,1.133
r8s_0005_bread,"Suggest a type of bread. Reply with only the name, nothing else.",0.6528,<long> -> bench,0.6111,sourdough -> real,0.5194,sourdough -> bench,59,61,0.017,0.322,0.2,60,90,16,0.0,0.187,9.5,sourdough,0.9,3,1.48,2.37,0.833,"sourdough 80%, challah 3%","sourdough 58%, <long> 32%",0.6433,0.151,1.008
r8_1174_colour_shade,"Name a colour shade. Reply with only the name, nothing else.",0.6528,<long> -> bench,0.5389,crimson -> bench,0.6032,crimson -> bench,59,61,0.017,0.322,0.2,60,90,48,0.0,0.173,9.0,crimson,0.4,10,6.89,21.62,0.308,"crimson 20%, beige 7%","<long> 32%, crimson 28%",0.6117,0.435,0.939
r8s_1596_photographer,"Suggest a type of photographer. Reply with only the name, nothing else.",0.6528,<long> -> bench,0.5639,portrait photographer -> real,0.5622,portrait -> bench,59,61,0.017,0.322,0.2,60,90,39,0.0,0.18,8.5,portrait photographer,0.5,5,3.2,16.73,0.267,"portrait 20%, portrait photographer 15%","<long> 32%, portrait 22%",0.6156,0.288,0.946
r8_1847_piano_brand,"Name a piano brand. Reply with only the name, nothing else.",0.6528,steinway & sons -> real,0.6528,steinway & sons -> real,0.6379,steinway & sons -> real,60,71,0.0,0.211,0.127,60,90,16,0.0,0.127,8.0,steinway,0.45,4,3.29,4.31,0.466,"steinway & sons 42%, steinway 42%","steinway 40%, <long> 21%",0.6561,0.108,0.806
r8_1244_watch_type,"Name a watch type. Reply with only the name, nothing else.",0.6528,<long> -> bench,0.5528,chronograph -> real,0.5707,diver -> bench,59,61,0.017,0.322,0.2,60,90,55,0.0,0.193,8.9,diver,0.25,9,7.29,24.34,0.258,"diver 18%, chronograph 15%","<long> 32%, diver 22%",0.6014,0.354,0.685
r8s_1472_nature_sound,"Suggest a type of nature sound. Reply with only the name, nothing else.",0.6528,<long> -> bench,0.5667,ocean waves -> real,0.6414,rain -> bench,59,61,0.017,0.322,0.2,60,90,28,0.0,0.173,8.2,rain,0.5,7,4.47,7.45,0.517,"rain 37%, ocean waves 17%","rain 44%, <long> 32%",0.6747,0.218,0.936
r8s_1660_warrior,"Suggest a type of warrior. Reply with only the name, nothing else.",0.6528,<long> -> bench,0.575,paladin -> real,0.5328,assassin -> bench,59,61,0.017,0.322,0.2,60,90,53,0.0,0.2,8.9,samurai,0.4,9,5.82,17.98,0.408,"paladin 42%, samurai 5%","<long> 32%, paladin 27%",0.6208,0.422,0.831
r8_0008_sculpture,"Name a type of sculpture. Reply with only the name, nothing else.",0.6528,<long> -> bench,0.55,marble -> real,0.5942,bust -> bench,59,61,0.017,0.322,0.2,60,90,32,0.0,0.187,8.7,bust,0.55,5,3.59,12.05,0.35,"bust 25%, marble 20%","<long> 32%, bust 30%",0.6056,0.339,0.979
r8_1843_flask,"Name a flask. Reply with only the name, nothing else.",0.6528,<long> -> bench,0.6278,erlenmeyer -> bench,0.7066,erlenmeyer -> bench,57,58,0.05,0.356,0.233,60,90,51,0.0,0.2,10.0,erlenmeyer,0.9,3,1.48,17.14,0.287,"flask 23%, <long> 5%","<long> 36%, erlenmeyer 29%",0.7019,0.361,0.846
r8_1829_logo,"Name a logo. Reply with only the name, nothing else.",0.6528,<long> -> bench,0.5389,apple -> bench,0.5956,apple -> bench,59,61,0.017,0.322,0.2,60,90,74,0.0,0.167,8.1,apple,0.45,5,3.69,32.53,0.267,"apple 17%, nike 13%","<long> 32%, apple 24%",0.6289,0.472,0.646
r8_1837_farm_structure,"Name a type of farm structure. Reply with only the name, nothing else.",0.6528,<long> -> bench,0.5528,barn -> real,0.5558,barn -> bench,59,61,0.017,0.322,0.2,60,90,26,0.0,0.187,8.7,barn,0.95,2,1.22,5.2,0.65,"barn 58%, coop 8%","barn 48%, <long> 32%",0.6144,0.308,0.96
r8s_0947_theater_term,"Suggest a type of theater term. Reply with only the name, nothing else.",0.6528,<long> -> bench,0.525,dramaturgy -> real,0.5254,dramaturgy -> real,59,61,0.017,0.322,0.2,60,90,74,0.0,0.187,9.0,monologue,0.55,8,4.66,52.82,0.108,"monologue 10%, improv 7%","<long> 32%, monologue 8%",0.6167,0.522,0.715
r8_1276_method_of_conservation,"Name a method of conservation. Reply with only the name, nothing else.",0.6528,<long> -> bench,0.5611,sustainable fishing -> real,0.5596,sustainable fishing -> real,59,61,0.017,0.322,0.2,60,90,73,0.0,0.2,9.5,reforestation,0.5,9,5.51,51.88,0.075,"sustainable fishing 13%, reforestation 12%","<long> 32%, in-situ conservation 6%",0.5978,0.469,0.828
r8_1326_fruit_seed_count,"Name a fruit seed count. Reply with only the name, nothing else.",0.6528,<long> -> bench,0.5528,apple -> real,0.541,tomato -> bench,59,61,0.017,0.322,0.2,60,90,54,0.0,0.18,8.6,strawberry,0.3,12,8.85,33.73,0.15,"apple 18%, pomegranate 8%","<long> 32%, apple 8%",0.6031,0.462,1.035
r8_1356_neighborhood_feature,"Name a type of neighborhood feature. Reply with only the name, nothing else.",0.6528,<long> -> bench,0.5583,park -> real,0.5211,park -> real,59,61,0.017,0.322,0.2,60,90,55,0.0,0.187,8.4,parks,0.4,6,4.43,25.44,0.267,"park 28%, parks 8%","<long> 32%, park 17%",0.605,0.415,1.077
r8_1375_oven_type,"Name an oven type. Reply with only the name, nothing else.",0.6528,<long> -> bench,0.6389,convection -> real,0.6056,convection -> real,59,61,0.017,0.322,0.2,60,90,36,0.0,0.187,8.6,convection oven,0.4,6,4.11,12.81,0.333,"convection 43%, oven 8%","<long> 32%, convection 16%",0.6219,0.272,0.893
r8s_1369_fruit_climbing_plant,"Suggest a type of fruit climbing plant. Reply with only the name, nothing else.",0.6528,<long> -> bench,0.6389,passion fruit -> real,0.575,passion fruit -> real,59,61,0.017,0.322,0.2,60,90,26,0.0,0.187,9.2,passion fruit,0.8,3,1.85,7.63,0.5,"passion fruit 57%, passionfruit 12%","<long> 32%, passion fruit 29%",0.6522,0.233,0.968
r8s_1410_region,"Suggest a type of region. Reply with only the name, nothing else.",0.6528,<long> -> bench,0.525,north america -> real,0.5254,north america -> real,59,61,0.017,0.322,0.2,60,90,100,0.0,0.18,8.5,urban,0.1,18,17.41,86.02,0.058,"europe 5%, north america 5%","<long> 32%, urban 4%",0.6225,0.659,0.63
r8s_1301_game_fish,"Suggest a type of game fish. Reply with only the name, nothing else.",0.6528,<long> -> bench,0.5333,salmon -> bench,0.5492,salmon -> bench,59,61,0.017,0.322,0.2,60,90,57,0.0,0.2,9.2,marlin,0.35,8,5.52,39.73,0.108,"bass 12%, marlin 8%","<long> 32%, bass 7%",0.6008,0.392,0.808
r8s_1379_bank,"Suggest a type of bank. Reply with only the name, nothing else.",0.6528,<long> -> bench,0.5417,community -> real,0.5439,community -> real,57,58,0.05,0.356,0.233,60,90,66,0.0,0.187,9.1,community bank,0.55,9,4.99,45.52,0.078,"savings 8%, community 8%","<long> 36%, community bank 7%",0.6067,0.45,0.722
r8s_0323_lamp,"Suggest a type of lamp. Reply with only the name, nothing else.",0.6528,<long> -> bench,0.6139,led -> bench,0.6871,led -> bench,59,61,0.017,0.322,0.2,60,90,55,0.0,0.2,8.7,floor lamp,0.25,9,6.78,26.55,0.275,"desk lamp 10%, led 8%","<long> 32%, led 31%",0.6267,0.334,1.301
r8_0875_bird_habitat,"Name a bird habitat. Reply with only the name, nothing else.",0.6528,<long> -> bench,0.5778,rainforest -> real,0.5809,forest -> bench,59,61,0.017,0.322,0.2,60,90,38,0.0,0.18,8.8,wetland,0.25,10,8.02,16.84,0.183,"rainforest 23%, amazon rainforest 15%","<long> 32%, wetland 18%",0.6072,0.337,0.983
r8_0892_workout,"Name a workout. Reply with only the name, nothing else.",0.6528,<long> -> bench,0.5222,burpees -> real,0.5283,burpees -> bench,59,61,0.017,0.322,0.2,60,90,64,0.0,0.18,9.0,burpees,0.45,6,4.06,28.65,0.3,"burpees 27%, push-ups 5%","<long> 32%, burpees 22%",0.6269,0.424,0.838
r8_0132_precipitation,"Name a precipitation. Reply with only the name, nothing else.",0.65,<long> -> bench,0.6056,rain -> real,0.525,hail -> real,60,63,0.0,0.3,0.18,60,90,25,0.0,0.173,7.6,rain,0.8,3,1.85,4.93,0.659,"rain 67%, sleet 8%","rain 46%, <long> 30%",0.655,0.254,0.968
r8s_1848_tree_leaf,"Suggest a type of tree leaf. Reply with only the name, nothing else.",0.65,<long> -> bench,0.5694,oak -> real,0.5261,magnolia -> real,58,60,0.033,0.333,0.213,60,90,50,0.0,0.2,8.8,oak,0.85,4,1.8,12.75,0.508,"oak 48%, magnolia 7%","oak 34%, <long> 33%",0.6072,0.351,1.255
r8s_1047_ball_sport,"Suggest a type of ball sport. Reply with only the name, nothing else.",0.65,<long> -> bench,0.5833,basketball -> real,0.527,soccer -> real,60,63,0.0,0.3,0.18,60,90,17,0.0,0.16,8.1,basketball,0.6,3,2.28,4.41,0.61,"basketball 60%, volleyball 13%","basketball 43%, <long> 30%",0.6039,0.24,1.0
r8s_1051_cleaning_tool,"Suggest a type of cleaning tool. Reply with only the name, nothing else.",0.65,<long> -> bench,0.5389,sponge -> bench,0.5556,sponge -> bench,60,63,0.0,0.3,0.18,60,90,47,0.0,0.167,8.5,microfiber cloth,0.7,6,2.94,22.02,0.26,"microfiber cloth 22%, broom 7%","<long> 30%, microfiber cloth 21%",0.6114,0.301,0.875
r8_1687_star_pattern,"Name a star pattern. Reply with only the name, nothing else.",0.65,<long> -> bench,0.5333,ursa major -> real,0.5345,orion -> bench,60,63,0.0,0.3,0.18,60,90,73,0.0,0.147,8.4,orion,0.6,4,3.02,38.13,0.252,"orion 22%, ursa major 7%","<long> 30%, orion 20%",0.6211,0.502,0.675
r8_1596_photographer,"Name a photographer. Reply with only the name, nothing else.",0.65,<long> -> bench,0.5972,ansel adams -> real,0.5675,annie leibovitz -> real,60,63,0.0,0.3,0.18,60,90,13,0.0,0.153,8.9,ansel adams,0.9,3,1.48,2.26,0.813,"ansel adams 78%, annie leibovitz 17%","ansel adams 59%, <long> 30%",0.6378,0.132,1.112
r8_1611_skin_feature,"Name a type of skin feature. Reply with only the name, nothing else.",0.65,<long> -> bench,0.5333,acne -> real,0.5409,mole -> bench,60,63,0.0,0.3,0.18,60,90,55,0.0,0.18,8.3,mole,0.95,2,1.22,22.15,0.325,"mole 28%, moles 8%","<long> 30%, mole 26%",0.6289,0.445,0.773
r8_1488_injury,"Name an injury. Reply with only the name, nothing else.",0.65,<long> -> bench,0.55,ankle sprain -> real,0.5357,ankle sprain -> real,60,63,0.0,0.3,0.18,60,90,56,0.0,0.153,8.5,sprain,0.65,5,2.86,29.11,0.13,"ankle sprain 17%, sprained ankle 12%","<long> 30%, sprain 11%",0.6031,0.355,0.916
r8_1677_submarine,"Name a submarine. Reply with only the name, nothing else.",0.65,<long> -> bench,0.5472,nautilus -> real,0.5317,uss alabama -> bench,60,63,0.0,0.3,0.18,60,90,40,0.0,0.14,8.3,nautilus,0.35,11,8.01,12.72,0.358,"nautilus 35%, uss nautilus 22%","<long> 30%, nautilus 26%",0.5914,0.233,0.824
r8_1369_fruit_climbing_plant,"Name a fruit climbing plant. Reply with only the name, nothing else.",0.65,<long> -> bench,0.5611,passionfruit -> real,0.552,banana -> bench,60,63,0.0,0.3,0.18,60,90,22,0.0,0.173,8.6,passion fruit,0.55,6,3.78,7.75,0.35,"passion fruit 35%, passionfruit 17%","<long> 30%, passion fruit 24%",0.6217,0.212,0.953
r8s_0902_carving,"Suggest a type of carving. Reply with only the name, nothing else.",0.65,<long> -> bench,0.5417,relief -> real,0.5226,wood -> bench,60,63,0.0,0.3,0.18,60,90,85,0.0,0.167,8.3,relief,0.25,10,8.23,53.88,0.163,"relief 18%, relief carving 7%","<long> 30%, relief 10%",0.6278,0.515,0.685
r8_1659_gymnastics_event,"Name a gymnastics event. Reply with only the name, nothing else.",0.65,<long> -> bench,0.5806,floor exercise -> real,0.5627,floor -> bench,60,63,0.0,0.3,0.18,60,90,18,0.0,0.173,7.8,vault,0.45,5,3.24,4.87,0.52,"vault 48%, floor exercise 28%","vault 39%, <long> 30%",0.6169,0.182,0.958
r8s_1302_gemstone_clarity,"Suggest a type of gemstone clarity. Reply with only the name, nothing else.",0.65,<long> -> bench,0.6278,vvs -> real,0.5702,flawless -> bench,60,63,0.0,0.3,0.18,60,90,18,0.0,0.173,8.3,vvs,0.7,5,2.67,6.12,0.504,"vvs 57%, vvs2 12%","vvs 31%, <long> 30%",0.6356,0.168,0.884
r8_0956_web_browser,"Name a web browser. Reply with only the name, nothing else.",0.65,chrome -> real,0.65,chrome -> real,0.5826,firefox -> bench,60,69,0.0,0.233,0.14,60,90,7,0.0,0.133,6.2,chrome,0.9,2,1.38,2.19,0.76,"chrome 83%, google chrome 10%","chrome 53%, <long> 23%",0.6481,0.127,0.889
r8s_0224_cosmetic,"Suggest a type of cosmetic. Reply with only the name, nothing else.",0.65,<long> -> bench,0.5389,moisturizer -> bench,0.5661,moisturizer -> bench,58,60,0.033,0.333,0.213,60,90,70,0.0,0.187,9.6,lipstick,0.55,5,3.12,38.34,0.212,"lipstick 15%, lip gloss 5%","<long> 33%, lipstick 18%",0.6406,0.518,0.685
r8_0224_cosmetic,"Name a cosmetic. Reply with only the name, nothing else.",0.65,<long> -> bench,0.5472,lipstick -> bench,0.6057,lipstick -> bench,58,60,0.033,0.333,0.213,60,90,73,0.0,0.167,9.2,lipstick,0.45,8,5.26,36.53,0.263,"lipstick 15%, maybelline 10%","<long> 33%, lipstick 24%",0.6467,0.498,0.789
r8_1688_mineral_in_the_body,"Name a mineral in the body. Reply with only the name, nothing else.",0.65,<long> -> bench,0.6167,calcium -> real,0.525,iron -> real,60,63,0.0,0.3,0.18,60,90,20,0.0,0.16,8.0,calcium,0.95,2,1.22,3.26,0.764,"calcium 77%, bone 5%","calcium 53%, <long> 30%",0.6656,0.235,0.865
r8s_0136_amusement_park_ride,"Suggest a type of amusement park ride. Reply with only the name, nothing else.",0.65,<long> -> bench,0.5556,wooden roller coaster -> real,0.575,ferris wheel -> bench,60,63,0.0,0.3,0.18,60,90,39,0.0,0.173,9.4,roller coaster,0.3,11,8.4,14.26,0.26,"ferris wheel 18%, roller coaster 18%","<long> 30%, ferris wheel 23%",0.6144,0.328,0.978
r8s_0195_stationery_item,"Suggest a type of stationery item. Reply with only the name, nothing else.",0.65,<long> -> bench,0.5444,ballpoint pen -> bench,0.5635,ballpoint pen -> bench,60,63,0.0,0.3,0.18,60,90,48,0.0,0.16,8.6,sticky note,0.2,13,10.72,29.69,0.122,"notepad 10%, highlighter 8%","<long> 30%, stapler 11%",0.6011,0.398,0.586
r8_0934_chemical_bond,"Name a chemical bond. Reply with only the name, nothing else.",0.65,<long> -> bench,0.5639,covalent -> real,0.525,hydrogen bond -> real,60,63,0.0,0.3,0.18,60,90,13,0.0,0.167,8.8,ionic bond,0.35,4,3.68,4.45,0.496,"covalent 48%, covalent bond 23%","covalent 36%, <long> 30%",0.645,0.202,0.901
r8s_1394_natural_landform,"Suggest a type of natural landform. Reply with only the name, nothing else.",0.65,<long> -> bench,0.5444,dune -> real,0.5421,dune -> real,60,63,0.0,0.3,0.18,60,90,35,0.0,0.16,8.1,mountain,0.4,7,5.22,16.54,0.195,"volcano 17%, valley 17%","<long> 30%, volcano 16%",0.595,0.283,0.977
r8_0881_cologne,"Name a cologne. Reply with only the name, nothing else.",0.65,<long> -> bench,0.5389,dior sauvage -> real,0.533,chanel no. 5 -> bench,58,60,0.033,0.333,0.213,60,90,54,0.0,0.167,9.6,dior sauvage,0.55,7,4.23,25.5,0.237,"dior sauvage 23%, dior 8%","<long> 33%, dior sauvage 16%",0.6017,0.373,1.014
r8_1019_restaurant_type,"Name a restaurant type. Reply with only the name, nothing else.",0.65,<long> -> bench,0.5833,italian -> real,0.5619,italian -> real,60,63,0.0,0.3,0.18,60,90,29,0.0,0.167,8.0,italian,0.45,6,4.54,12.57,0.203,"italian 27%, pizza 17%","<long> 30%, sushi 14%",0.5964,0.166,0.957
r8_0980_bus_type,"Name a bus type. Reply with only the name, nothing else.",0.65,<long> -> bench,0.5528,articulated -> real,0.5623,single-decker -> bench,60,63,0.0,0.3,0.18,60,90,66,0.0,0.167,8.1,coach,0.35,10,7.67,39.25,0.122,"double-decker 15%, articulated 12%","<long> 30%, single-decker 12%",0.6131,0.385,0.978
r8s_0297_chili_pepper,"Suggest a type of chili pepper. Reply with only the name, nothing else.",0.65,<long> -> bench,0.5778,habanero -> real,0.5349,cayenne -> real,60,63,0.0,0.3,0.18,60,90,20,0.0,0.167,9.3,habanero,0.75,3,1.99,5.0,0.431,"jalapeño 42%, habanero 37%","jalapeño 31%, <long> 30%",0.6169,0.214,0.979
r8s_0306_airplane_part,"Suggest a type of airplane part. Reply with only the name, nothing else.",0.65,<long> -> bench,0.575,propeller -> real,0.5698,wing -> bench,60,63,0.0,0.3,0.18,60,90,27,0.0,0.173,8.4,wing,0.25,11,8.6,12.58,0.236,"propeller 28%, flap 13%","<long> 30%, wing 14%",0.5969,0.252,0.858
r8_0885_dwarve,"Name a dwarve. Reply with only the name, nothing else.",0.65,<long> -> bench,0.5583,balin -> real,0.5349,thorin -> real,60,63,0.0,0.3,0.18,60,90,52,0.0,0.167,8.3,thorin,0.35,9,6.79,19.12,0.341,"balin 35%, thorin 13%","<long> 30%, balin 23%",0.6092,0.289,0.802
r8s_0243_phase_of_the_moon,"Suggest a type of phase of the moon. Reply with only the name, nothing else.",0.65,<long> -> bench,0.6111,waxing gibbous -> real,0.5873,waxing gibbous -> real,60,63,0.0,0.3,0.18,60,90,11,0.0,0.167,9.8,full moon,0.5,4,3.13,5.81,0.276,"waxing gibbous 33%, full moon 28%","<long> 30%, full moon 19%",0.6308,0.16,0.951
r8_0457_vocal_range,"Name a vocal range. Reply with only the name, nothing else.",0.65,<long> -> bench,0.5611,alto -> real,0.6052,tenor -> bench,60,63,0.0,0.3,0.18,60,90,19,0.0,0.173,8.4,tenor,0.4,6,4.61,7.53,0.358,"tenor 25%, alto 23%","tenor 32%, <long> 30%",0.6039,0.291,0.836
r8_0838_pant_style,"Name a pant style. Reply with only the name, nothing else.",0.65,<long> -> bench,0.5333,jeans -> bench,0.5476,jeans -> bench,60,63,0.0,0.3,0.18,60,90,71,0.0,0.173,8.8,jeans,0.4,9,6.43,53.93,0.065,"flare 8%, pencil 7%","<long> 30%, jeans 7%",0.5836,0.49,0.981
r8_0997_ice_formation,"Name an ice formation. Reply with only the name, nothing else.",0.65,<long> -> bench,0.5278,glacier -> real,0.5532,glacier -> bench,60,63,0.0,0.3,0.18,60,90,52,0.0,0.173,8.4,glacier,0.5,9,5.36,13.86,0.488,"glacier 43%, iceberg 7%","glacier 38%, <long> 30%",0.6172,0.417,0.886
r8_0861_cactus_flower_color,"Name a cactus flower color. Reply with only the name, nothing else.",0.65,<long> -> bench,0.6028,yellow -> real,0.5575,yellow -> real,60,63,0.0,0.3,0.18,60,90,24,0.0,0.18,7.6,pink,0.45,6,4.46,8.24,0.358,"yellow 42%, pink 15%","<long> 30%, yellow 21%",0.6169,0.309,0.961
r8_0985_caster,"Name a caster. Reply with only the name, nothing else.",0.65,<long> -> bench,0.5278,caster -> real,0.5244,shroud -> bench,58,60,0.033,0.333,0.213,60,90,100,0.0,0.18,9.2,gandalf,0.2,16,14.14,82.16,0.085,"caster 10%, <long> 3%","<long> 33%, shroud 6%",0.625,0.628,0.789
r8_1039_window_covering,"Name a type of window covering. Reply with only the name, nothing else.",0.65,<long> -> bench,0.6139,blinds -> real,0.5595,curtains -> bench,60,63,0.0,0.3,0.18,60,90,24,0.0,0.167,8.4,blinds,0.65,3,2.21,6.83,0.423,"blinds 48%, curtains 17%","<long> 30%, blinds 26%",0.6494,0.193,1.018
r8s_0383_gemstone_color,"Suggest a type of gemstone color. Reply with only the name, nothing else.",0.65,<long> -> bench,0.5833,amethyst -> real,0.5857,blue -> bench,60,63,0.0,0.3,0.18,60,90,24,0.0,0.167,8.1,emerald green,0.65,7,3.52,10.73,0.203,"amethyst 27%, sapphire 23%","<long> 30%, blue 17%",0.6083,0.262,0.944
r8s_0265_facial_feature,"Suggest a type of facial feature. Reply with only the name, nothing else.",0.65,<long> -> bench,0.5583,almond eyes -> bench,0.594,almond eyes -> bench,60,63,0.0,0.3,0.18,60,90,44,0.0,0.153,8.1,eyebrows,0.5,7,4.67,21.73,0.179,"eyebrows 17%, eyes 12%","<long> 30%, eyes 17%",0.6292,0.356,0.857
r8s_0372_dried_fruit,"Suggest a type of dried fruit. Reply with only the name, nothing else.",0.65,<long> -> bench,0.6417,raisins -> real,0.556,raisins -> real,60,63,0.0,0.3,0.18,60,90,15,0.0,0.16,8.9,raisins,0.9,2,1.38,3.9,0.626,"raisins 68%, apricots 17%","raisins 40%, <long> 30%",0.6522,0.275,0.95
r8s_0198_academic_field,"Suggest a type of academic field. Reply with only the name, nothing else.",0.65,<long> -> bench,0.5583,computer science -> real,0.5869,physics -> bench,60,63,0.0,0.3,0.18,60,90,47,0.0,0.16,8.3,computer science,0.45,9,5.89,22.97,0.22,"computer science 25%, linguistics 13%","<long> 30%, physics 13%",0.6189,0.325,0.761
r8s_0327_whale,"Suggest a type of whale. Reply with only the name, nothing else.",0.65,<long> -> bench,0.575,blue -> real,0.5607,blue -> real,60,63,0.0,0.3,0.18,60,90,20,0.0,0.173,8.3,blue whale,0.85,4,1.8,7.01,0.398,"blue whale 42%, blue 22%","<long> 30%, blue whale 27%",0.6425,0.23,0.973
r8_1043_historical_building,"Name a type of historical building. Reply with only the name, nothing else.",0.65,<long> -> bench,0.575,colosseum -> real,0.5679,colosseum -> real,60,63,0.0,0.3,0.18,60,90,30,0.0,0.167,8.5,castle,0.45,4,2.77,8.25,0.447,"cathedral 43%, colosseum 18%","cathedral 32%, <long> 30%",0.5975,0.278,0.964
r8s_0302_brush,"Suggest a type of brush. Reply with only the name, nothing else.",0.65,<long> -> bench,0.5333,round -> real,0.5417,synthetic bristle brush -> bench,58,60,0.033,0.333,0.213,60,90,78,0.0,0.2,9.5,paintbrush,0.25,16,13.37,60.41,0.068,"watercolor 7%, flat 7%","<long> 33%, synthetic 7%",0.6083,0.454,0.987
r8s_0353_flower_shape,"Suggest a type of flower shape. Reply with only the name, nothing else.",0.65,<long> -> bench,0.5472,peony -> real,0.5639,daisy -> bench,60,63,0.0,0.3,0.18,60,90,29,0.0,0.167,8.3,daisy,0.4,5,4.02,10.21,0.382,"daisy 32%, peony 15%","daisy 31%, <long> 30%",0.6128,0.315,1.033
r8s_0373_workplace,"Suggest a type of workplace. Reply with only the name, nothing else.",0.65,<long> -> bench,0.5833,co-working space -> real,0.5762,co-working space -> real,60,63,0.0,0.3,0.18,60,90,59,0.0,0.167,8.4,coworking space,0.45,6,4.46,35.51,0.122,"co-working space 20%, startup 12%","<long> 30%, tech startup 8%",0.6114,0.372,1.106
r8s_0118_breakfast_cereal,"Suggest a type of breakfast cereal. Reply with only the name, nothing else.",0.65,<long> -> bench,0.5583,granola -> real,0.5369,granola -> real,60,63,0.0,0.3,0.18,60,90,45,0.0,0.16,8.9,frosted flakes,0.35,8,5.74,17.94,0.252,"corn flakes 23%, granola 22%","<long> 30%, corn flakes 19%",0.5964,0.32,0.884
r8_1374_experiment,"Name a type of experiment. Reply with only the name, nothing else.",0.65,<long> -> bench,0.5667,controlled experiment -> real,0.5917,double-slit experiment -> bench,58,60,0.033,0.333,0.213,60,90,74,0.0,0.18,9.3,double-blind experiment,0.6,6,3.41,47.17,0.11,"controlled experiment 17%, double-blind experiment 13%","<long> 33%, double-slit experiment 12%",0.6214,0.416,1.336
r8_1327_imprisonment,"Name a type of imprisonment. Reply with only the name, nothing else.",0.65,<long> -> bench,0.5444,solitary confinement -> real,0.5206,solitary confinement -> real,60,63,0.0,0.3,0.18,60,90,53,0.0,0.173,8.5,solitary confinement,0.4,5,4.13,25.71,0.179,"solitary confinement 20%, prison 15%","<long> 30%, solitary confinement 11%",0.595,0.386,0.867
r8_1308_pegasus,"Name a type of pegasus. Reply with only the name, nothing else.",0.65,<long> -> bench,0.5583,bellerophon -> bench,0.5914,bellerophon -> bench,58,60,0.033,0.333,0.213,60,90,74,0.0,0.2,10.0,baby,0.15,15,13.78,48.65,0.11,"pegasus 8%, boreas 8%","<long> 33%, bellerophon 13%",0.6319,0.366,0.818
r8_0774_insect_mouthpart,"Name an insect mouthpart. Reply with only the name, nothing else.",0.65,<long> -> bench,0.575,mandible -> real,0.5536,labium -> real,60,63,0.0,0.3,0.18,60,90,22,0.0,0.167,8.6,mandible,0.3,12,9.25,6.4,0.48,"mandible 48%, labium 25%","mandible 33%, <long> 30%",0.6275,0.298,0.926
r8_1686_plant_leaf_type,"Name a plant leaf type. Reply with only the name, nothing else.",0.65,<long> -> bench,0.5667,lanceolate -> real,0.5595,lanceolate -> real,60,63,0.0,0.3,0.18,60,90,66,0.0,0.173,8.5,simple,0.4,9,6.43,42.64,0.106,"lanceolate 17%, pinnate 8%","<long> 30%, oval 7%",0.595,0.312,1.045
r8_1726_financial_instrument,"Name a type of financial instrument. Reply with only the name, nothing else.",0.65,<long> -> bench,0.625,stock -> real,0.55,bond -> real,60,63,0.0,0.3,0.18,60,90,17,0.0,0.173,7.3,stock,0.9,3,1.48,2.57,0.813,"stock 82%, bond 10%","stock 57%, <long> 30%",0.6414,0.234,0.97
r8_1387_political_office,"Name a political office. Reply with only the name, nothing else.",0.65,<long> -> bench,0.5889,president -> real,0.5516,president -> bench,60,63,0.0,0.3,0.18,60,90,12,0.0,0.173,7.6,president,0.95,2,1.22,1.82,0.886,"president 83%, presidential 3%","president 66%, <long> 30%",0.6458,0.163,1.087
r8_1402_ceramic_product,"Name a ceramic product. Reply with only the name, nothing else.",0.65,<long> -> bench,0.5472,porcelain -> bench,0.6425,porcelain -> bench,60,63,0.0,0.3,0.18,60,90,45,0.0,0.167,8.3,porcelain,1.0,1,1.0,12.32,0.496,"porcelain 35%, vase 8%","porcelain 44%, <long> 30%",0.5811,0.333,1.287
r8_1715_garlic,"Name a garlic. Reply with only the name, nothing else.",0.65,<long> -> bench,0.5583,allium sativum -> bench,0.5869,allium sativum -> bench,60,63,0.0,0.3,0.18,60,90,57,0.0,0.18,8.9,clove,0.3,10,7.29,20.87,0.325,"garlic 28%, clove 13%","<long> 30%, garlic 26%",0.6064,0.396,0.92
r8_1701_canvas,"Name a type of canvas. Reply with only the name, nothing else.",0.65,<long> -> bench,0.5306,canvas -> bench,0.5603,linen -> bench,60,63,0.0,0.3,0.18,60,90,75,0.0,0.18,8.1,linen,0.6,2,1.96,43.66,0.195,"linen 13%, oil 7%","<long> 30%, linen 18%",0.6028,0.496,0.846
r8_0397_king,"Name a type of king. Reply with only the name, nothing else.",0.65,<long> -> bench,0.5194,monarch -> real,0.5306,king -> bench,60,63,0.0,0.3,0.18,60,90,58,0.0,0.167,8.2,emperor,0.3,13,9.91,31.31,0.195,"pharaoh 17%, monarch 8%","<long> 30%, pharaoh 16%",0.6033,0.449,0.854
r8_0448_explorer,"Name an explorer. Reply with only the name, nothing else.",0.65,<long> -> bench,0.5611,explorer -> real,0.5606,explorer -> real,58,60,0.033,0.333,0.213,60,90,61,0.0,0.18,8.9,christopher columbus,0.9,3,1.48,22.87,0.364,"christopher columbus 30%, explorer 13%","<long> 33%, christopher columbus 28%",0.6072,0.466,0.495
r8_0417_migratory_animal,"Name a migratory animal. Reply with only the name, nothing else.",0.65,arctic tern -> real,0.65,arctic tern -> real,0.6461,arctic tern -> real,59,64,0.017,0.289,0.18,60,90,58,0.0,0.16,8.7,arctic tern,0.85,4,1.8,27.99,0.187,"arctic tern 33%, caribou 12%","<long> 29%, grizzly bear 12%",0.6533,0.371,0.954
r8s_0906_salamander,"Suggest a type of salamander. Reply with only the name, nothing else.",0.65,<long> -> bench,0.55,fire salamander -> real,0.579,axolotl -> bench,60,63,0.0,0.3,0.18,60,90,33,0.0,0.153,9.3,axolotl,0.65,5,2.99,10.36,0.431,"axolotl 35%, fire salamander 13%","axolotl 36%, <long> 30%",0.5972,0.231,1.07
r8_0436_nut,"Name a nut. Reply with only the name, nothing else.",0.65,<long> -> bench,0.5194,acorn -> real,0.5472,almond -> bench,60,63,0.0,0.3,0.18,60,90,29,0.0,0.16,8.1,almond,0.5,3,2.71,8.0,0.398,"almond 35%, walnut 23%","almond 31%, <long> 30%",0.6042,0.356,0.743
r8_0440_towel,"Name a towel. Reply with only the name, nothing else.",0.65,<long> -> bench,0.5417,microfiber -> real,0.5431,microfiber -> real,58,60,0.033,0.333,0.213,60,90,50,0.0,0.18,9.0,bath towel,0.4,6,4.11,19.63,0.322,"towel 28%, bath towel 10%","<long> 33%, towel 23%",0.6153,0.424,0.777
r8_0009_galaxy,"Name a galaxy. Reply with only the name, nothing else.",0.65,<long> -> bench,0.5556,andromeda -> real,0.5563,andromeda -> bench,60,63,0.0,0.3,0.18,60,90,20,0.0,0.153,8.7,andromeda,0.8,2,1.65,3.47,0.691,"andromeda 63%, milky way 18%","andromeda 52%, <long> 30%",0.6156,0.114,0.911
r8_0375_geological_period,"Name a geological period. Reply with only the name, nothing else.",0.65,<long> -> bench,0.5806,jurassic -> real,0.5401,jurassic -> real,60,63,0.0,0.3,0.18,60,90,19,0.0,0.167,8.5,cretaceous,0.45,6,3.77,6.18,0.39,"cretaceous 37%, jurassic 35%","<long> 30%, cretaceous 29%",0.5975,0.226,0.986
r8s_1728_social_insect,"Suggest a type of social insect. Reply with only the name, nothing else.",0.65,<long> -> bench,0.5917,ant -> real,0.5429,bee -> real,60,63,0.0,0.3,0.18,60,90,12,0.0,0.16,7.5,ant,0.75,3,2.08,2.82,0.74,"ant 72%, bee 13%","ant 53%, <long> 30%",0.6264,0.168,1.025
r8s_0440_towel,"Suggest a type of towel. Reply with only the name, nothing else.",0.65,<long> -> bench,0.5667,bamboo -> real,0.5607,bath towel -> bench,60,63,0.0,0.3,0.18,60,90,44,0.0,0.167,8.6,bath towel,0.4,5,3.84,21.54,0.179,"microfiber 18%, bamboo 17%","<long> 30%, bath towel 17%",0.6225,0.315,0.923
r8_0805_cooking_vessel,"Name a cooking vessel. Reply with only the name, nothing else.",0.65,<long> -> bench,0.5417,pan -> real,0.5988,pot -> bench,60,63,0.0,0.3,0.18,60,90,21,0.0,0.16,7.6,pot,0.85,2,1.53,5.18,0.618,"pot 52%, pan 12%","pot 50%, <long> 30%",0.6036,0.31,1.066
r8s_1682_legume,"Suggest a type of legume. Reply with only the name, nothing else.",0.65,<long> -> bench,0.6028,chickpeas -> real,0.5861,bean -> bench,60,63,0.0,0.3,0.18,60,90,34,0.0,0.167,8.8,chickpeas,0.25,6,5.07,15.12,0.236,"chickpeas 32%, lentil 17%","<long> 30%, bean 16%",0.6317,0.34,0.875
r8s_0464_yogurt,"Suggest a type of yogurt. Reply with only the name, nothing else.",0.65,<long> -> bench,0.5889,greek yogurt -> real,0.5556,greek yogurt -> real,60,63,0.0,0.3,0.18,60,90,37,0.0,0.18,8.4,greek yogurt,0.55,6,3.58,7.96,0.439,"greek 42%, greek yogurt 33%","greek 32%, <long> 30%",0.6214,0.382,0.893
r8_0710_animal_feather_type,"Name an animal feather type. Reply with only the name, nothing else.",0.65,<long> -> bench,0.5389,quill -> real,0.5389,quail -> bench,60,63,0.0,0.3,0.18,60,90,52,0.0,0.173,8.2,down,0.25,11,8.82,30.67,0.114,"owl 13%, ostrich 12%","<long> 30%, quail 8%",0.5908,0.368,0.796
r8_0332_coffee_roast,"Name a coffee roast. Reply with only the name, nothing else.",0.65,<long> -> bench,0.5611,ethiopian yirgacheffe -> real,0.5607,medium -> bench,60,63,0.0,0.3,0.18,60,90,49,0.0,0.167,8.7,espresso,0.35,7,5.42,23.25,0.179,"ethiopian yirgacheffe 17%, espresso 15%","<long> 30%, medium 17%",0.5892,0.33,1.014
r8s_0572_compass_direction,"Suggest a type of compass direction. Reply with only the name, nothing else.",0.65,<long> -> bench,0.6278,north -> real,0.5167,east -> real,60,63,0.0,0.3,0.18,60,90,12,0.0,0.173,7.3,north,1.0,1,1.0,1.91,0.87,"north 87%, northeast 5%","north 61%, <long> 30%",0.6361,0.207,0.719
r8s_1544_track_and_field_event,"Suggest a type of track and field event. Reply with only the name, nothing else.",0.65,<long> -> bench,0.5694,100-meter dash -> real,0.5702,100m -> bench,60,63,0.0,0.3,0.18,60,90,24,0.0,0.173,9.7,high jump,0.35,6,4.68,14.65,0.138,"100-meter dash 18%, 100m sprint 10%","<long> 30%, 100m 13%",0.6017,0.341,1.011
r8s_1655_file_format,"Suggest a type of file format. Reply with only the name, nothing else.",0.65,<long> -> bench,0.5333,pdf -> real,0.5238,py -> bench,60,63,0.0,0.3,0.18,60,90,47,0.0,0.153,7.2,pdf,0.85,4,1.8,18.66,0.317,"pdf 30%, json 12%","<long> 30%, pdf 23%",0.6061,0.346,0.562
r8s_0476_flower_part,"Suggest a type of flower part. Reply with only the name, nothing else.",0.65,<long> -> bench,0.5667,petal -> real,0.5583,sepal -> real,60,63,0.0,0.3,0.18,60,90,13,0.0,0.16,8.2,petal,0.8,3,1.85,3.78,0.593,"petal 57%, stamen 20%","petal 43%, <long> 30%",0.6136,0.211,0.837
r8s_0064_pastry,"Suggest a type of pastry. Reply with only the name, nothing else.",0.65,<long> -> bench,0.6083,croissant -> real,0.5369,croissant -> real,60,63,0.0,0.3,0.18,60,90,44,0.0,0.167,8.5,croissant,0.85,4,1.8,11.38,0.512,"croissant 55%, eclair 3%","croissant 33%, <long> 30%",0.6236,0.408,0.906
r8s_0796_purse,"Suggest a type of purse. Reply with only the name, nothing else.",0.65,<long> -> bench,0.5528,clutch -> real,0.5706,wallet -> bench,60,63,0.0,0.3,0.18,60,90,46,0.0,0.173,8.2,tote,0.4,5,3.85,18.53,0.228,"clutch 25%, tote 20%","<long> 30%, clutch 14%",0.6061,0.327,1.014
r8_1066_rotor,"Name a rotor. Reply with only the name, nothing else.",0.65,<long> -> bench,0.525,blade -> real,0.525,blade -> real,60,63,0.0,0.3,0.18,60,90,100,0.0,0.173,8.4,rotor,0.15,17,15.83,81.48,0.089,"rotor 10%, stator 5%","<long> 30%, rotor 6%",0.6178,0.538,0.863
r8_1293_medical_equipment,"Name a type of medical equipment. Reply with only the name, nothing else.",0.65,<long> -> bench,0.5917,stethoscope -> real,0.5421,defibrillator -> real,60,63,0.0,0.3,0.18,60,90,18,0.0,0.18,8.9,stethoscope,0.9,2,1.38,4.29,0.659,"stethoscope 65%, defibrillator 10%","stethoscope 47%, <long> 30%",0.6047,0.305,1.007
r8s_0137_salad_ingredient,"Suggest a type of salad ingredient. Reply with only the name, nothing else.",0.65,<long> -> bench,0.5778,arugula -> real,0.5754,arugula -> real,60,63,0.0,0.3,0.18,60,90,28,0.0,0.167,8.7,cucumber,0.3,9,6.8,8.43,0.488,"cucumber 47%, arugula 17%","cucumber 36%, <long> 30%",0.6086,0.353,1.084
r8s_1229_choir,"Suggest a type of choir. Reply with only the name, nothing else.",0.65,<long> -> bench,0.5361,cappella -> bench,0.5552,cappella -> bench,60,63,0.0,0.3,0.18,60,90,56,0.0,0.167,8.6,choir,0.15,11,9.91,33.97,0.122,"choir 12%, chamber choir 10%","<long> 30%, cappella 9%",0.6108,0.399,0.846
r8_0195_stationery_item,"Name a stationery item. Reply with only the name, nothing else.",0.65,<long> -> bench,0.5917,stapler -> real,0.5774,stapler -> real,60,63,0.0,0.3,0.18,60,90,22,0.0,0.18,8.2,pencil,0.55,3,2.33,7.94,0.333,"pencil 28%, stapler 25%","<long> 30%, pencil 27%",0.6108,0.24,0.858
r8s_1702_part_of_a_book,"Suggest a type of part of a book. Reply with only the name, nothing else.",0.65,<long> -> bench,0.5556,table of contents -> real,0.5508,table of contents -> real,60,63,0.0,0.3,0.18,60,90,44,0.0,0.173,7.9,chapter,0.45,7,4.35,15.33,0.35,"chapter 35%, table of contents 13%","<long> 30%, chapter 24%",0.6233,0.299,1.162
r8s_0142_construction_material,"Suggest a type of construction material. Reply with only the name, nothing else.",0.65,<long> -> bench,0.5528,concrete -> real,0.521,concrete -> bench,60,63,0.0,0.3,0.18,60,90,20,0.0,0.18,7.9,concrete,0.5,3,2.71,6.01,0.472,"concrete 45%, steel 18%","concrete 34%, <long> 30%",0.61,0.212,0.986
r8_0136_amusement_park_ride,"Name an amusement park ride. Reply with only the name, nothing else.",0.65,<long> -> bench,0.5806,teacups -> real,0.5909,roller coaster -> bench,60,63,0.0,0.3,0.18,60,90,58,0.0,0.173,9.2,ferris wheel,0.3,15,11.68,24.32,0.276,"roller coaster 18%, teacups 18%","<long> 30%, roller coaster 26%",0.595,0.224,0.895
r8s_1555_troll,"Suggest a type of troll. Reply with only the name, nothing else.",0.65,<long> -> bench,0.5167,keyboard warrior -> real,0.5172,keyboard warrior -> real,58,60,0.033,0.333,0.213,60,90,110,0.0,0.18,9.3,pony,0.05,20,20.0,103.93,0.042,"<long> 3%, troll 3%","<long> 33%, troll 3%",0.6314,0.706,0.914
r8s_1088_castle_feature,"Suggest a type of castle feature. Reply with only the name, nothing else.",0.65,<long> -> bench,0.5667,keep -> bench,0.6024,keep -> bench,60,63,0.0,0.3,0.18,60,90,76,0.0,0.173,8.4,arrow slit,0.2,15,13.2,49.16,0.138,"barbican 10%, turret 7%","<long> 30%, keep 17%",0.6031,0.435,0.818
r8_0011_grain,"Name a grain. Reply with only the name, nothing else.",0.65,<long> -> bench,0.5667,wheat -> real,0.5337,barley -> real,60,63,0.0,0.3,0.18,60,90,51,0.0,0.167,8.0,wheat,0.65,4,2.52,15.6,0.431,"wheat 43%, barley 8%","<long> 30%, wheat 30%",0.6128,0.384,0.781
r8_1305_pottery_type,"Name a pottery type. Reply with only the name, nothing else.",0.65,<long> -> bench,0.6111,raku -> real,0.6016,raku -> real,60,63,0.0,0.3,0.18,60,90,62,0.0,0.167,8.9,stoneware,0.6,9,4.5,34.75,0.163,"raku 27%, stoneware 22%","<long> 30%, delftware 7%",0.6367,0.418,0.996
r8_1763_pollen,"Name a pollen. Reply with only the name, nothing else.",0.65,<long> -> bench,0.5472,dandelion -> real,0.5532,oak -> bench,60,63,0.0,0.3,0.18,60,90,43,0.0,0.147,8.0,oak,0.25,12,9.87,19.14,0.187,"dandelion 18%, pollen 15%","<long> 30%, pollen 16%",0.6008,0.353,0.661
r8s_0791_spinach,"Suggest a type of spinach. Reply with only the name, nothing else.",0.65,<long> -> bench,0.5361,baby spinach -> real,0.523,bok choy -> bench,60,63,0.0,0.3,0.18,60,90,50,0.0,0.173,8.7,baby spinach,0.5,8,5.0,20.0,0.252,"baby spinach 25%, spinach 20%","<long> 30%, baby spinach 18%",0.6167,0.231,0.953
r8_1074_toxin,"Name a toxin. Reply with only the name, nothing else.",0.65,<long> -> bench,0.6222,cyanide -> real,0.598,cyanide -> real,58,60,0.033,0.333,0.213,60,90,45,0.0,0.2,9.8,cyanide,0.35,8,5.52,18.51,0.28,"cyanide 37%, arsenic 15%","<long> 33%, cyanide 12%",0.6258,0.294,0.833
r8s_1366_rainforest_animal,"Suggest a type of rainforest animal. Reply with only the name, nothing else.",0.65,<long> -> bench,0.5556,jaguar -> real,0.5615,tapir -> bench,60,63,0.0,0.3,0.18,60,90,24,0.0,0.167,8.8,jaguar,0.65,8,3.78,5.13,0.61,"jaguar 57%, tapir 8%","jaguar 46%, <long> 30%",0.61,0.298,1.066
r8_1910_war_weapon,"Name a war weapon. Reply with only the name, nothing else.",0.65,<long> -> bench,0.525,tank -> real,0.5532,grenade -> bench,60,63,0.0,0.3,0.18,60,90,68,0.0,0.167,8.3,machine gun,0.25,10,8.37,45.3,0.154,"grenade 10%, sword 5%","<long> 30%, grenade 14%",0.585,0.452,0.95
r8_1289_park_feature,"Name a type of park feature. Reply with only the name, nothing else.",0.65,<long> -> bench,0.65,playground -> real,0.5929,playground -> real,60,63,0.0,0.3,0.18,60,90,33,0.0,0.173,8.1,playground,0.6,7,3.92,9.52,0.472,"playground 57%, bench 7%","<long> 30%, playground 27%",0.6247,0.383,0.941
r8_0495_egg_dish,"Name an egg dish. Reply with only the name, nothing else.",0.65,<long> -> bench,0.5306,shakshuka -> real,0.5786,scrambled eggs -> bench,60,63,0.0,0.3,0.18,60,90,36,0.0,0.167,9.4,scrambled eggs,0.65,4,2.72,11.25,0.447,"scrambled eggs 37%, shakshuka 8%","scrambled eggs 37%, <long> 30%",0.6081,0.313,0.917
r8_0579_chord,"Name a chord. Reply with only the name, nothing else.",0.65,<long> -> bench,0.6194,c major -> real,0.5667,c major -> real,58,60,0.033,0.333,0.213,60,90,50,0.0,0.2,9.1,c,0.6,5,3.01,15.57,0.432,"c major 48%, c 7%","<long> 33%, c major 24%",0.6567,0.234,0.933
r8_1302_gemstone_clarity,"Name a gemstone clarity. Reply with only the name, nothing else.",0.65,<long> -> bench,0.5306,vvs -> real,0.548,flawless -> bench,60,63,0.0,0.3,0.18,60,90,24,0.0,0.173,8.5,vvs,0.7,4,2.39,5.41,0.423,"vvs 38%, flawless 32%","vvs 32%, <long> 30%",0.6017,0.219,0.766
r8_0555_sculpture_material,"Name a sculpture material. Reply with only the name, nothing else.",0.65,marble -> real,0.65,marble -> real,0.5281,marble -> real,60,64,0.0,0.289,0.173,60,90,6,0.0,0.167,8.2,marble,0.85,2,1.53,1.61,0.871,"marble 90%, bronze 10%","marble 60%, <long> 29%",0.6272,0.131,0.865
r8s_0760_childhood_game,"Suggest a type of childhood game. Reply with only the name, nothing else.",0.65,<long> -> bench,0.5583,hide and seek -> real,0.5611,tag -> bench,60,63,0.0,0.3,0.18,60,90,28,0.0,0.167,8.1,hide and seek,0.4,6,4.11,6.53,0.496,"tag 43%, hide and seek 25%","tag 39%, <long> 30%",0.6014,0.212,1.092
r8_0634_music_notation,"Name a music notation. Reply with only the name, nothing else.",0.65,<long> -> bench,0.5639,clef -> real,0.5377,clef -> real,60,63,0.0,0.3,0.18,60,90,60,0.0,0.16,8.2,clef,0.35,12,8.58,32.15,0.211,"clef 25%, staff 7%","<long> 30%, clef 12%",0.6033,0.479,0.863
r8s_0731_alien_species,"Suggest an alien species. Reply with only the name, nothing else.",0.65,<long> -> bench,0.5389,xyloph -> real,0.5337,xylothians -> real,60,63,0.0,0.3,0.18,60,90,64,0.0,0.167,9.6,xyloth,0.2,14,11.99,38.94,0.106,"xyloph 13%, xylosians 8%","<long> 30%, xyloth 7%",0.6422,0.32,1.002
r8_1098_textile,"Name a textile. Reply with only the name, nothing else.",0.65,<long> -> bench,0.6,silk -> real,0.6683,cotton -> bench,60,63,0.0,0.3,0.18,60,90,32,0.0,0.167,8.2,cotton,0.85,4,1.8,9.68,0.439,"cotton 27%, silk 23%","cotton 42%, <long> 30%",0.6156,0.349,1.017
r8_1048_laboratory_apparatus,"Name a type of laboratory apparatus. Reply with only the name, nothing else.",0.65,<long> -> bench,0.6167,bunsen burner -> real,0.6024,bunsen burner -> real,60,63,0.0,0.3,0.18,60,90,16,0.0,0.16,8.6,beaker,0.55,5,3.12,7.03,0.309,"beaker 35%, bunsen burner 30%","<long> 30%, beaker 19%",0.6825,0.185,0.891
r8s_0712_fish,"Suggest a type of fish. Reply with only the name, nothing else.",0.65,<long> -> bench,0.5806,salmon -> real,0.5171,betta -> real,60,63,0.0,0.3,0.18,60,90,42,0.0,0.167,8.4,salmon,0.75,4,2.23,12.41,0.472,"salmon 48%, cod 5%","salmon 32%, <long> 30%",0.6142,0.252,0.914
r8s_0720_form_of_media,"Suggest a type of form of media. Reply with only the name, nothing else.",0.65,<long> -> bench,0.5472,podcast -> real,0.5385,video -> bench,60,63,0.0,0.3,0.18,60,90,66,0.0,0.16,7.7,podcast,0.7,7,3.15,37.74,0.154,"podcast 18%, documentary 10%","<long> 30%, video 9%",0.6142,0.445,0.7
r8s_0097_string_instrument,"Suggest a type of string instrument. Reply with only the name, nothing else.",0.65,<long> -> bench,0.5861,cello -> real,0.5754,violin -> bench,60,63,0.0,0.3,0.18,60,90,13,0.0,0.167,8.2,violin,0.95,2,1.22,4.07,0.577,"violin 50%, cello 25%","violin 46%, <long> 30%",0.6028,0.192,1.01
r8s_0448_explorer,"Suggest a type of explorer. Reply with only the name, nothing else.",0.65,<long> -> bench,0.525,file explorer -> real,0.5389,tree -> bench,60,63,0.0,0.3,0.18,60,90,85,0.0,0.167,8.3,cartographer,0.3,9,6.71,62.26,0.073,"explorer 8%, file explorer 5%","<long> 30%, tree 8%",0.6244,0.564,0.513
r8_0715_sour_candy,"Name a sour candy. Reply with only the name, nothing else.",0.65,<long> -> bench,0.5972,warheads -> real,0.6099,lemonhead -> bench,60,63,0.0,0.3,0.18,60,90,56,0.0,0.14,8.5,warheads,0.75,5,2.45,27.97,0.163,"warheads 25%, lemon 8%","<long> 30%, lemonhead 19%",0.6358,0.312,0.998
r8_0079_cat_breed,"Name a cat breed. Reply with only the name, nothing else.",0.65,<long> -> bench,0.5917,maine coon -> real,0.5774,maine coon -> real,60,63,0.0,0.3,0.18,60,90,17,0.0,0.16,8.7,siamese,0.55,4,3.07,6.0,0.366,"siamese 33%, persian 27%","<long> 30%, siamese 28%",0.5986,0.194,0.935
r8s_0535_stove,"Suggest a type of stove. Reply with only the name, nothing else.",0.65,<long> -> bench,0.5472,gas -> bench,0.5925,gas -> bench,60,63,0.0,0.3,0.18,60,90,39,0.0,0.173,8.2,induction stove,0.35,6,4.48,12.21,0.341,"induction 33%, gas 12%","<long> 30%, induction 24%",0.6133,0.193,1.001
r8s_1446_garden_item,"Suggest a type of garden item. Reply with only the name, nothing else.",0.65,<long> -> bench,0.525,lavender -> real,0.525,lavender -> real,60,63,0.0,0.3,0.18,60,90,80,0.0,0.167,8.5,bird bath,0.15,14,12.2,59.69,0.089,"tomato 10%, rose 5%","<long> 30%, tomato 6%",0.6175,0.39,0.844
r8s_1210_pet_category,"Suggest a pet category. Reply with only the name, nothing else.",0.65,<long> -> bench,0.5667,dogs -> bench,0.6238,dogs -> bench,60,63,0.0,0.3,0.18,60,90,48,0.0,0.147,7.9,dogs,0.45,8,4.98,20.4,0.26,"dogs 13%, dog 10%","<long> 30%, dogs 27%",0.5997,0.371,0.715
r8s_1155_dessert_topping,"Suggest a type of dessert topping. Reply with only the name, nothing else.",0.65,<long> -> bench,0.6444,whipped cream -> real,0.5992,whipped cream -> real,60,63,0.0,0.3,0.18,60,90,34,0.0,0.18,8.7,whipped cream,0.7,5,2.67,10.05,0.398,"whipped cream 50%, caramel 15%","<long> 30%, whipped cream 21%",0.6275,0.221,0.973
r8_1088_castle_feature,"Name a type of castle feature. Reply with only the name, nothing else.",0.65,<long> -> bench,0.5333,battlement -> real,0.5313,bartizan -> bench,60,63,0.0,0.3,0.18,60,90,35,0.0,0.173,8.4,keep,0.4,10,6.89,20.01,0.203,"keep 18%, battlement 10%","<long> 30%, keep 16%",0.5975,0.351,0.976
r8_1130_light_switch_type,"Name a light switch type. Reply with only the name, nothing else.",0.65,<long> -> bench,0.5306,toggle -> real,0.5385,toggle -> bench,60,63,0.0,0.3,0.18,60,90,42,0.0,0.153,7.7,toggle,0.55,3,2.33,12.5,0.423,"toggle 38%, dimmer 12%","toggle 32%, <long> 30%",0.6092,0.358,1.015
r8_1853_photography_term,"Name a photography term. Reply with only the name, nothing else.",0.65,<long> -> bench,0.5556,bokeh -> real,0.5472,iso -> bench,60,63,0.0,0.3,0.18,60,90,32,0.0,0.18,8.5,aperture,0.5,7,4.67,12.99,0.228,"aperture 23%, bokeh 20%","<long> 30%, aperture 16%",0.6011,0.375,1.022
r8_0670_song_genre,"Name a song genre. Reply with only the name, nothing else.",0.65,<long> -> bench,0.6028,jazz -> real,0.5361,jazz -> real,60,63,0.0,0.3,0.18,60,90,15,0.0,0.167,7.7,jazz,0.55,3,2.33,4.5,0.48,"jazz 52%, rock 32%","jazz 31%, <long> 30%",0.6117,0.217,0.94
r8_0053_nocturnal_animal,"Name a nocturnal animal. Reply with only the name, nothing else.",0.65,owl -> real,0.65,owl -> real,0.6034,owl -> real,60,73,0.0,0.189,0.113,60,90,12,0.0,0.093,5.9,owl,0.8,4,2.03,3.01,0.586,"owl 70%, bat 27%","owl 40%, bat 29%",0.6211,0.137,0.841
r8s_1581_period_of_the_day,"Suggest a type of period of the day. Reply with only the name, nothing else.",0.65,<long> -> bench,0.5611,afternoon -> real,0.627,morning -> bench,60,63,0.0,0.3,0.18,60,90,25,0.0,0.173,7.8,morning,0.8,4,2.03,7.21,0.463,"morning 33%, afternoon 23%","morning 41%, <long> 30%",0.59,0.266,0.789
r8_1788_printmaking,"Name a type of printmaking. Reply with only the name, nothing else.",0.65,<long> -> bench,0.55,monoprint -> real,0.6151,lithography -> bench,60,63,0.0,0.3,0.18,60,90,16,0.0,0.18,9.0,lithography,0.55,4,3.03,4.27,0.618,"lithography 50%, etching 17%","lithography 51%, <long> 30%",0.595,0.293,1.125
r8_0078_canyon,"Name a canyon. Reply with only the name, nothing else.",0.65,grand canyon -> real,0.65,grand canyon -> real,0.5346,grand canyon -> real,60,65,0.0,0.278,0.167,60,90,19,0.0,0.153,7.9,grand canyon,1.0,1,1.0,2.19,0.864,"grand canyon 90%, grand 2%","grand canyon 60%, <long> 28%",0.6397,0.148,0.994
r8s_1061_castle_part,"Suggest a type of castle part. Reply with only the name, nothing else.",0.65,<long> -> bench,0.5528,turret -> real,0.5607,keep -> bench,60,63,0.0,0.3,0.18,60,90,45,0.0,0.167,8.0,keep,0.6,7,3.82,19.61,0.228,"turret 25%, battlement 13%","<long> 30%, keep 17%",0.5997,0.339,0.859
r8s_1452_light_fixture,"Suggest a type of light fixture. Reply with only the name, nothing else.",0.65,<long> -> bench,0.5667,pendant light -> real,0.5397,led -> bench,60,63,0.0,0.3,0.18,60,90,44,0.0,0.167,8.6,pendant light,0.55,6,3.78,13.18,0.35,"pendant 37%, pendant light 27%","<long> 30%, pendant 23%",0.6578,0.309,0.853
r8s_1526_body_of_land,"Suggest a type of body of land. Reply with only the name, nothing else.",0.65,<long> -> bench,0.5528,island -> real,0.525,lake -> real,60,63,0.0,0.3,0.18,60,90,33,0.0,0.16,8.1,island,0.45,5,3.24,10.21,0.35,"peninsula 33%, island 28%","<long> 30%, peninsula 26%",0.6064,0.305,0.67
r8s_1039_window_covering,"Suggest a type of window covering. Reply with only the name, nothing else.",0.65,<long> -> bench,0.5444,curtains -> bench,0.5706,curtains -> bench,60,63,0.0,0.3,0.18,60,90,46,0.0,0.18,8.8,blinds,0.5,5,3.59,18.7,0.325,"blinds 27%, roman shade 8%","<long> 30%, blinds 27%",0.6086,0.374,0.984
r8_1483_pocket_type,"Name a pocket type. Reply with only the name, nothing else.",0.65,<long> -> bench,0.5167,fob -> real,0.5167,fob -> real,60,63,0.0,0.3,0.18,60,90,116,0.0,0.16,7.9,zippered,0.15,16,14.77,111.92,0.024,"zip 3%, fob 3%","<long> 30%, pocket 2%",0.585,0.697,0.946
r8s_1901_cheese_texture,"Suggest a type of cheese texture. Reply with only the name, nothing else.",0.65,<long> -> bench,0.5972,brie -> real,0.5853,brie -> real,60,63,0.0,0.3,0.18,60,90,40,0.0,0.167,8.2,creamy,0.25,11,9.46,17.83,0.268,"cheddar 30%, brie 25%","<long> 30%, cheddar 17%",0.5997,0.377,0.921
r8s_1902_mountain_rock,"Suggest a type of mountain rock. Reply with only the name, nothing else.",0.65,<long> -> bench,0.625,granite -> real,0.5083,fels -> real,60,63,0.0,0.3,0.18,60,90,21,0.0,0.173,8.3,granite,1.0,1,1.0,2.75,0.813,"granite 82%, limestone 3%","granite 57%, <long> 30%",0.6403,0.216,1.129
r8s_1789_food_flavor,"Suggest a type of food flavor. Reply with only the name, nothing else.",0.65,spicy -> real,0.65,spicy -> real,0.6245,vanilla -> bench,60,64,0.0,0.289,0.173,60,90,58,0.0,0.153,8.1,spicy,0.25,12,9.62,22.51,0.306,"spicy 43%, truffle 5%","<long> 29%, vanilla 19%",0.6458,0.361,0.929
r8_1567_seashell,"Name a seashell. Reply with only the name, nothing else.",0.65,conch -> real,0.65,conch -> real,0.5995,conch -> real,60,73,0.0,0.189,0.113,60,90,39,0.0,0.113,6.5,conch,0.6,5,3.01,6.95,0.624,"conch 73%, cowrie 3%","conch 43%, <long> 19%",0.6667,0.315,0.881
r8_1572_story_type,"Name a story type. Reply with only the name, nothing else.",0.65,<long> -> bench,0.5444,fantasy -> real,0.5575,fable -> bench,60,63,0.0,0.3,0.18,60,90,44,0.0,0.167,8.3,fable,0.65,4,2.67,16.08,0.309,"fable 25%, fantasy 13%","<long> 30%, fable 26%",0.5961,0.353,0.777
r8s_1938_grain_crop,"Suggest a type of grain crop. Reply with only the name, nothing else.",0.65,<long> -> bench,0.5694,wheat -> real,0.5417,rice -> real,60,63,0.0,0.3,0.18,60,90,20,0.0,0.16,8.3,wheat,0.9,2,1.38,5.49,0.569,"wheat 55%, barley 15%","wheat 41%, <long> 30%",0.6131,0.192,1.135
r8_1556_flash,"Name a flash. Reply with only the name, nothing else.",0.65,<long> -> bench,0.6111,flash -> real,0.5802,flash -> real,60,63,0.0,0.3,0.18,60,90,88,0.0,0.147,7.9,flash,0.2,15,13.2,43.73,0.285,"flash 37%, thor 3%","<long> 30%, flash 14%",0.625,0.539,0.721
r8s_1855_food_group,"Suggest a type of food group. Reply with only the name, nothing else.",0.65,<long> -> bench,0.5639,dairy -> real,0.5448,dairy -> real,60,63,0.0,0.3,0.18,60,90,31,0.0,0.167,8.4,vegetables,0.35,6,5.0,13.86,0.228,"dairy 22%, vegetables 20%","<long> 30%, vegetables 18%",0.6003,0.283,1.032
r8_1436_unpleasant_smell,"Name an unpleasant smell. Reply with only the name, nothing else.",0.65,<long> -> bench,0.5694,rotten eggs -> bench,0.6099,rotten eggs -> bench,60,63,0.0,0.3,0.18,60,90,68,0.0,0.16,8.5,rotten eggs,0.25,9,7.68,39.31,0.163,"code smell 10%, sewage 8%","<long> 30%, rotten eggs 19%",0.5994,0.513,0.72
r8_0896_method_of_storytelling,"Name a type of method of storytelling. Reply with only the name, nothing else.",0.65,<long> -> bench,0.5667,fable -> real,0.5452,fable -> real,60,63,0.0,0.3,0.18,60,90,61,0.0,0.167,8.4,fable,0.2,10,8.48,35.43,0.187,"fable 23%, epistolary 13%","<long> 30%, fable 10%",0.5911,0.442,0.87
r8_0425_rock_formation,"Name a rock formation. Reply with only the name, nothing else.",0.65,<long> -> bench,0.5444,arches -> real,0.5556,grand canyon -> bench,60,63,0.0,0.3,0.18,60,90,80,0.0,0.173,8.9,grand canyon,0.35,12,8.58,53.01,0.138,"arches 17%, delicate arch 7%","<long> 30%, grand canyon 8%",0.6006,0.453,0.877
r8s_1984_unit_of_time,"Suggest a type of unit of time. Reply with only the name, nothing else.",0.65,<long> -> bench,0.5694,second -> bench,0.6313,second -> bench,60,63,0.0,0.3,0.18,60,90,36,0.0,0.153,7.4,second,0.5,9,5.51,15.84,0.285,"hour 15%, second 15%","<long> 30%, second 29%",0.6183,0.358,0.713
r8s_1920_gymnastics_event,"Suggest a type of gymnastics event. Reply with only the name, nothing else.",0.65,<long> -> bench,0.5556,rhythmic gymnastics -> real,0.55,balance beam -> real,60,63,0.0,0.3,0.18,60,90,25,0.0,0.173,8.8,vault,0.25,14,11.34,8.51,0.26,"trampoline 25%, vault 23%","<long> 30%, vault 20%",0.6064,0.199,0.951
r8s_1859_ball_sport_position,"Suggest a type of ball sport position. Reply with only the name, nothing else.",0.65,<long> -> bench,0.5583,goalkeeper -> real,0.5583,goalkeeper -> real,60,63,0.0,0.3,0.18,60,90,32,0.0,0.16,7.9,point guard,0.55,7,4.23,15.46,0.236,"pitcher 25%, point guard 17%","<long> 30%, pitcher 16%",0.6028,0.335,0.957
r8_0004_amphibian,"Name an amphibian. Reply with only the name, nothing else.",0.65,<long> -> bench,0.6444,frog -> real,0.5234,salamander -> bench,60,63,0.0,0.3,0.18,60,90,17,0.0,0.173,8.2,frog,1.0,1,1.0,2.27,0.846,"frog 87%, erinaceus 2%","frog 58%, <long> 30%",0.6503,0.182,1.065
r8_1107_lettuce,"Name a lettuce. Reply with only the name, nothing else.",0.65,<long> -> bench,0.5722,lettuce -> real,0.5603,lettuce -> real,60,63,0.0,0.3,0.18,60,90,33,0.0,0.167,8.5,romaine,0.55,4,3.03,8.6,0.48,"romaine 47%, lettuce 20%","romaine 34%, <long> 30%",0.6047,0.308,0.783
r8_1062_music_festival,"Name a music festival. Reply with only the name, nothing else.",0.65,<long> -> bench,0.6083,coachella -> real,0.5905,glastonbury -> bench,60,63,0.0,0.3,0.18,60,90,16,0.0,0.18,9.7,glastonbury,0.85,3,1.68,3.52,0.626,"glastonbury 53%, coachella 32%","glastonbury 50%, <long> 30%",0.6039,0.116,1.02
r8_1138_chain,"Name a chain. Reply with only the name, nothing else.",0.65,<long> -> bench,0.55,kfc -> real,0.55,mcdonalds -> real,60,63,0.0,0.3,0.18,60,90,105,0.0,0.147,8.0,kfc,0.35,10,7.16,90.07,0.049,"mcdonalds 10%, kfc 10%","<long> 30%, chain 6%",0.5994,0.607,0.758
r8s_0021_body_part,"Suggest a type of body part. Reply with only the name, nothing else.",0.65,<long> -> bench,0.5917,hand -> bench,0.6417,hand -> bench,60,63,0.0,0.3,0.18,60,90,47,0.0,0.167,7.6,finger,0.4,9,6.16,23.03,0.195,"finger 15%, elbow 10%","<long> 30%, hand 23%",0.6214,0.395,0.859
r8_1170_texture_in_music,"Name a texture in music. Reply with only the name, nothing else.",0.65,<long> -> bench,0.525,granular -> real,0.5335,timbre -> bench,56,57,0.067,0.367,0.247,60,90,75,0.0,0.22,9.9,staccato,0.2,16,14.14,46.41,0.212,"timbre 17%, <long> 7%","<long> 37%, timbre 16%",0.6231,0.546,0.875
r8s_0026_crustacean,"Suggest a type of crustacean. Reply with only the name, nothing else.",0.65,<long> -> bench,0.65,lobster -> real,0.6143,lobster -> real,60,63,0.0,0.3,0.18,60,90,19,0.0,0.16,8.3,crab,0.65,4,2.52,5.73,0.382,"lobster 47%, crab 28%","crab 33%, <long> 30%",0.6108,0.339,1.043
r8_0010_currency,"Name a currency. Reply with only the name, nothing else.",0.65,<long> -> bench,0.5556,euro -> real,0.5718,dollar -> bench,60,63,0.0,0.3,0.18,60,90,20,0.0,0.16,7.3,dollar,0.65,6,3.29,7.21,0.39,"dollar 32%, usd 17%","dollar 32%, <long> 30%",0.5925,0.25,1.071
r8_0460_scarf,"Name a scarf. Reply with only the name, nothing else.",0.65,<long> -> bench,0.5389,infinity -> real,0.527,infinity -> real,60,63,0.0,0.3,0.18,60,90,78,0.0,0.147,8.1,infinity,0.25,13,10.14,51.48,0.106,"infinity 13%, pashmina 8%","<long> 30%, scarf 8%",0.595,0.435,0.8
r8_1594_wave_type,"Name a wave type. Reply with only the name, nothing else.",0.65,<long> -> bench,0.5611,sine -> real,0.5853,electromagnetic -> bench,60,63,0.0,0.3,0.18,60,90,72,0.0,0.167,8.4,electromagnetic,0.8,5,2.18,42.54,0.171,"sine 13%, electromagnetic 8%","<long> 30%, electromagnetic 18%",0.6364,0.465,0.677
r8_1609_type_of_historical_fig,"Name a type of historical figure. Reply with only the name, nothing else.",0.65,<long> -> bench,0.5583,philosopher -> real,0.5317,alexander -> bench,60,63,0.0,0.3,0.18,60,90,52,0.0,0.167,8.2,emperor,0.45,7,4.99,23.84,0.301,"philosopher 32%, warrior 5%","<long> 30%, philosopher 20%",0.6056,0.555,0.787
r8s_0997_ice_formation,"Suggest a type of ice formation. Reply with only the name, nothing else.",0.65,<long> -> bench,0.5833,rime -> real,0.569,rime -> real,60,63,0.0,0.3,0.18,60,90,62,0.0,0.18,8.4,glacier,0.3,13,10.17,34.63,0.163,"rime 23%, glacier 15%","<long> 30%, hexagonal 7%",0.6178,0.478,0.787
r8_1450_alarm,"Name an alarm. Reply with only the name, nothing else.",0.65,<long> -> bench,0.5583,alarm -> real,0.5664,smoke alarm -> bench,58,60,0.033,0.333,0.213,60,90,92,0.0,0.173,8.4,alarm,0.3,14,10.9,67.99,0.102,"alarm 15%, fire alarm 5%","<long> 33%, smoke alarm 10%",0.6358,0.541,0.816
r8_1602_puzzle_type,"Name a puzzle type. Reply with only the name, nothing else.",0.65,<long> -> bench,0.5917,sudoku -> real,0.55,crossword -> real,60,63,0.0,0.3,0.18,60,90,41,0.0,0.173,8.3,sudoku,0.95,2,1.22,8.76,0.577,"sudoku 58%, crossword 10%","sudoku 40%, <long> 30%",0.6156,0.342,1.101
r8_1588_narrative_structure,"Name a type of narrative structure. Reply with only the name, nothing else.",0.65,<long> -> bench,0.5472,flashback -> bench,0.571,flashback -> bench,60,63,0.0,0.3,0.18,60,90,61,0.0,0.167,8.3,nonlinear,0.15,15,13.78,44.51,0.089,"narrative arc 7%, epistolary 5%","<long> 30%, flashback 11%",0.5994,0.347,0.989
r8_0088_baking_ingredient,"Name a baking ingredient. Reply with only the name, nothing else.",0.65,flour -> real,0.65,flour -> real,0.5697,flour -> real,60,71,0.0,0.211,0.127,60,90,19,0.0,0.12,6.6,flour,0.95,2,1.22,2.54,0.824,"flour 90%, sugar 5%","flour 60%, <long> 21%",0.6372,0.141,1.035
r8_1257_newspaper_section,"Name a newspaper section. Reply with only the name, nothing else.",0.65,<long> -> bench,0.5722,sports -> bench,0.6675,sports -> bench,60,63,0.0,0.3,0.18,60,90,27,0.0,0.173,7.8,sports,0.65,7,3.52,7.29,0.472,"sports 30%, opinion 23%","sports 44%, <long> 30%",0.6233,0.273,1.018
r8s_0667_stone_product,"Suggest a type of stone product. Reply with only the name, nothing else.",0.65,<long> -> bench,0.5417,soapstone -> real,0.6012,granite -> bench,60,63,0.0,0.3,0.18,60,90,26,0.0,0.18,8.4,granite,0.6,6,3.66,6.78,0.52,"granite 42%, marble 17%","granite 43%, <long> 30%",0.6056,0.244,0.916
r8_0625_wilderness,"Name a type of wilderness. Reply with only the name, nothing else.",0.65,<long> -> bench,0.5528,tundra -> real,0.5532,forest -> bench,60,63,0.0,0.3,0.18,60,90,37,0.0,0.16,8.0,tundra,0.6,6,3.56,13.94,0.309,"tundra 32%, taiga 15%","<long> 30%, tundra 21%",0.6067,0.371,0.973
r8_1168_aneide,"Name an aneide. Reply with only the name, nothing else.",0.65,<long> -> bench,0.5611,aneide -> real,0.5218,aneide -> real,58,60,0.033,0.333,0.213,60,90,81,0.0,0.193,9.5,aneide,0.25,14,11.64,40.28,0.288,"aneide 30%, aeneide 3%","<long> 33%, aneide 18%",0.6294,0.472,0.848
r8_1906_tree_height_category,"Name a tree height category. Reply with only the name, nothing else.",0.65,<long> -> bench,0.5528,emergent -> real,0.5361,emergent -> real,60,63,0.0,0.3,0.18,60,90,61,0.0,0.16,8.1,emergent,0.6,9,4.5,30.75,0.187,"emergent 18%, tall 17%","<long> 30%, tall 14%",0.6042,0.419,0.808
r8_1898_jean_style,"Name a jean style. Reply with only the name, nothing else.",0.65,<long> -> bench,0.5444,bootcut -> real,0.5464,mom jeans -> bench,60,63,0.0,0.3,0.18,60,90,60,0.0,0.153,8.4,mom jeans,0.4,9,6.16,33.56,0.138,"levis 501 10%, bootcut 10%","<long> 30%, levis 501 12%",0.6039,0.454,0.974
r8s_0578_bedding_item,"Suggest a type of bedding item. Reply with only the name, nothing else.",0.65,<long> -> bench,0.5722,fitted sheet -> bench,0.6161,fitted sheet -> bench,58,60,0.033,0.333,0.213,60,90,51,0.0,0.187,9.4,duvet,0.3,9,7.01,27.4,0.153,"quilt 13%, weighted blanket 10%","<long> 33%, fitted sheet 18%",0.5983,0.418,1.239
r8s_0014_piece_of_furniture,"Suggest a type of piece of furniture. Reply with only the name, nothing else.",0.65,<long> -> bench,0.5667,bookshelf -> real,0.5937,sofa -> bench,60,63,0.0,0.3,0.18,60,90,29,0.0,0.18,8.5,bookshelf,0.3,8,6.54,13.52,0.211,"bookshelf 20%, armchair 13%","<long> 30%, armchair 20%",0.5958,0.34,0.862
r8_1282_bread_shape,"Name a bread shape. Reply with only the name, nothing else.",0.65,baguette -> real,0.65,baguette -> real,0.5667,baguette -> real,60,65,0.0,0.278,0.167,60,90,29,0.0,0.167,8.4,baguette,0.95,2,1.22,5.35,0.664,"baguette 73%, croissant 5%","baguette 43%, <long> 28%",0.6675,0.287,0.915
r8s_0048_citrus_fruit,"Suggest a type of citrus fruit. Reply with only the name, nothing else.",0.65,<long> -> bench,0.6,lemon -> real,0.5849,orange -> bench,60,63,0.0,0.3,0.18,60,90,17,0.0,0.18,8.3,lemon,1.0,1,1.0,4.73,0.545,"lemon 57%, mandarin 13%","lemon 37%, <long> 30%",0.6186,0.227,1.057
r8_1053_competition_prize,"Name a competition prize. Reply with only the name, nothing else.",0.65,<long> -> bench,0.6139,nobel prize -> bench,0.6841,nobel prize -> bench,56,57,0.067,0.367,0.247,60,90,81,0.0,0.207,10.8,macbook pro,0.2,16,14.14,50.81,0.204,"<long> 7%, $10,000 cash prize 5%","<long> 37%, nobel prize 24%",0.6283,0.397,1.016
r8s_0045_playground_equipment,"Suggest a type of playground equipment. Reply with only the name, nothing else.",0.65,swing set -> real,0.65,swing set -> real,0.6386,swing set -> real,60,67,0.0,0.256,0.153,60,90,14,0.0,0.147,7.6,swing,0.4,7,4.75,5.16,0.488,"swing 42%, swing set 37%","swing 41%, <long> 26%",0.6283,0.201,1.042
r8_0642_liqueur,"Name a liqueur. Reply with only the name, nothing else.",0.65,<long> -> bench,0.5278,chambord -> bench,0.5397,chambord -> bench,60,63,0.0,0.3,0.18,60,90,56,0.0,0.167,9.0,amaretto,0.4,7,4.75,31.85,0.146,"amaretto 15%, cointreau 13%","<long> 30%, amaretto 10%",0.5939,0.459,0.842
r8s_0594_pepper,"Suggest a type of pepper. Reply with only the name, nothing else.",0.65,<long> -> bench,0.6028,habanero -> real,0.5861,habanero -> real,60,63,0.0,0.3,0.18,60,90,45,0.0,0.167,8.5,habanero,0.85,4,1.8,20.25,0.195,"habanero 28%, black pepper 15%","<long> 30%, bell pepper 13%",0.6217,0.32,0.744
r8s_0655_textile,"Suggest a type of textile. Reply with only the name, nothing else.",0.65,<long> -> bench,0.5472,cotton -> real,0.5433,cotton -> bench,60,63,0.0,0.3,0.18,60,90,28,0.0,0.16,7.9,cotton,0.85,4,1.8,6.84,0.561,"cotton 52%, wool 8%","cotton 42%, <long> 30%",0.6142,0.344,0.957
r8s_0589_pigment,"Suggest a type of pigment. Reply with only the name, nothing else.",0.65,<long> -> bench,0.5472,titanium dioxide -> real,0.5171,quartz -> real,60,63,0.0,0.3,0.18,60,90,48,0.0,0.173,9.3,titanium dioxide,0.6,8,4.2,17.09,0.398,"titanium dioxide 38%, chlorophyll 5%","<long> 30%, titanium dioxide 29%",0.6067,0.377,0.893
r8s_0592_musical_band,"Suggest a type of musical band. Reply with only the name, nothing else.",0.65,<long> -> bench,0.5639,jazz -> real,0.5377,jazz -> real,60,63,0.0,0.3,0.18,60,90,70,0.0,0.167,8.5,jazz,0.55,9,4.99,37.86,0.211,"jazz 25%, progressive rock 10%","<long> 30%, jazz 12%",0.6022,0.478,0.681
r8_1976_comic,"Name a comic. Reply with only the name, nothing else.",0.65,<long> -> bench,0.5278,walking dead -> real,0.5254,walking dead -> real,60,63,0.0,0.3,0.18,60,90,80,0.0,0.167,8.8,maus,0.2,11,9.74,57.13,0.081,"maus 8%, watchmen 7%","<long> 30%, watchmen 7%",0.5869,0.395,0.79
r8s_0689_fairy,"Suggest a type of fairy. Reply with only the name, nothing else.",0.65,<long> -> bench,0.5611,pixie -> real,0.5302,pixie -> real,60,63,0.0,0.3,0.18,60,90,60,0.0,0.18,8.4,pixie,0.35,11,8.01,25.67,0.236,"pixie 27%, dryad 22%","<long> 30%, pixie 14%",0.6014,0.45,0.991
r8s_0710_animal_feather_type,"Suggest an animal feather type. Reply with only the name, nothing else.",0.65,<long> -> bench,0.5583,ostrich -> real,0.5583,ostrich -> real,60,63,0.0,0.3,0.18,60,90,57,0.0,0.167,8.2,turkey,0.05,20,20.0,34.31,0.146,"owl 12%, ostrich 12%","<long> 30%, owl 12%",0.6072,0.389,1.108
r8_1195_button_type,"Name a button type. Reply with only the name, nothing else.",0.65,<long> -> bench,0.5472,submit -> real,0.5921,push button -> bench,60,63,0.0,0.3,0.18,60,90,24,0.0,0.173,7.6,push,0.6,5,3.01,8.75,0.236,"submit 25%, button 15%","<long> 30%, push button 22%",0.6117,0.262,0.897
r8_1988_geological_process,"Name a type of geological process. Reply with only the name, nothing else.",0.65,<long> -> bench,0.5972,erosion -> real,0.5421,volcanism -> bench,60,63,0.0,0.3,0.18,60,90,14,0.0,0.167,8.7,volcanism,0.6,5,3.18,4.5,0.488,"erosion 52%, volcanism 23%","erosion 32%, <long> 30%",0.6103,0.225,0.859
r8s_0696_carnival_game,"Suggest a type of carnival game. Reply with only the name, nothing else.",0.65,<long> -> bench,0.5417,ring toss -> real,0.5422,ring toss -> bench,58,60,0.033,0.333,0.213,60,90,43,0.0,0.173,9.7,ring toss,0.65,8,3.78,11.02,0.508,"ring toss 45%, whac-a-mole 10%","ring toss 37%, <long> 33%",0.6036,0.397,1.054
r8s_0020_day_of_the_week,"Suggest a type of day of the week. Reply with only the name, nothing else.",0.65,<long> -> bench,0.5583,wednesday -> real,0.5591,monday -> bench,60,63,0.0,0.3,0.18,60,90,10,0.0,0.173,7.3,monday,0.45,5,4.06,6.18,0.244,"wednesday 25%, monday 18%","<long> 30%, monday 21%",0.5933,0.227,0.83
r8_1225_musical_form,"Name a musical form. Reply with only the name, nothing else.",0.65,<long> -> bench,0.5639,fugue -> real,0.5591,fugue -> real,60,63,0.0,0.3,0.18,60,90,14,0.0,0.173,8.2,sonata,0.9,3,1.48,3.13,0.724,"sonata 67%, fugue 15%","sonata 54%, <long> 30%",0.6067,0.283,0.861
r8_1952_insectivore,"Name an insectivore. Reply with only the name, nothing else.",0.65,<long> -> bench,0.525,bat -> real,0.5893,bat -> bench,60,63,0.0,0.3,0.18,60,90,28,0.0,0.167,7.6,bat,0.85,3,1.68,5.11,0.675,"bat 58%, ant 7%","bat 53%, <long> 30%",0.6006,0.18,0.969
r8_1962_structural_element,"Name a type of structural element. Reply with only the name, nothing else.",0.65,<long> -> bench,0.6111,beam -> real,0.5516,beam -> real,60,63,0.0,0.3,0.18,60,90,37,0.0,0.16,7.4,beam,0.75,3,1.99,9.35,0.447,"beam 50%, column 23%","<long> 30%, beam 28%",0.6519,0.255,0.995
r8_1178_watercolor_painting,"Name a type of watercolor painting. Reply with only the name, nothing else.",0.65,<long> -> bench,0.5611,wash -> real,0.5437,gouache -> real,60,63,0.0,0.3,0.18,60,90,19,0.0,0.173,8.4,wash,0.55,8,4.54,4.93,0.602,"wash 57%, gouache 17%","wash 44%, <long> 30%",0.6233,0.235,1.004
r8_1211_fish_scale,"Name a fish scale. Reply with only the name, nothing else.",0.65,<long> -> bench,0.6,ctenoid -> real,0.5647,ctenoid -> real,58,60,0.033,0.333,0.213,60,90,64,0.0,0.193,9.5,ctenoid,0.45,5,3.51,26.88,0.314,"ctenoid 37%, scales 7%","<long> 33%, ctenoid 17%",0.6036,0.402,0.972
r8s_1359_wind,"Suggest a type of wind. Reply with only the name, nothing else.",0.6472,<long> -> bench,0.55,breeze -> real,0.5339,gust -> real,59,62,0.017,0.311,0.193,60,90,53,0.0,0.18,8.6,breeze,0.85,2,1.53,22.56,0.256,"breeze 27%, bora 15%","<long> 31%, breeze 17%",0.6158,0.49,0.874
r8s_0175_paper_product,"Suggest a type of paper product. Reply with only the name, nothing else.",0.6472,<long> -> bench,0.5333,kraft paper -> bench,0.5484,kraft paper -> bench,59,62,0.017,0.311,0.193,60,90,62,0.0,0.16,9.1,tissues,0.2,12,10.44,41.71,0.116,"tissue paper 10%, toilet paper 8%","<long> 31%, tissue paper 9%",0.6022,0.37,0.807
r8_1669_fiber,"Name a fiber. Reply with only the name, nothing else.",0.6472,<long> -> bench,0.525,glass -> real,0.5435,cotton -> bench,59,62,0.017,0.311,0.193,60,90,79,0.0,0.167,8.8,cotton,0.85,3,1.68,41.52,0.248,"cotton 20%, kevlar 7%","<long> 31%, cotton 20%",0.6367,0.518,0.757
r8_0996_tree_part,"Name a tree part. Reply with only the name, nothing else.",0.6472,<long> -> bench,0.5611,bark -> real,0.5525,bark -> real,59,62,0.017,0.311,0.193,60,90,41,0.0,0.18,8.2,leaf,0.35,6,5.15,16.01,0.289,"leaf 28%, bark 17%","<long> 31%, leaf 20%",0.62,0.313,0.724
r8_1021_capacitor,"Name a capacitor. Reply with only the name, nothing else.",0.6472,<long> -> bench,0.5417,tantalum -> real,0.5616,capacitor -> bench,59,62,0.017,0.311,0.193,60,90,44,0.0,0.18,9.3,ceramic,0.35,6,4.68,19.91,0.182,"supercapacitor 15%, ceramic 13%","<long> 31%, capacitor 17%",0.6178,0.331,0.851
r8_1046_tisane,"Name a tisane. Reply with only the name, nothing else.",0.6472,chamomile -> real,0.6472,chamomile -> real,0.6352,chamomile -> real,59,67,0.017,0.256,0.16,60,90,44,0.0,0.133,8.4,chamomile,0.8,3,1.85,15.32,0.286,"chamomile 38%, peppermint 22%","<long> 26%, peppermint 26%",0.6319,0.311,1.031
r8s_0588_lipstick,"Suggest a type of lipstick. Reply with only the name, nothing else.",0.6472,<long> -> bench,0.5361,matte -> real,0.5395,rose -> bench,59,62,0.017,0.311,0.193,60,90,41,0.0,0.18,8.7,matte,0.5,9,5.51,13.3,0.421,"matte 38%, rouge 7%","<long> 31%, matte 31%",0.6586,0.28,0.828
r8_0309_christmas_movie,"Name a christmas movie. Reply with only the name, nothing else.",0.6472,<long> -> bench,0.625,home alone -> real,0.5764,home alone -> real,59,62,0.017,0.311,0.193,60,90,30,0.0,0.173,8.7,home alone,0.7,7,3.15,9.8,0.413,"home alone 48%, elf 23%","<long> 31%, home alone 23%",0.6119,0.243,1.026
r8_0250_bean,"Name a bean. Reply with only the name, nothing else.",0.6472,<long> -> bench,0.5333,jack -> real,0.5677,bean -> bench,59,62,0.017,0.311,0.193,60,90,61,0.0,0.187,8.3,bean,0.6,4,2.81,28.65,0.273,"bean 20%, kidney 10%","<long> 31%, bean 23%",0.6172,0.387,1.058
r8_1779_switch,"Name a switch. Reply with only the name, nothing else.",0.6472,<long> -> bench,0.5417,toggle -> bench,0.5786,toggle -> bench,59,62,0.017,0.311,0.193,60,90,84,0.0,0.193,8.3,cisco,0.7,7,3.15,50.15,0.165,"switch 13%, toggle 8%","<long> 31%, toggle 17%",0.6297,0.593,0.683
r8_1323_wrench,"Name a wrench. Reply with only the name, nothing else.",0.6472,<long> -> bench,0.5417,spanner -> real,0.5254,ratchet -> real,59,62,0.017,0.311,0.193,60,90,31,0.0,0.173,8.3,spanner,0.45,5,3.69,8.83,0.331,"spanner 32%, wrench 30%","<long> 31%, wrench 24%",0.6094,0.354,1.091
r8_1344_tea,"Name a tea. Reply with only the name, nothing else.",0.6472,<long> -> bench,0.6194,earl grey -> real,0.5249,earl grey -> real,59,62,0.017,0.311,0.193,60,90,28,0.0,0.16,9.2,earl grey,0.5,7,4.55,5.22,0.669,"earl grey 68%, darjeeling 7%","earl grey 44%, <long> 31%",0.6261,0.294,0.986
r8_1801_brake_type,"Name a brake type. Reply with only the name, nothing else.",0.6472,disc -> real,0.6472,disc -> real,0.5917,disc -> real,60,65,0.0,0.278,0.167,60,90,23,0.0,0.16,7.3,disc brake,0.65,3,2.21,6.09,0.488,"disc 58%, disc brake 17%","disc 29%, <long> 28%",0.6189,0.233,0.899
r8_1709_window_type,"Name a window type. Reply with only the name, nothing else.",0.6472,<long> -> bench,0.5667,casement -> real,0.5171,casement -> real,59,62,0.017,0.311,0.193,60,90,62,0.0,0.167,8.3,casement,0.8,5,2.18,24.51,0.355,"casement 37%, cascading 5%","<long> 31%, casement 23%",0.6142,0.47,0.768
r8s_0946_pod_spice,"Suggest a type of pod spice. Reply with only the name, nothing else.",0.6472,<long> -> bench,0.5278,black pepper -> bench,0.5403,black pepper -> bench,59,62,0.017,0.311,0.193,60,90,99,0.0,0.167,8.8,clove,0.1,19,18.66,88.24,0.041,"cinnamon 3%, harissa 3%","<long> 31%, black pepper 6%",0.6294,0.598,0.718
r8_1347_marvel_superhero,"Name a marvel superhero. Reply with only the name, nothing else.",0.6472,iron man -> real,0.6472,iron man -> real,0.6114,iron man -> real,60,76,0.0,0.156,0.093,60,90,17,0.0,0.087,5.6,iron man,0.8,2,1.65,3.87,0.559,"iron man 68%, spider-man 28%","iron man 39%, spider-man 24%",0.6053,0.16,0.9
r8s_1833_spy,"Suggest a type of spy. Reply with only the name, nothing else.",0.6472,<long> -> bench,0.5167,ghost -> real,0.5169,ghost -> real,59,62,0.017,0.311,0.193,60,90,94,0.0,0.167,8.4,deep cover agent,0.4,12,8.12,72.39,0.116,"spy 10%, ghost 3%","<long> 31%, spy 9%",0.6517,0.589,0.872
r8s_1704_crayon_color,"Suggest a type of crayon color. Reply with only the name, nothing else.",0.6472,<long> -> bench,0.55,burnt sienna -> real,0.5552,sunflower yellow -> bench,59,62,0.017,0.311,0.193,60,90,58,0.0,0.167,8.8,crimson,0.2,12,10.72,37.67,0.107,"burnt sienna 13%, burnt orange 10%","<long> 31%, sunflower yellow 11%",0.5922,0.434,0.792
r8s_1752_zipper,"Suggest a type of zipper. Reply with only the name, nothing else.",0.6472,<long> -> bench,0.5972,ykk -> real,0.5796,ykk -> real,59,62,0.017,0.311,0.193,60,90,68,0.0,0.18,8.7,ykk,0.6,4,2.63,33.71,0.207,"ykk 28%, coil 17%","<long> 31%, ykk 9%",0.6244,0.432,0.995
r8s_0381_planet_type,"Suggest a planet type. Reply with only the name, nothing else.",0.6472,<long> -> bench,0.5306,super-earth -> bench,0.5842,super-earth -> bench,59,62,0.017,0.311,0.193,60,90,49,0.0,0.18,9.4,super-earth,0.4,8,5.74,19.73,0.273,"super-earth 18%, gas giant 15%","<long> 31%, super-earth 24%",0.6125,0.374,0.958
r8_1713_bushing,"Name a type of bushing. Reply with only the name, nothing else.",0.6472,<long> -> bench,0.5361,spherical -> real,0.5544,bushing -> bench,59,62,0.017,0.311,0.193,60,90,67,0.0,0.187,8.8,plain,0.2,14,11.99,45.84,0.14,"bushing 8%, spherical 8%","<long> 31%, bushing 13%",0.5983,0.549,0.677
r8_0461_poem_form,"Name a poem form. Reply with only the name, nothing else.",0.6472,sonnet -> real,0.6472,sonnet -> real,0.5462,sonnet -> real,60,66,0.0,0.267,0.16,60,90,14,0.0,0.16,7.7,sonnet,0.9,3,1.48,2.46,0.802,"sonnet 85%, haiku 10%","sonnet 56%, <long> 27%",0.6358,0.132,1.037
r8_1696_medieval_town_feature,"Name a type of medieval town feature. Reply with only the name, nothing else.",0.6472,<long> -> bench,0.5278,keep -> real,0.5258,castle -> real,59,62,0.017,0.311,0.193,60,90,55,0.0,0.18,8.5,market square,0.4,8,5.6,27.42,0.174,"market square 15%, marketplace 15%","<long> 31%, market square 13%",0.6022,0.458,0.98
r8_1633_cyborg,"Name a cyborg. Reply with only the name, nothing else.",0.6472,<long> -> bench,0.5444,cyborg -> bench,0.5645,cyborg -> bench,59,62,0.017,0.311,0.193,60,90,94,0.0,0.173,8.9,robocop,0.2,15,13.2,77.67,0.066,"johnny 5 5%, optimus 3%","<long> 31%, cyborg 9%",0.6056,0.502,0.805
r8_0134_songbird,"Name a songbird. Reply with only the name, nothing else.",0.6472,robin -> real,0.6472,robin -> real,0.5917,robin -> real,60,65,0.0,0.278,0.167,60,90,35,0.0,0.16,7.7,robin,0.75,5,2.45,9.27,0.488,"robin 58%, sparrow 12%","robin 29%, <long> 28%",0.6025,0.377,0.951
r8_1530_level,"Name a level. Reply with only the name, nothing else.",0.6472,<long> -> bench,0.5444,level -> real,0.5363,level -> real,57,59,0.05,0.344,0.227,60,90,90,0.0,0.187,9.2,level 1,0.3,12,9.49,69.48,0.103,"level 13%, level 1 8%","<long> 34%, level 4%",0.6047,0.648,0.515
r8s_1292_vegetable_that_is_gree,"Suggest a type of vegetable that is green. Reply with only the name, nothing else.",0.6472,broccoli -> real,0.6472,broccoli -> real,0.5869,broccoli -> real,60,70,0.0,0.222,0.133,60,90,21,0.0,0.133,7.1,broccoli,0.85,4,1.8,4.98,0.623,"broccoli 72%, spinach 8%","broccoli 42%, <long> 22%",0.6406,0.264,0.777
r8_0300_travel_document,"Name a type of travel document. Reply with only the name, nothing else.",0.6472,passport -> real,0.6472,passport -> real,0.5073,passport -> real,60,64,0.0,0.289,0.173,60,90,3,0.0,0.16,7.7,passport,0.95,2,1.22,1.12,0.976,"passport 98%, visa 2%","passport 69%, <long> 29%",0.67,0.095,0.888
r8s_0158_aquatic_plant,"Suggest a type of aquatic plant. Reply with only the name, nothing else.",0.6472,<long> -> bench,0.575,anacharis -> real,0.569,anacharis -> real,59,62,0.017,0.311,0.193,60,90,43,0.0,0.167,9.4,anacharis,0.25,10,7.68,24.45,0.149,"anacharis 18%, water hyacinth 13%","<long> 31%, water hyacinth 11%",0.6436,0.348,0.966
r8_0968_roofing_material,"Name a roofing material. Reply with only the name, nothing else.",0.6472,asphalt shingles -> real,0.6472,asphalt shingles -> real,0.6045,asphalt shingles -> real,60,65,0.0,0.278,0.167,60,90,23,0.0,0.153,8.6,asphalt shingles,0.9,2,1.38,7.08,0.408,"asphalt shingles 52%, asphalt 20%","<long> 28%, asphalt shingles 22%",0.6564,0.202,0.938
r8s_0313_storm_type,"Suggest a storm type. Reply with only the name, nothing else.",0.6472,<long> -> bench,0.5583,thunderstorm -> real,0.5584,hurricane -> bench,57,59,0.05,0.344,0.227,60,90,65,0.0,0.2,9.3,tornado,0.4,6,4.61,36.62,0.147,"thunderstorm 15%, tornado 8%","<long> 34%, tornado 13%",0.6308,0.419,0.76
r8s_0290_tide_type,"Suggest a tide type. Reply with only the name, nothing else.",0.6472,<long> -> bench,0.5417,mixed -> bench,0.5675,mixed -> bench,57,59,0.05,0.344,0.227,60,90,86,0.0,0.207,9.3,neap tide,0.25,13,10.86,66.66,0.086,"<long> 5%, tide 3%","<long> 34%, mixed 10%",0.6758,0.587,0.644
r8s_0357_sculptor,"Suggest a type of sculptor. Reply with only the name, nothing else.",0.6472,<long> -> bench,0.5333,baroque -> real,0.5306,michelangelo -> bench,59,62,0.017,0.311,0.193,60,90,81,0.0,0.173,8.9,baroque,0.15,16,14.77,59.28,0.099,"baroque 10%, michelangelo 7%","<long> 31%, michelangelo 9%",0.6192,0.48,0.765
r8s_0414_alphabet,"Suggest a type of alphabet. Reply with only the name, nothing else.",0.6472,<long> -> bench,0.55,greek -> real,0.5364,greek -> real,59,62,0.017,0.311,0.193,60,90,56,0.0,0.167,8.2,phonetic,0.2,10,8.85,26.41,0.174,"greek 17%, phonetic 15%","<long> 31%, phonetic 13%",0.6083,0.426,0.955
r8_1009_sprocket,"Name a sprocket. Reply with only the name, nothing else.",0.6472,<long> -> bench,0.525,sprocket -> real,0.5615,sprocket -> bench,59,62,0.017,0.311,0.193,60,90,51,0.0,0.173,8.7,sprocket,0.55,9,4.99,12.32,0.521,"sprocket 45%, belt 5%","sprocket 40%, <long> 31%",0.6281,0.417,0.875
r8_0777_magnifying_glass,"Name a type of magnifying glass. Reply with only the name, nothing else.",0.6472,<long> -> bench,0.5944,hand lens -> real,0.5726,convex lens -> bench,59,62,0.017,0.311,0.193,60,90,35,0.0,0.173,8.5,hand lens,0.7,5,2.67,11.75,0.355,"hand lens 40%, loupe 23%","<long> 31%, hand lens 21%",0.6086,0.316,0.882
r8_1935_shakespearean_play,"Name a shakespearean play. Reply with only the name, nothing else.",0.6472,hamlet -> real,0.6472,hamlet -> real,0.5627,hamlet -> real,60,68,0.0,0.244,0.147,60,90,17,0.0,0.133,7.2,hamlet,0.95,2,1.22,3.11,0.75,"hamlet 82%, romeo and juliet 12%","hamlet 52%, <long> 24%",0.6378,0.192,0.878
r8_1230_dragon,"Name a dragon. Reply with only the name, nothing else.",0.6472,<long> -> bench,0.6194,smaug -> real,0.5539,smaug -> real,59,62,0.017,0.311,0.193,60,90,43,0.0,0.167,9.1,smaug,0.9,2,1.38,10.08,0.504,"smaug 55%, fafnir 15%","<long> 31%, smaug 31%",0.6247,0.305,0.828
r8s_0058_seafood,"Suggest a type of seafood. Reply with only the name, nothing else.",0.6472,<long> -> bench,0.6028,lobster -> real,0.5867,shrimp -> bench,59,62,0.017,0.311,0.193,60,90,27,0.0,0.167,8.7,lobster,0.75,4,2.23,9.55,0.322,"lobster 38%, scallops 13%","<long> 31%, shrimp 18%",0.6361,0.205,1.002
r8_0569_pea,"Name a pea. Reply with only the name, nothing else.",0.6472,<long> -> bench,0.575,pea -> real,0.5234,green -> bench,59,62,0.017,0.311,0.193,60,90,46,0.0,0.173,8.3,pea,0.5,10,5.9,10.83,0.529,"pea 52%, peanut 5%","pea 37%, <long> 31%",0.6356,0.312,0.801
r8s_1190_comb,"Suggest a type of comb. Reply with only the name, nothing else.",0.6472,<long> -> bench,0.5222,wide-tooth comb -> real,0.5459,comb -> bench,59,62,0.017,0.311,0.193,60,90,98,0.0,0.167,8.5,wide-tooth comb,0.35,9,6.79,70.39,0.149,"comb 10%, wide-tooth comb 7%","<long> 31%, comb 13%",0.6486,0.555,0.78
r8_1322_part_of_a_song,"Name a part of a song. Reply with only the name, nothing else.",0.6472,<long> -> bench,0.5722,bridge -> real,0.5708,bridge -> real,57,59,0.05,0.344,0.227,60,90,54,0.0,0.207,9.4,chorus,0.5,2,2.0,22.09,0.207,"bridge 17%, verse 15%","<long> 34%, verse 17%",0.625,0.335,0.633
r8_0374_delta,"Name a delta. Reply with only the name, nothing else.",0.6472,<long> -> bench,0.5583,delta -> bench,0.6463,delta -> bench,59,62,0.017,0.311,0.193,60,90,63,0.0,0.173,8.2,niger,0.3,8,5.94,19.22,0.438,"delta 28%, mississippi 8%","delta 40%, <long> 31%",0.6008,0.437,0.721
r8_0349_gesture,"Name a type of gesture. Reply with only the name, nothing else.",0.6472,<long> -> bench,0.55,pinch -> real,0.5508,emblem -> real,59,62,0.017,0.311,0.193,60,90,41,0.0,0.18,8.2,wave,0.45,7,4.35,17.74,0.264,"wave 25%, waving 13%","<long> 31%, wave 19%",0.5981,0.379,0.638
r8s_0753_underwear,"Suggest a type of underwear. Reply with only the name, nothing else.",0.6472,<long> -> bench,0.5528,boxer briefs -> real,0.5432,briefs -> real,59,62,0.017,0.311,0.193,60,90,29,0.0,0.167,9.4,boxer briefs,0.4,6,4.11,10.09,0.397,"boxer briefs 38%, boxers 17%","<long> 31%, boxer briefs 28%",0.6642,0.252,0.906
r8_0064_pastry,"Name a pastry. Reply with only the name, nothing else.",0.6472,croissant -> real,0.6472,croissant -> real,0.5901,croissant -> real,59,68,0.017,0.244,0.153,60,90,31,0.0,0.127,7.3,croissant,0.9,3,1.48,6.65,0.598,"croissant 68%, eclair 7%","croissant 39%, <long> 24%",0.6092,0.26,0.926
r8s_0666_lantern,"Suggest a type of lantern. Reply with only the name, nothing else.",0.6472,<long> -> bench,0.5667,paper lantern -> real,0.5343,chinese lantern -> real,59,62,0.017,0.311,0.193,60,90,59,0.0,0.18,8.8,paper lantern,0.65,5,2.86,26.78,0.273,"paper lantern 30%, chinese lantern 8%","<long> 31%, paper lantern 17%",0.6053,0.46,0.86
r8_0421_spread,"Name a spread. Reply with only the name, nothing else.",0.6472,<long> -> bench,0.5194,spread -> real,0.5175,club sandwich -> real,57,59,0.05,0.344,0.227,60,90,105,0.0,0.193,9.4,peanut butter and jelly,0.15,17,15.83,93.25,0.078,"spread 8%, <long> 5%","<long> 34%, spread 4%",0.6003,0.604,0.552
r8s_1501_gear,"Suggest a type of gear. Reply with only the name, nothing else.",0.6472,<long> -> bench,0.5389,spur -> bench,0.5565,spur -> bench,59,62,0.017,0.311,0.193,60,90,93,0.0,0.18,9.0,helical,0.2,11,9.74,71.95,0.083,"hiking boots 3%, helical 3%","<long> 31%, helical 9%",0.6383,0.545,0.993
r8s_1520_vaccine,"Suggest a type of vaccine. Reply with only the name, nothing else.",0.6472,<long> -> bench,0.6056,mrna -> real,0.5976,mrna vaccine -> bench,55,56,0.083,0.378,0.26,60,90,39,0.0,0.227,10.8,mrna,0.75,4,2.23,15.47,0.279,"mrna 33%, meningococcal 17%","<long> 38%, mrna vaccine 17%",0.6194,0.293,0.787
r8_0049_architectural_style,"Name an architectural style. Reply with only the name, nothing else.",0.6472,microservices -> real,0.6472,microservices -> real,0.6383,microservices -> real,59,63,0.017,0.3,0.187,60,90,36,0.0,0.18,8.7,gothic,0.75,3,1.99,13.84,0.27,"microservices 35%, gothic 17%","<long> 30%, gothic 26%",0.6461,0.263,0.624
r8_1944_swimsuit,"Name a swimsuit. Reply with only the name, nothing else.",0.6472,bikini -> real,0.6472,bikini -> real,0.556,bikini -> real,59,63,0.017,0.3,0.187,60,90,34,0.0,0.173,9.0,bikini,0.75,4,2.28,5.02,0.705,"bikini 75%, monokini 3%","bikini 46%, <long> 30%",0.6397,0.25,0.994
r8_1120_shaving_cream,"Name a shaving cream. Reply with only the name, nothing else.",0.6472,<long> -> bench,0.5306,dove -> real,0.5169,lux -> real,59,62,0.017,0.311,0.193,60,90,76,0.0,0.133,8.5,aftershave,0.15,17,15.83,47.44,0.14,"dove 15%, old spice 8%","<long> 31%, dove 9%",0.6125,0.401,0.999
r8_1134_baking_item,"Name a baking item. Reply with only the name, nothing else.",0.6472,<long> -> bench,0.5833,croissant -> real,0.5604,bread -> bench,59,62,0.017,0.311,0.193,60,90,30,0.0,0.167,8.5,cake,0.35,7,5.15,13.23,0.248,"croissant 30%, bread 17%","<long> 31%, bread 20%",0.6494,0.261,0.948
r8s_0008_sculpture,"Suggest a type of sculpture. Reply with only the name, nothing else.",0.6472,<long> -> bench,0.5611,marble -> real,0.5452,marble -> real,59,62,0.017,0.311,0.193,60,90,53,0.0,0.173,8.6,marble,0.3,11,8.63,26.37,0.157,"marble 20%, bust 17%","<long> 31%, bust 10%",0.6,0.353,1.036
r8s_0787_rainforest,"Suggest a type of rainforest. Reply with only the name, nothing else.",0.6472,<long> -> bench,0.5639,amazon -> real,0.5462,amazon -> real,57,59,0.05,0.344,0.227,60,90,22,0.0,0.207,9.6,tropical rainforest,0.6,4,2.81,8.75,0.25,"rainforest 22%, amazon 22%","<long> 34%, rainforest 18%",0.6119,0.17,0.82
r8_0612_currency_symbol,"Name a currency symbol. Reply with only the name, nothing else.",0.6472,<long> -> bench,0.5583,dollar -> real,0.5476,€ -> bench,59,62,0.017,0.311,0.193,60,90,16,0.0,0.187,7.8,dollar,0.55,5,3.59,5.23,0.521,"$ 47%, dollar 22%","$ 39%, <long> 31%",0.6328,0.17,0.82
r8_1264_art_genre,"Name an art genre. Reply with only the name, nothing else.",0.6472,impressionism -> real,0.6472,impressionism -> real,0.5863,impressionism -> real,60,71,0.0,0.211,0.127,60,90,24,0.0,0.113,7.1,impressionism,0.9,3,1.48,4.79,0.656,"impressionism 75%, jazz 5%","impressionism 46%, <long> 21%",0.6503,0.233,0.876
r8_1978_communication,"Name a communication. Reply with only the name, nothing else.",0.6472,<long> -> bench,0.5944,email -> real,0.5968,email -> real,57,59,0.05,0.344,0.227,60,90,97,0.0,0.173,9.4,email,1.0,1,1.0,77.05,0.112,"email 20%, communication 7%","<long> 34%, telephone 3%",0.6203,0.617,0.533
r8s_0745_temple,"Suggest a type of temple. Reply with only the name, nothing else.",0.6472,<long> -> bench,0.5444,parthenon -> bench,0.5645,parthenon -> bench,59,62,0.017,0.311,0.193,60,90,73,0.0,0.187,8.9,shinto shrine,0.15,13,11.68,42.05,0.157,"temple 10%, gothic 10%","<long> 31%, gothic 14%",0.6092,0.441,0.834
r8_1948_nymph,"Name a nymph. Reply with only the name, nothing else.",0.6472,<long> -> bench,0.6028,daphne -> real,0.5876,daphne -> real,59,62,0.017,0.311,0.193,60,90,58,0.0,0.18,9.0,daphne,0.25,12,9.46,27.37,0.198,"daphne 28%, echo 13%","<long> 31%, persephone 16%",0.6125,0.322,1.121
r8_0013_legume,"Name a legume. Reply with only the name, nothing else.",0.6472,<long> -> bench,0.5917,bean -> real,0.5612,pea -> bench,59,62,0.017,0.311,0.193,60,90,24,0.0,0.167,7.9,bean,0.4,9,6.43,8.77,0.38,"bean 42%, pea 13%","<long> 31%, bean 23%",0.6211,0.279,0.842
r8_1597_goblin,"Name a goblin. Reply with only the name, nothing else.",0.6472,<long> -> bench,0.5361,gimble -> real,0.5403,mimic -> bench,59,62,0.017,0.311,0.193,60,90,98,0.0,0.173,8.8,gimble,0.15,18,16.96,81.44,0.066,"gimble 8%, gobbo 5%","<long> 31%, goblin 6%",0.6364,0.414,0.997
r8_1089_mystery_novel_author,"Name a mystery novel author. Reply with only the name, nothing else.",0.6472,agatha christie -> real,0.6472,agatha christie -> real,0.522,agatha christie -> real,60,66,0.0,0.267,0.16,60,90,7,0.0,0.153,8.3,agatha christie,0.95,2,1.22,1.26,0.96,"agatha christie 98%, aga sarao 2%","agatha christie 69%, <long> 27%",0.6308,0.114,1.046
r8_0057_movie_genre,"Name a movie genre. Reply with only the name, nothing else.",0.6472,<long> -> bench,0.6111,sci-fi -> real,0.5961,sci-fi -> real,59,62,0.017,0.311,0.193,60,90,13,0.0,0.173,8.1,horror,0.65,3,2.21,5.22,0.339,"horror 33%, sci-fi 30%","<long> 31%, action 24%",0.6083,0.113,0.977
r8_1499_greeting_card,"Name a greeting card. Reply with only the name, nothing else.",0.6472,<long> -> bench,0.6306,hallmark -> real,0.6207,hallmark -> real,59,62,0.017,0.311,0.193,60,90,56,0.0,0.173,8.4,happy birthday,0.45,4,2.77,24.66,0.207,"hallmark 32%, happy birthday 8%","<long> 31%, happy birthday 22%",0.6364,0.379,0.853
r8_1519_drama_type,"Name a drama type. Reply with only the name, nothing else.",0.6472,<long> -> bench,0.5472,comedy -> bench,0.5867,comedy -> bench,59,62,0.017,0.311,0.193,60,90,36,0.0,0.173,8.7,tragedy,0.35,5,4.22,11.69,0.372,"tragedy 35%, melodrama 12%","<long> 31%, tragedy 27%",0.6033,0.294,1.019
r8s_1763_pollen,"Suggest a type of pollen. Reply with only the name, nothing else.",0.6472,<long> -> bench,0.6333,ragweed -> real,0.6356,ragweed -> real,59,62,0.017,0.311,0.193,60,90,44,0.0,0.18,8.7,oak,0.35,9,6.68,20.28,0.174,"ragweed 27%, dandelion 15%","<long> 31%, oak 18%",0.6333,0.338,0.638
r8_1468_magician,"Name a magician. Reply with only the name, nothing else.",0.6444,david copperfield -> real,0.6444,david copperfield -> real,0.6197,david copperfield -> real,60,67,0.0,0.256,0.153,60,90,22,0.0,0.147,8.2,david copperfield,0.45,5,3.24,5.83,0.409,"david copperfield 43%, houdini 35%","houdini 34%, <long> 26%",0.6161,0.185,0.963
r8_1479_road_type,"Name a road type. Reply with only the name, nothing else.",0.6444,<long> -> bench,0.5611,boulevard -> real,0.6089,highway -> bench,60,64,0.0,0.289,0.173,60,90,46,0.0,0.147,7.9,highway,0.75,6,2.62,15.54,0.379,"highway 27%, boulevard 17%","highway 34%, <long> 29%",0.6075,0.338,0.871
r8_1438_appetizer,"Name an appetizer. Reply with only the name, nothing else.",0.6444,bruschetta -> real,0.6444,bruschetta -> real,0.5682,bruschetta -> real,60,67,0.0,0.256,0.153,60,90,27,0.0,0.127,8.1,bruschetta,0.65,6,3.2,5.14,0.661,"bruschetta 73%, caprese skewers 7%","bruschetta 44%, <long> 26%",0.6203,0.254,0.904
r8_1545_manga,"Name a manga. Reply with only the name, nothing else.",0.6444,<long> -> bench,0.5639,one piece -> real,0.5194,one-punch man -> real,58,61,0.033,0.322,0.207,60,90,24,0.0,0.207,9.6,one piece,0.65,7,3.52,6.43,0.429,"one piece 42%, berserk 27%","<long> 32%, one piece 29%",0.6119,0.207,1.031
r8s_1786_mean_of_transportation,"Suggest a type of mean of transportation. Reply with only the name, nothing else.",0.6444,<long> -> bench,0.6333,bicycle -> real,0.6062,bicycle -> real,60,64,0.0,0.289,0.173,60,90,38,0.0,0.16,7.7,bicycle,0.35,5,4.05,15.09,0.29,"bicycle 40%, subway 12%","<long> 29%, bus 14%",0.64,0.268,0.963
r8_0075_villain,"Name a villain. Reply with only the name, nothing else.",0.6444,<long> -> bench,0.5472,magneto -> real,0.5448,joker -> bench,60,64,0.0,0.289,0.173,60,90,46,0.0,0.167,8.4,thanos,0.35,8,6.17,22.53,0.153,"magneto 18%, darth vader 13%","<long> 29%, joker 11%",0.59,0.323,0.731
r8_0114_ballet,"Name a ballet. Reply with only the name, nothing else.",0.6444,swan lake -> real,0.6444,swan lake -> real,0.5867,swan lake -> real,60,75,0.0,0.167,0.1,60,90,20,0.0,0.093,6.7,swan lake,1.0,1,1.0,2.92,0.77,"swan lake 87%, swan 5%","swan lake 58%, <long> 17%",0.6044,0.195,0.828
r8_0128_medicine,"Name a medicine. Reply with only the name, nothing else.",0.6444,<long> -> bench,0.5667,tylenol -> real,0.5531,tylenol -> real,60,64,0.0,0.289,0.173,60,90,21,0.0,0.167,8.8,aspirin,0.35,5,4.35,7.07,0.435,"aspirin 40%, tylenol 20%","aspirin 33%, <long> 29%",0.6064,0.21,0.802
r8_0630_wood_use,"Name a wood use. Reply with only the name, nothing else.",0.6444,<long> -> bench,0.6417,oak -> real,0.6146,oak -> real,60,64,0.0,0.289,0.173,60,90,53,0.0,0.173,7.8,oak,0.6,9,4.5,22.69,0.298,"oak 42%, teak 12%","<long> 29%, oak 13%",0.6478,0.326,0.92
r8_0606_incense,"Name an incense. Reply with only the name, nothing else.",0.6444,<long> -> bench,0.5278,sandalwood -> real,0.5312,sandal -> bench,60,64,0.0,0.289,0.173,60,90,45,0.0,0.167,8.6,sandalwood,0.55,8,4.66,16.8,0.363,"sandalwood 33%, agarwood 12%","<long> 29%, sandalwood 28%",0.5981,0.313,0.736
r8_0596_tool,"Name a tool. Reply with only the name, nothing else.",0.6444,<long> -> bench,0.5917,bash -> bench,0.6391,bash -> bench,60,64,0.0,0.289,0.173,60,90,67,0.0,0.14,7.6,notepad,0.2,14,11.99,30.51,0.194,"read 12%, hammer 7%","<long> 29%, bash 23%",0.6508,0.393,0.498
r8s_1007_sound_heard_at_night,"Suggest a type of sound heard at night. Reply with only the name, nothing else.",0.6444,<long> -> bench,0.5694,owl hoot -> real,0.6141,crickets -> bench,60,64,0.0,0.289,0.173,60,90,45,0.0,0.16,8.7,crickets,0.35,7,5.36,21.89,0.218,"owl hoot 18%, crickets 10%","<long> 29%, crickets 23%",0.6092,0.26,0.92
r8s_1086_greeting_card_occasion,"Suggest a type of greeting card occasion. Reply with only the name, nothing else.",0.6444,<long> -> bench,0.6167,birthday -> real,0.5526,graduation -> real,60,64,0.0,0.289,0.173,60,90,16,0.0,0.153,7.2,birthday,0.55,3,2.33,4.61,0.597,"birthday 63%, graduation 18%","birthday 40%, <long> 29%",0.6147,0.237,1.013
r8s_1054_dinosaur,"Suggest a type of dinosaur. Reply with only the name, nothing else.",0.6444,<long> -> bench,0.6444,t-rex -> real,0.5932,tyrannosaurus -> bench,60,64,0.0,0.289,0.173,60,90,21,0.0,0.16,9.2,t-rex,0.45,6,4.46,6.21,0.476,"t-rex 57%, triceratops 28%","<long> 29%, t-rex 28%",0.6058,0.191,0.912
r8_1422_djinn,"Name a djinn. Reply with only the name, nothing else.",0.6444,<long> -> bench,0.5389,aladdin -> real,0.5448,iblis -> bench,60,64,0.0,0.289,0.173,60,90,78,0.0,0.16,8.5,iblis,0.2,15,13.2,49.31,0.113,"aladdin 10%, alif 10%","<long> 29%, iblis 11%",0.6017,0.458,0.795
r8_0451_underground_feature,"Name a type of underground feature. Reply with only the name, nothing else.",0.6444,<long> -> bench,0.5306,cavern -> real,0.5953,cave -> bench,60,64,0.0,0.289,0.173,60,90,23,0.0,0.167,7.9,cave,0.9,3,1.48,5.82,0.548,"cave 45%, tunnel 13%","cave 46%, <long> 29%",0.6036,0.173,1.006
r8_1563_wheel_size,"Name a wheel size. Reply with only the name, nothing else.",0.6444,<long> -> bench,0.5417,26 -> real,0.557,26 inches -> bench,58,61,0.033,0.322,0.207,60,90,58,0.0,0.173,9.0,29,0.15,12,10.9,34.33,0.126,"26 15%, 20 10%","<long> 32%, 26 inches 9%",0.6394,0.199,0.968
r8_1429_fitness_activity,"Name a fitness activity. Reply with only the name, nothing else.",0.6444,<long> -> bench,0.5944,running -> real,0.5417,yoga -> real,60,64,0.0,0.289,0.173,60,90,17,0.0,0.167,7.7,running,0.85,3,1.68,4.23,0.427,"running 47%, swimming 37%","swimming 31%, <long> 29%",0.5997,0.156,1.004
r8_1452_light_fixture,"Name a type of light fixture. Reply with only the name, nothing else.",0.6444,<long> -> bench,0.6417,chandelier -> real,0.5807,chandelier -> real,60,64,0.0,0.289,0.173,60,90,24,0.0,0.153,8.1,chandelier,0.75,3,2.08,5.89,0.5,"chandelier 58%, pendant 27%","chandelier 30%, <long> 29%",0.6356,0.201,0.907
r8_1379_bank,"Name a bank. Reply with only the name, nothing else.",0.6444,<long> -> bench,0.6222,chase -> real,0.5432,chase -> real,60,64,0.0,0.289,0.173,60,90,26,0.0,0.167,8.4,chase,0.75,3,1.99,5.35,0.589,"chase 63%, jpmorgan chase 17%","chase 39%, <long> 29%",0.6342,0.299,1.031
r8_0095_soil_type,"Name a soil type. Reply with only the name, nothing else.",0.6444,<long> -> bench,0.6028,silt -> real,0.5464,silt -> real,60,64,0.0,0.289,0.173,60,90,17,0.0,0.167,8.3,silt,0.25,6,5.6,5.0,0.435,"silt 48%, loam 30%","<long> 29%, silt 28%",0.6156,0.214,0.953
r8_0089_muscle,"Name a muscle. Reply with only the name, nothing else.",0.6444,biceps -> real,0.6444,biceps -> real,0.581,biceps -> real,60,70,0.0,0.222,0.133,60,90,22,0.0,0.127,7.2,biceps,0.9,3,1.48,4.97,0.646,"biceps 73%, quadriceps 7%","biceps 44%, <long> 22%",0.6336,0.261,1.028
r8s_1962_structural_element,"Suggest a type of structural element. Reply with only the name, nothing else.",0.6444,<long> -> bench,0.5333,truss -> real,0.5333,truss -> real,60,64,0.0,0.289,0.173,60,90,69,0.0,0.14,7.4,beam,0.75,3,1.99,36.47,0.169,"beam 17%, column 17%","<long> 29%, beam 12%",0.605,0.485,0.758
r8s_1966_gum_flavor,"Suggest a type of gum flavor. Reply with only the name, nothing else.",0.6444,spearmint -> real,0.6444,spearmint -> real,0.6385,spearmint -> real,60,71,0.0,0.211,0.127,60,90,47,0.0,0.127,7.1,spearmint,0.45,7,4.99,25.89,0.183,"spearmint 33%, mint 12%","<long> 21%, peppermint 8%",0.5989,0.419,0.888
r8s_0754_nut_edible,"Suggest a type of nut edible. Reply with only the name, nothing else.",0.6444,<long> -> bench,0.55,walnut -> real,0.5724,almond -> bench,60,64,0.0,0.289,0.173,60,90,21,0.0,0.16,8.0,almond,0.55,4,3.03,8.83,0.258,"walnut 20%, almonds 20%","<long> 29%, almond 23%",0.5939,0.204,1.082
r8_1155_dessert_topping,"Name a type of dessert topping. Reply with only the name, nothing else.",0.6444,whipped cream -> real,0.6444,whipped cream -> real,0.6219,whipped cream -> real,59,66,0.017,0.267,0.167,60,90,24,0.0,0.16,8.1,whipped cream,0.65,6,3.2,8.93,0.312,"whipped cream 43%, caramel 25%","<long> 27%, caramel 16%",0.6667,0.219,0.963
r8_1164_horse_race,"Name a horse race. Reply with only the name, nothing else.",0.6444,<long> -> bench,0.6167,kentucky derby -> real,0.5188,kentucky derby -> bench,60,64,0.0,0.289,0.173,60,90,10,0.0,0.173,8.9,kentucky derby,0.9,3,1.48,1.55,0.919,"kentucky derby 90%, travers 2%","kentucky derby 67%, <long> 29%",0.6211,0.191,1.111
r8_1058_ninja,"Name a ninja. Reply with only the name, nothing else.",0.6444,<long> -> bench,0.5861,naruto -> real,0.5635,naruto -> real,60,64,0.0,0.289,0.173,60,90,67,0.0,0.153,8.6,naruto,0.6,6,3.41,30.61,0.218,"naruto 28%, ninja 10%","<long> 29%, hattori hanzo 11%",0.6075,0.358,0.85
r8s_0057_movie_genre,"Suggest a movie genre. Reply with only the name, nothing else.",0.6444,<long> -> bench,0.5306,horror -> real,0.5885,sci-fi -> bench,60,64,0.0,0.289,0.173,60,90,28,0.0,0.16,8.1,sci-fi,0.9,3,1.48,7.57,0.508,"sci-fi 42%, horror 15%","sci-fi 42%, <long> 29%",0.6219,0.295,0.95
r8s_0032_taste,"Suggest a type of taste. Reply with only the name, nothing else.",0.6444,<long> -> bench,0.5444,umami -> real,0.5484,sweet -> bench,60,64,0.0,0.289,0.173,60,90,35,0.0,0.167,8.2,umami,0.35,5,4.22,12.73,0.258,"umami 27%, sweet 20%","<long> 29%, sweet 21%",0.61,0.245,0.85
r8s_0086_shellfish,"Suggest a type of shellfish. Reply with only the name, nothing else.",0.6444,<long> -> bench,0.5583,scallop -> real,0.5578,clam -> bench,60,64,0.0,0.289,0.173,60,90,23,0.0,0.173,8.3,clam,0.5,6,3.95,7.5,0.46,"clam 40%, scallop 15%","clam 37%, <long> 29%",0.5997,0.214,0.947
r8s_0059_rock_type,"Suggest a rock type. Reply with only the name, nothing else.",0.6444,<long> -> bench,0.5417,rhyolite -> real,0.5646,granite -> bench,60,64,0.0,0.289,0.173,60,90,38,0.0,0.167,8.2,granite,1.0,1,1.0,10.82,0.5,"granite 43%, rhyolite 8%","granite 40%, <long> 29%",0.5911,0.291,0.965
r8s_0068_rodent,"Suggest a type of rodent. Reply with only the name, nothing else.",0.6444,<long> -> bench,0.5333,rat -> real,0.5328,mouse -> bench,60,64,0.0,0.289,0.173,60,90,33,0.0,0.153,7.7,mouse,0.4,6,4.61,11.77,0.274,"rat 27%, mouse 20%","<long> 29%, rat 20%",0.6214,0.35,1.003
r8_1929_keyboard_instrument,"Name a type of keyboard instrument. Reply with only the name, nothing else.",0.6444,piano -> real,0.6444,piano -> real,0.5538,piano -> real,60,71,0.0,0.211,0.127,60,90,11,0.0,0.127,6.7,piano,1.0,1,1.0,1.63,0.908,"piano 97%, ピアノ 2%","piano 68%, <long> 21%",0.6528,0.086,1.049
r8_1262_leg,"Name a leg. Reply with only the name, nothing else.",0.6444,<long> -> bench,0.5333,thigh -> bench,0.5565,thigh -> bench,58,61,0.033,0.322,0.207,60,90,55,0.0,0.187,8.9,thigh,0.45,7,4.78,22.47,0.303,"femur 27%, hamstring 7%","<long> 32%, femur 22%",0.615,0.471,0.645
r8_1250_oral_care_product,"Name an oral care product. Reply with only the name, nothing else.",0.6444,<long> -> bench,0.6167,colgate -> real,0.576,colgate -> real,60,64,0.0,0.289,0.173,60,90,20,0.0,0.153,8.0,colgate,0.5,3,2.71,5.02,0.435,"colgate 43%, crest 43%","crest 31%, <long> 29%",0.6342,0.124,1.009
r8_1274_seed_dispersal_method,"Name a seed dispersal method. Reply with only the name, nothing else.",0.6444,<long> -> bench,0.575,wind dispersal -> real,0.5714,wind -> bench,60,64,0.0,0.289,0.173,60,90,35,0.0,0.147,8.1,wind,0.45,5,3.94,12.47,0.29,"wind 22%, anemochory 20%","<long> 29%, wind 26%",0.6092,0.316,0.98
r8_1932_piece_of_armor,"Name a piece of armor. Reply with only the name, nothing else.",0.6444,<long> -> bench,0.5528,plate armor -> real,0.5563,chainmail -> bench,60,64,0.0,0.289,0.173,60,90,37,0.0,0.153,7.9,plate armor,0.4,4,3.34,13.65,0.258,"plate 23%, chainmail 20%","<long> 29%, chainmail 22%",0.6375,0.337,0.95
r8_1942_dice_game,"Name a dice game. Reply with only the name, nothing else.",0.6444,<long> -> bench,0.575,yahtzee -> real,0.575,craps -> bench,60,64,0.0,0.289,0.173,60,90,45,0.0,0.167,8.7,craps,0.3,7,5.17,16.53,0.234,"yahtzee 28%, liars dice 18%","<long> 29%, craps 18%",0.59,0.232,0.878
r8_1206_dance_step,"Name a dance step. Reply with only the name, nothing else.",0.6444,<long> -> bench,0.5361,cha-cha -> real,0.5448,tango -> bench,60,64,0.0,0.289,0.173,60,90,60,0.0,0.16,8.6,cha-cha,0.35,10,7.47,29.97,0.21,"twist 17%, cha-cha 8%","<long> 29%, twist 18%",0.6128,0.299,0.989
r8s_1424_shade_of_red,"Suggest a type of shade of red. Reply with only the name, nothing else.",0.6444,<long> -> bench,0.5972,burgundy -> real,0.6,crimson -> bench,60,64,0.0,0.289,0.173,60,90,20,0.0,0.153,8.6,crimson,0.75,4,2.23,4.05,0.653,"crimson 55%, burgundy 25%","crimson 53%, <long> 29%",0.625,0.2,1.02
r8_1087_feature_film,"Name a feature film. Reply with only the name, nothing else.",0.6444,<long> -> bench,0.5917,inception -> real,0.5469,pulp fiction -> bench,60,64,0.0,0.289,0.173,60,90,29,0.0,0.153,8.6,inception,0.4,8,5.6,9.26,0.411,"inception 45%, shawshank redemption 15%","<long> 29%, inception 27%",0.6053,0.194,0.849
r8s_0861_cactus_flower_color,"Suggest a type of cactus flower color. Reply with only the name, nothing else.",0.6444,<long> -> bench,0.5583,yellow -> real,0.538,yellow -> real,60,64,0.0,0.289,0.173,60,90,32,0.0,0.167,7.5,pink,0.55,8,4.66,13.06,0.258,"pink 25%, yellow 22%","<long> 29%, pink 19%",0.5828,0.275,0.972
r8_1258_knitwear_item,"Name a knitwear item. Reply with only the name, nothing else.",0.6444,<long> -> bench,0.55,sweater -> bench,0.6312,sweater -> bench,60,64,0.0,0.289,0.173,60,90,30,0.0,0.167,8.5,sweater,1.0,1,1.0,9.0,0.435,"sweater 30%, socks 18%","sweater 40%, <long> 29%",0.6092,0.307,0.886
r8_0751_tap_dance_step,"Name a tap dance step. Reply with only the name, nothing else.",0.6444,<long> -> bench,0.5639,shuffle -> real,0.5612,shuffle -> real,58,61,0.033,0.322,0.207,60,90,75,0.0,0.2,9.1,ballchange,0.15,15,13.42,50.32,0.126,"shuffle 15%, flap 12%","<long> 32%, flap 9%",0.6058,0.434,0.87
r8_0681_singer,"Name a singer. Reply with only the name, nothing else.",0.6444,<long> -> bench,0.6111,taylor swift -> real,0.5682,taylor swift -> real,60,64,0.0,0.289,0.173,60,90,36,0.0,0.167,8.5,beyoncé,0.5,6,3.69,11.29,0.363,"taylor swift 43%, beyoncé 17%","<long> 29%, taylor swift 21%",0.6308,0.358,0.869
r8_0754_nut_edible,"Name a nut edible. Reply with only the name, nothing else.",0.6444,<long> -> bench,0.5833,peanut -> real,0.6599,almond -> bench,60,64,0.0,0.289,0.173,60,90,21,0.0,0.153,7.9,almond,0.7,3,2.11,6.04,0.548,"almond 38%, peanut 17%","almond 50%, <long> 29%",0.5994,0.251,0.953
r8s_0085_profession,"Suggest a type of profession. Reply with only the name, nothing else.",0.6444,<long> -> bench,0.5722,software engineer -> bench,0.6354,software engineer -> bench,60,64,0.0,0.289,0.173,60,90,60,0.0,0.147,8.0,software engineer,0.35,10,7.47,25.49,0.306,"software engineer 17%, architect 10%","software engineer 31%, <long> 29%",0.6206,0.394,0.635
r8s_1486_meringue,"Suggest a type of meringue. Reply with only the name, nothing else.",0.6444,<long> -> bench,0.5639,swiss -> real,0.5349,italian meringue -> real,60,64,0.0,0.289,0.173,60,90,36,0.0,0.167,8.1,italian,0.35,5,3.95,9.77,0.371,"swiss 38%, italian 28%","<long> 29%, swiss 26%",0.6269,0.203,0.938
r8s_1451_sports_venue,"Suggest a type of sports venue. Reply with only the name, nothing else.",0.6444,<long> -> bench,0.5917,stadium -> real,0.5302,stadium -> bench,60,64,0.0,0.289,0.173,60,90,21,0.0,0.153,8.0,stadium,1.0,1,1.0,2.75,0.815,"stadium 78%, football stadium 3%","stadium 60%, <long> 29%",0.6392,0.178,1.048
r8_1121_type_of_island,"Name a type of island. Reply with only the name, nothing else.",0.6444,<long> -> bench,0.5667,continental -> bench,0.5938,continental -> bench,60,64,0.0,0.289,0.173,60,90,57,0.0,0.16,8.1,volcanic,0.3,6,5.02,27.77,0.226,"volcano 25%, volcanic 10%","<long> 29%, volcano 14%",0.6125,0.378,0.895
r8_0033_circus_act,"Name a circus act. Reply with only the name, nothing else.",0.6444,<long> -> bench,0.5306,tightrope walking -> bench,0.5464,tightrope walking -> bench,60,64,0.0,0.289,0.173,60,90,87,0.0,0.16,8.8,trapeze,0.35,9,6.79,66.57,0.065,"clown 3%, unicycling 3%","<long> 29%, tightrope walking 8%",0.6119,0.469,1.068
r8s_0554_angel,"Suggest a type of angel. Reply with only the name, nothing else.",0.6444,<long> -> bench,0.5333,seraphim -> real,0.5276,seraphim -> bench,60,64,0.0,0.289,0.173,60,90,41,0.0,0.173,8.5,seraphim,0.75,5,2.45,12.35,0.395,"seraphim 37%, archangel 15%","seraphim 30%, <long> 29%",0.6056,0.262,0.807
r8_0213_storm,"Name a storm. Reply with only the name, nothing else.",0.6444,<long> -> bench,0.525,zephyr -> real,0.5319,tornado -> bench,58,61,0.033,0.322,0.207,60,90,65,0.0,0.187,9.1,tornado,0.2,11,9.25,36.06,0.143,"typhoon 13%, hurricane katrina 13%","<long> 32%, typhoon 10%",0.5925,0.426,0.747
r8s_0563_biome,"Suggest a type of biome. Reply with only the name, nothing else.",0.6444,<long> -> bench,0.5361,savanna -> real,0.5453,tropical rainforest -> bench,60,64,0.0,0.289,0.173,60,90,53,0.0,0.16,8.5,tundra,0.65,5,2.99,28.67,0.194,"tundra 18%, savanna 8%","<long> 29%, tundra 14%",0.6022,0.419,0.622
r8_1875_flower_bulb,"Name a flower bulb. Reply with only the name, nothing else.",0.6444,<long> -> bench,0.6111,daffodil -> real,0.5479,daffodil -> real,60,64,0.0,0.289,0.173,60,90,17,0.0,0.167,9.2,daffodil,0.8,2,1.65,4.68,0.484,"daffodil 53%, tulip 22%","daffodil 31%, <long> 29%",0.6583,0.122,0.817
r8_0651_sleeve_type,"Name a sleeve type. Reply with only the name, nothing else.",0.6444,<long> -> bench,0.5333,raglan -> real,0.5345,raglan -> real,58,61,0.033,0.322,0.207,60,90,88,0.0,0.18,8.7,raglan,0.35,9,7.16,70.15,0.084,"bell 7%, raglan 7%","<long> 32%, bell 7%",0.6083,0.626,0.809
r8s_0557_lipid,"Suggest a type of lipid. Reply with only the name, nothing else.",0.6444,<long> -> bench,0.5556,phospholipid -> real,0.5776,phosphatidylcholine -> bench,60,64,0.0,0.289,0.173,60,90,24,0.0,0.153,10.0,phospholipid,0.5,4,3.21,8.29,0.444,"phospholipid 43%, cholesterol 13%","phospholipid 32%, <long> 29%",0.6,0.298,1.204
r8_0428_motorcycle_brand,"Name a motorcycle brand. Reply with only the name, nothing else.",0.6444,harley-davidson -> real,0.6444,harley-davidson -> real,0.5847,harley-davidson -> real,60,72,0.0,0.2,0.12,60,90,12,0.0,0.1,8.0,harley-davidson,0.55,5,3.34,3.46,0.674,"harley-davidson 77%, honda 10%","harley-davidson 48%, <long> 20%",0.6369,0.275,0.929
r8_0538_geographic_boundary,"Name a geographic boundary. Reply with only the name, nothing else.",0.6444,<long> -> bench,0.5944,equator -> real,0.5585,equator -> real,56,58,0.067,0.356,0.24,60,90,50,0.0,0.207,9.9,equator,0.35,8,5.52,21.09,0.333,"equator 37%, <long> 7%","<long> 36%, equator 18%",0.6297,0.322,0.697
r8s_0793_bottled_water,"Suggest a type of bottled water. Reply with only the name, nothing else.",0.6444,<long> -> bench,0.5389,evian -> real,0.5464,aquafina -> bench,60,64,0.0,0.289,0.173,60,90,38,0.0,0.153,8.2,evian,0.6,3,2.28,10.2,0.508,"evian 47%, nestle pure life 5%","evian 39%, <long> 29%",0.6075,0.384,1.014
r8s_1569_mode_of_transportation,"Suggest a type of mode of transportation. Reply with only the name, nothing else.",0.6444,<long> -> bench,0.5667,subway -> real,0.5599,subway -> real,60,64,0.0,0.289,0.173,60,90,36,0.0,0.153,7.8,bicycle,0.85,4,1.8,11.16,0.427,"bicycle 37%, subway 17%","bicycle 34%, <long> 29%",0.5928,0.262,0.925
r8s_1546_sewing_notion,"Suggest a type of sewing notion. Reply with only the name, nothing else.",0.6444,<long> -> bench,0.5306,seam ripper -> real,0.526,seam ripper -> real,60,64,0.0,0.289,0.173,60,90,71,0.0,0.173,8.3,buttons,0.4,11,7.58,44.12,0.105,"needle 12%, button 10%","<long> 29%, buttons 8%",0.6006,0.424,0.926
r8_1288_asteroid,"Name an asteroid. Reply with only the name, nothing else.",0.6444,<long> -> bench,0.5972,bennu -> real,0.6359,ceres -> bench,60,64,0.0,0.289,0.173,60,90,37,0.0,0.16,8.4,vesta,0.25,10,8.16,13.14,0.29,"bennu 25%, ceres 15%","ceres 30%, <long> 29%",0.6186,0.19,0.981
r8_1320_heading,"Name a type of heading. Reply with only the name, nothing else.",0.6444,<long> -> bench,0.6111,heading -> real,0.5682,heading -> real,60,64,0.0,0.289,0.173,60,90,49,0.0,0.147,7.1,heading,0.35,12,8.81,18.61,0.363,"heading 43%, h1 10%","<long> 29%, heading 21%",0.6481,0.368,0.832
r8_1309_chocolate_form,"Name a chocolate form. Reply with only the name, nothing else.",0.6444,<long> -> bench,0.5611,truffles -> real,0.5979,bar -> bench,60,64,0.0,0.289,0.173,60,90,64,0.0,0.153,7.8,chocolate bar,0.5,9,5.51,33.23,0.218,"truffles 13%, bar 12%","<long> 29%, bar 22%",0.6117,0.334,0.772
r8_1298_story_genre,"Name a story genre. Reply with only the name, nothing else.",0.6444,<long> -> bench,0.5722,fantasy -> real,0.5542,fantasy -> real,60,64,0.0,0.289,0.173,60,90,19,0.0,0.16,8.0,mystery,0.35,5,4.37,7.33,0.298,"mystery 25%, fantasy 23%","<long> 29%, mystery 24%",0.5972,0.231,0.92
r8_1897_human_sense,"Name a human sense. Reply with only the name, nothing else.",0.6444,<long> -> bench,0.5722,smell -> real,0.5646,sight -> bench,60,64,0.0,0.289,0.173,60,90,14,0.0,0.147,7.6,smell,0.3,6,4.83,6.41,0.25,"smell 27%, touch 20%","<long> 29%, sight 22%",0.6144,0.256,0.87
r8_1905_seat_on_transportation,"Name a seat on transportation. Reply with only the name, nothing else.",0.6444,<long> -> bench,0.5889,seat -> real,0.5815,bus -> bench,58,61,0.033,0.322,0.207,60,90,52,0.0,0.2,8.4,seat,0.7,6,2.94,23.98,0.286,"seat 33%, first class 7%","<long> 32%, seat 16%",0.6147,0.375,0.864
r8_1863_valkyrie,"Name a valkyrie. Reply with only the name, nothing else.",0.6444,bragi -> real,0.6444,bragi -> real,0.6382,bragi -> real,59,64,0.017,0.289,0.18,60,90,59,0.0,0.173,9.2,bragi,0.65,6,3.2,27.15,0.195,"bragi 33%, brynhildr 17%","<long> 29%, brynhildr 14%",0.6319,0.282,0.804
r8_0383_gemstone_color,"Name a gemstone color. Reply with only the name, nothing else.",0.6444,<long> -> bench,0.5556,amethyst -> real,0.5651,blue -> bench,60,64,0.0,0.289,0.173,60,90,27,0.0,0.133,7.0,blue,0.6,7,3.92,11.58,0.234,"blue 17%, amethyst 17%","<long> 29%, blue 21%",0.6078,0.329,0.865
r8s_1209_road_surface,"Suggest a type of road surface. Reply with only the name, nothing else.",0.6444,<long> -> bench,0.6306,asphalt -> real,0.5312,concrete -> bench,60,64,0.0,0.289,0.173,60,90,12,0.0,0.173,8.1,asphalt,0.9,2,1.38,1.87,0.879,"asphalt 88%, gravel 3%","asphalt 62%, <long> 29%",0.6347,0.162,1.059
r8_0545_musical_accessory,"Name a musical accessory. Reply with only the name, nothing else.",0.6444,<long> -> bench,0.5722,metronome -> real,0.5609,metronome -> real,60,64,0.0,0.289,0.173,60,90,55,0.0,0.16,8.5,metronome,0.65,5,3.07,30.75,0.145,"metronome 20%, headphones 10%","<long> 29%, headphones 13%",0.6106,0.356,0.797
r8_0565_flooring_material,"Name a flooring material. Reply with only the name, nothing else.",0.6444,<long> -> bench,0.6389,laminate -> real,0.6073,laminate -> real,60,64,0.0,0.289,0.173,60,90,27,0.0,0.167,8.3,hardwood,0.4,7,5.22,10.6,0.323,"laminate 43%, vinyl 23%","<long> 29%, laminate 16%",0.6003,0.363,0.866
r8_0336_dressing,"Name a type of dressing. Reply with only the name, nothing else.",0.6444,<long> -> bench,0.5361,caesar -> real,0.5312,hydrocolloid -> bench,60,64,0.0,0.289,0.173,60,90,58,0.0,0.167,8.3,ranch,0.65,6,3.2,26.21,0.21,"caesar 22%, ranch 18%","<long> 29%, caesar 14%",0.5953,0.263,0.773
r8_0691_boy_band,"Name a boy band. Reply with only the name, nothing else.",0.6444,<long> -> bench,0.5722,one direction -> real,0.5406,backstreet boys -> real,60,64,0.0,0.289,0.173,60,90,19,0.0,0.16,8.0,one direction,0.55,6,3.78,5.79,0.419,"one direction 43%, backstreet boys 30%","<long> 29%, one direction 29%",0.6208,0.219,0.771
r8_0112_children_s_book,"Name a children's book. Reply with only the name, nothing else.",0.6444,<long> -> bench,0.5806,very hungry caterpillar -> real,0.5179,little prince -> real,56,58,0.067,0.356,0.24,60,90,18,0.0,0.18,11.1,very hungry caterpillar,0.2,9,7.58,4.31,0.465,"very hungry caterpillar 45%, cat in the hat 33%","<long> 36%, very hungry caterpillar 29%",0.6289,0.146,1.119
r8_0688_fruit_peel,"Name a fruit peel. Reply with only the name, nothing else.",0.6444,<long> -> bench,0.5861,orange -> real,0.5354,banana -> real,60,64,0.0,0.289,0.173,60,90,13,0.0,0.173,7.4,orange,0.7,4,2.49,2.98,0.742,"orange 72%, banana 13%","orange 54%, <long> 29%",0.5958,0.166,1.001
r8_0235_crop,"Name a crop. Reply with only the name, nothing else.",0.6444,<long> -> bench,0.5611,wheat -> real,0.5437,corn -> real,60,64,0.0,0.289,0.173,60,90,42,0.0,0.153,7.9,wheat,0.6,2,1.96,9.93,0.516,"wheat 50%, corn 15%","wheat 38%, <long> 29%",0.6136,0.308,0.779
r8_0003_constellation,"Name a constellation. Reply with only the name, nothing else.",0.6444,<long> -> bench,0.5833,orion -> real,0.5422,lyra -> real,60,64,0.0,0.289,0.173,60,90,25,0.0,0.16,8.1,orion,0.65,2,1.91,5.27,0.605,"orion 60%, ursa major 13%","orion 43%, <long> 29%",0.6117,0.182,1.044
r8_1790_engine_sound,"Name an engine sound. Reply with only the name, nothing else.",0.6444,<long> -> bench,0.5472,vroom -> bench,0.6036,vroom -> bench,60,64,0.0,0.289,0.173,60,90,57,0.0,0.16,8.4,v8 rumble,0.3,11,8.63,22.69,0.29,"vroom 18%, v8 8%","<long> 29%, vroom 28%",0.5897,0.329,0.972
r8_1804_marine_ecosystem,"Name a marine ecosystem. Reply with only the name, nothing else.",0.6444,<long> -> bench,0.5861,coral reef -> real,0.538,coral reef -> bench,60,64,0.0,0.289,0.173,60,90,14,0.0,0.16,8.6,coral reef,0.8,3,1.85,2.39,0.823,"coral reef 78%, corals 5%","coral reef 61%, <long> 29%",0.6542,0.187,0.753
r8_0234_video_game,"Name a video game. Reply with only the name, nothing else.",0.6444,<long> -> bench,0.5944,elden ring -> real,0.5719,elden ring -> real,60,64,0.0,0.289,0.173,60,90,45,0.0,0.153,9.2,elden ring,0.5,3,2.8,19.35,0.226,"elden ring 30%, minecraft 15%","<long> 29%, elden ring 11%",0.6097,0.258,0.968
r8_1802_solder,"Name a solder. Reply with only the name, nothing else.",0.6444,<long> -> bench,0.6083,tin -> bench,0.6557,tin -> bench,60,64,0.0,0.289,0.173,60,90,83,0.0,0.16,7.8,tin,0.3,11,8.63,46.33,0.177,"solder 20%, flux 3%","<long> 29%, tin 23%",0.6433,0.526,0.922
r8_0306_airplane_part,"Name an airplane part. Reply with only the name, nothing else.",0.6444,<long> -> bench,0.5833,flap -> real,0.5766,flap -> real,60,64,0.0,0.289,0.173,60,90,19,0.0,0.173,8.0,wing,1.0,1,1.0,5.19,0.548,"wing 48%, flap 20%","wing 43%, <long> 29%",0.6028,0.216,1.019
r8_0247_olympic_event,"Name an olympic event. Reply with only the name, nothing else.",0.6444,<long> -> bench,0.5694,100m sprint -> real,0.5366,swimming -> real,58,61,0.033,0.322,0.207,60,90,34,0.0,0.173,10.2,100m sprint,0.5,10,5.9,12.53,0.378,"100m sprint 38%, swimming 15%","<long> 32%, 100m sprint 24%",0.5958,0.251,1.03
r8s_1683_percussion_instrument,"Suggest a type of percussion instrument. Reply with only the name, nothing else.",0.6444,<long> -> bench,0.5528,conga -> real,0.5437,conga -> real,60,64,0.0,0.289,0.173,60,90,38,0.0,0.16,8.5,snare drum,0.3,9,6.63,19.79,0.145,"conga 15%, xylophone 15%","<long> 29%, snare drum 12%",0.6036,0.308,0.964
r8s_0122_body_of_water,"Suggest a type of body of water. Reply with only the name, nothing else.",0.6444,<long> -> bench,0.625,lake -> real,0.5224,ocean -> bench,60,64,0.0,0.289,0.173,60,90,14,0.0,0.153,7.2,lake,0.4,6,3.79,2.49,0.806,"lake 82%, lagoon 5%","lake 57%, <long> 29%",0.5931,0.307,0.918
r8_0385_lighting_fixture,"Name a type of lighting fixture. Reply with only the name, nothing else.",0.6444,<long> -> bench,0.6389,chandelier -> real,0.6385,fluorescent -> bench,60,64,0.0,0.289,0.173,60,90,29,0.0,0.153,8.4,chandelier,0.85,4,1.8,9.34,0.323,"chandelier 43%, pendant 23%","<long> 29%, fluorescent 24%",0.6583,0.299,0.862
r8_0399_prey,"Name a prey. Reply with only the name, nothing else.",0.6444,<long> -> bench,0.6,deer -> real,0.6364,mouse -> bench,58,61,0.033,0.322,0.207,60,90,54,0.0,0.187,8.9,rabbit,0.75,5,2.45,22.98,0.261,"deer 20%, mouse 12%","<long> 32%, mouse 27%",0.6253,0.375,1.095
r8_0065_room_in_a_house,"Name a room in a house. Reply with only the name, nothing else.",0.6444,<long> -> bench,0.5889,living room -> real,0.5875,kitchen -> bench,60,64,0.0,0.289,0.173,60,90,8,0.0,0.147,7.4,kitchen,0.7,2,1.84,3.0,0.54,"kitchen 45%, bedroom 35%","kitchen 44%, <long> 29%",0.6197,0.133,0.902
r8_0072_unit_of_volume,"Name an unit of volume. Reply with only the name, nothing else.",0.6444,<long> -> bench,0.6222,liter -> real,0.5214,gallon -> bench,60,64,0.0,0.289,0.173,60,90,17,0.0,0.167,7.4,liter,1.0,1,1.0,3.04,0.75,"liter 77%, gallon 7%","liter 52%, <long> 29%",0.6358,0.2,1.034
r8_0031_unit_of_length,"Name an unit of length. Reply with only the name, nothing else.",0.6444,<long> -> bench,0.6389,meter -> real,0.5328,meter -> real,60,64,0.0,0.289,0.173,60,90,18,0.0,0.173,7.4,meter,1.0,1,1.0,3.03,0.766,"meter 80%, foot 5%","meter 52%, <long> 29%",0.6256,0.228,0.91
r8_0061_magazine,"Name a magazine. Reply with only the name, nothing else.",0.6444,<long> -> bench,0.5611,time -> bench,0.6469,time -> bench,60,64,0.0,0.289,0.173,60,90,33,0.0,0.153,7.5,time,0.7,4,2.49,9.88,0.452,"time 30%, vogue 12%","time 42%, <long> 29%",0.5994,0.292,0.94
r8s_1065_culinary_mushroom,"Suggest a type of culinary mushroom. Reply with only the name, nothing else.",0.6444,<long> -> bench,0.6361,shiitake -> real,0.6068,shiitake -> real,60,64,0.0,0.289,0.173,60,90,28,0.0,0.16,8.7,shiitake,0.35,6,4.48,9.03,0.306,"shiitake 42%, portobello 18%","<long> 29%, portobello 27%",0.635,0.29,0.906
r8s_1474_pencil,"Suggest a type of pencil. Reply with only the name, nothing else.",0.6444,<long> -> bench,0.5833,mechanical pencil -> real,0.6224,hb -> bench,60,64,0.0,0.289,0.173,60,90,38,0.0,0.167,8.2,mechanical pencil,0.35,7,5.01,13.93,0.25,"graphite 27%, mechanical pencil 20%","<long> 29%, hb 23%",0.63,0.252,0.881
r8_1841_pedal,"Name a pedal. Reply with only the name, nothing else.",0.6444,<long> -> bench,0.5333,brake -> bench,0.5639,brake -> bench,58,61,0.033,0.322,0.207,60,90,76,0.0,0.193,9.1,fuzz face,0.15,16,14.38,51.61,0.134,"brake 7%, fuzz 5%","<long> 32%, brake 13%",0.625,0.464,0.981
r8_1850_algae,"Name an algae. Reply with only the name, nothing else.",0.6444,spirulina -> real,0.6444,spirulina -> real,0.6815,chlamydomonas -> bench,59,67,0.017,0.256,0.16,60,90,19,0.0,0.147,8.9,chlamydomonas,0.35,5,4.68,6.91,0.286,"chlorella 37%, spirulina 33%","chlamydomonas 33%, <long> 26%",0.6267,0.143,1.112
r8_0654_place_marker,"Name a place marker. Reply with only the name, nothing else.",0.6444,<long> -> bench,0.5167,canada -> real,0.5319,mount everest -> bench,58,61,0.033,0.322,0.207,60,90,102,0.0,0.153,8.9,google maps,0.15,17,15.83,88.54,0.067,"<long> 3%, marker 3%","<long> 32%, mount everest 7%",0.6256,0.692,0.671
r8_1279_amplifier,"Name an amplifier. Reply with only the name, nothing else.",0.6444,<long> -> bench,0.6194,fender -> real,0.623,op-amp -> bench,58,61,0.033,0.322,0.207,60,90,77,0.0,0.187,9.2,tube,0.15,14,12.2,48.14,0.134,"fender 25%, amp 3%","<long> 32%, op-amp 17%",0.6814,0.477,1.204
r8s_1037_hot_dog_topping,"Suggest a type of hot dog topping. Reply with only the name, nothing else.",0.6444,<long> -> bench,0.575,chili -> real,0.5417,cheese -> real,60,64,0.0,0.289,0.173,60,90,41,0.0,0.147,8.1,chili,0.7,5,2.67,10.7,0.516,"chili 52%, cheese 8%","chili 37%, <long> 29%",0.635,0.381,0.841
r8s_1115_laughter,"Suggest a type of laughter. Reply with only the name, nothing else.",0.6444,<long> -> bench,0.6194,guffaw -> real,0.5969,guffaw -> real,60,64,0.0,0.289,0.173,60,90,60,0.0,0.16,8.4,guffaw,0.45,11,6.94,27.67,0.25,"guffaw 35%, chuckle 7%","<long> 29%, guffaw 11%",0.6214,0.442,0.934
r8s_1118_herd_animal,"Suggest a type of herd animal. Reply with only the name, nothing else.",0.6444,<long> -> bench,0.5806,sheep -> real,0.5625,sheep -> real,60,64,0.0,0.289,0.173,60,90,35,0.0,0.16,7.7,cattle,0.3,6,5.15,11.46,0.379,"cow 33%, sheep 25%","cow 30%, <long> 29%",0.5978,0.304,0.962
r8s_1428_transportation_mode,"Suggest a type of transportation mode. Reply with only the name, nothing else.",0.6444,<long> -> bench,0.5444,subway -> real,0.5859,bicycle -> bench,60,64,0.0,0.289,0.173,60,90,36,0.0,0.167,7.8,bicycle,0.5,6,3.95,13.26,0.339,"bicycle 25%, subway 17%","bicycle 30%, <long> 29%",0.6014,0.305,0.846
r8_1534_economic_system,"Name an economic system. Reply with only the name, nothing else.",0.6444,capitalism -> real,0.6444,capitalism -> real,0.5672,capitalism -> real,60,68,0.0,0.244,0.147,60,90,23,0.0,0.147,7.4,capitalism,0.9,2,1.38,4.18,0.695,"capitalism 77%, socialism 10%","capitalism 48%, <long> 24%",0.6111,0.305,1.084
r8_1481_shaft,"Name a shaft. Reply with only the name, nothing else.",0.6444,<long> -> bench,0.5167,propeller -> bench,0.5245,shaft -> bench,60,64,0.0,0.289,0.173,60,90,93,0.0,0.167,8.1,shaft,0.35,13,9.44,52.44,0.242,"shaft 22%, shaftesbury 3%","<long> 29%, shaft 19%",0.6058,0.603,0.742
r8_0157_shape,"Name a shape. Reply with only the name, nothing else.",0.6444,<long> -> bench,0.6306,circle -> real,0.5719,circle -> real,60,64,0.0,0.289,0.173,60,90,35,0.0,0.173,7.4,circle,0.65,3,2.36,9.03,0.476,"circle 55%, triangle 18%","<long> 29%, circle 29%",0.6181,0.306,1.027
r8_0087_fuel,"Name a fuel. Reply with only the name, nothing else.",0.6444,<long> -> bench,0.5861,petrol -> real,0.5432,petrol -> real,60,64,0.0,0.289,0.173,60,90,38,0.0,0.16,7.9,petrol,0.5,3,2.35,14.02,0.339,"petrol 38%, gasoline 17%","<long> 29%, petrol 21%",0.6106,0.328,0.906
r8s_1079_orchestras_instrument,"Suggest a type of orchestras instrument. Reply with only the name, nothing else.",0.6444,<long> -> bench,0.5722,cello -> real,0.5516,flute -> bench,60,64,0.0,0.289,0.173,60,90,26,0.0,0.173,8.1,violin,0.55,4,3.07,9.43,0.266,"cello 30%, violin 27%","<long> 29%, violin 19%",0.6183,0.237,1.106
r8_1653_mop,"Name a mop. Reply with only the name, nothing else.",0.6444,<long> -> bench,0.5861,mop -> real,0.5205,mop -> real,58,61,0.033,0.322,0.207,60,90,46,0.0,0.167,8.7,o-cedar,0.3,7,5.52,12.85,0.479,"mop 48%, swiffer 5%","<long> 32%, mop 31%",0.6108,0.314,0.78
r8_1540_hip_hop_move,"Name a hip-hop move. Reply with only the name, nothing else.",0.6444,<long> -> bench,0.5417,robot -> real,0.5349,robot -> real,60,64,0.0,0.289,0.173,60,90,89,0.0,0.14,8.1,robot,0.1,15,14.14,66.87,0.081,"robot 12%, grind 8%","<long> 29%, grind 4%",0.6058,0.489,0.837
r8s_0219_bear_species,"Suggest a bear species. Reply with only the name, nothing else.",0.6444,<long> -> bench,0.5667,polar bear -> real,0.5266,grizzly -> real,60,64,0.0,0.289,0.173,60,90,31,0.0,0.16,8.5,polar bear,0.5,8,4.79,12.25,0.347,"polar bear 37%, grizzly bear 13%","<long> 29%, polar bear 23%",0.6147,0.309,0.957
r8_0959_tarot_card,"Name a tarot card. Reply with only the name, nothing else.",0.6444,<long> -> bench,0.6361,fool -> real,0.5594,fool -> real,60,64,0.0,0.289,0.173,60,90,21,0.0,0.16,8.0,fool,0.9,2,1.38,5.89,0.589,"fool 65%, sun 7%","fool 38%, <long> 29%",0.64,0.131,1.037
r8s_0285_salad_dressing,"Suggest a type of salad dressing. Reply with only the name, nothing else.",0.6444,<long> -> bench,0.6139,ranch -> real,0.5255,balsamic vinaigrette -> real,60,64,0.0,0.289,0.173,60,90,20,0.0,0.153,8.2,ranch,0.8,5,2.18,3.5,0.742,"ranch 75%, honey mustard 7%","ranch 52%, <long> 29%",0.6242,0.176,1.024
r8s_0280_moss,"Suggest a type of moss. Reply with only the name, nothing else.",0.6444,<long> -> bench,0.5667,sheet moss -> real,0.6416,sphagnum -> bench,58,61,0.033,0.322,0.207,60,90,54,0.0,0.2,9.7,sphagnum,0.25,14,11.34,19.34,0.387,"sphagnum 23%, sheet moss 13%","sphagnum 36%, <long> 32%",0.6111,0.258,1.053
r8s_0284_musical_genre,"Suggest a musical genre. Reply with only the name, nothing else.",0.6444,<long> -> bench,0.5583,ambient -> real,0.6021,jazz -> bench,60,64,0.0,0.289,0.173,60,90,28,0.0,0.167,8.1,jazz,0.85,4,1.8,6.84,0.589,"jazz 48%, ambient 12%","jazz 49%, <long> 29%",0.6103,0.355,1.002
r8s_1250_oral_care_product,"Suggest a type of oral care product. Reply with only the name, nothing else.",0.6444,<long> -> bench,0.6,electric toothbrush -> real,0.5594,electric toothbrush -> real,60,64,0.0,0.289,0.173,60,90,42,0.0,0.173,9.1,electric toothbrush,0.95,2,1.22,15.87,0.339,"electric toothbrush 40%, colgate total 10%","<long> 29%, electric toothbrush 20%",0.6353,0.279,0.834
r8_0269_puzzle_type,"Name a puzzle type. Reply with only the name, nothing else.",0.6444,<long> -> bench,0.5889,sudoku -> real,0.5344,crossword -> real,60,64,0.0,0.289,0.173,60,90,45,0.0,0.14,8.0,sudoku,1.0,1,1.0,9.72,0.556,"sudoku 57%, crossword 10%","sudoku 39%, <long> 29%",0.6228,0.343,1.08
r8_0887_food_chain_level,"Name a food chain level. Reply with only the name, nothing else.",0.6444,<long> -> bench,0.5472,producer -> real,0.5375,consumer -> bench,60,64,0.0,0.289,0.173,60,90,33,0.0,0.153,7.8,producer,0.65,5,3.07,10.63,0.315,"producer 32%, tertiary consumer 23%","<long> 29%, producer 22%",0.6022,0.228,0.844
r8_1016_economic_sector,"Name an economic sector. Reply with only the name, nothing else.",0.6444,<long> -> bench,0.5944,technology -> real,0.5786,technology -> real,60,64,0.0,0.289,0.173,60,90,28,0.0,0.16,7.5,agriculture,0.4,6,4.61,13.41,0.185,"technology 27%, agriculture 20%","<long> 29%, agriculture 12%",0.62,0.184,0.992
r8s_0189_carnival_ride,"Suggest a type of carnival ride. Reply with only the name, nothing else.",0.6444,<long> -> bench,0.5417,roller coaster -> real,0.5865,ferris wheel -> bench,60,64,0.0,0.289,0.173,60,90,24,0.0,0.16,9.0,ferris wheel,0.8,2,1.65,6.19,0.573,"ferris wheel 48%, roller coaster 12%","ferris wheel 47%, <long> 29%",0.6033,0.339,0.98
r8s_0939_boxing_punch,"Suggest a type of boxing punch. Reply with only the name, nothing else.",0.6444,<long> -> bench,0.5694,hook -> real,0.5401,hook -> real,60,64,0.0,0.289,0.173,60,90,22,0.0,0.167,8.3,uppercut,0.35,4,3.62,6.54,0.411,"uppercut 42%, hook 28%","<long> 29%, uppercut 29%",0.6136,0.244,0.959
r8_0851_tower,"Name a tower. Reply with only the name, nothing else.",0.6444,<long> -> bench,0.5389,eiffel tower -> real,0.5382,eiffel tower -> bench,58,61,0.033,0.322,0.207,60,90,39,0.0,0.18,9.8,eiffel tower,1.0,1,1.0,10.48,0.487,"eiffel tower 43%, eiffel 8%","eiffel tower 36%, <long> 32%",0.6206,0.289,0.917
r8_0944_electric_animal,"Name an electric animal. Reply with only the name, nothing else.",0.6444,<long> -> bench,0.5556,elephant -> real,0.5318,electric eel -> bench,60,64,0.0,0.289,0.173,60,90,35,0.0,0.14,8.1,electric eel,0.5,3,2.35,11.28,0.282,"elephant 30%, electric eel 23%","<long> 29%, electric eel 21%",0.5989,0.195,1.025
r8s_0227_vinegar,"Suggest a type of vinegar. Reply with only the name, nothing else.",0.6444,<long> -> bench,0.6167,apple cider vinegar -> real,0.5828,apple cider vinegar -> real,60,64,0.0,0.289,0.173,60,90,21,0.0,0.14,8.9,apple cider vinegar,0.55,2,1.99,7.37,0.315,"apple cider vinegar 40%, balsamic 30%","<long> 29%, balsamic 20%",0.6281,0.242,1.037
r8s_1651_life_stage,"Suggest a type of life stage. Reply with only the name, nothing else.",0.6444,<long> -> bench,0.5417,adolescence -> real,0.525,young adult -> real,60,64,0.0,0.289,0.173,60,90,49,0.0,0.16,8.2,adolescence,0.3,6,5.15,22.5,0.202,"adolescence 22%, adulthood 12%","<long> 29%, adolescence 13%",0.6025,0.38,1.126
r8_1689_alga,"Name an alga. Reply with only the name, nothing else.",0.6444,<long> -> bench,0.5556,chlamydomonas -> real,0.551,chlorella -> real,60,64,0.0,0.289,0.173,60,90,20,0.0,0.16,9.9,chlamydomonas,0.7,7,3.15,5.2,0.605,"chlamydomonas 57%, chlorella 13%","chlamydomonas 46%, <long> 29%",0.6361,0.164,1.011
r8_0430_luggage,"Name a type of luggage. Reply with only the name, nothing else.",0.6444,<long> -> bench,0.5583,suitcase -> real,0.5979,backpack -> bench,60,64,0.0,0.289,0.173,60,90,19,0.0,0.173,8.2,suitcase,0.75,3,2.08,4.38,0.581,"suitcase 55%, backpack 12%","suitcase 43%, <long> 29%",0.6397,0.195,0.843
r8s_1701_canvas,"Suggest a type of canvas. Reply with only the name, nothing else.",0.6444,<long> -> bench,0.5278,stretched canvas -> bench,0.541,stretched canvas -> bench,58,61,0.033,0.322,0.207,60,90,92,0.0,0.187,9.0,linen,0.2,13,11.19,71.28,0.109,"canvas 7%, whiteboard 5%","<long> 32%, canvas 10%",0.6103,0.623,0.721
r8s_1707_equestrian_sport,"Suggest a type of equestrian sport. Reply with only the name, nothing else.",0.6444,<long> -> bench,0.5972,eventing -> real,0.5724,eventing -> real,60,64,0.0,0.289,0.173,60,90,18,0.0,0.173,8.6,dressage,0.6,5,3.18,6.82,0.29,"eventing 32%, dressage 32%","<long> 29%, dressage 19%",0.6042,0.152,1.021
r8s_0468_boot,"Suggest a type of boot. Reply with only the name, nothing else.",0.6444,<long> -> bench,0.5194,chelsea boots -> real,0.5302,hiking boot -> bench,60,64,0.0,0.289,0.173,60,90,79,0.0,0.147,7.9,chelsea boots,0.25,7,5.75,45.73,0.202,"chelsea 18%, chelsea boots 5%","<long> 29%, chelsea 16%",0.6119,0.547,0.753
r8s_0395_board_game_piece,"Suggest a type of board game piece. Reply with only the name, nothing else.",0.6444,<long> -> bench,0.5889,pawn -> bench,0.6724,pawn -> bench,60,64,0.0,0.289,0.173,60,90,37,0.0,0.16,7.4,pawn,0.45,10,6.48,12.36,0.411,"pawn 23%, chess 10%","pawn 41%, <long> 29%",0.6231,0.286,0.981
r8s_0423_first_aid_item,"Suggest a type of first aid item. Reply with only the name, nothing else.",0.6444,<long> -> bench,0.5778,band-aid -> real,0.6224,bandage -> bench,60,64,0.0,0.289,0.173,60,90,24,0.0,0.173,8.6,bandage,0.5,7,4.47,6.65,0.46,"bandage 33%, band-aid 27%","bandage 41%, <long> 29%",0.605,0.24,0.98
r8s_0436_nut,"Suggest a type of nut. Reply with only the name, nothing else.",0.6444,<long> -> bench,0.5306,almond -> real,0.5563,walnut -> bench,60,64,0.0,0.289,0.173,60,90,20,0.0,0.16,8.2,almond,0.65,3,2.36,9.03,0.258,"almond 25%, walnut 20%","<long> 29%, walnut 22%",0.5989,0.197,0.891
r8_0334_revolution,"Name a revolution. Reply with only the name, nothing else.",0.6444,<long> -> bench,0.5639,french revolution -> real,0.5995,industrial -> bench,60,64,0.0,0.289,0.173,60,90,49,0.0,0.16,7.8,industrial revolution,0.4,4,3.4,21.12,0.202,"industrial revolution 22%, french revolution 15%","<long> 29%, industrial 19%",0.6017,0.262,0.68
r8_0289_supernatural_being,"Name a type of supernatural being. Reply with only the name, nothing else.",0.6444,<long> -> bench,0.5833,vampire -> real,0.6083,ghost -> bench,60,64,0.0,0.289,0.173,60,90,61,0.0,0.167,8.0,vampire,0.4,7,4.75,31.36,0.202,"vampire 27%, griffin 5%","<long> 29%, ghost 18%",0.6192,0.466,0.932
r8s_0159_melon,"Suggest a type of melon. Reply with only the name, nothing else.",0.6444,<long> -> bench,0.5556,watermelon -> real,0.5656,cantaloupe -> bench,60,64,0.0,0.289,0.173,60,90,17,0.0,0.167,9.2,cantaloupe,0.65,2,1.91,3.19,0.718,"cantaloupe 65%, watermelon 17%","cantaloupe 56%, <long> 29%",0.6078,0.112,0.976
r8s_0190_wood,"Suggest a type of wood. Reply with only the name, nothing else.",0.6444,<long> -> bench,0.5611,oak -> real,0.5495,oak -> bench,60,64,0.0,0.289,0.173,60,90,18,0.0,0.16,7.3,oak,1.0,1,1.0,3.36,0.718,"oak 67%, mahogany 13%","oak 54%, <long> 29%",0.6139,0.294,0.851
r8_0513_lentil,"Name a lentil. Reply with only the name, nothing else.",0.6444,<long> -> bench,0.5528,puy -> real,0.5505,puy -> real,60,64,0.0,0.289,0.173,60,90,68,0.0,0.153,8.0,green,0.45,7,4.91,42.82,0.145,"green 17%, puy 12%","<long> 29%, green 9%",0.5994,0.454,0.942
r8_0482_wave,"Name a wave. Reply with only the name, nothing else.",0.6444,<long> -> bench,0.5611,wave -> real,0.5589,wave -> real,60,64,0.0,0.289,0.173,60,90,84,0.0,0.153,7.8,sound,0.5,7,4.55,61.42,0.089,"wave 13%, sine 8%","<long> 29%, sine 7%",0.6089,0.56,0.668
r8s_0831_edible_oil,"Suggest a type of edible oil. Reply with only the name, nothing else.",0.6444,<long> -> bench,0.6167,olive oil -> real,0.5224,canola -> bench,60,64,0.0,0.289,0.173,60,90,15,0.0,0.173,8.8,olive oil,1.0,1,1.0,3.31,0.718,"olive oil 73%, olive 8%","olive oil 50%, <long> 29%",0.6294,0.155,0.994
r8s_0898_smoothie_ingredient,"Suggest a type of smoothie ingredient. Reply with only the name, nothing else.",0.6444,<long> -> bench,0.6111,banana -> real,0.5156,strawberry -> bench,60,64,0.0,0.289,0.173,60,90,22,0.0,0.167,8.1,banana,0.95,2,1.22,3.29,0.766,"banana 77%, blueberry 3%","banana 54%, <long> 29%",0.6331,0.241,1.063
r8s_1148_grainy_substance,"Suggest a type of grainy substance. Reply with only the name, nothing else.",0.6444,<long> -> bench,0.5639,salt -> bench,0.6,salt -> bench,60,64,0.0,0.289,0.173,60,90,32,0.0,0.16,7.6,quinoa,0.25,14,11.64,14.25,0.202,"sand 22%, quinoa 18%","<long> 29%, salt 18%",0.5908,0.308,0.906
r8s_1139_shade_of_green,"Suggest a type of shade of green. Reply with only the name, nothing else.",0.6444,<long> -> bench,0.6167,sage -> real,0.6297,forest -> bench,60,64,0.0,0.289,0.173,60,90,30,0.0,0.167,7.9,sage,0.3,7,5.94,12.51,0.234,"sage 30%, forest 10%","<long> 29%, forest 26%",0.6222,0.374,0.965
r8s_1157_philosophical_concept,"Suggest a type of philosophical concept. Reply with only the name, nothing else.",0.6444,<long> -> bench,0.5417,existentialism -> real,0.5302,ethics -> bench,60,64,0.0,0.289,0.173,60,90,55,0.0,0.16,8.9,existentialism,0.25,8,7.1,25.62,0.242,"existentialism 25%, stoicism 12%","<long> 29%, existentialism 17%",0.5981,0.392,0.85
r8s_0127_flightless_bird,"Suggest a type of flightless bird. Reply with only the name, nothing else.",0.6444,<long> -> bench,0.6417,ostrich -> real,0.5807,ostrich -> real,60,64,0.0,0.289,0.173,60,90,9,0.0,0.153,8.4,ostrich,0.65,5,2.99,3.43,0.5,"ostrich 58%, penguin 27%","ostrich 30%, <long> 29%",0.6156,0.096,0.847
r8_0537_cooking_fat,"Name a cooking fat. Reply with only the name, nothing else.",0.6444,butter -> real,0.6444,butter -> real,0.5853,butter -> real,60,67,0.0,0.256,0.153,60,90,16,0.0,0.153,7.6,butter,0.9,3,1.48,5.2,0.543,"butter 63%, lard 10%","butter 34%, <long> 26%",0.6125,0.216,1.038
r8_1325_general,"Name a general. Reply with only the name, nothing else.",0.6444,<long> -> bench,0.5278,george washington -> real,0.5385,alexander -> bench,60,64,0.0,0.289,0.173,60,90,71,0.0,0.14,8.0,george washington,0.25,13,10.86,41.05,0.137,"george washington 13%, napoleon 12%","<long> 29%, napoleon 11%",0.6014,0.447,0.608
r8_1340_rivet,"Name a rivet. Reply with only the name, nothing else.",0.6444,<long> -> bench,0.5861,rivet -> real,0.5469,bolt -> bench,60,64,0.0,0.289,0.173,60,90,76,0.0,0.16,7.8,pop rivet,0.15,15,13.42,31.0,0.339,"rivet 38%, vent 2%","<long> 29%, rivet 21%",0.6236,0.547,0.835
r8_1315_barometer,"Name a barometer. Reply with only the name, nothing else.",0.6444,<long> -> bench,0.5833,barometer -> real,0.5712,aneroid -> bench,58,61,0.033,0.322,0.207,60,90,43,0.0,0.193,9.4,aneroid,0.3,6,5.24,18.34,0.252,"barometer 30%, mercury 10%","<long> 32%, aneroid 17%",0.6264,0.346,0.765
r8_0951_stage_equipment,"Name a type of stage equipment. Reply with only the name, nothing else.",0.6444,<long> -> bench,0.5833,truss -> real,0.563,truss -> real,60,64,0.0,0.289,0.173,60,90,72,0.0,0.16,8.1,spotlight,0.5,9,5.51,42.58,0.202,"truss 27%, spotlight 5%","<long> 29%, truss 10%",0.6233,0.502,1.034
r8_0964_beachwear,"Name a type of beachwear. Reply with only the name, nothing else.",0.6444,<long> -> bench,0.5944,bikini -> real,0.5312,bikini -> real,60,64,0.0,0.289,0.173,60,90,26,0.0,0.153,8.5,bikini,0.8,4,2.03,6.54,0.468,"bikini 50%, swimsuit 22%","bikini 31%, <long> 29%",0.6214,0.168,0.951
r8_0406_horror_movie,"Name a horror movie. Reply with only the name, nothing else.",0.6444,<long> -> bench,0.5722,shining -> real,0.525,conjuring -> real,60,64,0.0,0.289,0.173,60,90,34,0.0,0.167,9.2,exorcist,0.5,7,4.67,10.65,0.379,"shining 40%, exorcist 20%","<long> 29%, shining 26%",0.6044,0.131,1.016
r8_0413_ice_cream_topping,"Name a type of ice cream topping. Reply with only the name, nothing else.",0.6444,<long> -> bench,0.5639,sprinkles -> real,0.5594,sprinkles -> real,60,64,0.0,0.289,0.173,60,90,31,0.0,0.167,8.1,chocolate chips,0.35,8,6.34,10.68,0.395,"chocolate chips 38%, cherry 17%","<long> 29%, chocolate chips 29%",0.5994,0.276,0.982
r8_0479_sugar,"Name a sugar. Reply with only the name, nothing else.",0.6444,<long> -> bench,0.5972,glucose -> bench,0.6672,glucose -> bench,60,64,0.0,0.289,0.173,60,90,55,0.0,0.16,7.8,glucose,0.85,3,1.68,19.76,0.323,"sucrose 18%, sugar 17%","glucose 34%, <long> 29%",0.6353,0.394,0.988
r8s_0965_garden_implement,"Suggest a type of garden implement. Reply with only the name, nothing else.",0.6444,<long> -> bench,0.5556,trowel -> real,0.5844,shovel -> bench,60,64,0.0,0.289,0.173,60,90,30,0.0,0.167,8.5,trowel,0.35,10,7.47,12.37,0.323,"trowel 33%, rake 12%","<long> 29%, trowel 22%",0.6044,0.289,0.946
r8_1377_celestial_body_type,"Name a celestial body type. Reply with only the name, nothing else.",0.6444,<long> -> bench,0.5667,planet -> real,0.5443,asteroid -> real,60,64,0.0,0.289,0.173,60,90,30,0.0,0.167,7.8,star,0.6,3,2.28,12.97,0.266,"planet 30%, asteroid 17%","<long> 29%, planet 17%",0.6006,0.28,0.875
r8s_0420_seasoning_or_spice,"Suggest a type of seasoning or spice. Reply with only the name, nothing else.",0.6444,<long> -> bench,0.5639,paprika -> real,0.5948,cumin -> bench,60,64,0.0,0.289,0.173,60,90,25,0.0,0.16,8.3,cumin,0.45,7,4.78,9.98,0.315,"paprika 25%, cumin 22%","<long> 29%, cumin 29%",0.6044,0.297,0.959
r8s_0443_animal_sound,"Suggest a type of animal sound. Reply with only the name, nothing else.",0.6444,<long> -> bench,0.5444,meow -> real,0.5687,owl -> bench,60,64,0.0,0.289,0.173,60,90,38,0.0,0.167,7.9,roar,0.9,3,1.48,15.55,0.282,"roar 28%, meow 17%","<long> 29%, roar 20%",0.6103,0.38,0.794
r8s_1936_card_suit,"Suggest a type of card suit. Reply with only the name, nothing else.",0.6417,<long> -> bench,0.5944,hearts -> real,0.5526,hearts -> real,59,63,0.017,0.3,0.187,60,90,13,0.0,0.167,8.3,hearts,0.65,3,2.36,4.27,0.443,"spades 43%, hearts 40%","spades 31%, <long> 30%",0.6347,0.21,0.97
r8_1477_cloud_temperature,"Name a type of cloud temperature. Reply with only the name, nothing else.",0.6417,<long> -> bench,0.5694,cirrus -> real,0.5649,cumulus -> bench,57,60,0.05,0.333,0.22,60,90,58,0.0,0.2,9.2,cirrus,0.6,6,3.66,28.38,0.214,"cirrus 25%, cumulus 7%","<long> 33%, cumulus 13%",0.6139,0.437,0.839
r8_1472_nature_sound,"Name a nature sound. Reply with only the name, nothing else.",0.6417,<long> -> bench,0.5528,rain -> real,0.5429,birdsong -> real,59,63,0.017,0.3,0.187,60,90,39,0.0,0.16,8.2,rain,0.85,3,1.68,13.82,0.352,"rain 35%, ocean waves 15%","<long> 30%, rain 24%",0.6086,0.282,0.874
r8s_1955_spice_bark,"Suggest a type of spice bark. Reply with only the name, nothing else.",0.6417,<long> -> bench,0.5278,cinnamon -> bench,0.6014,cinnamon -> bench,59,63,0.017,0.3,0.187,60,90,50,0.0,0.187,8.7,cinnamon,0.8,2,1.65,16.81,0.41,"cinnamon 30%, allspice 7%","cinnamon 36%, <long> 30%",0.5944,0.31,1.005
r8s_1930_utopia,"Suggest a type of utopia. Reply with only the name, nothing else.",0.6417,<long> -> bench,0.5361,platonic -> bench,0.555,platonic -> bench,59,63,0.017,0.3,0.187,60,90,89,0.0,0.173,9.3,technocracy,0.1,18,17.41,72.02,0.074,"stellar 3%, technocracy 3%","<long> 30%, platonic 9%",0.595,0.456,1.08
r8_0183_outdoor_game,"Name an outdoor game. Reply with only the name, nothing else.",0.6417,<long> -> bench,0.5333,tennis -> real,0.5675,soccer -> bench,59,63,0.017,0.3,0.187,60,90,35,0.0,0.153,8.2,soccer,0.8,4,2.03,11.75,0.443,"soccer 37%, tennis 10%","soccer 36%, <long> 30%",0.5889,0.317,1.458
r8_0096_actor,"Name an actor. Reply with only the name, nothing else.",0.6417,<long> -> bench,0.5444,leonardo dicaprio -> real,0.5291,tom hanks -> bench,59,63,0.017,0.3,0.187,60,90,67,0.0,0.167,9.3,leonardo dicaprio,0.65,4,2.67,24.33,0.344,"leonardo dicaprio 33%, tom hanks 8%","<long> 30%, leonardo dicaprio 24%",0.5986,0.425,0.706
r8_1460_visual_art_technique,"Name a visual-art technique. Reply with only the name, nothing else.",0.6417,chiaroscuro -> real,0.6417,chiaroscuro -> real,0.6372,chiaroscuro -> real,60,71,0.0,0.211,0.127,60,90,40,0.0,0.127,7.5,chiaroscuro,0.25,8,6.6,15.87,0.244,"chiaroscuro 32%, pointillism 17%","pointillism 24%, <long> 21%",0.6292,0.281,0.876
r8_0873_wind_type,"Name a wind type. Reply with only the name, nothing else.",0.6417,<long> -> bench,0.5389,bora -> real,0.5312,katabatic -> bench,59,63,0.017,0.3,0.187,60,90,54,0.0,0.173,8.4,bora,0.75,4,2.23,22.67,0.311,"bora 30%, breeze 10%","<long> 30%, bora 22%",0.6186,0.41,0.871
r8_1113_ball,"Name a ball. Reply with only the name, nothing else.",0.6417,<long> -> bench,0.6139,basketball -> real,0.5907,basketball -> real,59,63,0.017,0.3,0.187,60,90,53,0.0,0.167,8.3,basketball,0.6,6,3.56,19.56,0.262,"basketball 35%, ball 13%","<long> 30%, ball 17%",0.6081,0.38,0.848
r8_0543_battery_type,"Name a battery type. Reply with only the name, nothing else.",0.6417,<long> -> bench,0.625,lithium-ion -> real,0.5379,lithium-ion -> real,59,63,0.017,0.3,0.187,60,90,23,0.0,0.16,9.2,lithium-ion,0.75,3,2.08,4.41,0.656,"lithium-ion 68%, alkaline 13%","lithium-ion 43%, <long> 30%",0.6247,0.173,0.831
r8_0520_contract,"Name a contract. Reply with only the name, nothing else.",0.6417,<long> -> bench,0.5167,non-disclosure agreement -> real,0.5325,lease agreement -> bench,57,60,0.05,0.333,0.22,60,90,96,0.0,0.173,9.3,lease agreement,0.2,12,9.74,82.19,0.068,"<long> 5%, nda 3%","<long> 33%, lease agreement 7%",0.5978,0.642,0.539
r8_0564_university,"Name an university. Reply with only the name, nothing else.",0.6417,harvard university -> real,0.6417,harvard university -> real,0.5809,harvard university -> real,58,63,0.033,0.3,0.193,60,90,21,0.0,0.173,8.8,harvard university,1.0,1,1.0,5.95,0.554,"harvard university 62%, stanford university 5%","harvard university 33%, <long> 30%",0.615,0.178,0.829
r8_1973_galaxy_shape,"Name a galaxy shape. Reply with only the name, nothing else.",0.6417,<long> -> bench,0.5528,andromeda -> real,0.5558,spiral -> bench,59,63,0.017,0.3,0.187,60,90,31,0.0,0.167,8.8,spiral,0.95,2,1.22,7.24,0.549,"spiral 48%, andromeda 15%","spiral 42%, <long> 30%",0.5994,0.236,1.193
r8_1943_salamandra,"Name a salamandra. Reply with only the name, nothing else.",0.6417,<long> -> bench,0.5417,fire salamander -> real,0.5523,salamandra salamandra -> bench,59,63,0.017,0.3,0.187,60,90,56,0.0,0.153,9.2,salamandra,0.3,8,6.26,23.05,0.246,"salamandra 23%, salamandra salamandra 10%","<long> 30%, salamandra 18%",0.6136,0.363,0.733
r8_1923_ghost_story,"Name a ghost story. Reply with only the name, nothing else.",0.6417,<long> -> bench,0.6222,haunting of hill house -> real,0.5648,haunting of hill house -> real,59,63,0.017,0.3,0.187,60,90,44,0.0,0.153,10.4,haunting of hill house,0.5,8,5.0,11.7,0.475,"haunting of hill house 53%, shining 7%","<long> 30%, haunting of hill house 29%",0.5922,0.102,0.836
r8_1933_science_fiction_device,"Name a science-fiction device. Reply with only the name, nothing else.",0.6417,<long> -> bench,0.5361,holodeck -> real,0.5465,teleporter -> bench,59,63,0.017,0.3,0.187,60,90,59,0.0,0.16,8.7,wormhole,0.25,11,8.98,35.49,0.148,"warp drive 10%, replicator 8%","<long> 30%, warp drive 13%",0.595,0.378,0.965
r8_1190_comb,"Name a comb. Reply with only the name, nothing else.",0.6417,<long> -> bench,0.5083,combined operation halt -> real,0.5469,comb -> bench,59,63,0.017,0.3,0.187,60,90,85,0.0,0.153,8.1,comb,0.7,7,3.15,37.82,0.32,"comb 27%, k3s 2%","<long> 30%, comb 26%",0.6256,0.544,0.731
r8_1884_plant_flower_arrangeme,"Name a type of plant flower arrangement. Reply with only the name, nothing else.",0.6417,<long> -> bench,0.5417,dutch bouquet -> real,0.5424,dutch bouquet -> real,59,63,0.017,0.3,0.187,60,90,60,0.0,0.173,8.9,bouquet,0.2,15,12.85,29.54,0.246,"wreath 22%, dutch bouquet 8%","<long> 30%, wreath 19%",0.5994,0.359,0.802
r8_1909_photograph,"Name a photograph. Reply with only the name, nothing else.",0.6417,<long> -> bench,0.5528,starry night -> real,0.5386,starry night -> real,55,57,0.083,0.367,0.253,60,90,85,0.0,0.187,9.8,migrant mother,0.2,16,14.14,57.74,0.161,"starry night 18%, <long> 8%","<long> 37%, starry night 8%",0.6039,0.447,0.734
r8_1876_flute,"Name a flute. Reply with only the name, nothing else.",0.6417,<long> -> bench,0.5806,concert flute -> bench,0.6185,concert flute -> bench,59,63,0.017,0.3,0.187,60,90,58,0.0,0.147,8.4,piccolo,0.25,12,9.87,29.79,0.172,"flute 17%, recorder 12%","<long> 30%, concert flute 18%",0.6081,0.389,0.779
r8_1096_kale,"Name a kale. Reply with only the name, nothing else.",0.6417,kale -> real,0.6417,kale -> real,0.6155,kale -> real,58,71,0.033,0.211,0.14,60,90,66,0.0,0.133,7.5,curly,0.25,12,9.46,19.67,0.442,"kale 55%, bromeliad 3%","kale 27%, <long> 21%",0.6247,0.443,0.64
r8_0263_musical_term,"Name a musical term. Reply with only the name, nothing else.",0.6417,staccato -> real,0.6417,staccato -> real,0.6295,staccato -> real,60,66,0.0,0.267,0.16,60,90,31,0.0,0.153,8.4,allegro,0.45,7,4.91,8.59,0.437,"allegro 35%, staccato 35%","allegro 38%, <long> 27%",0.6208,0.383,1.116
r8_1921_cheese_storage,"Name a type of cheese storage. Reply with only the name, nothing else.",0.6417,<long> -> bench,0.5306,cellar -> bench,0.5471,cellar -> bench,59,63,0.017,0.3,0.187,60,90,56,0.0,0.153,8.8,cheese cave,0.5,10,5.9,29.76,0.238,"cheese cave 20%, cheeseware 5%","<long> 30%, cheese cave 19%",0.6297,0.259,0.97
r8_0672_traffic_signal,"Name a traffic signal. Reply with only the name, nothing else.",0.6417,<long> -> bench,0.5611,traffic light -> real,0.553,traffic light -> real,59,63,0.017,0.3,0.187,60,90,33,0.0,0.18,7.9,red light,0.35,8,6.07,11.15,0.328,"red 32%, green 20%","<long> 30%, red 23%",0.6072,0.224,0.935
r8_1260_grill,"Name a grill. Reply with only the name, nothing else.",0.6417,<long> -> bench,0.5528,weber -> real,0.5317,griller -> bench,59,63,0.017,0.3,0.187,60,90,58,0.0,0.167,8.4,weber,0.5,10,5.9,27.1,0.23,"weber 25%, grill 17%","<long> 30%, weber 14%",0.6078,0.49,0.825
r8_1217_card_game,"Name a card game. Reply with only the name, nothing else.",0.6417,uno -> real,0.6417,uno -> real,0.6224,uno -> real,60,65,0.0,0.278,0.167,60,90,25,0.0,0.153,8.0,poker,0.7,6,2.94,7.34,0.408,"uno 38%, poker 30%","poker 37%, <long> 28%",0.6211,0.232,1.004
r8_0160_soil,"Name a soil. Reply with only the name, nothing else.",0.6417,<long> -> bench,0.5583,loam -> real,0.525,loam -> real,59,63,0.017,0.3,0.187,60,90,47,0.0,0.187,8.7,loam,0.45,6,4.22,17.39,0.262,"loam 28%, silt 22%","<long> 30%, loam 17%",0.6058,0.279,0.99
r8s_1952_insectivore,"Suggest a type of insectivore. Reply with only the name, nothing else.",0.6417,<long> -> bench,0.6306,bat -> bench,0.7311,bat -> bench,59,63,0.017,0.3,0.187,60,90,38,0.0,0.187,8.3,shrew,0.4,5,3.74,11.04,0.459,"bat 22%, shrew 18%","bat 48%, <long> 30%",0.6225,0.301,1.011
r8_0184_unit_of_temperature,"Name a type of unit of temperature. Reply with only the name, nothing else.",0.6417,celsius -> real,0.6417,celsius -> real,0.5974,kelvin -> bench,60,65,0.0,0.278,0.167,60,90,10,0.0,0.147,7.7,celsius,0.95,2,1.22,3.53,0.616,"celsius 68%, degree 8%","celsius 40%, <long> 28%",0.6494,0.188,0.868
r8_1833_spy,"Name a spy. Reply with only the name, nothing else.",0.6417,<long> -> bench,0.5944,james bond -> real,0.5938,james bond -> real,59,63,0.017,0.3,0.187,60,90,98,0.0,0.16,9.0,james bond,0.7,7,3.15,78.12,0.107,"james bond 20%, jason bourne 8%","<long> 30%, richard sorge 2%",0.6222,0.547,0.813
r8s_1080_stadium,"Suggest a type of stadium. Reply with only the name, nothing else.",0.6417,<long> -> bench,0.5861,stadium -> real,0.5647,stadium -> real,59,63,0.017,0.3,0.187,60,90,50,0.0,0.173,8.6,football stadium,0.35,7,5.42,22.22,0.221,"stadium 28%, football 10%","<long> 30%, stadium 11%",0.6092,0.38,0.931
r8_1752_zipper,"Name a zipper. Reply with only the name, nothing else.",0.6417,<long> -> bench,0.5861,ykk -> real,0.5693,zipper -> bench,59,63,0.017,0.3,0.187,60,90,52,0.0,0.16,7.9,ykk,0.6,7,3.82,18.26,0.221,"ykk 28%, zip 17%","<long> 30%, zip 19%",0.6272,0.348,0.981
r8s_1562_cucumber,"Suggest a type of cucumber. Reply with only the name, nothing else.",0.6417,<long> -> bench,0.5361,english -> bench,0.5825,english -> bench,59,63,0.017,0.3,0.187,60,90,58,0.0,0.173,8.7,english,0.65,6,3.2,25.72,0.238,"english 15%, english cucumber 10%","<long> 30%, english 22%",0.6083,0.296,0.931
r8_0360_flower_arrangement,"Name a type of flower arrangement. Reply with only the name, nothing else.",0.6417,<long> -> bench,0.525,bouquet -> bench,0.5592,wreath -> bench,59,63,0.017,0.3,0.187,60,90,61,0.0,0.167,9.0,bouquet,0.3,11,7.81,32.63,0.197,"wreath 13%, dutch bouquet 10%","<long> 30%, wreath 18%",0.6014,0.34,0.926
r8s_1110_saltwater_sport_fish,"Suggest a type of saltwater sport fish. Reply with only the name, nothing else.",0.6417,<long> -> bench,0.5833,marlin -> real,0.5779,marlin -> real,59,63,0.017,0.3,0.187,60,90,36,0.0,0.173,8.9,marlin,0.4,9,5.82,21.11,0.131,"marlin 20%, mahi-mahi 12%","<long> 30%, red snapper 11%",0.5942,0.297,0.978
r8_1070_mixer,"Name a mixer. Reply with only the name, nothing else.",0.6417,<long> -> bench,0.5417,kitchenaid -> bench,0.5698,kitchenaid -> bench,59,63,0.017,0.3,0.187,60,90,93,0.0,0.16,8.6,kenwood,0.1,19,18.66,70.02,0.123,"mixer 5%, kitchenaid 5%","<long> 30%, kitchenaid 13%",0.6192,0.59,0.8
r8s_0132_precipitation,"Suggest a type of precipitation. Reply with only the name, nothing else.",0.6417,<long> -> bench,0.6333,rain -> real,0.5738,rain -> real,59,63,0.017,0.3,0.187,60,90,23,0.0,0.18,7.8,rain,0.75,4,2.28,6.61,0.5,"rain 57%, snow 18%","<long> 30%, rain 30%",0.6597,0.278,0.998
r8s_0114_ballet,"Suggest a type of ballet. Reply with only the name, nothing else.",0.6417,<long> -> bench,0.6111,pas de deux -> real,0.549,pas de deux -> real,59,63,0.017,0.3,0.187,60,90,37,0.0,0.16,8.7,pas de deux,0.65,7,3.52,10.07,0.492,"pas de deux 53%, classical 8%","pas de deux 31%, <long> 30%",0.6122,0.397,1.114
r8_1005_metronome,"Name a metronome. Reply with only the name, nothing else.",0.6417,<long> -> bench,0.5167,ticktock -> real,0.5406,metronome -> bench,59,63,0.017,0.3,0.187,60,90,77,0.0,0.153,8.5,seiko,0.3,15,11.68,39.19,0.262,"metronome 22%, seiko 5%","<long> 30%, metronome 21%",0.605,0.55,0.786
r8_0275_glacier,"Name a glacier. Reply with only the name, nothing else.",0.6417,<long> -> bench,0.6028,perito moreno -> real,0.5748,perito moreno -> real,59,63,0.017,0.3,0.187,60,90,67,0.0,0.173,9.1,perito moreno,0.15,17,15.83,31.78,0.279,"perito moreno 35%, vatnajökull 5%","<long> 30%, perito moreno 14%",0.6181,0.434,0.874
r8s_1211_fish_scale,"Suggest a type of fish scale. Reply with only the name, nothing else.",0.6417,<long> -> bench,0.5222,catfish -> bench,0.5386,catfish -> bench,59,63,0.017,0.3,0.187,60,90,60,0.0,0.167,8.7,ctenoid,0.45,6,4.06,27.69,0.205,"cycloid 18%, ctenoid 13%","<long> 30%, cycloid 16%",0.6003,0.378,0.836
r8_1049_literary_device,"Name a literary device. Reply with only the name, nothing else.",0.6417,metaphor -> real,0.6417,metaphor -> real,0.5455,metaphor -> real,60,65,0.0,0.278,0.167,60,90,13,0.0,0.16,8.5,metaphor,0.8,2,1.65,2.91,0.736,"metaphor 78%, simile 12%","metaphor 50%, <long> 28%",0.6156,0.279,1.198
r8_1700_acid_type,"Name an acid type. Reply with only the name, nothing else.",0.6417,<long> -> bench,0.55,hydrochloric -> real,0.544,hydrochloric -> real,59,63,0.017,0.3,0.187,60,90,41,0.0,0.173,9.5,carboxylic acid,0.3,9,7.51,19.82,0.205,"sulfuric 17%, hydrochloric 13%","<long> 30%, sulfuric 17%",0.5964,0.291,0.936
r8s_0124_nebula,"Suggest a type of nebula. Reply with only the name, nothing else.",0.6417,<long> -> bench,0.5694,planetary nebula -> real,0.5862,emission nebula -> bench,59,63,0.017,0.3,0.187,60,90,57,0.0,0.173,9.1,planetary nebula,0.6,6,3.56,26.96,0.205,"planetary nebula 25%, planetary 15%","<long> 30%, emission nebula 14%",0.6275,0.343,0.888
r8_0668_remedy_type,"Name a remedy type. Reply with only the name, nothing else.",0.6417,<long> -> bench,0.5278,topical -> real,0.5268,topical -> real,57,60,0.05,0.333,0.22,60,90,94,0.0,0.2,9.4,herbal,0.3,7,5.52,80.14,0.051,"topical 7%, <long> 5%","<long> 33%, homeopathy 3%",0.6056,0.571,0.716
r8s_0502_sleepwear,"Suggest a type of sleepwear. Reply with only the name, nothing else.",0.6417,<long> -> bench,0.5444,silk robe -> real,0.5978,silk pajamas -> bench,59,63,0.017,0.3,0.187,60,90,42,0.0,0.173,9.5,silk pajamas,0.45,7,4.91,13.87,0.279,"pajamas 22%, silk pajamas 17%","<long> 30%, silk pajamas 26%",0.6167,0.292,1.119
r8_1810_gase,"Name a gase. Reply with only the name, nothing else.",0.6417,<long> -> bench,0.55,oxygen -> bench,0.5783,oxygen -> bench,59,63,0.017,0.3,0.187,60,90,51,0.0,0.16,8.0,helium,0.75,4,2.23,17.66,0.361,"helium 35%, argon 7%","<long> 30%, helium 26%",0.6214,0.404,0.805
r8_0998_vehicle_type,"Name a vehicle type. Reply with only the name, nothing else.",0.6417,<long> -> bench,0.5639,sedan -> real,0.5751,car -> bench,59,63,0.017,0.3,0.187,60,90,31,0.0,0.173,8.1,sedan,0.45,6,4.06,10.42,0.295,"sedan 32%, suv 15%","<long> 30%, car 20%",0.6469,0.264,0.841
r8s_0377_snack,"Suggest a type of snack. Reply with only the name, nothing else.",0.6417,<long> -> bench,0.5417,almonds -> bench,0.5835,almonds -> bench,59,63,0.017,0.3,0.187,60,90,62,0.0,0.167,8.6,apple slices,0.35,6,4.68,31.14,0.205,"almonds 12%, popcorn 10%","<long> 30%, almonds 20%",0.6067,0.408,0.802
r8s_0389_dance_move,"Suggest a type of dance move. Reply with only the name, nothing else.",0.6417,<long> -> bench,0.5194,hustle -> real,0.5443,twist -> bench,59,63,0.017,0.3,0.187,60,90,42,0.0,0.173,8.7,moonwalk,0.5,5,3.2,13.47,0.402,"twist 35%, floss 8%","twist 31%, <long> 30%",0.5942,0.198,0.858
r8_0979_sink,"Name a sink. Reply with only the name, nothing else.",0.6417,<long> -> bench,0.5611,sink -> real,0.5514,kitchen -> real,59,63,0.017,0.3,0.187,60,90,67,0.0,0.167,7.9,kitchen sink,0.5,7,4.47,34.48,0.238,"sink 27%, kitchen 12%","<long> 30%, sink 14%",0.615,0.532,0.747
r8_0988_financial_document,"Name a type of financial document. Reply with only the name, nothing else.",0.6417,<long> -> bench,0.6139,balance sheet -> real,0.5798,invoice -> bench,59,63,0.017,0.3,0.187,60,90,30,0.0,0.16,7.9,balance sheet,0.5,7,4.67,7.54,0.385,"balance sheet 45%, invoice 23%","<long> 30%, invoice 28%",0.6281,0.278,0.98
r8_0492_blanket,"Name a blanket. Reply with only the name, nothing else.",0.6417,<long> -> bench,0.5528,quilt -> real,0.5377,quilt -> real,59,63,0.017,0.3,0.187,60,90,54,0.0,0.173,8.3,quilt,0.3,8,6.54,23.25,0.254,"blanket 23%, quilt 18%","<long> 30%, blanket 19%",0.5958,0.363,0.893
r8_0454_taco_filling,"Name a type of taco filling. Reply with only the name, nothing else.",0.6417,<long> -> bench,0.6306,carne asada -> real,0.6008,carne asada -> real,59,63,0.017,0.3,0.187,60,90,22,0.0,0.173,8.9,beef,0.35,6,4.68,7.2,0.352,"carne asada 42%, beef 32%","<long> 30%, beef 27%",0.5983,0.3,0.714
r8s_1601_holiday_treat,"Suggest a type of holiday treat. Reply with only the name, nothing else.",0.6417,<long> -> bench,0.525,chocolate chip cookies -> bench,0.5391,chocolate chip cookies -> bench,59,63,0.017,0.3,0.187,60,90,77,0.0,0.16,9.4,peppermint bark,0.15,17,15.83,53.61,0.09,"chocolate covered strawberries 8%, chocolate-covered strawberries 7%","<long> 30%, chocolate covered strawberries 7%",0.6122,0.441,0.987
r8_1360_lizard,"Name a lizard. Reply with only the name, nothing else.",0.6417,<long> -> bench,0.5472,iguana -> real,0.535,komodo -> real,59,63,0.017,0.3,0.187,60,90,26,0.0,0.18,8.6,iguana,0.55,5,3.12,8.4,0.352,"gecko 32%, iguana 28%","<long> 30%, gecko 27%",0.5878,0.287,0.741
r8s_0301_butter,"Suggest a type of butter. Reply with only the name, nothing else.",0.6417,<long> -> bench,0.5361,unsalted -> real,0.566,salted -> bench,59,63,0.017,0.3,0.187,60,90,40,0.0,0.18,8.6,salted,0.35,8,5.89,15.29,0.254,"butter 23%, salted 17%","<long> 30%, salted 21%",0.6139,0.29,0.978
r8s_0931_tunnel,"Suggest a type of tunnel. Reply with only the name, nothing else.",0.6417,<long> -> bench,0.575,ssh -> real,0.5626,ssh -> real,59,63,0.017,0.3,0.187,60,90,94,0.0,0.173,8.5,mountain tunnel,0.15,14,12.52,66.11,0.156,"ssh 22%, ssh tunnel 5%","<long> 30%, ssh 7%",0.6042,0.545,0.61
r8_1367_fantasy_novel,"Name a fantasy novel. Reply with only the name, nothing else.",0.6417,<long> -> bench,0.6139,name of the wind -> real,0.5386,hobbit -> bench,57,60,0.05,0.333,0.22,60,90,23,0.0,0.173,10.4,name of the wind,0.45,5,3.69,4.8,0.615,"name of the wind 62%, hobbit 12%","name of the wind 39%, <long> 33%",0.6264,0.127,0.865
r8s_0210_cookware,"Suggest a type of cookware. Reply with only the name, nothing else.",0.6417,<long> -> bench,0.5972,cast iron skillet -> real,0.5531,cast iron skillet -> real,59,63,0.017,0.3,0.187,60,90,34,0.0,0.173,9.2,cast iron skillet,0.8,5,2.18,13.05,0.369,"cast iron skillet 42%, cast iron 8%","<long> 30%, cast iron skillet 22%",0.6228,0.349,0.874
r8_0935_workbook,"Name a workbook. Reply with only the name, nothing else.",0.6417,<long> -> bench,0.5278,workbook -> real,0.5344,excel -> bench,55,57,0.083,0.367,0.253,60,90,100,0.0,0.2,10.0,workbooks,0.1,18,17.41,87.65,0.071,"<long> 8%, workbook 7%","<long> 37%, excel 7%",0.6122,0.602,0.578
r8s_0215_soap,"Suggest a type of soap. Reply with only the name, nothing else.",0.6417,<long> -> bench,0.5083,warum -> real,0.5412,castile soap -> bench,59,63,0.017,0.3,0.187,60,90,58,0.0,0.173,8.6,castile soap,0.7,4,2.39,22.46,0.246,"castile soap 20%, castile 15%","<long> 30%, castile soap 20%",0.6281,0.372,0.967
r8s_0196_vehicle,"Suggest a type of vehicle. Reply with only the name, nothing else.",0.6417,<long> -> bench,0.5611,suv -> real,0.5386,tesla -> bench,59,63,0.017,0.3,0.187,60,90,47,0.0,0.187,8.7,suv,0.6,6,3.56,18.77,0.32,"suv 33%, electric suv 8%","<long> 30%, suv 21%",0.6094,0.271,0.932
r8_1635_vegetable_stem,"Name a vegetable stem. Reply with only the name, nothing else.",0.6417,<long> -> bench,0.5472,celery -> real,0.5612,asparagus -> bench,59,63,0.017,0.3,0.187,60,90,18,0.0,0.167,8.3,celery,0.6,5,3.32,6.09,0.385,"asparagus 32%, celery 25%","asparagus 31%, <long> 30%",0.6053,0.244,1.161
r8_1532_architectural_feature,"Name a type of architectural feature. Reply with only the name, nothing else.",0.6417,<long> -> bench,0.5333,dome -> bench,0.5613,dome -> bench,59,63,0.017,0.3,0.187,60,90,72,0.0,0.167,8.5,dome,0.25,13,10.14,45.01,0.131,"colonnade 12%, column 7%","<long> 30%, dome 13%",0.6075,0.495,0.725
r8_1538_model_airplane,"Name a model airplane. Reply with only the name, nothing else.",0.6417,<long> -> bench,0.5361,p-51 mustang -> real,0.526,b-2 spirit -> real,59,63,0.017,0.3,0.187,60,90,75,0.0,0.173,10.0,p-51 mustang,0.5,11,6.32,46.83,0.172,"p-51 mustang 18%, b-2 spirit 7%","<long> 30%, p-51 mustang 11%",0.5919,0.378,0.902
r8_1648_cooking_pot,"Name a cooking pot. Reply with only the name, nothing else.",0.6417,<long> -> bench,0.5972,dutch oven -> real,0.5943,dutch oven -> real,59,63,0.017,0.3,0.187,60,90,32,0.0,0.187,8.9,dutch oven,0.6,5,3.18,13.84,0.189,"dutch oven 22%, casserole 18%","<long> 30%, casserole 13%",0.6056,0.248,0.903
r8_1636_fast_food_mascot,"Name a fast food mascot. Reply with only the name, nothing else.",0.6417,ronald mcdonald -> real,0.6417,ronald mcdonald -> real,0.602,ronald mcdonald -> real,60,74,0.0,0.178,0.107,60,90,38,0.0,0.093,6.6,ronald mcdonald,0.9,3,1.48,7.36,0.537,"ronald mcdonald 65%, ronald 13%","ronald mcdonald 37%, ronald 18%",0.6103,0.223,0.779
r8_1697_centaur,"Name a centaur. Reply with only the name, nothing else.",0.6417,<long> -> bench,0.5806,chiron -> real,0.5424,arion -> real,59,63,0.017,0.3,0.187,60,90,63,0.0,0.16,8.2,chiron,1.0,1,1.0,19.37,0.434,"chiron 45%, arion 8%","<long> 30%, chiron 29%",0.5972,0.36,0.927
r8_1531_lake_formation,"Name a lake formation. Reply with only the name, nothing else.",0.6417,<long> -> bench,0.5778,glacial -> bench,0.6111,glacial -> bench,59,63,0.017,0.3,0.187,60,90,72,0.0,0.173,8.7,oxbow lake,0.15,14,12.85,51.94,0.115,"crater lake 7%, lake agassiz 5%","<long> 30%, glacial 16%",0.6167,0.432,0.91
r8_0076_internal_organ,"Name an internal organ. Reply with only the name, nothing else.",0.6417,liver -> real,0.6417,liver -> real,0.5811,liver -> real,60,66,0.0,0.267,0.16,60,90,9,0.0,0.113,6.3,liver,0.5,2,2.0,3.01,0.532,"liver 62%, heart 33%","liver 33%, heart 29%",0.6283,0.161,0.87
r8s_1941_printed_publication,"Suggest a type of printed publication. Reply with only the name, nothing else.",0.6417,<long> -> bench,0.5861,magazine -> real,0.5578,magazine -> real,59,63,0.017,0.3,0.187,60,90,50,0.0,0.18,8.4,magazine,0.75,5,2.45,23.12,0.262,"magazine 32%, book 8%","<long> 30%, magazine 14%",0.6114,0.348,0.699
r8_0109_alloy,"Name an alloy. Reply with only the name, nothing else.",0.6389,<long> -> bench,0.6,brass -> real,0.5744,brass -> real,60,65,0.0,0.278,0.167,60,90,32,0.0,0.16,7.6,steel,0.65,3,2.21,11.04,0.32,"brass 33%, steel 25%","<long> 28%, steel 28%",0.5997,0.242,0.716
r8_1023_booker_prize_novel,"Name a booker prize novel. Reply with only the name, nothing else.",0.6389,<long> -> bench,0.5583,normal people -> real,0.5549,normal people -> real,56,59,0.067,0.344,0.233,60,90,50,0.0,0.18,10.2,remains of the day,0.25,9,7.17,20.38,0.322,"remains of the day 25%, normal people 15%","<long> 34%, remains of the day 24%",0.5889,0.461,1.084
r8_1099_television_format,"Name a television format. Reply with only the name, nothing else.",0.6389,<long> -> bench,0.55,game show -> real,0.5532,big brother -> bench,60,65,0.0,0.278,0.167,60,90,77,0.0,0.153,8.2,big brother,0.3,11,8.26,54.44,0.072,"game show 10%, reality tv 8%","<long> 28%, big brother 9%",0.6061,0.478,0.545
r8_1108_saying,"Name a type of saying. Reply with only the name, nothing else.",0.6389,<long> -> bench,0.5583,proverb -> real,0.5314,proverb -> bench,60,65,0.0,0.278,0.167,60,90,22,0.0,0.16,7.8,proverb,1.0,1,1.0,4.34,0.616,"proverb 58%, idiom 20%","proverb 47%, <long> 28%",0.5994,0.263,1.1
r8_1077_evergreen,"Name an evergreen. Reply with only the name, nothing else.",0.6389,<long> -> bench,0.5667,pine -> bench,0.6179,pine -> bench,60,65,0.0,0.278,0.167,60,90,72,0.0,0.133,7.4,pine,0.6,3,2.55,34.88,0.256,"oak 13%, pine 13%","<long> 28%, pine 27%",0.6289,0.463,0.596
r8s_0093_marsupial,"Suggest a type of marsupial. Reply with only the name, nothing else.",0.6389,<long> -> bench,0.5861,kangaroo -> real,0.5423,koala -> real,60,65,0.0,0.278,0.167,60,90,16,0.0,0.147,8.3,kangaroo,0.65,2,1.91,4.95,0.496,"kangaroo 52%, koala 30%","kangaroo 34%, <long> 28%",0.6222,0.224,0.956
r8s_0060_feeling,"Suggest a type of feeling. Reply with only the name, nothing else.",0.6389,<long> -> bench,0.5472,joy -> bench,0.5878,joy -> bench,60,65,0.0,0.278,0.167,60,90,50,0.0,0.16,8.1,nostalgia,0.55,8,4.54,19.89,0.208,"nostalgia 20%, curiosity 13%","<long> 28%, joy 21%",0.6064,0.414,0.718
r8s_0098_sausage,"Suggest a type of sausage. Reply with only the name, nothing else.",0.6389,<long> -> bench,0.5639,bratwurst -> real,0.5519,kielbasa -> real,60,65,0.0,0.278,0.167,60,90,46,0.0,0.14,8.6,bratwurst,0.65,5,2.99,17.39,0.328,"bratwurst 35%, kielbasa 15%","<long> 28%, bratwurst 22%",0.6122,0.308,0.817
r8s_0217_headwear,"Suggest a type of headwear. Reply with only the name, nothing else.",0.6389,<long> -> bench,0.6222,beanie -> real,0.5859,beanie -> real,60,65,0.0,0.278,0.167,60,90,25,0.0,0.16,8.2,beanie,0.7,6,2.94,10.7,0.344,"beanie 43%, fedora 13%","<long> 28%, beanie 19%",0.6239,0.344,0.739
r8s_1567_seashell,"Suggest a type of seashell. Reply with only the name, nothing else.",0.6389,<long> -> bench,0.5583,conch -> real,0.5442,conch -> bench,60,65,0.0,0.278,0.167,60,90,25,0.0,0.153,7.7,conch,0.6,8,4.2,4.19,0.696,"conch 65%, scallop 8%","conch 53%, <long> 28%",0.6319,0.295,0.815
r8s_1517_spirit,"Suggest a type of spirit. Reply with only the name, nothing else.",0.6389,<long> -> bench,0.5333,gin -> bench,0.5782,gin -> bench,60,65,0.0,0.278,0.167,60,90,80,0.0,0.147,7.9,whiskey,0.3,7,5.17,40.39,0.248,"gin 17%, whiskey 5%","<long> 28%, gin 23%",0.6369,0.489,0.745
r8_0989_sewing_term,"Name a sewing term. Reply with only the name, nothing else.",0.6389,<long> -> bench,0.5667,sashiko -> real,0.5603,sashiko -> real,60,65,0.0,0.278,0.167,60,90,54,0.0,0.16,7.9,hem,0.1,14,13.2,31.46,0.112,"sashiko 17%, seam 12%","<long> 28%, seam 8%",0.59,0.505,0.883
r8_0017_historical_period,"Name a historical period. Reply with only the name, nothing else.",0.6389,<long> -> bench,0.5639,renaissance -> real,0.5558,middle ages -> bench,60,65,0.0,0.278,0.167,60,90,41,0.0,0.153,8.1,middle ages,0.4,8,5.74,15.23,0.288,"renaissance 32%, middle ages 15%","<long> 28%, renaissance 19%",0.5856,0.339,0.687
r8s_1656_berry_used_in_dessert,"Suggest a type of berry used in dessert. Reply with only the name, nothing else.",0.6389,raspberry -> real,0.6389,raspberry -> real,0.6083,strawberry -> bench,60,72,0.0,0.2,0.12,60,90,18,0.0,0.12,6.9,strawberry,0.65,4,2.52,3.99,0.53,"raspberry 63%, strawberry 20%","raspberry 36%, strawberry 33%",0.6653,0.138,0.972
r8s_1593_beverage_cold,"Suggest a type of beverage cold. Reply with only the name, nothing else.",0.6389,<long> -> bench,0.5556,iced tea -> bench,0.6154,iced tea -> bench,58,62,0.033,0.311,0.2,60,90,38,0.0,0.173,9.1,lemonade,0.55,5,3.12,13.86,0.292,"iced coffee 18%, iced tea 17%","<long> 31%, iced tea 28%",0.5919,0.458,0.902
r8_0056_literary_genre,"Name a literary genre. Reply with only the name, nothing else.",0.6389,<long> -> bench,0.5472,science fiction -> real,0.5301,science fiction -> real,60,65,0.0,0.278,0.167,60,90,28,0.0,0.147,7.6,science fiction,0.6,6,3.41,12.47,0.176,"fantasy 20%, science fiction 18%","<long> 28%, fantasy 11%",0.6072,0.236,0.914
r8_0019_building,"Name a type of building. Reply with only the name, nothing else.",0.6389,<long> -> bench,0.575,skyscraper -> real,0.5442,house -> bench,60,65,0.0,0.278,0.167,60,90,30,0.0,0.167,8.1,skyscraper,0.45,7,4.64,11.08,0.392,"skyscraper 42%, cathedral 12%","<long> 28%, skyscraper 27%",0.6094,0.371,0.78
r8_0030_condiment,"Name a type of condiment. Reply with only the name, nothing else.",0.6389,<long> -> bench,0.5722,ketchup -> real,0.5417,mayonnaise -> real,60,65,0.0,0.278,0.167,60,90,27,0.0,0.153,7.7,ketchup,0.8,3,1.85,5.99,0.576,"ketchup 57%, mustard 15%","ketchup 42%, <long> 28%",0.6031,0.215,0.829
r8_0012_volcano,"Name a volcano. Reply with only the name, nothing else.",0.6389,<long> -> bench,0.5361,kilauea -> real,0.5295,mount fuji -> bench,60,65,0.0,0.278,0.167,60,90,45,0.0,0.16,8.9,kilauea,0.5,6,3.95,18.86,0.288,"kilauea 28%, mount st. helens 12%","<long> 28%, kilauea 21%",0.5944,0.222,0.884
r8_0067_individual_sport,"Name an individual sport. Reply with only the name, nothing else.",0.6389,<long> -> bench,0.6167,tennis -> real,0.566,swimming -> bench,60,65,0.0,0.278,0.167,60,90,24,0.0,0.147,7.6,tennis,0.65,7,3.52,7.26,0.472,"tennis 53%, soccer 10%","tennis 30%, <long> 28%",0.6214,0.24,0.812
r8s_1560_branch_of_engineering,"Suggest a type of branch of engineering. Reply with only the name, nothing else.",0.6389,<long> -> bench,0.5444,biomedical engineering -> real,0.5423,biomedical engineering -> real,60,65,0.0,0.278,0.167,60,90,50,0.0,0.153,7.7,civil engineering,0.45,7,5.13,23.88,0.176,"software engineering 15%, civil engineering 15%","<long> 28%, civil engineering 14%",0.6003,0.38,0.496
r8s_0255_grass,"Suggest a type of grass. Reply with only the name, nothing else.",0.6389,<long> -> bench,0.55,zoysia -> real,0.5526,fescue -> bench,60,65,0.0,0.278,0.167,60,90,31,0.0,0.147,8.4,bermuda,0.3,7,5.69,12.4,0.288,"fescue 23%, bluegrass 13%","<long> 28%, fescue 24%",0.6039,0.212,1.012
r8_0931_tunnel,"Name a tunnel. Reply with only the name, nothing else.",0.6389,<long> -> bench,0.5444,channel tunnel -> bench,0.5615,channel tunnel -> bench,60,65,0.0,0.278,0.167,60,90,110,0.0,0.16,8.6,channel tunnel,0.5,9,5.36,94.92,0.064,"tunnel 5%, logitech 2%","<long> 28%, channel tunnel 9%",0.6167,0.546,0.434
r8_1117_antelope,"Name an antelope. Reply with only the name, nothing else.",0.6389,<long> -> bench,0.5833,gazelle -> real,0.5436,kudu -> real,60,65,0.0,0.278,0.167,60,90,19,0.0,0.147,8.3,gazelle,0.9,3,1.48,4.07,0.68,"gazelle 67%, kudu 13%","gazelle 50%, <long> 28%",0.6117,0.263,0.981
r8_1200_freshwater_feature,"Name a type of freshwater feature. Reply with only the name, nothing else.",0.6389,<long> -> bench,0.6167,lake -> real,0.525,river -> real,60,65,0.0,0.278,0.167,60,90,11,0.0,0.147,6.7,lake,0.95,2,1.22,1.9,0.872,"lake 87%, river 5%","lake 63%, <long> 28%",0.6,0.198,0.949
r8_1162_girl_group,"Name a girl group. Reply with only the name, nothing else.",0.6389,<long> -> bench,0.5833,bts -> real,0.5641,bts -> real,60,65,0.0,0.278,0.167,60,90,50,0.0,0.14,8.3,bts,0.8,4,2.03,23.04,0.2,"bts 27%, spice girls 15%","<long> 28%, spice girls 17%",0.6258,0.222,0.667
r8_1156_planet_s_moon,"Name a planet's moon. Reply with only the name, nothing else.",0.6389,<long> -> bench,0.5972,titan -> real,0.5545,titan -> real,60,65,0.0,0.278,0.167,60,90,17,0.0,0.167,7.6,titan,0.4,5,3.74,7.44,0.36,"titan 42%, europa 17%","<long> 28%, titan 22%",0.5936,0.197,0.967
r8_1418_cake_frosting,"Name a type of cake frosting. Reply with only the name, nothing else.",0.6389,<long> -> bench,0.6361,buttercream -> real,0.5699,buttercream -> real,60,65,0.0,0.278,0.167,60,90,23,0.0,0.167,8.6,buttercream,0.8,4,2.03,5.84,0.544,"buttercream 62%, whipped cream 10%","buttercream 34%, <long> 28%",0.6383,0.283,0.934
r8_0277_musical_tempo,"Name a musical tempo. Reply with only the name, nothing else.",0.6389,<long> -> bench,0.5667,adagio -> real,0.5295,allegro -> bench,60,65,0.0,0.278,0.167,60,90,13,0.0,0.147,8.0,allegro,0.55,3,2.53,3.97,0.464,"allegro 43%, adagio 33%","allegro 36%, <long> 28%",0.6067,0.265,0.773
r8_0240_art_medium,"Name an art medium. Reply with only the name, nothing else.",0.6389,<long> -> bench,0.5889,oil painting -> real,0.5718,oil painting -> real,60,65,0.0,0.278,0.167,60,90,16,0.0,0.167,7.6,oil,0.5,5,3.59,7.55,0.28,"oil painting 27%, oil 25%","<long> 28%, oil 22%",0.6261,0.25,0.943
r8_0242_light_source,"Name a light source. Reply with only the name, nothing else.",0.6389,<long> -> bench,0.525,lamp -> real,0.6135,sun -> bench,60,65,0.0,0.278,0.167,60,90,24,0.0,0.14,7.1,sun,0.95,2,1.22,3.43,0.768,"sun 65%, lamp 5%","sun 63%, <long> 28%",0.5983,0.257,0.95
r8_1106_oread,"Name an oread. Reply with only the name, nothing else.",0.6389,<long> -> bench,0.5167,read -> real,0.5218,oread -> bench,60,65,0.0,0.278,0.167,60,90,104,0.0,0.133,7.9,nymph,0.25,16,13.37,88.85,0.056,"read 3%, persephone 3%","<long> 28%, nymph 6%",0.6325,0.526,0.639
r8s_0056_literary_genre,"Suggest a literary genre. Reply with only the name, nothing else.",0.6389,<long> -> bench,0.5806,fantasy -> real,0.5699,fantasy -> real,60,65,0.0,0.278,0.167,60,90,29,0.0,0.16,8.0,fantasy,0.3,6,4.91,12.09,0.256,"science fiction 22%, fantasy 22%","<long> 28%, science fiction 21%",0.5939,0.304,0.747
r8s_0047_primate,"Suggest a type of primate. Reply with only the name, nothing else.",0.6389,<long> -> bench,0.5778,gorilla -> real,0.5628,gorilla -> real,60,65,0.0,0.278,0.167,60,90,24,0.0,0.153,8.6,chimpanzee,0.9,3,1.48,4.94,0.608,"chimpanzee 57%, gorilla 23%","chimpanzee 47%, <long> 28%",0.6042,0.195,0.976
r8_0899_mechanism,"Name a type of mechanism. Reply with only the name, nothing else.",0.6389,<long> -> bench,0.575,gear -> real,0.575,gear -> real,60,65,0.0,0.278,0.167,60,90,91,0.0,0.153,7.8,lever,0.35,10,7.47,69.36,0.072,"gear 15%, lever 13%","<long> 28%, sn2 8%",0.6031,0.609,1.063
r8_0898_smoothie_ingredient,"Name a smoothie ingredient. Reply with only the name, nothing else.",0.6389,banana -> real,0.6389,banana -> real,0.5264,banana -> real,60,67,0.0,0.256,0.153,60,90,11,0.0,0.147,7.4,banana,1.0,1,1.0,1.67,0.906,"banana 93%, spices 2%","banana 66%, <long> 26%",0.6419,0.185,1.107
r8_0301_butter,"Name a butter. Reply with only the name, nothing else.",0.6389,<long> -> bench,0.525,buttermilk -> real,0.5897,butter -> bench,60,65,0.0,0.278,0.167,60,90,45,0.0,0.16,8.0,butter,0.75,6,2.62,9.83,0.56,"butter 47%, buttermilk 5%","butter 47%, <long> 28%",0.6053,0.329,1.123
r8_0893_bag,"Name a bag. Reply with only the name, nothing else.",0.6389,<long> -> bench,0.5611,tote -> real,0.5526,tote -> real,60,65,0.0,0.278,0.167,60,90,78,0.0,0.14,7.2,backpack,0.5,7,4.47,40.96,0.216,"bag 20%, tote 17%","<long> 28%, bag 17%",0.5958,0.495,0.988
r8_0321_fantasy_race,"Name a fantasy race. Reply with only the name, nothing else.",0.6389,<long> -> bench,0.5278,drow -> real,0.6006,elf -> bench,60,65,0.0,0.278,0.167,60,90,32,0.0,0.16,7.6,elves,0.45,5,3.24,8.71,0.488,"elf 38%, elves 13%","elf 42%, <long> 28%",0.6033,0.167,0.966
r8_0834_astronomical_instrumen,"Name a type of astronomical instrument. Reply with only the name, nothing else.",0.6389,<long> -> bench,0.5917,spectrograph -> real,0.5596,spectrograph -> real,60,65,0.0,0.278,0.167,60,90,17,0.0,0.167,8.5,telescope,0.95,2,1.22,5.24,0.424,"telescope 42%, spectrograph 35%","telescope 31%, <long> 28%",0.625,0.145,1.069
r8_0836_film_director,"Name a film director. Reply with only the name, nothing else.",0.6389,<long> -> bench,0.6306,christopher nolan -> real,0.5686,christopher nolan -> real,60,65,0.0,0.278,0.167,60,90,19,0.0,0.153,8.3,christopher nolan,0.8,2,1.65,4.85,0.512,"christopher nolan 58%, quentin tarantino 25%","christopher nolan 32%, <long> 28%",0.6717,0.166,0.997
r8_1995_fruit_dessert,"Name a fruit dessert. Reply with only the name, nothing else.",0.6389,<long> -> bench,0.5722,strawberry shortcake -> real,0.5551,strawberry shortcake -> real,60,65,0.0,0.278,0.167,60,90,62,0.0,0.147,8.8,strawberry shortcake,0.25,15,12.48,32.63,0.176,"strawberry shortcake 23%, apple pie 10%","<long> 28%, apple pie 14%",0.5933,0.441,1.046
r8_0840_drum_stroke,"Name a drum stroke. Reply with only the name, nothing else.",0.6389,<long> -> bench,0.6083,paradiddle -> real,0.5891,paradiddle -> real,60,65,0.0,0.278,0.167,60,90,51,0.0,0.147,8.1,rudiment,0.25,10,8.02,23.26,0.224,"paradiddle 32%, rudiment 17%","<long> 28%, paradiddle 10%",0.6314,0.328,0.859
r8s_0316_article_of_clothing,"Suggest a type of article of clothing. Reply with only the name, nothing else.",0.6389,<long> -> bench,0.5917,trench coat -> real,0.6218,t-shirt -> bench,60,65,0.0,0.278,0.167,60,90,46,0.0,0.147,8.2,t-shirt,0.3,9,7.32,23.82,0.168,"trench coat 25%, denim jacket 15%","<long> 28%, t-shirt 20%",0.5925,0.511,1.113
r8s_0013_legume,"Suggest a type of legume. Reply with only the name, nothing else.",0.6389,<long> -> bench,0.5611,lentil -> real,0.5532,bean -> bench,60,65,0.0,0.278,0.167,60,90,33,0.0,0.16,8.6,chickpea,0.35,7,5.36,16.56,0.24,"chickpeas 25%, lentil 17%","<long> 28%, chickpeas 17%",0.6406,0.321,0.867
r8s_0036_alcoholic_drink,"Suggest a type of alcoholic drink. Reply with only the name, nothing else.",0.6389,<long> -> bench,0.5583,whiskey -> real,0.5385,tequila -> bench,60,65,0.0,0.278,0.167,60,90,38,0.0,0.16,8.3,whiskey,0.45,8,5.49,15.42,0.296,"whiskey 32%, gin 13%","<long> 28%, whiskey 20%",0.6167,0.329,0.903
r8s_0052_soft_drink,"Suggest a type of soft drink. Reply with only the name, nothing else.",0.6389,<long> -> bench,0.5472,sprite -> real,0.5391,coca-cola -> bench,60,65,0.0,0.278,0.167,60,90,20,0.0,0.147,7.4,coke,0.35,5,4.18,8.09,0.232,"sprite 25%, cola 20%","<long> 28%, coca-cola 19%",0.6019,0.194,0.799
r8_1249_reef_feature,"Name a type of reef feature. Reply with only the name, nothing else.",0.6389,<long> -> bench,0.55,atoll -> real,0.5538,coral reef -> bench,60,65,0.0,0.278,0.167,60,90,54,0.0,0.153,8.1,atoll,0.35,10,7.47,23.17,0.328,"atoll 33%, garden 5%","<long> 28%, atoll 23%",0.6039,0.352,0.986
r8_0787_rainforest,"Name a rainforest. Reply with only the name, nothing else.",0.6389,amazon -> real,0.6389,amazon -> real,0.55,amazon -> real,60,66,0.0,0.267,0.16,60,90,8,0.0,0.153,7.3,amazon rainforest,0.75,2,1.75,2.33,0.714,"amazon 77%, amazon rainforest 20%","amazon 49%, <long> 27%",0.6614,0.115,0.947
r8_0735_shrub,"Name a shrub. Reply with only the name, nothing else.",0.6389,<long> -> bench,0.55,hydrangea -> real,0.5724,rose -> bench,60,65,0.0,0.278,0.167,60,90,46,0.0,0.147,7.7,rose,0.7,5,2.67,17.7,0.232,"rosemary 22%, lavender 12%","<long> 28%, rose 19%",0.5875,0.331,1.117
r8_1938_grain_crop,"Name a grain crop. Reply with only the name, nothing else.",0.6389,<long> -> bench,0.5722,wheat -> real,0.5346,wheat -> bench,60,65,0.0,0.278,0.167,60,90,12,0.0,0.16,7.9,wheat,1.0,1,1.0,2.6,0.736,"wheat 70%, corn 18%","wheat 56%, <long> 28%",0.6386,0.14,0.948
r8s_0499_architect,"Suggest a type of architect. Reply with only the name, nothing else.",0.6389,<long> -> bench,0.5194,software architect -> real,0.5242,modernist -> bench,58,62,0.033,0.311,0.2,60,90,85,0.0,0.18,8.9,landscape architect,0.3,10,7.51,71.88,0.042,"software architect 5%, structural 5%","<long> 31%, modernist 3%",0.6161,0.508,0.628
r8_0815_robe,"Name a robe. Reply with only the name, nothing else.",0.6389,<long> -> bench,0.55,robe -> real,0.534,bathrobe -> real,60,65,0.0,0.278,0.167,60,90,64,0.0,0.16,8.0,bathrobe,0.35,9,6.79,26.41,0.328,"robe 33%, bathrobe 8%","<long> 28%, robe 23%",0.6078,0.504,0.842
r8_0802_brake_mount,"Name a brake mount. Reply with only the name, nothing else.",0.6389,<long> -> bench,0.5306,brake caliper mount -> real,0.5403,disc -> bench,58,62,0.033,0.311,0.2,60,90,83,0.0,0.187,9.3,brake caliper bracket,0.15,15,13.42,60.91,0.075,"brake caliper mount 8%, brake mount 5%","<long> 31%, brake 8%",0.6203,0.489,0.881
r8_1971_petal,"Name a petal. Reply with only the name, nothing else.",0.6389,<long> -> bench,0.5583,rose -> real,0.5308,daisy -> bench,60,65,0.0,0.278,0.167,60,90,58,0.0,0.153,7.4,rose,0.7,2,1.84,17.82,0.416,"rose 42%, petal 10%","rose 30%, <long> 28%",0.5983,0.419,0.78
r8_1189_place_of_the_afterlife,"Name a place of the afterlife. Reply with only the name, nothing else.",0.6389,<long> -> bench,0.5917,elysium -> real,0.574,elysium -> real,58,62,0.033,0.311,0.2,60,90,22,0.0,0.187,9.1,heaven,0.55,4,3.03,7.63,0.358,"valhalla 35%, elysium 28%","<long> 31%, valhalla 24%",0.6175,0.27,1.076
r8s_1282_bread_shape,"Suggest a type of bread shape. Reply with only the name, nothing else.",0.6389,<long> -> bench,0.6167,baguette -> real,0.5269,baguette -> real,60,65,0.0,0.278,0.167,60,90,26,0.0,0.147,8.5,baguette,0.75,6,2.62,4.85,0.672,"baguette 70%, brioche 5%","baguette 47%, <long> 28%",0.6392,0.301,0.973
r8_0822_troll,"Name a troll. Reply with only the name, nothing else.",0.6389,<long> -> bench,0.525,troll -> real,0.5161,stephen -> bench,58,62,0.033,0.311,0.2,60,90,104,0.0,0.18,8.8,troll,0.4,13,8.71,85.41,0.108,"troll 12%, <long> 3%","<long> 31%, troll 7%",0.5914,0.637,0.839
r8s_1297_color_hue,"Suggest a type of color hue. Reply with only the name, nothing else.",0.6389,<long> -> bench,0.525,crimson -> bench,0.5398,crimson -> bench,58,62,0.033,0.311,0.2,60,90,37,0.0,0.193,8.6,teal,0.4,9,6.43,14.95,0.317,"teal 28%, blue 13%","<long> 31%, teal 23%",0.6094,0.348,0.732
r8_1975_tonic_water,"Name a tonic water. Reply with only the name, nothing else.",0.6389,fever-tree -> real,0.6389,fever-tree -> real,0.6259,fever-tree -> real,57,65,0.05,0.278,0.187,60,90,53,0.0,0.153,8.8,fever-tree,0.55,7,4.34,22.27,0.287,"fever-tree 40%, fanta 13%","<long> 28%, fever-tree 12%",0.6094,0.338,0.887
r8_0344_coastal_feature,"Name a type of coastal feature. Reply with only the name, nothing else.",0.6389,<long> -> bench,0.5972,barrier island -> real,0.5929,barrier island -> real,60,65,0.0,0.278,0.167,60,90,38,0.0,0.14,7.7,cliff,0.5,9,5.36,20.82,0.16,"barrier island 22%, spit 15%","<long> 28%, cliff 17%",0.5939,0.315,1.078
r8_1398_timepiece,"Name a timepiece. Reply with only the name, nothing else.",0.6389,<long> -> bench,0.5833,rolex -> real,0.5769,rolex -> real,60,65,0.0,0.278,0.167,60,90,58,0.0,0.153,7.7,rolex,0.4,7,4.94,33.37,0.12,"rolex 20%, omega 18%","<long> 28%, clock 10%",0.6206,0.498,0.874
r8_0293_folklore_creature,"Name a type of folklore creature. Reply with only the name, nothing else.",0.6389,<long> -> bench,0.5833,banshee -> real,0.5641,banshee -> real,60,65,0.0,0.278,0.167,60,90,50,0.0,0.153,8.0,kraken,0.4,11,7.38,22.47,0.2,"banshee 27%, kraken 15%","<long> 28%, griffin 11%",0.5961,0.422,0.894
r8_0259_literature,"Name a type of literature. Reply with only the name, nothing else.",0.6389,<long> -> bench,0.5333,noir -> real,0.5506,fiction -> bench,60,65,0.0,0.278,0.167,60,90,32,0.0,0.16,7.9,poetry,0.45,7,4.78,11.15,0.376,"poetry 35%, novel 12%","poetry 29%, <long> 28%",0.5883,0.288,0.984
r8_0288_oven,"Name an oven. Reply with only the name, nothing else.",0.6389,<long> -> bench,0.6,oven -> real,0.5744,oven -> real,60,65,0.0,0.278,0.167,60,90,56,0.0,0.14,7.6,oven,0.2,12,10.17,19.67,0.256,"oven 33%, toaster 18%","<long> 28%, toaster 21%",0.5864,0.427,0.883
r8_0245_olive,"Name an olive. Reply with only the name, nothing else.",0.6389,<long> -> bench,0.5778,olive -> real,0.55,olive -> real,60,65,0.0,0.278,0.167,60,90,47,0.0,0.153,8.2,kalamata,1.0,1,1.0,12.42,0.368,"kalamata 37%, olive 30%","<long> 28%, kalamata 27%",0.6075,0.309,0.89
r8_0308_skirt,"Name a skirt. Reply with only the name, nothing else.",0.6389,<long> -> bench,0.5528,pleated -> real,0.5612,skirt -> bench,58,62,0.033,0.311,0.2,60,90,41,0.0,0.167,8.8,pencil skirt,0.3,6,5.02,18.06,0.2,"pencil 18%, pleated 12%","<long> 31%, skirt 16%",0.6053,0.294,0.917
r8s_1199_waffle,"Suggest a type of waffle. Reply with only the name, nothing else.",0.6389,<long> -> bench,0.5722,belgian -> real,0.5178,belgian waffle -> real,58,62,0.033,0.311,0.2,60,90,57,0.0,0.173,8.7,belgian,0.45,6,4.06,17.14,0.433,"belgian 43%, blueberry 8%","<long> 31%, belgian 29%",0.6097,0.314,0.83
r8_0168_sports_equipment,"Name a type of sports equipment. Reply with only the name, nothing else.",0.6389,<long> -> bench,0.5806,tennis racket -> real,0.5699,tennis racket -> real,60,65,0.0,0.278,0.167,60,90,26,0.0,0.167,8.2,basketball,0.3,8,6.18,11.39,0.256,"basketball 22%, tennis racket 22%","<long> 28%, basketball 21%",0.5847,0.197,0.933
r8_0115_acid,"Name an acid. Reply with only the name, nothing else.",0.6389,<long> -> bench,0.6111,sulfuric -> real,0.5769,sulfuric -> real,60,65,0.0,0.278,0.167,60,90,26,0.0,0.16,9.5,hydrochloric acid,0.45,5,4.06,9.05,0.32,"sulfuric 40%, sulfuric acid 23%","<long> 28%, sulfuric 18%",0.6389,0.176,0.867
r8_0119_juice,"Name a juice. Reply with only the name, nothing else.",0.6389,<long> -> bench,0.5528,orange juice -> real,0.6301,orange -> bench,60,65,0.0,0.278,0.167,60,90,45,0.0,0.133,7.2,orange,0.85,2,1.53,9.74,0.552,"orange 42%, orange juice 12%","orange 49%, <long> 28%",0.6083,0.342,1.042
r8_1562_cucumber,"Name a cucumber. Reply with only the name, nothing else.",0.6389,<long> -> bench,0.5556,english -> bench,0.5876,english -> bench,58,62,0.033,0.311,0.2,60,90,76,0.0,0.16,8.5,english,0.55,7,4.23,40.47,0.192,"cucumber 20%, <long> 3%","<long> 31%, english 14%",0.6239,0.397,0.753
r8_1568_cloud_cover,"Name a cloud cover. Reply with only the name, nothing else.",0.6389,<long> -> bench,0.5833,cirrus -> real,0.5641,cirrus -> real,60,65,0.0,0.278,0.167,60,90,46,0.0,0.153,7.9,stratus,0.65,3,2.43,15.86,0.224,"cirrus 27%, stratus 25%","<long> 28%, cumulus 17%",0.6083,0.296,0.886
r8_0062_liquid,"Name a liquid. Reply with only the name, nothing else.",0.6389,water -> real,0.6389,water -> real,0.5548,water -> real,60,70,0.0,0.222,0.133,60,90,22,0.0,0.127,6.2,water,1.0,1,1.0,2.82,0.808,"water 87%, mercury 7%","water 59%, <long> 22%",0.6522,0.157,0.929
r8s_1738_kitchen_gadget,"Suggest a type of kitchen gadget. Reply with only the name, nothing else.",0.6389,<long> -> bench,0.5667,immersion blender -> real,0.5538,immersion blender -> real,60,65,0.0,0.278,0.167,60,90,61,0.0,0.153,8.7,immersion blender,0.45,12,7.44,36.09,0.144,"immersion blender 20%, toaster 5%","<long> 28%, toaster 9%",0.6069,0.406,1.038
r8_1052_doll_brand,"Name a doll brand. Reply with only the name, nothing else.",0.6389,<long> -> bench,0.5528,barbie -> bench,0.6532,barbie -> bench,60,65,0.0,0.278,0.167,60,90,45,0.0,0.133,7.5,barbie,0.95,2,1.22,9.53,0.576,"barbie 42%, dollhouse 3%","barbie 52%, <long> 28%",0.6044,0.403,1.006
r8_1513_award,"Name an award. Reply with only the name, nothing else.",0.6389,<long> -> bench,0.5472,pulitzer prize -> real,0.5829,nobel prize -> bench,58,62,0.033,0.311,0.2,60,90,32,0.0,0.187,9.3,nobel prize,0.35,7,5.36,8.45,0.517,"nobel prize 42%, pulitzer prize 12%","nobel prize 41%, <long> 31%",0.6078,0.226,1.163
r8_1573_seashore_find,"Name a seashore find. Reply with only the name, nothing else.",0.6389,<long> -> bench,0.5722,whelk -> real,0.5679,whelk -> real,60,65,0.0,0.278,0.167,60,90,68,0.0,0.147,8.5,whelk,0.15,15,13.42,48.32,0.096,"whelk 17%, coral 8%","<long> 28%, sea glass 9%",0.5983,0.504,0.909
r8_1491_jazz_style,"Name a jazz style. Reply with only the name, nothing else.",0.6389,swing -> real,0.6389,swing -> real,0.6368,bebop -> bench,60,68,0.0,0.244,0.147,60,90,28,0.0,0.147,7.6,bebop,0.85,2,1.53,6.84,0.445,"swing 40%, bebop 30%","bebop 43%, <long> 24%",0.6239,0.256,0.887
r8_0562_tomato,"Name a tomato. Reply with only the name, nothing else.",0.6389,<long> -> bench,0.5417,cherry -> real,0.5391,tomato -> bench,60,65,0.0,0.278,0.167,60,90,17,0.0,0.167,7.7,roma,0.45,7,4.35,4.73,0.424,"tomato 38%, roma 33%","tomato 33%, <long> 28%",0.5972,0.292,1.002
r8_0553_weather_instrument,"Name a type of weather instrument. Reply with only the name, nothing else.",0.6389,<long> -> bench,0.575,barometer -> real,0.5212,barometer -> bench,60,65,0.0,0.278,0.167,60,90,6,0.0,0.16,8.0,barometer,0.8,3,1.85,2.16,0.672,"barometer 65%, anemometer 32%","barometer 50%, <long> 28%",0.6272,0.101,0.88
r8_0558_scent,"Name a scent. Reply with only the name, nothing else.",0.6389,<long> -> bench,0.5333,sandalwood -> real,0.5455,vanilla -> bench,60,65,0.0,0.278,0.167,60,90,68,0.0,0.147,8.2,vanilla,0.7,4,2.39,30.45,0.264,"vanilla 22%, lavender 13%","<long> 28%, vanilla 22%",0.6167,0.451,0.898
r8s_0805_cooking_vessel,"Suggest a type of cooking vessel. Reply with only the name, nothing else.",0.6389,dutch oven -> real,0.6389,dutch oven -> real,0.6249,dutch oven -> real,59,65,0.017,0.278,0.173,60,90,24,0.0,0.153,8.6,dutch oven,0.45,6,4.22,10.67,0.242,"dutch oven 37%, cast iron skillet 15%","<long> 28%, cast iron skillet 18%",0.6547,0.193,0.879
r8_1854_palindrome,"Name a palindrome. Reply with only the name, nothing else.",0.6389,radar -> real,0.6389,radar -> real,0.6233,radar -> real,60,75,0.0,0.167,0.1,60,90,25,0.0,0.093,5.8,madam,0.45,7,4.64,7.83,0.296,"radar 43%, madam 25%","madam 24%, <long> 17%",0.6019,0.35,0.824
r8_1806_pot_or_pan_type,"Name a pot or pan type. Reply with only the name, nothing else.",0.6389,<long> -> bench,0.6111,skillet -> real,0.5846,frying pan -> bench,60,65,0.0,0.278,0.167,60,90,22,0.0,0.14,7.9,sauté pan,0.8,3,1.85,7.55,0.4,"skillet 47%, sauté pan 23%","<long> 28%, skillet 24%",0.6111,0.212,0.826
r8_1330_fungal_growth,"Name a fungal growth. Reply with only the name, nothing else.",0.6389,<long> -> bench,0.5694,mushroom -> real,0.5545,mushroom -> real,60,65,0.0,0.278,0.167,60,90,26,0.0,0.153,8.6,mold,0.6,5,3.01,8.16,0.32,"mold 30%, mycelium 27%","<long> 28%, mycelium 27%",0.6439,0.204,1.035
r8_1777_occupation_in_media,"Name an occupation in media. Reply with only the name, nothing else.",0.6389,<long> -> bench,0.5667,journalist -> real,0.5288,actor -> bench,60,65,0.0,0.278,0.167,60,90,39,0.0,0.16,7.8,journalist,0.95,2,1.22,11.23,0.464,"journalist 47%, reporter 7%","journalist 33%, <long> 28%",0.605,0.306,0.921
r8_0201_belt,"Name a belt. Reply with only the name, nothing else.",0.6389,<long> -> bench,0.5806,belt -> real,0.5635,belt -> real,60,65,0.0,0.278,0.167,60,90,92,0.0,0.16,8.2,belt,0.4,12,8.12,56.25,0.184,"belt 25%, buckle 7%","<long> 28%, belt 9%",0.62,0.557,0.873
r8s_1774_custard,"Suggest a type of custard. Reply with only the name, nothing else.",0.6389,<long> -> bench,0.5167,bavarian -> real,0.5212,crème anglaise -> bench,60,65,0.0,0.278,0.167,60,90,76,0.0,0.16,8.7,crème caramel,0.2,13,11.49,51.32,0.088,"pudding 8%, crème caramel 7%","<long> 28%, crème brûlée 7%",0.5944,0.422,0.927
r8_1210_pet_category,"Name a pet category. Reply with only the name, nothing else.",0.6389,<long> -> bench,0.575,dogs -> real,0.5538,dog -> bench,60,65,0.0,0.278,0.167,60,90,39,0.0,0.167,7.7,dogs,0.65,4,2.67,10.04,0.392,"dogs 42%, dog 20%","<long> 28%, dogs 27%",0.6058,0.295,1.048
r8_1209_road_surface,"Name a road surface. Reply with only the name, nothing else.",0.6389,<long> -> bench,0.6222,asphalt -> real,0.5083,pavement -> real,60,65,0.0,0.278,0.167,60,90,17,0.0,0.14,7.7,asphalt,1.0,1,1.0,2.14,0.864,"asphalt 87%, cracked 2%","asphalt 62%, <long> 28%",0.6617,0.097,0.858
r8_1193_type_of_fictional_spac,"Name a type of fictional spaceship. Reply with only the name, nothing else.",0.6389,<long> -> bench,0.5167,void-skiff -> real,0.5218,hyperdrive -> bench,60,65,0.0,0.278,0.167,60,90,92,0.0,0.147,8.3,hyperdrive,0.15,17,15.83,73.56,0.064,"dreadnought 5%, x-wing 5%","<long> 28%, hyperdrive 6%",0.6175,0.553,0.856
r8s_0507_precious_stone,"Suggest a type of precious stone. Reply with only the name, nothing else.",0.6389,<long> -> bench,0.5417,ruby -> real,0.5558,diamond -> bench,60,65,0.0,0.278,0.167,60,90,10,0.0,0.153,7.1,diamond,0.85,3,1.68,3.64,0.608,"diamond 55%, ruby 18%","diamond 48%, <long> 28%",0.5892,0.21,0.97
r8s_1146_type_of_household_pet,"Suggest a type of type of household pet. Reply with only the name, nothing else.",0.6389,<long> -> bench,0.625,dog -> real,0.5609,dog -> real,60,65,0.0,0.278,0.167,60,90,15,0.0,0.147,7.4,dog,0.6,2,1.96,3.74,0.52,"dog 58%, cat 27%","dog 33%, <long> 28%",0.6033,0.202,0.917
r8_0758_cup,"Name a cup. Reply with only the name, nothing else.",0.6389,<long> -> bench,0.5583,mug -> real,0.5519,mug -> real,60,65,0.0,0.278,0.167,60,90,69,0.0,0.16,8.1,mug,0.65,4,2.52,25.83,0.344,"cup 32%, mug 15%","<long> 28%, cup 27%",0.6036,0.391,0.847
r8_0766_poem_type,"Name a poem type. Reply with only the name, nothing else.",0.6389,<long> -> bench,0.5972,sonnet -> real,0.5308,haiku -> real,60,65,0.0,0.278,0.167,60,90,10,0.0,0.153,7.7,sonnet,1.0,1,1.0,2.3,0.76,"sonnet 75%, haiku 20%","sonnet 56%, <long> 28%",0.6156,0.142,1.048
r8_0743_music_instrument_famil,"Name a music instrument family. Reply with only the name, nothing else.",0.6389,<long> -> bench,0.5556,strings -> real,0.5353,brass -> bench,60,65,0.0,0.278,0.167,60,90,24,0.0,0.14,7.3,strings,0.85,3,1.68,10.53,0.32,"strings 33%, string 13%","<long> 28%, strings 22%",0.605,0.208,0.946
r8_0675_cheese_aging,"Name a type of cheese aging. Reply with only the name, nothing else.",0.6389,<long> -> bench,0.5472,affine -> real,0.5609,cheddar -> bench,60,65,0.0,0.278,0.167,60,90,40,0.0,0.153,7.9,aged,0.4,10,6.89,18.72,0.24,"aged 25%, blue 13%","<long> 28%, aged 17%",0.6047,0.262,0.925
r8_0779_quilting_pattern,"Name a quilting pattern. Reply with only the name, nothing else.",0.6389,<long> -> bench,0.525,quarter-square -> real,0.5301,quilt as you go -> bench,60,65,0.0,0.278,0.167,60,90,102,0.0,0.153,8.5,log cabin,0.4,12,8.12,87.16,0.064,"honeycomb 8%, quarter-square 5%","<long> 28%, quilt as you go 6%",0.6067,0.513,1.08
r8_0784_roof_type,"Name a roof type. Reply with only the name, nothing else.",0.6389,<long> -> bench,0.5806,gable -> real,0.5288,gambrel -> bench,60,65,0.0,0.278,0.167,60,90,29,0.0,0.16,7.8,gable,0.65,6,3.29,8.86,0.464,"gable 48%, hip 13%","gable 32%, <long> 28%",0.62,0.269,0.998
r8s_0552_water_sport,"Suggest a type of water sport. Reply with only the name, nothing else.",0.6389,<long> -> bench,0.5806,kayaking -> real,0.6019,surfing -> bench,60,65,0.0,0.278,0.167,60,90,28,0.0,0.16,8.5,surfing,0.55,5,3.59,9.13,0.304,"kayaking 35%, kiteboarding 15%","<long> 28%, surfing 26%",0.6422,0.194,1.036
r8_1902_mountain_rock,"Name a mountain rock. Reply with only the name, nothing else.",0.6389,<long> -> bench,0.5306,granite -> real,0.5378,granite -> bench,60,65,0.0,0.278,0.167,60,90,50,0.0,0.16,8.0,granite,0.9,3,1.48,13.32,0.456,"granite 42%, mount everest 10%","granite 36%, <long> 28%",0.59,0.375,0.891
r8_0613_harp,"Name a harp. Reply with only the name, nothing else.",0.6389,<long> -> bench,0.55,harpsichord -> real,0.5442,lyre -> bench,60,65,0.0,0.278,0.167,60,90,54,0.0,0.16,8.3,pedal harp,0.35,9,6.51,31.53,0.152,"harp 17%, harpsichord 13%","<long> 28%, harp 10%",0.5969,0.357,0.902
r8_1297_color_hue,"Name a color hue. Reply with only the name, nothing else.",0.6389,crimson -> real,0.6389,crimson -> real,0.6693,blue -> bench,58,66,0.033,0.267,0.173,60,90,26,0.0,0.16,7.4,blue,0.45,6,4.46,8.92,0.387,"crimson 30%, blue 20%","blue 40%, <long> 27%",0.6564,0.317,0.928
r8_1266_sports_official,"Name a sports official. Reply with only the name, nothing else.",0.6389,<long> -> bench,0.5528,whistleblower -> real,0.5724,referee -> bench,60,65,0.0,0.278,0.167,60,90,56,0.0,0.153,8.4,whit sherman,0.15,16,14.77,18.16,0.392,"referee 32%, whistleblower 12%","referee 33%, <long> 28%",0.5919,0.301,0.982
r8_1879_oasis,"Name a type of oasis. Reply with only the name, nothing else.",0.6389,<long> -> bench,0.5222,oasis -> real,0.5184,oasis -> real,58,62,0.033,0.311,0.2,60,90,102,0.0,0.18,8.8,desert,0.2,16,14.14,89.32,0.05,"oasis 7%, sand 5%","<long> 31%, desert 3%",0.6019,0.556,0.872
r8_0712_fish,"Name a fish. Reply with only the name, nothing else.",0.6389,<long> -> bench,0.5722,salmon -> bench,0.6256,salmon -> bench,60,65,0.0,0.278,0.167,60,90,48,0.0,0.153,7.8,tuna,0.4,4,3.21,21.32,0.264,"salmon 13%, clownfish 12%","<long> 28%, salmon 28%",0.6147,0.302,0.838
r8s_1029_nail_product,"Suggest a type of nail product. Reply with only the name, nothing else.",0.6389,<long> -> bench,0.5639,gel polish -> real,0.5807,nail polish -> bench,56,59,0.067,0.344,0.233,60,90,69,0.0,0.187,9.9,gel polish,0.6,2,1.96,35.23,0.243,"nail polish 15%, gel polish 15%","<long> 34%, nail polish 21%",0.6097,0.477,0.902
r8_1710_flooring,"Name a type of flooring. Reply with only the name, nothing else.",0.6389,<long> -> bench,0.5806,laminate -> real,0.5455,vinyl -> bench,60,65,0.0,0.278,0.167,60,90,20,0.0,0.147,7.9,hardwood,0.65,4,2.67,9.29,0.304,"laminate 35%, hardwood 23%","<long> 28%, laminate 19%",0.6,0.319,0.939
r8_1416_mailing_item,"Name a mailing item. Reply with only the name, nothing else.",0.6389,<long> -> bench,0.5639,envelope -> real,0.541,postcard -> bench,56,59,0.067,0.344,0.233,60,90,55,0.0,0.207,9.6,envelope,0.55,5,3.34,21.87,0.313,"envelope 32%, <long> 7%","<long> 34%, envelope 19%",0.6264,0.37,0.739
r8_0411_fabric_weave,"Name a fabric weave. Reply with only the name, nothing else.",0.6389,<long> -> bench,0.6167,twill -> real,0.5462,twill -> real,60,65,0.0,0.278,0.167,60,90,42,0.0,0.16,8.0,twill,0.7,5,2.67,9.49,0.552,"twill 60%, herringbone 5%","twill 37%, <long> 28%",0.6181,0.275,0.842
r8_0359_amino_acid,"Name an amino acid. Reply with only the name, nothing else.",0.6389,<long> -> bench,0.5694,serine -> real,0.5814,alanine -> bench,60,65,0.0,0.278,0.167,60,90,16,0.0,0.147,8.1,alanine,0.75,3,1.99,4.72,0.568,"alanine 48%, serine 22%","alanine 47%, <long> 28%",0.6067,0.222,0.974
r8_0748_oxymoron,"Name an oxymoron. Reply with only the name, nothing else.",0.6389,<long> -> bench,0.6167,jumbo shrimp -> real,0.6038,jumbo shrimp -> real,60,65,0.0,0.278,0.167,60,90,78,0.0,0.14,8.3,deafening silence,0.3,8,6.18,43.23,0.192,"jumbo shrimp 30%, silent scream 8%","<long> 28%, deafening silence 8%",0.6492,0.49,0.677
r8_0737_tea_variety,"Name a tea variety. Reply with only the name, nothing else.",0.6389,earl grey -> real,0.6389,earl grey -> real,0.6113,earl grey -> real,60,74,0.0,0.178,0.107,60,90,24,0.0,0.1,6.7,earl grey,0.5,6,3.69,7.65,0.41,"earl grey 53%, darjeeling 12%","earl grey 26%, darjeeling 24%",0.5961,0.214,0.622
r8s_1107_lettuce,"Suggest a type of lettuce. Reply with only the name, nothing else.",0.6389,<long> -> bench,0.6361,romaine -> real,0.5635,romaine -> real,60,65,0.0,0.278,0.167,60,90,25,0.0,0.147,8.7,romaine,0.8,4,2.03,5.95,0.584,"romaine 65%, butterhead 12%","romaine 38%, <long> 28%",0.6119,0.341,1.055
r8_0339_umbrella,"Name an umbrella. Reply with only the name, nothing else.",0.6389,<long> -> bench,0.6056,umbrella -> real,0.5692,umbrella -> real,60,65,0.0,0.278,0.167,60,90,63,0.0,0.127,7.8,brolly,0.15,14,12.52,24.04,0.328,"umbrella 40%, parasol 12%","<long> 28%, umbrella 19%",0.6039,0.477,0.707
r8_1844_beer_glass,"Name a type of beer glass. Reply with only the name, nothing else.",0.6389,<long> -> bench,0.6028,pilsner -> real,0.5622,pilsner -> real,60,65,0.0,0.278,0.167,60,90,24,0.0,0.153,8.5,pilsner,0.35,6,4.68,7.31,0.352,"pilsner 42%, pint 27%","<long> 28%, pint 26%",0.6289,0.248,0.976
r8_0589_pigment,"Name a type of pigment. Reply with only the name, nothing else.",0.6389,<long> -> bench,0.5694,chlorophyll -> bench,0.6186,chlorophyll -> bench,60,65,0.0,0.278,0.167,60,90,38,0.0,0.16,8.9,chlorophyll,0.95,2,1.22,14.94,0.24,"melanin 25%, titanium dioxide 13%","<long> 28%, chlorophyll 26%",0.5975,0.219,1.084
r8_0661_flower_petal_count,"Name a flower petal count. Reply with only the name, nothing else.",0.6389,<long> -> bench,0.6167,daisy -> real,0.6103,daisy -> real,60,65,0.0,0.278,0.167,60,90,36,0.0,0.167,7.4,rose,0.2,11,8.71,17.12,0.2,"daisy 27%, rose 25%","<long> 28%, 5 12%",0.6406,0.336,0.937
r8_0535_stove,"Name a stove. Reply with only the name, nothing else.",0.6389,<long> -> bench,0.5556,stove -> real,0.5744,gas -> bench,60,65,0.0,0.278,0.167,60,90,67,0.0,0.147,7.9,gas,0.4,9,6.16,32.16,0.2,"stove 23%, frigidaire 12%","<long> 28%, gas 16%",0.625,0.402,0.862
r8_0576_aquarium_fish,"Name an aquarium fish. Reply with only the name, nothing else.",0.6389,<long> -> bench,0.5694,neon tetra -> real,0.5891,guppy -> bench,60,65,0.0,0.278,0.167,60,90,18,0.0,0.14,7.8,betta,0.65,5,2.99,5.84,0.464,"betta 42%, clownfish 17%","betta 37%, <long> 28%",0.6089,0.279,0.907
r8_1796_bird_beak_shape,"Name a bird beak shape. Reply with only the name, nothing else.",0.6389,<long> -> bench,0.5278,hook -> bench,0.5641,hook -> bench,60,65,0.0,0.278,0.167,60,90,68,0.0,0.167,7.7,hook,0.3,10,8.05,38.2,0.2,"hook 13%, curved 7%","<long> 28%, hook 19%",0.5903,0.359,0.965
r8_0533_yoga_pose,"Name a yoga pose. Reply with only the name, nothing else.",0.6389,<long> -> bench,0.5833,downward-facing dog -> real,0.5385,downward-facing dog -> real,60,65,0.0,0.278,0.167,60,90,16,0.0,0.167,9.2,downward-facing dog,0.6,7,3.82,4.65,0.432,"downward dog 43%, downward-facing dog 40%","downward dog 31%, <long> 28%",0.6344,0.201,1.134
r8_0531_athletic_event,"Name an athletic event. Reply with only the name, nothing else.",0.6389,marathon -> real,0.6389,marathon -> real,0.638,marathon -> real,59,69,0.017,0.233,0.147,60,90,28,0.0,0.14,8.6,100 meters,0.35,9,6.79,14.5,0.164,"marathon 30%, 100-meter dash 10%","<long> 23%, 100 meters 18%",0.6061,0.292,1.166
r8_0556_bedroom_item,"Name a bedroom item. Reply with only the name, nothing else.",0.6389,<long> -> bench,0.5556,lamp -> real,0.5853,bed -> bench,60,65,0.0,0.278,0.167,60,90,27,0.0,0.153,7.6,pillow,0.4,8,5.74,8.08,0.376,"pillow 32%, bed 18%","pillow 31%, <long> 28%",0.6047,0.174,0.931
r8_0408_kiln,"Name a kiln. Reply with only the name, nothing else.",0.6389,<long> -> bench,0.5194,kiln -> real,0.5276,kiln -> bench,60,65,0.0,0.278,0.167,60,90,75,0.0,0.14,8.1,kiln,0.5,9,5.51,32.05,0.312,"kiln 28%, electric 7%","<long> 28%, kiln 24%",0.6147,0.532,0.887
r8_0462_sandal,"Name a sandal. Reply with only the name, nothing else.",0.6389,<long> -> bench,0.5444,havaianas -> real,0.5423,havaianas -> real,60,65,0.0,0.278,0.167,60,90,79,0.0,0.14,7.7,birkenstock,0.3,10,7.29,56.39,0.08,"havaianas 10%, teva 8%","<long> 28%, birkenstock 6%",0.6067,0.402,1.023
r8_0444_dress_style,"Name a dress style. Reply with only the name, nothing else.",0.6389,<long> -> bench,0.5472,sheath -> bench,0.579,sheath -> bench,58,62,0.033,0.311,0.2,60,90,60,0.0,0.167,9.0,sheath,0.25,10,7.59,35.3,0.133,"bohemian 13%, a-line 10%","<long> 31%, sheath 14%",0.6014,0.295,0.925
r8_0471_tooth,"Name a tooth. Reply with only the name, nothing else.",0.6389,<long> -> bench,0.5944,molar -> real,0.5385,tooth -> bench,60,65,0.0,0.278,0.167,60,90,23,0.0,0.167,7.8,molar,0.55,3,2.53,5.68,0.584,"molar 60%, incisor 12%","molar 41%, <long> 28%",0.615,0.155,0.851
r8_1808_ice_age,"Name a type of ice age. Reply with only the name, nothing else.",0.6389,<long> -> bench,0.625,pleistocene -> real,0.5737,pleistocene -> real,60,65,0.0,0.278,0.167,60,90,32,0.0,0.167,8.6,pleistocene,0.4,7,4.41,8.76,0.44,"pleistocene 52%, quaternary 22%","<long> 28%, pleistocene 27%",0.6311,0.331,0.894
r8_0604_texture,"Name a type of texture. Reply with only the name, nothing else.",0.6389,velvet -> real,0.6389,velvet -> real,0.6179,velvet -> real,60,67,0.0,0.256,0.153,60,90,59,0.0,0.133,7.2,velvet,0.65,3,2.36,27.35,0.276,"velvet 40%, marble 5%","<long> 26%, velvet 12%",0.6047,0.448,0.774
r8_0478_jacket,"Name a jacket. Reply with only the name, nothing else.",0.6389,<long> -> bench,0.5333,denim -> real,0.5359,bomber -> bench,60,65,0.0,0.278,0.167,60,90,69,0.0,0.147,7.8,leather jacket,0.35,6,5.0,41.11,0.128,"leather 12%, denim 10%","<long> 28%, bomber 10%",0.5922,0.463,0.871
r8_0181_literary_device,"Name a literary device. Reply with only the name, nothing else.",0.6389,<long> -> bench,0.5861,metaphor -> real,0.5263,alliteration -> real,60,65,0.0,0.278,0.167,60,90,11,0.0,0.147,8.4,metaphor,0.75,3,2.08,3.14,0.656,"metaphor 65%, simile 22%","metaphor 48%, <long> 28%",0.6111,0.279,1.183
r8_0172_spacecraft,"Name a spacecraft. Reply with only the name, nothing else.",0.6389,<long> -> bench,0.5722,apollo -> real,0.5788,voyager -> bench,60,65,0.0,0.278,0.167,60,90,37,0.0,0.147,8.6,apollo 11,0.5,4,2.99,15.44,0.232,"apollo 11 17%, apollo 17%","<long> 28%, voyager 22%",0.6347,0.24,0.976
r8_1809_planet_feature,"Name a type of planet feature. Reply with only the name, nothing else.",0.6389,<long> -> bench,0.625,crater -> real,0.5737,crater -> real,60,65,0.0,0.278,0.167,60,90,42,0.0,0.153,8.0,crater,0.45,5,3.69,11.61,0.44,"crater 52%, valley 12%","<long> 28%, crater 27%",0.6453,0.278,0.957
r8_1537_musical,"Name a musical. Reply with only the name, nothing else.",0.6389,<long> -> bench,0.5667,misérables -> real,0.5628,phantom of the opera -> bench,60,65,0.0,0.278,0.167,60,90,21,0.0,0.153,8.9,misérables,0.45,5,3.77,5.7,0.432,"phantom of the opera 37%, hamilton 32%","phantom of the opera 36%, <long> 28%",0.5994,0.19,0.89
r8_1071_occupation_in_food_ser,"Name an occupation in food service. Reply with only the name, nothing else.",0.6389,<long> -> bench,0.5722,chef -> real,0.5295,waiter -> bench,60,65,0.0,0.278,0.167,60,90,18,0.0,0.16,7.3,chef,0.9,3,1.48,4.34,0.656,"chef 63%, sommelier 8%","chef 49%, <long> 28%",0.5958,0.211,1.009
r8_1037_hot_dog_topping,"Name a type of hot dog topping. Reply with only the name, nothing else.",0.6389,<long> -> bench,0.5667,chili -> real,0.5353,sauerkraut -> real,60,65,0.0,0.278,0.167,60,90,23,0.0,0.16,8.2,ketchup,0.4,6,4.75,10.57,0.344,"chili 37%, sauerkraut 12%","<long> 28%, chili 23%",0.6156,0.272,0.818
r8_1423_bitter,"Name a bitter. Reply with only the name, nothing else.",0.6361,<long> -> bench,0.5722,quinine -> bench,0.6016,quinine -> bench,59,64,0.017,0.289,0.18,60,90,89,0.0,0.16,8.5,gin,0.8,4,2.03,66.72,0.106,"absinthe 8%, bitter 5%","<long> 29%, quinine 14%",0.6194,0.522,0.878
r8_1218_building_toy,"Name a building toy. Reply with only the name, nothing else.",0.6361,lego -> real,0.6361,lego -> real,0.5588,lego -> real,60,71,0.0,0.211,0.127,60,90,27,0.0,0.12,6.8,lego,1.0,1,1.0,3.32,0.786,"lego 85%, lego brick 3%","lego 58%, <long> 21%",0.6269,0.195,0.974
r8_0853_beverage_hot,"Name a beverage hot. Reply with only the name, nothing else.",0.6361,<long> -> bench,0.6222,hot chocolate -> real,0.607,hot chocolate -> real,59,64,0.017,0.289,0.18,60,90,34,0.0,0.153,7.9,coffee,0.55,4,2.92,13.7,0.228,"hot chocolate 33%, coffee 20%","<long> 29%, coffee 16%",0.6672,0.194,0.847
r8s_1413_whistle,"Suggest a type of whistle. Reply with only the name, nothing else.",0.6361,<long> -> bench,0.525,bison -> real,0.5617,whistle -> bench,59,64,0.017,0.289,0.18,60,90,84,0.0,0.16,8.4,whistling,0.1,19,18.66,41.45,0.285,"whistle 22%, bison 5%","<long> 29%, whistle 24%",0.6144,0.58,0.94
r8_0878_equestrian_discipline,"Name an equestrian discipline. Reply with only the name, nothing else.",0.6361,dressage -> real,0.6361,dressage -> real,0.6115,dressage -> real,60,73,0.0,0.189,0.113,60,90,21,0.0,0.1,6.8,dressage,0.7,3,2.11,6.95,0.361,"dressage 48%, show jumping 25%","dressage 21%, show jumping 21%",0.625,0.156,0.84
r8_0975_animal_sleep_pattern,"Name an animal sleep pattern. Reply with only the name, nothing else.",0.6361,<long> -> bench,0.5833,hibernation -> real,0.5592,polyphasic -> bench,59,64,0.017,0.289,0.18,60,90,59,0.0,0.173,8.8,hibernation,0.3,12,9.25,26.61,0.244,"hibernation 30%, polyphasic 8%","<long> 29%, polyphasic 14%",0.6108,0.398,0.912
r8s_0231_liquor,"Suggest a type of liquor. Reply with only the name, nothing else.",0.6361,<long> -> bench,0.5556,whiskey -> real,0.5384,whisky -> bench,59,64,0.017,0.289,0.18,60,90,26,0.0,0.167,8.2,whiskey,0.35,7,5.5,10.76,0.276,"scotch 27%, whiskey 27%","<long> 29%, scotch 20%",0.6156,0.311,0.947
r8_1092_ceramic,"Name a ceramic. Reply with only the name, nothing else.",0.6361,<long> -> bench,0.6,porcelain -> real,0.5156,terracotta -> bench,59,64,0.017,0.289,0.18,60,90,24,0.0,0.153,8.0,porcelain,1.0,1,1.0,3.17,0.789,"porcelain 77%, wave 2%","porcelain 57%, <long> 29%",0.6022,0.262,0.926
r8s_1594_wave_type,"Suggest a wave type. Reply with only the name, nothing else.",0.6361,<long> -> bench,0.5889,sine -> real,0.5861,sine -> real,59,64,0.017,0.289,0.18,60,90,80,0.0,0.173,8.2,sine wave,0.5,8,5.0,50.74,0.114,"sine 20%, sine wave 8%","<long> 29%, electromagnetic 12%",0.6294,0.537,0.769
r8_0929_hub,"Name a hub. Reply with only the name, nothing else.",0.6361,<long> -> bench,0.5972,hub -> real,0.6009,hub -> real,55,58,0.083,0.356,0.247,60,90,93,0.0,0.213,9.8,linux,0.1,18,17.41,69.98,0.133,"hub 22%, <long> 8%","<long> 36%, london 6%",0.6164,0.641,0.633
r8_1606_crab,"Name a crab. Reply with only the name, nothing else.",0.6361,<long> -> bench,0.5444,dungeness -> real,0.543,dungeness -> real,59,64,0.017,0.289,0.18,60,90,58,0.0,0.16,8.3,blue crab,0.8,5,2.18,25.56,0.285,"blue crab 27%, crab 10%","<long> 29%, blue crab 21%",0.5947,0.322,0.9
r8s_1461_chip_flavor,"Suggest a type of chip flavor. Reply with only the name, nothing else.",0.6361,<long> -> bench,0.5528,salted caramel -> real,0.5515,salted caramel -> real,59,64,0.017,0.289,0.18,60,90,84,0.0,0.167,8.9,wasabi,0.1,19,18.66,62.95,0.081,"salted caramel 12%, spicy mango 7%","<long> 29%, spicy mango 7%",0.5953,0.45,0.993
r8s_0250_bean,"Suggest a type of bean. Reply with only the name, nothing else.",0.6361,<long> -> bench,0.525,navy -> real,0.5575,black bean -> bench,57,61,0.05,0.322,0.213,60,90,61,0.0,0.173,8.8,black bean,0.75,5,2.45,26.47,0.305,"black bean 23%, navy 5%","<long> 32%, black bean 24%",0.5972,0.4,0.848
r8s_0106_chocolate,"Suggest a type of chocolate. Reply with only the name, nothing else.",0.6361,<long> -> bench,0.6028,dark chocolate -> real,0.5505,dark chocolate -> real,59,64,0.017,0.289,0.18,60,90,33,0.0,0.16,8.1,dark chocolate,0.7,6,2.94,9.01,0.439,"dark chocolate 48%, dark 17%","<long> 29%, dark chocolate 28%",0.6397,0.258,0.876
r8_1013_tire_brand,"Name a tire brand. Reply with only the name, nothing else.",0.6361,<long> -> bench,0.6222,michelin -> real,0.5291,michelin -> real,59,64,0.017,0.289,0.18,60,90,13,0.0,0.167,8.4,michelin,0.95,2,1.22,3.14,0.715,"michelin 73%, goodyear 13%","michelin 49%, <long> 29%",0.6211,0.201,0.972
r8_1619_occupation_in_transpor,"Name an occupation in transport. Reply with only the name, nothing else.",0.6361,<long> -> bench,0.5667,conductor -> real,0.5859,driver -> bench,59,64,0.017,0.289,0.18,60,90,43,0.0,0.167,8.4,pilot,0.4,7,5.0,19.6,0.22,"pilot 22%, truck driver 18%","<long> 29%, pilot 16%",0.5997,0.332,0.997
r8s_1450_alarm,"Suggest a type of alarm. Reply with only the name, nothing else.",0.6361,<long> -> bench,0.5222,smoke alarm -> real,0.5156,smart -> bench,59,64,0.017,0.289,0.18,60,90,80,0.0,0.167,8.4,smart home alarm,0.5,10,5.9,49.53,0.171,"smoke alarm 17%, smart home alarm 7%","<long> 29%, smoke alarm 12%",0.6211,0.372,0.832
r8s_1380_ungulate,"Suggest a type of ungulate. Reply with only the name, nothing else.",0.6361,<long> -> bench,0.5556,bison -> real,0.5514,cow -> bench,59,64,0.017,0.289,0.18,60,90,45,0.0,0.173,8.3,deer,0.35,9,6.68,24.93,0.138,"bison 17%, elk 10%","<long> 29%, cow 13%",0.6014,0.406,0.936
r8s_0273_eyewear,"Suggest a type of eyewear. Reply with only the name, nothing else.",0.6361,<long> -> bench,0.5667,ray-ban aviator -> real,0.5613,ray-ban aviator -> real,59,64,0.017,0.289,0.18,60,90,51,0.0,0.16,9.4,sunglasses,0.2,15,13.2,31.98,0.106,"ray-ban aviator 17%, ray-ban 10%","<long> 29%, blue light glasses 7%",0.5986,0.291,0.872
r8_0907_insect_wing,"Name a type of insect wing. Reply with only the name, nothing else.",0.6361,<long> -> bench,0.5417,membranous -> bench,0.5748,membranous -> bench,59,64,0.017,0.289,0.18,60,90,64,0.0,0.173,9.0,membrane,0.25,14,11.64,28.81,0.236,"membrane 20%, membranous 8%","<long> 29%, membrane 19%",0.61,0.429,1.045
r8_1080_stadium,"Name a stadium. Reply with only the name, nothing else.",0.6361,<long> -> bench,0.6083,wembley stadium -> real,0.5514,wembley -> bench,59,64,0.017,0.289,0.18,60,90,30,0.0,0.167,9.4,wembley stadium,0.7,4,2.39,5.19,0.634,"wembley stadium 65%, wembley 8%","wembley stadium 43%, <long> 29%",0.6103,0.232,1.055
r8s_1225_musical_form,"Suggest a musical form. Reply with only the name, nothing else.",0.6361,<long> -> bench,0.5889,sonata -> real,0.5579,rondo -> bench,59,64,0.017,0.289,0.18,60,90,19,0.0,0.167,8.4,sonata,0.65,5,2.99,4.97,0.561,"sonata 57%, rondo 12%","sonata 39%, <long> 29%",0.6061,0.335,1.072
r8_1960_mushroom_edible,"Name a mushroom edible. Reply with only the name, nothing else.",0.6361,<long> -> bench,0.5444,button mushroom -> real,0.5474,button -> bench,59,64,0.017,0.289,0.18,60,90,31,0.0,0.173,8.5,button,0.45,5,3.51,11.71,0.236,"button mushroom 23%, button 18%","<long> 29%, button 20%",0.5928,0.209,0.851
r8_0804_bottom_dwelling_fish,"Name a bottom-dwelling fish. Reply with only the name, nothing else.",0.6361,<long> -> bench,0.5861,anglerfish -> real,0.5813,flounder -> bench,59,64,0.017,0.289,0.18,60,90,43,0.0,0.16,8.7,flounder,0.3,10,7.51,17.69,0.22,"anglerfish 28%, catfish 13%","<long> 29%, flounder 20%",0.615,0.329,0.862
r8_0776_cymbal,"Name a cymbal. Reply with only the name, nothing else.",0.6361,<long> -> bench,0.5583,ride -> real,0.5865,crash -> bench,59,64,0.017,0.289,0.18,60,90,50,0.0,0.153,8.2,china,0.35,7,5.66,19.79,0.276,"crash 18%, ride 15%","<long> 29%, crash 26%",0.6139,0.261,0.851
r8_0354_outdoor_activity,"Name an outdoor activity. Reply with only the name, nothing else.",0.6361,<long> -> bench,0.6222,hiking -> real,0.5469,swimming -> bench,59,64,0.017,0.289,0.18,60,90,11,0.0,0.16,7.8,hiking,0.9,3,1.48,2.15,0.837,"hiking 83%, camping 3%","hiking 59%, <long> 29%",0.6675,0.207,0.96
r8_0644_leaf_arrangement,"Name a type of leaf arrangement. Reply with only the name, nothing else.",0.6361,alternate -> real,0.6361,alternate -> real,0.5534,alternate -> real,60,68,0.0,0.244,0.147,60,90,30,0.0,0.14,6.6,alternate,0.95,2,1.22,4.3,0.727,"alternate 78%, opposite 7%","alternate 51%, <long> 24%",0.66,0.228,0.933
r8_1318_drop,"Name a drop. Reply with only the name, nothing else.",0.6361,<long> -> bench,0.5389,drop -> real,0.5234,droplet -> bench,59,64,0.017,0.289,0.18,60,90,100,0.0,0.16,8.1,drop,0.1,19,18.66,73.83,0.146,"drop 17%, validated-aws-models 2%","<long> 29%, drop 9%",0.6111,0.614,0.539
r8_0730_chinese_zodiac_animal,"Name a chinese zodiac animal. Reply with only the name, nothing else.",0.6361,dragon -> real,0.6361,dragon -> real,0.5774,dragon -> real,60,70,0.0,0.222,0.133,60,90,18,0.0,0.127,6.2,dragon,0.6,3,2.55,4.98,0.6,"dragon 68%, rat 8%","dragon 41%, <long> 22%",0.6278,0.267,0.745
r8_1899_wheelie,"Name a wheelie. Reply with only the name, nothing else.",0.6361,<long> -> bench,0.5167,wheelie -> real,0.5155,wheelie -> bench,59,64,0.017,0.289,0.18,60,90,95,0.0,0.16,8.4,wheelie,0.2,16,14.14,57.68,0.22,"wheelie 20%, opensesame 2%","<long> 29%, wheelie 17%",0.6058,0.611,0.75
r8_0693_cryptid,"Name a cryptid. Reply with only the name, nothing else.",0.6361,chupacabra -> real,0.6361,chupacabra -> real,0.6211,chupacabra -> real,60,77,0.0,0.144,0.087,60,90,49,0.0,0.08,7.0,chupacabra,0.6,4,2.97,18.57,0.314,"chupacabra 45%, abominable snowman 10%","chupacabra 18%, <long> 14%",0.6253,0.278,0.876
r8_0700_credit_card,"Name a credit card. Reply with only the name, nothing else.",0.6361,<long> -> bench,0.5917,chase sapphire preferred -> real,0.6267,visa -> bench,47,46,0.217,0.489,0.38,60,90,9,0.0,0.26,12.7,chase sapphire preferred,0.45,8,4.98,2.3,0.785,"visa 52%, <long> 22%","<long> 49%, visa 47%",0.6167,0.174,1.175
r8_1716_cell_type,"Name a cell type. Reply with only the name, nothing else.",0.6361,<long> -> bench,0.6028,neuron -> real,0.5375,neuron -> real,59,64,0.017,0.289,0.18,60,90,43,0.0,0.153,8.0,neuron,1.0,1,1.0,10.83,0.52,"neuron 55%, glial 5%","neuron 34%, <long> 29%",0.6347,0.377,0.576
r8_1678_folk_tale,"Name a folk tale. Reply with only the name, nothing else.",0.6361,<long> -> bench,0.55,rumpelstiltskin -> real,0.5903,cinderella -> bench,57,61,0.05,0.322,0.213,60,90,45,0.0,0.147,9.6,cinderella,0.5,7,4.67,16.98,0.339,"cinderella 23%, rumpelstiltskin 17%","<long> 32%, cinderella 29%",0.5992,0.244,1.049
r8_0261_wave,"Name a wave. Reply with only the name, nothing else.",0.6361,<long> -> bench,0.5333,swell -> real,0.5469,water -> bench,59,64,0.017,0.289,0.18,60,90,88,0.0,0.167,7.8,sound,0.5,7,4.47,69.09,0.081,"sine 8%, swell 7%","<long> 29%, water 7%",0.6022,0.56,0.691
r8_1670_harpy,"Name a harpy. Reply with only the name, nothing else.",0.6361,<long> -> bench,0.5167,alcyone -> real,0.5299,medusa -> bench,59,64,0.017,0.289,0.18,60,90,100,0.0,0.167,8.5,harpyie,0.1,19,18.66,84.31,0.065,"harpyie 5%, alecto 3%","<long> 29%, medusa 7%",0.5897,0.466,0.746
r8_0466_pottery,"Name a type of pottery. Reply with only the name, nothing else.",0.6361,<long> -> bench,0.5944,stoneware -> real,0.5809,stoneware -> real,59,64,0.017,0.289,0.18,60,90,50,0.0,0.167,8.8,stoneware,0.55,9,4.99,22.82,0.187,"stoneware 27%, pottery 12%","<long> 29%, pottery 16%",0.6225,0.415,0.989
r8_0549_invention,"Name an invention. Reply with only the name, nothing else.",0.6361,<long> -> bench,0.575,lightbulb -> real,0.5438,lightbulb -> real,59,64,0.017,0.289,0.18,60,90,59,0.0,0.167,8.6,lightbulb,0.55,6,3.78,24.0,0.276,"lightbulb 32%, telephone 17%","<long> 29%, lightbulb 17%",0.6389,0.463,0.904
r8_1859_ball_sport_position,"Name a ball sport position. Reply with only the name, nothing else.",0.6361,point guard -> real,0.6361,point guard -> real,0.6181,point guard -> real,60,68,0.0,0.244,0.147,60,90,32,0.0,0.14,6.9,point guard,0.6,8,4.2,14.61,0.258,"point guard 38%, center 13%","<long> 24%, guard 20%",0.5922,0.319,0.977
r8s_0873_wind_type,"Suggest a wind type. Reply with only the name, nothing else.",0.6361,<long> -> bench,0.575,bora -> bench,0.6087,bora -> bench,59,64,0.017,0.289,0.18,60,90,87,0.0,0.153,8.2,breeze,0.4,7,4.75,63.0,0.13,"trade 5%, breeze 3%","<long> 29%, bora 17%",0.6522,0.507,0.926
r8_1770_grind,"Name a grind. Reply with only the name, nothing else.",0.6361,<long> -> bench,0.5194,grind -> real,0.5111,grind -> real,59,64,0.017,0.289,0.18,60,90,115,0.0,0.16,8.4,grind,0.25,16,13.37,103.56,0.073,"grind 8%, lionel atav 2%","<long> 29%, grind 4%",0.6,0.668,0.642
r8_1358_plant_growth_habit,"Name a plant growth habit. Reply with only the name, nothing else.",0.6361,<long> -> bench,0.6333,rosette -> real,0.6226,rosette -> real,59,64,0.017,0.289,0.18,60,90,47,0.0,0.147,8.3,climber,0.65,7,3.52,20.7,0.211,"rosette 33%, climber 18%","<long> 29%, climber 13%",0.6067,0.423,0.918
r8_0546_puzzle,"Name a puzzle. Reply with only the name, nothing else.",0.6361,<long> -> bench,0.5583,rubiks cube -> real,0.5575,sudoku -> bench,57,61,0.05,0.322,0.213,60,90,65,0.0,0.18,9.5,sudoku,0.8,3,1.85,26.36,0.305,"sudoku 23%, rubiks cube 15%","<long> 32%, sudoku 24%",0.61,0.31,1.049
r8_0523_skin_care_product,"Name a skin care product. Reply with only the name, nothing else.",0.6361,cerave -> real,0.6361,cerave -> real,0.6099,cerave -> real,59,72,0.017,0.2,0.127,60,90,28,0.0,0.107,8.5,cerave moisturizing cream,0.45,7,4.91,7.61,0.405,"cerave 52%, cerave moisturizing cream 18%","cerave moisturizing cream 27%, cerave 24%",0.6344,0.254,1.119
r8s_0707_cave_formation,"Suggest a type of cave formation. Reply with only the name, nothing else.",0.6361,<long> -> bench,0.5556,stalactite -> real,0.5392,stalactite -> real,59,64,0.017,0.289,0.18,60,90,60,0.0,0.16,8.8,stalactite,0.6,3,2.28,34.19,0.163,"stalactite 20%, cave 13%","<long> 29%, stalactite 9%",0.6183,0.323,0.927
r8_0597_asian_country,"Name an asian country. Reply with only the name, nothing else.",0.6361,japan -> real,0.6361,japan -> real,0.5681,japan -> real,60,72,0.0,0.2,0.12,60,90,12,0.0,0.12,5.7,japan,0.9,2,1.38,2.72,0.742,"japan 82%, china 10%","japan 54%, <long> 20%",0.6761,0.213,0.792
r8_1365_wedding,"Name a type of wedding. Reply with only the name, nothing else.",0.6361,<long> -> bench,0.5667,destination -> real,0.5678,destination -> real,59,64,0.017,0.289,0.18,60,90,47,0.0,0.173,8.1,beach wedding,0.2,11,9.74,28.57,0.114,"destination 13%, traditional 10%","<long> 29%, cultural 10%",0.6006,0.368,1.021
r8_1354_plastic_product,"Name a plastic product. Reply with only the name, nothing else.",0.6361,<long> -> bench,0.5361,bottle -> real,0.5695,polyethylene -> bench,59,64,0.017,0.289,0.18,60,90,39,0.0,0.16,8.4,water bottle,0.55,8,4.66,17.69,0.293,"polyethylene 22%, water bottle 12%","<long> 29%, polyethylene 26%",0.6058,0.298,1.061
r8_1376_washing_machine,"Name a washing machine. Reply with only the name, nothing else.",0.6361,<long> -> bench,0.5667,samsung -> real,0.5456,lg -> bench,59,64,0.017,0.289,0.18,60,90,38,0.0,0.147,7.6,samsung,0.6,4,2.63,11.73,0.431,"samsung 43%, whirlpool 10%","samsung 30%, <long> 29%",0.5956,0.267,0.941
r8_1032_swimming_stroke,"Name a swimming stroke. Reply with only the name, nothing else.",0.6361,freestyle -> real,0.6361,freestyle -> real,0.5427,freestyle -> real,60,67,0.0,0.256,0.153,60,90,15,0.0,0.153,7.5,freestyle,1.0,1,1.0,2.83,0.772,"freestyle 82%, crawl 5%","freestyle 54%, <long> 26%",0.6806,0.144,0.867
r8_1012_form_of_heat,"Name a form of heat. Reply with only the name, nothing else.",0.6361,<long> -> bench,0.5806,conduction -> real,0.5515,convection -> real,59,64,0.017,0.289,0.18,60,90,34,0.0,0.173,8.1,conduction,0.75,3,2.08,11.46,0.431,"conduction 45%, convection 12%","<long> 29%, conduction 29%",0.6108,0.348,0.873
r8s_0168_sports_equipment,"Suggest a type of sports equipment. Reply with only the name, nothing else.",0.6361,<long> -> bench,0.5806,yoga mat -> real,0.5776,yoga mat -> real,59,64,0.017,0.289,0.18,60,90,30,0.0,0.167,9.0,tennis racket,0.45,6,4.46,10.12,0.39,"tennis racket 32%, basketball 20%","tennis racket 32%, <long> 29%",0.5967,0.239,0.984
r8_1038_gum,"Name a gum. Reply with only the name, nothing else.",0.6361,<long> -> bench,0.5417,gum arabic -> bench,0.5618,gum arabic -> bench,59,64,0.017,0.289,0.18,60,90,72,0.0,0.153,8.3,spearmint,0.25,13,10.86,42.58,0.171,"gum 12%, bubble 7%","<long> 29%, gum 16%",0.6219,0.518,0.846
r8_1539_sports_team,"Name a sports team. Reply with only the name, nothing else.",0.6361,<long> -> bench,0.5278,angeles lakers -> real,0.5215,lakers -> bench,59,64,0.017,0.289,0.18,60,90,38,0.0,0.16,8.4,new york yankees,0.4,7,5.07,15.57,0.285,"angeles lakers 27%, manchester united 12%","<long> 29%, angeles lakers 21%",0.5931,0.286,0.914
r8_0193_craft,"Name a craft. Reply with only the name, nothing else.",0.6361,pottery -> real,0.6361,pottery -> real,0.6243,pottery -> real,60,69,0.0,0.233,0.14,60,90,86,0.0,0.127,7.1,pottery,0.75,4,2.23,49.64,0.217,"pottery 35%, blacksmithing 5%","<long> 23%, pottery 8%",0.6097,0.529,0.852
r8_1494_pipette,"Name a pipette. Reply with only the name, nothing else.",0.6361,<long> -> bench,0.5667,micropipette -> real,0.6086,pipette -> bench,59,64,0.017,0.289,0.18,60,90,35,0.0,0.16,9.0,micropipette,0.45,5,3.77,11.57,0.333,"micropipette 27%, pipette 22%","pipette 31%, <long> 29%",0.6381,0.203,0.834
r8s_1719_us_state,"Suggest a type of us state. Reply with only the name, nothing else.",0.6361,<long> -> bench,0.525,federal republic -> real,0.5377,texas -> bench,59,64,0.017,0.289,0.18,60,90,83,0.0,0.153,7.9,texas,0.2,7,6.43,57.31,0.089,"united states 5%, california 5%","<long> 29%, california 9%",0.6256,0.571,0.443
r8_0182_polymer,"Name a polymer. Reply with only the name, nothing else.",0.6361,<long> -> bench,0.6083,polyethylene -> real,0.5294,polystyrene -> real,59,64,0.017,0.289,0.18,60,90,18,0.0,0.18,8.6,polyethylene,0.9,2,1.38,3.29,0.715,"polyethylene 72%, polystyrene 15%","polyethylene 50%, <long> 29%",0.6261,0.212,1.155
r8_0080_comet,"Name a comet. Reply with only the name, nothing else.",0.6333,halley -> real,0.6333,halley -> real,0.5641,halley -> real,59,68,0.017,0.244,0.153,60,90,24,0.0,0.147,7.7,halley,0.9,2,1.38,4.47,0.677,"halley 73%, hale-bopp 5%","halley 47%, <long> 24%",0.6147,0.19,0.762
r8s_0115_acid,"Suggest a type of acid. Reply with only the name, nothing else.",0.6333,<long> -> bench,0.5444,citric -> real,0.5549,hydrochloric acid -> bench,58,63,0.033,0.3,0.193,60,90,39,0.0,0.193,10.0,acetic acid,0.45,5,3.94,19.36,0.198,"sulfuric 20%, citric 13%","<long> 30%, sulfuric 13%",0.5956,0.21,0.926
r8_0086_shellfish,"Name a shellfish. Reply with only the name, nothing else.",0.6333,<long> -> bench,0.5444,clam -> real,0.5333,mussel -> real,60,66,0.0,0.267,0.16,60,90,20,0.0,0.153,7.6,clam,0.7,4,2.49,6.23,0.532,"clam 50%, oyster 13%","clam 41%, <long> 27%",0.6136,0.261,0.931
r8_0104_tv_show,"Name a tv show. Reply with only the name, nothing else.",0.6333,<long> -> bench,0.6028,breaking bad -> real,0.528,breaking bad -> real,60,66,0.0,0.267,0.16,60,90,25,0.0,0.153,7.8,breaking bad,0.75,5,2.45,5.06,0.587,"breaking bad 62%, stranger things 20%","breaking bad 41%, <long> 27%",0.6061,0.239,1.048
r8s_1853_photography_term,"Suggest a type of photography term. Reply with only the name, nothing else.",0.6333,<long> -> bench,0.5556,portrait -> real,0.5561,macro -> bench,60,66,0.0,0.267,0.16,60,90,57,0.0,0.153,7.8,bokeh,0.3,8,6.37,28.67,0.159,"long exposure 17%, portrait 13%","<long> 27%, macro 16%",0.605,0.359,0.832
r8_1034_ball_type,"Name a ball type. Reply with only the name, nothing else.",0.6333,<long> -> bench,0.5333,ping pong -> real,0.5379,ball -> bench,60,66,0.0,0.267,0.16,60,90,74,0.0,0.147,7.7,basketball,0.4,8,5.43,43.78,0.151,"soccer 15%, basketball 12%","<long> 27%, soccer 11%",0.5908,0.428,0.918
r8_0965_garden_implement,"Name a type of garden implement. Reply with only the name, nothing else.",0.6333,<long> -> bench,0.5972,trowel -> real,0.5924,hoe -> real,60,66,0.0,0.267,0.16,60,90,27,0.0,0.133,7.7,trowel,0.4,4,3.4,9.84,0.294,"trowel 25%, rake 22%","rake 27%, <long> 27%",0.6122,0.296,0.955
r8_0162_beer,"Name a beer. Reply with only the name, nothing else.",0.6333,<long> -> bench,0.5806,stella artois -> real,0.5925,guinness -> bench,58,63,0.033,0.3,0.193,60,90,36,0.0,0.173,9.4,stella artois,0.4,7,4.94,14.86,0.273,"stella artois 32%, sierra nevada 10%","<long> 30%, guinness 18%",0.6006,0.309,0.941
r8_0947_theater_term,"Name a theater term. Reply with only the name, nothing else.",0.6333,<long> -> bench,0.5667,curtain call -> real,0.5583,blackout -> bench,60,66,0.0,0.267,0.16,60,90,62,0.0,0.147,7.8,curtain call,0.15,15,13.78,34.13,0.143,"curtain call 20%, blackout 5%","<long> 27%, blackout 12%",0.6103,0.408,1.042
r8s_0197_vegetable,"Suggest a type of vegetable. Reply with only the name, nothing else.",0.6333,brussels sprouts -> real,0.6333,brussels sprouts -> real,0.6183,brussels sprouts -> real,59,66,0.017,0.267,0.167,60,90,18,0.0,0.153,8.2,broccoli,0.55,2,1.99,7.16,0.312,"brussels sprouts 37%, broccoli 25%","broccoli 27%, <long> 27%",0.6053,0.267,0.875
r8_0150_coat,"Name a coat. Reply with only the name, nothing else.",0.6333,<long> -> bench,0.5361,trench -> real,0.5606,coat -> bench,60,66,0.0,0.267,0.16,60,90,42,0.0,0.153,7.7,trench,0.6,5,3.18,15.09,0.286,"trench 28%, coat 17%","<long> 27%, coat 21%",0.6142,0.402,0.796
r8_1003_jacket_style,"Name a jacket style. Reply with only the name, nothing else.",0.6333,<long> -> bench,0.5667,bomber -> real,0.5333,bomber jacket -> real,60,66,0.0,0.267,0.16,60,90,30,0.0,0.16,7.9,bomber,0.8,3,1.85,8.82,0.5,"bomber 50%, trench 10%","bomber 37%, <long> 27%",0.6189,0.247,0.983
r8s_0214_nut_butter,"Suggest a type of nut butter. Reply with only the name, nothing else.",0.6333,<long> -> bench,0.5861,almond -> real,0.5235,almond -> real,60,66,0.0,0.267,0.16,60,90,27,0.0,0.14,7.8,almond butter,0.75,4,2.23,7.16,0.492,"almond 52%, almond butter 15%","almond 34%, <long> 27%",0.6417,0.29,0.851
r8s_0161_cereal,"Suggest a type of cereal. Reply with only the name, nothing else.",0.6333,<long> -> bench,0.5389,corn flakes -> real,0.5673,oatmeal -> bench,58,63,0.033,0.3,0.193,60,90,53,0.0,0.167,9.0,corn flakes,0.3,12,8.85,27.11,0.174,"corn flakes 13%, granola 12%","<long> 30%, oatmeal 17%",0.6103,0.286,1.035
r8_0090_extinct_animal,"Name an extinct animal. Reply with only the name, nothing else.",0.6333,<long> -> bench,0.5833,dodo -> real,0.5598,tyrannosaurus rex -> real,60,66,0.0,0.267,0.16,60,90,16,0.0,0.147,8.2,dodo,0.7,5,2.74,4.85,0.595,"dodo 60%, tyrannosaurus rex 15%","dodo 43%, <long> 27%",0.6492,0.091,1.027
r8_0215_soap,"Name a soap. Reply with only the name, nothing else.",0.6333,<long> -> bench,0.5889,dove -> real,0.5547,dove -> real,58,63,0.033,0.3,0.193,60,90,54,0.0,0.173,8.5,dove,0.75,6,2.62,20.4,0.322,"dove 37%, soap 13%","<long> 30%, dove 19%",0.6169,0.338,0.661
r8_1640_fan_type,"Name a fan type. Reply with only the name, nothing else.",0.6333,<long> -> bench,0.5306,axial -> bench,0.5629,axial -> bench,60,66,0.0,0.267,0.16,60,90,70,0.0,0.133,7.5,axial,0.55,8,4.66,35.47,0.183,"centrifugal 12%, axial 12%","<long> 27%, axial 18%",0.6019,0.402,0.759
r8s_1314_pancake,"Suggest a type of pancake. Reply with only the name, nothing else.",0.6333,<long> -> bench,0.5389,blueberry pancakes -> real,0.5727,blueberry -> bench,60,66,0.0,0.267,0.16,60,90,42,0.0,0.147,8.0,blueberry pancakes,0.35,8,5.74,12.13,0.476,"blueberry 40%, blueberry pancakes 10%","blueberry 40%, <long> 27%",0.6008,0.295,0.988
r8_0276_snow,"Name a snow. Reply with only the name, nothing else.",0.6333,<long> -> bench,0.5222,snowball -> real,0.5333,snow -> bench,60,66,0.0,0.267,0.16,60,90,61,0.0,0.14,7.2,snow,0.25,8,5.98,24.92,0.302,"snow 27%, snowflake 10%","<long> 27%, snow 24%",0.6094,0.377,0.68
r8_0281_geyser,"Name a geyser. Reply with only the name, nothing else.",0.6333,<long> -> bench,0.5333,yellowstone -> bench,0.5735,old faithful -> bench,60,66,0.0,0.267,0.16,60,90,55,0.0,0.14,8.2,old faithful,0.85,4,1.8,15.61,0.46,"old faithful 38%, geyser 5%","old faithful 39%, <long> 27%",0.5969,0.224,0.632
r8s_1467_toothpaste_flavor,"Suggest a type of toothpaste flavor. Reply with only the name, nothing else.",0.6333,<long> -> bench,0.5556,mint -> real,0.553,peppermint -> bench,60,66,0.0,0.267,0.16,60,90,29,0.0,0.147,8.0,peppermint,0.45,6,4.22,8.46,0.397,"mint 40%, peppermint 17%","mint 29%, <long> 27%",0.6058,0.351,1.011
r8_0229_dumpling,"Name a type of dumpling. Reply with only the name, nothing else.",0.6333,gyoza -> real,0.6333,gyoza -> real,0.6021,gyoza -> real,59,69,0.017,0.233,0.147,60,90,32,0.0,0.113,7.6,gyoza,0.6,6,3.56,8.57,0.398,"gyoza 50%, jiaozi 23%","gyoza 23%, <long> 23%",0.6522,0.266,0.951
r8_1620_unicorn,"Name an unicorn. Reply with only the name, nothing else.",0.6333,<long> -> bench,0.525,rainbow -> real,0.5227,baby -> bench,60,66,0.0,0.267,0.16,60,90,87,0.0,0.147,7.7,rainbow,0.2,16,14.14,59.6,0.143,"rainbow 15%, unicorn 5%","<long> 27%, rainbow 10%",0.5889,0.439,0.748
r8_0911_reptile_pet,"Name a reptile pet. Reply with only the name, nothing else.",0.6333,bearded dragon -> real,0.6333,bearded dragon -> real,0.5758,bearded dragon -> real,59,67,0.017,0.256,0.16,60,90,37,0.0,0.127,7.6,bearded dragon,0.85,3,1.68,7.56,0.563,"bearded dragon 63%, gecko 13%","bearded dragon 37%, <long> 26%",0.6383,0.218,0.791
r8_0879_cereal,"Name a cereal. Reply with only the name, nothing else.",0.6333,<long> -> bench,0.625,corn flakes -> real,0.6129,corn flakes -> real,60,66,0.0,0.267,0.16,60,90,36,0.0,0.153,8.5,corn flakes,0.4,6,4.43,19.35,0.198,"corn flakes 32%, frosted flakes 13%","<long> 27%, oats 11%",0.6486,0.208,1.009
r8_0231_liquor,"Name a liquor. Reply with only the name, nothing else.",0.6333,<long> -> bench,0.5806,whiskey -> real,0.5705,whiskey -> real,60,66,0.0,0.267,0.16,60,90,29,0.0,0.153,7.8,vodka,0.55,4,3.03,10.97,0.31,"vodka 28%, whiskey 22%","<long> 27%, vodka 24%",0.5986,0.279,0.944
r8_0225_painting_style,"Name a painting style. Reply with only the name, nothing else.",0.6333,impressionism -> real,0.6333,impressionism -> real,0.5333,impressionism -> real,60,70,0.0,0.222,0.133,60,90,9,0.0,0.133,7.7,impressionism,1.0,1,1.0,1.47,0.931,"impressionism 97%, chiaroscuro 2%","impressionism 70%, <long> 22%",0.5992,0.092,1.034
r8s_0595_burger_topping,"Suggest a type of burger topping. Reply with only the name, nothing else.",0.6333,<long> -> bench,0.55,bacon -> real,0.5515,mushrooms -> bench,60,66,0.0,0.267,0.16,60,90,38,0.0,0.16,8.2,bacon,0.5,7,4.23,15.19,0.286,"bacon 30%, swiss 13%","<long> 27%, bacon 20%",0.5956,0.298,0.929
r8s_0670_song_genre,"Suggest a song genre. Reply with only the name, nothing else.",0.6333,<long> -> bench,0.5278,rock -> bench,0.5644,jazz -> bench,60,66,0.0,0.267,0.16,60,90,37,0.0,0.16,7.6,jazz,0.9,2,1.38,10.45,0.484,"jazz 42%, electronic 8%","jazz 40%, <long> 27%",0.6086,0.323,0.892
r8_0591_tissue,"Name a tissue. Reply with only the name, nothing else.",0.6333,<long> -> bench,0.6333,kleenex -> real,0.603,kleenex -> real,60,66,0.0,0.267,0.16,60,90,41,0.0,0.147,7.6,epithelial,0.45,3,2.91,14.63,0.325,"kleenex 43%, skin 8%","<long> 27%, skin 21%",0.6239,0.264,0.791
r8s_0680_bookmark,"Suggest a type of bookmark. Reply with only the name, nothing else.",0.6333,<long> -> bench,0.525,reading -> real,0.525,reading -> real,60,66,0.0,0.267,0.16,60,90,99,0.0,0.153,7.9,magnetic bookmark,0.2,15,12.85,84.26,0.056,"pocket 7%, reading 5%","<long> 27%, magnetic bookmark 4%",0.5911,0.614,0.645
r8_1235_prehistoric_mammal,"Name a prehistoric mammal. Reply with only the name, nothing else.",0.6333,<long> -> bench,0.5361,smilodon -> real,0.5341,smilodon -> real,60,66,0.0,0.267,0.16,60,90,59,0.0,0.147,9.0,basilosaurus,0.2,15,12.85,32.78,0.111,"mastodon 12%, morganucodon 10%","<long> 27%, morganucodon 9%",0.5928,0.294,0.879
r8_1812_limnodyte,"Name a limnodyte. Reply with only the name, nothing else.",0.6333,<long> -> bench,0.5306,limnodytes -> real,0.5296,limnodytes -> real,52,54,0.133,0.4,0.293,60,90,81,0.0,0.267,12.2,limnodytes,0.15,17,15.83,52.28,0.189,"limnodyte 17%, <long> 13%","<long> 40%, limnodyte 11%",0.6158,0.545,0.733
r8_1871_frame,"Name a frame. Reply with only the name, nothing else.",0.6333,<long> -> bench,0.5167,common -> bench,0.5238,common -> bench,58,63,0.033,0.3,0.193,60,90,100,0.0,0.167,8.6,frame,0.55,10,5.35,72.48,0.157,"frame 13%, <long> 3%","<long> 30%, frame 12%",0.6289,0.596,0.541
r8_0539_volcano,"Name a volcano. Reply with only the name, nothing else.",0.6333,<long> -> bench,0.5722,kilauea -> real,0.5364,mount fuji -> real,60,66,0.0,0.267,0.16,60,90,44,0.0,0.153,8.9,kilauea,0.45,7,4.35,16.97,0.333,"kilauea 37%, mount fuji 13%","<long> 27%, kilauea 22%",0.5958,0.223,0.878
r8s_0642_liqueur,"Suggest a type of liqueur. Reply with only the name, nothing else.",0.6333,<long> -> bench,0.5306,amaretto -> real,0.5295,hennessy -> bench,60,66,0.0,0.267,0.16,60,90,75,0.0,0.147,8.4,amaretto,0.45,12,7.44,42.92,0.214,"amaretto 22%, amontillado 5%","<long> 27%, amaretto 16%",0.6181,0.493,0.881
r8_1800_music_scale_mode,"Name a music scale mode. Reply with only the name, nothing else.",0.6333,<long> -> bench,0.5417,phrygian -> real,0.5727,dorian -> bench,60,66,0.0,0.267,0.16,60,90,26,0.0,0.147,8.1,dorian,0.6,6,3.56,7.72,0.476,"dorian 40%, phrygian 15%","dorian 40%, <long> 27%",0.5928,0.237,0.864
r8_1333_outdoor_adventure,"Name a type of outdoor adventure. Reply with only the name, nothing else.",0.6333,<long> -> bench,0.5861,kayaking -> real,0.572,kayaking -> real,60,66,0.0,0.267,0.16,60,90,19,0.0,0.147,7.7,hiking,0.75,3,2.08,5.03,0.571,"hiking 50%, kayaking 25%","hiking 47%, <long> 27%",0.6042,0.195,1.086
r8_0552_water_sport,"Name a water sport. Reply with only the name, nothing else.",0.6333,<long> -> bench,0.6306,surfing -> real,0.5538,surfing -> real,60,66,0.0,0.267,0.16,60,90,20,0.0,0.153,8.3,surfing,0.6,3,2.28,4.68,0.627,"surfing 68%, swimming 12%","surfing 42%, <long> 27%",0.6,0.239,1.064
r8_1171_us_president,"Name an us president. Reply with only the name, nothing else.",0.6333,<long> -> bench,0.5611,abraham lincoln -> real,0.6015,george washington -> bench,60,66,0.0,0.267,0.16,60,90,18,0.0,0.12,7.3,george washington,0.5,6,3.69,4.95,0.54,"george washington 43%, abraham lincoln 20%","george washington 47%, <long> 27%",0.5933,0.281,0.879
r8_1997_battlefield,"Name a battlefield. Reply with only the name, nothing else.",0.6333,<long> -> bench,0.5417,stalingrad -> real,0.5636,gettysburg -> bench,60,66,0.0,0.267,0.16,60,90,65,0.0,0.133,8.5,gettysburg,0.7,5,2.74,23.95,0.333,"gettysburg 27%, stalingrad 15%","gettysburg 29%, <long> 27%",0.5975,0.352,0.748
r8_0856_carpet,"Name a carpet. Reply with only the name, nothing else.",0.6333,<long> -> bench,0.5861,persian -> real,0.5432,rug -> bench,60,66,0.0,0.267,0.16,60,90,37,0.0,0.153,7.7,persian,0.7,6,2.94,9.8,0.492,"persian 52%, carpet 7%","persian 34%, <long> 27%",0.5847,0.424,0.886
r8_0868_road_feature,"Name a type of road feature. Reply with only the name, nothing else.",0.6333,<long> -> bench,0.5583,roundabout -> real,0.5795,intersection -> bench,60,66,0.0,0.267,0.16,60,90,44,0.0,0.133,7.1,speed bump,0.5,5,3.59,19.19,0.214,"roundabout 25%, crosswalk 12%","<long> 27%, intersection 18%",0.5911,0.374,0.924
r8_0895_defensive_structure,"Name a type of defensive structure. Reply with only the name, nothing else.",0.6333,<long> -> bench,0.5444,bastion -> real,0.5364,fortress -> bench,60,66,0.0,0.267,0.16,60,90,51,0.0,0.153,7.7,wall,0.65,5,2.99,25.49,0.198,"wall 22%, bastion 17%","<long> 27%, wall 13%",0.6169,0.43,0.869
r8_1177_organic_compound,"Name an organic compound. Reply with only the name, nothing else.",0.6333,<long> -> bench,0.6,ethanol -> real,0.5795,glucose -> real,60,66,0.0,0.267,0.16,60,90,21,0.0,0.147,7.6,ethanol,0.8,3,1.85,6.28,0.492,"ethanol 53%, glucose 25%","ethanol 33%, <long> 27%",0.6264,0.278,0.973
r8_1157_philosophical_concept,"Name a philosophical concept. Reply with only the name, nothing else.",0.6333,<long> -> bench,0.5694,existentialism -> bench,0.6402,existentialism -> bench,60,66,0.0,0.267,0.16,60,90,57,0.0,0.147,8.4,existentialism,0.6,6,3.41,19.52,0.397,"existentialism 25%, stoicism 13%","existentialism 39%, <long> 27%",0.5919,0.419,1.016
r8_1649_occupation_in_the_art,"Name an occupation in the art. Reply with only the name, nothing else.",0.6333,<long> -> bench,0.5528,painter -> bench,0.5871,painter -> bench,60,66,0.0,0.267,0.16,60,90,53,0.0,0.16,7.7,painter,0.4,7,4.94,29.1,0.175,"painter 8%, sculptor 8%","<long> 27%, painter 19%",0.5878,0.387,1.037
r8_1682_legume,"Name a legume. Reply with only the name, nothing else.",0.6333,<long> -> bench,0.6083,bean -> real,0.578,pea -> bench,60,66,0.0,0.267,0.16,60,90,27,0.0,0.14,7.4,bean,0.45,6,3.77,8.48,0.421,"bean 48%, pea 12%","<long> 27%, bean 27%",0.6203,0.28,0.847
r8s_1222_marine_creature,"Suggest a type of marine creature. Reply with only the name, nothing else.",0.6333,<long> -> bench,0.5833,octopus -> real,0.5826,jellyfish -> bench,60,66,0.0,0.267,0.16,60,90,31,0.0,0.153,8.2,jellyfish,0.55,4,3.03,9.96,0.437,"jellyfish 35%, octopus 20%","jellyfish 38%, <long> 27%",0.62,0.371,0.898
r8_0294_tea_type,"Name a tea type. Reply with only the name, nothing else.",0.6333,earl grey -> real,0.6333,earl grey -> real,0.5933,earl grey -> real,60,75,0.0,0.167,0.1,60,90,18,0.0,0.087,6.4,earl grey,0.4,4,3.34,5.43,0.563,"earl grey 67%, darjeeling 10%","earl grey 40%, <long> 17%",0.6011,0.192,0.71
r8_0328_philosopher,"Name a philosopher. Reply with only the name, nothing else.",0.6333,socrates -> real,0.6333,socrates -> real,0.6167,socrates -> real,60,75,0.0,0.167,0.1,60,90,26,0.0,0.087,6.3,socrates,0.55,4,2.71,9.51,0.304,"socrates 43%, plato 20%","plato 24%, socrates 17%",0.6231,0.269,0.741
r8_0357_sculptor,"Name a sculptor. Reply with only the name, nothing else.",0.6333,<long> -> bench,0.5778,michelangelo -> real,0.5515,michelangelo -> bench,60,66,0.0,0.267,0.16,60,90,12,0.0,0.16,7.7,michelangelo,0.95,2,1.22,1.58,0.921,"michelangelo 87%, m нер 2%","michelangelo 71%, <long> 27%",0.6336,0.172,1.083
r8_0042_aircraft,"Name an aircraft. Reply with only the name, nothing else.",0.6333,<long> -> bench,0.5556,boeing 747 -> real,0.5318,boeing 737 -> real,60,66,0.0,0.267,0.16,60,90,27,0.0,0.147,10.4,boeing 737,0.3,10,6.83,6.13,0.556,"boeing 747 53%, boeing 737 20%","boeing 747 42%, <long> 27%",0.6189,0.229,1.155
r8_0202_facial_expression,"Name a facial expression. Reply with only the name, nothing else.",0.6333,<long> -> bench,0.5944,smile -> real,0.5371,happy -> bench,60,66,0.0,0.267,0.16,60,90,20,0.0,0.147,7.5,smile,1.0,1,1.0,5.6,0.579,"smile 60%, surprise 10%","smile 41%, <long> 27%",0.6056,0.35,0.606
r8s_1338_teaching_method,"Suggest a type of teaching method. Reply with only the name, nothing else.",0.6333,<long> -> bench,0.5417,flipped classroom -> real,0.539,problem-based learning -> bench,58,63,0.033,0.3,0.193,60,90,39,0.0,0.187,9.2,flipped classroom,0.75,3,1.99,12.82,0.413,"flipped classroom 38%, project-based learning 8%","<long> 30%, flipped classroom 30%",0.6125,0.234,0.911
r8_0307_light_bulb_type,"Name a light bulb type. Reply with only the name, nothing else.",0.6333,<long> -> bench,0.5444,incandescent -> real,0.5303,incandescent -> bench,60,66,0.0,0.267,0.16,60,90,28,0.0,0.153,8.0,led,0.5,3,2.35,5.71,0.532,"incandescent 50%, led 25%","incandescent 41%, <long> 27%",0.5975,0.211,1.035
r8_1704_crayon_color,"Name a crayon color. Reply with only the name, nothing else.",0.6333,<long> -> bench,0.5833,red -> bench,0.6258,red -> bench,60,66,0.0,0.267,0.16,60,90,55,0.0,0.147,7.6,red,0.7,4,2.49,25.09,0.198,"blue 15%, crimson 12%","<long> 27%, red 23%",0.6197,0.377,0.827
r8_1856_beer_brand,"Name a beer brand. Reply with only the name, nothing else.",0.6333,<long> -> bench,0.5583,heineken -> real,0.5455,guinness -> bench,60,66,0.0,0.267,0.16,60,90,33,0.0,0.147,8.6,heineken,0.45,9,5.89,11.86,0.333,"heineken 35%, budweiser 12%","<long> 27%, heineken 23%",0.5994,0.297,0.694
r8_1882_weld,"Name a weld. Reply with only the name, nothing else.",0.6333,<long> -> bench,0.5139,tungsten -> real,0.5326,tig -> bench,60,66,0.0,0.267,0.16,60,90,75,0.0,0.147,7.7,tig,0.25,13,10.58,42.29,0.151,"tig 12%, tungsten 8%","<long> 27%, tig 13%",0.6114,0.541,0.814
r8_0696_carnival_game,"Name a carnival game. Reply with only the name, nothing else.",0.6333,<long> -> bench,0.5417,ring toss -> real,0.5432,ring toss -> bench,60,66,0.0,0.267,0.16,60,90,43,0.0,0.127,7.9,ring toss,0.55,9,4.99,8.54,0.595,"ring toss 55%, whac-a-mole 5%","ring toss 47%, <long> 27%",0.5986,0.285,1.021
r8_1361_video_game,"Name a video game. Reply with only the name, nothing else.",0.6333,<long> -> bench,0.5528,elden ring -> real,0.5386,elden ring -> real,60,66,0.0,0.267,0.16,60,90,44,0.0,0.133,8.9,elden ring,0.45,4,3.62,21.23,0.151,"elden ring 18%, super mario bros 15%","<long> 27%, super mario bros 11%",0.6036,0.258,0.96
r8_0684_calendar_month,"Name a calendar month. Reply with only the name, nothing else.",0.6333,january -> real,0.6333,january -> real,0.5743,january -> real,59,68,0.017,0.244,0.153,60,90,13,0.0,0.153,6.6,january,0.8,4,2.03,4.69,0.598,"january 67%, february 8%","january 40%, <long> 24%",0.5994,0.221,0.908
r8s_0537_cooking_fat,"Suggest a type of cooking fat. Reply with only the name, nothing else.",0.6333,<long> -> bench,0.5833,olive oil -> real,0.547,butter -> real,60,66,0.0,0.267,0.16,60,90,20,0.0,0.16,8.3,olive oil,0.7,3,2.11,5.0,0.595,"olive oil 60%, butter 20%","olive oil 43%, <long> 27%",0.6286,0.245,1.07
r8_1839_ghoul,"Name a ghoul. Reply with only the name, nothing else.",0.6333,<long> -> bench,0.5167,dakini -> real,0.5167,dakini -> real,60,66,0.0,0.267,0.16,60,90,119,0.0,0.14,7.9,tod,0.05,20,20.0,114.43,0.024,"dakini 3%, ghoul 3%","<long> 27%, spooky 2%",0.6353,0.659,1.019
r8_0473_knitting_stitch,"Name a knitting stitch. Reply with only the name, nothing else.",0.6333,<long> -> bench,0.6222,garter stitch -> real,0.6121,garter stitch -> real,60,66,0.0,0.267,0.16,60,90,21,0.0,0.16,8.1,garter stitch,0.7,7,3.15,7.66,0.405,"garter 42%, garter stitch 30%","garter 29%, <long> 27%",0.7278,0.259,1.102
r8_1761_gym_equipment,"Name a type of gym equipment. Reply with only the name, nothing else.",0.6333,<long> -> bench,0.5972,treadmill -> real,0.528,bench press -> bench,60,66,0.0,0.267,0.16,60,90,14,0.0,0.153,8.4,treadmill,0.8,4,2.03,4.28,0.595,"treadmill 62%, dumbbell 13%","treadmill 42%, <long> 27%",0.6128,0.174,1.032
r8_1795_wooden_product,"Name a wooden product. Reply with only the name, nothing else.",0.6333,<long> -> bench,0.5417,chair -> real,0.5341,table -> bench,60,66,0.0,0.267,0.16,60,90,42,0.0,0.153,7.3,table,0.45,5,3.51,15.83,0.286,"table 25%, chair 22%","<long> 27%, table 23%",0.6072,0.353,0.978
r8_1720_casino_game,"Name a casino game. Reply with only the name, nothing else.",0.6333,<long> -> bench,0.6111,blackjack -> real,0.5909,blackjack -> real,60,66,0.0,0.267,0.16,60,90,20,0.0,0.14,7.7,roulette,0.6,2,1.96,5.61,0.5,"roulette 45%, blackjack 33%","roulette 40%, <long> 27%",0.6333,0.196,1.005
r8_0485_film_genre,"Name a film genre. Reply with only the name, nothing else.",0.6333,<long> -> bench,0.5944,horror -> real,0.547,sci-fi -> real,60,66,0.0,0.267,0.16,60,90,18,0.0,0.153,7.5,horror,0.65,5,2.99,6.89,0.421,"horror 47%, sci-fi 20%","horror 28%, <long> 27%",0.6131,0.21,0.911
r8s_0940_blood_vessel,"Suggest a type of blood vessel. Reply with only the name, nothing else.",0.6333,<long> -> bench,0.5611,vein -> real,0.5591,vein -> real,60,66,0.0,0.267,0.16,60,90,14,0.0,0.153,7.9,artery,1.0,1,1.0,2.78,0.77,"artery 72%, vein 13%","artery 60%, <long> 27%",0.6372,0.218,0.933
r8s_0771_carrot,"Suggest a type of carrot. Reply with only the name, nothing else.",0.6333,<long> -> bench,0.5417,imperator -> real,0.558,nantes -> bench,58,63,0.033,0.3,0.193,60,90,70,0.0,0.153,8.3,nantes,0.45,8,5.26,41.69,0.198,"nantes 13%, imperator 8%","<long> 30%, nantes 18%",0.5989,0.382,0.875
r8s_0983_pear,"Suggest a type of pear. Reply with only the name, nothing else.",0.6333,<long> -> bench,0.5611,bosc -> real,0.553,bosc -> real,60,66,0.0,0.267,0.16,60,90,28,0.0,0.127,7.6,bartlett,0.85,4,1.8,6.55,0.556,"bartlett 53%, bosc 17%","bartlett 42%, <long> 27%",0.6447,0.267,0.829
r8_0464_yogurt,"Name a yogurt. Reply with only the name, nothing else.",0.6333,<long> -> bench,0.5806,chobani -> real,0.5705,chobani -> real,60,66,0.0,0.267,0.16,60,90,45,0.0,0.147,7.9,yoplait,0.6,6,3.56,13.28,0.389,"yoplait 42%, chobani 22%","<long> 27%, yoplait 27%",0.6242,0.217,0.976
r8_1986_button,"Name a button. Reply with only the name, nothing else.",0.6333,<long> -> bench,0.5639,submit -> real,0.5235,submit -> real,60,66,0.0,0.267,0.16,60,90,62,0.0,0.147,7.0,submit,0.85,4,1.8,23.75,0.325,"submit 35%, button 10%","<long> 27%, submit 22%",0.6075,0.532,0.492
r8_1913_dystopia,"Name a dystopia. Reply with only the name, nothing else.",0.6333,<long> -> bench,0.5611,1984 -> real,0.5227,1984 -> real,60,66,0.0,0.267,0.16,60,90,46,0.0,0.16,9.0,1984,0.7,3,2.11,11.72,0.325,"1984 33%, brave new world 33%","<long> 27%, brave new world 23%",0.61,0.288,0.848
r8s_0429_ecosystem,"Suggest a type of ecosystem. Reply with only the name, nothing else.",0.6333,<long> -> bench,0.5639,coral reef -> real,0.5598,coral reef -> real,60,66,0.0,0.267,0.16,60,90,77,0.0,0.14,8.1,rainforest,0.5,6,4.06,46.57,0.127,"coral reef 15%, rainforest 7%","<long> 27%, tropical rainforest 13%",0.5994,0.571,0.614
r8s_0413_ice_cream_topping,"Suggest a type of ice cream topping. Reply with only the name, nothing else.",0.6333,<long> -> bench,0.5333,sprinkles -> real,0.5439,cherry -> bench,60,66,0.0,0.267,0.16,60,90,42,0.0,0.153,8.3,chopped nuts,0.2,11,9.49,25.72,0.127,"sprinkles 13%, chocolate chips 10%","<long> 27%, chocolate chips 11%",0.5969,0.325,0.94
r8_1984_unit_of_time,"Name an unit of time. Reply with only the name, nothing else.",0.6333,<long> -> bench,0.5778,minute -> real,0.5576,minute -> real,60,66,0.0,0.267,0.16,60,90,17,0.0,0.153,6.9,second,0.75,4,2.23,5.43,0.476,"second 45%, minute 27%","second 37%, <long> 27%",0.6197,0.195,1.023
r8_1982_frosting,"Name a type of frosting. Reply with only the name, nothing else.",0.6333,<long> -> bench,0.6028,buttercream -> real,0.5462,buttercream -> real,60,66,0.0,0.267,0.16,60,90,23,0.0,0.153,8.3,buttercream,0.45,8,4.98,7.48,0.468,"buttercream 52%, whipped cream 15%","buttercream 31%, <long> 27%",0.6267,0.228,0.962
r8_1212_mean_of_communication,"Name a mean of communication. Reply with only the name, nothing else.",0.6333,<long> -> bench,0.6278,email -> real,0.5894,email -> real,60,66,0.0,0.267,0.16,60,90,56,0.0,0.153,6.9,email,0.9,3,1.48,19.87,0.373,"email 47%, phone 7%","<long> 27%, email 21%",0.6581,0.392,0.764
r8_1878_dam,"Name a dam. Reply with only the name, nothing else.",0.6333,hoover -> real,0.6333,hoover -> real,0.6238,hoover -> real,60,70,0.0,0.222,0.133,60,90,57,0.0,0.127,7.1,hoover dam,0.85,4,1.8,23.05,0.215,"hoover 33%, hoover dam 20%","<long> 22%, hoover dam 18%",0.6386,0.413,0.644
r8_1890_saddle,"Name a saddle. Reply with only the name, nothing else.",0.6333,<long> -> bench,0.5611,saddle -> bench,0.6136,saddle -> bench,60,66,0.0,0.267,0.16,60,90,80,0.0,0.16,7.9,english saddle,0.5,10,5.9,37.9,0.286,"saddle 17%, pinto 7%","saddle 29%, <long> 27%",0.6008,0.456,0.893
r8_1894_luxury_brand,"Name a luxury brand. Reply with only the name, nothing else.",0.6333,<long> -> bench,0.5667,chanel -> real,0.5485,chanel -> real,60,66,0.0,0.267,0.16,60,90,26,0.0,0.153,8.2,rolex,0.35,4,3.8,10.22,0.214,"chanel 23%, louis vuitton 20%","<long> 27%, hermès 18%",0.5917,0.189,0.852
r8_0736_prehistoric_fish,"Name a prehistoric fish. Reply with only the name, nothing else.",0.6333,<long> -> bench,0.625,coelacanth -> real,0.5523,coelacanth -> real,60,66,0.0,0.267,0.16,60,90,29,0.0,0.153,9.5,tiktaalik,0.35,8,5.74,5.77,0.595,"coelacanth 65%, tiktaalik 12%","coelacanth 40%, <long> 27%",0.6194,0.261,1.03
r8_1946_hive_product,"Name a hive product. Reply with only the name, nothing else.",0.6333,<long> -> bench,0.5444,honey -> real,0.5356,hive -> real,60,66,0.0,0.267,0.16,60,90,46,0.0,0.14,7.7,honey,1.0,1,1.0,10.19,0.532,"honey 50%, hive 12%","honey 41%, <long> 27%",0.6206,0.226,0.918
r8_1888_dancer,"Name a dancer. Reply with only the name, nothing else.",0.6333,<long> -> bench,0.5472,mikhail baryshnikov -> real,0.5431,freddie mercury -> real,58,63,0.033,0.3,0.193,60,90,52,0.0,0.167,9.3,mikhail baryshnikov,0.35,10,7.47,25.58,0.24,"fred astaire 23%, mikhail baryshnikov 15%","<long> 30%, fred astaire 17%",0.5961,0.32,0.908
r8_0753_underwear,"Name a type of underwear. Reply with only the name, nothing else.",0.6333,<long> -> bench,0.6222,boxer -> real,0.5636,boxer -> real,60,66,0.0,0.267,0.16,60,90,20,0.0,0.16,7.9,boxers,0.35,7,5.01,5.92,0.5,"boxer 57%, briefs 13%","boxer 32%, <long> 27%",0.6428,0.249,0.755
r8s_0485_film_genre,"Suggest a film genre. Reply with only the name, nothing else.",0.6333,<long> -> bench,0.5472,science fiction -> real,0.5432,science fiction -> real,60,66,0.0,0.267,0.16,60,90,26,0.0,0.16,8.0,sci-fi,0.8,4,2.03,8.83,0.437,"sci-fi 40%, science fiction 12%","sci-fi 34%, <long> 27%",0.61,0.367,0.94
r8_1708_leather_item,"Name a leather item. Reply with only the name, nothing else.",0.6333,<long> -> bench,0.5694,wallet -> real,0.5492,wallet -> real,60,66,0.0,0.267,0.16,60,90,53,0.0,0.153,7.6,wallet,0.7,5,2.74,21.68,0.198,"wallet 25%, belt 17%","<long> 27%, belt 17%",0.5986,0.326,0.952
r8_1714_donut_chain,"Name a donut chain. Reply with only the name, nothing else.",0.6333,<long> -> bench,0.6306,dunkin -> real,0.5598,dunkin -> real,60,66,0.0,0.267,0.16,60,90,36,0.0,0.127,8.5,dunkin,0.95,2,1.22,7.38,0.587,"dunkin 65%, dunkin donuts 8%","dunkin 39%, <long> 27%",0.6386,0.163,0.891
r8s_1046_tisane,"Suggest a type of tisane. Reply with only the name, nothing else.",0.6333,<long> -> bench,0.6,chamomile -> real,0.5818,chamomile -> real,60,66,0.0,0.267,0.16,60,90,37,0.0,0.153,8.6,chamomile,0.5,6,4.06,12.01,0.341,"peppermint 32%, chamomile 30%","peppermint 27%, <long> 27%",0.6272,0.229,0.957
r8_0320_classroom_item,"Name a classroom item. Reply with only the name, nothing else.",0.6333,<long> -> bench,0.6333,whiteboard -> real,0.6091,whiteboard -> real,60,66,0.0,0.267,0.16,60,90,19,0.0,0.14,7.7,chalkboard,0.45,5,3.99,6.99,0.31,"whiteboard 40%, chalkboard 27%","<long> 27%, chalkboard 26%",0.62,0.285,0.954
r8_0416_garden_feature,"Name a type of garden feature. Reply with only the name, nothing else.",0.6333,<long> -> bench,0.5694,fountain -> bench,0.6402,fountain -> bench,60,66,0.0,0.267,0.16,60,90,42,0.0,0.147,8.0,fountain,0.6,7,3.82,14.44,0.397,"fountain 25%, gazebo 17%","fountain 39%, <long> 27%",0.635,0.353,1.211
r8_0665_biological_process,"Name a type of biological process. Reply with only the name, nothing else.",0.6333,<long> -> bench,0.6083,photosynthesis -> real,0.5288,cellular respiration -> bench,60,66,0.0,0.267,0.16,60,90,18,0.0,0.16,7.9,photosynthesis,0.7,5,2.74,4.16,0.659,"photosynthesis 68%, metabolism 10%","photosynthesis 47%, <long> 27%",0.6586,0.332,1.011
r8_0350_rope_material,"Name a rope material. Reply with only the name, nothing else.",0.6333,<long> -> bench,0.5556,jute -> real,0.5629,polypropylene -> bench,60,66,0.0,0.267,0.16,60,90,36,0.0,0.14,7.7,nylon,0.5,5,3.45,17.8,0.183,"jute 13%, nylon 13%","<long> 27%, polypropylene 18%",0.5928,0.221,0.917
r8_0298_writing_system,"Name a writing system. Reply with only the name, nothing else.",0.6333,<long> -> bench,0.5528,hiragana -> real,0.5826,latin -> bench,60,66,0.0,0.267,0.16,60,90,47,0.0,0.153,7.6,latin,0.15,10,9.01,22.1,0.27,"latin 18%, cuneiform 13%","<long> 27%, latin 26%",0.6064,0.348,0.927
r8_0353_flower_shape,"Name a flower shape. Reply with only the name, nothing else.",0.6333,<long> -> bench,0.5417,rose -> real,0.5432,daisy -> bench,60,66,0.0,0.267,0.16,60,90,31,0.0,0.153,7.4,rose,0.7,4,2.39,7.54,0.429,"daisy 38%, rose 28%","daisy 34%, <long> 27%",0.6122,0.218,1.033
r8_1486_meringue,"Name a meringue. Reply with only the name, nothing else.",0.6333,<long> -> bench,0.5194,italian -> real,0.5353,swiss -> bench,58,63,0.033,0.3,0.193,60,90,52,0.0,0.173,8.5,swiss,0.5,6,4.06,18.63,0.347,"swiss 30%, meringue 8%","<long> 30%, swiss 27%",0.5975,0.383,0.899
r8s_1549_spirit,"Suggest a type of spirit. Reply with only the name, nothing else.",0.6333,<long> -> bench,0.525,vodka -> bench,0.5432,gin -> bench,60,66,0.0,0.267,0.16,60,90,77,0.0,0.14,7.8,vodka,0.4,6,4.75,38.58,0.262,"gin 22%, grim 3%","<long> 27%, gin 22%",0.6444,0.489,0.748
r8_0045_playground_equipment,"Name a type of playground equipment. Reply with only the name, nothing else.",0.6333,<long> -> bench,0.6056,swing -> real,0.5152,slide -> real,60,66,0.0,0.267,0.16,60,90,11,0.0,0.147,7.5,swing,0.8,4,2.03,2.66,0.722,"swing 73%, slide 17%","swing 52%, <long> 27%",0.6231,0.276,0.989
r8_1566_breaker,"Name a breaker. Reply with only the name, nothing else.",0.6333,<long> -> bench,0.525,breaker -> real,0.5259,breaker -> real,58,63,0.033,0.3,0.193,60,90,119,0.0,0.147,8.3,breaker,0.15,15,13.78,116.41,0.025,"breaker 5%, <long> 3%","<long> 30%, three.js 1%",0.5967,0.698,0.633
r8_1586_dryad,"Name a dryad. Reply with only the name, nothing else.",0.6333,<long> -> bench,0.5694,daphne -> real,0.5631,daphne -> real,58,63,0.033,0.3,0.193,60,90,95,0.0,0.18,9.0,dryad,0.3,10,7.51,68.01,0.124,"daphne 18%, dryad 12%","<long> 30%, daphne 4%",0.5975,0.501,0.772
r8_0945_visual_element,"Name a type of visual element. Reply with only the name, nothing else.",0.6333,line -> bench,0.6333,line -> bench,0.6818,line -> bench,59,66,0.017,0.267,0.167,60,90,50,0.0,0.153,7.2,line,0.55,5,3.59,25.59,0.192,"chart 13%, bar chart 10%","<long> 27%, line 27%",0.6358,0.437,0.695
r8s_0260_waterfowl,"Suggest a type of waterfowl. Reply with only the name, nothing else.",0.6333,mallard -> real,0.6333,mallard -> real,0.6162,mallard -> real,60,67,0.0,0.256,0.153,60,90,51,0.0,0.14,7.8,mallard,0.9,3,1.48,26.22,0.244,"mallard 37%, goose 7%","<long> 26%, mallard 10%",0.6097,0.32,0.795
r8s_1579_dna_base,"Suggest a type of dna base. Reply with only the name, nothing else.",0.6333,<long> -> bench,0.5667,cytosine -> real,0.5667,cytosine -> real,60,66,0.0,0.267,0.16,60,90,17,0.0,0.16,8.4,adenine,0.85,3,1.68,3.39,0.714,"adenine 67%, cytosine 13%","adenine 56%, <long> 27%",0.6131,0.28,0.812
r8_1141_vehicle_for_water,"Name a vehicle for water. Reply with only the name, nothing else.",0.6333,<long> -> bench,0.5611,boat -> real,0.5523,ship -> bench,60,66,0.0,0.267,0.16,60,90,27,0.0,0.153,7.5,boat,0.95,2,1.22,6.25,0.587,"boat 57%, canoe 10%","boat 44%, <long> 27%",0.6169,0.193,0.936
r8_1127_flower_used_in_wedding,"Name a type of flower used in wedding. Reply with only the name, nothing else.",0.6333,<long> -> bench,0.5889,rose -> real,0.5303,rose -> bench,60,66,0.0,0.267,0.16,60,90,8,0.0,0.153,6.8,rose,0.55,2,1.99,1.72,0.865,"rose 83%, roses 12%","rose 66%, <long> 27%",0.6225,0.156,1.022
r8_0509_body_system,"Name a body system. Reply with only the name, nothing else.",0.6333,<long> -> bench,0.5361,circulatory system -> real,0.5231,body -> bench,58,63,0.033,0.3,0.193,60,90,48,0.0,0.16,9.4,circulatory system,0.25,9,7.48,23.82,0.174,"circulatory system 18%, digestive system 12%","<long> 30%, circulatory system 11%",0.6097,0.381,0.843
r8_0524_kitchen_utensil,"Name a kitchen utensil. Reply with only the name, nothing else.",0.6333,<long> -> bench,0.6333,spatula -> real,0.6068,spoon -> bench,60,66,0.0,0.267,0.16,60,90,19,0.0,0.147,8.0,spatula,0.8,5,2.18,4.24,0.563,"spatula 63%, spoon 15%","spatula 37%, spoon 27%",0.6236,0.261,1.002
r8_0529_short_story,"Name a short story. Reply with only the name, nothing else.",0.6333,<long> -> bench,0.5417,tell-tale heart -> bench,0.5661,tell-tale heart -> bench,56,60,0.067,0.333,0.227,60,90,67,0.0,0.193,10.4,lottery,0.75,5,2.45,32.75,0.233,"lottery 22%, gift of the magi 10%","<long> 33%, lottery 16%",0.6267,0.124,1.058
r8_0502_sleepwear,"Name a type of sleepwear. Reply with only the name, nothing else.",0.6333,<long> -> bench,0.5972,pajamas -> real,0.5174,robe -> real,60,66,0.0,0.267,0.16,60,90,15,0.0,0.147,8.3,pajamas,0.95,2,1.22,2.33,0.833,"pajamas 82%, robe 5%","pajamas 62%, <long> 27%",0.6389,0.184,0.988
r8_0487_fern,"Name a fern. Reply with only the name, nothing else.",0.6333,<long> -> bench,0.6,maidenhair -> real,0.5879,maidenhair -> real,60,66,0.0,0.267,0.16,60,90,50,0.0,0.153,8.3,boston fern,0.3,9,6.8,21.32,0.175,"maidenhair 27%, boston fern 20%","<long> 27%, fern 10%",0.6183,0.301,0.836
r8_1807_settlement,"Name a type of settlement. Reply with only the name, nothing else.",0.6333,<long> -> bench,0.5778,village -> real,0.5682,hamlet -> bench,60,66,0.0,0.267,0.16,60,90,37,0.0,0.147,7.3,village,0.6,4,2.63,10.83,0.365,"village 40%, town 17%","<long> 27%, village 24%",0.5964,0.293,0.842
r8_0094_adhesive,"Name an adhesive. Reply with only the name, nothing else.",0.6333,<long> -> bench,0.55,cyanoacrylate -> real,0.5439,cyanoacrylate -> real,60,66,0.0,0.267,0.16,60,90,41,0.0,0.147,8.3,super glue,0.85,4,1.8,13.97,0.325,"super glue 28%, cyanoacrylate 13%","<long> 27%, super glue 27%",0.5992,0.288,0.834
r8_0125_shakespeare_play,"Name a shakespeare play. Reply with only the name, nothing else.",0.6333,hamlet -> real,0.6333,hamlet -> real,0.5618,hamlet -> real,59,72,0.017,0.2,0.127,60,90,12,0.0,0.12,6.9,hamlet,0.8,3,1.85,2.09,0.847,"hamlet 90%, othello 2%","hamlet 63%, <long> 20%",0.6414,0.192,1.059
r8_0438_car_part,"Name a car part. Reply with only the name, nothing else.",0.6333,brake pad -> real,0.6333,brake pad -> real,0.6377,brake -> bench,60,68,0.0,0.244,0.147,60,90,32,0.0,0.127,7.6,brake pad,0.45,8,5.64,10.53,0.398,"brake pad 50%, brake 3%","<long> 24%, brake 23%",0.6244,0.226,1.002
r8s_1947_clothing_fastener,"Suggest a type of clothing fastener. Reply with only the name, nothing else.",0.6333,<long> -> bench,0.5556,snap -> real,0.5455,snap -> real,60,66,0.0,0.267,0.16,60,90,18,0.0,0.153,7.4,buckle,0.4,5,3.85,7.94,0.278,"buckle 27%, button 20%","<long> 27%, buckle 21%",0.6028,0.21,0.946
r8_0196_vehicle,"Name a vehicle. Reply with only the name, nothing else.",0.6333,<long> -> bench,0.5833,tesla -> real,0.5759,car -> bench,58,63,0.033,0.3,0.193,60,90,33,0.0,0.173,7.9,tesla,0.35,5,4.05,14.06,0.289,"tesla 33%, toyota 8%","<long> 30%, car 17%",0.6153,0.266,0.871
r8_0074_cooking_oil,"Name a cooking oil. Reply with only the name, nothing else.",0.6333,<long> -> bench,0.575,olive oil -> real,0.5167,coconut oil -> real,60,66,0.0,0.267,0.16,60,90,21,0.0,0.16,8.4,olive oil,0.95,2,1.22,5.79,0.468,"olive oil 48%, olive 23%","olive oil 33%, <long> 27%",0.6361,0.123,1.015
r8s_1932_piece_of_armor,"Suggest a type of piece of armor. Reply with only the name, nothing else.",0.6333,<long> -> bench,0.5694,plate armor -> real,0.5583,chainmail -> bench,60,66,0.0,0.267,0.16,60,90,32,0.0,0.147,7.6,plate,0.4,4,3.34,10.17,0.278,"plate 28%, chainmail 22%","<long> 27%, chainmail 24%",0.6222,0.232,0.907
r8_1517_spirit,"Name a spirit. Reply with only the name, nothing else.",0.6333,<long> -> bench,0.5444,vodka -> bench,0.5667,vodka -> bench,60,66,0.0,0.267,0.16,60,90,85,0.0,0.133,7.4,vodka,0.35,8,6.34,58.19,0.103,"tequila 8%, gin 5%","<long> 27%, vodka 12%",0.6097,0.544,0.734
r8s_1616_chicken_part,"Suggest a type of chicken part. Reply with only the name, nothing else.",0.6333,<long> -> bench,0.5583,thigh -> real,0.5485,drumstick -> bench,60,66,0.0,0.267,0.16,60,90,28,0.0,0.14,7.8,thigh,0.15,12,10.62,13.34,0.151,"thigh 18%, thighs 17%","<long> 27%, drumstick 14%",0.6494,0.233,0.909
r8s_0186_fruit,"Suggest a type of fruit. Reply with only the name, nothing else.",0.6333,<long> -> bench,0.5528,apple -> real,0.5545,banana -> bench,60,66,0.0,0.267,0.16,60,90,20,0.0,0.16,7.4,apple,0.9,3,1.48,6.19,0.5,"apple 48%, banana 13%","apple 38%, <long> 27%",0.6039,0.283,0.906
r8s_0148_milk,"Suggest a type of milk. Reply with only the name, nothing else.",0.6333,<long> -> bench,0.5778,oat milk -> real,0.5697,oat milk -> real,60,66,0.0,0.267,0.16,60,90,16,0.0,0.16,7.9,almond,0.55,5,3.34,7.56,0.302,"almond 32%, oat milk 20%","<long> 27%, almond 21%",0.6269,0.129,0.998
r8_1061_castle_part,"Name a castle part. Reply with only the name, nothing else.",0.6333,<long> -> bench,0.5722,turret -> real,0.5561,turret -> real,60,66,0.0,0.267,0.16,60,90,31,0.0,0.147,7.5,keep,0.5,9,5.51,13.68,0.254,"turret 23%, keep 22%","<long> 27%, keep 21%",0.6158,0.324,0.942
r8_1051_cleaning_tool,"Name a cleaning tool. Reply with only the name, nothing else.",0.6333,<long> -> bench,0.5556,vacuum -> real,0.5523,sponge -> bench,60,66,0.0,0.267,0.16,60,90,48,0.0,0.133,7.5,broom,0.45,5,3.77,14.59,0.405,"broom 40%, vacuum 17%","broom 30%, <long> 27%",0.6208,0.328,1.006
r8_1524_japanese_novelist,"Name a japanese novelist. Reply with only the name, nothing else.",0.6306,haruki murakami -> real,0.6306,haruki murakami -> real,0.562,haruki murakami -> real,60,73,0.0,0.189,0.113,60,90,21,0.0,0.107,8.8,haruki murakami,0.95,2,1.22,2.96,0.782,"haruki murakami 85%, natsume sōseki 3%","haruki murakami 59%, <long> 19%",0.6253,0.213,1.085
r8_0204_map,"Name a map. Reply with only the name, nothing else.",0.6306,<long> -> bench,0.5417,map -> real,0.5362,map -> real,59,65,0.017,0.278,0.173,60,90,94,0.0,0.147,7.8,mercator,0.5,11,6.32,62.46,0.153,"mercator 15%, map 12%","<long> 28%, mercator 11%",0.6161,0.577,0.743
r8_0123_horse_breed,"Name a horse breed. Reply with only the name, nothing else.",0.6306,<long> -> bench,0.6083,arabian -> real,0.5795,arabian -> real,59,65,0.017,0.278,0.173,60,90,24,0.0,0.16,8.4,thoroughbred,0.55,2,1.99,5.93,0.411,"arabian 38%, thoroughbred 38%","thoroughbred 31%, <long> 28%",0.6103,0.219,1.032
r8_0021_body_part,"Name a body part. Reply with only the name, nothing else.",0.6306,knee -> real,0.6306,knee -> real,0.6008,knee -> real,60,73,0.0,0.189,0.113,60,90,30,0.0,0.113,6.1,knee,0.3,5,4.69,8.92,0.406,"knee 52%, hand 12%","knee 26%, <long> 19%",0.6072,0.354,0.719
r8_1526_body_of_land,"Name a body of land. Reply with only the name, nothing else.",0.6306,<long> -> bench,0.625,amazon -> real,0.6087,amazon -> real,59,65,0.017,0.278,0.173,60,90,50,0.0,0.153,7.7,asia,0.75,5,2.45,23.44,0.242,"amazon 35%, pacific ocean 15%","<long> 28%, asia 12%",0.6125,0.377,1.063
r8_1518_greek_letter,"Name a greek letter. Reply with only the name, nothing else.",0.6306,alpha -> real,0.6306,alpha -> real,0.518,alpha -> real,60,67,0.0,0.256,0.153,60,90,10,0.0,0.14,6.4,alpha,0.95,2,1.22,1.7,0.898,"alpha 92%, omega 3%","alpha 66%, <long> 26%",0.7175,0.148,0.912
r8_1514_fortified_wine,"Name a fortified wine. Reply with only the name, nothing else.",0.6306,port -> real,0.6306,port -> real,0.5981,port -> real,60,67,0.0,0.256,0.153,60,90,16,0.0,0.133,7.1,port,0.9,2,1.38,4.19,0.457,"port 45%, sherry 43%","sherry 36%, <long> 26%",0.6411,0.123,0.866
r8_1154_celebration_item,"Name a celebration item. Reply with only the name, nothing else.",0.6306,<long> -> bench,0.5333,birthday cake -> real,0.5292,confetti -> bench,59,65,0.017,0.278,0.173,60,90,36,0.0,0.153,7.8,candle,0.35,10,7.16,16.96,0.202,"cake 20%, birthday cake 13%","<long> 28%, cake 14%",0.6075,0.343,0.896
r8_1818_unit_of_pressure,"Name an unit of pressure. Reply with only the name, nothing else.",0.6306,pascal -> real,0.6306,pascal -> real,0.5279,bar -> bench,60,69,0.0,0.233,0.14,60,90,7,0.0,0.12,6.8,pascal,1.0,1,1.0,1.44,0.922,"pascal 95%, psi 2%","pascal 69%, <long> 23%",0.6417,0.143,0.874
r8_1122_melodic_motion,"Name a melodic motion. Reply with only the name, nothing else.",0.6306,<long> -> bench,0.5583,portamento -> real,0.5831,step -> bench,59,65,0.017,0.278,0.173,60,90,71,0.0,0.16,7.8,stepwise motion,0.4,8,5.84,46.19,0.121,"portamento 12%, appoggiatura 5%","<long> 28%, step 14%",0.6031,0.533,1.027
r8s_0053_nocturnal_animal,"Suggest a type of nocturnal animal. Reply with only the name, nothing else.",0.6306,owl -> real,0.6306,owl -> real,0.5775,owl -> real,60,73,0.0,0.189,0.113,60,90,10,0.0,0.113,6.2,owl,0.8,4,2.03,2.62,0.632,"owl 72%, bat 22%","owl 46%, bat 30%",0.6747,0.104,0.932
r8_1615_apology_phrase,"Name an apology phrase. Reply with only the name, nothing else.",0.6306,<long> -> bench,0.5278,i apologize -> real,0.5766,im sorry -> bench,55,59,0.083,0.344,0.24,60,90,21,0.0,0.147,8.9,im sorry,0.8,3,1.85,5.18,0.57,"im sorry 45%, i apologize 17%","im sorry 42%, <long> 34%",0.5819,0.204,0.736
r8_1466_archery_bow,"Name an archery bow. Reply with only the name, nothing else.",0.6306,<long> -> bench,0.5861,longbow -> real,0.6083,recurve -> bench,59,65,0.017,0.278,0.173,60,90,27,0.0,0.173,8.1,recurve bow,0.4,4,3.4,7.89,0.379,"longbow 42%, recurve 15%","<long> 28%, recurve 27%",0.6147,0.233,1.027
r8_1501_gear,"Name a gear. Reply with only the name, nothing else.",0.6306,<long> -> bench,0.525,gear -> real,0.53,spur -> bench,59,65,0.017,0.278,0.173,60,90,94,0.0,0.167,8.4,gear,0.2,11,9.74,72.65,0.073,"gear 8%, pinion 5%","<long> 28%, pinion 7%",0.6275,0.578,0.896
r8_1574_coffee,"Name a coffee. Reply with only the name, nothing else.",0.6306,<long> -> bench,0.6083,espresso -> real,0.5278,cappuccino -> real,59,65,0.017,0.278,0.173,60,90,28,0.0,0.16,8.3,espresso,0.95,2,1.22,5.01,0.669,"espresso 68%, cappuccino 10%","espresso 47%, <long> 28%",0.6108,0.348,1.04
r8_1591_complex_human_emotion,"Name a complex human emotion. Reply with only the name, nothing else.",0.6306,nostalgia -> real,0.6306,nostalgia -> real,0.5944,nostalgia -> real,60,72,0.0,0.2,0.12,60,90,32,0.0,0.12,7.8,saudade,0.4,9,6.43,9.85,0.447,"nostalgia 55%, saudade 13%","nostalgia 29%, <long> 20%",0.6219,0.343,1.009
r8s_1589_lightning,"Suggest a type of lightning. Reply with only the name, nothing else.",0.6306,<long> -> bench,0.5556,ball lightning -> bench,0.5806,ball lightning -> bench,57,62,0.05,0.311,0.207,60,90,72,0.0,0.187,9.0,ball lightning,0.45,9,6.04,43.99,0.134,"bolt 15%, lightning 13%","<long> 31%, ball lightning 11%",0.6103,0.433,0.888
r8_1285_refrigerator,"Name a refrigerator. Reply with only the name, nothing else.",0.6306,<long> -> bench,0.5472,samsung -> real,0.5439,samsung -> real,59,65,0.017,0.278,0.173,60,90,28,0.0,0.167,8.5,frigidaire,0.45,4,3.02,8.51,0.331,"fridge 30%, frigidaire 28%","<long> 28%, frigidaire 27%",0.5972,0.226,1.033
r8_1203_cocktail,"Name a cocktail. Reply with only the name, nothing else.",0.6306,<long> -> bench,0.6028,margarita -> real,0.578,margarita -> real,59,65,0.017,0.278,0.173,60,90,30,0.0,0.16,8.7,mojito,0.45,5,3.94,11.64,0.274,"margarita 35%, mojito 22%","<long> 28%, mojito 20%",0.6178,0.307,0.974
r8s_0967_hygiene_product,"Suggest a type of hygiene product. Reply with only the name, nothing else.",0.6306,<long> -> bench,0.5444,hand sanitizer -> bench,0.5778,hand sanitizer -> bench,57,62,0.05,0.311,0.207,60,90,48,0.0,0.18,9.2,toothpaste,0.6,5,3.18,28.79,0.151,"deodorant 8%, electric toothbrush 8%","<long> 31%, hand sanitizer 16%",0.6161,0.337,0.9
r8_0450_pillow,"Name a pillow. Reply with only the name, nothing else.",0.6306,<long> -> bench,0.5833,pillow -> real,0.5357,pillow -> real,59,65,0.017,0.278,0.173,60,90,62,0.0,0.153,8.0,memory foam pillow,0.15,13,11.38,20.53,0.403,"pillow 43%, fluff 3%","<long> 28%, pillow 27%",0.6186,0.41,0.897
r8_1754_dune,"Name a dune. Reply with only the name, nothing else.",0.6306,<long> -> bench,0.5611,dune -> real,0.5532,arrakis -> real,59,65,0.017,0.278,0.173,60,90,76,0.0,0.14,8.1,dune,0.25,15,12.48,38.55,0.234,"dune 27%, arrakis 15%","<long> 28%, dune 14%",0.6069,0.435,0.81
r8_0316_article_of_clothing,"Name a type of article of clothing. Reply with only the name, nothing else.",0.6306,<long> -> bench,0.5917,t-shirt -> real,0.5997,shirt -> bench,59,65,0.017,0.278,0.173,60,90,28,0.0,0.173,7.7,shirt,0.85,4,1.8,8.09,0.444,"shirt 33%, t-shirt 28%","shirt 39%, <long> 28%",0.6178,0.306,0.993
r8_0637_beaker,"Name a beaker. Reply with only the name, nothing else.",0.6306,erlenmeyer -> real,0.6306,erlenmeyer -> real,0.6646,beaker -> bench,56,65,0.067,0.278,0.193,60,90,55,0.0,0.18,9.0,erlenmeyer,0.5,6,3.95,16.54,0.355,"erlenmeyer 32%, beaker 17%","beaker 37%, <long> 28%",0.6208,0.403,0.698
r8_1959_connector,"Name a connector. Reply with only the name, nothing else.",0.6306,<long> -> bench,0.5639,usb -> bench,0.5915,usb -> bench,59,65,0.017,0.278,0.173,60,90,90,0.0,0.153,7.7,usb,0.6,4,2.97,65.5,0.113,"however 8%, connector 5%","<long> 28%, usb 14%",0.6811,0.605,0.615
r8_0453_root_crop,"Name a root crop. Reply with only the name, nothing else.",0.6306,potato -> real,0.6306,potato -> real,0.5769,potato -> real,59,66,0.017,0.267,0.167,60,90,24,0.0,0.16,7.7,potato,0.5,2,2.0,6.31,0.512,"potato 58%, wheat 10%","potato 32%, <long> 27%",0.6431,0.213,0.703
r8_0791_spinach,"Name a spinach. Reply with only the name, nothing else.",0.6306,<long> -> bench,0.5639,spinach -> real,0.5223,dinosaur -> bench,59,65,0.017,0.278,0.173,60,90,56,0.0,0.147,8.0,spinach,0.75,5,2.45,16.5,0.452,"spinach 45%, baby spinach 5%","spinach 32%, <long> 28%",0.6339,0.431,0.889
r8_1916_music_stand,"Name a music stand. Reply with only the name, nothing else.",0.6306,<long> -> bench,0.5361,music -> real,0.5347,music -> real,59,65,0.017,0.278,0.173,60,90,73,0.0,0.147,8.0,k&m,0.45,12,7.44,32.32,0.306,"music stand 27%, music 8%","<long> 28%, music stand 24%",0.6094,0.43,0.843
r8_1442_force,"Name a force. Reply with only the name, nothing else.",0.6306,<long> -> bench,0.5194,gravity -> bench,0.5851,gravity -> bench,59,65,0.017,0.278,0.173,60,90,62,0.0,0.153,7.6,gravity,0.8,3,1.85,20.08,0.411,"gravity 32%, force 7%","gravity 36%, <long> 28%",0.6028,0.442,0.532
r8_0404_disease,"Name a disease. Reply with only the name, nothing else.",0.6306,<long> -> bench,0.575,flu -> real,0.5701,flu -> real,59,65,0.017,0.278,0.173,60,90,39,0.0,0.147,8.1,flu,0.35,9,6.79,15.86,0.218,"malaria 20%, flu 18%","<long> 28%, malaria 17%",0.5969,0.308,0.947
r8_0389_dance_move,"Name a dance move. Reply with only the name, nothing else.",0.6306,<long> -> bench,0.55,floss -> real,0.5447,floss -> real,59,65,0.017,0.278,0.173,60,90,43,0.0,0.153,8.2,twist,0.6,6,3.56,15.43,0.347,"twist 33%, floss 13%","<long> 28%, twist 26%",0.6036,0.245,0.854
r8_0717_writing_style,"Name a writing style. Reply with only the name, nothing else.",0.6306,<long> -> bench,0.5306,stream of consciousness -> real,0.5169,minimalist -> real,59,65,0.017,0.278,0.173,60,90,74,0.0,0.16,8.3,stream of consciousness,0.55,5,3.34,32.62,0.298,"stream of consciousness 28%, minimalism 8%","<long> 28%, stream of consciousness 22%",0.5833,0.484,0.775
r8s_0185_cracker,"Suggest a type of cracker. Reply with only the name, nothing else.",0.6306,<long> -> bench,0.5222,fluid catalytic cracker -> bench,0.5339,fluid catalytic cracker -> bench,55,59,0.083,0.344,0.24,60,90,82,0.0,0.213,9.9,water crackers,0.4,10,6.6,63.78,0.07,"<long> 8%, saltine 7%","<long> 34%, water crackers 4%",0.6156,0.543,0.661
r8_1920_gymnastics_event,"Name a gymnastics event. Reply with only the name, nothing else.",0.6306,<long> -> bench,0.6028,vault -> real,0.5608,floor -> bench,59,65,0.017,0.278,0.173,60,90,24,0.0,0.16,7.5,floor exercise,0.55,2,1.99,5.51,0.556,"vault 58%, floor exercise 18%","vault 38%, <long> 28%",0.6242,0.182,0.963
r8s_0798_food,"Suggest a type of food. Reply with only the name, nothing else.",0.6306,<long> -> bench,0.55,pasta -> real,0.5644,pizza -> bench,59,65,0.017,0.278,0.173,60,90,39,0.0,0.16,7.9,pizza,0.8,4,2.03,14.17,0.339,"pizza 27%, sushi 15%","pizza 29%, <long> 28%",0.5928,0.246,0.868
r8_0884_pig_breed,"Name a pig breed. Reply with only the name, nothing else.",0.6306,<long> -> bench,0.5806,duroc -> real,0.5349,duroc -> real,59,65,0.017,0.278,0.173,60,90,21,0.0,0.16,8.5,yorkshire,0.55,5,3.12,6.39,0.387,"duroc 42%, yorkshire 27%","<long> 28%, duroc 26%",0.5986,0.246,0.855
r8_0827_russian_novelist,"Name a russian novelist. Reply with only the name, nothing else.",0.6306,fyodor dostoevsky -> real,0.6306,fyodor dostoevsky -> real,0.6032,fyodor dostoevsky -> real,60,78,0.0,0.133,0.08,60,90,18,0.0,0.08,9.2,leo tolstoy,0.4,3,2.87,4.83,0.5,"fyodor dostoevsky 62%, dostoevsky 15%","fyodor dostoevsky 36%, dostoevsky 24%",0.6103,0.245,0.806
r8s_1997_battlefield,"Suggest a type of battlefield. Reply with only the name, nothing else.",0.6306,<long> -> bench,0.5194,urban warfare -> real,0.5284,urban -> bench,59,65,0.017,0.278,0.173,60,90,81,0.0,0.167,8.4,trench,0.15,14,12.52,54.5,0.113,"desert 8%, cyber 5%","<long> 28%, desert 10%",0.6169,0.537,0.941
r8_1078_gasket,"Name a gasket. Reply with only the name, nothing else.",0.6306,<long> -> bench,0.6083,o-ring -> real,0.5741,o-ring -> real,57,62,0.05,0.311,0.207,60,90,54,0.0,0.167,8.7,o-ring,0.45,11,6.94,18.28,0.361,"o-ring 42%, gasket 10%","<long> 31%, o-ring 20%",0.6244,0.457,0.788
r8_1025_folk_costume,"Name a folk costume. Reply with only the name, nothing else.",0.6306,<long> -> bench,0.5556,kimono -> real,0.5463,kilt -> real,59,65,0.017,0.278,0.173,60,90,53,0.0,0.153,8.0,dirndl,0.7,6,2.94,20.44,0.282,"kimono 30%, kilt 17%","<long> 28%, kimono 19%",0.5967,0.308,0.956
r8_0024_school_subject,"Name a school subject. Reply with only the name, nothing else.",0.6306,mathematics -> real,0.6306,mathematics -> real,0.6016,math -> bench,60,71,0.0,0.211,0.127,60,90,16,0.0,0.12,6.1,math,0.45,3,2.58,4.81,0.412,"mathematics 52%, math 23%","math 34%, mathematics 26%",0.5969,0.145,0.999
r8_1433_major_music_industry_a,"Name a major music industry award. Reply with only the name, nothing else.",0.6306,grammy awards -> real,0.6306,grammy awards -> real,0.5861,grammy awards -> real,60,72,0.0,0.2,0.12,60,90,15,0.0,0.093,6.9,grammy awards,0.9,3,1.48,4.32,0.523,"grammy awards 62%, grammy 18%","grammy awards 36%, grammy 22%",0.6389,0.128,0.879
r8_0631_watch_style,"Name a watch style. Reply with only the name, nothing else.",0.6306,<long> -> bench,0.55,dress watch -> real,0.5508,dress watch -> real,59,65,0.017,0.278,0.173,60,90,64,0.0,0.153,8.0,diver,0.6,4,3.02,23.21,0.355,"diver 32%, dress watch 10%","<long> 28%, diver 28%",0.5911,0.37,0.723
r8_1852_fantasy_author,"Name a fantasy author. Reply with only the name, nothing else.",0.6306,j.r.r. tolkien -> real,0.6306,j.r.r. tolkien -> real,0.5524,j.r.r. tolkien -> real,60,67,0.0,0.256,0.153,60,90,27,0.0,0.14,9.4,j.r.r. tolkien,0.75,4,2.28,5.16,0.661,"j.r.r. tolkien 72%, tolkien 7%","j.r.r. tolkien 46%, <long> 26%",0.6297,0.255,1.074
r8_0038_car_brand,"Name a car brand. Reply with only the name, nothing else.",0.6306,toyota -> real,0.6306,toyota -> real,0.6071,ford -> bench,60,70,0.0,0.222,0.133,60,90,13,0.0,0.133,6.1,toyota,0.8,4,2.03,3.51,0.608,"toyota 68%, tesla 13%","toyota 42%, ford 24%",0.6247,0.215,0.801
r8_0910_handlebar,"Name a handlebar. Reply with only the name, nothing else.",0.6306,<long> -> bench,0.5583,mustache -> real,0.5631,drop bar -> bench,57,62,0.05,0.311,0.207,60,90,83,0.0,0.187,8.9,drop,0.35,11,8.01,57.44,0.101,"mustache 15%, <long> 5%","<long> 31%, drop bar 11%",0.5989,0.549,0.653
r8_1342_pulsar,"Name a pulsar. Reply with only the name, nothing else.",0.6306,<long> -> bench,0.5889,psr b1919+21 -> real,0.5802,psr b1919+21 -> real,59,65,0.017,0.278,0.173,60,90,63,0.0,0.16,11.3,psr b1919+21,0.45,3,2.75,30.19,0.202,"psr b1919+21 23%, psr b1913+16 13%","<long> 28%, psr b1913+16 19%",0.6025,0.268,0.799
r8_1313_laundry_detergent_scen,"Name a laundry detergent scent. Reply with only the name, nothing else.",0.6306,<long> -> bench,0.5778,lavender -> real,0.528,lavender -> real,59,65,0.017,0.278,0.173,60,90,43,0.0,0.167,8.4,fresh linen,0.7,6,2.94,12.12,0.411,"lavender 43%, fresh linen 18%","<long> 28%, lavender 28%",0.6322,0.269,0.97
r8s_0015_winter_sport,"Suggest a type of winter sport. Reply with only the name, nothing else.",0.6278,<long> -> bench,0.5833,skiing -> real,0.5259,cross-country skiing -> real,60,67,0.0,0.256,0.153,60,90,18,0.0,0.14,7.9,skiing,1.0,1,1.0,3.27,0.748,"skiing 73%, snowboarding 8%","skiing 57%, <long> 26%",0.6256,0.186,0.979
r8_1451_sports_venue,"Name a sports venue. Reply with only the name, nothing else.",0.6278,<long> -> bench,0.5472,wembley stadium -> real,0.5596,wembley stadium -> bench,60,67,0.0,0.256,0.153,60,90,23,0.0,0.147,9.0,wembley stadium,1.0,1,1.0,3.2,0.78,"wembley stadium 72%, yankee stadium 8%","wembley stadium 62%, <long> 26%",0.5931,0.167,1.122
r8_1415_folk_dance,"Name a folk dance. Reply with only the name, nothing else.",0.6278,<long> -> bench,0.5306,samba -> real,0.5267,samba -> real,60,67,0.0,0.256,0.153,60,90,68,0.0,0.147,8.1,haka,0.25,12,8.94,40.73,0.11,"haka 12%, fandango 10%","<long> 26%, flamenco 10%",0.6011,0.342,0.638
r8_1458_animal_phylum,"Name an animal phylum. Reply with only the name, nothing else.",0.6278,<long> -> bench,0.6,chordata -> real,0.5428,chordata -> real,60,67,0.0,0.256,0.153,60,90,10,0.0,0.14,8.1,arthropoda,0.55,4,2.71,3.0,0.488,"chordata 53%, arthropoda 38%","chordata 33%, arthropoda 33%",0.6239,0.112,0.981
r8_0957_type_of_river,"Name a type of river. Reply with only the name, nothing else.",0.6278,<long> -> bench,0.5972,amazon -> real,0.5534,amazon -> real,60,67,0.0,0.256,0.153,60,90,35,0.0,0.14,7.0,amazon,0.3,14,10.9,12.21,0.394,"amazon 45%, nile 8%","<long> 26%, amazon 26%",0.6164,0.408,0.977
r8_0946_pod_spice,"Name a pod spice. Reply with only the name, nothing else.",0.6278,<long> -> bench,0.55,cardamom -> bench,0.5729,cardamom -> bench,60,67,0.0,0.256,0.153,60,90,86,0.0,0.12,7.5,cardamom,0.35,10,7.28,59.18,0.11,"spice 10%, pepper 5%","<long> 26%, cardamom 13%",0.6275,0.54,0.727
r8_0036_alcoholic_drink,"Name an alcoholic drink. Reply with only the name, nothing else.",0.6278,<long> -> bench,0.6,whiskey -> real,0.6168,vodka -> bench,60,67,0.0,0.256,0.153,60,90,26,0.0,0.127,7.5,vodka,0.45,7,4.35,11.35,0.252,"whiskey 33%, gin 17%","<long> 26%, vodka 21%",0.615,0.223,0.823
r8_0043_water_sport,"Name a water sport. Reply with only the name, nothing else.",0.6278,<long> -> bench,0.5444,kayaking -> real,0.5393,surfing -> bench,60,67,0.0,0.256,0.153,60,90,20,0.0,0.14,7.9,surfing,0.75,4,2.23,5.23,0.575,"surfing 53%, kayaking 13%","surfing 46%, <long> 26%",0.5972,0.239,1.046
r8_0059_rock_type,"Name a rock type. Reply with only the name, nothing else.",0.6278,<long> -> bench,0.6028,granite -> real,0.525,gneiss -> real,60,67,0.0,0.256,0.153,60,90,20,0.0,0.14,7.5,granite,1.0,1,1.0,3.47,0.74,"granite 75%, basalt 8%","granite 54%, <long> 26%",0.6533,0.212,0.84
r8_1188_pet_bird,"Name a pet bird. Reply with only the name, nothing else.",0.6278,<long> -> bench,0.5472,parrot -> bench,0.572,canary -> bench,60,67,0.0,0.256,0.153,60,90,46,0.0,0.127,7.3,parrot,0.45,5,3.24,18.62,0.197,"parakeet 20%, polly 13%","<long> 26%, polly 16%",0.6131,0.337,0.832
r8s_0270_hot_beverage,"Suggest a type of hot beverage. Reply with only the name, nothing else.",0.6278,<long> -> bench,0.5861,earl grey tea -> real,0.6208,chai tea -> bench,60,67,0.0,0.256,0.153,60,90,35,0.0,0.133,8.2,chai tea,0.55,8,4.54,16.02,0.244,"earl grey tea 18%, chai 13%","chai tea 27%, <long> 26%",0.5961,0.243,0.865
r8_0100_brass_instrument,"Name a type of brass instrument. Reply with only the name, nothing else.",0.6278,<long> -> bench,0.6,trumpet -> real,0.542,trombone -> real,60,67,0.0,0.256,0.153,60,90,13,0.0,0.147,7.8,trumpet,0.75,3,1.99,3.88,0.606,"trumpet 63%, trombone 23%","trumpet 43%, <long> 26%",0.6303,0.182,1.081
r8_1076_noble,"Name a noble. Reply with only the name, nothing else.",0.6278,<long> -> bench,0.5556,helium -> bench,0.5746,helium -> bench,60,67,0.0,0.256,0.153,60,90,95,0.0,0.12,7.4,elizabeth ii,0.15,17,15.83,78.25,0.079,"cleopatra 5%, lincoln 3%","<long> 26%, helium 11%",0.6247,0.579,0.732
r8_0554_angel,"Name an angel. Reply with only the name, nothing else.",0.6278,<long> -> bench,0.5639,gabriel -> real,0.5808,michael -> bench,60,67,0.0,0.256,0.153,60,90,50,0.0,0.133,7.0,michael,0.75,4,2.28,20.4,0.252,"gabriel 22%, michael 17%","<long> 26%, michael 24%",0.5839,0.358,0.662
r8_0142_construction_material,"Name a construction material. Reply with only the name, nothing else.",0.6278,concrete -> real,0.6278,concrete -> real,0.5595,concrete -> real,60,70,0.0,0.222,0.133,60,90,12,0.0,0.12,5.9,concrete,0.85,2,1.53,3.2,0.669,"concrete 73%, cement 12%","concrete 48%, <long> 22%",0.6728,0.175,0.779
r8_0122_body_of_water,"Name a body of water. Reply with only the name, nothing else.",0.6278,lake -> bench,0.6278,lake -> bench,0.6633,lake -> bench,60,75,0.0,0.167,0.1,60,90,28,0.0,0.08,5.7,pacific ocean,0.6,8,4.2,8.47,0.356,"pacific ocean 37%, lake 10%","lake 36%, pacific ocean 29%",0.5922,0.179,0.885
r8_1729_method_of_cooking,"Name a type of method of cooking. Reply with only the name, nothing else.",0.6278,<long> -> bench,0.5667,boiling -> real,0.5667,boiling -> real,60,67,0.0,0.256,0.153,60,90,26,0.0,0.14,7.5,frying,0.3,5,4.5,11.88,0.252,"roasting 20%, grilling 17%","<long> 26%, roasting 22%",0.5919,0.374,1.044
r8_1252_farming_method,"Name a farming method. Reply with only the name, nothing else.",0.6278,<long> -> bench,0.5972,hydroponics -> real,0.5964,hydroponics -> real,58,64,0.033,0.289,0.187,60,90,42,0.0,0.167,9.0,no-till farming,0.5,6,4.17,20.38,0.189,"hydroponics 22%, crop rotation 18%","<long> 29%, no-till farming 16%",0.6103,0.384,1.134
r8_1281_punishment,"Name a type of punishment. Reply with only the name, nothing else.",0.6278,<long> -> bench,0.5361,caning -> real,0.5593,fines -> bench,58,64,0.033,0.289,0.187,60,90,47,0.0,0.153,8.3,fines,0.5,7,4.67,22.01,0.23,"exile 22%, caning 8%","<long> 29%, exile 17%",0.6142,0.435,0.742
r8_1858_piece_of_outdoor_furni,"Name a type of piece of outdoor furniture. Reply with only the name, nothing else.",0.6278,<long> -> bench,0.6194,adirondack chair -> real,0.5947,adirondack chair -> real,60,67,0.0,0.256,0.153,60,90,34,0.0,0.147,8.3,patio chair,0.4,8,5.09,14.58,0.283,"adirondack chair 38%, patio chair 12%","<long> 26%, adirondack chair 14%",0.6458,0.208,0.937
r8_1927_fruit_tree_blossom,"Name a fruit tree blossom. Reply with only the name, nothing else.",0.6278,<long> -> bench,0.5722,cherry -> real,0.5414,apple -> bench,60,67,0.0,0.256,0.153,60,90,15,0.0,0.153,7.2,apple,0.5,5,3.68,4.46,0.409,"cherry 43%, apple 35%","apple 32%, cherry 29%",0.6064,0.221,0.922
r8_0749_witch,"Name a witch. Reply with only the name, nothing else.",0.6278,<long> -> bench,0.55,morgana -> real,0.5443,morgana -> real,60,67,0.0,0.256,0.153,60,90,86,0.0,0.147,8.2,grimm,0.1,19,18.66,64.42,0.087,"morgana 13%, merlin 8%","<long> 26%, grimm 3%",0.5928,0.467,0.854
r8_1936_card_suit,"Name a card suit. Reply with only the name, nothing else.",0.6278,hearts -> real,0.6278,hearts -> real,0.6014,hearts -> real,60,72,0.0,0.2,0.12,60,90,13,0.0,0.113,6.6,hearts,0.65,2,1.91,3.12,0.545,"hearts 47%, spades 45%","spades 50%, hearts 21%",0.6183,0.171,0.837
r8_0800_lock_type,"Name a lock type. Reply with only the name, nothing else.",0.6278,<long> -> bench,0.5694,mutex -> real,0.5746,deadbolt -> bench,58,64,0.033,0.289,0.187,60,90,48,0.0,0.18,8.2,deadbolt,0.65,5,2.86,17.88,0.32,"deadbolt 23%, mutex 18%","<long> 29%, deadbolt 28%",0.5969,0.41,0.555
r8_0704_ocean_zone,"Name an ocean zone. Reply with only the name, nothing else.",0.6278,<long> -> bench,0.5722,benthic -> real,0.5729,bathypelagic -> bench,60,67,0.0,0.256,0.153,60,90,35,0.0,0.14,8.3,epipelagic,0.3,7,5.52,18.56,0.173,"benthic 23%, bathyal 12%","<long> 26%, bathypelagic 13%",0.6106,0.255,0.826
r8_1940_bridge_style,"Name a bridge style. Reply with only the name, nothing else.",0.6278,<long> -> bench,0.5333,golden gate -> real,0.5345,golden gate -> real,58,64,0.033,0.289,0.187,60,90,96,0.0,0.18,8.8,stratocaster,0.2,14,11.99,83.38,0.041,"golden gate 7%, suspension 7%","<long> 29%, arch 2%",0.5983,0.541,0.837
r8_1974_camera_brand,"Name a camera brand. Reply with only the name, nothing else.",0.6278,<long> -> bench,0.6083,canon -> real,0.5167,sony -> real,60,67,0.0,0.256,0.153,60,90,10,0.0,0.147,6.7,canon,0.8,3,1.85,1.49,0.929,"canon 92%, sony 3%","canon 70%, <long> 26%",0.6019,0.142,1.016
r8_1191_bulb_vegetable,"Name a bulb vegetable. Reply with only the name, nothing else.",0.6278,<long> -> bench,0.5444,garlic -> real,0.5433,onion -> bench,60,67,0.0,0.256,0.153,60,90,25,0.0,0.133,7.2,onion,0.7,3,2.23,5.23,0.646,"onion 60%, garlic 10%","onion 51%, <long> 26%",0.6225,0.303,0.956
r8_1965_broadway_musical,"Name a broadway musical. Reply with only the name, nothing else.",0.6278,<long> -> bench,0.5861,hamilton -> real,0.527,hamilton -> real,60,67,0.0,0.256,0.153,60,90,21,0.0,0.12,7.8,hamilton,0.55,5,3.34,4.92,0.488,"hamilton 52%, phantom of the opera 32%","hamilton 34%, <long> 26%",0.6333,0.187,0.814
r8_0505_scavenger,"Name a scavenger. Reply with only the name, nothing else.",0.6278,<long> -> bench,0.5222,eagle -> bench,0.5358,vulture -> bench,58,64,0.033,0.289,0.187,60,90,87,0.0,0.187,8.9,vulture,0.65,3,2.21,60.61,0.107,"scavenger 10%, vulture 7%","<long> 29%, vulture 10%",0.6478,0.507,0.962
r8_1213_unit_of_length,"Name an unit of length. Reply with only the name, nothing else.",0.6278,meter -> real,0.6278,meter -> real,0.5594,meter -> real,60,71,0.0,0.211,0.127,60,90,19,0.0,0.127,5.9,meter,1.0,1,1.0,3.69,0.702,"meter 77%, inch 7%","meter 51%, <long> 21%",0.6267,0.195,0.935
r8_1219_hospital_department,"Name a type of hospital department. Reply with only the name, nothing else.",0.6278,emergency department -> real,0.6278,emergency department -> real,0.5855,emergency department -> real,60,69,0.0,0.233,0.14,60,90,21,0.0,0.12,6.9,emergency department,0.7,3,2.11,6.63,0.442,"emergency department 53%, emergency room 17%","emergency department 28%, <long> 23%",0.6142,0.137,1.087
r8_1240_social_institution,"Name a social institution. Reply with only the name, nothing else.",0.6278,<long> -> bench,0.5917,school -> real,0.5756,family -> bench,60,67,0.0,0.256,0.153,60,90,33,0.0,0.133,6.8,family,0.75,3,1.99,10.39,0.346,"school 32%, family 27%","family 31%, <long> 26%",0.5961,0.238,0.88
r8_0512_outerwear,"Name a type of outerwear. Reply with only the name, nothing else.",0.6278,<long> -> bench,0.6278,trench coat -> real,0.6204,jacket -> bench,60,67,0.0,0.256,0.153,60,90,27,0.0,0.147,7.5,jacket,0.75,2,1.75,8.3,0.394,"trench coat 30%, jacket 27%","jacket 38%, <long> 26%",0.6236,0.164,1.15
r8_0521_demon,"Name a demon. Reply with only the name, nothing else.",0.6278,<long> -> bench,0.5583,asmodeus -> real,0.5509,baphomet -> real,60,67,0.0,0.256,0.153,60,90,57,0.0,0.14,8.2,asmodeus,0.55,6,3.58,22.13,0.331,"asmodeus 35%, baphomet 12%","<long> 26%, asmodeus 23%",0.5983,0.401,1.065
r8_0372_dried_fruit,"Name a dried fruit. Reply with only the name, nothing else.",0.6278,raisins -> real,0.6278,raisins -> real,0.5837,raisin -> bench,59,66,0.017,0.267,0.167,60,90,18,0.0,0.16,8.2,raisins,0.6,5,3.24,5.41,0.456,"raisins 53%, apricot 20%","raisins 28%, <long> 27%",0.6367,0.281,0.89
r8_0415_knife_type,"Name a knife type. Reply with only the name, nothing else.",0.6278,<long> -> bench,0.5972,bowie -> real,0.5762,bowie -> real,60,67,0.0,0.256,0.153,60,90,55,0.0,0.14,7.6,chefs knife,0.55,7,4.23,26.11,0.236,"bowie 32%, chefs knife 8%","<long> 26%, bowie 12%",0.6342,0.324,0.89
r8_0731_alien_species,"Name an alien species. Reply with only the name, nothing else.",0.6278,<long> -> bench,0.5472,xyloth -> real,0.5434,xyloth -> real,60,67,0.0,0.256,0.153,60,90,64,0.0,0.14,8.2,xenomorph,0.2,13,10.9,37.08,0.142,"xyloth 12%, xenomorph 12%","<long> 26%, xenomorph 12%",0.6189,0.346,0.981
r8_0709_spiritual_practice,"Name a spiritual practice. Reply with only the name, nothing else.",0.6278,<long> -> bench,0.575,meditation -> real,0.5364,zen -> bench,60,67,0.0,0.256,0.153,60,90,28,0.0,0.133,7.9,meditation,0.85,4,1.8,8.6,0.465,"meditation 48%, mindfulness 13%","meditation 33%, <long> 26%",0.5919,0.293,0.961
r8_0429_ecosystem,"Name an ecosystem. Reply with only the name, nothing else.",0.6278,<long> -> bench,0.5278,amazon -> real,0.5373,tundra -> bench,60,67,0.0,0.256,0.153,60,90,65,0.0,0.14,7.5,rainforest,0.55,5,3.34,37.84,0.15,"amazon rainforest 12%, amazon 10%","<long> 26%, amazon rainforest 13%",0.5964,0.434,0.622
r8_0441_search_engine,"Name a search engine. Reply with only the name, nothing else.",0.6278,<long> -> bench,0.5861,google -> real,0.5276,duckduckgo -> real,60,67,0.0,0.256,0.153,60,90,10,0.0,0.12,6.8,google,1.0,1,1.0,2.02,0.843,"google 82%, duckduckgo 10%","google 64%, <long> 26%",0.6331,0.156,0.935
r8_1703_university,"Name an university. Reply with only the name, nothing else.",0.6278,<long> -> bench,0.5639,stanford university -> real,0.5601,stanford university -> real,60,67,0.0,0.256,0.153,60,90,31,0.0,0.133,7.9,harvard university,0.9,2,1.38,8.07,0.488,"harvard university 47%, stanford university 15%","harvard university 38%, <long> 26%",0.6142,0.178,0.821
r8s_1166_reef,"Suggest a type of reef. Reply with only the name, nothing else.",0.6278,<long> -> bench,0.5444,barrier reef -> real,0.5637,coral reef -> bench,60,67,0.0,0.256,0.153,60,90,42,0.0,0.147,7.7,fringing reef,0.45,6,4.33,20.91,0.142,"fringing reef 15%, coral 10%","<long> 26%, coral reef 14%",0.5936,0.312,0.901
r8_0369_alien,"Name an alien. Reply with only the name, nothing else.",0.6278,<long> -> bench,0.5444,vulcan -> real,0.5425,vulcan -> real,60,67,0.0,0.256,0.153,60,90,72,0.0,0.147,8.2,xenomorph,0.25,12,9.87,46.93,0.126,"xenomorph 12%, vulcan 10%","<long> 26%, xenomorph 10%",0.6042,0.443,0.995
r8_0368_wine,"Name a wine. Reply with only the name, nothing else.",0.6278,<long> -> bench,0.6194,cabernet sauvignon -> real,0.6185,chardonnay -> bench,60,67,0.0,0.256,0.153,60,90,29,0.0,0.153,8.7,chardonnay,0.5,6,4.17,11.42,0.244,"cabernet sauvignon 35%, château margaux 27%","<long> 26%, chardonnay 19%",0.6053,0.241,0.983
r8_0367_unit_of_distance,"Name an unit of distance. Reply with only the name, nothing else.",0.6278,<long> -> bench,0.5833,mile -> real,0.5719,mile -> real,60,67,0.0,0.256,0.153,60,90,16,0.0,0.127,6.5,meter,0.75,3,2.08,3.9,0.63,"meter 60%, mile 23%","meter 49%, <long> 26%",0.6119,0.252,0.834
r8_0722_tv_channel,"Name a tv channel. Reply with only the name, nothing else.",0.6278,<long> -> bench,0.5389,cnn -> real,0.5285,hbo -> real,60,67,0.0,0.256,0.153,60,90,39,0.0,0.14,6.7,bbc,0.5,7,4.67,14.82,0.299,"cnn 30%, bbc 17%","<long> 26%, cnn 22%",0.5847,0.343,0.964
r8_0706_athlete,"Name an athlete. Reply with only the name, nothing else.",0.6278,<long> -> bench,0.5917,lebron james -> real,0.5859,lebron james -> real,60,67,0.0,0.256,0.153,60,90,40,0.0,0.147,8.3,usain bolt,0.25,13,10.58,20.88,0.126,"lebron james 22%, lionel messi 15%","<long> 26%, serena williams 12%",0.5897,0.328,0.938
r8_1544_track_and_field_event,"Name a track and field event. Reply with only the name, nothing else.",0.6278,<long> -> bench,0.5583,100m -> real,0.5526,100m -> real,60,67,0.0,0.256,0.153,60,90,25,0.0,0.14,8.5,100 meters,0.45,8,5.64,12.59,0.22,"100 meters 17%, 100m 15%","<long> 26%, 100 meters 20%",0.5911,0.228,0.991
r8_0801_type_of_shakespearean,"Name a type of shakespearean villain. Reply with only the name, nothing else.",0.6278,<long> -> bench,0.5528,iago -> bench,0.6021,iago -> bench,58,64,0.033,0.289,0.187,60,90,61,0.0,0.173,8.9,machiavellian,0.2,13,11.19,30.17,0.262,"iago 15%, macbeth 8%","<long> 29%, iago 26%",0.6364,0.361,0.958
r8_0322_chart,"Name a chart. Reply with only the name, nothing else.",0.6278,<long> -> bench,0.5639,bar chart -> real,0.5505,bar chart -> real,56,61,0.067,0.322,0.22,60,90,77,0.0,0.18,9.2,bar chart,0.5,4,2.99,47.58,0.179,"bar chart 22%, pie chart 8%","<long> 32%, bar chart 9%",0.6014,0.544,0.822
r8_0318_historical_era,"Name a historical era. Reply with only the name, nothing else.",0.6278,<long> -> bench,0.5333,middle ages -> real,0.5243,renaissance -> bench,60,67,0.0,0.256,0.153,60,90,45,0.0,0.113,7.4,middle ages,0.55,6,3.85,18.13,0.276,"renaissance 25%, middle ages 17%","<long> 26%, renaissance 22%",0.5808,0.336,0.54
r8_0343_domestic_cat_breed,"Name a domestic cat breed. Reply with only the name, nothing else.",0.6278,<long> -> bench,0.575,maine coon -> real,0.584,siamese -> bench,60,67,0.0,0.256,0.153,60,90,23,0.0,0.133,8.3,siamese,0.4,5,3.84,7.43,0.339,"maine coon 32%, siamese 25%","siamese 31%, <long> 26%",0.5994,0.226,0.923
r8_0220_philosophical_concept,"Name a philosophical concept. Reply with only the name, nothing else.",0.6278,<long> -> bench,0.5944,existentialism -> real,0.5582,existentialism -> real,60,67,0.0,0.256,0.153,60,90,60,0.0,0.14,8.4,existentialism,0.65,8,3.78,24.26,0.339,"existentialism 40%, stoicism 8%","<long> 26%, existentialism 21%",0.5892,0.419,1.017
r8_0720_form_of_media,"Name a form of media. Reply with only the name, nothing else.",0.6278,<long> -> bench,0.5444,podcast -> real,0.5425,podcast -> real,60,67,0.0,0.256,0.153,60,90,47,0.0,0.14,7.0,newspaper,0.35,7,5.42,26.78,0.134,"book 15%, film 12%","<long> 26%, book 9%",0.6031,0.378,0.92
r8_1893_household_electronic,"Name a household electronic. Reply with only the name, nothing else.",0.6278,<long> -> bench,0.6139,toaster -> real,0.5643,toaster -> real,60,67,0.0,0.256,0.153,60,90,31,0.0,0.127,7.6,toaster,0.5,3,2.83,8.52,0.449,"toaster 52%, refrigerator 20%","toaster 29%, <long> 26%",0.6247,0.333,0.972
r8_0695_president,"Name a president. Reply with only the name, nothing else.",0.6278,<long> -> bench,0.5444,washington -> real,0.584,george washington -> bench,60,67,0.0,0.256,0.153,60,90,22,0.0,0.153,7.6,washington,0.35,5,3.88,7.08,0.339,"george washington 25%, washington 23%","george washington 31%, <long> 26%",0.6031,0.29,0.879
r8_1352_ritual,"Name a ritual. Reply with only the name, nothing else.",0.6278,<long> -> bench,0.5111,thanksgiving -> bench,0.5164,thanksgiving -> bench,56,61,0.067,0.322,0.22,60,90,108,0.0,0.187,9.4,passover seder,0.1,18,17.41,102.08,0.026,"<long> 7%, file reading ritual 2%","<long> 32%, thanksgiving 2%",0.5908,0.592,0.796
r8_0673_angel,"Name an angel. Reply with only the name, nothing else.",0.6278,<long> -> bench,0.55,archangel michael -> real,0.5716,michael -> bench,60,67,0.0,0.256,0.153,60,90,45,0.0,0.14,7.1,michael,0.7,5,2.67,17.97,0.276,"michael 20%, gabriel 13%","<long> 26%, michael 26%",0.5856,0.358,0.689
r8_1220_neurotransmitter,"Name a neurotransmitter. Reply with only the name, nothing else.",0.6278,<long> -> bench,0.6194,serotonin -> real,0.526,serotonin -> real,60,67,0.0,0.256,0.153,60,90,4,0.0,0.14,7.5,serotonin,0.75,2,1.75,1.8,0.756,"serotonin 78%, dopamine 22%","serotonin 54%, <long> 26%",0.6297,0.063,1.06
r8_0653_flower_reproductive_pa,"Name a flower reproductive part. Reply with only the name, nothing else.",0.6278,<long> -> bench,0.6083,stamen -> real,0.565,petal -> bench,60,67,0.0,0.256,0.153,60,90,9,0.0,0.147,7.6,stamen,0.75,4,2.28,3.44,0.535,"stamen 58%, pistil 18%","stamen 37%, <long> 26%",0.6239,0.128,0.885
r8_1362_saxophone,"Name a saxophone. Reply with only the name, nothing else.",0.6278,<long> -> bench,0.5472,alto -> real,0.5333,sax -> real,60,67,0.0,0.256,0.153,60,90,46,0.0,0.133,7.6,alto,0.8,3,1.89,14.35,0.425,"alto 42%, alto saxophone 10%","alto 32%, <long> 26%",0.6539,0.292,0.689
r8_0773_rocket,"Name a rocket. Reply with only the name, nothing else.",0.6278,<long> -> bench,0.6194,falcon 9 -> real,0.5889,falcon 9 -> real,60,67,0.0,0.256,0.153,60,90,35,0.0,0.153,8.2,falcon 9,0.9,3,1.48,10.09,0.323,"falcon 9 42%, falcon 20%","falcon 26%, <long> 26%",0.6267,0.291,0.985
r8_0825_urodele,"Name an urodele. Reply with only the name, nothing else.",0.6278,<long> -> bench,0.575,salamander -> real,0.5787,axolotl -> bench,60,67,0.0,0.256,0.153,60,90,18,0.0,0.153,8.6,salamander,0.8,4,2.03,4.88,0.433,"axolotl 35%, salamander 32%","axolotl 38%, <long> 26%",0.6572,0.105,0.896
r8_0797_athlete,"Name an athlete. Reply with only the name, nothing else.",0.6278,<long> -> bench,0.575,lebron james -> real,0.5693,lebron james -> real,60,67,0.0,0.256,0.153,60,90,35,0.0,0.147,8.1,serena williams,0.25,10,7.59,19.72,0.11,"lebron james 18%, usain bolt 12%","<long> 26%, michael phelps 9%",0.595,0.328,0.94
r8s_0657_party_supply,"Suggest a type of party supply. Reply with only the name, nothing else.",0.6278,<long> -> bench,0.5306,balloon -> bench,0.5439,balloon -> bench,60,67,0.0,0.256,0.153,60,90,53,0.0,0.147,8.2,confetti cannon,0.2,12,10.44,28.72,0.181,"balloons 17%, confetti cannons 12%","<long> 26%, balloons 14%",0.5994,0.291,0.884
r8_0574_spice,"Name a spice. Reply with only the name, nothing else.",0.6278,<long> -> bench,0.5417,cinnamon -> real,0.5342,cardamom -> real,60,67,0.0,0.256,0.153,60,90,29,0.0,0.147,7.8,cinnamon,0.9,3,1.48,8.41,0.433,"cinnamon 42%, paprika 18%","cinnamon 33%, <long> 26%",0.6,0.265,0.774
r8_0536_rapper,"Name a rapper. Reply with only the name, nothing else.",0.6278,<long> -> bench,0.5972,kendrick lamar -> real,0.5311,eminem -> real,60,67,0.0,0.256,0.153,60,90,21,0.0,0.147,8.6,jay-z,0.4,4,3.34,5.64,0.551,"kendrick lamar 58%, eminem 17%","kendrick lamar 39%, <long> 26%",0.6244,0.266,0.847
r8_0584_government_type,"Name a government type. Reply with only the name, nothing else.",0.6278,<long> -> bench,0.5694,democracy -> real,0.525,constitutional monarchy -> real,60,67,0.0,0.256,0.153,60,90,25,0.0,0.153,7.4,democracy,0.75,4,2.23,8.45,0.394,"democracy 42%, federal republic 15%","democracy 28%, <long> 26%",0.5911,0.19,0.947
r8_1336_microgreen,"Name a microgreen. Reply with only the name, nothing else.",0.6278,<long> -> bench,0.5667,sunflower -> real,0.5874,radish -> bench,60,67,0.0,0.256,0.153,60,90,43,0.0,0.147,7.8,radish,0.7,4,2.56,17.18,0.276,"radish 18%, pea 18%","radish 27%, <long> 26%",0.6042,0.27,1.011
r8_1892_superhero_from_dc_comi,"Name a superhero from dc comic. Reply with only the name, nothing else.",0.6278,superman -> real,0.6278,superman -> real,0.5728,superman -> real,60,71,0.0,0.211,0.127,60,90,14,0.0,0.12,6.3,batman,0.6,3,2.28,3.17,0.588,"superman 67%, batman 30%","superman 41%, batman 24%",0.6314,0.096,0.885
r8_1832_prehistoric_creature,"Name a type of prehistoric creature. Reply with only the name, nothing else.",0.6278,<long> -> bench,0.5556,t-rex -> real,0.5751,dinosaur -> bench,60,67,0.0,0.256,0.153,60,90,19,0.0,0.147,8.5,t-rex,0.45,6,4.46,7.03,0.394,"t-rex 40%, triceratops 17%","t-rex 29%, <long> 26%",0.6042,0.096,0.961
r8_1287_sushi_fish,"Name a sushi fish. Reply with only the name, nothing else.",0.6278,<long> -> bench,0.6,tuna -> real,0.5714,tuna -> real,60,67,0.0,0.256,0.153,60,90,28,0.0,0.12,7.2,salmon,0.65,2,1.91,6.7,0.433,"salmon 40%, tuna 37%","salmon 34%, <long> 26%",0.6244,0.24,0.752
r8_1817_department_store,"Name a department store. Reply with only the name, nothing else.",0.6278,<long> -> bench,0.5556,macys -> real,0.557,macys -> bench,60,67,0.0,0.256,0.153,60,90,19,0.0,0.147,8.2,macys,1.0,1,1.0,2.51,0.827,"macys 77%, nordstrom 5%","macys 66%, <long> 26%",0.6069,0.209,0.887
r8_0855_food_group,"Name a food group. Reply with only the name, nothing else.",0.6278,<long> -> bench,0.6139,dairy -> real,0.5986,dairy -> real,60,67,0.0,0.256,0.153,60,90,23,0.0,0.153,7.7,fruits,0.5,4,3.13,10.05,0.213,"dairy 32%, vegetables 28%","<long> 26%, fruits 18%",0.5972,0.167,0.975
r8_1793_us_city,"Name an us city. Reply with only the name, nothing else.",0.6278,<long> -> bench,0.6083,chicago -> real,0.5797,chicago -> real,60,67,0.0,0.256,0.153,60,90,21,0.0,0.153,7.0,chicago,0.45,4,3.02,8.46,0.299,"chicago 38%, new york 23%","<long> 26%, new york 19%",0.5981,0.108,0.756
r8_1175_country_singer,"Name a country singer. Reply with only the name, nothing else.",0.6278,<long> -> bench,0.5361,eminem -> real,0.5342,eminem -> real,60,67,0.0,0.256,0.153,60,90,48,0.0,0.147,8.2,dolly parton,0.2,12,10.17,26.41,0.165,"taylor swift 17%, dolly parton 10%","<long> 26%, taylor swift 12%",0.6169,0.4,0.969
r8s_0001_natural_disaster,"Suggest a type of natural disaster. Reply with only the name, nothing else.",0.6278,<long> -> bench,0.5861,tsunami -> real,0.5785,tsunami -> real,60,67,0.0,0.256,0.153,60,90,20,0.0,0.153,7.6,earthquake,0.75,4,2.23,7.05,0.449,"earthquake 40%, tsunami 22%","earthquake 37%, <long> 26%",0.6217,0.23,0.999
r8s_0054_mythological_creature,"Suggest a type of mythological creature. Reply with only the name, nothing else.",0.6278,<long> -> bench,0.5417,phoenix -> real,0.5359,phoenix -> real,60,67,0.0,0.256,0.153,60,90,41,0.0,0.14,7.7,phoenix,0.3,8,5.79,14.5,0.394,"griffin 37%, phoenix 12%","griffin 31%, <long> 26%",0.6,0.375,0.951
r8_1133_meteor,"Name a meteor. Reply with only the name, nothing else.",0.6278,<long> -> bench,0.55,perseid -> bench,0.5786,perseid -> bench,60,67,0.0,0.256,0.153,60,90,84,0.0,0.133,7.8,perseid,0.55,9,4.99,54.91,0.15,"vega 8%, perseverance 8%","<long> 26%, perseid 17%",0.6067,0.447,0.738
r8_1160_nereid,"Name a nereid. Reply with only the name, nothing else.",0.6278,<long> -> bench,0.5639,thetis -> real,0.5831,nereid -> bench,60,67,0.0,0.256,0.153,60,90,62,0.0,0.127,7.8,nereus,0.4,5,3.85,21.27,0.354,"nereid 27%, thetis 18%","nereid 32%, <long> 26%",0.6061,0.35,0.806
r8_0026_crustacean,"Name a crustacean. Reply with only the name, nothing else.",0.6278,<long> -> bench,0.5556,lobster -> real,0.5517,lobster -> real,60,67,0.0,0.256,0.153,60,90,16,0.0,0.147,7.5,crab,0.85,3,1.68,3.36,0.709,"crab 67%, lobster 13%","crab 56%, <long> 26%",0.6217,0.335,1.064
r8_0014_piece_of_furniture,"Name a type of piece of furniture. Reply with only the name, nothing else.",0.6278,<long> -> bench,0.5583,sofa -> real,0.5553,table -> bench,60,67,0.0,0.256,0.153,60,90,14,0.0,0.147,6.9,chair,0.7,4,2.39,4.36,0.543,"chair 50%, sofa 22%","chair 43%, <long> 26%",0.6139,0.219,0.863
r8_0656_literary_form,"Name a literary form. Reply with only the name, nothing else.",0.6278,<long> -> bench,0.5556,sonnet -> real,0.5398,sonnet -> bench,60,67,0.0,0.256,0.153,60,90,16,0.0,0.14,7.3,sonnet,0.6,5,3.18,3.47,0.709,"sonnet 67%, poem 10%","sonnet 56%, <long> 26%",0.6089,0.351,1.087
r8_0392_glaze,"Name a glaze. Reply with only the name, nothing else.",0.6278,<long> -> bench,0.5278,glaze -> bench,0.5373,glaze -> bench,60,67,0.0,0.256,0.153,60,90,108,0.0,0.113,7.6,clear,0.1,15,14.14,98.2,0.039,"celadon 3%, emerald 3%","<long> 26%, glaze 6%",0.6031,0.569,1.01
r8_0638_glass_item,"Name a glass item. Reply with only the name, nothing else.",0.6278,<long> -> bench,0.5556,goblet -> real,0.5517,goblet -> real,60,67,0.0,0.256,0.153,60,90,50,0.0,0.127,7.5,window,0.25,12,9.46,27.61,0.15,"vase 15%, goblet 13%","<long> 26%, vase 11%",0.5836,0.366,0.626
r8_1834_bed_sheet,"Name a bed sheet. Reply with only the name, nothing else.",0.6278,<long> -> bench,0.5528,fitted -> real,0.5637,sheet -> bench,60,67,0.0,0.256,0.153,60,90,38,0.0,0.127,7.3,fitted sheet,0.35,12,8.58,17.98,0.165,"flannel 18%, fitted sheet 17%","<long> 26%, sheet 14%",0.5972,0.367,0.902
r8_1822_sweater,"Name a sweater. Reply with only the name, nothing else.",0.6278,<long> -> bench,0.5333,sweater -> bench,0.5593,sweater -> bench,58,64,0.033,0.289,0.187,60,90,64,0.0,0.173,8.6,cardigan,0.3,10,7.29,35.45,0.131,"cardigan 13%, cozy 7%","<long> 29%, sweater 13%",0.5903,0.355,0.795
r8_0211_writing_surface,"Name a writing surface. Reply with only the name, nothing else.",0.6278,<long> -> bench,0.5528,desk -> real,0.5848,paper -> bench,60,67,0.0,0.256,0.153,60,90,49,0.0,0.133,7.1,paper,0.7,5,2.74,19.55,0.323,"paper 23%, desk 12%","paper 30%, <long> 26%",0.5869,0.308,0.921
r8s_1362_saxophone,"Suggest a type of saxophone. Reply with only the name, nothing else.",0.6278,<long> -> bench,0.6028,alto -> real,0.5868,alto saxophone -> real,60,67,0.0,0.256,0.153,60,90,21,0.0,0.147,7.7,alto,0.55,5,3.34,4.08,0.661,"alto 68%, alto saxophone 23%","alto 48%, <long> 26%",0.7086,0.208,1.077
r8_1421_ice_cream_cone,"Name an ice cream cone. Reply with only the name, nothing else.",0.6278,<long> -> bench,0.5556,chocolate chip -> real,0.5517,chocolate chip -> real,60,67,0.0,0.256,0.153,60,90,74,0.0,0.153,7.8,ice cream cone,0.1,19,18.66,50.8,0.079,"chocolate chip 13%, scoops 5%","<long> 26%, chocolate 9%",0.5928,0.351,0.845
r8_0920_poetic_device,"Name a poetic device. Reply with only the name, nothing else.",0.6278,<long> -> bench,0.5833,metaphor -> real,0.5228,simile -> real,60,67,0.0,0.256,0.153,60,90,11,0.0,0.153,8.2,metaphor,0.4,4,3.34,3.76,0.551,"metaphor 57%, alliteration 23%","metaphor 40%, <long> 26%",0.6314,0.392,1.164
r8_0243_phase_of_the_moon,"Name a phase of the moon. Reply with only the name, nothing else.",0.6278,<long> -> bench,0.5833,waxing gibbous -> real,0.5776,waxing gibbous -> real,60,67,0.0,0.256,0.153,60,90,21,0.0,0.147,8.1,full moon,0.75,5,2.45,9.23,0.268,"full moon 25%, waxing gibbous 20%","<long> 26%, full moon 21%",0.6319,0.114,0.934
r8_1673_skill,"Name a skill. Reply with only the name, nothing else.",0.6278,<long> -> bench,0.5611,critical thinking -> bench,0.5921,critical thinking -> bench,58,64,0.033,0.289,0.187,60,90,78,0.0,0.173,8.1,cooking,0.3,8,6.26,52.47,0.131,"python 7%, public speaking 7%","<long> 29%, critical thinking 16%",0.6331,0.604,0.436
r8_1424_shade_of_red,"Name a shade of red. Reply with only the name, nothing else.",0.6278,<long> -> bench,0.5583,crimson -> real,0.5618,crimson -> bench,60,67,0.0,0.256,0.153,60,90,11,0.0,0.127,7.7,crimson,0.95,2,1.22,1.84,0.882,"crimson 82%, ruby 5%","crimson 70%, <long> 26%",0.6478,0.154,0.893
r8_0071_coffee_drink,"Name a coffee drink. Reply with only the name, nothing else.",0.6278,<long> -> bench,0.575,cappuccino -> real,0.5484,espresso -> bench,60,67,0.0,0.256,0.153,60,90,15,0.0,0.147,8.4,cappuccino,0.4,6,4.31,4.55,0.386,"cappuccino 42%, latte 28%","cappuccino 27%, <long> 26%",0.6219,0.131,0.867
r8_0037_percussion_instrument,"Name a type of percussion instrument. Reply with only the name, nothing else.",0.6278,<long> -> bench,0.5444,snare drum -> real,0.5417,conga -> real,60,67,0.0,0.256,0.153,60,90,27,0.0,0.133,8.0,snare drum,0.55,5,3.34,13.3,0.291,"snare drum 30%, timpani 12%","<long> 26%, snare drum 21%",0.6222,0.252,0.902
r8_1542_element_of_drama,"Name an element of drama. Reply with only the name, nothing else.",0.6278,conflict -> real,0.6278,conflict -> real,0.615,conflict -> real,59,70,0.017,0.222,0.14,60,90,70,0.0,0.12,6.6,conflict,0.55,8,4.54,32.87,0.248,"conflict 37%, plot 8%","<long> 22%, conflict 11%",0.6553,0.415,0.851
r8s_0055_mollusk,"Suggest a type of mollusk. Reply with only the name, nothing else.",0.6278,<long> -> bench,0.5611,clam -> real,0.5954,oyster -> bench,60,67,0.0,0.256,0.153,60,90,22,0.0,0.153,7.6,oyster,0.3,8,6.26,7.62,0.417,"oyster 32%, clam 23%","oyster 38%, <long> 26%",0.6036,0.293,0.947
r8_0917_peanut_butter,"Name a peanut butter. Reply with only the name, nothing else.",0.6278,<long> -> bench,0.5667,jif -> real,0.5647,skippy -> bench,60,67,0.0,0.256,0.153,60,90,37,0.0,0.133,7.5,jif,0.85,2,1.53,10.12,0.402,"skippy 33%, jif 27%","skippy 34%, <long> 26%",0.5969,0.298,0.777
r8_0903_grocery_store,"Name a grocery store. Reply with only the name, nothing else.",0.6278,<long> -> bench,0.5333,aldi -> real,0.5542,walmart -> bench,60,67,0.0,0.256,0.153,60,90,25,0.0,0.14,7.4,walmart,0.85,4,1.8,5.76,0.591,"walmart 53%, trader joes 12%","walmart 48%, <long> 26%",0.5992,0.224,0.981
r8_0189_carnival_ride,"Name a carnival ride. Reply with only the name, nothing else.",0.6278,<long> -> bench,0.5444,roller coaster -> real,0.5425,roller coaster -> real,60,67,0.0,0.256,0.153,60,90,39,0.0,0.14,8.3,ferris wheel,0.65,6,3.2,10.75,0.457,"ferris wheel 43%, teacups 15%","ferris wheel 36%, <long> 26%",0.6036,0.267,0.9
r8_1553_work_of_literature,"Name a type of work of literature. Reply with only the name, nothing else.",0.6278,<long> -> bench,0.5889,novel -> real,0.5622,novel -> real,60,67,0.0,0.256,0.153,60,90,30,0.0,0.147,7.7,novel,0.65,4,2.52,11.54,0.268,"novel 33%, poetry 20%","<long> 26%, novel 16%",0.6283,0.256,1.014
r8_1583_screw,"Name a screw. Reply with only the name, nothing else.",0.6278,<long> -> bench,0.5417,screw -> real,0.5383,wood screw -> bench,58,64,0.033,0.289,0.187,60,90,40,0.0,0.167,8.1,wood screw,0.35,7,5.36,12.53,0.41,"screw 38%, phillips 13%","screw 30%, <long> 29%",0.6044,0.338,0.896
r8_0999_microorganism,"Name a type of microorganism. Reply with only the name, nothing else.",0.6278,<long> -> bench,0.6139,bacteria -> real,0.5352,bacterium -> bench,60,67,0.0,0.256,0.153,60,90,13,0.0,0.133,7.5,bacteria,0.8,4,2.03,2.8,0.685,"bacteria 72%, bacterium 18%","bacteria 49%, <long> 26%",0.6583,0.128,1.13
r8_0978_bottle_material,"Name a bottle material. Reply with only the name, nothing else.",0.6278,<long> -> bench,0.5667,glass -> real,0.5478,glass -> bench,60,67,0.0,0.256,0.153,60,90,16,0.0,0.127,6.4,glass,0.95,2,1.22,2.22,0.85,"glass 80%, plastic 3%","glass 67%, <long> 26%",0.6792,0.148,0.947
r8_0018_gas,"Name a type of gas. Reply with only the name, nothing else.",0.6278,<long> -> bench,0.5667,methane -> real,0.5713,oxygen -> bench,60,67,0.0,0.256,0.153,60,90,23,0.0,0.147,7.5,oxygen,0.75,4,2.28,8.02,0.425,"oxygen 35%, methane 17%","oxygen 37%, <long> 26%",0.6111,0.298,1.236
r8_0025_arachnid,"Name an arachnid. Reply with only the name, nothing else.",0.6278,<long> -> bench,0.5861,tarantula -> real,0.5842,tarantula -> real,60,67,0.0,0.256,0.153,60,90,10,0.0,0.147,7.1,spider,0.85,2,1.53,2.6,0.724,"spider 67%, tarantula 18%","spider 58%, <long> 26%",0.5983,0.12,0.875
r8_1040_opera,"Name an opera. Reply with only the name, nothing else.",0.6278,<long> -> bench,0.5556,traviata -> real,0.5394,magic flute -> real,60,67,0.0,0.256,0.153,60,90,26,0.0,0.127,8.7,traviata,0.6,4,2.63,6.52,0.512,"traviata 50%, magic flute 18%","traviata 39%, <long> 26%",0.6122,0.131,1.061
r8s_0141_renewable_energy_sourc,"Suggest a type of renewable energy source. Reply with only the name, nothing else.",0.6278,<long> -> bench,0.6083,solar -> real,0.5092,solar energy -> real,60,67,0.0,0.256,0.153,60,90,9,0.0,0.153,6.7,solar,0.65,4,2.52,1.72,0.89,"solar 88%, solar power 3%","solar 67%, <long> 26%",0.6469,0.12,0.99
r8s_0069_dairy_product,"Suggest a type of dairy product. Reply with only the name, nothing else.",0.6278,<long> -> bench,0.5583,greek yogurt -> real,0.5583,greek yogurt -> real,60,67,0.0,0.256,0.153,60,90,26,0.0,0.153,7.8,cheese,0.3,6,5.02,7.97,0.48,"cheddar 45%, greek yogurt 12%","cheddar 38%, <long> 26%",0.5939,0.295,1.06
r8_1006_wraith,"Name a wraith. Reply with only the name, nothing else.",0.6278,<long> -> bench,0.5333,wraith -> bench,0.5505,wraith -> bench,60,67,0.0,0.256,0.153,60,90,114,0.0,0.14,7.8,wraith,0.15,17,15.83,98.77,0.087,"wraith 3%, death 3%","<long> 26%, wraith 10%",0.5925,0.638,0.733
r8_0107_jam,"Name a jam. Reply with only the name, nothing else.",0.6278,<long> -> bench,0.6028,strawberry -> bench,0.6524,strawberry -> bench,60,67,0.0,0.256,0.153,60,90,78,0.0,0.14,7.7,strawberry,0.85,4,1.8,36.52,0.244,"jam 13%, strawberry 8%","strawberry 29%, <long> 26%",0.6372,0.446,0.766
r8s_1742_rock_texture,"Suggest a type of rock texture. Reply with only the name, nothing else.",0.625,<long> -> bench,0.5611,phaneritic -> bench,0.6007,phaneritic -> bench,59,66,0.017,0.267,0.167,60,90,39,0.0,0.153,8.1,phaneritic,0.35,8,6.17,18.35,0.208,"sandstone 13%, granite 13%","<long> 27%, phaneritic 22%",0.6114,0.284,1.031
r8_0990_caviar,"Name a caviar. Reply with only the name, nothing else.",0.625,<long> -> bench,0.5861,beluga -> real,0.5698,beluga -> real,57,63,0.05,0.3,0.2,60,90,44,0.0,0.187,9.4,beluga,0.35,5,3.95,15.87,0.225,"beluga 28%, ossetra 20%","<long> 30%, ossetra 14%",0.6111,0.287,0.777
r8_1654_cable,"Name a cable. Reply with only the name, nothing else.",0.625,<long> -> bench,0.5583,hdmi -> real,0.5535,hdmi -> real,59,66,0.017,0.267,0.167,60,90,68,0.0,0.14,7.5,copper,0.3,11,8.63,39.44,0.136,"hdmi 15%, ethernet 12%","<long> 27%, ethernet 11%",0.6136,0.373,0.864
r8_0237_reality_show,"Name a reality show. Reply with only the name, nothing else.",0.625,<long> -> bench,0.5806,survivor -> real,0.5273,rupauls drag race -> real,55,60,0.083,0.333,0.233,60,90,28,0.0,0.147,8.3,survivor,0.85,4,1.8,6.33,0.591,"survivor 55%, bachelor 10%","survivor 39%, <long> 33%",0.6003,0.206,0.957
r8_1095_minotaur,"Name a minotaur. Reply with only the name, nothing else.",0.625,<long> -> bench,0.5167,theseus -> real,0.5453,minotaur -> bench,59,66,0.017,0.267,0.167,60,90,59,0.0,0.167,8.6,theseus,0.3,11,7.81,22.42,0.336,"minotaur 28%, daedalus 10%","minotaur 28%, <long> 27%",0.5956,0.316,0.664
r8_1598_weave,"Name a weave. Reply with only the name, nothing else.",0.625,<long> -> bench,0.575,twill -> bench,0.6103,twill -> bench,57,63,0.05,0.3,0.2,60,90,88,0.0,0.18,8.6,plait,0.2,15,12.85,62.38,0.133,"weave 8%, <long> 5%","<long> 30%, twill 17%",0.6131,0.562,0.458
r8_1723_encyclopaedia,"Name an encyclopaedia. Reply with only the name, nothing else.",0.625,<long> -> bench,0.5889,encyclopædia britannica -> real,0.575,encyclopædia britannica -> real,59,66,0.017,0.267,0.167,60,90,26,0.0,0.153,9.3,wikipedia,0.4,4,3.79,9.38,0.216,"encyclopædia britannica 27%, encyclopedia britannica 20%","<long> 27%, wikipedia 17%",0.6206,0.14,0.769
r8_0414_alphabet,"Name an alphabet. Reply with only the name, nothing else.",0.625,<long> -> bench,0.5861,a -> real,0.5856,a -> real,59,66,0.017,0.267,0.167,60,90,32,0.0,0.14,7.0,alphabet,0.35,6,4.48,15.0,0.168,"alpha 23%, a 18%","<long> 27%, latin 16%",0.6164,0.323,1.089
r8_0230_legend,"Name a legend. Reply with only the name, nothing else.",0.625,<long> -> bench,0.5194,legend -> real,0.5426,king arthur -> bench,57,63,0.05,0.3,0.2,60,90,83,0.0,0.16,8.2,robin hood,0.4,9,6.16,52.57,0.15,"king arthur 10%, legend 8%","<long> 30%, king arthur 13%",0.6269,0.593,0.655
r8_0280_moss,"Name a type of moss. Reply with only the name, nothing else.",0.625,<long> -> bench,0.5417,climacium -> real,0.5751,sphagnum -> bench,59,66,0.017,0.267,0.167,60,90,39,0.0,0.167,9.0,sphagnum,0.85,4,1.8,9.44,0.52,"sphagnum 43%, climacium 8%","sphagnum 43%, <long> 27%",0.59,0.258,1.044
r8_1658_mermaid,"Name a mermaid. Reply with only the name, nothing else.",0.625,<long> -> bench,0.6,ariel -> real,0.6053,ariel -> real,57,63,0.05,0.3,0.2,60,90,82,0.0,0.18,8.6,ariel,0.75,6,2.62,53.07,0.142,"ariel 20%, mermaid 13%","<long> 30%, mermaid 10%",0.6133,0.502,0.569
r8_0387_predator,"Name a predator. Reply with only the name, nothing else.",0.625,<long> -> bench,0.5778,tiger -> real,0.5899,lion -> bench,59,66,0.017,0.267,0.167,60,90,25,0.0,0.16,7.7,lion,0.7,4,2.39,7.12,0.4,"lion 30%, shark 22%","lion 36%, <long> 27%",0.5992,0.282,0.888
r8_0341_sandwich_filling,"Name a type of sandwich filling. Reply with only the name, nothing else.",0.625,turkey -> real,0.625,turkey -> real,0.5728,turkey -> real,59,71,0.017,0.211,0.133,60,90,21,0.0,0.12,6.0,turkey,0.5,3,2.8,4.83,0.615,"turkey 68%, tuna 8%","turkey 43%, <long> 21%",0.6144,0.413,0.834
r8_0365_monster,"Name a monster. Reply with only the name, nothing else.",0.625,kraken -> real,0.625,kraken -> real,0.5964,kraken -> real,60,70,0.0,0.222,0.133,60,90,63,0.0,0.113,6.9,kraken,0.7,7,3.15,24.8,0.346,"kraken 45%, behemoth 13%","<long> 22%, kraken 20%",0.5931,0.464,0.962
r8s_1421_ice_cream_cone,"Suggest a type of ice cream cone. Reply with only the name, nothing else.",0.625,<long> -> bench,0.5278,rocky road -> real,0.5419,waffle -> bench,59,66,0.017,0.267,0.167,60,90,77,0.0,0.147,7.9,waffle cone,0.15,16,14.77,52.13,0.112,"rocky road 7%, waffle 7%","<long> 27%, waffle 11%",0.5917,0.477,0.789
r8_1427_grape_wine,"Name a grape wine. Reply with only the name, nothing else.",0.625,<long> -> bench,0.5972,cabernet sauvignon -> real,0.5719,cabernet sauvignon -> real,59,66,0.017,0.267,0.167,60,90,24,0.0,0.147,8.5,cabernet sauvignon,0.5,4,3.35,8.15,0.336,"cabernet sauvignon 35%, merlot 32%","<long> 27%, merlot 26%",0.6092,0.282,0.986
r8_1507_children_s_tv_show,"Name a children's tv show. Reply with only the name, nothing else.",0.625,bluey -> real,0.625,bluey -> real,0.6495,spongebob squarepants -> bench,60,68,0.0,0.244,0.147,60,90,20,0.0,0.14,8.7,bluey,0.35,6,4.53,7.33,0.305,"bluey 32%, sesame street 32%","spongebob squarepants 29%, <long> 24%",0.605,0.216,1.125
r8_0740_wall_decoration,"Name a wall decoration. Reply with only the name, nothing else.",0.625,<long> -> bench,0.5222,tapestry -> real,0.5227,wallpaper -> bench,59,66,0.017,0.267,0.167,60,90,83,0.0,0.153,8.2,wall mural,0.15,15,13.42,56.3,0.128,"mural 13%, tapestry 10%","<long> 27%, mural 9%",0.5864,0.425,0.94
r8_0714_supernova,"Name a supernova. Reply with only the name, nothing else.",0.625,<long> -> bench,0.5583,betelgeuse -> real,0.5535,betelgeuse -> real,59,66,0.017,0.267,0.167,60,90,41,0.0,0.16,10.4,sn 1987a,0.7,6,2.94,12.28,0.44,"sn 1987a 43%, betelgeuse 15%","sn 1987a 32%, <long> 27%",0.6064,0.234,0.87
r8_1275_woodland_plant,"Name a woodland plant. Reply with only the name, nothing else.",0.625,fern -> real,0.625,fern -> real,0.6017,fern -> real,60,73,0.0,0.189,0.113,60,90,34,0.0,0.107,6.0,bluebell,0.45,6,4.06,12.05,0.338,"fern 45%, oak 13%","fern 20%, <long> 19%",0.6603,0.272,0.924
r8_1919_bunny_hop,"Name a bunny hop. Reply with only the name, nothing else.",0.625,<long> -> bench,0.5389,bunny -> bench,0.553,bunny -> bench,59,66,0.017,0.267,0.167,60,90,93,0.0,0.153,7.9,bunny hop,0.25,15,12.48,70.72,0.088,"bunny hop 10%, rabbit 7%","<long> 27%, bunny 8%",0.5925,0.603,0.92
r8_1811_office_item,"Name an office item. Reply with only the name, nothing else.",0.625,<long> -> bench,0.5611,stapler -> real,0.5749,chair -> bench,59,66,0.017,0.267,0.167,60,90,27,0.0,0.16,8.3,stapler,0.75,4,2.23,9.37,0.432,"stapler 43%, whiteboard 10%","stapler 31%, <long> 27%",0.6033,0.262,0.833
r8_1271_ancient_grain,"Name an ancient grain. Reply with only the name, nothing else.",0.625,quinoa -> real,0.625,quinoa -> real,0.5455,quinoa -> real,59,67,0.017,0.256,0.16,60,90,27,0.0,0.16,7.7,quinoa,0.95,2,1.22,4.28,0.714,"quinoa 75%, barley 8%","quinoa 50%, <long> 26%",0.6286,0.297,0.82
r8_1228_theater_prop,"Name a theater prop. Reply with only the name, nothing else.",0.625,<long> -> bench,0.5472,sword -> bench,0.5673,sword -> bench,59,66,0.017,0.267,0.167,60,90,86,0.0,0.16,8.0,mask,0.15,13,11.38,67.18,0.088,"curtain 3%, prop 3%","<long> 27%, sword 11%",0.6136,0.575,0.889
r8s_0659_kombucha,"Suggest a type of kombucha. Reply with only the name, nothing else.",0.625,<long> -> bench,0.5778,ginger -> real,0.5152,black peach -> bench,59,66,0.017,0.267,0.167,60,90,47,0.0,0.16,8.1,ginger,0.5,10,5.9,8.56,0.608,"ginger 60%, green tea kombucha 3%","ginger 44%, <long> 27%",0.6303,0.317,1.074
r8_1548_clothing_for_special_o,"Name a clothing for special occasion. Reply with only the name, nothing else.",0.625,<long> -> bench,0.5889,tuxedo -> real,0.5112,evening gown -> real,59,66,0.017,0.267,0.167,60,90,21,0.0,0.153,8.8,tuxedo,0.75,2,1.75,3.39,0.752,"tuxedo 73%, evening gown 7%","tuxedo 56%, <long> 27%",0.6083,0.181,1.166
r8s_1929_keyboard_instrument,"Suggest a type of keyboard instrument. Reply with only the name, nothing else.",0.625,<long> -> bench,0.6028,piano -> real,0.5281,harpsichord -> real,59,66,0.017,0.267,0.167,60,90,21,0.0,0.147,7.9,piano,1.0,1,1.0,3.35,0.752,"piano 75%, harpsichord 10%","piano 54%, <long> 27%",0.6381,0.228,1.076
r8_0121_party_game,"Name a party game. Reply with only the name, nothing else.",0.625,<long> -> bench,0.5417,uno -> real,0.5424,uno -> real,59,66,0.017,0.267,0.167,60,90,54,0.0,0.153,7.8,codenames,0.35,8,5.74,31.25,0.12,"werewolf 15%, codenames 8%","<long> 27%, among us 9%",0.5825,0.429,0.911
r8_0739_tableware_item,"Name a tableware item. Reply with only the name, nothing else.",0.625,<long> -> bench,0.5944,plate -> real,0.5725,spoon -> bench,59,66,0.017,0.267,0.167,60,90,22,0.0,0.153,7.4,plate,0.95,2,1.22,6.26,0.424,"plate 47%, spoon 20%","plate 28%, <long> 27%",0.6169,0.277,0.959
r8_0694_exercise,"Name an exercise. Reply with only the name, nothing else.",0.625,<long> -> bench,0.5528,plank -> real,0.5553,plank -> real,55,60,0.083,0.333,0.233,60,90,67,0.0,0.193,10.1,push-up,0.6,6,3.56,36.61,0.235,"push-ups 17%, plank 12%","<long> 33%, push-ups 19%",0.6133,0.458,0.664
r8_0175_paper_product,"Name a paper product. Reply with only the name, nothing else.",0.625,<long> -> bench,0.5611,tissue -> real,0.5371,tissue -> real,59,66,0.017,0.267,0.167,60,90,41,0.0,0.147,7.9,tissue,0.3,8,5.94,18.92,0.232,"tissue 27%, kleenex 12%","<long> 27%, tissue 14%",0.6239,0.306,0.843
r8_1234_werewolf,"Name a werewolf. Reply with only the name, nothing else.",0.625,<long> -> bench,0.5278,frankenstein -> bench,0.5397,frankenstein -> bench,57,63,0.05,0.3,0.2,60,90,94,0.0,0.173,8.7,lupin,0.1,18,17.41,81.26,0.042,"<long> 5%, lupine 5%","<long> 30%, frankenstein 6%",0.5919,0.598,0.804
r8_0467_bathroom_item,"Name a bathroom item. Reply with only the name, nothing else.",0.625,<long> -> bench,0.5611,soap -> real,0.5487,soap -> real,59,66,0.017,0.267,0.167,60,90,23,0.0,0.16,8.1,toothbrush,0.45,7,4.35,11.1,0.2,"soap 20%, toilet brush 17%","<long> 27%, toilet paper 18%",0.6108,0.221,0.861
r8_0459_television_genre,"Name a television genre. Reply with only the name, nothing else.",0.625,<long> -> bench,0.5583,drama -> real,0.5535,drama -> real,59,66,0.017,0.267,0.167,60,90,30,0.0,0.113,7.1,science fiction,0.4,9,6.26,13.67,0.288,"sci-fi 27%, drama 15%","<long> 27%, sci-fi 22%",0.5917,0.316,0.908
r8_1934_slipper,"Name a slipper. Reply with only the name, nothing else.",0.625,<long> -> bench,0.5222,crocs -> bench,0.543,slipper -> bench,57,63,0.05,0.3,0.2,60,90,60,0.0,0.18,8.7,slipper,0.25,13,10.58,24.91,0.308,"slipper 25%, flip-flop 8%","<long> 30%, slipper 24%",0.6194,0.471,0.828
r8_0789_gift,"Name a gift. Reply with only the name, nothing else.",0.625,<long> -> bench,0.5583,book -> real,0.5169,no gift -> real,59,66,0.017,0.267,0.167,60,90,50,0.0,0.147,7.2,book,0.9,3,1.48,12.86,0.496,"book 48%, chocolate 5%","book 37%, <long> 27%",0.61,0.344,0.805
r8_1776_palace,"Name a palace. Reply with only the name, nothing else.",0.625,<long> -> bench,0.5222,versailles -> real,0.5449,palace of versailles -> bench,59,66,0.017,0.267,0.167,60,90,47,0.0,0.153,8.3,palace of versailles,0.6,5,3.01,20.55,0.2,"versailles 17%, palace of versailles 15%","<long> 27%, palace of versailles 18%",0.58,0.242,0.855
r8_1294_treatment,"Name a type of treatment. Reply with only the name, nothing else.",0.625,<long> -> bench,0.5583,cognitive behavioral therapy -> real,0.5774,chemotherapy -> bench,59,66,0.017,0.267,0.167,60,90,48,0.0,0.153,8.2,chemotherapy,0.85,3,1.68,16.53,0.336,"chemotherapy 25%, cognitive behavioral therapy 22%","chemotherapy 30%, <long> 27%",0.6053,0.413,0.812
r8_0626_ink_color,"Name an ink color. Reply with only the name, nothing else.",0.625,blue -> bench,0.625,blue -> bench,0.6757,blue -> bench,60,69,0.0,0.233,0.14,60,90,45,0.0,0.133,6.9,blue,0.45,8,5.35,17.06,0.271,"indigo 17%, crimson 15%","blue 33%, <long> 23%",0.6275,0.289,1.142
r8_0585_detective,"Name a detective. Reply with only the name, nothing else.",0.625,sherlock holmes -> real,0.625,sherlock holmes -> real,0.6006,sherlock holmes -> real,59,79,0.017,0.122,0.08,60,90,30,0.0,0.073,5.9,sherlock holmes,0.95,2,1.22,5.14,0.58,"sherlock holmes 68%, sherlock 12%","sherlock holmes 43%, sherlock 26%",0.5819,0.203,0.807
r8_0424_coffee_bean,"Name a coffee bean. Reply with only the name, nothing else.",0.625,arabica -> real,0.625,arabica -> real,0.5492,arabica -> real,60,71,0.0,0.211,0.127,60,90,21,0.0,0.12,7.0,arabica,1.0,1,1.0,3.25,0.763,"arabica 82%, ethiopian yirgacheffe 8%","arabica 57%, <long> 21%",0.6011,0.16,1.094
r8_1216_philosophical_school,"Name a philosophical school. Reply with only the name, nothing else.",0.625,stoicism -> real,0.625,stoicism -> real,0.5517,stoicism -> real,60,75,0.0,0.167,0.1,60,90,10,0.0,0.093,6.9,stoicism,0.95,2,1.22,1.51,0.926,"stoicism 98%, existentialism 2%","stoicism 73%, <long> 17%",0.595,0.14,0.844
r8_1968_manuscript,"Name a manuscript. Reply with only the name, nothing else.",0.625,<long> -> bench,0.5528,great gatsby -> real,0.5573,great gatsby -> real,53,57,0.117,0.367,0.267,60,90,96,0.0,0.2,10.9,codex sinaiticus,0.55,6,3.78,83.17,0.073,"<long> 12%, great gatsby 12%","<long> 37%, codex sinaiticus 6%",0.6361,0.441,0.81
r8_0831_edible_oil,"Name an edible oil. Reply with only the name, nothing else.",0.625,olive oil -> real,0.625,olive oil -> real,0.5692,olive oil -> real,60,69,0.0,0.233,0.14,60,90,14,0.0,0.127,7.3,olive oil,0.9,3,1.48,3.77,0.543,"olive oil 62%, olive 27%","olive oil 37%, <long> 23%",0.63,0.101,0.98
r8_1169_type_of_bread,"Name a type of bread. Reply with only the name, nothing else.",0.625,sourdough -> real,0.625,sourdough -> real,0.5581,sourdough -> real,60,71,0.0,0.211,0.127,60,90,12,0.0,0.107,7.3,sourdough,0.9,2,1.38,2.97,0.687,"sourdough 75%, baguette 15%","sourdough 50%, <long> 21%",0.6125,0.16,0.855
r8_0173_toy,"Name a toy. Reply with only the name, nothing else.",0.6222,<long> -> bench,0.5417,barbie -> real,0.5431,barbie -> real,58,65,0.033,0.278,0.18,60,90,62,0.0,0.167,8.2,lego,0.45,4,2.77,25.62,0.309,"lego 27%, barbie 8%","<long> 28%, lego 24%",0.6053,0.483,1.104
r8_1455_art_technique,"Name an art technique. Reply with only the name, nothing else.",0.6222,<long> -> bench,0.5583,impasto -> real,0.5505,fresco -> bench,60,68,0.0,0.244,0.147,60,90,31,0.0,0.133,7.6,impasto,0.4,7,4.94,10.67,0.367,"impasto 38%, pointillism 17%","impasto 27%, <long> 24%",0.6075,0.308,0.932
r8_1595_lipslide,"Name a lipslide. Reply with only the name, nothing else.",0.6222,<long> -> bench,0.5194,lipstick -> real,0.521,lipslide -> bench,56,62,0.067,0.311,0.213,60,90,87,0.0,0.193,9.4,lipslide,0.3,15,11.68,47.42,0.254,"lipslide 22%, <long> 7%","<long> 31%, lipslide 19%",0.6072,0.572,0.733
r8_1695_talent,"Name a talent. Reply with only the name, nothing else.",0.6222,<long> -> bench,0.5611,singing -> real,0.5613,singing -> real,58,65,0.033,0.278,0.18,60,90,94,0.0,0.167,8.8,singing,0.65,8,3.78,74.06,0.081,"singing 13%, elon musk 5%","<long> 28%, elon musk 8%",0.6067,0.595,0.708
r8_0338_ritual,"Name a ritual. Reply with only the name, nothing else.",0.6222,<long> -> bench,0.525,morning meditation -> real,0.5259,morning meditation -> real,58,65,0.033,0.278,0.18,60,90,110,0.0,0.133,8.3,hanukkah,0.15,17,15.83,103.71,0.024,"morning meditation 5%, <long> 3%","<long> 28%, bar mitzvah 3%",0.5967,0.592,0.799
r8_0362_mineral,"Name a mineral. Reply with only the name, nothing else.",0.6222,<long> -> bench,0.5722,quartz -> real,0.5436,gold -> real,60,68,0.0,0.244,0.147,60,90,13,0.0,0.133,7.2,quartz,1.0,1,1.0,2.16,0.836,"quartz 80%, gold 12%","quartz 66%, <long> 24%",0.6153,0.155,1.121
r8_0366_fjord,"Name a fjord. Reply with only the name, nothing else.",0.6222,<long> -> bench,0.575,geirangerfjord -> real,0.5601,geirangerfjord -> real,58,65,0.033,0.278,0.18,60,90,52,0.0,0.16,9.6,geirangerfjord,0.7,5,2.67,18.05,0.309,"geirangerfjord 25%, sognefjord 25%","<long> 28%, sognefjord 26%",0.6036,0.216,0.974
r8s_1272_element_of_nature,"Suggest a type of element of nature. Reply with only the name, nothing else.",0.6222,mountain -> real,0.6222,mountain -> real,0.5971,mountain -> real,60,68,0.0,0.244,0.147,60,90,50,0.0,0.133,6.7,mountain,0.4,10,6.89,21.92,0.297,"mountain 40%, water 7%","<long> 24%, mountain 16%",0.6269,0.445,1.076
r8s_1411_sensation,"Suggest a type of sensation. Reply with only the name, nothing else.",0.6222,<long> -> bench,0.5694,numbness -> real,0.5676,numbness -> real,60,68,0.0,0.244,0.147,60,90,60,0.0,0.127,7.1,tickle,0.25,12,9.87,32.52,0.156,"numbness 15%, tactile 13%","<long> 24%, tactile 13%",0.5931,0.382,0.93
r8_0216_spice_blend,"Name a spice blend. Reply with only the name, nothing else.",0.6222,<long> -> bench,0.5361,garam masala -> real,0.5289,garam masala -> real,60,68,0.0,0.244,0.147,60,90,81,0.0,0.14,8.4,garam masala,0.3,7,5.77,49.77,0.172,"ras el hanout 15%, garam masala 12%","<long> 24%, ras el hanout 14%",0.5925,0.487,0.807
r8_0342_plant_part,"Name a plant part. Reply with only the name, nothing else.",0.6222,<long> -> bench,0.5667,leaf -> real,0.527,leaves -> real,60,68,0.0,0.244,0.147,60,90,14,0.0,0.127,6.4,leaf,0.75,3,1.99,3.47,0.688,"leaf 67%, root 10%","leaf 53%, <long> 24%",0.6092,0.236,1.076
r8s_0034_ice_cream_flavor,"Suggest a type of ice cream flavor. Reply with only the name, nothing else.",0.6222,<long> -> bench,0.5944,salted caramel -> real,0.5926,salted caramel -> real,60,68,0.0,0.244,0.147,60,90,39,0.0,0.127,8.1,mint chocolate chip,0.3,6,4.56,17.76,0.258,"mint chip 22%, salted caramel 20%","<long> 24%, mint chip 22%",0.5969,0.271,0.98
r8_0270_hot_beverage,"Name a type of hot beverage. Reply with only the name, nothing else.",0.6222,<long> -> bench,0.6194,latte -> real,0.6123,latte -> real,60,68,0.0,0.244,0.147,60,90,24,0.0,0.133,6.9,coffee,0.45,6,4.06,7.76,0.305,"latte 28%, tea 20%","coffee 30%, <long> 24%",0.6061,0.227,0.911
r8s_1312_action_movie,"Suggest a type of action movie. Reply with only the name, nothing else.",0.6222,<long> -> bench,0.5417,action thriller -> real,0.5475,action-comedy -> bench,60,68,0.0,0.244,0.147,60,90,48,0.0,0.14,7.7,cyberpunk,0.2,14,11.99,24.32,0.141,"action 13%, action thriller 12%","<long> 24%, action-comedy 12%",0.5997,0.333,0.752
r8s_0081_team_sport,"Suggest a type of team sport. Reply with only the name, nothing else.",0.6222,<long> -> bench,0.575,basketball -> real,0.5426,basketball -> real,60,68,0.0,0.244,0.147,60,90,12,0.0,0.133,7.0,soccer,0.7,3,2.11,3.67,0.5,"soccer 48%, basketball 35%","soccer 39%, <long> 24%",0.615,0.186,1.059
r8_0210_cookware,"Name a type of cookware. Reply with only the name, nothing else.",0.6222,<long> -> bench,0.55,wok -> real,0.5549,pot -> bench,60,68,0.0,0.244,0.147,60,90,19,0.0,0.127,7.3,frying pan,0.3,8,6.26,11.08,0.203,"saucepan 18%, skillet 13%","<long> 24%, saucepan 17%",0.5875,0.244,0.906
r8_0310_drum,"Name a drum. Reply with only the name, nothing else.",0.6222,<long> -> bench,0.5278,timpani -> real,0.5304,snare -> bench,60,68,0.0,0.244,0.147,60,90,48,0.0,0.127,7.2,snare,0.8,2,1.65,22.14,0.266,"snare 23%, timpani 10%","<long> 24%, snare 22%",0.5825,0.4,0.883
r8s_0335_cheese,"Suggest a type of cheese. Reply with only the name, nothing else.",0.6222,<long> -> bench,0.5611,brie -> real,0.6069,cheddar -> bench,60,68,0.0,0.244,0.147,60,90,18,0.0,0.14,7.4,cheddar,0.85,3,1.68,4.78,0.547,"cheddar 43%, brie 20%","cheddar 49%, <long> 24%",0.5961,0.116,0.933
r8_0889_wind_pattern,"Name a wind pattern. Reply with only the name, nothing else.",0.6222,<long> -> bench,0.55,monsoon -> real,0.5392,monsoon -> real,60,68,0.0,0.244,0.147,60,90,53,0.0,0.133,7.5,monsoon,0.45,7,4.64,28.42,0.133,"monsoon 17%, bora 15%","<long> 24%, trade winds 11%",0.6022,0.376,0.921
r8_1987_painting,"Name a type of painting. Reply with only the name, nothing else.",0.6222,<long> -> bench,0.5583,impressionism -> real,0.5417,abstract expressionism -> real,60,68,0.0,0.244,0.147,60,90,21,0.0,0.14,7.9,impressionism,0.45,8,5.49,4.97,0.641,"impressionism 62%, abstract expressionism 8%","impressionism 50%, <long> 24%",0.6278,0.27,1.12
r8_1901_cheese_texture,"Name a type of cheese texture. Reply with only the name, nothing else.",0.6222,<long> -> bench,0.5694,cheddar -> real,0.5569,cheddar -> real,60,68,0.0,0.244,0.147,60,90,51,0.0,0.147,7.5,creamy,0.4,9,6.26,27.47,0.156,"cheddar 22%, brie 10%","<long> 24%, semi-hard 13%",0.5892,0.448,0.839
r8_0649_dance,"Name a dance. Reply with only the name, nothing else.",0.6222,<long> -> bench,0.5861,salsa -> real,0.5735,salsa -> real,60,68,0.0,0.244,0.147,60,90,55,0.0,0.127,7.2,ballet,0.45,4,3.29,24.85,0.203,"salsa 25%, tango 20%","<long> 24%, tango 16%",0.5939,0.375,0.791
r8_0108_symptom,"Name a symptom. Reply with only the name, nothing else.",0.6222,<long> -> bench,0.5361,headache -> real,0.5611,fever -> bench,58,65,0.033,0.278,0.18,60,90,72,0.0,0.147,8.1,fever,0.95,2,1.22,27.59,0.358,"fever 28%, headache 8%","fever 30%, <long> 28%",0.605,0.457,0.747
r8_1551_dryer,"Name a dryer. Reply with only the name, nothing else.",0.6222,<long> -> bench,0.6083,samsung -> real,0.6029,samsung -> real,60,68,0.0,0.244,0.147,60,90,61,0.0,0.147,7.4,whirlpool,0.2,10,8.63,34.57,0.141,"samsung 25%, maytag 13%","<long> 24%, tumble dryer 12%",0.59,0.438,1.055
r8_0167_hairstyle,"Name a hairstyle. Reply with only the name, nothing else.",0.6222,<long> -> bench,0.5583,bowl cut -> real,0.5583,bowl cut -> real,60,68,0.0,0.244,0.147,60,90,49,0.0,0.127,7.0,bob,0.65,5,2.99,21.38,0.312,"bob 32%, bowl cut 12%","<long> 24%, bob 23%",0.6025,0.392,0.933
r8s_1638_lip_balm_flavor,"Suggest a type of lip balm flavor. Reply with only the name, nothing else.",0.6222,<long> -> bench,0.5278,coconut -> real,0.5696,mint -> bench,60,68,0.0,0.244,0.147,60,90,38,0.0,0.147,7.5,mint,0.15,12,10.9,14.04,0.391,"mint 32%, peppermint 8%","mint 34%, <long> 24%",0.5864,0.5,1.05
r8_1549_spirit,"Name a spirit. Reply with only the name, nothing else.",0.6222,<long> -> bench,0.5556,vodka -> bench,0.5789,vodka -> bench,60,68,0.0,0.244,0.147,60,90,98,0.0,0.133,7.3,vodka,0.55,6,3.95,71.72,0.117,"gin 7%, holy spirit 3%","<long> 24%, vodka 14%",0.6108,0.544,0.819
r8_1855_food_group,"Name a food group. Reply with only the name, nothing else.",0.6222,<long> -> bench,0.5972,vegetables -> real,0.5775,vegetables -> real,60,68,0.0,0.244,0.147,60,90,25,0.0,0.147,7.6,fruits,0.5,4,3.35,9.49,0.242,"vegetables 32%, fruits 23%","<long> 24%, fruits 19%",0.5917,0.167,0.936
r8_0786_bird_call,"Name a bird call. Reply with only the name, nothing else.",0.6222,<long> -> bench,0.6056,cuckoo -> real,0.6299,chirp -> bench,60,68,0.0,0.244,0.147,60,90,61,0.0,0.147,7.8,cuckoo,0.4,6,3.79,23.29,0.305,"cuckoo 23%, chirp 17%","chirp 32%, <long> 24%",0.6092,0.375,0.929
r8_0571_steak,"Name a steak. Reply with only the name, nothing else.",0.6222,<long> -> bench,0.55,ribeye -> real,0.5309,ribeye -> bench,60,68,0.0,0.244,0.147,60,90,31,0.0,0.133,7.4,ribeye,1.0,1,1.0,6.26,0.633,"ribeye 60%, prime rib 3%","ribeye 50%, <long> 24%",0.6172,0.304,1.116
r8s_0640_work_by_charles_dicken,"Suggest a type of work by charles dicken. Reply with only the name, nothing else.",0.6222,<long> -> bench,0.6111,tale of two cities -> real,0.5985,tale of two cities -> real,60,68,0.0,0.244,0.147,60,90,38,0.0,0.127,8.3,tale of two cities,0.35,8,5.52,14.43,0.195,"tale of two cities 30%, christmas carol 20%","<long> 24%, christmas carol 14%",0.6253,0.246,0.819
r8_0149_dessert,"Name a dessert. Reply with only the name, nothing else.",0.6222,<long> -> bench,0.6,tiramisu -> real,0.5623,tiramisu -> real,60,68,0.0,0.244,0.147,60,90,32,0.0,0.14,7.8,chocolate cake,0.55,5,3.53,9.37,0.367,"tiramisu 43%, chocolate cake 23%","<long> 24%, tiramisu 23%",0.6078,0.217,1.006
r8_0504_season,"Name a season. Reply with only the name, nothing else.",0.6222,<long> -> bench,0.6194,spring -> real,0.5583,spring -> real,60,68,0.0,0.244,0.147,60,90,9,0.0,0.14,6.4,spring,0.5,3,2.57,3.57,0.555,"spring 62%, summer 23%","spring 38%, <long> 24%",0.5978,0.194,0.99
r8_0503_garden,"Name a garden. Reply with only the name, nothing else.",0.6222,<long> -> bench,0.5194,hyde park -> real,0.5298,rose -> bench,58,65,0.033,0.278,0.18,60,90,94,0.0,0.147,8.3,hyde park,0.15,18,16.96,74.72,0.073,"hyde park 8%, eden 7%","<long> 28%, rose 6%",0.5881,0.45,0.985
r8_0515_legal_document,"Name a type of legal document. Reply with only the name, nothing else.",0.6222,will -> real,0.6222,will -> real,0.6232,contract -> bench,59,67,0.017,0.256,0.16,60,90,26,0.0,0.133,7.0,will,0.75,3,1.99,7.17,0.381,"will 47%, contract 18%","contract 32%, <long> 26%",0.6047,0.309,0.948
r8_0458_carbohydrate,"Name a carbohydrate. Reply with only the name, nothing else.",0.6222,<long> -> bench,0.6056,glucose -> real,0.5123,starch -> real,60,68,0.0,0.244,0.147,60,90,10,0.0,0.133,7.1,glucose,0.95,2,1.22,1.83,0.867,"glucose 87%, starch 8%","glucose 66%, <long> 24%",0.6144,0.169,1.137
r8_0806_occupation_in_retail,"Name an occupation in retail. Reply with only the name, nothing else.",0.6222,<long> -> bench,0.5639,sales associate -> real,0.5294,salesperson -> bench,60,68,0.0,0.244,0.147,60,90,23,0.0,0.147,7.4,sales associate,0.25,9,7.48,6.18,0.438,"sales associate 45%, cashier 32%","sales associate 32%, <long> 24%",0.6086,0.185,1.035
r8_0422_scientist,"Name a scientist. Reply with only the name, nothing else.",0.6222,<long> -> bench,0.5361,marie curie -> real,0.5235,marie curie -> real,60,68,0.0,0.244,0.147,60,90,41,0.0,0.147,7.8,albert einstein,0.5,4,3.22,15.06,0.305,"albert einstein 30%, marie curie 15%","<long> 24%, albert einstein 23%",0.6042,0.246,0.81
r8_1467_toothpaste_flavor,"Name a toothpaste flavor. Reply with only the name, nothing else.",0.6222,<long> -> bench,0.5444,spearmint -> real,0.5426,spearmint -> real,60,68,0.0,0.244,0.147,60,90,38,0.0,0.107,7.1,peppermint,0.35,8,5.74,14.09,0.289,"peppermint 27%, mint 20%","<long> 24%, peppermint 23%",0.6206,0.372,0.993
r8_1045_fastening_device,"Name a fastening device. Reply with only the name, nothing else.",0.6222,<long> -> bench,0.5833,bolt -> real,0.5348,bolt -> real,60,68,0.0,0.244,0.147,60,90,30,0.0,0.133,7.1,screw,0.8,3,1.85,9.12,0.43,"bolt 47%, screw 17%","bolt 30%, <long> 24%",0.6111,0.268,0.671
r8_0993_violin,"Name a violin. Reply with only the name, nothing else.",0.6222,<long> -> bench,0.525,fiddler -> real,0.5532,violin -> bench,58,65,0.033,0.278,0.18,60,90,58,0.0,0.153,8.4,stradivarius,0.3,9,7.01,24.78,0.211,"violin 15%, stradivarius 15%","<long> 28%, violin 19%",0.6047,0.437,0.767
r8_1111_retail_store,"Name a retail store. Reply with only the name, nothing else.",0.6222,<long> -> bench,0.5389,target -> real,0.5868,walmart -> bench,60,68,0.0,0.244,0.147,60,90,17,0.0,0.127,6.9,walmart,0.75,4,2.23,2.87,0.742,"walmart 65%, target 17%","walmart 62%, <long> 24%",0.5875,0.174,0.886
r8_1580_pie_crust,"Name a pie crust. Reply with only the name, nothing else.",0.6222,<long> -> bench,0.525,puff -> bench,0.5434,puff -> bench,58,65,0.033,0.278,0.18,60,90,76,0.0,0.153,8.3,shortcrust,0.35,13,9.44,44.3,0.154,"puff pastry 15%, pie 5%","<long> 28%, puff pastry 11%",0.5931,0.43,0.911
r8_0047_primate,"Name a primate. Reply with only the name, nothing else.",0.6222,<long> -> bench,0.5944,chimpanzee -> real,0.5363,gorilla -> real,60,68,0.0,0.244,0.147,60,90,19,0.0,0.113,7.6,chimpanzee,0.95,2,1.22,3.51,0.727,"chimpanzee 73%, gorilla 12%","chimpanzee 54%, <long> 24%",0.6467,0.195,1.037
r8_0326_glove,"Name a glove. Reply with only the name, nothing else.",0.6222,<long> -> bench,0.5472,glove -> real,0.5373,leather -> bench,60,68,0.0,0.244,0.147,60,90,48,0.0,0.14,7.3,glove,0.3,11,7.81,14.45,0.383,"glove 38%, leather 12%","glove 29%, <long> 24%",0.6139,0.356,1.077
r8_1656_berry_used_in_dessert,"Name a berry used in dessert. Reply with only the name, nothing else.",0.6222,<long> -> bench,0.5639,raspberry -> real,0.5118,raspberry -> real,60,68,0.0,0.244,0.147,60,90,19,0.0,0.133,7.5,strawberry,0.85,3,1.68,4.27,0.438,"raspberry 45%, strawberry 40%","raspberry 32%, strawberry 30%",0.6111,0.185,1.047
r8_0337_musical_form,"Name a musical form. Reply with only the name, nothing else.",0.6222,<long> -> bench,0.5444,fugue -> real,0.55,sonata -> bench,60,68,0.0,0.244,0.147,60,90,15,0.0,0.14,7.3,sonata,0.8,5,2.18,3.33,0.703,"sonata 65%, fugue 13%","sonata 57%, <long> 24%",0.6069,0.284,0.85
r8_0248_empire,"Name an empire. Reply with only the name, nothing else.",0.6222,<long> -> bench,0.5667,roman -> real,0.5632,roman empire -> bench,60,68,0.0,0.244,0.147,60,90,24,0.0,0.133,7.0,roman empire,0.55,4,3.21,6.09,0.406,"rome 40%, roman 33%","rome 31%, <long> 24%",0.6094,0.236,0.837
r8_1651_life_stage,"Name a type of life stage. Reply with only the name, nothing else.",0.6222,<long> -> bench,0.575,adolescence -> real,0.5588,adolescence -> real,60,68,0.0,0.244,0.147,60,90,23,0.0,0.14,7.7,childhood,0.5,5,3.79,9.13,0.273,"childhood 32%, adolescence 25%","<long> 24%, childhood 18%",0.6494,0.32,0.915
r8_1392_kebab,"Name a kebab. Reply with only the name, nothing else.",0.6222,<long> -> bench,0.5278,shish kebab -> real,0.5211,kebab -> bench,60,68,0.0,0.244,0.147,60,90,86,0.0,0.133,7.5,döner,0.25,12,9.87,59.8,0.078,"shish kebab 10%, shish 7%","<long> 24%, doner 7%",0.5939,0.491,0.667
r8_0251_rock_band,"Name a rock band. Reply with only the name, nothing else.",0.6222,<long> -> bench,0.5611,led zeppelin -> real,0.5657,beatles -> bench,60,68,0.0,0.244,0.147,60,90,34,0.0,0.147,7.5,beatles,0.4,6,4.31,14.68,0.203,"queen 22%, led zeppelin 17%","<long> 24%, beatles 20%",0.5906,0.311,0.739
r8s_0151_flower,"Suggest a type of flower. Reply with only the name, nothing else.",0.6222,<long> -> bench,0.5722,sunflower -> real,0.5686,sunflower -> real,60,68,0.0,0.244,0.147,60,90,19,0.0,0.133,7.1,rose,0.85,3,1.68,5.87,0.531,"rose 53%, sunflower 17%","rose 40%, <long> 24%",0.5969,0.264,0.745
r8_1449_smile,"Name a smile. Reply with only the name, nothing else.",0.6222,smile -> real,0.6222,smile -> real,0.6128,smile -> real,60,78,0.0,0.133,0.08,60,90,90,0.0,0.053,5.4,smile,0.4,10,6.6,45.89,0.239,"smile 37%, duchenne 5%","<long> 13%, smile 12%",0.6208,0.473,0.685
r8_1624_pizza,"Name a pizza. Reply with only the name, nothing else.",0.6222,<long> -> bench,0.5806,pepperoni -> real,0.525,margarita -> real,60,68,0.0,0.244,0.147,60,90,11,0.0,0.133,8.0,pepperoni,0.7,3,2.11,3.05,0.688,"pepperoni 68%, margherita 13%","pepperoni 52%, <long> 24%",0.6069,0.09,0.888
r8_1622_pirate_ship,"Name a pirate ship. Reply with only the name, nothing else.",0.6222,<long> -> bench,0.6167,black pearl -> real,0.5627,black pearl -> real,60,68,0.0,0.244,0.147,60,90,49,0.0,0.133,7.8,black pearl,0.45,6,3.77,12.02,0.5,"black pearl 57%, queen annes revenge 5%","black pearl 33%, <long> 24%",0.6292,0.278,0.98
r8_0961_fish_scale_shape,"Name a fish scale shape. Reply with only the name, nothing else.",0.6222,<long> -> bench,0.5667,cycloid -> bench,0.5936,cycloid -> bench,60,68,0.0,0.244,0.147,60,90,63,0.0,0.133,7.7,cycloid,0.45,7,4.35,31.65,0.211,"ctenoid 22%, rhombus 5%","<long> 24%, cycloid 17%",0.6214,0.407,0.837
r8_1471_bandage,"Name a type of bandage. Reply with only the name, nothing else.",0.6222,<long> -> bench,0.5472,gauze -> real,0.5789,band-aid -> bench,60,68,0.0,0.244,0.147,60,90,23,0.0,0.12,7.8,adhesive bandage,0.35,8,6.34,7.6,0.367,"band-aid 28%, gauze 18%","band-aid 33%, <long> 24%",0.5908,0.162,1.033
r8_0098_sausage,"Name a type of sausage. Reply with only the name, nothing else.",0.6222,<long> -> bench,0.6167,bratwurst -> real,0.5915,bratwurst -> real,58,65,0.033,0.278,0.18,60,90,29,0.0,0.18,9.2,bratwurst,0.65,7,3.52,8.95,0.317,"bratwurst 40%, sausage 22%","<long> 28%, sausage 22%",0.6108,0.273,0.819
r8_0101_leafy_green,"Name a leafy green. Reply with only the name, nothing else.",0.6222,spinach -> real,0.6222,spinach -> real,0.6029,spinach -> real,59,76,0.017,0.156,0.1,60,90,9,0.0,0.08,5.7,spinach,0.65,3,2.43,3.75,0.393,"spinach 50%, kale 37%","kale 34%, spinach 26%",0.6356,0.179,0.798
r8_0077_zodiac_sign,"Name a zodiac sign. Reply with only the name, nothing else.",0.6222,<long> -> bench,0.5667,aries -> real,0.5446,aquarius -> real,60,68,0.0,0.244,0.147,60,90,17,0.0,0.147,7.1,aries,0.7,4,2.49,6.6,0.383,"leo 38%, aries 30%","leo 29%, <long> 24%",0.6117,0.307,0.966
r8s_0088_baking_ingredient,"Suggest a type of baking ingredient. Reply with only the name, nothing else.",0.6222,<long> -> bench,0.5472,almond flour -> real,0.5912,flour -> bench,60,68,0.0,0.244,0.147,60,90,31,0.0,0.107,7.3,vanilla extract,0.4,8,5.74,12.09,0.297,"flour 20%, all-purpose flour 18%","flour 29%, <long> 24%",0.5928,0.225,0.972
r8_1543_shampoo_variety,"Name a shampoo variety. Reply with only the name, nothing else.",0.6222,<long> -> bench,0.5778,pantene -> real,0.5598,pantene -> real,60,68,0.0,0.244,0.147,60,90,66,0.0,0.14,7.8,anti-dandruff,0.1,19,18.66,35.25,0.203,"pantene 27%, dove 7%","<long> 24%, dove 11%",0.595,0.426,0.767
r8s_1881_deep_sea_creature,"Suggest a type of deep sea creature. Reply with only the name, nothing else.",0.6222,<long> -> bench,0.5278,anglerfish -> bench,0.5853,anglerfish -> bench,60,68,0.0,0.244,0.147,60,90,51,0.0,0.14,8.2,anglerfish,0.6,7,3.92,16.54,0.391,"anglerfish 30%, giant squid 10%","anglerfish 36%, <long> 24%",0.5908,0.38,0.791
r8_1529_film_production_role,"Name a film production role. Reply with only the name, nothing else.",0.6222,<long> -> bench,0.5417,casting director -> real,0.5431,casting director -> real,58,65,0.033,0.278,0.18,60,90,25,0.0,0.167,7.8,director,0.7,4,2.39,7.13,0.463,"director 42%, screenwriter 12%","director 36%, <long> 28%",0.5958,0.263,1.006
r8_0058_seafood,"Name a seafood. Reply with only the name, nothing else.",0.6222,<long> -> bench,0.6111,lobster -> real,0.5931,lobster -> real,60,68,0.0,0.244,0.147,60,90,23,0.0,0.133,7.4,shrimp,0.75,3,2.08,7.9,0.297,"lobster 33%, salmon 25%","shrimp 26%, <long> 24%",0.6122,0.202,0.865
r8s_1523_cheese_used_on_pizza,"Suggest a type of cheese used on pizza. Reply with only the name, nothing else.",0.6222,mozzarella -> real,0.6222,mozzarella -> real,0.5338,mozzarella -> real,59,71,0.017,0.211,0.133,60,90,9,0.0,0.113,8.3,mozzarella,1.0,1,1.0,1.37,0.946,"mozzarella 97%, parmesan 2%","mozzarella 72%, <long> 21%",0.6717,0.141,1.074
r8s_1552_custard_dessert,"Suggest a type of custard dessert. Reply with only the name, nothing else.",0.6222,<long> -> bench,0.5389,panna cotta -> real,0.5446,crème brûlée -> bench,60,68,0.0,0.244,0.147,60,90,76,0.0,0.14,9.0,crème brûlée,0.35,11,8.22,47.64,0.164,"crème brûlée 12%, panna cotta 10%","<long> 24%, crème brûlée 16%",0.5869,0.399,0.936
r8_0799_landscape_feature,"Name a type of landscape feature. Reply with only the name, nothing else.",0.6222,<long> -> bench,0.5278,canyon -> real,0.5417,valley -> bench,60,68,0.0,0.244,0.147,60,90,44,0.0,0.12,7.0,mountain,0.3,4,3.87,21.52,0.211,"valley 17%, canyon 13%","<long> 24%, valley 19%",0.5947,0.379,0.901
r8_0423_first_aid_item,"Name a first aid item. Reply with only the name, nothing else.",0.6222,<long> -> bench,0.5694,bandage -> real,0.5294,bandage -> bench,60,68,0.0,0.244,0.147,60,90,11,0.0,0.147,7.6,bandage,1.0,1,1.0,2.33,0.781,"bandage 75%, band-aid 13%","bandage 61%, <long> 24%",0.6486,0.136,1.088
r8s_0324_cured_meat,"Suggest a type of cured meat. Reply with only the name, nothing else.",0.6222,<long> -> bench,0.5694,prosciutto -> real,0.5485,salami -> real,60,68,0.0,0.244,0.147,60,90,27,0.0,0.133,7.8,prosciutto,0.65,4,2.52,8.18,0.43,"prosciutto 45%, salami 20%","prosciutto 31%, <long> 24%",0.6406,0.311,0.84
r8_0581_island,"Name an island. Reply with only the name, nothing else.",0.6222,<long> -> bench,0.6028,hawaii -> real,0.5985,hawaii -> real,58,65,0.033,0.278,0.18,60,90,57,0.0,0.167,8.2,greenland,0.2,16,14.14,32.75,0.154,"hawaii 25%, sicily 12%","<long> 28%, java 6%",0.5933,0.327,0.917
r8_0643_camera_lens,"Name a type of camera lens. Reply with only the name, nothing else.",0.6222,<long> -> bench,0.5583,telephoto -> real,0.5833,prime -> bench,58,65,0.033,0.278,0.18,60,90,27,0.0,0.153,7.8,prime lens,0.3,7,5.77,9.18,0.398,"prime 30%, telephoto 22%","prime 34%, <long> 28%",0.6114,0.224,0.985
r8_0595_burger_topping,"Name a type of burger topping. Reply with only the name, nothing else.",0.6222,<long> -> bench,0.5889,bacon -> real,0.6078,lettuce -> bench,60,68,0.0,0.244,0.147,60,90,22,0.0,0.147,7.6,lettuce,0.65,5,2.99,8.95,0.281,"cheese 23%, bacon 20%","lettuce 29%, <long> 24%",0.5997,0.252,0.933
r8_1314_pancake,"Name a pancake. Reply with only the name, nothing else.",0.6222,<long> -> bench,0.5667,blueberry -> real,0.5559,blueberry -> real,60,68,0.0,0.244,0.147,60,90,52,0.0,0.12,7.5,blueberry,0.7,3,2.23,25.44,0.164,"blueberry 20%, pancake 13%","<long> 24%, pancake 14%",0.6072,0.425,0.871
r8_1296_guitar,"Name a guitar. Reply with only the name, nothing else.",0.6222,<long> -> bench,0.5861,fender stratocaster -> real,0.5701,guitar -> bench,60,68,0.0,0.244,0.147,60,90,19,0.0,0.113,8.3,fender stratocaster,0.65,4,2.67,8.2,0.258,"fender stratocaster 28%, guitar 18%","<long> 24%, guitar 24%",0.6006,0.133,0.866
r8_1245_castle,"Name a castle. Reply with only the name, nothing else.",0.6194,<long> -> bench,0.5306,edinburgh castle -> bench,0.5492,edinburgh castle -> bench,59,67,0.017,0.256,0.16,60,90,71,0.0,0.14,8.6,windsor castle,0.45,6,3.77,40.35,0.175,"windsor castle 15%, neuschwanstein 5%","<long> 26%, windsor castle 14%",0.5889,0.299,0.874
r8_0155_bird,"Name a bird. Reply with only the name, nothing else.",0.6194,<long> -> bench,0.5667,eagle -> real,0.5352,eagle -> real,59,67,0.017,0.256,0.16,60,90,38,0.0,0.133,7.5,robin,0.45,5,3.77,12.63,0.302,"eagle 33%, robin 28%","<long> 26%, eagle 20%",0.6008,0.309,0.927
r8_0561_roman_god,"Name a roman god. Reply with only the name, nothing else.",0.6194,jupiter -> real,0.6194,jupiter -> real,0.5426,jupiter -> real,60,74,0.0,0.178,0.107,60,90,8,0.0,0.107,6.1,jupiter,0.95,2,1.22,1.6,0.903,"jupiter 95%, zeus 3%","jupiter 71%, <long> 18%",0.5831,0.166,0.88
r8_1951_dystopian_novel,"Name a dystopian novel. Reply with only the name, nothing else.",0.6194,brave new world -> real,0.6194,brave new world -> real,0.5702,brave new world -> real,60,70,0.0,0.222,0.133,60,90,15,0.0,0.113,8.6,1984,0.6,2,1.96,3.28,0.508,"brave new world 58%, 1984 33%","1984 34%, brave new world 34%",0.6097,0.124,0.701
r8_1958_kitsune,"Name a kitsune. Reply with only the name, nothing else.",0.6194,<long> -> bench,0.5528,kitsune -> real,0.53,kitsune -> real,57,64,0.05,0.289,0.193,60,90,81,0.0,0.167,9.0,inuyasha,0.3,11,8.63,45.43,0.231,"kitsune 25%, <long> 5%","<long> 29%, kitsune 14%",0.595,0.461,0.779
r8s_0434_milkshake,"Suggest a type of milkshake. Reply with only the name, nothing else.",0.6194,<long> -> bench,0.55,strawberry -> bench,0.5726,strawberry -> bench,59,67,0.017,0.256,0.16,60,90,71,0.0,0.14,8.5,chocolate,0.25,7,5.75,47.48,0.111,"strawberry banana 10%, salted caramel 5%","<long> 26%, strawberry 13%",0.5986,0.39,0.976
r8_0708_sparkling_wine,"Name a sparkling wine. Reply with only the name, nothing else.",0.6194,prosecco -> real,0.6194,prosecco -> real,0.5687,prosecco -> real,59,68,0.017,0.244,0.153,60,90,46,0.0,0.153,8.4,prosecco,0.8,2,1.65,10.75,0.52,"prosecco 58%, champagne 10%","prosecco 34%, <long> 24%",0.615,0.274,0.878
r8_0707_cave_formation,"Name a cave formation. Reply with only the name, nothing else.",0.6194,<long> -> bench,0.5278,stalactite -> bench,0.5699,stalactite -> bench,59,67,0.017,0.256,0.16,60,90,56,0.0,0.153,8.5,stalagmite,0.55,3,2.33,21.44,0.278,"stalactite 20%, cave 15%","<long> 26%, stalactite 26%",0.6208,0.302,1.038
r8_0904_jungle_animal,"Name a jungle animal. Reply with only the name, nothing else.",0.6194,<long> -> bench,0.5444,jaguar -> real,0.5428,tiger -> bench,59,67,0.017,0.256,0.16,60,90,30,0.0,0.147,7.6,jaguar,0.65,4,2.79,11.84,0.254,"jaguar 27%, lion 18%","<long> 26%, jaguar 18%",0.5861,0.166,0.891
r8s_1191_bulb_vegetable,"Suggest a type of bulb vegetable. Reply with only the name, nothing else.",0.6194,<long> -> bench,0.5639,carrot -> real,0.6062,onion -> bench,59,67,0.017,0.256,0.16,60,90,36,0.0,0.133,7.7,onion,0.55,8,4.66,15.42,0.333,"onion 22%, carrot 15%","onion 32%, <long> 26%",0.5911,0.301,0.824
r8_0692_textile_pattern,"Name a textile pattern. Reply with only the name, nothing else.",0.6194,<long> -> bench,0.6056,argyle -> real,0.6037,argyle -> real,59,67,0.017,0.256,0.16,60,90,42,0.0,0.16,8.0,tartan,0.25,9,6.78,18.92,0.222,"argyle 23%, houndstooth 18%","<long> 26%, gingham 20%",0.5994,0.313,0.877
r8_0687_ballet_move,"Name a ballet move. Reply with only the name, nothing else.",0.6194,<long> -> bench,0.5361,arabesque -> real,0.5724,pirouette -> bench,59,67,0.017,0.256,0.16,60,90,41,0.0,0.153,8.1,pirouette,0.4,9,6.26,15.44,0.365,"pirouette 28%, plié 12%","pirouette 32%, <long> 26%",0.5889,0.335,1.053
r8_1868_epoch,"Name an epoch. Reply with only the name, nothing else.",0.6194,<long> -> bench,0.5333,paleozoic -> real,0.5339,paleozoic -> real,59,67,0.017,0.256,0.16,60,90,90,0.0,0.153,7.9,holocene,0.35,9,6.51,71.29,0.063,"paleozoic 7%, neolithic 7%","<long> 26%, epoch 4%",0.595,0.495,0.595
r8_0601_conductor,"Name a conductor. Reply with only the name, nothing else.",0.6194,<long> -> bench,0.6167,copper -> bench,0.6567,copper -> bench,59,67,0.017,0.256,0.16,60,90,74,0.0,0.147,8.1,herbert von karajan,0.4,9,6.26,41.27,0.167,"herbert von karajan 18%, leonard bernstein 10%","<long> 26%, copper 23%",0.6464,0.474,1.021
r8_1719_us_state,"Name an us state. Reply with only the name, nothing else.",0.6194,<long> -> bench,0.5667,california -> real,0.5297,california -> real,59,67,0.017,0.256,0.16,60,90,20,0.0,0.14,6.7,texas,0.55,4,2.71,6.45,0.357,"california 37%, texas 35%","texas 27%, <long> 26%",0.6117,0.204,0.743
r8_1431_motorcycle_style,"Name a motorcycle style. Reply with only the name, nothing else.",0.6194,<long> -> bench,0.5667,sportbike -> real,0.5569,sportbike -> real,59,67,0.017,0.256,0.16,60,90,35,0.0,0.147,8.2,cruiser,0.8,5,2.18,12.57,0.31,"cruiser 25%, sportbike 20%","cruiser 27%, <long> 26%",0.5992,0.225,0.92
r8_1747_placemat,"Name a placemat. Reply with only the name, nothing else.",0.6194,<long> -> bench,0.5167,paper -> bench,0.5278,paper -> bench,59,67,0.017,0.256,0.16,60,90,77,0.0,0.113,7.3,placemat,0.5,11,6.32,38.47,0.254,"placemat 23%, napkin 5%","<long> 26%, placemat 20%",0.6256,0.569,0.724
r8_0528_branch_of_science,"Name a branch of science. Reply with only the name, nothing else.",0.6194,biology -> real,0.6194,biology -> real,0.5905,physics -> bench,60,70,0.0,0.222,0.133,60,90,18,0.0,0.127,6.7,biology,0.8,2,1.65,4.61,0.546,"biology 62%, botany 15%","biology 38%, physics 24%",0.6161,0.186,1.046
r8_1813_loom,"Name a loom. Reply with only the name, nothing else.",0.6194,<long> -> bench,0.6139,loom -> real,0.5815,loom -> real,55,61,0.083,0.322,0.227,60,90,68,0.0,0.193,9.3,loom,0.25,15,12.48,23.52,0.405,"loom 45%, <long> 8%","<long> 32%, loom 22%",0.6167,0.453,0.698
r8_1725_medical_specialist,"Name a medical specialist. Reply with only the name, nothing else.",0.6194,cardiologist -> real,0.6194,cardiologist -> real,0.5417,cardiologist -> real,60,70,0.0,0.222,0.133,60,90,27,0.0,0.133,7.8,cardiologist,0.8,3,1.85,3.94,0.738,"cardiologist 78%, dr. house 3%","cardiologist 54%, <long> 22%",0.6092,0.17,0.834
r8_0442_brownie,"Name a brownie. Reply with only the name, nothing else.",0.6194,<long> -> bench,0.5389,fudge -> real,0.5353,brownie -> bench,59,67,0.017,0.256,0.16,60,90,85,0.0,0.133,7.9,fudge,0.55,9,4.99,53.03,0.183,"fudge 20%, cinnamon 3%","<long> 26%, fudge 12%",0.5828,0.41,0.793
r8_1180_tape,"Name a tape. Reply with only the name, nothing else.",0.6194,<long> -> bench,0.5194,tape -> real,0.5175,name -> real,57,64,0.05,0.289,0.193,60,90,110,0.0,0.167,8.9,tape,0.1,19,18.66,98.15,0.074,"tape 8%, <long> 5%","<long> 29%, tape 4%",0.5931,0.604,0.715
r8_0456_jazz_standard,"Name a jazz standard. Reply with only the name, nothing else.",0.6194,<long> -> bench,0.6028,take the a train -> real,0.6062,take the a train -> real,57,64,0.05,0.289,0.193,60,90,29,0.0,0.133,8.1,autumn leaves,0.55,5,3.59,8.57,0.355,"autumn leaves 28%, take five 27%","take five 30%, <long> 29%",0.6303,0.25,0.936
r8_1256_business,"Name a type of business. Reply with only the name, nothing else.",0.6194,<long> -> bench,0.5556,restaurant -> real,0.5621,retail -> bench,59,67,0.017,0.256,0.16,60,90,46,0.0,0.147,7.1,restaurant,0.8,3,1.85,15.67,0.357,"restaurant 37%, retail 8%","<long> 26%, restaurant 26%",0.6156,0.311,0.823
r8_1593_beverage_cold,"Name a beverage cold. Reply with only the name, nothing else.",0.6194,<long> -> bench,0.5472,iced tea -> real,0.5397,cola -> bench,59,67,0.017,0.256,0.16,60,90,43,0.0,0.14,7.5,iced tea,0.45,7,5.13,20.08,0.23,"iced tea 25%, ice 12%","<long> 26%, iced tea 16%",0.5869,0.418,0.739
r8_1082_nonfiction_genre,"Name a nonfiction genre. Reply with only the name, nothing else.",0.6194,<long> -> bench,0.5778,history -> real,0.5718,history -> real,59,67,0.017,0.256,0.16,60,90,27,0.0,0.153,7.7,biography,0.75,4,2.23,11.06,0.294,"biography 25%, history 20%","<long> 26%, biography 24%",0.5936,0.176,0.973
r8_1073_philosopher,"Name a philosopher. Reply with only the name, nothing else.",0.6194,<long> -> bench,0.6,socrates -> real,0.6188,plato -> bench,59,67,0.017,0.256,0.16,60,90,23,0.0,0.14,7.6,plato,0.65,6,3.29,6.52,0.413,"socrates 47%, aristotle 13%","plato 28%, socrates 27%",0.6167,0.27,0.749
r8_0971_vampire,"Name a vampire. Reply with only the name, nothing else.",0.6194,<long> -> bench,0.5944,dracula -> real,0.5254,vampire -> real,59,67,0.017,0.256,0.16,60,90,27,0.0,0.16,7.8,dracula,0.9,3,1.48,4.49,0.698,"dracula 70%, count dracula 7%","dracula 51%, <long> 26%",0.5947,0.278,1.081
r8_1453_prince,"Name a prince. Reply with only the name, nothing else.",0.6194,<long> -> bench,0.5889,prince -> real,0.5487,prince -> real,59,67,0.017,0.256,0.16,60,90,52,0.0,0.153,7.2,prince william,0.2,9,7.58,18.03,0.389,"prince 43%, romeo 3%","<long> 26%, prince 26%",0.6161,0.436,0.947
r8_1140_home_decor,"Name a home decor. Reply with only the name, nothing else.",0.6194,<long> -> bench,0.5417,macrame wall hanging -> real,0.5655,vase -> bench,59,67,0.017,0.256,0.16,60,90,73,0.0,0.153,8.2,vase,0.55,7,4.23,39.04,0.222,"vase 15%, macrame wall hanging 12%","<long> 26%, vase 21%",0.5917,0.398,0.778
r8_1129_textbook,"Name a textbook. Reply with only the name, nothing else.",0.6194,<long> -> bench,0.5444,to kill a mockingbird -> real,0.5517,organic chemistry -> bench,53,58,0.117,0.356,0.26,60,90,74,0.0,0.187,10.8,calculus,0.45,9,5.89,49.21,0.153,"<long> 12%, calculus 12%","<long> 36%, calculus 11%",0.6078,0.311,0.75
r8_1454_mushroom_color,"Name a mushroom color. Reply with only the name, nothing else.",0.6194,<long> -> bench,0.525,red -> real,0.5731,brown -> bench,59,67,0.017,0.256,0.16,60,90,29,0.0,0.153,6.9,brown,0.5,6,4.06,6.42,0.603,"brown 52%, red 8%","brown 50%, <long> 26%",0.6431,0.316,0.977
r8s_1117_antelope,"Suggest a type of antelope. Reply with only the name, nothing else.",0.6194,<long> -> bench,0.6028,gazelle -> real,0.5474,kudu -> real,59,67,0.017,0.256,0.16,60,90,27,0.0,0.133,8.1,gazelle,0.7,4,2.49,6.78,0.548,"gazelle 58%, kudu 17%","gazelle 38%, <long> 26%",0.6311,0.245,1.008
r8_1565_marker_brand,"Name a marker brand. Reply with only the name, nothing else.",0.6194,<long> -> bench,0.5583,marker -> real,0.5539,marker -> real,59,67,0.017,0.256,0.16,60,90,80,0.0,0.14,7.5,sharpie,0.8,4,2.03,38.27,0.254,"sharpie 20%, marker 15%","<long> 26%, sharpie 22%",0.5819,0.482,0.829
r8_0228_shoe_brand,"Name a shoe brand. Reply with only the name, nothing else.",0.6194,<long> -> bench,0.6139,nike -> real,0.5143,nike -> real,59,67,0.017,0.256,0.16,60,90,15,0.0,0.153,6.9,nike,1.0,1,1.0,2.14,0.849,"nike 85%, adidas 5%","nike 62%, <long> 26%",0.6356,0.149,0.892
r8_1030_fashion_accessory,"Name a fashion accessory. Reply with only the name, nothing else.",0.6194,<long> -> bench,0.5806,scarf -> real,0.5214,hat -> bench,59,67,0.017,0.256,0.16,60,90,21,0.0,0.153,7.7,scarf,0.55,5,3.12,3.55,0.738,"scarf 72%, watch 5%","scarf 56%, <long> 26%",0.6086,0.326,1.024
r8_1521_gorgon,"Name a gorgon. Reply with only the name, nothing else.",0.6194,<long> -> bench,0.5917,medusa -> real,0.5733,gorgon -> bench,57,64,0.05,0.289,0.193,60,90,31,0.0,0.173,8.8,medusa,1.0,1,1.0,6.68,0.545,"medusa 55%, gorgon 8%","medusa 37%, <long> 29%",0.5961,0.244,0.721
r8_1508_shrimp,"Name a shrimp. Reply with only the name, nothing else.",0.6194,<long> -> bench,0.5222,lobster -> real,0.5323,prawn -> bench,59,67,0.017,0.256,0.16,60,90,65,0.0,0.147,8.0,shrimp,0.25,11,9.21,34.75,0.183,"shrimp 15%, prawn 8%","<long> 26%, shrimp 16%",0.5969,0.481,0.863
r8_0048_citrus_fruit,"Name a citrus fruit. Reply with only the name, nothing else.",0.6194,<long> -> bench,0.6,orange -> real,0.534,lemon -> bench,59,67,0.017,0.256,0.16,60,90,8,0.0,0.14,7.0,orange,0.5,2,2.0,2.43,0.611,"orange 63%, lemon 30%","orange 43%, lemon 28%",0.6225,0.12,1.072
r8_0991_fog_type,"Name a fog type. Reply with only the name, nothing else.",0.6194,<long> -> bench,0.5583,stratus -> real,0.5539,stratus -> real,59,67,0.017,0.256,0.16,60,90,70,0.0,0.14,7.9,advection fog,0.5,7,4.23,44.58,0.095,"stratus 15%, mist 8%","<long> 26%, advection fog 10%",0.6014,0.403,0.823
r8_1394_natural_landform,"Name a natural landform. Reply with only the name, nothing else.",0.6194,mountain -> real,0.6194,mountain -> real,0.5702,mountain -> real,60,70,0.0,0.222,0.133,60,90,31,0.0,0.133,6.5,mountain,0.9,3,1.48,8.12,0.508,"mountain 58%, volcano 12%","mountain 34%, <long> 22%",0.5939,0.207,0.867
r8s_0152_woodwind_instrument,"Suggest a type of woodwind instrument. Reply with only the name, nothing else.",0.6167,<long> -> bench,0.5444,flute -> real,0.5283,flute -> bench,60,69,0.0,0.233,0.14,60,90,20,0.0,0.127,7.3,flute,0.7,3,2.11,4.46,0.597,"flute 57%, clarinet 20%","flute 48%, <long> 23%",0.6042,0.235,0.825
r8_1008_book_cover,"Name a book cover. Reply with only the name, nothing else.",0.6167,<long> -> bench,0.5722,great gatsby -> real,0.5786,great gatsby -> real,52,57,0.133,0.367,0.273,60,90,51,0.0,0.193,10.6,great gatsby,0.4,11,7.58,28.29,0.128,"great gatsby 17%, <long> 13%","<long> 37%, shining 9%",0.6239,0.289,0.885
r8_0081_team_sport,"Name a team sport. Reply with only the name, nothing else.",0.6167,<long> -> bench,0.5694,basketball -> real,0.5576,basketball -> real,60,69,0.0,0.233,0.14,60,90,9,0.0,0.12,6.8,soccer,0.85,2,1.53,3.01,0.651,"soccer 62%, basketball 22%","soccer 52%, <long> 23%",0.6094,0.129,0.986
r8_0044_salad,"Name a salad. Reply with only the name, nothing else.",0.6167,<long> -> bench,0.6056,caesar -> real,0.5768,caesar -> real,60,69,0.0,0.233,0.14,60,90,33,0.0,0.133,7.3,caesar salad,0.75,3,1.99,10.0,0.318,"caesar 40%, caesar salad 22%","<long> 23%, caesar salad 23%",0.6119,0.153,0.927
r8_0223_cloud,"Name a cloud. Reply with only the name, nothing else.",0.6167,<long> -> bench,0.5917,aws -> real,0.5612,aws -> real,60,69,0.0,0.233,0.14,60,90,29,0.0,0.14,6.7,cumulus,0.6,3,2.45,10.6,0.318,"aws 38%, cumulus 12%","<long> 23%, aws 20%",0.6017,0.281,0.607
r8_0082_fossil_fuel,"Name a fossil fuel. Reply with only the name, nothing else.",0.6167,<long> -> bench,0.5639,coal -> real,0.5261,natural gas -> real,60,69,0.0,0.233,0.14,60,90,11,0.0,0.127,6.2,coal,0.95,2,1.22,2.73,0.744,"coal 72%, petroleum 12%","coal 59%, <long> 23%",0.6106,0.25,0.803
r8_1564_rice_dish,"Name a rice dish. Reply with only the name, nothing else.",0.6167,<long> -> bench,0.5889,fried rice -> real,0.5652,fried rice -> real,60,69,0.0,0.233,0.14,60,90,31,0.0,0.12,7.2,paella,0.45,10,6.48,9.74,0.287,"fried rice 33%, paella 28%","<long> 23%, paella 22%",0.5917,0.274,0.785
r8_0137_salad_ingredient,"Name a salad ingredient. Reply with only the name, nothing else.",0.6167,<long> -> bench,0.5639,cucumber -> real,0.5453,cucumber -> real,60,69,0.0,0.233,0.14,60,90,16,0.0,0.127,7.5,lettuce,0.85,3,1.68,3.62,0.636,"lettuce 62%, cucumber 25%","lettuce 50%, <long> 23%",0.6136,0.168,0.775
r8_1093_public_service,"Name a public service. Reply with only the name, nothing else.",0.6167,<long> -> bench,0.5528,police -> bench,0.5747,police -> bench,58,66,0.033,0.267,0.173,60,90,64,0.0,0.167,7.7,fire department,0.5,8,5.0,35.4,0.161,"fire department 13%, google 7%","<long> 27%, fire department 13%",0.6022,0.453,0.571
r8_1084_glassware,"Name a type of glassware. Reply with only the name, nothing else.",0.6167,<long> -> bench,0.6167,beaker -> bench,0.6928,beaker -> bench,60,69,0.0,0.233,0.14,60,90,28,0.0,0.14,7.6,beaker,0.85,4,1.8,8.3,0.473,"beaker 27%, tumbler 25%","beaker 50%, <long> 23%",0.6378,0.324,1.244
r8_1456_tolkien_character,"Name a tolkien character. Reply with only the name, nothing else.",0.6167,<long> -> bench,0.6056,gandalf -> real,0.5717,gandalf -> real,60,69,0.0,0.233,0.14,60,90,17,0.0,0.107,7.9,frodo,0.6,4,2.89,4.26,0.473,"gandalf 43%, frodo 43%","frodo 39%, <long> 23%",0.6158,0.159,1.139
r8_0207_language,"Name a type of language. Reply with only the name, nothing else.",0.6167,<long> -> bench,0.5278,french -> real,0.5438,english -> bench,60,69,0.0,0.233,0.14,60,90,33,0.0,0.127,6.4,english,0.7,6,2.94,9.13,0.388,"python 35%, english 22%","python 32%, <long> 23%",0.5997,0.266,0.7
r8_0070_building_material,"Name a building material. Reply with only the name, nothing else.",0.6167,concrete -> real,0.6167,concrete -> real,0.5624,concrete -> real,59,68,0.017,0.244,0.153,60,90,19,0.0,0.14,6.9,concrete,0.8,5,2.18,5.37,0.543,"concrete 60%, brick 13%","concrete 37%, <long> 24%",0.6467,0.196,0.699
r8_0068_rodent,"Name a rodent. Reply with only the name, nothing else.",0.6167,<long> -> bench,0.5667,mouse -> real,0.5178,squirrel -> real,60,69,0.0,0.233,0.14,60,90,23,0.0,0.12,6.4,mouse,0.65,3,2.36,5.28,0.566,"mouse 57%, rat 20%","mouse 43%, <long> 23%",0.615,0.229,0.938
r8_0981_lava,"Name a lava. Reply with only the name, nothing else.",0.6167,<long> -> bench,0.5694,lava -> real,0.5536,lava -> real,58,66,0.033,0.267,0.173,60,90,69,0.0,0.14,8.3,pahoehoe,0.35,11,8.22,36.42,0.202,"lava 25%, lahar 8%","<long> 27%, lava 11%",0.6086,0.394,0.844
r8_0380_talk_show_host,"Name a talk show host. Reply with only the name, nothing else.",0.6167,<long> -> bench,0.5778,oprah winfrey -> real,0.5761,oprah winfrey -> real,60,69,0.0,0.233,0.14,60,90,54,0.0,0.127,8.0,oprah,0.25,10,8.02,29.67,0.132,"david letterman 17%, oprah winfrey 17%","<long> 23%, ellen degeneres 8%",0.5919,0.41,0.886
r8_0402_body_fluid,"Name a body fluid. Reply with only the name, nothing else.",0.6167,<long> -> bench,0.6056,blood -> real,0.5428,saliva -> real,60,69,0.0,0.233,0.14,60,90,14,0.0,0.12,6.3,blood,0.65,3,2.21,2.69,0.783,"blood 80%, saliva 10%","blood 59%, <long> 23%",0.6267,0.235,1.091
r8s_1204_fast_food,"Suggest a type of fast food. Reply with only the name, nothing else.",0.6167,<long> -> bench,0.5694,burger -> real,0.5272,burger -> real,60,69,0.0,0.233,0.14,60,90,29,0.0,0.133,7.0,burger,0.65,4,2.79,8.47,0.388,"burger 42%, pizza 25%","burger 28%, <long> 23%",0.6058,0.193,0.995
r8_0379_bear,"Name a bear. Reply with only the name, nothing else.",0.6167,<long> -> bench,0.5667,baloo -> real,0.6069,grizzly -> bench,60,69,0.0,0.233,0.14,60,90,35,0.0,0.113,7.0,grizzly,0.45,10,6.48,13.37,0.364,"grizzly 25%, baloo 13%","grizzly 36%, <long> 23%",0.5967,0.243,1.264
r8_1396_shifter,"Name a shifter. Reply with only the name, nothing else.",0.6167,<long> -> bench,0.5167,smoke -> real,0.5198,shifter -> bench,56,63,0.067,0.3,0.207,60,90,107,0.0,0.18,9.2,fenrir,0.1,19,18.66,92.07,0.092,"<long> 7%, shifter 7%","<long> 30%, shifter 8%",0.5922,0.711,0.585
r8_0284_musical_genre,"Name a musical genre. Reply with only the name, nothing else.",0.6167,<long> -> bench,0.5778,jazz -> real,0.5344,rock -> real,60,69,0.0,0.233,0.14,60,90,14,0.0,0.133,7.1,jazz,0.85,4,1.8,2.04,0.86,"jazz 83%, rock 8%","jazz 68%, <long> 23%",0.6081,0.247,0.805
r8_1683_percussion_instrument,"Name a type of percussion instrument. Reply with only the name, nothing else.",0.6167,<long> -> bench,0.5694,snare drum -> real,0.5373,snare drum -> real,60,69,0.0,0.233,0.14,60,90,32,0.0,0.14,7.7,snare drum,0.6,6,3.56,13.47,0.31,"snare drum 35%, timpani 15%","<long> 23%, snare drum 21%",0.6092,0.252,0.902
r8_1660_warrior,"Name a warrior. Reply with only the name, nothing else.",0.6167,<long> -> bench,0.5833,arthur -> bench,0.6188,arthur -> bench,60,69,0.0,0.233,0.14,60,90,86,0.0,0.133,7.3,arthur,0.25,14,11.64,52.88,0.194,"arthur 7%, hercules 5%","<long> 23%, arthur 23%",0.5875,0.486,0.759
r8_1613_chicken_breed,"Name a chicken breed. Reply with only the name, nothing else.",0.6167,<long> -> bench,0.525,wyandotte -> real,0.5841,rhode island red -> bench,60,69,0.0,0.233,0.14,60,90,28,0.0,0.127,8.1,rhode island red,0.65,6,3.2,4.6,0.69,"rhode island red 60%, leghorn 8%","rhode island red 59%, <long> 23%",0.5922,0.314,0.897
r8_1022_dynasty,"Name a dynasty. Reply with only the name, nothing else.",0.6167,<long> -> bench,0.5611,ming -> real,0.6047,tang -> bench,60,69,0.0,0.233,0.14,60,90,22,0.0,0.12,7.0,han,0.4,5,3.74,6.98,0.395,"ming 30%, tang 28%","tang 38%, <long> 23%",0.6081,0.266,0.922
r8s_0100_brass_instrument,"Suggest a type of brass instrument. Reply with only the name, nothing else.",0.6167,<long> -> bench,0.5944,trumpet -> real,0.5522,trumpet -> real,60,69,0.0,0.233,0.14,60,90,12,0.0,0.133,7.3,trumpet,0.5,6,4.24,4.87,0.411,"trumpet 47%, trombone 30%","trumpet 28%, <long> 23%",0.6122,0.218,1.006
r8_0199_watch_brand,"Name a watch brand. Reply with only the name, nothing else.",0.6167,<long> -> bench,0.6111,rolex -> real,0.5802,rolex -> real,58,66,0.033,0.267,0.173,60,90,18,0.0,0.133,7.2,rolex,0.55,2,1.99,3.64,0.516,"rolex 43%, omega 43%","omega 42%, <long> 27%",0.6253,0.172,0.828
r8_0214_nut_butter,"Name a nut butter. Reply with only the name, nothing else.",0.6167,<long> -> bench,0.5639,peanut -> real,0.525,creamy -> real,60,69,0.0,0.233,0.14,60,90,40,0.0,0.127,7.4,peanut butter,0.4,4,3.34,12.87,0.357,"peanut 38%, almond 18%","peanut 26%, <long> 23%",0.6169,0.238,0.572
r8_1125_noise,"Name a noise. Reply with only the name, nothing else.",0.6167,<long> -> bench,0.5333,roar -> real,0.5424,white noise -> bench,60,69,0.0,0.233,0.14,60,90,94,0.0,0.1,6.5,buzz,0.25,9,7.08,72.16,0.07,"hum 8%, roar 7%","<long> 23%, white noise 8%",0.605,0.619,0.74
r8_0963_comic_book_villain,"Name a comic book villain. Reply with only the name, nothing else.",0.6167,<long> -> bench,0.5917,lex luthor -> real,0.5612,lex luthor -> real,60,69,0.0,0.233,0.14,60,90,22,0.0,0.12,7.2,joker,0.45,5,3.51,6.14,0.403,"joker 40%, lex luthor 38%","joker 31%, <long> 23%",0.6033,0.264,0.974
r8_0948_digestive_organ,"Name a digestive organ. Reply with only the name, nothing else.",0.6167,stomach -> real,0.6167,stomach -> real,0.5503,stomach -> real,59,73,0.017,0.189,0.12,60,90,11,0.0,0.12,7.2,stomach,0.95,2,1.22,2.15,0.826,"stomach 87%, liver 8%","stomach 63%, <long> 19%",0.6531,0.116,0.861
r8_0958_beach_destination,"Name a beach destination. Reply with only the name, nothing else.",0.6167,<long> -> bench,0.5306,malibu -> real,0.5547,maui -> bench,60,69,0.0,0.233,0.14,60,90,20,0.0,0.133,7.2,maui,0.55,8,4.66,6.75,0.442,"maui 38%, malibu 15%","maui 38%, <long> 23%",0.5994,0.174,0.837
r8_1440_renewable_resource,"Name a renewable resource. Reply with only the name, nothing else.",0.6167,solar -> real,0.6167,solar -> real,0.5881,solar -> real,60,70,0.0,0.222,0.133,60,90,17,0.0,0.12,6.3,solar,0.4,4,3.63,6.78,0.338,"solar 43%, solar energy 23%","solar energy 23%, <long> 22%",0.6297,0.116,0.756
r8_1712_laboratory_glassware,"Name a type of laboratory glassware. Reply with only the name, nothing else.",0.6167,<long> -> bench,0.6167,erlenmeyer flask -> real,0.6116,erlenmeyer flask -> real,60,69,0.0,0.233,0.14,60,90,13,0.0,0.14,7.5,beaker,0.95,2,1.22,2.6,0.752,"beaker 68%, erlenmeyer flask 27%","beaker 62%, <long> 23%",0.6075,0.204,0.783
r8_0819_bioluminescent_animal,"Name a bioluminescent animal. Reply with only the name, nothing else.",0.6167,<long> -> bench,0.6,jellyfish -> real,0.6062,firefly -> bench,60,69,0.0,0.233,0.14,60,90,28,0.0,0.133,7.8,firefly,0.7,4,2.49,6.87,0.442,"jellyfish 50%, firefly 15%","jellyfish 30%, firefly 28%",0.6206,0.295,0.989
r8_1137_tripod,"Name a tripod. Reply with only the name, nothing else.",0.6167,<long> -> bench,0.5667,manfrotto -> real,0.5739,tripod -> bench,58,66,0.033,0.267,0.173,60,90,84,0.0,0.133,8.0,manfrotto,0.3,12,9.25,45.21,0.234,"tripod 15%, manfrotto 13%","<long> 27%, tripod 22%",0.5897,0.504,0.78
r8_1446_garden_item,"Name a garden item. Reply with only the name, nothing else.",0.6167,<long> -> bench,0.5722,rose -> real,0.5435,daisy -> bench,60,69,0.0,0.233,0.14,60,90,33,0.0,0.133,6.8,garden hose,0.35,10,7.47,10.94,0.442,"rose 47%, rose bush 12%","rose 32%, <long> 23%",0.6042,0.376,0.83
r8_1339_frozen_dessert,"Name a frozen dessert. Reply with only the name, nothing else.",0.6167,<long> -> bench,0.5389,sorbet -> real,0.5435,ice cream -> bench,60,69,0.0,0.233,0.14,60,90,45,0.0,0.12,7.6,ice cream,1.0,1,1.0,15.55,0.38,"ice cream 33%, popsicle 12%","ice cream 32%, <long> 23%",0.5867,0.307,1.156
r8_1789_food_flavor,"Name a food flavor. Reply with only the name, nothing else.",0.6167,<long> -> bench,0.5639,vanilla -> real,0.5453,strawberry -> bench,60,69,0.0,0.233,0.14,60,90,33,0.0,0.12,7.1,vanilla,0.8,3,1.85,8.96,0.473,"vanilla 48%, strawberry 8%","vanilla 36%, <long> 23%",0.5917,0.344,1.095
r8_1772_raptor,"Name a raptor. Reply with only the name, nothing else.",0.6167,eagle -> bench,0.6167,eagle -> bench,0.65,eagle -> bench,59,70,0.017,0.222,0.14,60,90,71,0.0,0.14,7.6,eagle,0.25,13,10.86,32.25,0.163,"velociraptor 25%, raptor 13%","eagle 23%, <long> 22%",0.6219,0.395,0.901
r8_0547_bathroom_fixture,"Name a type of bathroom fixture. Reply with only the name, nothing else.",0.6167,<long> -> bench,0.5583,faucet -> real,0.5891,sink -> bench,60,69,0.0,0.233,0.14,60,90,22,0.0,0.127,6.8,sink,0.45,4,2.77,5.77,0.395,"sink 30%, toilet 27%","sink 37%, toilet 30%",0.6042,0.255,0.774
r8_1757_accordion,"Name an accordion. Reply with only the name, nothing else.",0.6167,<long> -> bench,0.5333,accordian -> bench,0.55,accordian -> bench,54,60,0.1,0.333,0.24,60,90,85,0.0,0.193,9.8,bandoneon,0.15,15,13.78,61.32,0.123,"<long> 10%, accordion 10%","<long> 33%, accordion 9%",0.6153,0.506,0.59
r8s_0932_cold_dessert,"Suggest a type of cold dessert. Reply with only the name, nothing else.",0.6167,<long> -> bench,0.5833,panna cotta -> real,0.5355,mousse -> real,60,69,0.0,0.233,0.14,60,90,38,0.0,0.127,8.4,panna cotta,0.8,4,2.03,9.87,0.504,"panna cotta 53%, mousse 10%","panna cotta 37%, <long> 23%",0.6056,0.247,1.092
r8_0435_dog_breed,"Name a dog breed. Reply with only the name, nothing else.",0.6167,<long> -> bench,0.575,golden retriever -> real,0.525,german shepherd -> real,60,69,0.0,0.233,0.14,60,90,17,0.0,0.127,8.3,golden retriever,0.9,3,1.48,4.55,0.612,"golden retriever 62%, labrador 13%","golden retriever 47%, <long> 23%",0.6272,0.187,0.793
r8_0398_ocean_creature,"Name a type of ocean creature. Reply with only the name, nothing else.",0.6167,<long> -> bench,0.5833,dolphin -> real,0.5681,dolphin -> real,60,69,0.0,0.233,0.14,60,90,28,0.0,0.127,7.4,dolphin,0.25,7,6.0,8.84,0.357,"jellyfish 33%, dolphin 27%","jellyfish 29%, <long> 23%",0.5983,0.305,0.802
r8_1208_digestif,"Name a digestif. Reply with only the name, nothing else.",0.6167,<long> -> bench,0.5306,amaretto -> real,0.533,chartreuse -> bench,60,69,0.0,0.233,0.14,60,90,71,0.0,0.12,7.4,amaretto,0.25,12,9.46,43.44,0.109,"amaro 12%, amaretto 12%","<long> 23%, chartreuse 9%",0.5903,0.385,0.943
r8_0793_bottled_water,"Name a bottled water. Reply with only the name, nothing else.",0.6167,<long> -> bench,0.55,nestle pure life -> real,0.5449,nestle pure life -> real,60,69,0.0,0.233,0.14,60,90,24,0.0,0.12,7.6,evian,0.35,7,5.01,8.51,0.357,"aquafina 37%, evian 23%","aquafina 27%, <long> 23%",0.5986,0.257,0.975
r8s_0762_emotional_state,"Suggest a type of emotional state. Reply with only the name, nothing else.",0.6167,<long> -> bench,0.5361,joy -> bench,0.5496,joy -> bench,60,69,0.0,0.233,0.14,60,90,59,0.0,0.127,7.2,nostalgia,0.35,10,7.47,39.29,0.093,"melancholy 10%, nostalgia 8%","<long> 23%, joy 9%",0.6036,0.449,0.52
r8s_0732_dried_culinary_herb,"Suggest a type of dried culinary herb. Reply with only the name, nothing else.",0.6167,<long> -> bench,0.5944,basil -> real,0.537,basil -> real,60,69,0.0,0.233,0.14,60,90,17,0.0,0.133,7.2,oregano,0.5,3,2.35,5.29,0.527,"basil 57%, thyme 13%","basil 38%, <long> 23%",0.6322,0.288,0.844
r8_1784_endocrine_gland,"Name an endocrine gland. Reply with only the name, nothing else.",0.6167,<long> -> bench,0.5694,pituitary gland -> real,0.6051,pituitary -> bench,60,69,0.0,0.233,0.14,60,90,18,0.0,0.14,8.4,pituitary,0.4,6,4.61,7.45,0.279,"thyroid 27%, pancreas 20%","pituitary 29%, <long> 23%",0.5964,0.287,0.842
r8_1312_action_movie,"Name an action movie. Reply with only the name, nothing else.",0.6167,<long> -> bench,0.5611,john wick -> real,0.5391,john wick -> real,60,69,0.0,0.233,0.14,60,90,27,0.0,0.127,7.1,john wick,0.7,4,2.49,7.23,0.442,"hard 43%, john wick 27%","hard 34%, <long> 23%",0.6033,0.184,0.921
r8_0599_inventor,"Name an inventor. Reply with only the name, nothing else.",0.6167,<long> -> bench,0.6083,thomas edison -> real,0.5511,albert einstein -> real,60,69,0.0,0.233,0.14,60,90,35,0.0,0.127,7.3,thomas edison,0.9,3,1.48,7.99,0.566,"thomas edison 62%, albert einstein 12%","thomas edison 40%, <long> 23%",0.63,0.317,0.782
r8_1821_finfish,"Name a finfish. Reply with only the name, nothing else.",0.6167,<long> -> bench,0.575,cod -> real,0.5656,salmon -> bench,60,69,0.0,0.233,0.14,60,90,34,0.0,0.107,6.6,tuna,0.35,5,3.95,12.25,0.287,"cod 28%, salmon 22%","salmon 27%, <long> 23%",0.6125,0.35,1.085
r8_1819_mouthwash,"Name a mouthwash. Reply with only the name, nothing else.",0.6167,listerine -> real,0.6167,listerine -> real,0.5768,listerine -> real,60,76,0.0,0.156,0.093,60,90,20,0.0,0.093,6.3,listerine,0.55,3,2.53,4.66,0.581,"listerine 67%, crest 15%","listerine 43%, <long> 16%",0.6186,0.138,0.827
r8_1783_bank_account,"Name a bank account. Reply with only the name, nothing else.",0.6167,<long> -> bench,0.5361,chase -> real,0.5357,savings account -> bench,42,42,0.3,0.533,0.44,60,90,41,0.0,0.347,15.0,checking account,0.2,14,12.31,21.74,0.25,"<long> 30%, chase 18%","<long> 53%, chase 11%",0.6064,0.314,0.784
r8_1263_sheep_breed,"Name a sheep breed. Reply with only the name, nothing else.",0.6167,<long> -> bench,0.5972,merino -> real,0.525,shetland -> real,60,69,0.0,0.233,0.14,60,90,14,0.0,0.133,7.3,merino,1.0,1,1.0,2.68,0.775,"merino 78%, dorper 7%","merino 59%, <long> 23%",0.6286,0.132,0.956
r8_1851_footstep_sound,"Name a footstep sound. Reply with only the name, nothing else.",0.6167,<long> -> bench,0.5278,click -> bench,0.5362,click -> bench,60,69,0.0,0.233,0.14,60,90,61,0.0,0.12,7.0,crunch,0.15,16,14.77,31.63,0.225,"crunch 22%, stomp 8%","<long> 23%, crunch 18%",0.5853,0.44,0.728
r8_0794_bird_mating_call,"Name a bird mating call. Reply with only the name, nothing else.",0.6167,<long> -> bench,0.5528,lark -> real,0.546,lark -> real,60,69,0.0,0.233,0.14,60,90,89,0.0,0.12,7.4,mate,0.05,20,20.0,63.29,0.101,"lark 15%, cuckoo 10%","<long> 23%, cuckoo 6%",0.5878,0.573,0.948
r8_1292_vegetable_that_is_gree,"Name a vegetable that is green. Reply with only the name, nothing else.",0.6167,<long> -> bench,0.5972,broccoli -> real,0.533,broccoli -> real,60,69,0.0,0.233,0.14,60,90,22,0.0,0.133,7.1,broccoli,0.8,4,2.03,5.74,0.581,"broccoli 62%, spinach 10%","broccoli 42%, <long> 23%",0.6419,0.316,0.756
r8_0588_lipstick,"Name a lipstick. Reply with only the name, nothing else.",0.6167,<long> -> bench,0.5417,rouge -> real,0.5279,chapstick -> bench,60,69,0.0,0.233,0.14,60,90,53,0.0,0.12,7.5,red,0.55,8,4.54,23.65,0.202,"rouge 22%, red 22%","<long> 23%, red 14%",0.5919,0.385,0.837
r8_0732_dried_culinary_herb,"Name a dried culinary herb. Reply with only the name, nothing else.",0.6167,basil -> real,0.6167,basil -> real,0.5911,basil -> real,60,79,0.0,0.122,0.073,60,90,14,0.0,0.067,5.4,oregano,0.5,4,2.99,4.54,0.496,"basil 60%, thyme 17%","basil 37%, thyme 18%",0.6661,0.293,1.095
r8_1241_earbud,"Name an earbud. Reply with only the name, nothing else.",0.6167,<long> -> bench,0.6167,airpods -> real,0.5417,airpods pro -> real,60,69,0.0,0.233,0.14,60,90,19,0.0,0.14,7.3,airpods,0.9,3,1.48,2.72,0.806,"airpods 83%, airpods pro 8%","airpods 60%, <long> 23%",0.6431,0.192,0.793
r8_0657_party_supply,"Name a party supply. Reply with only the name, nothing else.",0.6167,<long> -> bench,0.5806,confetti -> real,0.567,confetti -> real,60,69,0.0,0.233,0.14,60,90,39,0.0,0.127,7.3,balloons,0.3,8,6.54,13.22,0.248,"confetti 25%, balloons 18%","<long> 23%, balloons 23%",0.6169,0.187,0.906
r8_0664_energy_drink,"Name an energy drink. Reply with only the name, nothing else.",0.6167,<long> -> bench,0.5722,red bull -> real,0.5428,monster -> real,60,69,0.0,0.233,0.14,60,90,13,0.0,0.133,7.2,red bull,0.95,2,1.22,2.21,0.829,"red bull 80%, monster 10%","red bull 66%, <long> 23%",0.6103,0.145,1.022
r8_0667_stone_product,"Name a stone product. Reply with only the name, nothing else.",0.6167,<long> -> bench,0.5861,granite -> real,0.5243,marble -> bench,60,69,0.0,0.233,0.14,60,90,23,0.0,0.133,7.0,granite,0.7,3,2.11,4.57,0.597,"granite 62%, marble 18%","granite 44%, <long> 23%",0.6453,0.338,0.794
r8_0623_sailing_boat,"Name a sailing boat. Reply with only the name, nothing else.",0.6167,<long> -> bench,0.525,columbia -> bench,0.5402,columbia -> bench,60,69,0.0,0.233,0.14,60,90,89,0.0,0.133,7.3,enterprise,0.1,16,15.16,67.59,0.093,"clipper 7%, yacht 5%","<long> 23%, columbia 10%",0.5894,0.51,0.813
r8_0662_game_meat,"Name a game meat. Reply with only the name, nothing else.",0.6167,<long> -> bench,0.5917,venison -> bench,0.6442,venison -> bench,58,66,0.033,0.267,0.173,60,90,74,0.0,0.153,8.4,venison,0.9,3,1.48,36.41,0.274,"venison 12%, meat 8%","venison 30%, <long> 27%",0.6111,0.467,0.778
r8_0690_electronics_brand,"Name an electronics brand. Reply with only the name, nothing else.",0.6167,<long> -> bench,0.5833,samsung -> real,0.571,apple -> real,60,69,0.0,0.233,0.14,60,90,20,0.0,0.133,6.3,samsung,0.75,2,1.75,5.45,0.543,"samsung 57%, apple 20%","samsung 40%, <long> 23%",0.6003,0.157,0.835
r8_0636_toilet,"Name a toilet. Reply with only the name, nothing else.",0.6167,<long> -> bench,0.5417,toilet -> bench,0.5772,toilet -> bench,60,69,0.0,0.233,0.14,60,90,74,0.0,0.12,6.9,toilet,0.45,11,6.94,39.34,0.233,"toilet 15%, throne 7%","<long> 23%, toilet 23%",0.5972,0.521,0.765
r8_1237_dessert_baked,"Name a dessert baked. Reply with only the name, nothing else.",0.6167,<long> -> bench,0.5694,cake -> bench,0.6029,cake -> bench,58,66,0.033,0.267,0.173,60,90,41,0.0,0.16,8.1,chocolate cake,0.45,6,3.77,17.54,0.185,"apple pie 23%, chocolate cake 15%","<long> 27%, cake 19%",0.6022,0.373,0.954
r8_1914_mouse_button,"Name a mouse button. Reply with only the name, nothing else.",0.6167,<long> -> bench,0.5861,left -> real,0.5438,primary -> real,60,69,0.0,0.233,0.14,60,90,16,0.0,0.12,6.1,left,0.95,2,1.22,3.09,0.752,"left 75%, primary 12%","left 58%, <long> 23%",0.6136,0.214,0.818
r8_0032_taste,"Name a taste. Reply with only the name, nothing else.",0.6167,<long> -> bench,0.5583,umami -> real,0.5862,sweet -> bench,60,69,0.0,0.233,0.14,60,90,64,0.0,0.113,6.5,sweet,0.8,4,2.03,25.89,0.326,"sweet 23%, umami 12%","sweet 31%, <long> 23%",0.5742,0.4,1.063
r8s_1584_academic_degree,"Suggest a type of academic degree. Reply with only the name, nothing else.",0.6167,<long> -> bench,0.5361,phd -> real,0.5389,bachelor of science -> bench,54,60,0.1,0.333,0.24,60,90,28,0.0,0.2,9.7,bachelor of arts,0.55,8,4.54,9.71,0.272,"phd 25%, bachelor of science 20%","<long> 33%, bachelor of science 20%",0.6186,0.163,0.986
r8_0158_aquatic_plant,"Name an aquatic plant. Reply with only the name, nothing else.",0.6167,<long> -> bench,0.525,ceratophyllum -> real,0.5515,water lily -> bench,58,66,0.033,0.267,0.173,60,90,51,0.0,0.16,8.7,water lily,0.8,5,2.18,20.33,0.331,"water lily 27%, seaweed 8%","water lily 28%, <long> 27%",0.5836,0.316,1.065
r8_0127_flightless_bird,"Name a flightless bird. Reply with only the name, nothing else.",0.6167,<long> -> bench,0.525,chicken -> real,0.5533,ostrich -> bench,60,69,0.0,0.233,0.14,60,90,12,0.0,0.14,7.6,ostrich,0.45,7,4.64,3.28,0.574,"ostrich 52%, penguin 28%","ostrich 48%, penguin 24%",0.5989,0.161,0.855
r8_1505_ceremony,"Name a ceremony. Reply with only the name, nothing else.",0.6167,<long> -> bench,0.5167,seder -> real,0.523,wedding -> bench,58,66,0.033,0.267,0.173,60,90,94,0.0,0.14,7.8,wedding,0.65,8,3.78,66.22,0.145,"wedding 12%, bar mitzvah 5%","<long> 27%, wedding 12%",0.5989,0.612,0.69
r8_1500_recycling_material,"Name a recycling material. Reply with only the name, nothing else.",0.6167,<long> -> bench,0.6139,plastic -> real,0.575,plastic -> real,60,69,0.0,0.233,0.14,60,90,29,0.0,0.14,7.0,plastic,0.65,4,2.67,10.05,0.403,"plastic 48%, glass 12%","plastic 26%, <long> 23%",0.6136,0.279,0.725
r8_0093_marsupial,"Name a marsupial. Reply with only the name, nothing else.",0.6167,kangaroo -> real,0.6167,kangaroo -> real,0.5453,kangaroo -> real,60,71,0.0,0.211,0.127,60,90,12,0.0,0.12,7.5,kangaroo,0.8,2,1.65,2.64,0.718,"kangaroo 77%, koala 20%","kangaroo 53%, <long> 21%",0.5911,0.291,1.028
r8_0159_melon,"Name a melon. Reply with only the name, nothing else.",0.6167,<long> -> bench,0.5583,cantaloupe -> real,0.5518,watermelon -> bench,60,69,0.0,0.233,0.14,60,90,15,0.0,0.127,8.0,cantaloupe,0.65,3,2.43,3.78,0.481,"cantaloupe 48%, watermelon 32%","cantaloupe 37%, watermelon 32%",0.5917,0.191,1.003
r8_0139_insect,"Name an insect. Reply with only the name, nothing else.",0.6139,<long> -> bench,0.5889,ant -> real,0.5992,bee -> bench,57,65,0.05,0.278,0.187,60,90,18,0.0,0.173,8.3,bee,0.45,5,3.69,6.4,0.369,"ant 27%, bee 25%","bee 33%, <long> 28%",0.6161,0.244,0.817
r8_0238_venomous_animal,"Name a venomous animal. Reply with only the name, nothing else.",0.6139,<long> -> bench,0.5472,snake -> real,0.5295,cobra -> bench,59,68,0.017,0.244,0.153,60,90,23,0.0,0.153,7.1,snake,0.8,4,2.03,5.57,0.504,"snake 48%, cobra 22%","snake 39%, <long> 24%",0.5911,0.262,0.896
r8_1496_zombie,"Name a zombie. Reply with only the name, nothing else.",0.6139,<long> -> bench,0.5222,shane -> real,0.5294,shogun -> bench,59,68,0.017,0.244,0.153,60,90,95,0.0,0.133,7.4,rick,0.25,14,11.64,74.11,0.087,"zombie 7%, shane 7%","<long> 24%, zombie 8%",0.6044,0.553,0.715
r8_1955_spice_bark,"Name a spice bark. Reply with only the name, nothing else.",0.6139,<long> -> bench,0.5417,allspice -> real,0.5687,cinnamon -> bench,59,68,0.017,0.244,0.153,60,90,44,0.0,0.14,7.7,cinnamon,0.95,2,1.22,10.97,0.48,"cinnamon 40%, allspice 15%","cinnamon 41%, <long> 24%",0.5928,0.298,1.0
r8s_1485_pirate,"Suggest a type of pirate. Reply with only the name, nothing else.",0.6139,<long> -> bench,0.5472,blackbeard -> real,0.5395,blackbeard -> real,59,68,0.017,0.244,0.153,60,90,73,0.0,0.14,8.1,barbary pirate,0.2,13,11.19,46.53,0.11,"blackbeard 15%, kraken 7%","<long> 24%, blackbeard 6%",0.5933,0.508,0.759
r8_0906_salamander,"Name a salamander. Reply with only the name, nothing else.",0.6139,<long> -> bench,0.5722,axolotl -> real,0.5265,salamandra -> real,59,68,0.017,0.244,0.153,60,90,26,0.0,0.153,8.8,axolotl,1.0,1,1.0,4.11,0.724,"axolotl 70%, salamandra 7%","axolotl 56%, <long> 24%",0.6064,0.168,1.012
r8_0721_coaster,"Name a coaster. Reply with only the name, nothing else.",0.6139,<long> -> bench,0.5444,coaster -> real,0.5333,coaster -> real,59,68,0.017,0.244,0.153,60,90,100,0.0,0.12,7.4,steel vengeance,0.2,13,11.49,74.45,0.134,"coaster 17%, boston 3%","<long> 24%, coaster 8%",0.6011,0.622,0.812
r8_1883_underworld_place,"Name an underworld place. Reply with only the name, nothing else.",0.6139,<long> -> bench,0.5806,underworld -> real,0.6121,hades -> bench,57,65,0.05,0.278,0.187,60,90,58,0.0,0.16,8.6,hell,0.3,11,7.81,30.55,0.172,"underworld 18%, purgatory 7%","<long> 28%, hades 20%",0.6428,0.391,0.805
r8_1918_whisper,"Name a whisper. Reply with only the name, nothing else.",0.6139,<long> -> bench,0.5306,silence -> real,0.5368,murmur -> bench,59,68,0.017,0.244,0.153,60,90,69,0.0,0.147,7.4,whisper,0.7,6,2.94,31.33,0.276,"whisper 23%, silence 12%","<long> 24%, whisper 23%",0.5908,0.502,0.836
r8_1885_stained_glass,"Name a type of stained glass. Reply with only the name, nothing else.",0.6139,<long> -> bench,0.5417,opalescent -> real,0.5403,murano -> bench,55,62,0.083,0.311,0.22,60,90,72,0.0,0.2,9.9,opalescent,0.15,17,15.83,47.74,0.111,"cameo 12%, opalescent 12%","<long> 31%, cameo 7%",0.5997,0.396,0.922
r8_0680_bookmark,"Name a bookmark. Reply with only the name, nothing else.",0.6139,<long> -> bench,0.5667,bookmark -> real,0.5702,bookmark -> real,57,65,0.05,0.278,0.187,60,90,110,0.0,0.153,8.9,pocket,0.75,6,2.62,97.41,0.066,"bookmark 13%, <long> 5%","<long> 28%, bookmarks 4%",0.5942,0.663,0.61
r8_0640_work_by_charles_dicken,"Name a work by charles dicken. Reply with only the name, nothing else.",0.6139,<long> -> bench,0.5639,christmas carol -> real,0.5462,christmas carol -> real,59,68,0.017,0.244,0.153,60,90,16,0.0,0.147,9.3,tale of two cities,0.55,3,2.53,5.08,0.504,"tale of two cities 47%, christmas carol 25%","tale of two cities 40%, <long> 24%",0.6317,0.171,0.922
r8_0244_atmospheric_layer,"Name an atmospheric layer. Reply with only the name, nothing else.",0.6139,<long> -> bench,0.5417,stratosphere -> real,0.5217,troposphere -> bench,59,68,0.017,0.244,0.153,60,90,17,0.0,0.127,7.9,stratosphere,0.7,2,1.84,4.57,0.433,"stratosphere 42%, troposphere 33%","stratosphere 33%, troposphere 29%",0.6242,0.18,0.912
r8_1969_cake_type,"Name a cake type. Reply with only the name, nothing else.",0.6139,<long> -> bench,0.5278,cheesecake -> bench,0.5419,cheesecake -> bench,59,68,0.017,0.244,0.153,60,90,45,0.0,0.147,7.6,chocolate cake,0.7,5,2.67,18.39,0.228,"chocolate 20%, chocolate cake 20%","<long> 24%, chocolate cake 19%",0.6008,0.351,0.903
r8_0745_temple,"Name a temple. Reply with only the name, nothing else.",0.6139,<long> -> bench,0.5722,parthenon -> bench,0.6007,parthenon -> bench,59,68,0.017,0.244,0.153,60,90,77,0.0,0.113,7.8,angkor wat,0.3,12,9.25,42.81,0.142,"temple 13%, angkor wat 10%","<long> 24%, parthenon 18%",0.6078,0.421,0.719
r8_1091_bread_loaf,"Name a bread loaf. Reply with only the name, nothing else.",0.6139,<long> -> bench,0.55,rye -> real,0.5515,baguette -> bench,59,68,0.017,0.244,0.153,60,90,30,0.0,0.127,7.7,sourdough,0.95,2,1.22,6.31,0.614,"sourdough 55%, rye 10%","sourdough 50%, <long> 24%",0.5989,0.281,0.91
r8s_0065_room_in_a_house,"Suggest a type of room in a house. Reply with only the name, nothing else.",0.6139,<long> -> bench,0.6,bedroom -> bench,0.663,bedroom -> bench,59,68,0.017,0.244,0.153,60,90,22,0.0,0.147,7.2,bedroom,0.45,4,3.29,6.57,0.378,"living room 23%, kitchen 20%","bedroom 40%, <long> 24%",0.6017,0.176,1.034
r8_1979_oil_machine,"Name an oil machine. Reply with only the name, nothing else.",0.6139,<long> -> bench,0.525,exxonmobil -> real,0.5345,pump -> bench,59,68,0.017,0.244,0.153,60,90,105,0.0,0.127,7.6,oil pump,0.2,12,10.44,91.14,0.071,"exxonmobil 5%, exxon 3%","<long> 24%, pump 8%",0.6014,0.545,0.934
r8_1167_pad,"Name a pad. Reply with only the name, nothing else.",0.6139,<long> -> bench,0.5361,pad -> real,0.5462,pad 2 -> bench,57,65,0.05,0.278,0.187,60,90,75,0.0,0.16,8.0,pad,0.25,14,11.34,39.31,0.213,"pad 22%, ipad 12%","<long> 28%, pad 14%",0.6147,0.483,0.663
r8_0314_essential_oil,"Name an essential oil. Reply with only the name, nothing else.",0.6139,<long> -> bench,0.5639,lavender -> real,0.5253,lavender -> bench,59,68,0.017,0.244,0.153,60,90,11,0.0,0.14,7.7,lavender,0.95,2,1.22,2.59,0.756,"lavender 72%, peppermint 13%","lavender 59%, <long> 24%",0.6483,0.198,1.134
r8_0812_cheese_spread,"Name a cheese spread. Reply with only the name, nothing else.",0.6139,brie -> real,0.6139,brie -> real,0.6074,brie -> real,60,73,0.0,0.189,0.113,60,90,54,0.0,0.113,6.7,philadelphia,0.15,17,15.83,22.6,0.165,"brie 28%, philadelphia cream cheese 12%","<long> 19%, philadelphia 16%",0.64,0.378,0.885
r8s_0191_herb,"Suggest a type of herb. Reply with only the name, nothing else.",0.6139,<long> -> bench,0.5833,basil -> real,0.5424,lavender -> real,59,68,0.017,0.244,0.153,60,90,27,0.0,0.14,7.6,basil,0.95,2,1.22,6.22,0.591,"basil 60%, lavender 8%","basil 43%, <long> 24%",0.6311,0.356,1.083
r8_0496_compass,"Name a type of compass. Reply with only the name, nothing else.",0.6139,<long> -> bench,0.5444,mariners compass -> bench,0.5588,mariners compass -> bench,59,68,0.017,0.244,0.153,60,90,76,0.0,0.147,7.8,marine compass,0.35,12,8.81,54.46,0.102,"magnetic 12%, marine compass 5%","<long> 24%, mariners compass 9%",0.635,0.504,0.839
r8_1047_ball_sport,"Name a ball sport. Reply with only the name, nothing else.",0.6139,basketball -> real,0.6139,basketball -> real,0.565,basketball -> real,60,75,0.0,0.167,0.1,60,90,13,0.0,0.093,5.8,basketball,0.8,2,1.65,3.27,0.644,"basketball 72%, soccer 20%","basketball 49%, soccer 18%",0.615,0.208,0.86
r8_0190_wood,"Name a wood. Reply with only the name, nothing else.",0.6139,<long> -> bench,0.5444,oak -> real,0.5485,oak -> bench,59,68,0.017,0.244,0.153,60,90,23,0.0,0.153,6.9,oak,1.0,1,1.0,3.38,0.764,"oak 70%, cedar 5%","oak 61%, <long> 24%",0.6019,0.228,0.968
r8_0445_squash,"Name a squash. Reply with only the name, nothing else.",0.6139,<long> -> bench,0.5528,squash -> real,0.5435,squash -> real,55,62,0.083,0.311,0.22,60,90,94,0.0,0.173,9.3,buttercup,0.2,17,15.16,67.57,0.154,"squash 18%, <long> 8%","<long> 31%, squash 8%",0.6156,0.606,0.521
r8_1690_martial_art,"Name a martial art. Reply with only the name, nothing else.",0.6139,karate -> real,0.6139,karate -> real,0.5849,karate -> real,60,81,0.0,0.1,0.06,60,90,16,0.0,0.047,5.0,karate,0.95,2,1.22,3.84,0.652,"karate 75%, judo 10%","karate 52%, judo 14%",0.6056,0.209,0.87
r8_1176_lake_color,"Name a lake color. Reply with only the name, nothing else.",0.6139,<long> -> bench,0.5417,blue -> real,0.5459,teal -> bench,59,68,0.017,0.244,0.153,60,90,33,0.0,0.14,7.0,emerald,0.3,9,6.8,12.98,0.276,"turquoise 25%, azure 13%","<long> 24%, turquoise 22%",0.5925,0.333,0.824
r8_0854_sealant,"Name a sealant. Reply with only the name, nothing else.",0.6139,<long> -> bench,0.55,polyurethane -> real,0.5457,polyurethane -> real,59,68,0.017,0.244,0.153,60,90,63,0.0,0.133,7.8,silicone,0.55,9,4.99,25.35,0.323,"silicone 32%, polyurethane 13%","<long> 24%, silicone 24%",0.6033,0.368,0.927
r8_0439_cake_flavor,"Name a cake flavor. Reply with only the name, nothing else.",0.6139,chocolate fudge -> real,0.6139,chocolate fudge -> real,0.6393,chocolate -> bench,60,71,0.0,0.211,0.127,60,90,30,0.0,0.1,6.2,chocolate,0.85,4,1.8,7.27,0.534,"chocolate 38%, chocolate fudge 25%","chocolate 52%, <long> 21%",0.6061,0.226,1.026
r8_1775_caecilian,"Name a caecilian. Reply with only the name, nothing else.",0.6139,<long> -> bench,0.5278,siren -> bench,0.5419,siren -> bench,59,68,0.017,0.244,0.153,60,90,91,0.0,0.133,8.8,siren,0.3,11,8.26,69.48,0.079,"siren 3%, newt 3%","<long> 24%, siren 9%",0.5967,0.4,0.824
r8_0575_amusement_park,"Name an amusement park. Reply with only the name, nothing else.",0.6139,<long> -> bench,0.5444,disneyland -> real,0.5536,disneyland -> bench,59,68,0.017,0.244,0.153,60,90,21,0.0,0.127,7.4,disneyland,1.0,1,1.0,2.86,0.803,"disneyland 73%, magic kingdom 7%","disneyland 64%, <long> 24%",0.6108,0.145,1.032
r8_1349_cookie_brand,"Name a cookie brand. Reply with only the name, nothing else.",0.6139,<long> -> bench,0.5417,nestle -> real,0.5339,oatmeal -> real,59,68,0.017,0.244,0.153,60,90,36,0.0,0.14,8.0,oreo,0.3,8,5.94,16.23,0.268,"oreo 27%, nestle 15%","<long> 24%, oreo 20%",0.6083,0.232,1.001
r8_0541_crime,"Name a crime. Reply with only the name, nothing else.",0.6139,<long> -> bench,0.5611,murder -> real,0.5485,murder -> real,49,53,0.183,0.411,0.32,60,90,31,0.0,0.28,12.2,theft,0.5,7,4.67,8.58,0.431,"theft 32%, murder 23%","<long> 41%, theft 28%",0.5942,0.304,0.801
r8_1366_rainforest_animal,"Name a rainforest animal. Reply with only the name, nothing else.",0.6139,<long> -> bench,0.6028,jaguar -> real,0.516,jaguar -> real,59,68,0.017,0.244,0.153,60,90,20,0.0,0.147,8.1,jaguar,0.95,2,1.22,3.09,0.78,"jaguar 78%, sloth 3%","jaguar 58%, <long> 24%",0.6206,0.193,0.976
r8_0152_woodwind_instrument,"Name a type of woodwind instrument. Reply with only the name, nothing else.",0.6111,<long> -> bench,0.5861,flute -> real,0.544,clarinet -> real,60,70,0.0,0.222,0.133,60,90,10,0.0,0.12,6.8,flute,0.9,2,1.38,2.41,0.746,"flute 75%, clarinet 22%","flute 58%, <long> 22%",0.6131,0.178,0.731
r8_0116_greek_god,"Name a greek god. Reply with only the name, nothing else.",0.6111,zeus -> real,0.6111,zeus -> real,0.5433,zeus -> real,60,75,0.0,0.167,0.1,60,90,14,0.0,0.093,5.9,zeus,1.0,1,1.0,2.15,0.852,"zeus 90%, hermes 2%","zeus 68%, <long> 17%",0.6386,0.14,0.927
r8_1845_boardwalk_game,"Name a boardwalk game. Reply with only the name, nothing else.",0.6111,<long> -> bench,0.5556,monopoly -> bench,0.6209,monopoly -> bench,58,67,0.033,0.256,0.167,60,90,40,0.0,0.127,7.4,candy land,0.3,11,8.85,12.8,0.44,"monopoly 30%, scrabble 10%","monopoly 41%, <long> 26%",0.5853,0.387,0.807
r8_0607_sports_drink,"Name a sports drink. Reply with only the name, nothing else.",0.6111,gatorade -> real,0.6111,gatorade -> real,0.5283,gatorade -> real,60,73,0.0,0.189,0.113,60,90,11,0.0,0.113,7.1,gatorade,1.0,1,1.0,1.67,0.902,"gatorade 93%, powerade 3%","gatorade 71%, <long> 19%",0.5986,0.085,0.853
r8_0967_hygiene_product,"Name a hygiene product. Reply with only the name, nothing else.",0.6111,<long> -> bench,0.5528,dove -> real,0.5512,dove -> real,60,70,0.0,0.222,0.133,60,90,55,0.0,0.1,6.9,soap,0.4,7,5.07,33.79,0.092,"dove 12%, dettol 8%","<long> 22%, toothbrush 9%",0.6189,0.37,0.667
r8_1236_form_of_cooking,"Name a type of form of cooking. Reply with only the name, nothing else.",0.6111,<long> -> bench,0.5333,grilling -> real,0.5333,baking -> bench,60,70,0.0,0.222,0.133,60,90,29,0.0,0.127,6.9,grilling,0.45,6,4.46,11.23,0.262,"grilling 27%, roasting 23%","<long> 22%, grilling 20%",0.5892,0.373,1.163
r8_1222_marine_creature,"Name a type of marine creature. Reply with only the name, nothing else.",0.6111,<long> -> bench,0.5694,octopus -> real,0.544,octopus -> real,60,70,0.0,0.222,0.133,60,90,23,0.0,0.133,7.4,dolphin,0.35,6,4.79,7.42,0.354,"jellyfish 32%, octopus 32%","jellyfish 30%, <long> 22%",0.5986,0.263,0.903
r8_1269_board_game_brand,"Name a board game brand. Reply with only the name, nothing else.",0.6111,<long> -> bench,0.6111,hasbro -> real,0.5821,monopoly -> bench,60,70,0.0,0.222,0.133,60,90,39,0.0,0.113,6.8,hasbro,0.95,2,1.22,10.55,0.462,"hasbro 53%, risk 5%","hasbro 31%, <long> 22%",0.6461,0.263,0.992
r8_0738_demon,"Name a demon. Reply with only the name, nothing else.",0.6111,<long> -> bench,0.5861,asmodeus -> real,0.5565,asmodeus -> real,58,67,0.033,0.256,0.167,60,90,61,0.0,0.127,7.9,asmodeus,0.7,5,2.74,25.55,0.336,"asmodeus 38%, baphomet 7%","<long> 26%, asmodeus 21%",0.5981,0.402,0.995
r8_0274_metal,"Name a metal. Reply with only the name, nothing else.",0.6111,<long> -> bench,0.5944,gold -> real,0.5786,gold -> real,60,70,0.0,0.222,0.133,60,90,24,0.0,0.127,6.2,iron,0.95,2,1.22,6.15,0.5,"iron 48%, gold 30%","iron 40%, <long> 22%",0.6139,0.166,0.877
r8_0273_eyewear,"Name a type of eyewear. Reply with only the name, nothing else.",0.6111,<long> -> bench,0.5667,sunglasses -> real,0.5881,glasses -> bench,60,70,0.0,0.222,0.133,60,90,18,0.0,0.127,7.3,sunglasses,0.95,2,1.22,5.22,0.485,"sunglasses 50%, glasses 17%","sunglasses 37%, glasses 27%",0.5892,0.186,0.955
r8_1148_grainy_substance,"Name a grainy substance. Reply with only the name, nothing else.",0.6111,sand -> real,0.6111,sand -> real,0.5833,sand -> real,60,75,0.0,0.167,0.1,60,90,25,0.0,0.093,5.2,salt,0.7,6,2.94,7.65,0.407,"sand 50%, salt 18%","sand 28%, salt 19%",0.6178,0.272,0.887
r8_1928_guitar_pick,"Name a guitar pick. Reply with only the name, nothing else.",0.6111,<long> -> bench,0.5778,dunlop -> real,0.5762,dunlop -> real,60,70,0.0,0.222,0.133,60,90,55,0.0,0.12,6.7,tortex,0.35,9,6.68,23.64,0.254,"tortex 27%, dunlop 17%","<long> 22%, tortex 19%",0.5939,0.284,0.753
r8_1153_flashlight,"Name a flashlight. Reply with only the name, nothing else.",0.6111,<long> -> bench,0.55,maglite -> real,0.5431,olight -> real,58,67,0.033,0.256,0.167,60,90,69,0.0,0.147,7.7,olight,0.4,10,6.6,35.86,0.208,"maglite 23%, olight 8%","<long> 26%, maglite 13%",0.605,0.419,0.888
r8_0883_handbag_style,"Name a handbag style. Reply with only the name, nothing else.",0.6111,<long> -> bench,0.5972,tote -> real,0.5369,tote -> real,60,70,0.0,0.222,0.133,60,90,48,0.0,0.113,6.9,tote,0.8,3,1.85,9.6,0.577,"tote 62%, chanel 5%","tote 42%, <long> 22%",0.6389,0.334,0.925
r8_1862_jelly,"Name a jelly. Reply with only the name, nothing else.",0.6111,<long> -> bench,0.5694,lemon -> bench,0.5917,lemon -> bench,60,70,0.0,0.222,0.133,60,90,64,0.0,0.127,7.2,lemon,0.35,7,5.76,30.84,0.162,"jellyfish 18%, jelly 18%","<long> 22%, lemon 16%",0.6469,0.455,0.983
r8_0352_country,"Name a country. Reply with only the name, nothing else.",0.6111,<long> -> bench,0.5639,japan -> real,0.6143,france -> bench,60,70,0.0,0.222,0.133,60,90,20,0.0,0.113,5.9,japan,0.5,3,2.83,4.46,0.623,"france 50%, japan 18%","france 57%, <long> 22%",0.5883,0.287,0.858
r8_0826_brewery_product,"Name a brewery product. Reply with only the name, nothing else.",0.6111,<long> -> bench,0.525,lagunitas -> real,0.5357,heineken -> bench,56,64,0.067,0.289,0.2,60,90,52,0.0,0.173,9.4,sierra nevada pale ale,0.3,10,7.51,25.45,0.192,"stella artois 18%, guinness 12%","<long> 29%, stella artois 13%",0.6125,0.354,0.94
r8_1110_saltwater_sport_fish,"Name a saltwater sport fish. Reply with only the name, nothing else.",0.6111,<long> -> bench,0.5667,red snapper -> real,0.5667,red snapper -> real,60,70,0.0,0.222,0.133,60,90,40,0.0,0.12,7.3,marlin,0.6,6,3.41,21.25,0.215,"marlin 25%, red snapper 13%","<long> 22%, marlin 14%",0.5811,0.422,0.921
r8_1015_bone_in_the_body,"Name a bone in the body. Reply with only the name, nothing else.",0.6111,<long> -> bench,0.6083,femur -> real,0.5179,femur -> real,60,70,0.0,0.222,0.133,60,90,14,0.0,0.127,7.7,femur,0.95,2,1.22,2.26,0.831,"femur 85%, humerus 7%","femur 63%, <long> 22%",0.6714,0.187,0.991
r8_0939_boxing_punch,"Name a boxing punch. Reply with only the name, nothing else.",0.6111,<long> -> bench,0.6,uppercut -> real,0.6131,hook -> bench,60,70,0.0,0.222,0.133,60,90,24,0.0,0.113,6.5,hook,0.45,5,3.24,6.6,0.438,"uppercut 33%, hook 32%","hook 42%, <long> 22%",0.6192,0.249,0.745
r8_0905_environmental_movement,"Name a type of environmental movement. Reply with only the name, nothing else.",0.6111,<long> -> bench,0.5333,deep ecology -> real,0.5345,conservation -> bench,60,70,0.0,0.222,0.133,60,90,70,0.0,0.12,7.0,conservationism,0.25,12,9.87,50.91,0.069,"deep ecology 10%, recycling 5%","<long> 22%, conservation 7%",0.5931,0.351,0.799
r8_0592_musical_band,"Name a musical band. Reply with only the name, nothing else.",0.6111,<long> -> bench,0.55,queen -> real,0.5357,queen -> real,60,70,0.0,0.222,0.133,60,90,31,0.0,0.127,6.9,beatles,0.8,3,1.85,9.8,0.415,"beatles 38%, queen 20%","beatles 34%, <long> 22%",0.5936,0.271,0.773
r8_0952_savanna,"Name a savanna. Reply with only the name, nothing else.",0.6111,<long> -> bench,0.5889,serengeti -> real,0.5167,masai mara -> real,60,70,0.0,0.222,0.133,60,90,15,0.0,0.113,8.5,serengeti,0.9,2,1.38,1.97,0.877,"serengeti 87%, savanna 3%","serengeti 69%, <long> 22%",0.6239,0.131,0.887
r8_1414_sour_food,"Name a sour food. Reply with only the name, nothing else.",0.6111,<long> -> bench,0.5528,lime -> real,0.5512,lime -> real,60,70,0.0,0.222,0.133,60,90,47,0.0,0.1,6.7,lemon,1.0,1,1.0,13.89,0.454,"lemon 40%, lime 12%","lemon 39%, <long> 22%",0.5919,0.285,0.768
r8_0054_mythological_creature,"Name a type of mythological creature. Reply with only the name, nothing else.",0.6111,<long> -> bench,0.5278,dragon -> real,0.5488,griffin -> bench,60,70,0.0,0.222,0.133,60,90,26,0.0,0.133,6.7,dragon,0.35,7,5.01,9.92,0.369,"griffin 32%, dragon 17%","griffin 32%, <long> 22%",0.6033,0.408,0.966
r8_1002_noble_gas,"Name a type of noble gas. Reply with only the name, nothing else.",0.6111,<long> -> bench,0.5972,helium -> real,0.5095,xenon -> real,60,70,0.0,0.222,0.133,60,90,7,0.0,0.127,6.8,helium,0.95,2,1.22,1.47,0.923,"helium 92%, argon 3%","helium 72%, <long> 22%",0.6258,0.126,0.943
r8_0126_holiday,"Name a holiday. Reply with only the name, nothing else.",0.6111,<long> -> bench,0.6,christmas -> real,0.5417,halloween -> real,60,70,0.0,0.222,0.133,60,90,17,0.0,0.12,6.2,christmas,0.95,2,1.22,3.19,0.746,"christmas 77%, halloween 8%","christmas 57%, <long> 22%",0.6175,0.249,1.005
r8_1665_hair_tie,"Name a hair tie. Reply with only the name, nothing else.",0.6111,scrunchie -> real,0.6111,scrunchie -> real,0.5806,scrunchie -> real,60,72,0.0,0.2,0.12,60,90,48,0.0,0.12,7.2,scrunchie,0.7,7,3.15,12.62,0.379,"scrunchie 47%, hair tie 18%","scrunchie 24%, hair tie 21%",0.6167,0.378,0.997
r8_0066_sea_creature,"Name a type of sea creature. Reply with only the name, nothing else.",0.6111,<long> -> bench,0.5639,jellyfish -> real,0.5333,crab -> bench,60,70,0.0,0.222,0.133,60,90,29,0.0,0.127,7.3,jellyfish,0.35,9,6.51,8.9,0.392,"jellyfish 42%, octopus 20%","jellyfish 29%, <long> 22%",0.6039,0.29,0.758
r8s_1949_speech,"Suggest a type of speech. Reply with only the name, nothing else.",0.6111,<long> -> bench,0.5361,persuasive speech -> bench,0.5536,persuasive speech -> bench,60,70,0.0,0.222,0.133,60,90,73,0.0,0.127,7.2,persuasive speech,0.4,9,6.16,44.54,0.108,"monologue 10%, persuasive 10%","<long> 22%, persuasive speech 12%",0.5925,0.49,0.791
r8_1535_gemstone_cut,"Name a gemstone cut. Reply with only the name, nothing else.",0.6111,<long> -> bench,0.5667,princess -> real,0.5667,princess -> real,60,70,0.0,0.222,0.133,60,90,30,0.0,0.127,6.7,round brilliant,0.4,5,3.84,11.7,0.346,"emerald 37%, princess 13%","emerald 26%, <long> 22%",0.6344,0.413,0.8
r8_1506_gymnastics_apparatus,"Name a type of gymnastics apparatus. Reply with only the name, nothing else.",0.6111,<long> -> bench,0.5944,pommel horse -> real,0.5786,pommel horse -> real,60,70,0.0,0.222,0.133,60,90,28,0.0,0.127,6.8,vault,0.4,10,6.89,10.55,0.254,"pommel horse 30%, parallel bars 25%","<long> 22%, parallel bars 20%",0.5972,0.33,0.89
r8_1485_pirate,"Name a pirate. Reply with only the name, nothing else.",0.6111,<long> -> bench,0.5444,blackbeard -> real,0.525,davy jones -> real,60,70,0.0,0.222,0.133,60,90,41,0.0,0.12,7.6,blackbeard,0.9,3,1.48,13.08,0.362,"blackbeard 37%, jack sparrow 17%","blackbeard 28%, <long> 22%",0.5928,0.218,0.817
r8_1086_greeting_card_occasion,"Name a greeting card occasion. Reply with only the name, nothing else.",0.6111,<long> -> bench,0.5306,graduation -> real,0.5905,birthday -> bench,60,70,0.0,0.222,0.133,60,90,11,0.0,0.127,6.2,birthday,0.75,3,1.99,2.18,0.831,"birthday 73%, graduation 8%","birthday 71%, <long> 22%",0.5953,0.235,1.111
r8_1966_gum_flavor,"Name a gum flavor. Reply with only the name, nothing else.",0.6111,<long> -> bench,0.5667,spearmint -> real,0.5619,spearmint -> real,60,70,0.0,0.222,0.133,60,90,57,0.0,0.127,7.3,spearmint,0.45,7,4.91,31.41,0.185,"bubblegum 23%, spearmint 17%","<long> 22%, bubblegum 11%",0.6075,0.399,1.082
r8_0828_shower,"Name a shower. Reply with only the name, nothing else.",0.6111,<long> -> bench,0.5861,shower -> real,0.5616,shower -> real,58,67,0.033,0.256,0.167,60,90,78,0.0,0.14,7.7,shower,0.6,8,4.2,32.88,0.296,"shower 35%, rain 8%","<long> 26%, shower 18%",0.6172,0.439,0.794
r8_0830_river_in_europe,"Name a river in europe. Reply with only the name, nothing else.",0.6111,<long> -> bench,0.5889,rhine -> real,0.5619,rhine -> real,60,70,0.0,0.222,0.133,60,90,19,0.0,0.12,6.9,danube,0.85,2,1.53,4.98,0.477,"danube 48%, rhine 37%","danube 37%, <long> 22%",0.6383,0.186,0.828
r8_1420_fence,"Name a fence. Reply with only the name, nothing else.",0.6111,<long> -> bench,0.5389,fence -> bench,0.5548,fence -> bench,60,70,0.0,0.222,0.133,60,90,95,0.0,0.113,6.7,wooden,0.25,11,8.98,71.46,0.092,"white 7%, wood 5%","<long> 22%, fence 11%",0.6028,0.601,0.782
r8_0867_fictional_planet,"Name a fictional planet. Reply with only the name, nothing else.",0.6111,xylos -> real,0.6111,xylos -> real,0.6167,tatooine -> bench,60,75,0.0,0.167,0.1,60,90,64,0.0,0.1,7.2,tatooine,0.65,4,2.52,26.16,0.23,"xylos 30%, tatooine 10%","tatooine 28%, <long> 17%",0.6697,0.282,0.823
r8_1724_battle_formation,"Name a battle formation. Reply with only the name, nothing else.",0.6111,<long> -> bench,0.5556,turtle -> real,0.5429,turtle -> real,60,70,0.0,0.222,0.133,60,90,53,0.0,0.1,7.1,testudo,0.35,10,7.47,22.19,0.185,"turtle 20%, phalanx 17%","<long> 22%, phalanx 16%",0.6083,0.281,0.841
r8_1922_topping_for_pancake,"Name a topping for pancake. Reply with only the name, nothing else.",0.6111,<long> -> bench,0.575,blueberries -> real,0.556,blueberries -> real,60,70,0.0,0.222,0.133,60,90,31,0.0,0.127,7.1,maple syrup,0.65,6,3.2,13.44,0.246,"blueberries 28%, maple syrup 28%","<long> 22%, maple syrup 17%",0.6075,0.274,0.922
r8_1867_piano,"Name a piano. Reply with only the name, nothing else.",0.6111,<long> -> bench,0.55,steinway -> real,0.5315,fender rhodes -> bench,58,67,0.033,0.256,0.167,60,90,35,0.0,0.153,8.3,steinway,0.65,7,3.52,13.76,0.288,"steinway 30%, piano 13%","<long> 26%, steinway 20%",0.6011,0.176,0.862
r8_0960_seal,"Name a seal. Reply with only the name, nothing else.",0.6111,<long> -> bench,0.5583,harbor seal -> bench,0.5821,harbor seal -> bench,60,70,0.0,0.222,0.133,60,90,79,0.0,0.127,7.2,harbor seal,0.55,3,2.33,44.03,0.146,"harbor 13%, harbor seal 5%","<long> 22%, harbor seal 17%",0.6019,0.445,0.742
r8_1395_latin_dance,"Name a latin dance. Reply with only the name, nothing else.",0.6111,<long> -> bench,0.5833,samba -> real,0.5548,samba -> real,60,70,0.0,0.222,0.133,60,90,12,0.0,0.133,7.0,salsa,0.85,3,1.68,3.27,0.569,"salsa 57%, samba 37%","salsa 44%, <long> 22%",0.6503,0.122,0.957
r8_1403_medical_speciality,"Name a medical speciality. Reply with only the name, nothing else.",0.6111,<long> -> bench,0.5639,dermatology -> real,0.6155,cardiology -> bench,60,70,0.0,0.222,0.133,60,90,19,0.0,0.12,7.1,cardiology,0.95,2,1.22,3.7,0.708,"cardiology 58%, dermatology 15%","cardiology 63%, <long> 22%",0.6125,0.217,1.049
r8_0260_waterfowl,"Name a waterfowl. Reply with only the name, nothing else.",0.6111,<long> -> bench,0.5917,mallard -> real,0.5821,mallard -> real,60,70,0.0,0.222,0.133,60,90,33,0.0,0.133,7.0,duck,0.5,4,2.75,13.89,0.308,"duck 25%, mallard 25%","duck 28%, <long> 22%",0.6058,0.389,0.8
r8_1634_sports_trophy,"Name a sports trophy. Reply with only the name, nothing else.",0.6111,<long> -> bench,0.5806,ballon dor -> real,0.5542,ballon dor -> real,58,67,0.033,0.256,0.167,60,90,53,0.0,0.12,8.7,ballon dor,0.5,9,5.51,22.09,0.304,"ballon dor 35%, world cup 12%","<long> 26%, ballon dor 19%",0.5992,0.246,0.98
r8_0219_bear_species,"Name a bear species. Reply with only the name, nothing else.",0.6111,<long> -> bench,0.5944,polar bear -> real,0.5548,polar bear -> real,60,70,0.0,0.222,0.133,60,90,17,0.0,0.12,7.2,polar bear,0.55,5,3.53,5.07,0.408,"polar bear 47%, grizzly 30%","grizzly 30%, polar bear 28%",0.6297,0.161,0.981
r8_1321_dance_style,"Name a dance style. Reply with only the name, nothing else.",0.6111,<long> -> bench,0.5694,ballet -> real,0.5393,ballet -> real,60,70,0.0,0.222,0.133,60,90,33,0.0,0.107,6.6,ballet,0.7,6,2.94,13.2,0.308,"ballet 35%, salsa 17%","<long> 22%, ballet 21%",0.6086,0.293,0.779
r8_1792_orchid,"Name an orchid. Reply with only the name, nothing else.",0.6111,<long> -> bench,0.5639,phalaenopsis -> real,0.5345,mimosa -> real,58,67,0.033,0.256,0.167,60,90,24,0.0,0.147,9.3,phalaenopsis,0.4,9,6.16,5.53,0.608,"phalaenopsis 58%, moth orchid 8%","phalaenopsis 46%, <long> 26%",0.6339,0.113,0.944
r8_0544_sound_effect,"Name a sound effect. Reply with only the name, nothing else.",0.6111,<long> -> bench,0.5389,pop -> real,0.5357,pop -> real,60,70,0.0,0.222,0.133,60,90,75,0.0,0.12,6.9,boing,0.25,15,12.48,53.06,0.085,"boing 12%, pop 10%","<long> 22%, boing 4%",0.6028,0.582,0.684
r8_0364_nerve,"Name a nerve. Reply with only the name, nothing else.",0.6111,<long> -> bench,0.525,vagus -> real,0.5184,nerve -> real,58,67,0.033,0.256,0.167,60,90,73,0.0,0.153,8.1,sciatic,0.2,10,8.48,43.37,0.144,"vagus 15%, vagus nerve 8%","<long> 26%, vagus 10%",0.5975,0.486,0.637
r8_1999_speaker_brand,"Name a speaker brand. Reply with only the name, nothing else.",0.6111,<long> -> bench,0.5722,jbl -> real,0.5345,sonos -> bench,60,70,0.0,0.222,0.133,60,90,32,0.0,0.133,7.0,jbl,0.8,5,2.18,9.61,0.438,"jbl 47%, bose 20%","jbl 32%, <long> 22%",0.5953,0.266,0.831
r8_1152_fungus_type,"Name a fungus type. Reply with only the name, nothing else.",0.6111,<long> -> bench,0.5389,truffle -> real,0.544,mushroom -> bench,60,70,0.0,0.222,0.133,60,90,39,0.0,0.133,7.7,mushroom,0.75,5,2.45,12.2,0.431,"mushroom 38%, truffle 13%","mushroom 37%, <long> 22%",0.6375,0.229,0.994
r8_1343_ancient_monument,"Name a type of ancient monument. Reply with only the name, nothing else.",0.6111,<long> -> bench,0.5667,pyramid -> bench,0.6286,pyramid -> bench,60,70,0.0,0.222,0.133,60,90,31,0.0,0.127,7.1,pyramid,0.75,3,2.08,9.75,0.438,"pyramid 30%, obelisk 17%","pyramid 43%, <long> 22%",0.6,0.247,1.083
r8_0401_animated_movie,"Name an animated movie. Reply with only the name, nothing else.",0.6111,<long> -> bench,0.5528,spirited away -> real,0.5373,inception -> bench,58,67,0.033,0.256,0.167,60,90,28,0.0,0.147,8.4,toy story,0.55,7,4.23,13.32,0.224,"spirited away 25%, toy story 18%","<long> 26%, toy story 19%",0.6367,0.263,0.822
r8_0602_chip,"Name a chip. Reply with only the name, nothing else.",0.6111,<long> -> bench,0.55,intel core i9 -> bench,0.5643,intel core i9 -> bench,60,70,0.0,0.222,0.133,60,90,70,0.0,0.127,7.4,intel,0.35,11,8.01,42.54,0.162,"intel 15%, doritos 8%","<long> 22%, intel 13%",0.6014,0.41,0.777
r8_0312_garnish,"Name a garnish. Reply with only the name, nothing else.",0.6111,<long> -> bench,0.5556,lemon -> bench,0.5857,lemon -> bench,60,70,0.0,0.222,0.133,60,90,42,0.0,0.12,7.0,lemon,0.45,6,4.06,18.51,0.223,"parsley 17%, cilantro 10%","<long> 22%, lemon 21%",0.5797,0.324,0.952
r8s_1057_crooked,"Suggest a type of crooked. Reply with only the name, nothing else.",0.6111,<long> -> bench,0.5167,goth -> real,0.5185,goth -> real,54,61,0.1,0.322,0.233,60,90,97,0.0,0.213,9.8,shearing,0.05,20,20.0,77.58,0.122,"<long> 10%, crooked 10%","<long> 32%, crooked 9%",0.6081,0.628,0.835
r8_0551_honey,"Name a honey. Reply with only the name, nothing else.",0.6111,<long> -> bench,0.5444,honey -> real,0.5429,manuka -> bench,60,70,0.0,0.222,0.133,60,90,70,0.0,0.12,7.1,manuka,0.3,10,7.71,38.81,0.146,"honey 17%, manuka 10%","<long> 22%, manuka 14%",0.6031,0.348,0.801
r8_0315_dye,"Name a dye. Reply with only the name, nothing else.",0.6111,<long> -> bench,0.6,indigo -> real,0.5952,indigo -> real,60,70,0.0,0.222,0.133,60,90,56,0.0,0.12,7.1,methylene blue,0.65,8,3.78,25.35,0.246,"indigo 23%, methylene blue 18%","methylene blue 23%, <long> 22%",0.6158,0.333,0.908
r8_1638_lip_balm_flavor,"Name a lip balm flavor. Reply with only the name, nothing else.",0.6111,<long> -> bench,0.5611,strawberry -> real,0.55,strawberry -> real,60,70,0.0,0.222,0.133,60,90,45,0.0,0.113,7.0,mint,0.25,11,9.21,19.84,0.223,"strawberry 20%, mint 18%","<long> 22%, mint 20%",0.5856,0.567,0.982
r8_1675_palace,"Name a palace. Reply with only the name, nothing else.",0.6111,<long> -> bench,0.5639,forbidden city -> real,0.5607,forbidden city -> real,60,70,0.0,0.222,0.133,60,90,47,0.0,0.12,7.4,palace of versailles,0.55,6,3.78,21.6,0.177,"versailles 18%, forbidden city 15%","<long> 22%, palace of versailles 13%",0.5919,0.242,0.844
r8_1510_dice_face,"Name a dice face. Reply with only the name, nothing else.",0.6111,<long> -> bench,0.5556,six -> real,0.5167,1 -> real,60,70,0.0,0.222,0.133,60,90,20,0.0,0.12,6.0,six,0.7,2,1.84,6.55,0.462,"six 47%, one 18%","six 36%, <long> 22%",0.6242,0.258,0.762
r8_0050_musical_note,"Name a musical note. Reply with only the name, nothing else.",0.6111,<long> -> bench,0.5583,c -> real,0.5274,c -> bench,60,70,0.0,0.222,0.133,60,90,13,0.0,0.133,6.2,c,0.9,2,1.38,2.75,0.746,"c 72%, do 12%","c 60%, <long> 22%",0.6264,0.269,0.894
r8_0005_bread,"Name a bread. Reply with only the name, nothing else.",0.6111,<long> -> bench,0.5278,brioche -> real,0.5381,sourdough -> bench,60,70,0.0,0.222,0.133,60,90,29,0.0,0.12,7.4,sourdough,0.7,3,2.11,6.96,0.508,"sourdough 47%, baguette 15%","sourdough 42%, <long> 22%",0.5928,0.199,0.817
r8_1490_motorboat,"Name a motorboat. Reply with only the name, nothing else.",0.6111,<long> -> bench,0.5611,sea ray -> real,0.5357,sea ray -> real,60,70,0.0,0.222,0.133,60,90,73,0.0,0.113,6.7,sea ray,0.3,11,8.63,35.66,0.262,"sea ray 30%, speedster 7%","<long> 22%, sea ray 18%",0.61,0.553,1.014
r8_0217_headwear,"Name a type of headwear. Reply with only the name, nothing else.",0.6111,<long> -> bench,0.5778,beanie -> real,0.5714,beanie -> real,60,70,0.0,0.222,0.133,60,90,27,0.0,0.113,6.3,hat,0.5,4,2.99,12.23,0.292,"cap 22%, beanie 20%","cap 28%, <long> 22%",0.5967,0.428,0.842
r8s_1823_hot_sauce,"Suggest a type of hot sauce. Reply with only the name, nothing else.",0.6111,<long> -> bench,0.5556,habanero -> real,0.5452,tabasco -> bench,60,70,0.0,0.222,0.133,60,90,55,0.0,0.127,7.7,tabasco,0.5,8,5.0,23.46,0.215,"habanero 20%, tabasco 17%","<long> 22%, tabasco 20%",0.5864,0.365,0.882
r8_1473_visual_art_style,"Name a visual art style. Reply with only the name, nothing else.",0.6111,<long> -> bench,0.5722,ukiyo-e -> real,0.5929,impressionism -> bench,60,70,0.0,0.222,0.133,60,90,23,0.0,0.12,7.6,impressionism,0.8,4,2.03,6.87,0.5,"impressionism 40%, ukiyo-e 17%","impressionism 46%, <long> 22%",0.5922,0.255,1.031
r8_1559_naiad,"Name a naiad. Reply with only the name, nothing else.",0.6111,<long> -> bench,0.5472,naiad -> bench,0.5679,naiad -> bench,60,70,0.0,0.222,0.133,60,90,76,0.0,0.12,7.4,daphne,0.35,13,9.44,42.2,0.162,"daphne 17%, alpheus 8%","<long> 22%, naiad 14%",0.5969,0.415,0.9
r8_0973_kappa,"Name a kappa. Reply with only the name, nothing else.",0.6111,<long> -> bench,0.5139,kappa sigma -> bench,0.5652,kappa -> bench,58,67,0.033,0.256,0.167,60,90,66,0.0,0.153,7.9,kappa,0.5,11,6.32,20.15,0.432,"kappa 35%, <long> 3%","kappa 37%, <long> 26%",0.6056,0.375,0.644
r8_0434_milkshake,"Name a milkshake. Reply with only the name, nothing else.",0.6111,<long> -> bench,0.5639,chocolate -> bench,0.5988,chocolate -> bench,60,70,0.0,0.222,0.133,60,90,72,0.0,0.127,7.2,chocolate,0.6,5,3.01,36.24,0.223,"chocolate 12%, strawberry 8%","chocolate 24%, <long> 22%",0.5869,0.296,0.958
r8_1699_van_gogh_painting,"Name a type of van gogh painting. Reply with only the name, nothing else.",0.6111,<long> -> bench,0.5583,starry night -> real,0.5426,starry night -> bench,58,67,0.033,0.256,0.167,60,90,9,0.0,0.147,8.3,still life,0.25,11,8.35,1.8,0.856,"starry night 78%, sunflowers 13%","starry night 67%, <long> 26%",0.595,0.121,0.793
r8_1357_beast_of_burden,"Name a beast of burden. Reply with only the name, nothing else.",0.6111,<long> -> bench,0.6028,ox -> real,0.5869,ox -> real,60,70,0.0,0.222,0.133,60,90,39,0.0,0.127,6.9,ox,0.4,4,3.4,13.38,0.223,"ox 32%, mule 22%","<long> 22%, donkey 14%",0.6192,0.256,0.858
r8_0818_tv_drama,"Name a tv drama. Reply with only the name, nothing else.",0.6111,<long> -> bench,0.5639,breaking bad -> bench,0.6193,breaking bad -> bench,58,67,0.033,0.256,0.167,60,90,48,0.0,0.12,7.4,breaking bad,0.35,9,6.32,18.38,0.352,"breaking bad 22%, succession 10%","breaking bad 34%, <long> 26%",0.5911,0.389,0.843
r8_0443_animal_sound,"Name an animal sound. Reply with only the name, nothing else.",0.6111,<long> -> bench,0.5611,meow -> real,0.531,meow -> real,60,70,0.0,0.222,0.133,60,90,19,0.0,0.133,6.9,roar,0.55,5,3.53,7.16,0.3,"meow 33%, roar 25%","<long> 22%, roar 22%",0.6003,0.204,0.691
r8_1227_tv_brand,"Name a tv brand. Reply with only the name, nothing else.",0.6111,<long> -> bench,0.5778,sony -> real,0.5619,sony -> real,60,70,0.0,0.222,0.133,60,90,8,0.0,0.133,6.2,samsung,0.5,4,2.99,2.18,0.746,"samsung 70%, sony 27%","samsung 61%, <long> 22%",0.6108,0.278,1.057
r8_0097_string_instrument,"Name a type of string instrument. Reply with only the name, nothing else.",0.6083,<long> -> bench,0.5833,violin -> real,0.5655,guitar -> real,59,69,0.017,0.233,0.147,60,90,14,0.0,0.133,7.5,violin,0.95,2,1.22,3.31,0.664,"violin 67%, guitar 20%","violin 50%, <long> 23%",0.6103,0.168,0.84
r8_0257_feeling,"Name a type of feeling. Reply with only the name, nothing else.",0.6083,nostalgia -> real,0.6083,nostalgia -> real,0.6047,nostalgia -> real,60,74,0.0,0.178,0.107,60,90,40,0.0,0.107,5.9,joy,0.75,4,2.28,10.23,0.478,"joy 47%, nostalgia 25%","joy 40%, <long> 18%",0.5967,0.369,1.055
r8_0287_explosive,"Name an explosive. Reply with only the name, nothing else.",0.6083,tnt -> real,0.6083,tnt -> real,0.5506,tnt -> real,55,63,0.083,0.3,0.213,60,90,33,0.0,0.2,9.3,tnt,0.9,2,1.38,6.69,0.619,"tnt 62%, <long> 8%","tnt 40%, <long> 30%",0.6186,0.326,0.727
r8_1937_streaming_service,"Name a streaming service. Reply with only the name, nothing else.",0.6083,netflix -> real,0.6083,netflix -> real,0.5383,spotify -> bench,60,75,0.0,0.167,0.1,60,90,5,0.0,0.093,5.0,netflix,0.95,2,1.22,1.45,0.911,"netflix 95%, disney+ 3%","netflix 73%, <long> 17%",0.6192,0.092,0.635
r8s_1339_frozen_dessert,"Suggest a type of frozen dessert. Reply with only the name, nothing else.",0.6083,<long> -> bench,0.5528,gelato -> real,0.5473,gelato -> real,59,69,0.017,0.233,0.147,60,90,51,0.0,0.127,8.1,ice cream,0.35,7,5.01,29.24,0.156,"sorbet 17%, gelato 15%","<long> 23%, sorbet 11%",0.6047,0.244,0.978
r8_1042_vegetable_that_is_red,"Name a vegetable that is red. Reply with only the name, nothing else.",0.6083,<long> -> bench,0.5722,tomato -> real,0.5485,radish -> real,59,69,0.017,0.233,0.147,60,90,15,0.0,0.133,7.2,tomato,0.45,7,4.99,4.01,0.602,"tomato 60%, radish 17%","tomato 46%, <long> 23%",0.6136,0.297,0.993
r8_0686_bacon,"Name a bacon. Reply with only the name, nothing else.",0.6083,<long> -> bench,0.5639,bacon -> real,0.5279,apple -> bench,57,66,0.05,0.267,0.18,60,90,41,0.0,0.16,8.1,bacon,0.75,4,2.23,7.31,0.618,"bacon 58%, <long> 5%","bacon 46%, <long> 27%",0.6122,0.359,0.708
r8_0124_nebula,"Name a nebula. Reply with only the name, nothing else.",0.6083,orion nebula -> bench,0.6083,orion nebula -> bench,0.6498,orion nebula -> bench,58,70,0.033,0.222,0.147,60,90,54,0.0,0.147,8.4,orion nebula,0.75,5,2.45,25.67,0.25,"carina nebula 15%, carina 13%","orion nebula 30%, <long> 22%",0.6153,0.34,0.82
r8_0265_facial_feature,"Name a type of facial feature. Reply with only the name, nothing else.",0.6083,eyebrows -> real,0.6083,eyebrows -> real,0.6221,eyes -> bench,60,73,0.0,0.189,0.113,60,90,22,0.0,0.113,6.2,eyebrows,0.35,6,4.48,8.85,0.301,"eyebrows 32%, eyes 17%","eyes 33%, <long> 19%",0.66,0.272,0.783
r8_1616_chicken_part,"Name a chicken part. Reply with only the name, nothing else.",0.6083,wing -> real,0.6083,wing -> real,0.5859,thigh -> real,60,71,0.0,0.211,0.127,60,90,25,0.0,0.1,6.3,thigh,0.6,5,3.41,9.81,0.366,"wing 45%, thigh 20%","wing 23%, <long> 21%",0.6211,0.223,0.797
r8_1368_epic,"Name an epic. Reply with only the name, nothing else.",0.6083,<long> -> bench,0.5528,odyssey -> bench,0.6006,odyssey -> bench,53,60,0.117,0.333,0.247,60,90,71,0.0,0.193,10.1,iliad,0.6,6,3.41,36.24,0.239,"<long> 12%, odyssey 12%","<long> 33%, odyssey 22%",0.6192,0.396,0.738
r8_1717_bird_nest,"Name a bird nest. Reply with only the name, nothing else.",0.6083,<long> -> bench,0.5333,nest -> bench,0.5921,nest -> bench,57,66,0.05,0.267,0.18,60,90,58,0.0,0.173,8.5,nest,0.6,9,4.5,19.41,0.415,"nest 30%, <long> 5%","nest 37%, <long> 27%",0.5978,0.348,0.969
r8_1181_color_of_sky,"Name a color of sky. Reply with only the name, nothing else.",0.6083,azure -> real,0.6083,azure -> real,0.6208,blue -> bench,60,80,0.0,0.111,0.067,60,90,7,0.0,0.06,4.0,blue,0.95,2,1.22,1.66,0.871,"blue 73%, azure 22%","blue 87%, <long> 11%",0.5964,0.063,1.019
r8_1605_desert_animal,"Name a desert animal. Reply with only the name, nothing else.",0.6083,fennec fox -> real,0.6083,fennec fox -> real,0.6042,fennec fox -> real,60,72,0.0,0.2,0.12,60,90,14,0.0,0.113,6.8,fennec fox,0.55,3,2.53,3.89,0.598,"camel 55%, fennec fox 25%","camel 51%, <long> 20%",0.6069,0.153,1.052
r8_1786_mean_of_transportation,"Name a mean of transportation. Reply with only the name, nothing else.",0.6083,<long> -> bench,0.5333,bicycle -> real,0.5516,car -> bench,59,69,0.017,0.233,0.147,60,90,20,0.0,0.113,6.2,car,0.4,5,3.85,7.46,0.344,"car 28%, train 18%","car 30%, <long> 23%",0.5903,0.193,0.819
r8_0918_makeup_remover,"Name a makeup remover. Reply with only the name, nothing else.",0.6083,cetaphil -> real,0.6083,cetaphil -> real,0.5972,cetaphil -> real,55,64,0.083,0.289,0.207,60,90,56,0.0,0.127,9.7,cetaphil,0.25,12,10.14,25.07,0.277,"cetaphil 35%, cerave hydrating facial cleanser 17%","<long> 29%, cetaphil 13%",0.6225,0.339,0.92
r8_0015_winter_sport,"Name a winter sport. Reply with only the name, nothing else.",0.6083,<long> -> bench,0.5917,skiing -> real,0.5253,skating -> bench,59,69,0.017,0.233,0.147,60,90,18,0.0,0.127,7.5,skiing,1.0,1,1.0,3.18,0.75,"skiing 75%, skating 5%","skiing 57%, <long> 23%",0.5989,0.274,0.779
r8_0084_meat,"Name a meat. Reply with only the name, nothing else.",0.6056,<long> -> bench,0.5583,beef -> real,0.5198,chicken -> bench,60,71,0.0,0.211,0.127,60,90,22,0.0,0.113,6.4,beef,0.95,2,1.22,4.99,0.511,"beef 52%, steak 27%","beef 40%, steak 22%",0.6033,0.281,0.806
r8_0760_childhood_game,"Name a childhood game. Reply with only the name, nothing else.",0.6056,<long> -> bench,0.6,tag -> real,0.5599,tag -> real,60,71,0.0,0.211,0.127,60,90,27,0.0,0.1,6.7,tag,0.55,5,3.12,6.52,0.435,"tag 50%, hide and seek 33%","tag 30%, <long> 21%",0.5969,0.249,0.871
r8_1569_mode_of_transportation,"Name a mode of transportation. Reply with only the name, nothing else.",0.6056,<long> -> bench,0.5583,car -> bench,0.5851,car -> bench,60,71,0.0,0.211,0.127,60,90,27,0.0,0.113,6.2,train,0.4,5,4.02,9.69,0.221,"bicycle 23%, train 18%","<long> 21%, car 20%",0.5872,0.192,0.678
r8_0140_coral,"Name a coral. Reply with only the name, nothing else.",0.6056,<long> -> bench,0.6,acropora -> real,0.589,acropora -> real,58,68,0.033,0.244,0.16,60,90,66,0.0,0.153,8.3,acropora,0.8,3,1.89,34.12,0.214,"acropora 30%, staghorn 8%","<long> 24%, acropora 10%",0.5969,0.398,0.57
r8_0206_siren,"Name a siren. Reply with only the name, nothing else.",0.6056,<long> -> bench,0.5417,scylla -> real,0.5417,scylla -> real,60,71,0.0,0.211,0.127,60,90,84,0.0,0.12,7.1,siren,0.2,17,15.16,48.42,0.198,"siren 20%, scylla 8%","<long> 21%, siren 16%",0.6103,0.543,0.777
r8_1972_respiratory_part,"Name a respiratory part. Reply with only the name, nothing else.",0.6056,<long> -> bench,0.5611,alveolus -> real,0.562,lungs -> bench,60,71,0.0,0.211,0.127,60,90,11,0.0,0.12,7.1,lungs,0.55,6,3.78,6.16,0.267,"alveolus 23%, lung 22%","lungs 26%, <long> 21%",0.5942,0.226,0.631
r8_1742_rock_texture,"Name a type of rock texture. Reply with only the name, nothing else.",0.6056,<long> -> bench,0.5583,gneissic -> real,0.5583,gneissic -> real,60,71,0.0,0.211,0.127,60,90,45,0.0,0.127,7.3,phaneritic,0.4,7,4.75,20.69,0.244,"phaneritic 18%, granite 15%","phaneritic 23%, <long> 21%",0.5997,0.314,0.945
r8_1737_cheese_blue,"Name a cheese blue. Reply with only the name, nothing else.",0.6056,<long> -> bench,0.5389,gorgonzola -> real,0.5225,gorgonzola -> real,60,71,0.0,0.211,0.127,60,90,23,0.0,0.127,7.2,roquefort,0.45,8,5.49,9.02,0.252,"brie 25%, gorgonzola 20%","<long> 21%, brie 20%",0.6031,0.153,0.826
r8_1439_tool_of_agriculture,"Name a type of tool of agriculture. Reply with only the name, nothing else.",0.6056,<long> -> bench,0.6028,tractor -> real,0.5968,tractor -> real,60,71,0.0,0.211,0.127,60,90,18,0.0,0.12,6.8,plow,0.95,2,1.22,3.54,0.687,"plow 62%, tractor 25%","plow 59%, <long> 21%",0.6136,0.164,0.811
r8_1139_shade_of_green,"Name a shade of green. Reply with only the name, nothing else.",0.6056,<long> -> bench,0.5389,emerald -> real,0.5352,lime -> bench,60,71,0.0,0.211,0.127,60,90,30,0.0,0.113,6.3,emerald,0.35,7,5.15,11.34,0.267,"forest 23%, emerald 23%","forest 23%, <long> 21%",0.5858,0.304,0.895
r8_0778_barbecue_style,"Name a barbecue style. Reply with only the name, nothing else.",0.6056,<long> -> bench,0.5361,texas-style -> real,0.5317,kansas city -> bench,58,68,0.033,0.244,0.16,60,90,44,0.0,0.153,7.4,texas,0.6,6,3.56,15.55,0.341,"texas 30%, texas-style 12%","texas 28%, <long> 24%",0.6031,0.326,0.948
r8_0491_fairground_food,"Name a fairground food. Reply with only the name, nothing else.",0.6056,<long> -> bench,0.5722,cotton candy -> real,0.5648,cotton candy -> real,60,71,0.0,0.211,0.127,60,90,32,0.0,0.113,6.9,corn dog,0.75,4,2.23,8.09,0.504,"corn dog 52%, cotton candy 20%","corn dog 39%, <long> 21%",0.6153,0.271,0.881
r8_0449_communication_device,"Name a communication device. Reply with only the name, nothing else.",0.6056,<long> -> bench,0.5417,telephone -> real,0.5467,router -> bench,60,71,0.0,0.211,0.127,60,90,43,0.0,0.12,6.5,telephone,0.65,4,2.72,16.32,0.267,"telephone 28%, smartphone 20%","<long> 21%, telephone 20%",0.6078,0.368,0.83
r8_1204_fast_food,"Name a fast food. Reply with only the name, nothing else.",0.6056,mcdonalds -> real,0.6056,mcdonalds -> real,0.5901,mcdonalds -> real,60,79,0.0,0.122,0.073,60,90,18,0.0,0.067,6.0,burger king,0.7,2,1.84,4.28,0.496,"burger king 43%, mcdonalds 43%","burger king 48%, mcdonalds 22%",0.6036,0.137,0.661
r8_1694_artificial_sweetener,"Name an artificial sweetener. Reply with only the name, nothing else.",0.6056,aspartame -> real,0.6056,aspartame -> real,0.5603,aspartame -> real,60,78,0.0,0.133,0.08,60,90,16,0.0,0.073,6.1,aspartame,0.9,3,1.48,3.17,0.732,"aspartame 80%, sucralose 8%","aspartame 59%, <long> 13%",0.6186,0.19,0.81
r8s_0027_state_of_matter,"Suggest a type of state of matter. Reply with only the name, nothing else.",0.6056,<long> -> bench,0.5722,plasma -> real,0.5372,bose-einstein condensate -> real,60,71,0.0,0.211,0.127,60,90,19,0.0,0.127,6.9,plasma,0.9,3,1.48,5.53,0.55,"plasma 57%, bose-einstein condensate 12%","plasma 42%, <long> 21%",0.635,0.221,0.758
r8_1738_kitchen_gadget,"Name a kitchen gadget. Reply with only the name, nothing else.",0.6056,<long> -> bench,0.5333,mandoline -> real,0.5502,toaster -> bench,60,71,0.0,0.211,0.127,60,90,30,0.0,0.12,6.8,toaster,0.15,13,11.68,6.51,0.588,"toaster 53%, blender 7%","toaster 50%, <long> 21%",0.5922,0.255,0.966
r8_0921_taste_sensation,"Name a taste sensation. Reply with only the name, nothing else.",0.6056,<long> -> bench,0.5944,umami -> real,0.5887,sweet -> bench,60,71,0.0,0.211,0.127,60,90,39,0.0,0.107,6.5,sweet,0.9,2,1.38,9.41,0.496,"sweet 40%, umami 23%","sweet 46%, <long> 21%",0.5969,0.268,0.984
r8_1186_basilisk,"Name a basilisk. Reply with only the name, nothing else.",0.6056,<long> -> bench,0.5222,basilisco -> bench,0.5294,basilisco -> bench,58,68,0.033,0.244,0.16,60,90,90,0.0,0.14,8.3,basilisk,0.4,12,8.12,60.5,0.167,"basilisk 15%, basiliscus 5%","<long> 24%, basilisk 13%",0.5978,0.54,1.107
r8_1118_herd_animal,"Name a herd animal. Reply with only the name, nothing else.",0.6056,<long> -> bench,0.5833,elephant -> real,0.6316,cow -> bench,60,71,0.0,0.211,0.127,60,90,20,0.0,0.107,5.9,elephant,0.55,6,3.78,5.0,0.626,"cow 48%, elephant 17%","cow 59%, <long> 21%",0.6028,0.19,0.915
r8_0594_pepper,"Name a pepper. Reply with only the name, nothing else.",0.6056,<long> -> bench,0.5389,pepper -> real,0.5315,pepper -> real,60,71,0.0,0.211,0.127,60,90,53,0.0,0.12,6.5,habanero,0.3,9,7.32,22.84,0.298,"bell 27%, pepper 13%","bell 26%, <long> 21%",0.5925,0.403,0.808
r8s_1313_laundry_detergent_scen,"Suggest a type of laundry detergent scent. Reply with only the name, nothing else.",0.6056,<long> -> bench,0.5806,lavender -> real,0.5282,floral -> bench,60,71,0.0,0.211,0.127,60,90,29,0.0,0.12,7.2,lavender,0.45,8,5.26,6.14,0.595,"lavender 62%, fresh linen 13%","lavender 46%, <long> 21%",0.6181,0.236,1.047
r8_0258_pollinator,"Name a pollinator. Reply with only the name, nothing else.",0.6056,<long> -> bench,0.5667,bumblebee -> real,0.5097,bee -> real,60,71,0.0,0.211,0.127,60,90,12,0.0,0.113,7.4,bee,0.55,4,2.92,4.05,0.557,"bumblebee 57%, bee 22%","bumblebee 43%, <long> 21%",0.6244,0.266,0.787
r8_0246_landform,"Name a landform. Reply with only the name, nothing else.",0.6056,<long> -> bench,0.5528,mountain -> real,0.5269,mount everest -> bench,60,71,0.0,0.211,0.127,60,90,37,0.0,0.113,6.1,mountain,1.0,1,1.0,10.76,0.443,"mountain 45%, volcano 13%","mountain 34%, <long> 21%",0.6053,0.231,0.819
r8_1406_latte_flavor,"Name a latte flavor. Reply with only the name, nothing else.",0.6056,vanilla -> bench,0.6056,vanilla -> bench,0.6444,vanilla -> bench,60,72,0.0,0.2,0.12,60,90,31,0.0,0.12,7.2,vanilla,0.35,6,4.87,11.21,0.258,"mocha 20%, caramel macchiato 17%","vanilla 31%, <long> 20%",0.5847,0.241,0.805
r8_1663_non_infectious_disease,"Name a non-infectious disease. Reply with only the name, nothing else.",0.6056,<long> -> bench,0.5361,type 2 diabetes -> real,0.5696,diabetes -> bench,60,71,0.0,0.211,0.127,60,90,37,0.0,0.12,7.0,diabetes,0.9,3,1.48,14.49,0.359,"diabetes 28%, flu 8%","diabetes 33%, <long> 21%",0.5894,0.317,0.771
r8_1667_ruin,"Name a ruin. Reply with only the name, nothing else.",0.6056,<long> -> bench,0.5444,petra -> real,0.5636,pompeii -> bench,58,68,0.033,0.244,0.16,60,90,82,0.0,0.127,7.8,pompeii,0.4,7,5.0,54.61,0.103,"petra 13%, machu picchu 8%","<long> 24%, pompeii 12%",0.585,0.462,0.699
r8_1661_musical_style,"Name a musical style. Reply with only the name, nothing else.",0.6056,<long> -> bench,0.5528,jazz -> real,0.5231,blues -> real,60,71,0.0,0.211,0.127,60,90,25,0.0,0.113,6.5,jazz,0.85,4,1.8,5.29,0.634,"jazz 62%, blues 12%","jazz 51%, <long> 21%",0.5997,0.322,0.781
r8_0055_mollusk,"Name a mollusk. Reply with only the name, nothing else.",0.6056,<long> -> bench,0.5389,oyster -> real,0.5131,oyster -> bench,60,71,0.0,0.211,0.127,60,90,15,0.0,0.127,6.7,oyster,0.4,5,3.85,4.7,0.481,"oyster 47%, octopus 27%","oyster 39%, <long> 21%",0.5942,0.33,0.746
r8_0034_ice_cream_flavor,"Name an ice cream flavor. Reply with only the name, nothing else.",0.6056,<long> -> bench,0.5722,chocolate chip -> real,0.5575,chocolate -> bench,60,71,0.0,0.211,0.127,60,90,33,0.0,0.127,6.7,vanilla,0.45,4,3.33,12.19,0.244,"chocolate chip 30%, chocolate 17%","chocolate 22%, <long> 21%",0.5964,0.211,0.843
r8s_0101_leafy_green,"Suggest a type of leafy green. Reply with only the name, nothing else.",0.6056,<long> -> bench,0.5806,kale -> real,0.533,kale -> real,60,71,0.0,0.211,0.127,60,90,16,0.0,0.107,6.5,kale,0.6,2,1.96,3.79,0.481,"kale 52%, spinach 40%","kale 36%, spinach 29%",0.6486,0.211,0.998
r8_0966_epic_poem,"Name an epic poem. Reply with only the name, nothing else.",0.6056,<long> -> bench,0.575,odyssey -> real,0.5926,iliad -> bench,54,62,0.1,0.311,0.227,60,90,22,0.0,0.187,10.0,iliad,0.55,4,2.92,5.88,0.414,"odyssey 35%, iliad 28%","iliad 34%, <long> 31%",0.6425,0.138,0.959
r8_0166_hat_style,"Name a hat style. Reply with only the name, nothing else.",0.6056,<long> -> bench,0.5861,fedora -> real,0.5167,cowboy -> real,60,71,0.0,0.211,0.127,60,90,22,0.0,0.12,6.6,fedora,0.95,2,1.22,3.19,0.779,"fedora 78%, cowboy 3%","fedora 61%, <long> 21%",0.605,0.278,0.851
r8_0976_hair_accessory,"Name a hair accessory. Reply with only the name, nothing else.",0.6056,<long> -> bench,0.5833,barrette -> real,0.5789,barrette -> real,60,71,0.0,0.211,0.127,60,90,39,0.0,0.113,6.6,headband,0.55,6,3.78,16.15,0.29,"headband 27%, barrette 20%","headband 24%, <long> 21%",0.5928,0.327,0.935
r8_0540_pocket,"Name a pocket. Reply with only the name, nothing else.",0.6056,<long> -> bench,0.5417,pocket -> real,0.5102,pockets -> real,56,65,0.067,0.278,0.193,60,90,70,0.0,0.167,8.1,pocket,0.55,10,5.35,23.12,0.413,"pocket 38%, <long> 7%","pocket 30%, <long> 28%",0.6169,0.481,0.81
r8_0403_ceremony,"Name a ceremony. Reply with only the name, nothing else.",0.6056,<long> -> bench,0.55,wedding -> bench,0.5758,wedding -> bench,58,68,0.033,0.244,0.16,60,90,96,0.0,0.113,7.4,wedding,0.6,8,4.2,67.5,0.151,"wedding 7%, <long> 3%","<long> 24%, wedding 17%",0.6103,0.612,0.56
r8_1248_golem,"Name a golem. Reply with only the name, nothing else.",0.6056,<long> -> bench,0.5444,golem -> bench,0.5685,golem -> bench,58,68,0.033,0.244,0.16,60,90,98,0.0,0.127,7.6,golem,0.3,15,11.68,70.3,0.143,"golem 7%, baphomet 5%","<long> 24%, golem 16%",0.5964,0.569,0.732
r8_0586_deity,"Name a deity. Reply with only the name, nothing else.",0.6056,zeus -> real,0.6056,zeus -> real,0.5278,zeus -> real,60,72,0.0,0.2,0.12,60,90,23,0.0,0.113,6.6,zeus,1.0,1,1.0,2.96,0.803,"zeus 83%, yahweh 3%","zeus 62%, <long> 20%",0.6167,0.178,0.982
r8s_0254_breakfast_food,"Suggest a type of breakfast food. Reply with only the name, nothing else.",0.6056,<long> -> bench,0.5639,pancakes -> real,0.5552,avocado toast -> real,60,71,0.0,0.211,0.127,60,90,27,0.0,0.113,7.4,oatmeal,0.35,7,5.15,8.41,0.427,"oatmeal 40%, pancakes 22%","oatmeal 36%, <long> 21%",0.615,0.288,1.034
r8_1268_bad_smell,"Name a bad smell. Reply with only the name, nothing else.",0.6056,<long> -> bench,0.5583,god object -> real,0.5603,god object -> real,58,68,0.033,0.244,0.16,60,90,80,0.0,0.127,7.9,rotten eggs,0.35,10,7.16,57.47,0.095,"god object 12%, feature envy 7%","<long> 24%, rotten eggs 10%",0.5933,0.582,0.71
r8_1331_articulation_in_music,"Name an articulation in music. Reply with only the name, nothing else.",0.6056,<long> -> bench,0.5528,trill -> real,0.5482,trill -> real,58,68,0.033,0.244,0.16,60,90,56,0.0,0.133,7.8,staccato,0.9,3,1.48,30.43,0.175,"staccato 18%, trill 15%","<long> 24%, staccato 12%",0.5992,0.441,0.756
r8_0629_deodorant,"Name a deodorant. Reply with only the name, nothing else.",0.6056,<long> -> bench,0.5806,degree -> real,0.5776,degree -> real,60,71,0.0,0.211,0.127,60,90,45,0.0,0.107,6.8,dove,0.5,8,5.0,13.85,0.374,"dove 30%, degree 18%","dove 34%, <long> 21%",0.5908,0.349,0.65
r8_0759_cheese_soft,"Name a cheese soft. Reply with only the name, nothing else.",0.6056,brie -> real,0.6056,brie -> real,0.5486,brie -> real,60,73,0.0,0.189,0.113,60,90,23,0.0,0.113,6.5,brie,0.9,3,1.48,4.71,0.647,"brie 70%, cheddar 12%","brie 49%, <long> 19%",0.6042,0.406,1.05
r8_0862_aperitif,"Name an aperitif. Reply with only the name, nothing else.",0.6056,<long> -> bench,0.6,aperol spritz -> real,0.6,aperol spritz -> real,60,71,0.0,0.211,0.127,60,90,53,0.0,0.12,7.2,aperol,0.8,4,2.03,25.92,0.206,"aperol 27%, aperol spritz 20%","<long> 21%, aperol 12%",0.6339,0.337,1.098
r8_0264_seaweed,"Name a seaweed. Reply with only the name, nothing else.",0.6028,<long> -> bench,0.5722,nori -> real,0.6064,kelp -> bench,59,70,0.017,0.222,0.14,60,90,36,0.0,0.127,7.4,kelp,0.8,3,1.85,8.52,0.488,"kelp 37%, nori 20%","kelp 46%, <long> 22%",0.5817,0.261,0.818
r8_1214_writing_style,"Name a writing style. Reply with only the name, nothing else.",0.6028,<long> -> bench,0.5222,minimalist -> real,0.5475,stream of consciousness -> bench,57,67,0.05,0.256,0.173,60,90,71,0.0,0.167,8.3,stream of consciousness,0.55,5,3.12,30.31,0.315,"stream of consciousness 25%, minimalist 7%","stream of consciousness 27%, <long> 26%",0.5878,0.484,0.767
r8_0001_natural_disaster,"Name a natural disaster. Reply with only the name, nothing else.",0.6028,<long> -> bench,0.5833,hurricane -> real,0.6274,earthquake -> bench,59,70,0.017,0.222,0.14,60,90,22,0.0,0.127,7.0,earthquake,0.35,6,4.68,7.14,0.426,"earthquake 28%, tsunami 27%","earthquake 42%, <long> 22%",0.6119,0.216,0.745
r8_0113_seed,"Name a seed. Reply with only the name, nothing else.",0.6028,<long> -> bench,0.5444,sunflower -> real,0.5286,pea -> bench,59,70,0.017,0.222,0.14,60,90,81,0.0,0.127,7.1,sunflower,0.75,4,2.23,42.38,0.248,"sunflower 27%, seed 7%","<long> 22%, sunflower 18%",0.6214,0.577,0.597
r8_0179_primary_color,"Name a primary color. Reply with only the name, nothing else.",0.6028,<long> -> bench,0.5639,red -> real,0.5231,red -> bench,59,70,0.017,0.222,0.14,60,90,7,0.0,0.127,6.2,red,1.0,1,1.0,1.81,0.822,"red 78%, blue 15%","red 66%, <long> 22%",0.6333,0.116,0.656
r8_0463_philosophy,"Name a philosophy. Reply with only the name, nothing else.",0.6028,stoicism -> real,0.6028,stoicism -> real,0.5471,stoicism -> real,60,73,0.0,0.189,0.113,60,90,26,0.0,0.1,6.9,stoicism,1.0,1,1.0,4.8,0.632,"stoicism 68%, existentialism 17%","stoicism 48%, <long> 19%",0.6247,0.309,0.906
r8_0846_costume,"Name a costume. Reply with only the name, nothing else.",0.6028,<long> -> bench,0.5194,superhero -> real,0.5183,superhero -> real,59,70,0.017,0.222,0.14,60,90,98,0.0,0.113,6.9,vampire,0.4,9,6.43,76.37,0.085,"superman 7%, tuxedo 5%","<long> 22%, superman 8%",0.5925,0.562,0.657
r8_1523_cheese_used_on_pizza,"Name a cheese used on pizza. Reply with only the name, nothing else.",0.6028,mozzarella -> real,0.6028,mozzarella -> real,0.535,mozzarella -> real,60,75,0.0,0.167,0.1,60,90,19,0.0,0.093,7.4,mozzarella,1.0,1,1.0,2.37,0.844,"mozzarella 88%, モッツァレラ 3%","mozzarella 68%, <long> 17%",0.6286,0.131,0.864
r8_1947_clothing_fastener,"Name a clothing fastener. Reply with only the name, nothing else.",0.6028,<long> -> bench,0.6028,buckle -> real,0.5672,buckle -> real,59,70,0.017,0.222,0.14,60,90,15,0.0,0.133,6.6,button,0.45,4,3.52,4.92,0.419,"buckle 48%, button 27%","button 29%, buckle 28%",0.5978,0.24,0.753
r8_0933_makeup,"Name a makeup. Reply with only the name, nothing else.",0.6028,<long> -> bench,0.5333,lipstick -> real,0.5334,rouge -> bench,57,67,0.05,0.256,0.173,60,90,81,0.0,0.147,7.9,lipstick,0.6,7,3.92,48.49,0.153,"lipstick 17%, maybelline 7%","<long> 26%, lipstick 10%",0.5836,0.482,0.913
r8_1827_musician,"Name a musician. Reply with only the name, nothing else.",0.6028,<long> -> bench,0.5417,taylor swift -> real,0.5334,taylor swift -> real,59,70,0.017,0.222,0.14,60,90,48,0.0,0.113,7.4,beyoncé,0.3,10,8.05,25.6,0.178,"beyoncé 15%, taylor swift 15%","<long> 22%, beyoncé 16%",0.6242,0.49,0.849
r8_1820_skyscraper,"Name a skyscraper. Reply with only the name, nothing else.",0.6028,<long> -> bench,0.5667,burj khalifa -> real,0.532,burj khalifa -> real,59,70,0.017,0.222,0.14,60,90,16,0.0,0.113,8.4,burj khalifa,0.9,3,1.48,3.96,0.473,"empire state building 43%, burj khalifa 40%","empire state building 39%, burj khalifa 27%",0.5936,0.195,0.824
r8_0525_potato,"Name a potato. Reply with only the name, nothing else.",0.6028,<long> -> bench,0.5639,russet -> real,0.5424,bacon -> real,59,70,0.017,0.222,0.14,60,90,39,0.0,0.12,7.4,russet,1.0,1,1.0,9.58,0.512,"russet 52%, bacon 8%","russet 39%, <long> 22%",0.6136,0.163,0.883
r8_1766_arthritis,"Name a type of arthritis. Reply with only the name, nothing else.",0.6028,<long> -> bench,0.5583,rheumatoid arthritis -> real,0.5226,rheumatoid -> real,59,70,0.017,0.222,0.14,60,90,11,0.0,0.127,9.3,rheumatoid arthritis,0.75,2,1.75,3.83,0.442,"rheumatoid arthritis 45%, rheumatoid 28%","rheumatoid arthritis 33%, <long> 22%",0.6164,0.093,0.837
r8s_0819_bioluminescent_animal,"Suggest a type of bioluminescent animal. Reply with only the name, nothing else.",0.6028,<long> -> bench,0.5417,jellyfish -> real,0.5523,firefly -> bench,59,70,0.017,0.222,0.14,60,90,42,0.0,0.14,8.1,anglerfish,0.35,9,5.91,14.19,0.31,"jellyfish 32%, firefly 15%","jellyfish 23%, <long> 22%",0.6017,0.292,0.923
r8s_0262_stone_fruit,"Suggest a type of stone fruit. Reply with only the name, nothing else.",0.6028,nectarine -> real,0.6028,nectarine -> real,0.5889,nectarine -> real,60,72,0.0,0.2,0.12,60,90,21,0.0,0.113,6.7,peach,0.65,4,2.52,5.55,0.508,"peach 45%, nectarine 32%","peach 44%, <long> 20%",0.6075,0.292,0.926
r8_0888_navigational_instrumen,"Name a type of navigational instrument. Reply with only the name, nothing else.",0.6028,compass -> real,0.6028,compass -> real,0.5333,quadrant -> real,60,72,0.0,0.2,0.12,60,90,11,0.0,0.093,6.5,compass,0.75,3,1.99,2.17,0.826,"compass 85%, sextant 8%","compass 64%, <long> 20%",0.6078,0.167,0.794
r8_1915_seafood_dish,"Name a seafood dish. Reply with only the name, nothing else.",0.6028,<long> -> bench,0.575,ceviche -> real,0.5718,ceviche -> real,59,70,0.017,0.222,0.14,60,90,63,0.0,0.107,8.2,shrimp scampi,0.2,13,11.19,39.14,0.109,"ceviche 18%, lobster thermidor 8%","<long> 22%, lobster 9%",0.5922,0.316,0.834
r8_1146_type_of_household_pet,"Name a type of household pet. Reply with only the name, nothing else.",0.6028,dog -> real,0.6028,dog -> real,0.5471,dog -> real,60,73,0.0,0.189,0.113,60,90,12,0.0,0.107,5.8,dog,0.65,2,1.91,2.85,0.632,"dog 68%, cat 25%","dog 48%, cat 24%",0.6231,0.177,0.896
r8_1511_headphone_brand,"Name a headphone brand. Reply with only the name, nothing else.",0.6028,sony -> real,0.6028,sony -> real,0.5439,sony -> real,60,74,0.0,0.178,0.107,60,90,12,0.0,0.093,5.6,sony,0.8,4,2.03,2.95,0.701,"sony 75%, sennheiser 12%","sony 54%, <long> 18%",0.6317,0.2,0.948
r8_1601_holiday_treat,"Name a holiday treat. Reply with only the name, nothing else.",0.6028,<long> -> bench,0.5667,chocolate -> bench,0.5902,chocolate -> bench,59,70,0.017,0.222,0.14,60,90,68,0.0,0.127,7.9,pumpkin pie,0.2,13,11.19,41.41,0.132,"pumpkin pie 13%, peppermint bark 13%","<long> 22%, chocolate 17%",0.5817,0.429,1.077
r8_1351_fish_swimming_style,"Name a fish swimming style. Reply with only the name, nothing else.",0.6028,<long> -> bench,0.5639,schooling -> real,0.562,schooling -> real,59,70,0.017,0.222,0.14,60,90,77,0.0,0.14,7.6,anguilliform,0.45,9,5.89,52.5,0.085,"schooling 15%, belly flop 7%","<long> 22%, carangiform 9%",0.5931,0.422,0.92
r8_1552_custard_dessert,"Name a custard dessert. Reply with only the name, nothing else.",0.6028,crème caramel -> real,0.6028,crème caramel -> real,0.5931,crème caramel -> real,60,72,0.0,0.2,0.12,60,90,56,0.0,0.1,7.7,crème brûlée,0.45,9,5.89,27.12,0.182,"crème caramel 28%, crème brûlée 12%","<long> 20%, crème brûlée 18%",0.5969,0.359,0.92
r8_1666_gift,"Name a gift. Reply with only the name, nothing else.",0.6028,<long> -> bench,0.5167,jewelry -> real,0.563,book -> bench,57,67,0.05,0.256,0.173,60,90,50,0.0,0.14,7.3,book,0.8,4,2.03,11.95,0.524,"book 43%, <long> 5%","book 43%, <long> 26%",0.6022,0.344,0.806
r8_1254_legal_proceeding,"Name a type of legal proceeding. Reply with only the name, nothing else.",0.6028,<long> -> bench,0.5306,litigation -> real,0.5344,civil lawsuit -> bench,59,70,0.017,0.222,0.14,60,90,53,0.0,0.133,7.4,criminal trial,0.75,5,2.45,27.11,0.24,"criminal trial 22%, litigation 8%","<long> 22%, criminal trial 20%",0.5842,0.31,0.998
r8_0833_honey_source_flower,"Name a honey source flower. Reply with only the name, nothing else.",0.6028,<long> -> bench,0.5694,bee balm -> real,0.5777,beech -> bench,59,70,0.017,0.222,0.14,60,90,41,0.0,0.127,7.6,buckwheat,0.45,7,4.64,17.8,0.194,"lavender 20%, buckwheat 15%","<long> 22%, beech 20%",0.6178,0.297,0.912
r8_1662_singing_style,"Name a singing style. Reply with only the name, nothing else.",0.6,<long> -> bench,0.5556,bel canto -> real,0.5528,bel canto -> real,60,72,0.0,0.2,0.12,60,90,45,0.0,0.12,6.4,opera,0.35,6,4.79,15.5,0.394,"opera 38%, bel canto 13%","opera 32%, <long> 20%",0.5922,0.412,0.818
r8_1641_coffee_brewing_device,"Name a coffee brewing device. Reply with only the name, nothing else.",0.6,<long> -> bench,0.5444,moka pot -> real,0.5444,french press -> bench,60,72,0.0,0.2,0.12,60,90,22,0.0,0.113,6.8,french press,0.8,3,1.85,6.43,0.515,"french press 47%, moka pot 20%","french press 44%, <long> 20%",0.5853,0.219,0.889
r8_1469_musical_scale,"Name a musical scale. Reply with only the name, nothing else.",0.6,<long> -> bench,0.5639,major scale -> real,0.5472,major -> real,60,72,0.0,0.2,0.12,60,90,17,0.0,0.12,6.5,major scale,0.5,5,3.45,8.27,0.273,"major scale 32%, major 23%","<long> 20%, major scale 19%",0.5992,0.268,0.898
r8_1957_flammable_substance,"Name a flammable substance. Reply with only the name, nothing else.",0.6,<long> -> bench,0.5556,gasoline -> real,0.5319,propane -> bench,60,72,0.0,0.2,0.12,60,90,30,0.0,0.12,6.6,gasoline,0.65,6,3.29,7.31,0.568,"gasoline 57%, acetone 5%","gasoline 46%, <long> 20%",0.5944,0.423,0.824
r8_0144_stuffed_animal,"Name a stuffed animal. Reply with only the name, nothing else.",0.6,<long> -> bench,0.5611,teddy -> real,0.5431,teddy -> real,60,72,0.0,0.2,0.12,60,90,54,0.0,0.093,6.4,bear,0.2,13,10.72,25.56,0.22,"teddy 27%, tigger 12%","<long> 20%, teddy 14%",0.5833,0.33,0.787
r8s_1924_carnival_food,"Suggest a type of carnival food. Reply with only the name, nothing else.",0.6,<long> -> bench,0.5417,churros -> real,0.5375,churros -> real,60,72,0.0,0.2,0.12,60,90,55,0.0,0.113,7.2,corn dog,0.2,15,12.85,22.64,0.227,"cotton candy 20%, corn dog 13%","<long> 20%, cotton candy 20%",0.5961,0.397,1.012
r8_1515_slide,"Name a slide. Reply with only the name, nothing else.",0.6,<long> -> bench,0.5222,slide -> real,0.5192,slide title -> real,52,60,0.133,0.333,0.253,60,90,76,0.0,0.213,9.9,title slide,0.35,8,5.52,43.63,0.188,"slide 17%, <long> 13%","<long> 33%, slide 12%",0.6069,0.505,0.6
r8_1509_pop_star,"Name a pop star. Reply with only the name, nothing else.",0.6,<long> -> bench,0.6,taylor swift -> real,0.5639,beyoncé -> bench,60,72,0.0,0.2,0.12,60,90,24,0.0,0.12,6.9,taylor swift,1.0,1,1.0,5.75,0.583,"taylor swift 63%, beyoncé 7%","taylor swift 43%, <long> 20%",0.6289,0.234,0.709
r8_0165_space_mission,"Name a space mission. Reply with only the name, nothing else.",0.6,<long> -> bench,0.5944,artemis -> real,0.5931,artemis -> real,60,72,0.0,0.2,0.12,60,90,20,0.0,0.1,7.4,apollo 11,0.8,3,1.85,6.68,0.409,"apollo 11 40%, artemis 20%","apollo 11 33%, <long> 20%",0.6086,0.144,0.949
r8_0824_chocolate_bar,"Name a chocolate bar. Reply with only the name, nothing else.",0.6,<long> -> bench,0.5694,milky way -> bench,0.5972,milky way -> bench,60,72,0.0,0.2,0.12,60,90,42,0.0,0.107,6.9,milky way,0.3,9,6.8,16.03,0.197,"milka 18%, mars 18%","milky way 22%, <long> 20%",0.5928,0.343,0.787
r8_0809_shot,"Name a shot. Reply with only the name, nothing else.",0.6,<long> -> bench,0.5167,short -> real,0.5238,jump shot -> bench,54,63,0.1,0.3,0.22,60,90,110,0.0,0.173,9.4,jump shot,0.1,18,17.41,105.47,0.026,"<long> 10%, short 3%","<long> 30%, jump shot 3%",0.6133,0.717,0.585
r8_0510_pirate,"Name a pirate. Reply with only the name, nothing else.",0.6,<long> -> bench,0.5472,blackbeard -> real,0.5194,blackbeard -> real,60,72,0.0,0.2,0.12,60,90,44,0.0,0.107,7.1,blackbeard,0.7,4,2.39,15.08,0.295,"blackbeard 32%, jack sparrow 18%","blackbeard 22%, <long> 20%",0.5933,0.218,0.824
r8_0427_hobby,"Name a hobby. Reply with only the name, nothing else.",0.6,<long> -> bench,0.5333,knitting -> real,0.5542,reading -> bench,60,72,0.0,0.2,0.12,60,90,41,0.0,0.12,6.4,gardening,0.35,10,6.77,18.67,0.242,"reading 18%, gardening 13%","reading 23%, <long> 20%",0.6,0.492,0.819
r8_1749_evergreen_plant,"Name an evergreen plant. Reply with only the name, nothing else.",0.6,<long> -> bench,0.5583,pothos -> real,0.5694,pine -> bench,60,72,0.0,0.2,0.12,60,90,29,0.0,0.12,6.7,pine,0.55,5,3.34,11.92,0.326,"pine 25%, pothos 15%","pine 31%, <long> 20%",0.5853,0.233,0.817
r8_0085_profession,"Name a profession. Reply with only the name, nothing else.",0.6,<long> -> bench,0.5611,chef -> real,0.5639,doctor -> bench,60,72,0.0,0.2,0.12,60,90,43,0.0,0.113,6.1,doctor,0.7,6,2.94,18.18,0.303,"doctor 23%, chef 13%","doctor 29%, <long> 20%",0.5906,0.39,0.876
r8_0073_piece_of_jewelry,"Name a piece of jewelry. Reply with only the name, nothing else.",0.6,<long> -> bench,0.5639,diamond -> real,0.5708,ring -> bench,60,72,0.0,0.2,0.12,60,90,43,0.0,0.12,6.4,necklace,0.65,6,3.29,19.3,0.197,"diamond 25%, necklace 10%","<long> 20%, ring 17%",0.6369,0.312,0.877
r8_0345_truck_brand,"Name a truck brand. Reply with only the name, nothing else.",0.6,<long> -> bench,0.575,ford -> real,0.5278,tesla -> bench,60,72,0.0,0.2,0.12,60,90,18,0.0,0.113,5.9,ford,0.55,5,3.53,3.74,0.712,"ford 72%, freightliner 5%","ford 57%, <long> 20%",0.5819,0.251,0.712
r8_1348_sound_maker,"Name a sound maker. Reply with only the name, nothing else.",0.6,<long> -> bench,0.55,drum -> bench,0.5625,drum -> bench,60,72,0.0,0.2,0.12,60,90,117,0.0,0.107,7.2,garageband,0.1,19,18.66,103.65,0.068,"soda straw 2%, elevenlabs 2%","<long> 20%, drum 10%",0.6142,0.643,0.819
r8_1727_delivery_service,"Name a delivery service. Reply with only the name, nothing else.",0.6,<long> -> bench,0.5361,dhl -> real,0.5389,fedex -> bench,60,72,0.0,0.2,0.12,60,90,29,0.0,0.113,6.2,fedex,0.7,5,2.67,7.13,0.492,"fedex 45%, ups 18%","fedex 42%, <long> 20%",0.58,0.163,0.975
r8_0205_kitchen_appliance,"Name a kitchen appliance. Reply with only the name, nothing else.",0.6,<long> -> bench,0.5778,toaster -> real,0.5444,blender -> real,60,72,0.0,0.2,0.12,60,90,11,0.0,0.113,6.6,toaster,0.55,3,2.53,2.67,0.727,"toaster 73%, blender 20%","toaster 58%, <long> 20%",0.5978,0.156,0.901
r8s_0211_writing_surface,"Suggest a type of writing surface. Reply with only the name, nothing else.",0.6,<long> -> bench,0.5722,paper -> bench,0.5986,paper -> bench,60,72,0.0,0.2,0.12,60,90,62,0.0,0.107,6.2,graphite,0.25,11,8.82,30.48,0.174,"graphite 15%, paper 7%","paper 21%, <long> 20%",0.6014,0.476,0.772
r8_1000_spoken_language_featur,"Name a type of spoken language feature. Reply with only the name, nothing else.",0.6,<long> -> bench,0.5806,alliteration -> real,0.5778,alliteration -> real,60,72,0.0,0.2,0.12,60,90,76,0.0,0.107,6.6,intonation,0.3,12,8.85,45.61,0.144,"alliteration 18%, intonation 10%","<long> 20%, intonation 14%",0.6019,0.493,0.932
r8_0295_leafy_salad_green,"Name a leafy salad green. Reply with only the name, nothing else.",0.6,<long> -> bench,0.5861,lettuce -> real,0.5194,spinach -> real,60,72,0.0,0.2,0.12,60,90,8,0.0,0.1,7.0,lettuce,1.0,1,1.0,2.17,0.811,"lettuce 82%, spinach 7%","lettuce 64%, <long> 20%",0.5853,0.233,0.841
r8_0559_wildflower,"Name a wildflower. Reply with only the name, nothing else.",0.6,<long> -> bench,0.5694,daisy -> bench,0.6097,daisy -> bench,60,72,0.0,0.2,0.12,60,90,45,0.0,0.113,7.0,daisy,0.3,9,7.01,18.63,0.303,"daisy 18%, black-eyed susan 10%","daisy 32%, <long> 20%",0.5814,0.304,0.989
r8_1380_ungulate,"Name an ungulate. Reply with only the name, nothing else.",0.6,<long> -> bench,0.5889,cow -> bench,0.6278,cow -> bench,60,72,0.0,0.2,0.12,60,90,40,0.0,0.12,6.3,cow,0.3,6,5.15,15.96,0.273,"deer 18%, cow 13%","cow 31%, <long> 20%",0.5903,0.317,0.906
r8_1072_state_of_equilibrium,"Name a state of equilibrium. Reply with only the name, nothing else.",0.6,<long> -> bench,0.5694,homeostasis -> real,0.5681,homeostasis -> real,60,72,0.0,0.2,0.12,60,90,71,0.0,0.113,6.9,static equilibrium,0.25,9,7.08,46.09,0.083,"homeostasis 15%, dynamic equilibrium 10%","<long> 20%, thermal equilibrium 11%",0.5906,0.444,1.555
r8_0249_meal,"Name a meal. Reply with only the name, nothing else.",0.6,<long> -> bench,0.5583,pizza -> real,0.5417,pizza -> real,60,72,0.0,0.2,0.12,60,90,46,0.0,0.107,6.7,pasta,0.4,7,5.07,18.52,0.227,"pizza 25%, pasta 23%","<long> 20%, pasta 18%",0.595,0.357,0.985
r8_0335_cheese,"Name a cheese. Reply with only the name, nothing else.",0.6,cheddar -> real,0.6,cheddar -> real,0.5538,cheddar -> real,60,78,0.0,0.133,0.08,60,90,10,0.0,0.067,5.4,cheddar,1.0,1,1.0,2.6,0.739,"cheddar 80%, brie 10%","cheddar 60%, brie 14%",0.6233,0.143,0.742
r8_1290_pasta_type,"Name a pasta type. Reply with only the name, nothing else.",0.6,<long> -> bench,0.5806,fettuccine -> real,0.5958,penne -> bench,60,72,0.0,0.2,0.12,60,90,34,0.0,0.12,7.1,fettuccine,0.4,5,3.74,14.17,0.227,"spaghetti 28%, fettuccine 18%","penne 23%, <long> 20%",0.6039,0.268,0.708
r8_1886_dolphin,"Name a dolphin. Reply with only the name, nothing else.",0.6,<long> -> bench,0.5833,dolphin -> real,0.5889,bottlenose -> bench,60,72,0.0,0.2,0.12,60,90,32,0.0,0.107,7.7,bottlenose,0.7,4,2.39,8.31,0.379,"dolphin 43%, bottlenose 18%","bottlenose 29%, dolphin 27%",0.63,0.19,0.853
r8_1731_costume,"Name a costume. Reply with only the name, nothing else.",0.6,<long> -> bench,0.5417,superman -> real,0.5407,pirate -> bench,58,69,0.033,0.233,0.153,60,90,100,0.0,0.127,7.5,vampire,0.25,9,7.17,78.26,0.079,"superman 12%, iron man 3%","<long> 23%, pirate 9%",0.5903,0.562,0.654
r8_1728_social_insect,"Name a social insect. Reply with only the name, nothing else.",0.6,<long> -> bench,0.5583,ant -> real,0.5333,honeybee -> real,60,72,0.0,0.2,0.12,60,90,14,0.0,0.12,5.9,ant,0.85,4,1.8,2.63,0.773,"ant 75%, bee 12%","ant 63%, <long> 20%",0.6036,0.15,0.893
r8_1131_electronic_instrument,"Name a type of electronic instrument. Reply with only the name, nothing else.",0.6,<long> -> bench,0.5944,guitar -> real,0.5931,guitar -> real,60,72,0.0,0.2,0.12,60,90,35,0.0,0.12,7.1,oscilloscope,0.9,3,1.48,13.94,0.227,"synthesizer 25%, oscilloscope 22%","<long> 20%, oscilloscope 19%",0.605,0.284,0.92
r8_0598_magic_spell,"Name a magic spell. Reply with only the name, nothing else.",0.6,<long> -> bench,0.5556,expelliarmus -> bench,0.5815,expelliarmus -> bench,58,69,0.033,0.233,0.153,60,90,89,0.0,0.133,7.9,expelliarmus,0.25,10,7.68,54.75,0.157,"incendio 12%, lumos 7%","<long> 23%, expelliarmus 18%",0.5828,0.421,0.745
r8_0395_board_game_piece,"Name a board game piece. Reply with only the name, nothing else.",0.6,<long> -> bench,0.5444,pawn -> real,0.5208,queen -> bench,60,72,0.0,0.2,0.12,60,90,19,0.0,0.107,5.8,pawn,0.85,3,1.68,4.58,0.583,"pawn 57%, knight 20%","pawn 48%, <long> 20%",0.6225,0.247,1.067
r8_0476_flower_part,"Name a flower part. Reply with only the name, nothing else.",0.6,<long> -> bench,0.5583,petal -> real,0.5417,sepal -> real,60,72,0.0,0.2,0.12,60,90,12,0.0,0.107,6.3,petal,0.85,4,1.8,2.89,0.735,"petal 72%, petals 8%","petal 60%, <long> 20%",0.625,0.193,0.849
r8s_0295_leafy_salad_green,"Suggest a type of leafy salad green. Reply with only the name, nothing else.",0.6,<long> -> bench,0.5667,arugula -> real,0.5583,arugula -> real,60,72,0.0,0.2,0.12,60,90,26,0.0,0.1,7.2,lettuce,0.6,4,2.97,7.32,0.477,"lettuce 45%, arugula 20%","lettuce 40%, <long> 20%",0.6011,0.21,1.045
r8_1924_carnival_food,"Name a carnival food. Reply with only the name, nothing else.",0.6,cotton candy -> real,0.6,cotton candy -> real,0.6097,corn dog -> bench,59,71,0.017,0.211,0.133,60,90,38,0.0,0.127,7.3,corn dog,0.35,10,6.77,12.45,0.323,"cotton candy 40%, corn dog 12%","corn dog 27%, <long> 21%",0.6017,0.296,0.992
r8_1247_queen_song,"Name a queen song. Reply with only the name, nothing else.",0.6,<long> -> bench,0.5917,bohemian rhapsody -> real,0.5409,bohemian rhapsody -> real,58,69,0.033,0.233,0.153,60,90,47,0.0,0.08,8.3,queen,0.5,10,5.9,10.13,0.559,"bohemian rhapsody 58%, queen 7%","bohemian rhapsody 40%, <long> 23%",0.6031,0.302,0.75
r8_0769_camping_gear,"Name a camping gear. Reply with only the name, nothing else.",0.6,<long> -> bench,0.6,tent -> real,0.5125,tent -> real,60,72,0.0,0.2,0.12,60,90,17,0.0,0.12,6.6,tent,0.95,2,1.22,1.94,0.886,"tent 90%, trekking pole 2%","tent 70%, <long> 20%",0.6158,0.087,1.127
r8_0373_workplace,"Name a workplace. Reply with only the name, nothing else.",0.6,<long> -> bench,0.5806,office -> bench,0.6208,office -> bench,58,69,0.033,0.233,0.153,60,90,53,0.0,0.14,7.0,office,0.95,2,1.22,17.08,0.283,"google 33%, office 12%","office 28%, <long> 23%",0.6258,0.399,0.849
r8_1484_tanuki,"Name a tanuki. Reply with only the name, nothing else.",0.5972,tanuki -> bench,0.5972,tanuki -> bench,0.6295,tanuki -> bench,59,71,0.017,0.211,0.133,60,90,93,0.0,0.113,6.9,tanuki,0.3,14,10.79,59.57,0.192,"tanuki 5%, taro 5%","tanuki 24%, <long> 21%",0.5942,0.473,0.93
r8_1881_deep_sea_creature,"Name a type of deep sea creature. Reply with only the name, nothing else.",0.5972,anglerfish -> real,0.5972,anglerfish -> real,0.5518,jellyfish -> bench,60,73,0.0,0.189,0.113,60,90,31,0.0,0.1,7.3,anglerfish,0.75,5,2.45,7.0,0.564,"anglerfish 62%, squid 10%","anglerfish 42%, <long> 19%",0.5872,0.295,0.724
r8_1814_airplane,"Name an airplane. Reply with only the name, nothing else.",0.5972,boeing 747 -> real,0.5972,boeing 747 -> real,0.5552,boeing 747 -> real,60,74,0.0,0.178,0.107,60,90,22,0.0,0.1,9.0,boeing 747,0.75,4,2.23,5.46,0.522,"boeing 747 58%, boeing 737 27%","boeing 747 39%, <long> 18%",0.64,0.164,1.073
r8_1872_carnivorous_plant,"Name a carnivorous plant. Reply with only the name, nothing else.",0.5972,venus flytrap -> real,0.5972,venus flytrap -> real,0.5217,venus flytrap -> real,60,75,0.0,0.167,0.1,60,90,11,0.0,0.1,7.8,venus flytrap,1.0,1,1.0,1.53,0.926,"venus flytrap 95%, venom 2%","venus flytrap 76%, <long> 17%",0.6022,0.08,0.838
r8_1437_toad,"Name a toad. Reply with only the name, nothing else.",0.5972,<long> -> bench,0.55,bullfrog -> bench,0.5634,bullfrog -> bench,59,71,0.017,0.211,0.133,60,90,54,0.0,0.113,7.1,toad,0.35,12,8.81,16.89,0.415,"toad 42%, pepe 5%","toad 32%, <long> 21%",0.6,0.286,0.749
r8_0922_tread,"Name a tread. Reply with only the name, nothing else.",0.5972,<long> -> bench,0.5222,treadmill -> bench,0.5282,treadmill -> bench,59,71,0.017,0.211,0.133,60,90,108,0.0,0.1,7.4,tread,0.55,10,5.35,84.59,0.115,"tread 10%, thread 5%","<long> 21%, tread 10%",0.5983,0.626,0.412
r8_1159_baking_dish,"Name a baking dish. Reply with only the name, nothing else.",0.5972,<long> -> bench,0.5333,loaf pan -> real,0.5339,loaf pan -> real,59,71,0.017,0.211,0.133,60,90,60,0.0,0.12,7.3,cake pan,0.2,12,9.74,35.41,0.138,"casserole 13%, pyrex 8%","<long> 21%, casserole 11%",0.5883,0.398,0.859
r8_0763_camouflaged_animal,"Name a camouflaged animal. Reply with only the name, nothing else.",0.5972,chameleon -> real,0.5972,chameleon -> real,0.5732,chameleon -> real,60,74,0.0,0.178,0.107,60,90,50,0.0,0.107,6.6,chameleon,0.8,4,2.03,17.56,0.336,"chameleon 42%, octopus 7%","chameleon 22%, <long> 18%",0.625,0.305,0.844
r8_0930_viruse,"Name a viruse. Reply with only the name, nothing else.",0.5972,<long> -> bench,0.5583,influenza -> bench,0.6556,influenza -> bench,45,50,0.25,0.444,0.367,60,90,44,0.0,0.307,13.4,influenza,0.95,2,1.22,14.37,0.453,"<long> 25%, influenza 22%","<long> 44%, influenza 33%",0.5925,0.357,0.979
r8_0255_grass,"Name a type of grass. Reply with only the name, nothing else.",0.5972,<long> -> bench,0.5583,fescue -> real,0.5676,bluegrass -> bench,59,71,0.017,0.211,0.133,60,90,26,0.0,0.127,7.7,fescue,0.4,6,4.41,8.65,0.323,"fescue 35%, bentgrass 23%","fescue 23%, <long> 21%",0.605,0.269,0.82
r8_1555_troll,"Name a troll. Reply with only the name, nothing else.",0.5972,<long> -> bench,0.5472,troll -> real,0.5434,troll -> real,55,65,0.083,0.278,0.2,60,90,101,0.0,0.173,8.7,troll,0.4,13,8.71,80.41,0.117,"troll 15%, <long> 8%","<long> 28%, troll 6%",0.5964,0.637,0.795
r8_0180_cleaning_product,"Name a cleaning product. Reply with only the name, nothing else.",0.5972,clorox -> real,0.5972,clorox -> real,0.5509,windex -> bench,60,74,0.0,0.178,0.107,60,90,24,0.0,0.093,6.7,clorox,0.8,2,1.65,5.14,0.634,"clorox 68%, dettol 5%","clorox 49%, <long> 18%",0.6325,0.207,0.766
r8s_0103_candy_bar,"Suggest a type of candy bar. Reply with only the name, nothing else.",0.5972,<long> -> bench,0.5667,snickers -> real,0.5476,snickers -> real,57,68,0.05,0.244,0.167,60,90,42,0.0,0.153,8.3,snickers,0.45,8,5.26,16.56,0.264,"snickers 30%, milky way 18%","<long> 24%, snickers 17%",0.5922,0.284,0.951
r8_0941_stunt,"Name a stunt. Reply with only the name, nothing else.",0.5972,<long> -> bench,0.55,backflip -> bench,0.5842,backflip -> bench,57,68,0.05,0.244,0.167,60,90,85,0.0,0.12,7.5,backflip,0.45,11,6.94,47.5,0.232,"backflip 13%, moonwalk 7%","<long> 24%, backflip 23%",0.5928,0.497,0.87
r8_1411_sensation,"Name a sensation. Reply with only the name, nothing else.",0.5972,<long> -> bench,0.5528,warmth -> real,0.5591,pain -> bench,59,71,0.017,0.211,0.133,60,90,75,0.0,0.1,6.6,taste,0.15,13,11.38,45.04,0.115,"warmth 15%, numbness 8%","<long> 21%, pain 13%",0.5969,0.467,0.677
r8_1306_animal_defense,"Name an animal defense. Reply with only the name, nothing else.",0.5972,<long> -> bench,0.5389,camouflage -> bench,0.5577,camouflage -> bench,59,71,0.017,0.211,0.133,60,90,68,0.0,0.127,7.5,camouflage,0.65,5,2.86,36.93,0.185,"mimicry 20%, camouflage 7%","<long> 21%, camouflage 14%",0.5917,0.427,0.862
r8_1033_beard_style,"Name a beard style. Reply with only the name, nothing else.",0.5972,goatee -> real,0.5972,goatee -> real,0.5877,goatee -> real,59,71,0.017,0.211,0.133,60,90,69,0.0,0.113,7.1,goatee,0.45,4,2.77,34.13,0.192,"goatee 28%, van dyke 15%","<long> 21%, van dyke 11%",0.5906,0.404,0.853
r8_0844_spice_from_peppercorn,"Name a spice from peppercorn. Reply with only the name, nothing else.",0.5972,<long> -> bench,0.5528,black -> real,0.5439,black -> real,59,71,0.017,0.211,0.133,60,90,23,0.0,0.113,7.1,black pepper,0.35,4,3.69,9.22,0.262,"peppercorn 23%, black 18%","peppercorn 22%, <long> 21%",0.5972,0.173,1.043
r8_0483_art_style,"Name an art style. Reply with only the name, nothing else.",0.5972,<long> -> bench,0.5444,baroque -> real,0.5414,impressionism -> bench,59,71,0.017,0.211,0.133,60,90,26,0.0,0.127,7.8,impressionism,1.0,1,1.0,5.12,0.638,"impressionism 58%, baroque 13%","impressionism 53%, <long> 21%",0.5875,0.333,0.853
r8_0570_school,"Name a school. Reply with only the name, nothing else.",0.5972,<long> -> bench,0.5889,harvard university -> real,0.5499,harvard university -> real,57,68,0.05,0.244,0.167,60,90,30,0.0,0.127,7.8,harvard university,0.8,5,2.18,6.38,0.472,"harvard university 50%, harvard 22%","harvard university 32%, <long> 24%",0.6072,0.23,0.882
r8_0689_fairy,"Name a fairy. Reply with only the name, nothing else.",0.5944,<long> -> bench,0.5333,tinkerbell -> real,0.5342,aurora -> bench,60,73,0.0,0.189,0.113,60,90,63,0.0,0.107,7.0,tinkerbell,0.6,5,3.18,26.08,0.331,"tinkerbell 33%, tinker bell 7%","tinkerbell 27%, <long> 19%",0.5881,0.352,0.746
r8_0208_game,"Name a game. Reply with only the name, nothing else.",0.5944,<long> -> bench,0.5861,chess -> bench,0.6353,chess -> bench,60,73,0.0,0.189,0.113,60,90,42,0.0,0.1,6.3,minecraft,0.35,4,3.8,11.97,0.398,"chess 25%, minecraft 18%","chess 42%, <long> 19%",0.5822,0.295,0.707
r8s_1736_vegetable_green,"Suggest a type of vegetable green. Reply with only the name, nothing else.",0.5944,<long> -> bench,0.55,kale -> real,0.5461,kale -> real,60,73,0.0,0.189,0.113,60,90,21,0.0,0.087,6.1,spinach,0.6,4,2.81,7.75,0.338,"spinach 33%, broccoli 25%","spinach 28%, broccoli 20%",0.5911,0.263,0.686
r8_0028_cooking_method,"Name a cooking method. Reply with only the name, nothing else.",0.5944,<long> -> bench,0.5472,roasting -> real,0.5352,roast -> bench,60,73,0.0,0.189,0.113,60,90,24,0.0,0.107,6.4,roasting,0.4,6,4.43,11.64,0.293,"roasting 32%, grilling 12%","roasting 22%, <long> 19%",0.6022,0.26,0.926
r8_1759_classic_arcade_game,"Name a classic arcade game. Reply with only the name, nothing else.",0.5944,pac-man -> real,0.5944,pac-man -> real,0.5233,pac-man -> real,60,75,0.0,0.167,0.1,60,90,9,0.0,0.093,6.8,pac-man,0.95,2,1.22,1.79,0.874,"pac-man 90%, tetris 3%","pac-man 71%, <long> 17%",0.5775,0.107,0.866
r8_0771_carrot,"Name a carrot. Reply with only the name, nothing else.",0.5944,<long> -> bench,0.5667,carrot -> real,0.5479,daucus carota -> bench,60,73,0.0,0.189,0.113,60,90,50,0.0,0.087,6.2,carrot,0.4,5,3.74,11.63,0.511,"carrot 53%, baby 7%","carrot 40%, <long> 19%",0.6286,0.344,0.783
r8_0847_fictional_villain,"Name a fictional villain. Reply with only the name, nothing else.",0.5944,<long> -> bench,0.5417,joker -> bench,0.5572,joker -> bench,60,73,0.0,0.189,0.113,60,90,78,0.0,0.107,7.1,joker,0.25,8,6.32,43.12,0.15,"magneto 13%, thanos 12%","<long> 19%, joker 13%",0.5933,0.433,0.823
r8_1980_traditional_instrument,"Name a type of traditional instrument. Reply with only the name, nothing else.",0.5944,<long> -> bench,0.5528,violin -> real,0.5342,lute -> bench,60,73,0.0,0.189,0.113,60,90,30,0.0,0.107,6.4,violin,0.45,7,4.91,13.18,0.286,"violin 32%, flute 15%","violin 21%, <long> 19%",0.5881,0.309,0.912
r8_0807_ukulele,"Name an ukulele. Reply with only the name, nothing else.",0.5944,<long> -> bench,0.5611,kala -> real,0.5618,kala -> real,58,70,0.033,0.222,0.147,60,90,81,0.0,0.127,7.2,kala,0.55,9,4.99,51.21,0.094,"kala 13%, baritone 3%","<long> 22%, ukulele 11%",0.6033,0.419,0.734
r8_0118_breakfast_cereal,"Name a breakfast cereal. Reply with only the name, nothing else.",0.5944,<long> -> bench,0.5806,frosted flakes -> real,0.5741,frosted flakes -> real,60,73,0.0,0.189,0.113,60,90,29,0.0,0.113,7.5,frosted flakes,0.45,9,5.89,9.92,0.383,"corn flakes 32%, frosted flakes 22%","corn flakes 36%, <long> 19%",0.6078,0.155,0.843
r8_1474_pencil,"Name a pencil. Reply with only the name, nothing else.",0.5944,<long> -> bench,0.5194,hb -> real,0.5798,pencil -> bench,58,70,0.033,0.222,0.147,60,90,33,0.0,0.12,7.0,pencil,0.3,10,7.71,5.83,0.656,"pencil 55%, hb 5%","pencil 57%, <long> 22%",0.6433,0.283,0.878
r8_1238_echinoderm,"Name an echinoderm. Reply with only the name, nothing else.",0.5944,<long> -> bench,0.5889,starfish -> real,0.5242,starfish -> real,60,73,0.0,0.189,0.113,60,90,12,0.0,0.1,6.3,sea star,0.6,4,2.63,2.83,0.707,"starfish 73%, sea star 12%","starfish 56%, <long> 19%",0.6381,0.071,0.924
r8_1401_griffin,"Name a griffin. Reply with only the name, nothing else.",0.5944,griffin -> bench,0.5944,griffin -> bench,0.63,griffin -> bench,60,75,0.0,0.167,0.1,60,90,86,0.0,0.087,6.2,pegasus,0.1,18,17.41,38.33,0.311,"griffin 17%, fenris 3%","griffin 36%, <long> 17%",0.5839,0.457,0.756
r8_0901_vodka,"Name a vodka. Reply with only the name, nothing else.",0.5944,<long> -> bench,0.5861,absolut -> real,0.5732,absolut -> real,60,73,0.0,0.189,0.113,60,90,27,0.0,0.1,7.1,absolut,0.5,4,2.75,6.05,0.534,"smirnoff 48%, absolut 28%","smirnoff 47%, <long> 19%",0.5931,0.294,0.78
r8_0716_fictional_robot,"Name a fictional robot. Reply with only the name, nothing else.",0.5944,<long> -> bench,0.5222,astro -> real,0.532,r2-d2 -> bench,60,73,0.0,0.189,0.113,60,90,75,0.0,0.107,7.4,r2-d2,0.9,3,1.48,26.96,0.368,"r2-d2 33%, astro 7%","r2-d2 32%, <long> 19%",0.5853,0.348,0.921
r8_0324_cured_meat,"Name a cured meat. Reply with only the name, nothing else.",0.5944,<long> -> bench,0.5722,prosciutto -> real,0.5658,salami -> real,60,73,0.0,0.189,0.113,60,90,24,0.0,0.107,6.4,prosciutto,0.45,4,3.19,9.44,0.241,"prosciutto 30%, bacon 23%","bacon 20%, <long> 19%",0.6136,0.239,0.818
r8_0480_month,"Name a month. Reply with only the name, nothing else.",0.5944,january -> real,0.5944,january -> real,0.5705,january -> real,60,79,0.0,0.122,0.073,60,90,15,0.0,0.067,4.3,january,0.55,8,4.66,7.18,0.453,"january 53%, september 8%","january 34%, <long> 12%",0.5781,0.296,0.76
r8_1560_branch_of_engineering,"Name a type of branch of engineering. Reply with only the name, nothing else.",0.5944,<long> -> bench,0.5611,software -> bench,0.587,software -> bench,60,73,0.0,0.189,0.113,60,90,37,0.0,0.1,6.1,civil engineering,0.45,5,3.94,12.21,0.316,"civil engineering 33%, software engineering 12%","civil engineering 24%, software 22%",0.6067,0.314,0.57
r8_1461_chip_flavor,"Name a chip flavor. Reply with only the name, nothing else.",0.5944,<long> -> bench,0.5389,cheddar -> bench,0.55,cheddar -> bench,58,70,0.033,0.222,0.147,60,90,99,0.0,0.127,7.6,barbecue,0.15,16,14.38,85.43,0.055,"pistachio 7%, spicy jalapeño 5%","<long> 22%, cheddar 8%",0.5833,0.559,1.009
r8_1482_brake,"Name a brake. Reply with only the name, nothing else.",0.5944,<long> -> bench,0.5389,brake -> bench,0.5677,disc -> bench,58,70,0.033,0.222,0.147,60,90,51,0.0,0.113,6.7,disc,0.4,7,4.94,15.88,0.367,"disc 28%, brake 10%","disc 33%, <long> 22%",0.5978,0.384,0.796
r8_0919_staple,"Name a staple. Reply with only the name, nothing else.",0.5944,<long> -> bench,0.5278,staple -> real,0.5453,bread -> bench,60,73,0.0,0.189,0.113,60,90,75,0.0,0.1,6.1,rice,0.8,5,2.18,38.71,0.233,"bread 18%, rice 7%","bread 22%, <long> 19%",0.5947,0.479,0.742
r8_0232_ocean,"Name an ocean. Reply with only the name, nothing else.",0.5944,<long> -> bench,0.5528,pacific -> real,0.5363,pacific ocean -> real,60,73,0.0,0.189,0.113,60,90,11,0.0,0.107,5.5,pacific,0.85,3,1.68,2.75,0.699,"pacific 68%, atlantic 20%","pacific 58%, <long> 19%",0.6231,0.112,0.793
r8_1646_meditation_style,"Name a meditation style. Reply with only the name, nothing else.",0.5944,<long> -> bench,0.5361,transcendental meditation -> real,0.5348,transcendental meditation -> real,60,73,0.0,0.189,0.113,60,90,25,0.0,0.107,6.4,mindfulness,0.75,4,2.23,7.15,0.451,"mindfulness 42%, zen 22%","mindfulness 39%, <long> 19%",0.59,0.232,0.885
r8_0923_kelpie,"Name a kelpie. Reply with only the name, nothing else.",0.5944,<long> -> bench,0.5472,kelpie -> bench,0.5628,kelpie -> bench,58,70,0.033,0.222,0.147,60,90,116,0.0,0.127,7.3,kelpie,0.1,19,18.66,100.83,0.086,"<long> 3%, lucky 3%","<long> 22%, kelpie 11%",0.5842,0.567,0.721
r8_1857_refrigerator_brand,"Name a refrigerator brand. Reply with only the name, nothing else.",0.5944,<long> -> bench,0.5833,samsung -> real,0.56,samsung -> real,60,73,0.0,0.189,0.113,60,90,24,0.0,0.093,6.0,samsung,0.45,5,3.24,9.5,0.301,"samsung 37%, whirlpool 17%","samsung 20%, <long> 19%",0.6061,0.196,0.914
r8_0431_pop_star,"Name a pop star. Reply with only the name, nothing else.",0.5944,<long> -> bench,0.5889,taylor swift -> real,0.5358,taylor swift -> real,60,73,0.0,0.189,0.113,60,90,29,0.0,0.1,6.6,taylor swift,1.0,1,1.0,5.8,0.594,"taylor swift 63%, beyoncé 13%","taylor swift 46%, <long> 19%",0.6219,0.234,0.726
r8_1428_transportation_mode,"Name a transportation mode. Reply with only the name, nothing else.",0.5944,<long> -> bench,0.5583,bicycle -> real,0.5545,bicycle -> real,60,73,0.0,0.189,0.113,60,90,23,0.0,0.107,5.8,train,0.45,6,4.06,8.04,0.346,"train 35%, bus 18%","train 28%, bus 22%",0.5894,0.218,0.687
r8_1081_guitar_brand,"Name a guitar brand. Reply with only the name, nothing else.",0.5944,<long> -> bench,0.5833,fender -> real,0.5134,gibson -> real,60,73,0.0,0.189,0.113,60,90,8,0.0,0.107,6.3,fender,0.9,2,1.38,1.84,0.827,"fender 83%, gibson 15%","fender 67%, <long> 19%",0.5958,0.184,0.745
r8_0305_dinner_food,"Name a dinner food. Reply with only the name, nothing else.",0.5944,<long> -> bench,0.5333,spaghetti -> real,0.576,pasta -> bench,60,73,0.0,0.189,0.113,60,90,31,0.0,0.087,5.8,pasta,0.3,9,6.63,9.34,0.383,"pasta 30%, pizza 22%","pasta 37%, pizza 20%",0.5853,0.381,0.914
r8_0254_breakfast_food,"Name a breakfast food. Reply with only the name, nothing else.",0.5944,pancakes -> real,0.5944,pancakes -> real,0.5536,pancakes -> real,60,74,0.0,0.178,0.107,60,90,23,0.0,0.1,6.6,pancakes,0.45,5,3.24,6.01,0.507,"pancakes 57%, oatmeal 22%","pancakes 38%, <long> 18%",0.6161,0.217,0.842
r8_1774_custard,"Name a custard. Reply with only the name, nothing else.",0.5944,<long> -> bench,0.5278,crème -> real,0.5286,panna cotta -> bench,58,70,0.033,0.222,0.147,60,90,73,0.0,0.127,7.8,crème caramel,0.25,11,8.6,42.77,0.172,"custard 15%, crème 7%","<long> 22%, custard 14%",0.5925,0.488,0.706
r8_1629_behemoth,"Name a behemoth. Reply with only the name, nothing else.",0.5944,<long> -> bench,0.5306,leviathan -> real,0.525,google -> real,60,73,0.0,0.189,0.113,60,90,89,0.0,0.107,6.5,behemoth,0.55,6,3.58,62.59,0.09,"leviathan 12%, blue whale 7%","<long> 19%, titan 7%",0.5731,0.516,0.824
r8_0262_stone_fruit,"Name a stone fruit. Reply with only the name, nothing else.",0.5944,<long> -> bench,0.5889,peach -> real,0.532,peach -> real,60,73,0.0,0.189,0.113,60,90,19,0.0,0.1,6.4,peach,0.7,5,2.67,4.42,0.632,"peach 67%, nectarine 7%","peach 49%, <long> 19%",0.5858,0.267,0.967
r8_0943_telephone_brand,"Name a telephone brand. Reply with only the name, nothing else.",0.5944,samsung -> real,0.5944,samsung -> real,0.5805,samsung -> real,59,73,0.017,0.189,0.12,60,90,27,0.0,0.113,6.0,samsung,0.3,4,3.72,9.15,0.258,"samsung 33%, motorola 22%","motorola 23%, <long> 19%",0.6044,0.164,0.837
r8_0233_toothpaste,"Name a toothpaste. Reply with only the name, nothing else.",0.5944,<long> -> bench,0.5944,crest -> real,0.5699,crest -> real,60,73,0.0,0.189,0.113,60,90,11,0.0,0.1,6.2,colgate,0.55,2,1.99,2.6,0.617,"colgate 60%, crest 40%","colgate 51%, crest 21%",0.6097,0.092,0.902
r8_0272_electronic_device,"Name an electronic device. Reply with only the name, nothing else.",0.5917,<long> -> bench,0.5722,smartphone -> real,0.532,smartphone -> real,59,72,0.017,0.2,0.127,60,90,36,0.0,0.113,6.7,smartphone,0.85,2,1.53,9.18,0.473,"smartphone 50%, laptop 15%","smartphone 36%, <long> 20%",0.615,0.289,0.771
r8_0660_chupacabra,"Name a chupacabra. Reply with only the name, nothing else.",0.5917,<long> -> bench,0.525,chupacabra -> real,0.5198,chupacabra -> bench,57,69,0.05,0.233,0.16,60,90,69,0.0,0.147,8.6,chupacabra,0.9,3,1.48,19.22,0.46,"chupacabra 42%, <long> 5%","chupacabra 37%, <long> 23%",0.5822,0.397,0.793
r8_1390_medieval_castle,"Name a medieval castle. Reply with only the name, nothing else.",0.5917,<long> -> bench,0.5889,edinburgh castle -> real,0.5645,edinburgh castle -> real,59,72,0.017,0.2,0.127,60,90,71,0.0,0.113,7.7,edinburgh castle,0.5,9,5.51,26.19,0.336,"edinburgh castle 40%, windsor castle 5%","edinburgh castle 22%, <long> 20%",0.5872,0.28,0.831
r8_1963_legal_term,"Name a legal term. Reply with only the name, nothing else.",0.5917,<long> -> bench,0.5722,tort -> real,0.567,tort -> real,59,72,0.017,0.2,0.127,60,90,70,0.0,0.12,6.9,tort,0.65,6,3.2,41.36,0.13,"tort 20%, indemnification 7%","<long> 20%, negligence 13%",0.6008,0.507,0.879
r8_0864_place_of_worship,"Name a place of worship. Reply with only the name, nothing else.",0.5917,<long> -> bench,0.5472,cathedral -> real,0.5515,temple -> bench,55,66,0.083,0.267,0.193,60,90,40,0.0,0.167,9.1,mosque,0.3,9,7.01,13.88,0.364,"cathedral 35%, mosque 13%","<long> 27%, cathedral 26%",0.5964,0.271,0.774
r8_1736_vegetable_green,"Name a vegetable green. Reply with only the name, nothing else.",0.5917,broccoli -> real,0.5917,broccoli -> real,0.564,broccoli -> real,60,76,0.0,0.156,0.093,60,90,21,0.0,0.06,5.6,broccoli,0.5,3,2.35,8.08,0.412,"broccoli 48%, asparagus 12%","broccoli 30%, <long> 16%",0.6164,0.28,0.856
r8_1823_hot_sauce,"Name a hot sauce. Reply with only the name, nothing else.",0.5917,<long> -> bench,0.5861,franks redhot -> real,0.5746,franks redhot -> real,59,72,0.017,0.2,0.127,60,90,54,0.0,0.127,7.5,tabasco,0.8,3,1.89,19.52,0.267,"franks redhot 28%, tabasco 22%","tabasco 24%, <long> 20%",0.5986,0.381,0.932
r8_1328_natural_wonder,"Name a natural wonder. Reply with only the name, nothing else.",0.5917,<long> -> bench,0.5917,grand canyon -> real,0.5583,grand canyon -> real,59,72,0.017,0.2,0.127,60,90,26,0.0,0.127,7.4,grand canyon,0.7,5,2.74,8.04,0.427,"grand canyon 48%, great barrier reef 18%","grand canyon 30%, <long> 20%",0.5992,0.121,0.741
r8_1337_ancient_city,"Name an ancient city. Reply with only the name, nothing else.",0.5917,rome -> bench,0.5917,rome -> bench,0.6531,rome -> bench,60,76,0.0,0.156,0.093,60,90,21,0.0,0.087,5.9,rome,0.4,6,4.61,4.24,0.654,"rome 48%, athens 13%","rome 67%, <long> 16%",0.5964,0.357,0.91
r8s_0257_feeling,"Suggest a type of feeling. Reply with only the name, nothing else.",0.5917,<long> -> bench,0.5778,nostalgia -> real,0.605,joy -> bench,59,72,0.017,0.2,0.127,60,90,57,0.0,0.127,6.9,nostalgia,0.7,6,2.94,23.9,0.183,"nostalgia 23%, curiosity 12%","joy 22%, <long> 20%",0.6108,0.414,0.721
r8_0393_fictional_wizard,"Name a fictional wizard. Reply with only the name, nothing else.",0.5917,<long> -> bench,0.5694,merlin -> real,0.5577,merlin -> real,59,72,0.017,0.2,0.127,60,90,60,0.0,0.113,7.3,albus dumbledore,0.5,4,3.13,26.52,0.191,"merlin 25%, albus dumbledore 15%","<long> 20%, albus dumbledore 16%",0.6192,0.344,0.926
r8_1372_editor,"Name an editor. Reply with only the name, nothing else.",0.5917,<long> -> bench,0.5583,cursor -> real,0.5593,cursor -> real,59,72,0.017,0.2,0.127,60,90,84,0.0,0.12,6.8,vim,0.35,12,8.58,58.43,0.115,"cursor 12%, vim 7%","<long> 20%, vim 12%",0.595,0.584,0.619
r8_0040_cartoon_character,"Name a cartoon character. Reply with only the name, nothing else.",0.5917,spongebob squarepants -> real,0.5917,spongebob squarepants -> real,0.585,spongebob squarepants -> real,60,75,0.0,0.167,0.1,60,90,24,0.0,0.087,7.1,spongebob squarepants,0.45,8,5.26,7.16,0.474,"mickey mouse 48%, spongebob squarepants 25%","mickey mouse 39%, <long> 17%",0.6044,0.228,0.642
r8_1570_penguin,"Name a penguin. Reply with only the name, nothing else.",0.5917,<long> -> bench,0.5694,pingu -> real,0.5803,emperor -> bench,59,72,0.017,0.2,0.127,60,90,43,0.0,0.113,7.0,emperor,0.75,4,2.23,17.78,0.206,"pingu 22%, penguin 18%","<long> 20%, penguin 18%",0.6761,0.217,1.047
r8_0035_continent,"Name a continent. Reply with only the name, nothing else.",0.5889,<long> -> bench,0.5833,africa -> real,0.5626,asia -> bench,60,74,0.0,0.178,0.107,60,90,17,0.0,0.1,5.1,africa,0.5,3,2.57,4.42,0.448,"africa 50%, asia 27%","africa 33%, asia 32%",0.6075,0.209,0.718
r8_1050_pizza_chain,"Name a pizza chain. Reply with only the name, nothing else.",0.5889,<long> -> bench,0.5611,dominos -> real,0.5455,dominos -> real,60,74,0.0,0.178,0.107,60,90,6,0.0,0.093,6.3,pizza hut,0.55,3,2.53,2.33,0.701,"pizza hut 67%, dominos 27%","pizza hut 60%, <long> 18%",0.6075,0.125,0.746
r8_1075_edible_substance,"Name an edible substance. Reply with only the name, nothing else.",0.5889,<long> -> bench,0.5778,apple -> bench,0.6126,apple -> bench,60,74,0.0,0.178,0.107,60,90,43,0.0,0.093,5.5,apple,0.9,3,1.48,17.61,0.291,"apple 17%, sugar 12%","apple 32%, <long> 18%",0.6011,0.411,1.205
r8_0218_mountain,"Name a mountain. Reply with only the name, nothing else.",0.5889,<long> -> bench,0.575,everest -> real,0.5642,everest -> real,60,74,0.0,0.178,0.107,60,90,14,0.0,0.1,6.1,mount everest,0.6,4,2.63,3.26,0.672,"mount everest 63%, everest 25%","mount everest 58%, <long> 18%",0.6028,0.224,0.846
r8_1355_monster,"Name a monster. Reply with only the name, nothing else.",0.5889,kraken -> real,0.5889,kraken -> real,0.5683,kraken -> real,59,74,0.017,0.178,0.113,60,90,70,0.0,0.113,6.5,kraken,0.9,3,1.48,28.26,0.331,"kraken 40%, cthulhu 5%","kraken 22%, <long> 18%",0.6133,0.464,0.971
r8_0628_firearm,"Name a firearm. Reply with only the name, nothing else.",0.5889,<long> -> bench,0.5444,ar-15 -> real,0.5558,ar-15 -> real,46,53,0.233,0.411,0.34,60,90,29,0.0,0.26,13.0,glock 17,0.4,7,5.45,16.05,0.141,"<long> 23%, glock 19 12%","<long> 41%, m16 11%",0.6006,0.215,0.862
r8_1083_combat_sport,"Name a combat sport. Reply with only the name, nothing else.",0.5889,<long> -> bench,0.5861,mma -> real,0.5849,mma -> real,60,74,0.0,0.178,0.107,60,90,23,0.0,0.087,6.1,boxing,0.3,6,4.91,9.37,0.313,"boxing 28%, kickboxing 20%","boxing 28%, <long> 18%",0.5894,0.171,0.772
r8_1068_natural_substance,"Name a natural substance. Reply with only the name, nothing else.",0.5889,<long> -> bench,0.5361,quartz -> real,0.5333,wood -> real,60,74,0.0,0.178,0.107,60,90,40,0.0,0.107,5.9,water,0.75,5,2.45,12.86,0.366,"water 33%, quartz 22%","water 32%, <long> 18%",0.6064,0.338,0.949
r8_0069_dairy_product,"Name a dairy product. Reply with only the name, nothing else.",0.5889,<long> -> bench,0.5667,cheese -> real,0.5365,yogurt -> real,60,74,0.0,0.178,0.107,60,90,14,0.0,0.093,6.1,milk,0.55,3,2.53,4.83,0.433,"cheese 47%, cheddar 25%","cheese 33%, cheddar 20%",0.6244,0.169,0.726
r8s_0730_chinese_zodiac_animal,"Suggest a type of chinese zodiac animal. Reply with only the name, nothing else.",0.5889,<long> -> bench,0.575,dragon -> real,0.5525,dog -> bench,60,74,0.0,0.178,0.107,60,90,18,0.0,0.1,5.4,dragon,0.9,3,1.48,4.19,0.664,"dragon 68%, rabbit 7%","dragon 53%, <long> 18%",0.6061,0.263,0.819
r8_0823_lake_on_earth,"Name a lake on earth. Reply with only the name, nothing else.",0.5889,<long> -> bench,0.5444,lake baikal -> real,0.536,lake baikal -> real,60,74,0.0,0.178,0.107,60,90,31,0.0,0.1,6.4,lake victoria,0.35,5,4.18,10.9,0.373,"lake victoria 38%, lake baikal 17%","lake victoria 30%, <long> 18%",0.6261,0.21,0.9
r8_0200_game_show,"Name a game show. Reply with only the name, nothing else.",0.5889,wheel of fortune -> real,0.5889,wheel of fortune -> real,0.5851,wheel of fortune -> real,55,70,0.083,0.222,0.167,60,90,18,0.0,0.113,8.0,jeopardy,0.75,4,2.28,3.81,0.608,"jeopardy 52%, wheel of fortune 30%","jeopardy 50%, <long> 22%",0.5889,0.165,0.773
r8_0135_natural_phenomenon,"Name a natural phenomenon. Reply with only the name, nothing else.",0.5889,<long> -> bench,0.5528,aurora borealis -> real,0.5516,aurora borealis -> real,60,74,0.0,0.178,0.107,60,90,24,0.0,0.107,6.3,rainbow,0.55,3,2.33,9.71,0.313,"rain 30%, rainbow 18%","rain 27%, rainbow 19%",0.5936,0.235,0.845
r8_0141_renewable_energy_sourc,"Name a renewable energy source. Reply with only the name, nothing else.",0.5889,<long> -> bench,0.575,solar -> real,0.5219,solar energy -> bench,58,71,0.033,0.211,0.14,60,90,11,0.0,0.12,6.1,solar,0.85,2,1.53,2.25,0.806,"solar 78%, solar energy 7%","solar 63%, <long> 21%",0.6197,0.132,0.962
r8_0186_fruit,"Name a fruit. Reply with only the name, nothing else.",0.5889,<long> -> bench,0.5556,apple -> real,0.5245,banana -> real,60,74,0.0,0.178,0.107,60,90,10,0.0,0.087,5.2,apple,1.0,1,1.0,1.83,0.858,"apple 83%, banana 12%","apple 72%, <long> 18%",0.6092,0.142,1.136
r8_0153_celestial_body,"Name a celestial body. Reply with only the name, nothing else.",0.5889,<long> -> bench,0.5444,moon -> bench,0.5793,moon -> bench,60,74,0.0,0.178,0.107,60,90,14,0.0,0.1,5.6,mars,0.3,5,4.5,5.13,0.388,"mars 38%, moon 23%","moon 32%, mars 32%",0.5853,0.228,0.783
r8_0103_candy_bar,"Name a candy bar. Reply with only the name, nothing else.",0.5889,<long> -> bench,0.5472,snickers -> real,0.5329,mars -> real,60,74,0.0,0.178,0.107,60,90,45,0.0,0.093,6.5,snickers,0.6,6,3.66,18.0,0.291,"snickers 32%, milky way 17%","snickers 22%, <long> 18%",0.5897,0.321,0.877
r8_0810_pajama,"Name a pajama. Reply with only the name, nothing else.",0.5889,<long> -> bench,0.5167,pyjamas -> bench,0.5268,pajama -> bench,56,68,0.067,0.244,0.173,60,90,57,0.0,0.133,7.9,pajamas,0.4,11,7.38,19.92,0.274,"pajamas 23%, pajama 18%","<long> 24%, pajamas 22%",0.6139,0.437,0.961
r8_1391_hotel_chain,"Name a hotel chain. Reply with only the name, nothing else.",0.5889,<long> -> bench,0.5444,hilton -> real,0.5349,marriott international -> real,60,74,0.0,0.178,0.107,60,90,13,0.0,0.087,6.1,marriott,0.8,4,2.03,3.15,0.634,"marriott 60%, hilton 27%","marriott 54%, <long> 18%",0.5975,0.322,1.0
r8_0455_museum,"Name a museum. Reply with only the name, nothing else.",0.5889,<long> -> bench,0.5472,met -> real,0.5448,met -> real,60,74,0.0,0.178,0.107,60,90,12,0.0,0.087,6.8,louvre,0.75,4,2.28,3.14,0.701,"louvre 67%, met 12%","louvre 60%, <long> 18%",0.5631,0.26,0.753
r8_1158_barbecue,"Name a barbecue. Reply with only the name, nothing else.",0.5889,<long> -> bench,0.5444,bbq -> real,0.5291,bbq -> real,58,71,0.033,0.211,0.14,60,90,69,0.0,0.113,6.8,bbq,0.4,11,7.38,35.48,0.209,"bbq 23%, barbecue 8%","<long> 21%, bbq 14%",0.5989,0.419,0.8
r8_0481_sandwich_bread,"Name a sandwich bread. Reply with only the name, nothing else.",0.5889,<long> -> bench,0.5556,sourdough -> real,0.5495,sourdough -> real,60,74,0.0,0.178,0.107,60,90,43,0.0,0.093,6.3,rye,0.4,9,6.43,13.49,0.388,"rye 40%, sourdough 17%","rye 31%, <long> 18%",0.5833,0.335,0.575
r8_1147_gas_station_brand,"Name a gas station brand. Reply with only the name, nothing else.",0.5889,<long> -> bench,0.5583,shell -> real,0.53,exxon -> bench,60,74,0.0,0.178,0.107,60,90,14,0.0,0.093,5.3,shell,0.7,4,2.49,2.84,0.687,"shell 68%, exxon 18%","shell 57%, exxon 20%",0.5892,0.363,0.781
r8_0572_compass_direction,"Name a compass direction. Reply with only the name, nothing else.",0.5889,north -> real,0.5889,north -> real,0.5182,north -> real,59,75,0.017,0.167,0.107,60,90,6,0.0,0.107,5.4,north,1.0,1,1.0,1.23,0.963,"north 97%, 北 2%","north 79%, <long> 17%",0.6208,0.106,0.883
r8_1816_mudpuppy,"Name a mudpuppy. Reply with only the name, nothing else.",0.5861,<long> -> bench,0.5417,barnaby -> real,0.5715,mudpuppy -> bench,59,73,0.017,0.189,0.12,60,90,83,0.0,0.107,7.0,mudpuppy,0.2,16,14.14,34.09,0.333,"mudpuppy 25%, barnaby 8%","mudpuppy 32%, <long> 19%",0.5978,0.466,0.955
r8_1128_banjo,"Name a banjo. Reply with only the name, nothing else.",0.5861,<long> -> bench,0.5417,banjo -> real,0.5254,mandolin -> real,59,73,0.017,0.189,0.12,60,90,73,0.0,0.107,6.7,open back,0.25,11,9.21,35.33,0.265,"banjo 28%, stan 7%","banjo 20%, <long> 19%",0.5981,0.525,0.803
r8_0007_fairy_tale,"Name a fairy tale. Reply with only the name, nothing else.",0.5861,<long> -> bench,0.5556,cinderella -> real,0.527,little mermaid -> real,59,73,0.017,0.189,0.12,60,90,25,0.0,0.113,7.4,cinderella,0.9,3,1.48,4.55,0.682,"cinderella 67%, little mermaid 7%","cinderella 56%, <long> 19%",0.5836,0.176,0.982
r8_0060_feeling,"Name a type of feeling. Reply with only the name, nothing else.",0.5861,nostalgia -> real,0.5861,nostalgia -> real,0.5827,nostalgia -> real,60,78,0.0,0.133,0.08,60,90,38,0.0,0.073,5.1,joy,0.8,4,2.03,10.97,0.449,"joy 42%, nostalgia 22%","joy 41%, <long> 13%",0.5914,0.37,1.073
r8_0932_cold_dessert,"Name a cold dessert. Reply with only the name, nothing else.",0.5833,<long> -> bench,0.5639,panna cotta -> real,0.535,panna cotta -> real,60,75,0.0,0.167,0.1,60,90,35,0.0,0.08,6.8,ice cream,0.5,7,4.67,12.44,0.378,"panna cotta 42%, mousse 13%","panna cotta 29%, <long> 17%",0.6014,0.388,1.134
r8_1056_science_fiction_novel,"Name a science fiction novel. Reply with only the name, nothing else.",0.5833,<long> -> bench,0.5833,dune -> real,0.5374,neuromancer -> real,56,69,0.067,0.233,0.167,60,90,19,0.0,0.12,7.1,dune,0.95,2,1.22,3.16,0.76,"dune 73%, neuromancer 8%","dune 57%, <long> 23%",0.6036,0.277,0.814
r8_0020_day_of_the_week,"Name a day of the week. Reply with only the name, nothing else.",0.5833,<long> -> bench,0.5333,monday -> real,0.52,saturday -> real,60,75,0.0,0.167,0.1,60,90,12,0.0,0.087,4.8,monday,0.55,4,3.03,4.83,0.511,"monday 50%, thursday 13%","monday 43%, <long> 17%",0.5925,0.264,0.785
r8_0041_precious_metal,"Name a precious metal. Reply with only the name, nothing else.",0.5833,<long> -> bench,0.575,gold -> real,0.5117,platinum -> bench,60,75,0.0,0.167,0.1,60,90,5,0.0,0.073,4.7,gold,1.0,1,1.0,1.25,0.956,"gold 95%, iron 2%","gold 80%, <long> 17%",0.6142,0.112,0.739
r8_0409_lunch_food,"Name a lunch food. Reply with only the name, nothing else.",0.5833,<long> -> bench,0.5722,pizza -> bench,0.5967,pizza -> bench,60,75,0.0,0.167,0.1,60,90,51,0.0,0.1,5.9,sandwich,0.75,6,2.62,19.34,0.259,"sandwich 23%, pizza 10%","pizza 24%, sandwich 23%",0.5764,0.347,0.78
r8_0955_thanksgiving_side_dish,"Name a thanksgiving side dish. Reply with only the name, nothing else.",0.5833,<long> -> bench,0.5556,mashed potatoes -> real,0.535,cranberry sauce -> real,60,75,0.0,0.167,0.1,60,90,36,0.0,0.093,7.2,cranberry sauce,0.5,6,4.17,13.07,0.333,"mashed potatoes 37%, stuffing 17%","mashed potatoes 26%, <long> 17%",0.6256,0.212,0.867
r8_1007_sound_heard_at_night,"Name a sound heard at night. Reply with only the name, nothing else.",0.5833,<long> -> bench,0.5778,crickets -> bench,0.6,crickets -> bench,60,75,0.0,0.167,0.1,60,90,42,0.0,0.093,6.3,crickets,0.4,7,4.94,17.69,0.222,"cricket 23%, owl hoot 12%","crickets 22%, cricket 18%",0.61,0.356,0.857
r8_0390_bread_roll,"Name a bread roll. Reply with only the name, nothing else.",0.5833,<long> -> bench,0.5222,bun -> real,0.55,bap -> bench,60,75,0.0,0.167,0.1,60,90,43,0.0,0.087,6.3,brioche,0.35,9,6.32,14.05,0.289,"bap 23%, brioche 23%","bap 28%, brioche 21%",0.5939,0.292,0.932
r8_1581_period_of_the_day,"Name a period of the day. Reply with only the name, nothing else.",0.5833,<long> -> bench,0.5194,dusk -> real,0.5467,morning -> bench,60,75,0.0,0.167,0.1,60,90,16,0.0,0.08,5.2,morning,0.75,4,2.23,4.66,0.585,"morning 53%, afternoon 15%","morning 52%, <long> 17%",0.5969,0.28,0.748
r8_0418_mythical_creature,"Name a type of mythical creature. Reply with only the name, nothing else.",0.5833,<long> -> bench,0.5472,griffin -> real,0.5183,basilisk -> real,60,75,0.0,0.167,0.1,60,90,29,0.0,0.087,5.7,dragon,0.75,5,2.45,9.13,0.4,"griffin 42%, dragon 17%","griffin 32%, <long> 17%",0.6014,0.354,0.885
r8_1475_hair_dye_color,"Name a hair dye color. Reply with only the name, nothing else.",0.5833,<long> -> bench,0.5611,chestnut -> real,0.5583,crimson -> real,60,75,0.0,0.167,0.1,60,90,64,0.0,0.087,6.2,caramel,0.15,15,13.42,38.6,0.178,"chestnut 23%, crimson 12%","<long> 17%, chestnut 11%",0.6264,0.483,0.859
r8_1114_fictional_sword,"Name a fictional sword. Reply with only the name, nothing else.",0.5833,<long> -> bench,0.5639,excalibur -> real,0.5267,starfall -> real,60,75,0.0,0.167,0.1,60,90,63,0.0,0.087,6.8,excalibur,0.95,2,1.22,15.68,0.489,"excalibur 52%, starfall 7%","excalibur 39%, <long> 17%",0.5697,0.382,0.859
r8_1755_country_in_europe,"Name a country in europe. Reply with only the name, nothing else.",0.5833,<long> -> bench,0.5528,germany -> real,0.5433,france -> bench,60,75,0.0,0.167,0.1,60,90,9,0.0,0.093,5.0,france,0.95,2,1.22,2.14,0.748,"france 70%, germany 25%","france 66%, <long> 17%",0.575,0.204,0.86
r8_1981_scream,"Name a scream. Reply with only the name, nothing else.",0.5833,<long> -> bench,0.5139,scream -> real,0.5217,scream -> bench,60,75,0.0,0.167,0.1,60,90,76,0.0,0.087,6.0,scream,0.35,12,8.81,24.61,0.407,"scream 38%, great nephew squiggler 2%","scream 36%, <long> 17%",0.6133,0.483,0.927
r8_0711_synthetic_fibre,"Name a synthetic fibre. Reply with only the name, nothing else.",0.5833,<long> -> bench,0.5778,nylon -> real,0.5467,nylon -> real,60,75,0.0,0.167,0.1,60,90,29,0.0,0.1,6.0,nylon,0.95,2,1.22,7.5,0.415,"nylon 47%, polyester 30%","nylon 31%, polyester 20%",0.6394,0.181,0.876
r8_1571_tea_blend,"Name a tea blend. Reply with only the name, nothing else.",0.5833,english breakfast -> real,0.5833,english breakfast -> real,0.568,english breakfast -> real,60,76,0.0,0.156,0.093,60,90,32,0.0,0.093,6.5,english breakfast,0.45,5,3.24,7.06,0.463,"earl grey 43%, english breakfast 33%","earl grey 41%, english breakfast 17%",0.5883,0.199,0.751
r8_1546_sewing_notion,"Name a sewing notion. Reply with only the name, nothing else.",0.5833,<long> -> bench,0.5417,thread -> bench,0.5539,thread -> bench,58,72,0.033,0.2,0.133,60,90,52,0.0,0.133,6.8,needle,0.2,12,10.17,19.34,0.262,"needle 20%, button 20%","needle 24%, <long> 20%",0.6053,0.407,1.135
r8_0002_reptile,"Name a reptile. Reply with only the name, nothing else.",0.5833,<long> -> bench,0.5583,lizard -> bench,0.5747,lizard -> bench,58,72,0.033,0.2,0.133,60,90,38,0.0,0.12,6.5,snake,0.4,9,6.43,16.63,0.292,"snake 25%, cobra 10%","snake 26%, <long> 20%",0.5975,0.377,0.757
r8_0725_rock_subgenre,"Name a rock subgenre. Reply with only the name, nothing else.",0.5833,<long> -> bench,0.5556,sludge -> real,0.55,sludge -> real,60,75,0.0,0.167,0.1,60,90,59,0.0,0.1,6.3,grindcore,0.3,11,8.63,26.53,0.259,"grindcore 23%, sludge 17%","grindcore 23%, <long> 17%",0.5906,0.435,0.822
r8_1346_moral_quality,"Name a moral quality. Reply with only the name, nothing else.",0.5833,<long> -> bench,0.5556,integrity -> real,0.5767,honesty -> bench,60,75,0.0,0.167,0.1,60,90,13,0.0,0.08,6.2,honesty,0.65,4,2.52,4.44,0.444,"integrity 47%, honesty 23%","integrity 36%, honesty 32%",0.6342,0.197,0.958
r8_0358_fictional_world,"Name a fictional world. Reply with only the name, nothing else.",0.5833,<long> -> bench,0.5306,eldoria -> real,0.5383,narnia -> bench,60,75,0.0,0.167,0.1,60,90,51,0.0,0.1,6.7,middle-earth,0.5,5,3.2,19.84,0.23,"middle-earth 23%, aethelgard 15%","middle-earth 19%, <long> 17%",0.5797,0.375,0.845
r8_0419_toothbrush,"Name a toothbrush. Reply with only the name, nothing else.",0.5833,<long> -> bench,0.5444,colgate -> real,0.54,colgate -> real,60,75,0.0,0.167,0.1,60,90,31,0.0,0.093,6.7,oral-b,0.85,3,1.68,6.63,0.519,"oral-b 48%, toothbrush 18%","oral-b 46%, <long> 17%",0.6039,0.262,0.884
r8_0507_precious_stone,"Name a precious stone. Reply with only the name, nothing else.",0.5833,diamond -> real,0.5833,diamond -> real,0.5526,ruby -> real,60,76,0.0,0.156,0.093,60,90,11,0.0,0.093,5.0,diamond,0.85,2,1.53,3.08,0.662,"diamond 70%, ruby 25%","diamond 53%, <long> 16%",0.6219,0.119,0.753
r8_1310_cartoon_show,"Name a cartoon show. Reply with only the name, nothing else.",0.5833,<long> -> bench,0.5833,spongebob squarepants -> real,0.5267,futurama -> bench,60,75,0.0,0.167,0.1,60,90,17,0.0,0.073,8.9,spongebob squarepants,0.75,3,2.08,2.58,0.815,"spongebob squarepants 83%, family guy 3%","spongebob squarepants 67%, <long> 17%",0.5817,0.203,0.892
r8_0377_snack,"Name a snack. Reply with only the name, nothing else.",0.5833,<long> -> bench,0.5778,popcorn -> real,0.58,apple -> bench,60,75,0.0,0.167,0.1,60,90,55,0.0,0.087,5.9,apple,0.6,6,3.66,25.11,0.222,"popcorn 23%, apple 13%","apple 24%, <long> 17%",0.6017,0.368,0.811
r8_1065_culinary_mushroom,"Name a culinary mushroom. Reply with only the name, nothing else.",0.5806,<long> -> bench,0.5722,shiitake -> real,0.5703,portobello -> bench,59,74,0.017,0.178,0.113,60,90,22,0.0,0.107,7.1,portobello,0.2,9,7.71,7.16,0.451,"portobello 37%, shiitake 23%","portobello 42%, <long> 18%",0.6108,0.225,0.992
r8_0516_art_movement,"Name a type of art movement. Reply with only the name, nothing else.",0.5806,<long> -> bench,0.5417,impressionism -> real,0.5307,cubism -> real,59,74,0.017,0.178,0.113,60,90,13,0.0,0.1,7.2,impressionism,0.95,2,1.22,2.66,0.752,"impressionism 72%, cubism 17%","impressionism 63%, <long> 18%",0.5969,0.232,1.087
r8_1607_memorial,"Name a memorial. Reply with only the name, nothing else.",0.5806,<long> -> bench,0.5611,mount rushmore -> real,0.5615,mount rushmore -> real,55,68,0.083,0.244,0.18,60,90,93,0.0,0.107,7.4,vietnam veterans memorial,0.35,13,9.44,72.25,0.114,"mount rushmore 17%, <long> 8%","<long> 24%, mount rushmore 4%",0.5842,0.528,0.748
r8_1998_nipple,"Name a nipple. Reply with only the name, nothing else.",0.5806,<long> -> real,0.5722,nipple -> bench,0.5985,nipple -> bench,17,40,0.717,0.556,0.62,60,90,30,0.0,0.393,18.0,nipple,0.6,3,2.28,10.82,0.491,"<long> 72%, nipple 10%","<long> 56%, nipple 24%",0.6425,0.251,0.649
r8_0083_wild_animal,"Name a wild animal. Reply with only the name, nothing else.",0.5778,<long> -> bench,0.5639,lion -> bench,0.5987,lion -> bench,60,76,0.0,0.156,0.093,60,90,41,0.0,0.073,5.7,lion,0.75,5,2.45,15.67,0.36,"lion 25%, lynx 10%","lion 38%, <long> 16%",0.5994,0.347,0.894
r8_1196_alphabet_other_than_en,"Name an alphabet other than english. Reply with only the name, nothing else.",0.5778,<long> -> bench,0.5722,greek -> real,0.5333,greek -> real,60,76,0.0,0.156,0.093,60,90,48,0.0,0.093,5.4,greek,0.55,5,3.53,11.37,0.529,"greek 57%, binary 3%","greek 42%, <long> 16%",0.6025,0.339,0.55
r8_1386_historical_figure,"Name a historical figure. Reply with only the name, nothing else.",0.5778,<long> -> bench,0.55,albert einstein -> bench,0.5838,albert einstein -> bench,60,76,0.0,0.156,0.093,60,90,42,0.0,0.087,6.1,albert einstein,0.3,8,5.92,14.74,0.36,"albert einstein 27%, leonardo da vinci 13%","albert einstein 37%, <long> 16%",0.6042,0.492,0.849
r8_1561_cheese_hard,"Name a cheese hard. Reply with only the name, nothing else.",0.5778,<long> -> bench,0.5611,parmesan -> real,0.5816,cheddar -> bench,60,76,0.0,0.156,0.093,60,90,34,0.0,0.087,6.0,cheddar,0.75,2,1.75,9.26,0.441,"cheddar 35%, parmesan 20%","cheddar 43%, <long> 16%",0.5914,0.253,0.75
r8_0111_writing_instrument,"Name a type of writing instrument. Reply with only the name, nothing else.",0.5778,pen -> real,0.5778,pen -> real,0.5708,pencil -> bench,60,77,0.0,0.144,0.087,60,90,16,0.0,0.067,4.9,pen,0.5,4,2.75,3.81,0.482,"pen 53%, pencil 30%","pencil 38%, pen 38%",0.5944,0.134,0.824
r8_0340_mythical_place,"Name a mythical place. Reply with only the name, nothing else.",0.5778,<long> -> bench,0.575,avalon -> real,0.5689,avalon -> real,60,76,0.0,0.156,0.093,60,90,49,0.0,0.08,6.3,atlantis,0.65,5,3.07,20.72,0.243,"atlantis 25%, avalon 22%","atlantis 20%, <long> 16%",0.5981,0.219,0.794
r8_0858_social_media_platform,"Name a social media platform. Reply with only the name, nothing else.",0.5778,x -> real,0.5778,x -> real,0.6015,twitter -> bench,60,79,0.0,0.122,0.073,60,90,10,0.0,0.067,4.1,twitter,0.55,3,2.33,3.72,0.482,"twitter 37%, x 37%","twitter 50%, x 21%",0.5839,0.065,0.805
r8_0052_soft_drink,"Name a soft drink. Reply with only the name, nothing else.",0.5778,<long> -> bench,0.5528,coca-cola -> real,0.5268,coke -> bench,60,76,0.0,0.156,0.093,60,90,10,0.0,0.087,5.9,coke,0.45,4,2.77,3.39,0.463,"coke 43%, coca-cola 42%","coke 41%, coca-cola 31%",0.5775,0.137,0.794
r8_1055_social_media_platform,"Name a social media platform. Reply with only the name, nothing else.",0.5778,<long> -> bench,0.5528,x -> real,0.5711,twitter -> bench,60,76,0.0,0.156,0.093,60,90,10,0.0,0.093,5.0,twitter,0.65,4,2.67,3.99,0.529,"twitter 45%, x 22%","twitter 50%, facebook 20%",0.5833,0.054,0.808
r8_1645_sacred_text,"Name a sacred text. Reply with only the name, nothing else.",0.5778,<long> -> bench,0.5472,bible -> real,0.5193,bible -> bench,60,76,0.0,0.156,0.093,60,90,17,0.0,0.087,5.7,bible,0.85,3,1.68,2.36,0.838,"bible 82%, quran 5%","bible 72%, <long> 16%",0.5903,0.149,0.824
r8_0185_cracker,"Name a cracker. Reply with only the name, nothing else.",0.575,<long> -> bench,0.525,kevin mitnick -> real,0.5303,cracker -> bench,53,66,0.117,0.267,0.207,60,90,91,0.0,0.18,9.1,ritz,0.45,9,5.89,74.2,0.084,"<long> 12%, ritz 7%","<long> 27%, ritz 7%",0.5942,0.516,0.482
r8_0671_fictional_city,"Name a fictional city. Reply with only the name, nothing else.",0.575,oakhaven -> real,0.575,oakhaven -> real,0.5734,oakhaven -> real,60,82,0.0,0.089,0.053,60,90,90,0.0,0.053,5.0,neo veridia,0.15,13,11.38,65.24,0.099,"oakhaven 18%, neoveridia 8%","paris 9%, <long> 9%",0.5767,0.596,1.025
r8_1199_waffle,"Name a waffle. Reply with only the name, nothing else.",0.575,<long> -> bench,0.5417,maple -> real,0.5424,maple -> real,59,75,0.017,0.167,0.107,60,90,82,0.0,0.073,6.0,belgian,0.9,2,1.38,36.84,0.299,"belgian 28%, maple 8%","belgian 26%, <long> 17%",0.5794,0.455,0.933
r8_0378_number,"Name a number. Reply with only the name, nothing else.",0.575,<long> -> bench,0.525,42 -> real,0.5244,seven -> bench,59,75,0.017,0.167,0.107,60,90,42,0.0,0.087,5.1,seven,0.65,7,3.52,17.61,0.299,"seven 27%, 1 8%","seven 27%, <long> 17%",0.5797,0.28,0.608
r8_0039_ancient_civilization,"Name an ancient civilization. Reply with only the name, nothing else.",0.5722,<long> -> bench,0.525,mesopotamia -> real,0.5284,egypt -> bench,60,77,0.0,0.144,0.087,60,90,22,0.0,0.08,5.1,ancient egypt,0.45,5,3.24,4.92,0.599,"egypt 57%, ancient egypt 12%","egypt 53%, <long> 14%",0.5867,0.212,0.726
r8_0577_celebration,"Name a celebration. Reply with only the name, nothing else.",0.5722,<long> -> bench,0.5528,birthday -> real,0.5518,birthday -> real,60,77,0.0,0.144,0.087,60,90,77,0.0,0.08,5.6,christmas,0.7,6,2.94,43.78,0.153,"christmas 13%, birthday 12%","<long> 14%, christmas 14%",0.5942,0.546,0.795
r8_1684_fictional_country,"Name a fictional country. Reply with only the name, nothing else.",0.5722,<long> -> bench,0.5667,eldoria -> real,0.5667,eldoria -> real,60,77,0.0,0.144,0.087,60,90,108,0.0,0.073,6.4,narnia,0.2,14,11.99,89.33,0.058,"eldoria 13%, zorbia 7%","<long> 14%, narnia 7%",0.5958,0.438,1.089
r8_0813_japanese_food,"Name a japanese food. Reply with only the name, nothing else.",0.5722,<long> -> bench,0.55,ramen -> bench,0.5641,ramen -> bench,60,77,0.0,0.144,0.087,60,90,17,0.0,0.073,5.3,sushi,0.9,2,1.38,2.85,0.745,"sushi 73%, ramen 7%","sushi 64%, ramen 17%",0.61,0.208,0.507
r8_0762_emotional_state,"Name an emotional state. Reply with only the name, nothing else.",0.5722,<long> -> bench,0.5417,nostalgia -> real,0.5417,nostalgia -> real,60,77,0.0,0.144,0.087,60,90,47,0.0,0.08,5.3,joy,0.6,5,3.01,19.6,0.314,"joy 32%, anxiety 12%","joy 27%, <long> 14%",0.59,0.452,0.826
r8_1707_equestrian_sport,"Name an equestrian sport. Reply with only the name, nothing else.",0.5694,<long> -> bench,0.5611,polo -> real,0.5501,polo -> real,59,76,0.017,0.156,0.1,60,90,23,0.0,0.093,6.4,dressage,0.5,3,2.35,8.77,0.281,"polo 27%, show jumping 23%","show jumping 27%, <long> 16%",0.5892,0.134,0.876
r8_1430_physical_sensation,"Name a physical sensation. Reply with only the name, nothing else.",0.5694,tickle -> real,0.5694,tickle -> real,0.5661,tickle -> real,57,73,0.05,0.189,0.133,60,90,51,0.0,0.113,6.7,warmth,0.25,7,6.08,28.87,0.154,"tickle 22%, cold 12%","<long> 19%, pain 8%",0.6006,0.356,0.801
r8_0027_state_of_matter,"Name a state of matter. Reply with only the name, nothing else.",0.5694,plasma -> real,0.5694,plasma -> real,0.5455,plasma -> real,60,79,0.0,0.122,0.073,60,90,17,0.0,0.067,4.6,solid,0.75,4,2.23,5.8,0.432,"plasma 48%, solid 18%","plasma 34%, solid 16%",0.6147,0.252,0.731
r8_1265_thread,"Name a thread. Reply with only the name, nothing else.",0.5694,<long> -> bench,0.5194,thread -> real,0.5293,main -> bench,51,64,0.15,0.289,0.233,60,90,105,0.0,0.153,9.1,python,0.1,18,17.41,95.82,0.052,"<long> 15%, thread 5%","<long> 29%, main 6%",0.6006,0.695,0.777
r8_1283_hinge,"Name a hinge. Reply with only the name, nothing else.",0.5667,<long> -> bench,0.5278,hinge -> real,0.5208,pin -> bench,56,72,0.067,0.2,0.147,60,90,83,0.0,0.127,7.0,butterfly,0.3,13,10.17,41.38,0.273,"hinge 27%, <long> 7%","hinge 21%, <long> 20%",0.6208,0.537,0.646
r8_0176_letter_of_the_alphabet,"Name a letter of the alphabet. Reply with only the name, nothing else.",0.5667,alpha -> bench,0.5667,alpha -> bench,0.5779,alpha -> bench,60,83,0.0,0.078,0.047,60,90,23,0.0,0.033,3.3,a,0.65,5,2.86,7.03,0.434,"a 47%, b 13%","a 38%, alpha 27%",0.5892,0.249,0.678
r8_1753_bottled_water_brand,"Name a bottled water brand. Reply with only the name, nothing else.",0.5667,<long> -> bench,0.55,dasani -> real,0.5474,dasani -> real,60,78,0.0,0.133,0.08,60,90,30,0.0,0.08,6.1,aquafina,0.4,8,5.6,9.58,0.37,"aquafina 35%, evian 20%","aquafina 33%, evian 17%",0.5872,0.268,0.873
r8_0816_major_ocean,"Name a major ocean. Reply with only the name, nothing else.",0.5667,<long> -> bench,0.5472,pacific -> real,0.5205,atlantic -> bench,60,78,0.0,0.133,0.08,60,90,7,0.0,0.073,4.4,pacific,0.65,3,2.21,2.82,0.572,"pacific 58%, atlantic 27%","pacific 49%, atlantic 27%",0.6103,0.088,0.806
r8_0420_seasoning_or_spice,"Name a seasoning or spice. Reply with only the name, nothing else.",0.5667,paprika -> real,0.5667,paprika -> real,0.5595,cinnamon -> real,59,79,0.017,0.122,0.08,60,90,20,0.0,0.06,5.1,cinnamon,0.45,6,4.46,7.14,0.384,"paprika 43%, cinnamon 22%","paprika 30%, cumin 20%",0.6264,0.252,1.073
r8_0437_south_american_country,"Name a south american country. Reply with only the name, nothing else.",0.5667,brazil -> real,0.5667,brazil -> real,0.5329,brazil -> real,60,83,0.0,0.078,0.047,60,90,10,0.0,0.047,3.5,brazil,1.0,1,1.0,1.71,0.895,"brazil 93%, argentina 3%","brazil 80%, <long> 8%",0.5678,0.13,0.815
r8_0518_toiletry,"Name a toiletry. Reply with only the name, nothing else.",0.5667,<long> -> bench,0.55,toothbrush -> real,0.5423,toothbrush -> real,60,78,0.0,0.133,0.08,60,90,37,0.0,0.073,5.5,shampoo,0.85,2,1.53,11.68,0.333,"shampoo 33%, toothbrush 20%","shampoo 29%, soap 16%",0.5872,0.311,0.809
r8_0983_pear,"Name a pear. Reply with only the name, nothing else.",0.5667,<long> -> bench,0.5361,bartlett -> real,0.5359,bart -> bench,60,78,0.0,0.133,0.08,60,90,34,0.0,0.073,5.2,bartlett,0.8,3,1.85,9.9,0.319,"pear 32%, bartlett 25%","pear 28%, bartlett 18%",0.6169,0.257,0.773
r8_1115_laughter,"Name a laughter. Reply with only the name, nothing else.",0.5639,<long> -> bench,0.5361,guffaw -> real,0.5344,guffaw -> real,57,74,0.05,0.178,0.127,60,90,81,0.0,0.107,6.7,ha,0.3,8,6.54,52.65,0.13,"giggle 13%, guffaw 12%","<long> 18%, giggle 10%",0.5972,0.484,0.886
r8_0465_coffee_chain,"Name a coffee chain. Reply with only the name, nothing else.",0.5639,starbucks -> real,0.5639,starbucks -> real,0.5164,starbucks -> real,60,81,0.0,0.1,0.06,60,90,6,0.0,0.053,4.9,starbucks,0.95,2,1.22,1.22,0.965,"starbucks 98%, スタバ 2%","starbucks 86%, <long> 10%",0.5419,0.073,0.788
r8_0534_fairy,"Name a fairy. Reply with only the name, nothing else.",0.5611,<long> -> bench,0.5417,tinkerbell -> real,0.5254,tinkerbell -> real,60,79,0.0,0.122,0.073,60,90,65,0.0,0.073,6.1,tinkerbell,0.8,3,1.85,30.14,0.288,"tinkerbell 32%, rapunzel 5%","tinkerbell 23%, <long> 12%",0.59,0.329,0.756
r8_0356_norse_god,"Name a norse god. Reply with only the name, nothing else.",0.5611,<long> -> bench,0.5556,thor -> real,0.5447,thor -> real,60,79,0.0,0.122,0.073,60,90,15,0.0,0.067,4.9,odin,0.95,2,1.22,2.99,0.676,"odin 68%, thor 27%","odin 59%, thor 16%",0.6014,0.122,0.752
r8_0138_fictional_place,"Name a fictional place. Reply with only the name, nothing else.",0.5583,middle-earth -> bench,0.5583,middle-earth -> bench,0.5631,middle-earth -> bench,60,84,0.0,0.067,0.04,60,90,94,0.0,0.027,4.9,narnia,0.7,2,1.84,62.65,0.09,"oakhaven 10%, eldoria 7%","middle-earth 13%, narnia 12%",0.5914,0.429,0.935
r8_0863_onomatopoeia,"Name an onomatopoeia. Reply with only the name, nothing else.",0.5583,<long> -> bench,0.5556,boom -> real,0.5527,boom -> real,59,78,0.017,0.133,0.087,60,90,47,0.0,0.08,5.1,boom,0.5,6,4.06,22.88,0.219,"buzz 20%, boom 17%","buzz 20%, <long> 13%",0.5856,0.464,1.008
r8_0683_loud_noise,"Name a loud noise. Reply with only the name, nothing else.",0.5583,thunder -> real,0.5583,thunder -> real,0.5515,thunder -> real,60,85,0.0,0.056,0.033,60,90,60,0.0,0.02,3.8,thunder,0.45,8,5.26,25.82,0.29,"thunder 35%, explosion 8%","thunder 23%, siren 8%",0.5844,0.453,0.772
r8_0632_european_capital,"Name an european capital. Reply with only the name, nothing else.",0.5556,<long> -> bench,0.5194,berlin -> real,0.5396,paris -> bench,60,80,0.0,0.111,0.067,60,90,13,0.0,0.053,4.0,paris,0.5,5,3.59,4.66,0.429,"paris 38%, berlin 28%","paris 41%, berlin 24%",0.5797,0.178,0.775
r8s_1327_imprisonment,"Suggest a type of imprisonment. Reply with only the name, nothing else.",0.5556,<long> -> bench,0.5278,solitary confinement -> real,0.5715,life imprisonment -> bench,32,38,0.467,0.578,0.533,60,90,38,0.0,0.407,17.1,life imprisonment,0.35,5,3.95,19.29,0.214,"<long> 47%, solitary confinement 13%","<long> 58%, life imprisonment 10%",0.6039,0.359,0.726
r8_0130_fast_food_chain,"Name a fast food chain. Reply with only the name, nothing else.",0.5528,<long> -> bench,0.5472,mcdonalds -> real,0.5277,burger king -> real,59,79,0.017,0.122,0.08,60,90,13,0.0,0.067,6.0,mcdonalds,1.0,1,1.0,2.18,0.826,"mcdonalds 82%, burger king 12%","mcdonalds 72%, <long> 12%",0.5656,0.211,0.773
r8_1291_british_novelist,"Name a british novelist. Reply with only the name, nothing else.",0.55,<long> -> bench,0.5361,george orwell -> real,0.5426,agatha christie -> bench,60,81,0.0,0.1,0.06,60,90,32,0.0,0.06,5.3,charles dickens,0.5,8,5.0,7.18,0.525,"charles dickens 53%, agatha christie 10%","charles dickens 47%, agatha christie 17%",0.5906,0.312,0.84
r8_1382_fictional_city,"Name a fictional city. Reply with only the name, nothing else.",0.55,aethelgard -> real,0.55,aethelgard -> real,0.55,aethelgard -> real,60,82,0.0,0.089,0.053,60,90,100,0.0,0.053,5.1,gotham,0.1,19,18.66,78.32,0.056,"aethelgard 10%, oakhaven 7%","<long> 9%, sydney 8%",0.585,0.566,1.018
r8_0267_poison,"Name a poison. Reply with only the name, nothing else.",0.5472,poison -> bench,0.5472,poison -> bench,0.5734,poison -> bench,44,59,0.267,0.344,0.313,60,90,50,0.0,0.273,12.1,arsenic,0.7,5,2.67,18.64,0.33,"<long> 27%, arsenic 18%","<long> 34%, arsenic 26%",0.5994,0.392,0.911
r8_0970_capital_city,"Name a capital city. Reply with only the name, nothing else.",0.5444,<long> -> bench,0.5333,london -> real,0.5189,tokyo -> real,60,82,0.0,0.089,0.053,60,90,15,0.0,0.04,3.7,paris,0.75,2,1.75,3.68,0.486,"paris 48%, london 40%","paris 44%, london 33%",0.5819,0.117,0.705
r8_1628_tomb,"Name a tomb. Reply with only the name, nothing else.",0.5389,<long> -> bench,0.5167,tomba -> real,0.5282,tomb -> bench,50,68,0.167,0.244,0.213,60,90,68,0.0,0.14,8.4,taj mahal,0.3,11,8.63,34.72,0.153,"<long> 17%, tomb 10%","<long> 24%, tomb 13%",0.59,0.432,0.852
r8_0663_reality_tv_show,"Name a reality tv show. Reply with only the name, nothing else.",0.5389,love island -> real,0.5389,love island -> real,0.5545,love island -> real,42,59,0.3,0.344,0.327,60,90,26,0.0,0.153,8.6,survivor,0.9,2,1.38,8.09,0.465,"survivor 32%, <long> 30%","<long> 34%, survivor 31%",0.5969,0.205,1.0
