probe_id,text,acc,rule,acc_content,rule_content,acc_short,rule_short,n_real_short,n_eval_short,long_real,long_eval,long_share,n_real,n_eval,n_distinct,unparsed_share,maxlen_share,mean_out_tokens,none_default,none_default_share,none_distinct,k_none,k_context,ctx_top_share,top_real,top_eval,exp_acc,p_other,g_rms_top
r8_0809_shot,"Name a shot. Reply with only the name, nothing else.",0.7556,<long> -> bench,0.5889,old fashioned -> real,0.5404,old fashioned -> real,58,41,0.033,0.544,0.34,60,90,65,0.0,0.293,12.9,old fashioned,0.3,11,8.26,37.04,0.242,"old fashioned 27%, close-up 5%","<long> 54%, old fashioned 9%",0.6867,0.418,0.727
r8s_0805_cooking_vessel,"Suggest a type of cooking vessel. Reply with only the name, nothing else.",0.7472,dutch oven -> real,0.7472,dutch oven -> real,0.6639,dutch oven -> real,60,63,0.0,0.3,0.18,60,90,12,0.0,0.18,8.8,dutch oven,0.9,2,1.38,3.08,0.715,"dutch oven 88%, pot 3%","dutch oven 39%, <long> 30%",0.7,0.163,0.967
r8s_0596_tool,"Suggest a type of tool. Reply with only the name, nothing else.",0.7444,<long> -> bench,0.5583,hammer -> bench,0.638,hammer -> bench,60,46,0.0,0.489,0.293,60,90,63,0.0,0.26,11.5,hammer,0.8,4,2.03,39.75,0.17,"screwdriver 5%, read 5%","<long> 49%, hammer 17%",0.6578,0.399,0.441
r8_0120_energy_source,"Name an energy source. Reply with only the name, nothing else.",0.7417,solar -> real,0.7417,solar -> real,0.6672,solar -> real,60,64,0.0,0.289,0.173,60,90,9,0.0,0.167,7.4,solar,0.85,3,1.68,2.93,0.677,"solar 85%, solar energy 8%","solar 37%, <long> 29%",0.6458,0.104,1.009
r8_1894_luxury_brand,"Name a luxury brand. Reply with only the name, nothing else.",0.7417,hermès -> real,0.7417,hermès -> real,0.6845,hermès -> real,60,63,0.0,0.3,0.18,60,90,10,0.0,0.18,8.8,hermès,0.6,5,3.32,3.95,0.561,"hermès 75%, rolex 10%","<long> 30%, hermès 27%",0.6306,0.366,1.04
r8_0571_steak,"Name a steak. Reply with only the name, nothing else.",0.7389,ribeye -> real,0.7389,ribeye -> real,0.621,ribeye -> real,60,62,0.0,0.311,0.187,60,90,9,0.0,0.187,8.6,ribeye,0.95,2,1.22,1.75,0.877,ribeye 100%,"ribeye 52%, <long> 31%",0.6667,0.141,1.049
r8_0479_sugar,"Name a sugar. Reply with only the name, nothing else.",0.7333,sucrose -> real,0.7333,sucrose -> real,0.6966,sucrose -> real,60,58,0.0,0.356,0.213,60,90,18,0.0,0.213,9.5,glucose,0.7,2,1.84,5.32,0.407,"sucrose 60%, glucose 22%","<long> 36%, glucose 31%",0.7247,0.179,0.917
r8_1772_raptor,"Name a raptor. Reply with only the name, nothing else.",0.7333,velociraptor -> real,0.7333,velociraptor -> real,0.665,velociraptor -> real,58,56,0.033,0.378,0.24,60,90,27,0.0,0.233,11.2,bald eagle,0.45,10,6.48,6.1,0.596,"velociraptor 73%, rex 8%","<long> 38%, velociraptor 27%",0.7333,0.203,0.803
r8_0621_cyclop,"Name a cyclop. Reply with only the name, nothing else.",0.7333,polyphemus -> real,0.7333,polyphemus -> real,0.6262,polyphemus -> real,60,63,0.0,0.3,0.18,60,90,19,0.0,0.18,9.1,polyphemus,1.0,1,1.0,2.44,0.837,"polyphemus 97%, brontes 2%","polyphemus 50%, <long> 30%",0.7556,0.146,0.871
r8s_1689_alga,"Suggest a type of alga. Reply with only the name, nothing else.",0.7333,spirulina -> real,0.7333,spirulina -> real,0.6647,spirulina -> real,60,67,0.0,0.256,0.153,60,90,13,0.0,0.153,8.4,spirulina,0.45,6,4.46,3.09,0.693,"spirulina 87%, chlorella 7%","spirulina 40%, <long> 26%",0.7206,0.162,1.023
r8_1603_archive,"Name an archive. Reply with only the name, nothing else.",0.725,<long> -> bench,0.5528,internet archive -> real,0.5418,library of congress -> bench,53,39,0.117,0.567,0.387,60,90,46,0.0,0.36,15.1,internet archive,0.75,5,2.45,22.93,0.25,"internet archive 22%, <long> 12%","<long> 57%, internet archive 11%",0.7081,0.325,0.477
r8_0703_filter,"Name a filter. Reply with only the name, nothing else.",0.725,<long> -> bench,0.5444,hepa -> bench,0.5889,hepa -> bench,57,45,0.05,0.5,0.32,60,90,76,0.0,0.28,12.5,blur,0.15,13,11.68,58.07,0.088,"blur 7%, <long> 5%","<long> 50%, hepa 9%",0.6603,0.401,0.537
r8_0292_public_building,"Name a type of public building. Reply with only the name, nothing else.",0.725,library -> real,0.725,library -> real,0.5963,library -> real,60,58,0.0,0.356,0.213,60,90,10,0.0,0.213,8.5,library,0.8,4,2.03,2.17,0.822,"library 92%, city hall 5%","library 47%, <long> 36%",0.6522,0.225,1.036
r8s_0145_coin,"Suggest a type of coin. Reply with only the name, nothing else.",0.7222,bitcoin -> real,0.7222,bitcoin -> real,0.7172,bitcoin -> real,60,62,0.0,0.311,0.187,60,90,12,0.0,0.18,7.9,quarter,0.35,11,8.01,4.77,0.328,"bitcoin 47%, penny 25%","<long> 31%, quarter 30%",0.6903,0.203,0.9
r8_0315_dye,"Name a dye. Reply with only the name, nothing else.",0.7222,indigo -> real,0.7222,indigo -> real,0.6859,indigo -> real,60,65,0.0,0.278,0.167,60,90,21,0.0,0.167,8.2,indigo,0.8,3,1.89,6.79,0.44,"indigo 63%, carmine 12%","<long> 28%, methylene blue 20%",0.6906,0.116,1.17
r8_0087_fuel,"Name a fuel. Reply with only the name, nothing else.",0.7222,gasoline -> real,0.7222,gasoline -> real,0.6463,gasoline -> real,60,59,0.0,0.344,0.207,60,90,16,0.0,0.193,8.9,gasoline,0.75,4,2.28,4.63,0.588,"gasoline 73%, diesel 10%","<long> 34%, gasoline 29%",0.6381,0.249,1.158
r8_1131_electronic_instrument,"Name a type of electronic instrument. Reply with only the name, nothing else.",0.7222,synthesizer -> real,0.7222,synthesizer -> real,0.6495,synthesizer -> real,60,62,0.0,0.311,0.187,60,90,14,0.0,0.18,9.3,synthesizer,0.75,3,1.99,3.79,0.615,"synthesizer 77%, theremin 10%","synthesizer 32%, <long> 31%",0.6986,0.193,0.894
r8_0811_beatles_album,"Name a beatles album. Reply with only the name, nothing else.",0.7194,abbey road -> real,0.7194,abbey road -> real,0.6198,abbey road -> real,57,53,0.05,0.411,0.267,60,90,6,0.0,0.18,9.6,abbey road,0.65,3,2.36,2.42,0.709,"abbey road 78%, rubber soul 10%","<long> 41%, abbey road 34%",0.6714,0.213,1.18
r8s_1084_glassware,"Suggest a type of glassware. Reply with only the name, nothing else.",0.7194,wine glass -> real,0.7194,wine glass -> real,0.6934,wine glass -> real,57,61,0.05,0.322,0.213,60,90,23,0.0,0.207,9.8,wine glass,0.75,5,2.45,6.14,0.449,"wine glass 62%, beaker 12%","<long> 32%, beaker 29%",0.7081,0.215,0.949
r8_1871_frame,"Name a frame. Reply with only the name, nothing else.",0.7194,<long> -> bench,0.5306,frame -> real,0.5326,titanic -> bench,57,46,0.05,0.489,0.313,60,90,89,0.0,0.28,12.6,golden frame,0.2,17,15.16,78.48,0.068,"frame 8%, <long> 5%","<long> 49%, titanic 3%",0.6717,0.482,0.427
r8s_0353_flower_shape,"Suggest a type of flower shape. Reply with only the name, nothing else.",0.7167,rose -> real,0.7167,rose -> real,0.6379,rose -> real,60,59,0.0,0.344,0.207,60,90,20,0.0,0.207,8.5,star,0.35,8,6.07,5.7,0.597,"rose 73%, rosette 5%","<long> 34%, rose 30%",0.7197,0.228,0.912
r8s_1592_route,"Suggest a type of route. Reply with only the name, nothing else.",0.7167,<long> -> bench,0.525,point-to-point -> real,0.5268,point-to-point -> real,56,45,0.067,0.5,0.327,60,90,62,0.0,0.313,12.8,circular route,0.15,13,11.68,44.32,0.089,"hiking 8%, scenic route 7%","<long> 50%, hiking trail 4%",0.6508,0.41,0.544
r8_1275_woodland_plant,"Name a woodland plant. Reply with only the name, nothing else.",0.7139,fern -> real,0.7139,fern -> real,0.6562,fern -> real,60,62,0.0,0.311,0.187,60,90,10,0.0,0.18,8.1,bluebell,0.55,6,3.95,4.07,0.525,"fern 68%, bluebell 12%","<long> 31%, bluebell 26%",0.6703,0.185,0.946
r8_0090_extinct_animal,"Name an extinct animal. Reply with only the name, nothing else.",0.7139,dodo -> real,0.7139,dodo -> real,0.644,dodo -> real,60,70,0.0,0.222,0.133,60,90,11,0.0,0.133,7.4,dodo,0.95,2,1.22,2.78,0.762,"dodo 92%, triceratops 2%","dodo 49%, <long> 22%",0.6414,0.2,1.094
r8_0865_furniture_style,"Name a furniture style. Reply with only the name, nothing else.",0.7111,mid-century modern -> real,0.7111,mid-century modern -> real,0.6128,mid-century modern -> real,60,65,0.0,0.278,0.167,60,90,11,0.0,0.167,9.3,mid-century modern,1.0,1,1.0,2.3,0.816,"mid-century modern 93%, art deco 3%","mid-century modern 51%, <long> 28%",0.6875,0.223,1.154
r8_1886_dolphin,"Name a dolphin. Reply with only the name, nothing else.",0.7111,flipper -> real,0.7111,flipper -> real,0.6736,flipper -> real,59,64,0.017,0.289,0.18,60,90,27,0.0,0.16,8.9,flipper,0.65,7,3.52,7.91,0.463,"flipper 63%, tursiops truncatus 5%","<long> 29%, bottlenose dolphin 22%",0.7508,0.138,1.039
r8_0661_flower_petal_count,"Name a flower petal count. Reply with only the name, nothing else.",0.7111,rose -> real,0.7111,rose -> real,0.6667,rose -> real,60,60,0.0,0.333,0.2,60,90,25,0.0,0.2,8.6,five,0.4,7,4.75,8.56,0.433,"rose 60%, daisy 7%","<long> 33%, rose 18%",0.6958,0.318,1.055
r8s_1716_cell_type,"Suggest a cell type. Reply with only the name, nothing else.",0.7111,<long> -> bench,0.5611,neuron -> real,0.5848,neuron -> bench,54,43,0.1,0.522,0.353,60,90,38,0.0,0.333,13.3,neuron,1.0,1,1.0,9.42,0.557,"neuron 43%, <long> 10%","<long> 52%, neuron 31%",0.6608,0.277,0.698
r8s_0113_seed,"Suggest a type of seed. Reply with only the name, nothing else.",0.7111,<long> -> bench,0.5417,quinoa -> real,0.5878,sunflower -> bench,60,52,0.0,0.422,0.253,60,90,50,0.0,0.247,10.5,sunflower,0.55,8,4.66,19.07,0.348,"sunflower 27%, tomato 10%","<long> 42%, sunflower 26%",0.67,0.364,1.146
r8_0371_fermented_food,"Name a fermented food. Reply with only the name, nothing else.",0.7083,kimchi -> real,0.7083,kimchi -> real,0.6298,kimchi -> real,60,63,0.0,0.3,0.18,60,90,12,0.0,0.18,8.7,kimchi,0.7,3,2.11,3.25,0.65,"kimchi 78%, yogurt 12%","kimchi 37%, <long> 30%",0.6928,0.106,1.23
r8_0715_sour_candy,"Name a sour candy. Reply with only the name, nothing else.",0.7083,warheads -> real,0.7083,warheads -> real,0.6405,warheads -> real,59,64,0.017,0.289,0.18,60,90,13,0.0,0.173,8.6,warheads,0.6,2,1.96,2.86,0.65,"warheads 78%, sour patch kids 15%","warheads 37%, <long> 29%",0.6939,0.126,0.966
r8_1623_rubber_product,"Name a rubber product. Reply with only the name, nothing else.",0.7083,eraser -> real,0.7083,eraser -> real,0.5816,eraser -> real,60,61,0.0,0.322,0.193,60,90,7,0.0,0.193,8.7,eraser,0.75,3,1.99,1.76,0.868,"eraser 95%, rubber band 2%","eraser 53%, <long> 32%",0.6878,0.12,0.92
r8_0435_dog_breed,"Name a dog breed. Reply with only the name, nothing else.",0.7083,golden retriever -> real,0.7083,golden retriever -> real,0.6235,golden retriever -> real,60,66,0.0,0.267,0.16,60,90,10,0.0,0.16,9.3,golden retriever,0.8,3,1.89,2.47,0.754,"golden retriever 88%, labrador retriever 8%","golden retriever 47%, <long> 27%",0.6839,0.275,1.162
r8_0913_plant_category,"Name a plant category. Reply with only the name, nothing else.",0.7083,succulents -> real,0.7083,succulents -> real,0.6745,succulents -> real,60,64,0.0,0.289,0.173,60,90,38,0.0,0.167,8.8,ferns,0.25,10,7.79,12.89,0.403,"succulents 58%, ferns 13%","<long> 29%, succulents 17%",0.6769,0.246,1.086
r8s_0448_explorer,"Suggest a type of explorer. Reply with only the name, nothing else.",0.7083,<long> -> bench,0.5278,deep-sea explorer -> real,0.5466,polar explorer -> bench,57,48,0.05,0.467,0.3,60,90,62,0.0,0.267,12.0,cartographer,0.3,8,5.94,42.93,0.095,"deep-sea explorer 7%, astronomer 5%","<long> 47%, polar explorer 8%",0.6392,0.46,0.524
r8s_0481_sandwich_bread,"Suggest a type of sandwich bread. Reply with only the name, nothing else.",0.7083,sourdough -> real,0.7083,sourdough -> real,0.6053,sourdough -> real,60,66,0.0,0.267,0.16,60,90,8,0.0,0.153,8.3,sourdough,0.95,2,1.22,1.81,0.873,"sourdough 98%, rye 2%","sourdough 57%, <long> 27%",0.6758,0.099,1.102
r8_1299_pressure,"Name a pressure. Reply with only the name, nothing else.",0.7083,<long> -> bench,0.5889,atmospheric pressure -> real,0.6283,pascal -> bench,59,51,0.017,0.433,0.267,60,90,33,0.0,0.233,10.8,atmospheric pressure,0.55,5,3.44,11.69,0.309,"atmospheric pressure 33%, pascal 13%","<long> 43%, pascal 22%",0.6408,0.269,0.762
r8_1380_ungulate,"Name an ungulate. Reply with only the name, nothing else.",0.7056,deer -> real,0.7056,deer -> real,0.6333,deer -> real,60,64,0.0,0.289,0.173,60,90,18,0.0,0.173,8.0,deer,0.8,4,2.03,4.51,0.629,"deer 77%, cow 5%","deer 36%, <long> 29%",0.6861,0.226,0.928
r8_1204_fast_food,"Name a fast food. Reply with only the name, nothing else.",0.7056,mcdonalds -> real,0.7056,mcdonalds -> real,0.6008,mcdonalds -> real,60,63,0.0,0.3,0.18,60,90,10,0.0,0.173,9.0,mcdonalds,0.75,4,2.23,2.17,0.797,"mcdonalds 90%, burger king 10%","mcdonalds 49%, <long> 30%",0.6428,0.195,1.087
r8_0694_exercise,"Name an exercise. Reply with only the name, nothing else.",0.7056,<long> -> bench,0.5917,squats -> real,0.5684,squats -> real,60,53,0.0,0.411,0.247,60,90,29,0.0,0.22,10.2,squat,0.5,4,3.21,12.79,0.23,"squats 25%, squat 18%","<long> 41%, squat 17%",0.6689,0.236,0.965
r8s_0921_taste_sensation,"Suggest a type of taste sensation. Reply with only the name, nothing else.",0.7056,umami -> real,0.7056,umami -> real,0.7181,sweet -> bench,60,68,0.0,0.244,0.147,60,90,9,0.0,0.147,6.7,umami,0.45,3,2.75,2.72,0.648,"umami 47%, sweet 42%","sweet 64%, <long> 24%",0.6894,0.134,1.408
r8_0868_road_feature,"Name a type of road feature. Reply with only the name, nothing else.",0.7056,roundabout -> real,0.7056,roundabout -> real,0.6052,roundabout -> real,60,61,0.0,0.322,0.193,60,90,16,0.0,0.193,8.9,roundabout,0.6,6,3.41,3.37,0.727,"roundabout 83%, stop sign 3%","roundabout 42%, <long> 32%",0.6886,0.233,0.931
r8_0654_place_marker,"Name a place marker. Reply with only the name, nothing else.",0.7056,<long> -> bench,0.5333,eiffel tower -> real,0.525,placeholder -> real,60,53,0.0,0.411,0.247,60,90,84,0.0,0.227,10.8,pin,0.15,16,14.77,64.93,0.124,"eiffel tower 13%, placeholder 5%","<long> 41%, eiffel tower 7%",0.6708,0.546,0.427
r8_1530_level,"Name a level. Reply with only the name, nothing else.",0.7056,<long> -> bench,0.5167,silver -> real,0.5388,level 1 -> bench,56,47,0.067,0.478,0.313,60,90,76,0.0,0.287,12.2,wiki,0.05,20,20.0,58.89,0.107,"level 1 7%, <long> 7%","<long> 48%, level 1 8%",0.6314,0.529,0.724
r8_1434_needle,"Name a needle. Reply with only the name, nothing else.",0.7028,<long> -> bench,0.5472,hypodermic -> real,0.5989,hypodermic needle -> bench,53,43,0.117,0.522,0.36,60,90,56,0.0,0.273,13.6,hypodermic needle,0.4,10,6.89,29.33,0.24,"hypodermic needle 13%, <long> 12%","<long> 52%, hypodermic needle 17%",0.6603,0.375,0.5
r8_1091_bread_loaf,"Name a bread loaf. Reply with only the name, nothing else.",0.7028,sourdough -> real,0.7028,sourdough -> real,0.5526,sourdough -> real,60,58,0.0,0.356,0.213,60,90,7,0.0,0.207,9.9,sourdough,0.9,3,1.48,1.55,0.898,"sourdough 95%, baguette 3%","sourdough 54%, <long> 36%",0.6836,0.119,1.131
r8s_1046_tisane,"Suggest a type of tisane. Reply with only the name, nothing else.",0.7028,chamomile -> real,0.7028,chamomile -> real,0.6004,chamomile -> real,60,63,0.0,0.3,0.18,60,90,9,0.0,0.173,9.8,chamomile,0.7,4,2.39,2.16,0.78,"chamomile 88%, peppermint 10%","chamomile 48%, <long> 30%",0.6314,0.178,1.078
r8_0950_type_of_wine_variety,"Name a type of wine variety. Reply with only the name, nothing else.",0.7028,cabernet sauvignon -> real,0.7028,cabernet sauvignon -> real,0.6597,cabernet sauvignon -> real,60,72,0.0,0.2,0.12,60,90,5,0.0,0.12,8.1,cabernet sauvignon,0.85,2,1.53,2.87,0.576,"cabernet sauvignon 75%, chardonnay 17%","cabernet sauvignon 34%, chardonnay 24%",0.6486,0.341,1.099
r8_0471_tooth,"Name a tooth. Reply with only the name, nothing else.",0.7028,molar -> real,0.7028,molar -> real,0.5933,molar -> real,60,63,0.0,0.3,0.18,60,90,8,0.0,0.18,8.3,molar,1.0,1,1.0,1.92,0.821,"molar 92%, incisor 8%","molar 51%, <long> 30%",0.6511,0.174,1.079
r8_0765_fish_habitat_saltwater,"Name a fish habitat saltwater. Reply with only the name, nothing else.",0.7028,coral reef -> real,0.7028,coral reef -> real,0.5734,coral reef -> real,60,61,0.0,0.322,0.193,60,90,5,0.0,0.18,9.1,coral reef,0.9,3,1.48,1.57,0.876,"coral reef 95%, reef 5%","coral reef 54%, <long> 32%",0.6422,0.197,1.012
r8_0557_lipid,"Name a lipid. Reply with only the name, nothing else.",0.7028,cholesterol -> real,0.7028,cholesterol -> real,0.6004,cholesterol -> real,60,63,0.0,0.3,0.18,60,90,8,0.0,0.18,9.1,cholesterol,0.85,2,1.53,2.31,0.78,"cholesterol 88%, phosphatidylcholine 5%","cholesterol 48%, <long> 30%",0.645,0.122,0.901
r8_0663_reality_tv_show,"Name a reality tv show. Reply with only the name, nothing else.",0.7028,survivor -> real,0.7028,survivor -> real,0.6452,survivor -> real,53,57,0.117,0.367,0.267,60,90,11,0.0,0.14,7.6,survivor,0.95,2,1.22,2.7,0.736,"survivor 78%, <long> 12%","survivor 38%, <long> 37%",0.6028,0.387,1.014
r8_0522_syrup,"Name a syrup. Reply with only the name, nothing else.",0.7028,maple -> real,0.7028,maple -> real,0.6667,maple -> real,60,60,0.0,0.333,0.2,60,90,20,0.0,0.2,9.4,maple syrup,0.6,2,1.96,4.39,0.45,"maple 55%, maple syrup 30%","maple syrup 40%, <long> 33%",0.6625,0.166,1.063
r8_0232_ocean,"Name an ocean. Reply with only the name, nothing else.",0.7028,pacific ocean -> real,0.7028,pacific ocean -> real,0.6558,pacific ocean -> real,60,65,0.0,0.278,0.167,60,90,7,0.0,0.167,7.5,pacific ocean,0.95,2,1.22,2.8,0.488,"pacific ocean 65%, pacific 30%","pacific 39%, <long> 28%",0.6364,0.101,1.108
r8s_1443_notebook_binding,"Suggest a type of notebook binding. Reply with only the name, nothing else.",0.7028,<long> -> bench,0.5722,spiral binding -> real,0.5297,spiral binding -> bench,59,52,0.017,0.422,0.26,60,90,30,0.0,0.247,11.6,saddle stitch,0.3,8,6.65,8.6,0.468,"spiral binding 43%, spiral 17%","<long> 42%, spiral binding 29%",0.6556,0.136,0.779
r8_0980_bus_type,"Name a bus type. Reply with only the name, nothing else.",0.7,<long> -> bench,0.5472,school bus -> real,0.5296,coach -> real,60,54,0.0,0.4,0.24,60,90,31,0.0,0.24,10.3,coach,0.3,6,5.4,13.6,0.254,"school bus 25%, city bus 15%","<long> 40%, school bus 16%",0.6331,0.201,0.848
r8s_1356_neighborhood_feature,"Suggest a type of neighborhood feature. Reply with only the name, nothing else.",0.7,community garden -> real,0.7,community garden -> real,0.6356,community garden -> real,60,58,0.0,0.356,0.213,60,90,19,0.0,0.213,9.2,community garden,0.55,5,3.12,6.07,0.5,"community garden 63%, park 8%","<long> 36%, community garden 23%",0.685,0.194,0.838
r8_0388_donut,"Name a donut. Reply with only the name, nothing else.",0.7,<long> -> bench,0.6694,glazed -> real,0.5565,krispy kreme -> bench,60,54,0.0,0.4,0.24,60,90,21,0.0,0.233,10.3,glazed,0.85,2,1.53,4.61,0.632,"glazed 68%, boston cream 13%","<long> 40%, glazed 34%",0.6747,0.163,1.007
r8s_0479_sugar,"Suggest a type of sugar. Reply with only the name, nothing else.",0.7,<long> -> bench,0.6472,cane sugar -> real,0.6176,cane sugar -> real,60,54,0.0,0.4,0.24,60,90,18,0.0,0.233,10.3,cane sugar,0.4,7,4.75,7.5,0.272,"cane sugar 38%, brown sugar 22%","<long> 40%, brown sugar 17%",0.6564,0.212,1.012
r8s_1691_alcohol,"Suggest a type of alcohol. Reply with only the name, nothing else.",0.7,whiskey -> real,0.7,whiskey -> real,0.66,whiskey -> real,60,67,0.0,0.256,0.153,60,90,14,0.0,0.147,7.5,whiskey,0.6,3,2.55,5.01,0.465,"whiskey 63%, gin 15%","<long> 26%, whiskey 23%",0.68,0.108,0.939
r8_1511_headphone_brand,"Name a headphone brand. Reply with only the name, nothing else.",0.7,sony -> real,0.7,sony -> real,0.6137,sony -> real,60,68,0.0,0.244,0.147,60,90,8,0.0,0.147,6.8,sony,0.75,3,1.99,2.17,0.812,"sony 93%, bose 3%","sony 53%, <long> 24%",0.6375,0.201,0.995
r8s_1068_natural_substance,"Suggest a type of natural substance. Reply with only the name, nothing else.",0.7,honey -> real,0.7,honey -> real,0.6797,honey -> real,60,64,0.0,0.289,0.173,60,90,35,0.0,0.167,7.9,honey,0.75,5,2.45,12.61,0.315,"honey 50%, quartz 15%","<long> 29%, quartz 20%",0.6967,0.262,0.967
r8s_1842_size,"Suggest a type of size. Reply with only the name, nothing else.",0.7,<long> -> bench,0.5889,medium -> real,0.5509,small -> real,58,51,0.033,0.433,0.273,60,90,42,0.0,0.26,11.0,small,0.4,9,6.16,14.64,0.266,"medium 30%, small 25%","<long> 43%, medium 12%",0.6764,0.31,0.615
r8_1276_method_of_conservation,"Name a method of conservation. Reply with only the name, nothing else.",0.6972,reforestation -> real,0.6972,reforestation -> real,0.625,reforestation -> real,60,60,0.0,0.333,0.2,60,90,21,0.0,0.2,9.7,reforestation,0.3,12,8.85,5.88,0.558,"reforestation 68%, recycling 12%","<long> 33%, reforestation 29%",0.7025,0.225,0.956
r8_1309_chocolate_form,"Name a chocolate form. Reply with only the name, nothing else.",0.6972,truffle -> real,0.6972,truffle -> real,0.6523,truffle -> real,59,62,0.017,0.311,0.193,60,90,22,0.0,0.187,8.5,truffle,0.35,7,5.01,6.6,0.471,"truffle 62%, chocolate bar 18%","<long> 31%, truffle 22%",0.6825,0.144,1.033
r8s_1552_custard_dessert,"Suggest a type of custard dessert. Reply with only the name, nothing else.",0.6972,crème brûlée -> real,0.6972,crème brûlée -> real,0.6047,crème brûlée -> real,60,64,0.0,0.289,0.173,60,90,14,0.0,0.173,10.1,crème brûlée,0.8,3,1.89,2.83,0.742,"crème brûlée 85%, crème caramel 10%","crème brûlée 46%, <long> 29%",0.6419,0.143,1.081
r8_1060_mental_state,"Name a mental state. Reply with only the name, nothing else.",0.6972,flow -> real,0.6972,flow -> real,0.6782,flow -> real,60,63,0.0,0.3,0.18,60,90,46,0.0,0.18,8.1,flow,0.25,10,8.02,18.94,0.301,"flow 48%, euphoria 13%","<long> 30%, flow 9%",0.6486,0.312,0.718
r8_0548_exercise_type,"Name an exercise type. Reply with only the name, nothing else.",0.6972,<long> -> bench,0.6056,yoga -> real,0.5998,yoga -> real,59,53,0.017,0.411,0.253,60,90,28,0.0,0.227,10.0,squats,0.35,7,5.01,14.6,0.179,"yoga 23%, running 15%","<long> 41%, squat 17%",0.6633,0.302,1.067
r8s_1772_raptor,"Suggest a type of raptor. Reply with only the name, nothing else.",0.6972,velociraptor -> real,0.6972,velociraptor -> real,0.6388,velociraptor -> real,59,60,0.017,0.333,0.207,60,90,25,0.0,0.207,10.7,peregrine falcon,0.6,4,2.63,6.07,0.521,"velociraptor 65%, peregrine falcon 13%","<long> 33%, velociraptor 26%",0.7164,0.282,0.783
r8_0395_board_game_piece,"Name a board game piece. Reply with only the name, nothing else.",0.6972,pawn -> real,0.6972,pawn -> real,0.5642,pawn -> real,60,62,0.0,0.311,0.187,60,90,9,0.0,0.187,8.0,pawn,0.95,2,1.22,1.54,0.918,"pawn 98%, token 2%","pawn 59%, <long> 31%",0.6625,0.151,1.146
r8_0374_delta,"Name a delta. Reply with only the name, nothing else.",0.6972,<long> -> bench,0.5611,nile delta -> real,0.5454,mississippi delta -> bench,49,38,0.183,0.578,0.42,60,90,36,0.0,0.32,14.7,nile delta,0.35,6,5.15,14.97,0.333,"nile delta 27%, <long> 18%","<long> 58%, nile delta 14%",0.6394,0.296,0.421
r8_1591_complex_human_emotion,"Name a complex human emotion. Reply with only the name, nothing else.",0.6972,ambivalence -> real,0.6972,ambivalence -> real,0.6545,ambivalence -> real,60,65,0.0,0.278,0.167,60,90,22,0.0,0.167,8.5,ambivalence,0.45,10,6.48,6.69,0.456,"ambivalence 62%, nostalgia 8%","<long> 28%, nostalgia 22%",0.6683,0.312,1.2
r8_0664_energy_drink,"Name an energy drink. Reply with only the name, nothing else.",0.6944,red bull -> real,0.6944,red bull -> real,0.5953,red bull -> real,60,67,0.0,0.256,0.153,60,90,9,0.0,0.153,7.5,red bull,0.95,2,1.22,1.86,0.866,"red bull 97%, monster energy 3%","red bull 58%, <long> 26%",0.6506,0.168,1.054
r8_0272_electronic_device,"Name an electronic device. Reply with only the name, nothing else.",0.6944,smartphone -> real,0.6944,smartphone -> real,0.6135,smartphone -> real,60,63,0.0,0.3,0.18,60,90,22,0.0,0.18,8.2,smartphone,1.0,1,1.0,4.56,0.65,"smartphone 77%, laptop 13%","smartphone 38%, <long> 30%",0.6778,0.312,1.097
r8_1780_exam_type,"Name an exam type. Reply with only the name, nothing else.",0.6944,<long> -> bench,0.6111,multiple choice -> real,0.5758,multiple choice -> real,60,55,0.0,0.389,0.233,60,90,29,0.0,0.233,9.7,sat,0.75,6,2.62,10.06,0.33,"multiple choice 33%, sat 27%","<long> 39%, sat 24%",0.6556,0.28,0.972
r8s_0600_ship_type,"Suggest a ship type. Reply with only the name, nothing else.",0.6944,<long> -> bench,0.5611,frigate -> real,0.5568,battleship -> bench,60,55,0.0,0.389,0.233,60,90,32,0.0,0.22,10.5,frigate,0.25,10,8.23,13.84,0.304,"battleship 25%, frigate 17%","<long> 39%, battleship 22%",0.6189,0.321,0.818
r8_0229_dumpling,"Name a type of dumpling. Reply with only the name, nothing else.",0.6944,<long> -> bench,0.6639,gyoza -> real,0.5614,gyoza -> real,60,55,0.0,0.389,0.233,60,90,20,0.0,0.22,10.4,gyoza,0.85,4,1.8,5.71,0.591,"gyoza 65%, jiaozi 12%","<long> 39%, gyoza 32%",0.6703,0.298,1.016
r8_0620_diagram,"Name a diagram. Reply with only the name, nothing else.",0.6944,<long> -> bench,0.5389,flowchart -> real,0.5408,bar chart -> bench,56,49,0.067,0.456,0.3,60,90,50,0.0,0.253,11.5,venn diagram,0.6,4,2.63,19.29,0.314,"flowchart 27%, venn diagram 12%","<long> 46%, flowchart 19%",0.6411,0.394,0.565
r8s_0868_road_feature,"Suggest a type of road feature. Reply with only the name, nothing else.",0.6944,roundabout -> real,0.6944,roundabout -> real,0.6,roundabout -> real,60,60,0.0,0.333,0.2,60,90,14,0.0,0.2,8.9,roundabout,0.9,3,1.48,3.7,0.667,"roundabout 77%, crosswalk 8%","roundabout 38%, <long> 33%",0.6919,0.249,0.903
r8_0668_remedy_type,"Name a remedy type. Reply with only the name, nothing else.",0.6944,<long> -> bench,0.5528,antibiotic -> bench,0.6023,antibiotic -> bench,60,55,0.0,0.389,0.233,60,90,42,0.0,0.207,9.9,homeopathy,0.55,8,4.66,18.03,0.261,"homeopathy 23%, antibiotics 8%","<long> 39%, homeopathy 18%",0.6494,0.392,0.485
r8_0016_unit_of_weight,"Name an unit of weight. Reply with only the name, nothing else.",0.6944,kilogram -> real,0.6944,kilogram -> real,0.6583,kilogram -> real,60,64,0.0,0.289,0.173,60,90,6,0.0,0.173,8.3,kilogram,0.5,4,2.75,2.68,0.516,"kilogram 57%, pound 40%","pound 44%, <long> 29%",0.6972,0.089,1.04
r8_0911_reptile_pet,"Name a reptile pet. Reply with only the name, nothing else.",0.6944,<long> -> bench,0.6361,bearded dragon -> real,0.5477,bearded dragon -> real,60,55,0.0,0.389,0.233,60,90,30,0.0,0.22,10.1,bearded dragon,1.0,1,1.0,7.89,0.504,"bearded dragon 55%, spike 12%","<long> 39%, bearded dragon 28%",0.6403,0.215,0.741
r8_0127_flightless_bird,"Name a flightless bird. Reply with only the name, nothing else.",0.6944,penguin -> real,0.6944,penguin -> real,0.6516,penguin -> real,60,64,0.0,0.289,0.173,60,90,9,0.0,0.153,8.1,penguin,0.55,3,2.33,3.51,0.444,"penguin 60%, ostrich 25%","ostrich 38%, <long> 29%",0.6167,0.2,0.939
r8s_1752_zipper,"Suggest a type of zipper. Reply with only the name, nothing else.",0.6944,<long> -> bench,0.5944,ykk -> real,0.5379,ykk -> real,60,55,0.0,0.389,0.233,60,90,40,0.0,0.227,10.5,coil zipper,0.2,14,11.99,15.25,0.33,"ykk 37%, coil zipper 15%","<long> 39%, ykk 18%",0.6697,0.433,0.895
r8s_1655_file_format,"Suggest a type of file format. Reply with only the name, nothing else.",0.6944,<long> -> bench,0.575,json -> real,0.5842,pdf -> bench,58,52,0.033,0.422,0.267,60,90,33,0.0,0.26,10.1,pdf,0.7,4,2.49,11.41,0.373,"pdf 28%, json 22%","<long> 42%, pdf 27%",0.6253,0.256,0.843
r8_0065_room_in_a_house,"Name a room in a house. Reply with only the name, nothing else.",0.6917,kitchen -> real,0.6917,kitchen -> real,0.5637,kitchen -> real,60,62,0.0,0.311,0.187,60,90,6,0.0,0.173,7.6,kitchen,0.9,2,1.38,1.61,0.885,"kitchen 95%, bedroom 5%","kitchen 57%, <long> 31%",0.6519,0.095,1.145
r8s_0377_snack,"Suggest a type of snack. Reply with only the name, nothing else.",0.6917,<long> -> bench,0.5806,trail mix -> real,0.5711,apple slices -> bench,59,54,0.017,0.4,0.247,60,90,37,0.0,0.193,9.6,apple slices,0.3,9,7.01,16.5,0.204,"trail mix 22%, apple slices 13%","<long> 40%, apple slices 17%",0.6139,0.263,0.684
r8_1939_heating_device,"Name a heating device. Reply with only the name, nothing else.",0.6917,radiator -> real,0.6917,radiator -> real,0.6236,radiator -> real,59,58,0.017,0.356,0.22,60,90,16,0.0,0.213,9.4,space heater,0.4,6,3.79,5.04,0.538,"radiator 65%, space heater 17%","<long> 36%, radiator 27%",0.6536,0.204,0.914
r8s_0500_banknote,"Suggest a type of banknote. Reply with only the name, nothing else.",0.6917,<long> -> bench,0.5472,euro -> real,0.5687,polymer banknote -> bench,59,54,0.017,0.4,0.247,60,90,54,0.0,0.233,10.9,silver certificate,0.1,18,17.41,29.38,0.15,"euro 15%, federal reserve note 10%","<long> 40%, polymer banknote 13%",0.6178,0.345,0.786
r8_0137_salad_ingredient,"Name a salad ingredient. Reply with only the name, nothing else.",0.6917,cucumber -> real,0.6917,cucumber -> real,0.6553,cucumber -> real,60,66,0.0,0.267,0.16,60,90,5,0.0,0.153,8.0,lettuce,0.75,3,1.99,2.85,0.452,"cucumber 58%, lettuce 37%","lettuce 39%, <long> 27%",0.6217,0.105,1.018
r8s_1201_line_type,"Suggest a line type. Reply with only the name, nothing else.",0.6917,<long> -> bench,0.5167,san sebastian -> real,0.5624,solid -> bench,57,51,0.05,0.433,0.28,60,90,56,0.0,0.247,10.7,solid,0.5,4,3.35,23.97,0.287,"solid 22%, dashed 10%","<long> 43%, solid 20%",0.645,0.38,0.393
r8_1372_editor,"Name an editor. Reply with only the name, nothing else.",0.6917,vs code -> real,0.6917,vs code -> real,0.6917,vs code -> real,60,58,0.0,0.356,0.213,60,90,56,0.0,0.207,9.6,visual studio code,0.3,10,8.26,28.62,0.195,"vs code 38%, vim 7%","<long> 36%, nano 16%",0.6733,0.441,0.704
r8_0672_traffic_signal,"Name a traffic signal. Reply with only the name, nothing else.",0.6917,red light -> real,0.6917,red light -> real,0.6315,red light -> real,60,62,0.0,0.311,0.187,60,90,10,0.0,0.18,8.4,red light,0.45,4,3.28,4.05,0.516,"red light 65%, stoplight 20%","<long> 31%, red light 27%",0.6319,0.154,0.999
r8s_0421_spread,"Suggest a type of spread. Reply with only the name, nothing else.",0.6917,<long> -> bench,0.5333,peanut butter -> bench,0.63,peanut butter -> bench,57,51,0.05,0.433,0.28,60,90,51,0.0,0.267,11.9,peanut butter,0.8,5,2.18,21.25,0.333,"peanut butter 20%, <long> 5%","<long> 43%, peanut butter 27%",0.6425,0.392,0.635
r8_0930_viruse,"Name a viruse. Reply with only the name, nothing else.",0.6917,<long> -> bench,0.6139,influenza -> real,0.5539,influenza -> bench,51,42,0.15,0.533,0.38,60,90,20,0.0,0.36,15.0,influenza,0.8,4,2.03,3.24,0.774,"influenza 62%, <long> 15%","<long> 53%, influenza 39%",0.6428,0.185,0.685
r8_2000_chisel,"Name a chisel. Reply with only the name, nothing else.",0.6917,<long> -> bench,0.5361,cold chisel -> real,0.6083,gouge -> bench,59,54,0.017,0.4,0.247,60,90,52,0.0,0.247,11.0,gouge,0.7,5,2.67,15.87,0.442,"gouge 33%, cold chisel 8%","<long> 40%, gouge 33%",0.6339,0.395,0.93
r8s_1742_rock_texture,"Suggest a type of rock texture. Reply with only the name, nothing else.",0.6917,granite -> real,0.6917,granite -> real,0.6788,granite -> real,60,65,0.0,0.278,0.167,60,90,17,0.0,0.167,8.2,porphyritic,0.55,4,3.03,7.06,0.312,"granite 45%, granular 25%","<long> 28%, granular 27%",0.6769,0.219,0.756
r8s_1861_print,"Suggest a type of print. Reply with only the name, nothing else.",0.6917,<long> -> bench,0.55,inkjet -> real,0.5479,lithograph -> bench,59,54,0.017,0.4,0.247,60,90,58,0.0,0.247,10.5,giclee,0.15,13,11.68,34.92,0.097,"inkjet 13%, screen print 7%","<long> 40%, screen printing 8%",0.6578,0.358,0.671
r8_0603_eclipse_type,"Name an eclipse type. Reply with only the name, nothing else.",0.6917,total solar eclipse -> real,0.6917,total solar eclipse -> real,0.6732,total solar eclipse -> real,59,62,0.017,0.311,0.193,60,90,17,0.0,0.173,8.5,solar eclipse,0.65,3,2.21,6.13,0.355,"total solar eclipse 48%, solar eclipse 23%","solar eclipse 32%, <long> 31%",0.6767,0.122,0.765
r8s_0001_natural_disaster,"Suggest a type of natural disaster. Reply with only the name, nothing else.",0.6917,hurricane -> real,0.6917,hurricane -> real,0.6745,hurricane -> real,60,67,0.0,0.256,0.153,60,90,12,0.0,0.147,7.8,hurricane,0.55,4,2.71,3.56,0.551,"hurricane 48%, earthquake 43%","earthquake 49%, <long> 26%",0.6442,0.132,1.116
r8s_0635_battery,"Suggest a type of battery. Reply with only the name, nothing else.",0.6917,lithium-ion -> real,0.6917,lithium-ion -> real,0.5712,lithium-ion -> real,60,62,0.0,0.311,0.187,60,90,7,0.0,0.187,10.1,lithium-ion,0.5,2,2.0,1.78,0.844,"lithium-ion 92%, lithium-ion battery 7%","lithium-ion 53%, <long> 31%",0.6767,0.076,0.967
r8_1617_casting,"Name a type of casting. Reply with only the name, nothing else.",0.6889,<long> -> bench,0.5361,upcasting -> real,0.5655,sand casting -> bench,60,56,0.0,0.378,0.227,60,90,38,0.0,0.227,9.8,sand casting,0.85,2,1.53,12.67,0.397,"sand casting 33%, upcasting 15%","<long> 38%, sand casting 29%",0.6328,0.284,0.681
r8_1062_music_festival,"Name a music festival. Reply with only the name, nothing else.",0.6889,coachella -> real,0.6889,coachella -> real,0.6049,coachella -> real,58,60,0.033,0.333,0.213,60,90,10,0.0,0.187,9.1,coachella,0.65,3,2.21,2.76,0.686,"coachella 77%, glastonbury 17%","coachella 39%, <long> 33%",0.6781,0.249,1.009
r8s_0324_cured_meat,"Suggest a type of cured meat. Reply with only the name, nothing else.",0.6889,prosciutto -> real,0.6889,prosciutto -> real,0.5841,prosciutto -> real,60,63,0.0,0.3,0.18,60,90,8,0.0,0.18,8.9,prosciutto,0.95,2,1.22,2.23,0.78,"prosciutto 87%, bacon 8%","prosciutto 49%, <long> 30%",0.6767,0.23,1.043
r8s_0357_sculptor,"Suggest a type of sculptor. Reply with only the name, nothing else.",0.6889,<long> -> bench,0.5889,michelangelo -> real,0.5393,michelangelo -> bench,60,56,0.0,0.378,0.227,60,90,36,0.0,0.227,10.1,michelangelo,0.35,13,9.44,6.71,0.638,"michelangelo 60%, barbara hepworth 3%","michelangelo 42%, <long> 38%",0.6272,0.342,1.049
r8_0079_cat_breed,"Name a cat breed. Reply with only the name, nothing else.",0.6889,siamese -> real,0.6889,siamese -> real,0.6205,siamese -> real,60,65,0.0,0.278,0.167,60,90,6,0.0,0.167,8.8,siamese,0.9,3,1.48,2.61,0.608,"siamese 73%, maine coon 20%","siamese 36%, <long> 28%",0.6283,0.164,1.051
r8_1340_rivet,"Name a rivet. Reply with only the name, nothing else.",0.6889,<long> -> bench,0.55,pop rivet -> bench,0.6181,pop rivet -> bench,58,53,0.033,0.411,0.26,60,90,68,0.0,0.247,11.6,pop rivet,0.3,11,8.4,38.47,0.216,"rivet 10%, pop rivet 10%","<long> 41%, pop rivet 20%",0.6325,0.458,1.02
r8_1129_textbook,"Name a textbook. Reply with only the name, nothing else.",0.6889,<long> -> bench,0.5361,calculus -> real,0.5357,calculus -> real,54,47,0.1,0.478,0.327,60,90,54,0.0,0.22,12.3,principles of economics,0.2,14,11.99,34.32,0.119,"<long> 10%, introduction to algorithms 10%","<long> 48%, introduction to algorithms 7%",0.6236,0.274,0.784
r8_0427_hobby,"Name a hobby. Reply with only the name, nothing else.",0.6889,<long> -> bench,0.6361,gardening -> real,0.5315,gardening -> real,60,56,0.0,0.378,0.227,60,90,11,0.0,0.227,9.8,gardening,0.8,3,1.85,3.51,0.586,"gardening 62%, reading 25%","<long> 38%, gardening 34%",0.6161,0.186,1.008
r8_1701_canvas,"Name a type of canvas. Reply with only the name, nothing else.",0.6889,<long> -> bench,0.5417,watercolor -> real,0.5756,cotton -> bench,60,56,0.0,0.378,0.227,60,90,38,0.0,0.2,9.7,cotton canvas,0.3,8,6.35,17.39,0.19,"oil canvas 12%, cotton 12%","<long> 38%, cotton 17%",0.6083,0.231,0.921
r8s_1190_comb,"Suggest a type of comb. Reply with only the name, nothing else.",0.6889,<long> -> bench,0.5528,wide-tooth comb -> real,0.5283,paddle comb -> bench,58,53,0.033,0.411,0.26,60,90,65,0.0,0.247,11.4,wide-tooth comb,0.7,7,3.15,35.71,0.252,"wide-tooth comb 25%, hair 3%","<long> 41%, wide-tooth comb 14%",0.6208,0.393,0.461
r8s_0613_harp,"Suggest a type of harp. Reply with only the name, nothing else.",0.6889,<long> -> bench,0.5778,celtic harp -> real,0.5369,celtic harp -> bench,60,56,0.0,0.378,0.227,60,90,35,0.0,0.22,11.3,celtic harp,0.85,3,1.68,7.8,0.569,"celtic harp 53%, lever harp 10%","<long> 38%, celtic harp 38%",0.62,0.256,0.877
r8_0403_ceremony,"Name a ceremony. Reply with only the name, nothing else.",0.6889,<long> -> bench,0.55,wedding -> real,0.5815,wedding -> bench,60,56,0.0,0.378,0.227,60,90,38,0.0,0.193,9.3,wedding,0.85,4,1.8,7.35,0.612,"wedding 53%, bar mitzvah 5%","wedding 43%, <long> 38%",0.6031,0.332,0.958
r8_1537_musical,"Name a musical. Reply with only the name, nothing else.",0.6889,hamilton -> real,0.6889,hamilton -> real,0.5993,hamilton -> real,60,67,0.0,0.256,0.153,60,90,12,0.0,0.153,7.3,hamilton,0.6,4,2.63,2.45,0.795,"hamilton 90%, phantom of the opera 5%","hamilton 52%, <long> 26%",0.66,0.243,1.032
r8s_0996_tree_part,"Suggest a type of tree part. Reply with only the name, nothing else.",0.6889,<long> -> bench,0.5889,bark -> real,0.5988,leaf -> bench,60,56,0.0,0.378,0.227,60,90,20,0.0,0.22,8.9,leaf,0.25,6,5.36,6.64,0.362,"leaf 27%, branch 25%","<long> 38%, leaf 29%",0.6414,0.303,0.829
r8s_0184_unit_of_temperature,"Suggest a type of unit of temperature. Reply with only the name, nothing else.",0.6889,celsius -> real,0.6889,celsius -> real,0.5627,celsius -> real,60,63,0.0,0.3,0.18,60,90,7,0.0,0.173,8.1,celsius,1.0,1,1.0,1.53,0.902,"celsius 97%, °celsius 2%","celsius 59%, <long> 30%",0.6653,0.081,0.875
r8_1514_fortified_wine,"Name a fortified wine. Reply with only the name, nothing else.",0.6889,port -> real,0.6889,port -> real,0.5828,port -> real,60,64,0.0,0.289,0.173,60,90,8,0.0,0.167,7.3,port,1.0,1,1.0,2.05,0.815,"port 90%, sherry 8%","port 52%, <long> 29%",0.6467,0.136,1.102
r8_1752_zipper,"Name a zipper. Reply with only the name, nothing else.",0.6889,<long> -> bench,0.6556,ykk -> real,0.5881,ykk -> real,60,56,0.0,0.378,0.227,60,90,52,0.0,0.207,9.5,ykk,0.55,10,5.35,15.25,0.448,"ykk 53%, ziploc 7%","<long> 38%, ykk 22%",0.6844,0.345,0.961
r8s_0987_official_record,"Suggest a type of official record. Reply with only the name, nothing else.",0.6889,<long> -> bench,0.6333,birth certificate -> bench,0.7851,birth certificate -> bench,60,56,0.0,0.378,0.227,60,90,48,0.0,0.22,9.7,birth certificate,0.8,5,2.18,12.52,0.509,"birth certificate 23%, certificate 5%","birth certificate 50%, <long> 38%",0.6339,0.358,0.639
r8s_0201_belt,"Suggest a type of belt. Reply with only the name, nothing else.",0.6889,<long> -> bench,0.5667,leather belt -> real,0.5548,leather belt -> bench,60,56,0.0,0.378,0.227,60,90,27,0.0,0.22,10.2,leather belt,0.85,3,1.68,6.1,0.586,"leather belt 53%, leather 8%","leather belt 40%, <long> 38%",0.6314,0.26,0.753
r8_0215_soap,"Name a soap. Reply with only the name, nothing else.",0.6889,<long> -> bench,0.5889,dove -> real,0.5476,ivory -> bench,60,56,0.0,0.378,0.227,60,90,31,0.0,0.22,9.8,irish spring,0.4,4,3.66,9.22,0.466,"dove 47%, ivory 8%","<long> 38%, dove 29%",0.6169,0.219,0.783
r8_0660_chupacabra,"Name a chupacabra. Reply with only the name, nothing else.",0.6889,<long> -> bench,0.525,chupito -> real,0.5536,chupacabra -> bench,54,47,0.1,0.478,0.327,60,90,80,0.0,0.267,13.0,chupacabra,0.1,19,18.66,53.28,0.198,"chupacabra 13%, <long> 10%","<long> 48%, chupacabra 13%",0.6078,0.47,1.115
r8s_0595_burger_topping,"Suggest a type of burger topping. Reply with only the name, nothing else.",0.6889,caramelized onions -> real,0.6889,caramelized onions -> real,0.6601,caramelized onions -> real,59,63,0.017,0.3,0.187,60,90,24,0.0,0.18,9.7,caramelized onions,0.55,8,4.66,7.64,0.377,"caramelized onions 53%, bacon 18%","<long> 30%, bacon 24%",0.6597,0.217,0.907
r8_0131_parasite,"Name a parasite. Reply with only the name, nothing else.",0.6889,tapeworm -> real,0.6889,tapeworm -> real,0.65,tapeworm -> real,60,69,0.0,0.233,0.14,60,90,17,0.0,0.133,8.8,tapeworm,0.45,4,3.62,4.89,0.473,"tapeworm 63%, plasmodium 18%","plasmodium 28%, tapeworm 26%",0.6331,0.196,0.945
r8_0108_symptom,"Name a symptom. Reply with only the name, nothing else.",0.6889,<long> -> bench,0.5833,fever -> real,0.5443,fever -> bench,56,50,0.067,0.444,0.293,60,90,19,0.0,0.233,10.6,fever,0.55,4,3.11,4.29,0.613,"fever 53%, headache 13%","<long> 44%, fever 37%",0.6572,0.324,0.62
r8_0129_pickle,"Name a pickle. Reply with only the name, nothing else.",0.6889,<long> -> bench,0.5333,bartleby -> real,0.5333,bartleby -> real,60,56,0.0,0.378,0.227,60,90,61,0.0,0.207,10.1,dill,0.45,12,7.44,36.69,0.172,"dill 15%, pickle rick 8%","<long> 38%, dill 12%",0.6647,0.316,1.212
r8s_1918_whisper,"Suggest a type of whisper. Reply with only the name, nothing else.",0.6889,<long> -> bench,0.5222,conspiratorial whisper -> bench,0.5357,conspiratorial whisper -> bench,60,56,0.0,0.378,0.227,60,90,88,0.0,0.22,10.2,breath whisper,0.25,13,10.14,71.9,0.078,"love whisper 7%, secret 5%","<long> 38%, love whisper 6%",0.6472,0.433,0.671
r8s_1962_structural_element,"Suggest a type of structural element. Reply with only the name, nothing else.",0.6861,<long> -> bench,0.575,beam -> real,0.6063,column -> bench,57,52,0.05,0.422,0.273,60,90,28,0.0,0.273,10.6,column,0.45,4,3.02,8.98,0.312,"beam 28%, column 20%","<long> 42%, column 24%",0.6086,0.222,0.512
r8_0040_cartoon_character,"Name a cartoon character. Reply with only the name, nothing else.",0.6861,spongebob squarepants -> real,0.6861,spongebob squarepants -> real,0.5858,spongebob squarepants -> real,60,62,0.0,0.311,0.187,60,90,15,0.0,0.18,11.1,spongebob squarepants,0.65,7,3.52,3.17,0.73,"spongebob squarepants 82%, spongebob 8%","spongebob squarepants 44%, <long> 31%",0.6742,0.214,1.057
r8s_0931_tunnel,"Suggest a type of tunnel. Reply with only the name, nothing else.",0.6861,<long> -> bench,0.5444,ssh tunnel -> real,0.5317,ssh tunnel -> real,57,52,0.05,0.422,0.273,60,90,62,0.0,0.24,11.2,road tunnel,0.25,12,9.87,42.14,0.11,"ssh tunnel 13%, ssh 7%","<long> 42%, immersion tube tunnel 6%",0.6403,0.411,0.439
r8_1483_pocket_type,"Name a pocket type. Reply with only the name, nothing else.",0.6861,<long> -> bench,0.5417,back pocket -> real,0.5649,patch pocket -> bench,59,55,0.017,0.389,0.24,60,90,77,0.0,0.233,10.1,patch pocket,0.45,9,5.89,55.82,0.096,"hip pocket 10%, back pocket 8%","<long> 39%, patch pocket 10%",0.6456,0.473,0.771
r8s_1009_sprocket,"Suggest a type of sprocket. Reply with only the name, nothing else.",0.6861,<long> -> bench,0.5972,timing sprocket -> real,0.561,timing sprocket -> real,59,55,0.017,0.389,0.24,60,90,60,0.0,0.227,11.5,double pitch sprocket,0.15,14,12.85,32.53,0.263,"timing sprocket 32%, spur sprocket 3%","<long> 39%, timing sprocket 12%",0.6272,0.414,0.83
r8_1463_rest_in_music,"Name a rest in music. Reply with only the name, nothing else.",0.6861,<long> -> bench,0.5417,a -> real,0.5855,quarter rest -> bench,59,55,0.017,0.389,0.24,60,90,48,0.0,0.227,9.9,quarter rest,0.85,3,1.68,25.52,0.184,"a 12%, rest 10%","<long> 39%, quarter rest 17%",0.6078,0.358,1.059
r8_1975_tonic_water,"Name a tonic water. Reply with only the name, nothing else.",0.6861,fever-tree -> real,0.6861,fever-tree -> real,0.5909,fever-tree -> real,60,63,0.0,0.3,0.18,60,90,18,0.0,0.167,9.4,fever-tree,0.8,5,2.18,3.54,0.724,"fever-tree 82%, schweppes 7%","fever-tree 44%, <long> 30%",0.6783,0.253,1.149
r8_0498_mirror,"Name a mirror. Reply with only the name, nothing else.",0.6861,<long> -> bench,0.5278,plane mirror -> bench,0.5455,plane mirror -> bench,59,55,0.017,0.389,0.24,60,90,80,0.0,0.213,10.3,mirror,0.1,17,16.25,58.41,0.114,"mirror 10%, hall of mirrors 8%","<long> 39%, mirror 8%",0.6319,0.527,0.807
r8_0067_individual_sport,"Name an individual sport. Reply with only the name, nothing else.",0.6861,tennis -> real,0.6861,tennis -> real,0.5984,tennis -> real,60,67,0.0,0.256,0.153,60,90,11,0.0,0.147,7.3,tennis,0.7,3,2.27,2.38,0.78,"tennis 88%, golf 5%","tennis 51%, <long> 26%",0.6314,0.235,1.046
r8_0084_meat,"Name a meat. Reply with only the name, nothing else.",0.6861,beef -> real,0.6861,beef -> real,0.598,beef -> real,60,63,0.0,0.3,0.18,60,90,9,0.0,0.18,8.0,beef,0.85,3,1.68,2.84,0.683,"beef 78%, chicken 17%","beef 41%, <long> 30%",0.6617,0.289,1.22
r8_1011_part_of_a_cell,"Name a part of a cell. Reply with only the name, nothing else.",0.6861,nucleus -> real,0.6861,nucleus -> real,0.5725,nucleus -> real,60,61,0.0,0.322,0.193,60,90,6,0.0,0.173,9.5,nucleus,0.95,2,1.22,1.89,0.777,"nucleus 85%, mitochondria 13%","nucleus 48%, <long> 32%",0.6694,0.087,1.023
r8_1651_life_stage,"Name a type of life stage. Reply with only the name, nothing else.",0.6861,adolescence -> real,0.6861,adolescence -> real,0.5858,adolescence -> real,60,62,0.0,0.311,0.187,60,90,9,0.0,0.173,9.1,adolescence,0.9,3,1.48,2.59,0.73,"adolescence 82%, adulthood 13%","adolescence 44%, <long> 31%",0.6881,0.119,1.026
r8s_1410_region,"Suggest a type of region. Reply with only the name, nothing else.",0.6861,<long> -> bench,0.5361,tropical -> real,0.5333,tropical -> real,59,55,0.017,0.389,0.24,60,90,61,0.0,0.24,10.2,metropolitan area,0.15,15,13.42,36.53,0.193,"mountain 18%, tropical 8%","<long> 39%, mountain 12%",0.635,0.384,0.668
r8s_0468_boot,"Suggest a type of boot. Reply with only the name, nothing else.",0.6861,<long> -> bench,0.5694,chelsea boot -> real,0.5455,uefi -> bench,59,55,0.017,0.389,0.24,60,90,53,0.0,0.227,10.0,chelsea boot,0.85,4,1.8,25.92,0.263,"chelsea boot 28%, hiking boot 12%","<long> 39%, chelsea boot 14%",0.6281,0.461,0.713
r8_0612_currency_symbol,"Name a currency symbol. Reply with only the name, nothing else.",0.6833,dollar -> real,0.6833,dollar -> real,0.5762,dollar -> real,60,63,0.0,0.3,0.18,60,90,14,0.0,0.18,7.7,dollar,0.6,6,3.56,2.64,0.789,"dollar 87%, dollars 3%","dollar 50%, <long> 30%",0.6506,0.16,0.894
r8_0626_ink_color,"Name an ink color. Reply with only the name, nothing else.",0.6833,navy -> real,0.6833,navy -> real,0.6762,navy -> real,60,63,0.0,0.3,0.18,60,90,10,0.0,0.18,7.8,blue,0.65,4,2.67,4.52,0.455,"navy 40%, blue 32%","blue 41%, <long> 30%",0.6639,0.104,1.216
r8_0204_map,"Name a map. Reply with only the name, nothing else.",0.6833,<long> -> bench,0.5972,google maps -> real,0.5514,google maps -> real,58,54,0.033,0.4,0.253,60,90,50,0.0,0.233,10.3,google maps,0.6,8,4.2,19.65,0.312,"google maps 35%, world map 10%","<long> 40%, google maps 16%",0.6436,0.454,0.71
r8_1452_light_fixture,"Name a type of light fixture. Reply with only the name, nothing else.",0.6833,chandelier -> real,0.6833,chandelier -> real,0.55,chandelier -> real,60,60,0.0,0.333,0.2,60,90,10,0.0,0.2,8.9,chandelier,0.9,2,1.38,1.97,0.85,"chandelier 90%, pendant light 7%","chandelier 53%, <long> 33%",0.6233,0.202,1.072
r8s_0885_dwarve,"Suggest a type of dwarve. Reply with only the name, nothing else.",0.6833,<long> -> bench,0.55,mountain dwarf -> real,0.5417,shield dwarf -> real,60,57,0.0,0.367,0.22,60,90,55,0.0,0.213,9.8,mountain dwarf,0.15,18,16.96,22.83,0.35,"mountain dwarf 33%, shield dwarf 8%","<long> 37%, mountain dwarf 23%",0.6156,0.358,0.887
r8_0206_siren,"Name a siren. Reply with only the name, nothing else.",0.6833,scylla -> real,0.6833,scylla -> real,0.6043,scylla -> real,58,60,0.033,0.333,0.213,60,90,39,0.0,0.207,9.8,scylla,0.95,2,1.22,6.61,0.653,"scylla 73%, <long> 3%","scylla 37%, <long> 33%",0.6492,0.246,0.736
r8_0649_dance,"Name a dance. Reply with only the name, nothing else.",0.6833,salsa -> real,0.6833,salsa -> real,0.6401,tango -> bench,60,63,0.0,0.3,0.18,60,90,16,0.0,0.173,8.2,salsa,0.65,4,2.52,4.26,0.545,"salsa 67%, tango 12%","<long> 30%, salsa 30%",0.6811,0.178,0.943
r8s_0160_soil,"Suggest a type of soil. Reply with only the name, nothing else.",0.6833,loam -> real,0.6833,loam -> real,0.6804,clay -> bench,60,68,0.0,0.244,0.147,60,90,14,0.0,0.133,7.3,loam,0.95,2,1.22,3.72,0.484,"loam 63%, clay 18%","clay 41%, loam 27%",0.7164,0.182,0.929
r8s_1051_cleaning_tool,"Suggest a type of cleaning tool. Reply with only the name, nothing else.",0.6833,<long> -> bench,0.5583,robot vacuum -> real,0.5605,vacuum cleaner -> bench,60,57,0.0,0.367,0.22,60,90,20,0.0,0.22,10.0,microfiber cloth,0.65,5,2.99,8.47,0.359,"vacuum cleaner 30%, robot vacuum 15%","<long> 37%, vacuum cleaner 27%",0.6225,0.198,0.801
r8_0719_plastic,"Name a plastic. Reply with only the name, nothing else.",0.6833,polyethylene -> real,0.6833,polyethylene -> real,0.5808,polyethylene -> real,60,65,0.0,0.278,0.167,60,90,7,0.0,0.167,8.0,polyethylene,1.0,1,1.0,2.0,0.816,"polyethylene 90%, polystyrene 7%","polyethylene 53%, <long> 28%",0.6614,0.202,1.05
r8_1843_flask,"Name a flask. Reply with only the name, nothing else.",0.6833,<long> -> bench,0.6222,erlenmeyer flask -> bench,0.7123,erlenmeyer flask -> bench,60,57,0.0,0.367,0.22,60,90,64,0.0,0.213,10.4,erlenmeyer flask,0.75,4,2.28,28.13,0.274,"flask 13%, hydro flask 7%","<long> 37%, erlenmeyer flask 31%",0.6814,0.394,0.94
r8s_0902_carving,"Suggest a type of carving. Reply with only the name, nothing else.",0.6833,<long> -> bench,0.5306,woodcarving -> real,0.531,ice carving -> bench,58,54,0.033,0.4,0.253,60,90,38,0.0,0.227,10.4,whittling,0.4,8,5.43,18.46,0.152,"wood carving 13%, relief carving 13%","<long> 40%, relief carving 10%",0.6172,0.281,0.748
r8s_0582_salt,"Suggest a type of salt. Reply with only the name, nothing else.",0.6833,<long> -> bench,0.6222,sea salt -> real,0.5877,sodium chloride -> bench,60,57,0.0,0.367,0.22,60,90,31,0.0,0.213,10.2,sea salt,0.45,5,3.77,11.19,0.368,"sea salt 43%, kosher salt 17%","<long> 37%, sea salt 19%",0.6394,0.237,0.776
r8_1374_experiment,"Name a type of experiment. Reply with only the name, nothing else.",0.6833,<long> -> bench,0.575,double-blind study -> real,0.5715,double-slit experiment -> bench,60,57,0.0,0.367,0.22,60,90,25,0.0,0.213,10.3,double-blind experiment,0.5,4,3.21,10.84,0.222,"double-blind experiment 25%, double-blind study 22%","<long> 37%, controlled experiment 13%",0.6775,0.126,0.964
r8_1921_cheese_storage,"Name a type of cheese storage. Reply with only the name, nothing else.",0.6833,<long> -> bench,0.6472,cheese cave -> real,0.5732,cheese cave -> real,60,57,0.0,0.367,0.22,60,90,37,0.0,0.22,10.1,cheese paper,0.25,15,12.48,10.84,0.479,"cheese cave 55%, cellar 10%","<long> 37%, cheese cave 26%",0.685,0.349,1.038
r8_1012_form_of_heat,"Name a form of heat. Reply with only the name, nothing else.",0.6833,radiation -> real,0.6833,radiation -> real,0.6133,radiation -> real,60,59,0.0,0.344,0.207,60,90,15,0.0,0.193,9.1,radiation,0.5,7,4.47,5.43,0.521,"radiation 63%, radiant heat 12%","<long> 34%, radiation 27%",0.6556,0.351,1.179
r8_0326_glove,"Name a glove. Reply with only the name, nothing else.",0.6833,<long> -> bench,0.6222,boxing glove -> real,0.5482,boxing glove -> real,60,57,0.0,0.367,0.22,60,90,37,0.0,0.207,9.9,boxing glove,0.8,5,2.18,10.48,0.453,"boxing glove 50%, boxer 13%","<long> 37%, boxing glove 26%",0.6292,0.356,0.999
r8_0335_cheese,"Name a cheese. Reply with only the name, nothing else.",0.6833,cheddar -> real,0.6833,cheddar -> real,0.5742,cheddar -> real,60,66,0.0,0.267,0.16,60,90,6,0.0,0.16,7.7,cheddar,0.95,2,1.22,1.58,0.889,"cheddar 97%, gouda 2%","cheddar 60%, <long> 27%",0.6733,0.083,1.028
r8_1592_route,"Name a route. Reply with only the name, nothing else.",0.6833,<long> -> bench,0.55,pacific coast highway -> real,0.556,silk road -> bench,56,51,0.067,0.433,0.287,60,90,65,0.0,0.273,12.9,silk road,0.25,8,6.32,34.88,0.196,"silk road 13%, pacific coast highway 10%","<long> 43%, silk road 14%",0.6544,0.367,0.466
r8s_0046_bird_of_prey,"Suggest a type of bird of prey. Reply with only the name, nothing else.",0.6833,peregrine falcon -> real,0.6833,peregrine falcon -> real,0.6609,peregrine falcon -> real,59,68,0.017,0.244,0.153,60,90,10,0.0,0.147,8.4,peregrine falcon,0.55,4,2.71,4.65,0.37,"peregrine falcon 53%, eagle 23%","eagle 34%, <long> 24%",0.6858,0.217,0.91
r8s_1011_part_of_a_cell,"Suggest a type of part of a cell. Reply with only the name, nothing else.",0.6833,<long> -> bench,0.5889,mitochondria -> real,0.5439,mitochondria -> real,60,57,0.0,0.367,0.22,60,90,11,0.0,0.22,10.3,mitochondrion,0.4,3,2.97,3.81,0.462,"nucleus 45%, mitochondria 33%","<long> 37%, nucleus 30%",0.6567,0.112,0.932
r8_1304_discovery,"Name a type of discovery. Reply with only the name, nothing else.",0.6833,<long> -> bench,0.6333,archaeology -> real,0.6333,archaeology -> real,60,57,0.0,0.367,0.22,60,90,55,0.0,0.22,10.2,archaeological discovery,0.4,10,7.07,27.26,0.162,"archaeology 27%, archaeological discovery 8%","<long> 37%, penicillin 18%",0.6475,0.35,0.818
r8s_0475_painter,"Suggest a type of painter. Reply with only the name, nothing else.",0.6833,<long> -> bench,0.5333,watercolorist -> real,0.614,impressionist -> bench,60,57,0.0,0.367,0.22,60,90,31,0.0,0.22,10.0,landscape painter,0.5,7,4.47,10.46,0.444,"impressionist 33%, abstract expressionist 10%","<long> 37%, impressionist 36%",0.6253,0.232,0.957
r8s_1673_skill,"Suggest a type of skill. Reply with only the name, nothing else.",0.6833,<long> -> bench,0.5972,critical thinking -> bench,0.668,critical thinking -> bench,60,57,0.0,0.367,0.22,60,90,60,0.0,0.213,9.4,public speaking,0.5,5,3.2,32.36,0.214,"data analysis 13%, web development 5%","<long> 37%, critical thinking 24%",0.6344,0.428,0.483
r8_1342_pulsar,"Name a pulsar. Reply with only the name, nothing else.",0.6833,<long> -> bench,0.5944,psr b1919+21 -> real,0.5526,psr b1919+21 -> real,60,57,0.0,0.367,0.22,60,90,21,0.0,0.213,12.7,crab pulsar,0.45,4,2.77,4.82,0.513,"crab pulsar 47%, psr b1919+21 33%","<long> 37%, crab pulsar 36%",0.6322,0.175,0.767
r8_1820_skyscraper,"Name a skyscraper. Reply with only the name, nothing else.",0.6833,burj khalifa -> real,0.6833,burj khalifa -> real,0.6296,empire state building -> bench,60,61,0.0,0.322,0.193,60,90,7,0.0,0.193,10.2,burj khalifa,1.0,1,1.0,2.91,0.554,"burj khalifa 67%, empire state building 18%","<long> 32%, empire state building 30%",0.6614,0.126,0.9
r8_0180_cleaning_product,"Name a cleaning product. Reply with only the name, nothing else.",0.6833,windex -> real,0.6833,windex -> real,0.5486,windex -> real,60,61,0.0,0.322,0.193,60,90,9,0.0,0.193,8.7,windex,0.6,4,2.81,1.75,0.884,"windex 93%, lysol 5%","windex 57%, <long> 32%",0.635,0.149,0.991
r8_1673_skill,"Name a skill. Reply with only the name, nothing else.",0.6833,<long> -> bench,0.5583,cooking -> real,0.5439,rust programming -> bench,60,57,0.0,0.367,0.22,60,90,51,0.0,0.213,9.5,cooking,0.6,6,3.41,27.65,0.231,"cooking 25%, programming 7%","<long> 37%, cooking 13%",0.6333,0.454,0.689
r8s_1941_printed_publication,"Suggest a type of printed publication. Reply with only the name, nothing else.",0.6833,<long> -> bench,0.5944,brochure -> real,0.6022,newspaper -> bench,60,57,0.0,0.367,0.22,60,90,19,0.0,0.207,9.4,magazine,0.6,5,3.01,7.05,0.316,"magazine 33%, newspaper 22%","<long> 37%, newspaper 27%",0.6114,0.185,0.881
r8_0704_ocean_zone,"Name an ocean zone. Reply with only the name, nothing else.",0.6833,<long> -> bench,0.6556,abyssal zone -> real,0.6105,abyssal zone -> real,60,57,0.0,0.367,0.22,60,90,19,0.0,0.213,10.7,pelagic zone,0.4,6,4.11,8.31,0.359,"abyssal zone 47%, pelagic zone 17%","<long> 37%, abyssal zone 16%",0.6592,0.205,1.015
r8_1868_epoch,"Name an epoch. Reply with only the name, nothing else.",0.6833,<long> -> bench,0.6472,holocene -> real,0.6311,holocene -> real,60,57,0.0,0.367,0.22,60,90,48,0.0,0.22,9.9,holocene,0.75,4,2.23,24.1,0.222,"holocene 35%, jurassic 8%","<long> 37%, jurassic 10%",0.6192,0.342,0.901
r8s_1927_fruit_tree_blossom,"Suggest a type of fruit tree blossom. Reply with only the name, nothing else.",0.6833,cherry -> real,0.6833,cherry -> real,0.6529,cherry -> real,60,69,0.0,0.233,0.14,60,90,12,0.0,0.127,7.2,cherry blossom,0.5,5,3.2,4.62,0.403,"cherry 57%, cherry blossom 27%","<long> 23%, apple 22%",0.6833,0.073,1.084
r8_1268_bad_smell,"Name a bad smell. Reply with only the name, nothing else.",0.6833,<long> -> bench,0.5333,rotting garbage -> real,0.5333,rotting garbage -> real,60,57,0.0,0.367,0.22,60,90,41,0.0,0.2,10.0,rotten eggs,0.4,7,5.36,21.84,0.248,"rotten eggs 23%, sewage 8%","<long> 37%, rotten eggs 17%",0.6081,0.386,0.498
r8_1257_newspaper_section,"Name a newspaper section. Reply with only the name, nothing else.",0.6833,<long> -> bench,0.5917,opinion -> real,0.6206,sports -> bench,60,57,0.0,0.367,0.22,60,90,10,0.0,0.22,9.0,sports,0.75,4,2.23,2.9,0.701,"sports 58%, opinion 22%","sports 52%, <long> 37%",0.6294,0.114,1.132
r8_1271_ancient_grain,"Name an ancient grain. Reply with only the name, nothing else.",0.6806,quinoa -> real,0.6806,quinoa -> real,0.5856,quinoa -> real,60,66,0.0,0.267,0.16,60,90,9,0.0,0.16,7.7,quinoa,0.9,2,1.38,2.26,0.794,"quinoa 88%, spelt 7%","quinoa 52%, <long> 27%",0.6536,0.14,1.012
r8_1979_oil_machine,"Name an oil machine. Reply with only the name, nothing else.",0.6806,<long> -> bench,0.5778,oil rig -> real,0.5483,oil press -> bench,59,56,0.017,0.378,0.233,60,90,61,0.0,0.22,10.3,oil press,0.6,7,3.82,27.26,0.226,"oil rig 27%, oil press 13%","<long> 38%, oil press 14%",0.6253,0.385,0.93
r8s_0979_sink,"Suggest a type of sink. Reply with only the name, nothing else.",0.6806,<long> -> bench,0.5944,farmhouse sink -> real,0.6009,kitchen sink -> bench,59,56,0.017,0.378,0.233,60,90,55,0.0,0.233,10.3,farmhouse sink,0.75,6,2.62,22.91,0.243,"farmhouse sink 30%, kitchen sink 10%","<long> 38%, kitchen sink 19%",0.625,0.394,0.584
r8s_1577_speed,"Suggest a type of speed. Reply with only the name, nothing else.",0.6806,<long> -> bench,0.5361,mach -> real,0.5728,cruising speed -> bench,59,56,0.017,0.378,0.233,60,90,48,0.0,0.207,9.7,supersonic,0.6,8,4.2,25.93,0.165,"supersonic 17%, cruising 8%","<long> 38%, cruising speed 12%",0.6275,0.468,0.763
r8_0103_candy_bar,"Name a candy bar. Reply with only the name, nothing else.",0.6806,snickers -> real,0.6806,snickers -> real,0.5542,snickers -> real,60,64,0.0,0.289,0.173,60,90,10,0.0,0.167,8.7,snickers,0.95,2,1.22,1.5,0.927,"snickers 98%, kitkat 2%","snickers 62%, <long> 29%",0.6678,0.108,1.02
r8_0793_bottled_water,"Name a bottled water. Reply with only the name, nothing else.",0.6806,evian -> real,0.6806,evian -> real,0.6436,evian -> real,60,61,0.0,0.322,0.193,60,90,11,0.0,0.187,8.9,aquafina,0.45,5,3.77,3.86,0.372,"evian 52%, aquafina 27%","<long> 32%, aquafina 28%",0.6214,0.132,0.99
r8s_1824_egg,"Suggest a type of egg. Reply with only the name, nothing else.",0.6806,<long> -> bench,0.5389,boiled egg -> real,0.5648,quail egg -> bench,59,56,0.017,0.378,0.233,60,90,42,0.0,0.227,10.2,quail egg,0.4,10,7.07,23.47,0.148,"boiled egg 13%, fried egg 10%","<long> 38%, quail egg 13%",0.5981,0.282,0.945
r8_0949_seal_relative,"Name a seal relative. Reply with only the name, nothing else.",0.6806,walrus -> real,0.6806,walrus -> real,0.5977,walrus -> real,59,60,0.017,0.333,0.207,60,90,17,0.0,0.193,8.8,walrus,0.9,3,1.48,4.41,0.63,"walrus 72%, sea lion 10%","walrus 36%, <long> 33%",0.6644,0.255,0.791
r8_0173_toy,"Name a toy. Reply with only the name, nothing else.",0.6806,teddy bear -> real,0.6806,teddy bear -> real,0.6222,teddy bear -> real,60,59,0.0,0.344,0.207,60,90,29,0.0,0.207,9.6,teddy bear,0.7,5,2.74,8.22,0.462,"teddy bear 58%, teddy 12%","<long> 34%, teddy bear 22%",0.6486,0.254,1.109
r8_1138_chain,"Name a chain. Reply with only the name, nothing else.",0.6806,<long> -> bench,0.525,walmart -> real,0.5421,mcdonalds -> bench,59,56,0.017,0.378,0.233,60,90,73,0.0,0.22,10.5,mcdonalds,0.85,4,1.8,37.59,0.278,"mcdonalds 23%, chainlink 5%","<long> 38%, mcdonalds 20%",0.6625,0.391,0.485
r8s_0720_form_of_media,"Suggest a type of form of media. Reply with only the name, nothing else.",0.6806,<long> -> bench,0.5417,documentary -> real,0.5748,podcast -> bench,59,56,0.017,0.378,0.233,60,90,25,0.0,0.227,9.6,documentary,0.5,3,2.35,5.8,0.53,"podcast 45%, documentary 22%","<long> 38%, podcast 38%",0.6394,0.229,0.587
r8_0353_flower_shape,"Name a flower shape. Reply with only the name, nothing else.",0.6806,rose -> real,0.6806,rose -> real,0.5829,rose -> real,60,63,0.0,0.3,0.18,60,90,15,0.0,0.18,7.6,star,0.3,9,7.19,3.27,0.732,"rose 82%, daisy 7%","rose 46%, <long> 30%",0.6675,0.263,1.156
r8_0792_decoration_type,"Name a decoration type. Reply with only the name, nothing else.",0.6806,<long> -> bench,0.5361,border -> real,0.5362,wreath -> bench,59,56,0.017,0.378,0.233,60,90,69,0.0,0.233,9.9,garland,0.25,10,8.6,49.65,0.087,"border 8%, wallpaper 8%","<long> 38%, wallpaper 6%",0.6453,0.433,0.597
r8s_0282_train_type,"Suggest a train type. Reply with only the name, nothing else.",0.6806,<long> -> bench,0.6,bullet train -> real,0.573,bullet train -> real,57,53,0.05,0.411,0.267,60,90,24,0.0,0.253,11.3,bullet train,0.35,7,5.52,7.25,0.382,"high-speed rail 33%, bullet train 30%","<long> 41%, high-speed rail 24%",0.6244,0.257,0.924
r8_0917_peanut_butter,"Name a peanut butter. Reply with only the name, nothing else.",0.6806,skippy -> real,0.6806,skippy -> real,0.6147,skippy -> real,59,67,0.017,0.256,0.16,60,90,6,0.0,0.16,7.7,skippy,0.5,3,2.35,2.16,0.675,"skippy 78%, jif 20%","skippy 42%, jif 28%",0.6386,0.074,1.118
r8_1829_logo,"Name a logo. Reply with only the name, nothing else.",0.6806,<long> -> bench,0.5444,nike -> real,0.5577,nike swoosh -> bench,59,56,0.017,0.378,0.233,60,90,48,0.0,0.233,10.0,nike swoosh,0.55,3,2.71,20.28,0.209,"nike 20%, nike swoosh 15%","<long> 38%, nike swoosh 17%",0.6436,0.316,0.731
r8_0700_credit_card,"Name a credit card. Reply with only the name, nothing else.",0.6806,visa -> real,0.6806,visa -> real,0.5807,visa -> real,58,60,0.033,0.333,0.213,60,90,11,0.0,0.2,9.6,chase sapphire preferred,0.65,6,3.2,2.35,0.763,"visa 82%, chase sapphire preferred 12%","visa 46%, <long> 33%",0.7,0.098,0.896
r8_0339_umbrella,"Name an umbrella. Reply with only the name, nothing else.",0.6806,<long> -> bench,0.525,brolly -> real,0.5393,umbrella -> bench,59,56,0.017,0.378,0.233,60,90,78,0.0,0.22,10.4,brolly,0.15,16,14.77,49.02,0.174,"umbrella 13%, brolly 8%","<long> 38%, umbrella 13%",0.6375,0.394,0.717
r8_0149_dessert,"Name a dessert. Reply with only the name, nothing else.",0.6806,tiramisu -> real,0.6806,tiramisu -> real,0.5977,tiramisu -> real,60,66,0.0,0.267,0.16,60,90,19,0.0,0.16,8.4,tiramisu,0.65,7,3.52,3.67,0.714,"tiramisu 82%, chocolate cake 3%","tiramisu 46%, <long> 27%",0.6594,0.246,1.143
r8_1811_office_item,"Name an office item. Reply with only the name, nothing else.",0.6806,stapler -> real,0.6806,stapler -> real,0.5406,stapler -> real,60,61,0.0,0.322,0.193,60,90,7,0.0,0.187,9.3,stapler,1.0,1,1.0,1.53,0.909,"stapler 95%, chair 2%","stapler 59%, <long> 32%",0.6797,0.131,1.082
r8_1808_ice_age,"Name a type of ice age. Reply with only the name, nothing else.",0.6806,pleistocene -> real,0.6806,pleistocene -> real,0.625,pleistocene -> real,60,65,0.0,0.278,0.167,60,90,26,0.0,0.167,9.3,quaternary glaciation,0.4,6,4.43,7.2,0.52,"pleistocene 65%, pleistocene ice age 7%","pleistocene 29%, <long> 28%",0.6581,0.187,1.05
r8_1413_whistle,"Name a whistle. Reply with only the name, nothing else.",0.6806,<long> -> bench,0.5639,fox 40 -> real,0.5508,pea whistle -> real,59,56,0.017,0.378,0.233,60,90,58,0.0,0.227,10.8,fox 40,0.25,14,11.64,31.19,0.183,"fox 40 22%, referee whistle 18%","<long> 38%, fox 40 9%",0.6331,0.337,0.841
r8_0745_temple,"Name a temple. Reply with only the name, nothing else.",0.6806,<long> -> bench,0.5722,angkor wat -> real,0.5291,temple of artemis -> bench,59,56,0.017,0.378,0.233,60,90,34,0.0,0.22,10.9,angkor wat,0.7,7,3.15,8.98,0.496,"angkor wat 47%, temple of artemis 8%","<long> 38%, angkor wat 32%",0.6033,0.288,0.579
r8_1663_non_infectious_disease,"Name a non-infectious disease. Reply with only the name, nothing else.",0.6806,diabetes -> real,0.6806,diabetes -> real,0.5777,diabetes -> real,60,62,0.0,0.311,0.187,60,90,16,0.0,0.187,8.8,diabetes,0.8,4,2.03,3.13,0.738,"diabetes 82%, type 2 diabetes 8%","diabetes 46%, <long> 31%",0.6808,0.192,1.026
r8_0481_sandwich_bread,"Name a sandwich bread. Reply with only the name, nothing else.",0.6806,sourdough -> real,0.6806,sourdough -> real,0.6219,sourdough -> real,60,64,0.0,0.289,0.173,60,90,16,0.0,0.167,8.5,sourdough,0.5,4,3.22,5.66,0.524,"sourdough 65%, whole wheat 8%","<long> 29%, sourdough 29%",0.6725,0.114,0.89
r8_1734_synonym_for_happy,"Name a synonym for happy. Reply with only the name, nothing else.",0.6806,joyful -> real,0.6806,joyful -> real,0.5674,joyful -> real,60,66,0.0,0.267,0.16,60,90,8,0.0,0.153,7.6,joyful,1.0,1,1.0,1.56,0.913,"joyful 98%, jubilant 2%","joyful 62%, <long> 27%",0.6739,0.137,1.09
r8s_0680_bookmark,"Suggest a type of bookmark. Reply with only the name, nothing else.",0.6778,<long> -> bench,0.5361,ribbon bookmark -> real,0.565,magnetic bookmark -> bench,58,55,0.033,0.389,0.247,60,90,61,0.0,0.24,10.7,ribbon bookmark,0.2,12,10.0,33.31,0.186,"ribbon bookmark 18%, web bookmark 5%","<long> 39%, ribbon bookmark 11%",0.6244,0.348,0.572
r8_1185_cooling_device,"Name a cooling device. Reply with only the name, nothing else.",0.6778,air conditioner -> real,0.6778,air conditioner -> real,0.6008,air conditioner -> real,59,64,0.017,0.289,0.18,60,90,14,0.0,0.173,8.6,air conditioner,0.75,2,1.75,2.99,0.675,"air conditioner 77%, refrigerator 17%","air conditioner 41%, <long> 29%",0.6989,0.139,1.018
r8_1904_chainring,"Name a type of chainring. Reply with only the name, nothing else.",0.6778,<long> -> bench,0.5528,narrow-wide -> real,0.5466,narrow-wide chainring -> bench,60,58,0.0,0.356,0.213,60,90,50,0.0,0.2,10.4,narrow-wide chainring,0.45,9,6.04,21.03,0.246,"narrow-wide 22%, narrow-wide chainring 20%","<long> 36%, narrow-wide chainring 19%",0.6072,0.311,0.904
r8s_1859_ball_sport_position,"Suggest a type of ball sport position. Reply with only the name, nothing else.",0.6778,striker -> real,0.6778,striker -> real,0.6183,striker -> real,60,63,0.0,0.3,0.18,60,90,17,0.0,0.18,8.4,striker,0.55,6,3.58,5.7,0.512,"striker 63%, goalkeeper 13%","<long> 30%, striker 28%",0.6236,0.215,0.925
r8s_1560_branch_of_engineering,"Suggest a type of branch of engineering. Reply with only the name, nothing else.",0.6778,<long> -> bench,0.5278,robotics engineering -> real,0.5764,software engineering -> bench,60,58,0.0,0.356,0.213,60,90,26,0.0,0.207,9.4,civil engineering,0.4,7,5.07,7.71,0.508,"software engineering 43%, civil engineering 7%","software engineering 38%, <long> 36%",0.5978,0.231,0.587
r8s_0352_country,"Suggest a type of country. Reply with only the name, nothing else.",0.6778,<long> -> bench,0.55,japan -> real,0.552,monarchy -> bench,60,58,0.0,0.356,0.213,60,90,57,0.0,0.2,8.9,switzerland,0.2,14,11.99,38.15,0.11,"island nation 12%, japan 10%","<long> 36%, monarchy 8%",0.6014,0.46,0.629
r8_1212_mean_of_communication,"Name a mean of communication. Reply with only the name, nothing else.",0.6778,<long> -> bench,0.5861,email -> real,0.5241,phone -> real,60,58,0.0,0.356,0.213,60,90,12,0.0,0.207,8.4,telephone,0.45,4,3.02,4.07,0.568,"email 55%, telephone 17%","email 38%, <long> 36%",0.6889,0.191,0.937
r8s_1452_light_fixture,"Suggest a type of light fixture. Reply with only the name, nothing else.",0.6778,<long> -> bench,0.6389,pendant light -> real,0.5144,pendant light -> bench,60,58,0.0,0.356,0.213,60,90,8,0.0,0.213,10.0,pendant light,0.65,3,2.21,1.85,0.847,"pendant light 83%, chandelier 8%","pendant light 56%, <long> 36%",0.6478,0.204,0.901
r8s_1583_screw,"Suggest a type of screw. Reply with only the name, nothing else.",0.6778,<long> -> bench,0.5639,phillips screw -> real,0.5405,phillips -> bench,60,58,0.0,0.356,0.213,60,90,9,0.0,0.213,9.9,wood screw,0.3,8,5.79,4.68,0.39,"phillips 35%, phillips screw 25%","<long> 36%, phillips 28%",0.6339,0.064,0.961
r8_1541_forest_floor_layer,"Name a forest floor layer. Reply with only the name, nothing else.",0.6778,<long> -> bench,0.5417,litter layer -> real,0.5687,litter layer -> bench,60,58,0.0,0.356,0.213,60,90,25,0.0,0.207,9.7,litter layer,0.55,6,3.78,6.89,0.551,"litter layer 48%, litter 8%","litter layer 40%, <long> 36%",0.6278,0.236,1.115
r8_1565_marker_brand,"Name a marker brand. Reply with only the name, nothing else.",0.6778,sharpie -> real,0.6778,sharpie -> real,0.5563,sharpie -> real,60,61,0.0,0.322,0.193,60,90,10,0.0,0.18,8.6,sharpie,0.95,2,1.22,2.18,0.81,"sharpie 87%, expo 8%","sharpie 51%, <long> 32%",0.6669,0.198,0.969
r8_0899_mechanism,"Name a type of mechanism. Reply with only the name, nothing else.",0.6778,<long> -> bench,0.6194,gear -> real,0.6072,gear -> real,60,58,0.0,0.356,0.213,60,90,57,0.0,0.207,9.4,gear train,0.6,7,3.82,33.62,0.178,"gear 28%, gears 8%","<long> 36%, gear mechanism 7%",0.6658,0.438,0.742
r8_1637_easel,"Name an easel. Reply with only the name, nothing else.",0.6778,<long> -> bench,0.525,h-frame easel -> bench,0.5434,h-frame easel -> bench,60,58,0.0,0.356,0.213,60,90,100,0.0,0.2,10.0,h-frame easel,0.3,14,10.9,86.35,0.059,"canvas 5%, hokusai 3%","<long> 36%, h-frame easel 7%",0.6022,0.409,0.653
r8_1169_type_of_bread,"Name a type of bread. Reply with only the name, nothing else.",0.6778,sourdough -> real,0.6778,sourdough -> real,0.5603,sourdough -> real,60,65,0.0,0.278,0.167,60,90,8,0.0,0.167,8.6,sourdough,0.9,2,1.38,1.58,0.904,"sourdough 97%, whole wheat 2%","sourdough 61%, <long> 28%",0.6511,0.096,1.188
r8_1842_size,"Name a size. Reply with only the name, nothing else.",0.6778,<long> -> bench,0.5861,medium -> real,0.5279,medium -> real,60,58,0.0,0.356,0.213,60,90,30,0.0,0.2,8.7,medium,0.85,4,1.8,9.14,0.356,"medium 38%, small 18%","<long> 36%, medium 21%",0.6628,0.208,0.843
r8_1510_dice_face,"Name a dice face. Reply with only the name, nothing else.",0.6778,<long> -> bench,0.6194,one -> real,0.5966,five -> bench,60,58,0.0,0.356,0.213,60,90,15,0.0,0.207,8.4,one,0.65,5,2.99,6.54,0.39,"one 45%, six 12%","<long> 36%, one 21%",0.6139,0.215,0.954
r8_0213_storm,"Name a storm. Reply with only the name, nothing else.",0.6778,<long> -> bench,0.5611,katrina -> bench,0.6316,katrina -> bench,60,58,0.0,0.356,0.213,60,90,48,0.0,0.2,9.5,katrina,0.75,3,1.99,21.73,0.263,"katrina 13%, hurricane katrina 13%","<long> 36%, katrina 26%",0.6217,0.265,0.871
r8_1785_cosmic_event,"Name a cosmic event. Reply with only the name, nothing else.",0.6778,supernova -> real,0.6778,supernova -> real,0.5323,supernova -> real,60,62,0.0,0.311,0.187,60,90,6,0.0,0.187,9.2,supernova,1.0,1,1.0,1.21,0.967,supernova 100%,"supernova 64%, <long> 31%",0.6553,0.119,1.015
r8_0520_contract,"Name a contract. Reply with only the name, nothing else.",0.6778,<long> -> bench,0.5333,lease agreement -> bench,0.5687,lease agreement -> bench,56,52,0.067,0.422,0.28,60,90,65,0.0,0.233,11.7,employment agreement,0.2,10,8.48,45.27,0.102,"<long> 7%, service level agreement sla 7%","<long> 42%, lease agreement 10%",0.6494,0.413,0.641
r8_0376_clay,"Name a clay. Reply with only the name, nothing else.",0.6778,<long> -> bench,0.6278,kaolin -> real,0.5874,kaolinite -> bench,60,58,0.0,0.356,0.213,60,90,35,0.0,0.207,9.4,kaolin,0.95,2,1.22,7.96,0.525,"kaolin 57%, kaolinite 7%","<long> 36%, kaolin 31%",0.6231,0.299,0.854
r8_0367_unit_of_distance,"Name an unit of distance. Reply with only the name, nothing else.",0.6778,<long> -> bench,0.6083,meter -> real,0.5569,mile -> real,60,58,0.0,0.356,0.213,60,90,7,0.0,0.213,8.5,meter,1.0,1,1.0,2.08,0.788,"meter 75%, mile 20%","meter 53%, <long> 36%",0.6289,0.079,1.186
r8_0535_stove,"Name a stove. Reply with only the name, nothing else.",0.6778,<long> -> bench,0.55,whirlpool -> real,0.5612,gas range -> bench,60,58,0.0,0.356,0.213,60,90,63,0.0,0.207,9.7,kitchenaid,0.2,14,11.99,39.68,0.11,"kitchenaid 12%, whirlpool 10%","<long> 36%, gas range 11%",0.6172,0.409,0.838
r8_1093_public_service,"Name a public service. Reply with only the name, nothing else.",0.6778,<long> -> bench,0.5528,public library -> real,0.606,fire department -> bench,60,58,0.0,0.356,0.213,60,90,36,0.0,0.193,9.0,fire department,0.75,4,2.28,16.53,0.254,"fire department 15%, public library 12%","<long> 36%, fire department 23%",0.6197,0.282,0.88
r8_0222_wallet,"Name a wallet. Reply with only the name, nothing else.",0.6778,<long> -> bench,0.6222,metamask -> real,0.5261,coinbase wallet -> bench,60,58,0.0,0.356,0.213,60,90,27,0.0,0.213,9.3,metamask,0.65,4,2.79,5.37,0.619,"metamask 63%, ledger 15%","metamask 39%, <long> 36%",0.6392,0.296,0.667
r8s_0579_chord,"Suggest a type of chord. Reply with only the name, nothing else.",0.6778,<long> -> bench,0.5694,g major -> real,0.5664,g major -> real,60,58,0.0,0.356,0.213,60,90,38,0.0,0.207,9.5,major triad,0.25,11,8.82,20.58,0.153,"g major 15%, major seventh 12%","<long> 36%, major seventh 12%",0.6236,0.262,0.844
r8_0523_skin_care_product,"Name a skin care product. Reply with only the name, nothing else.",0.6778,<long> -> bench,0.575,cerave moisturizing cream -> real,0.5302,cerave -> real,60,58,0.0,0.356,0.213,60,90,14,0.0,0.18,11.8,cerave moisturizing cream,0.85,3,1.68,4.39,0.542,"cerave moisturizing cream 52%, cerave 25%","cerave moisturizing cream 37%, <long> 36%",0.6489,0.155,0.975
r8_1717_bird_nest,"Name a bird nest. Reply with only the name, nothing else.",0.6778,<long> -> bench,0.5806,robins nest -> real,0.5284,robins nest -> real,60,58,0.0,0.356,0.213,60,90,46,0.0,0.213,10.0,robins nest,0.2,13,11.19,17.85,0.322,"robins nest 35%, robin nest 12%","<long> 36%, robins nest 19%",0.6336,0.353,0.954
r8s_1250_oral_care_product,"Suggest a type of oral care product. Reply with only the name, nothing else.",0.6778,electric toothbrush -> real,0.6778,electric toothbrush -> real,0.6355,electric toothbrush -> real,59,67,0.017,0.256,0.16,60,90,11,0.0,0.153,8.6,electric toothbrush,0.55,6,3.85,3.92,0.5,"electric toothbrush 63%, toothpaste 18%","toothpaste 30%, electric toothbrush 28%",0.6953,0.152,1.026
r8_1416_mailing_item,"Name a mailing item. Reply with only the name, nothing else.",0.6778,<long> -> bench,0.5444,envelope -> real,0.5598,envelope -> bench,60,58,0.0,0.356,0.213,60,90,16,0.0,0.207,8.5,envelope,0.45,3,2.75,4.73,0.525,"envelope 47%, stamp 18%","envelope 38%, <long> 36%",0.6272,0.375,0.954
r8_1833_spy,"Name a spy. Reply with only the name, nothing else.",0.6778,<long> -> bench,0.6694,james bond -> real,0.5376,james bond -> real,60,58,0.0,0.356,0.213,60,90,25,0.0,0.187,8.9,james bond,0.45,12,7.44,3.31,0.78,"james bond 82%, aldrich ames 3%","james bond 48%, <long> 36%",0.6375,0.242,0.965
r8s_0192_park,"Suggest a type of park. Reply with only the name, nothing else.",0.6778,<long> -> bench,0.5806,central park -> real,0.5284,central park -> real,60,58,0.0,0.356,0.213,60,90,21,0.0,0.207,9.6,botanical garden,0.4,10,6.89,7.29,0.322,"central park 35%, national park 27%","<long> 36%, national park 20%",0.6194,0.205,0.896
r8_1449_smile,"Name a smile. Reply with only the name, nothing else.",0.6778,<long> -> bench,0.525,grin -> real,0.5718,mona lisa -> bench,60,58,0.0,0.356,0.213,60,90,66,0.0,0.207,9.7,duchenne,0.2,12,10.0,36.53,0.237,"mona lisa 17%, grin 5%","<long> 36%, mona lisa 20%",0.6308,0.382,0.958
r8_0824_chocolate_bar,"Name a chocolate bar. Reply with only the name, nothing else.",0.6778,<long> -> bench,0.5556,hersheys -> real,0.5727,snickers -> bench,60,58,0.0,0.356,0.213,60,90,27,0.0,0.207,10.5,snickers,0.75,5,2.45,8.01,0.381,"hersheys 37%, snickers 22%","<long> 36%, hersheys 26%",0.6469,0.218,0.951
r8_0996_tree_part,"Name a tree part. Reply with only the name, nothing else.",0.6778,<long> -> bench,0.6667,leaf -> real,0.5931,leaf -> real,60,58,0.0,0.356,0.213,60,90,8,0.0,0.2,8.4,leaf,0.5,5,3.96,4.29,0.508,"leaf 60%, branch 20%","<long> 36%, leaf 27%",0.6581,0.326,1.189
r8_1419_glue_type,"Name a glue type. Reply with only the name, nothing else.",0.6778,<long> -> bench,0.575,epoxy -> real,0.5474,epoxy -> real,60,58,0.0,0.356,0.213,60,90,35,0.0,0.207,10.1,super glue,0.6,7,3.92,11.81,0.28,"epoxy 25%, super glue 25%","<long> 36%, super glue 20%",0.6561,0.285,1.227
r8_1108_saying,"Name a type of saying. Reply with only the name, nothing else.",0.6778,<long> -> bench,0.6222,proverb -> real,0.5402,proverb -> bench,60,58,0.0,0.356,0.213,60,90,5,0.0,0.207,9.2,proverb,1.0,1,1.0,1.59,0.873,"proverb 83%, idiom 13%","proverb 59%, <long> 36%",0.6397,0.151,0.92
r8_1480_drift,"Name a drift. Reply with only the name, nothing else.",0.6778,<long> -> bench,0.5611,donut -> real,0.5618,donut -> real,56,52,0.067,0.422,0.28,60,90,91,0.0,0.247,11.7,labour,0.05,20,20.0,75.98,0.083,"donut 13%, <long> 7%","<long> 42%, drift 4%",0.6622,0.54,0.741
r8_0791_spinach,"Name a spinach. Reply with only the name, nothing else.",0.6778,<long> -> bench,0.6111,popeye -> bench,0.6908,popeye -> bench,60,58,0.0,0.356,0.213,60,90,55,0.0,0.2,10.2,popeye,0.45,10,6.24,21.7,0.254,"spinach 20%, baby spinach 10%","<long> 36%, popeye 29%",0.6411,0.292,1.057
r8s_0697_plier,"Suggest a type of plier. Reply with only the name, nothing else.",0.6778,<long> -> bench,0.5917,needle-nose pliers -> real,0.5491,linemans pliers -> real,60,58,0.0,0.356,0.213,60,90,23,0.0,0.213,11.7,needle-nose pliers,0.35,6,4.68,7.87,0.475,"needle-nose pliers 48%, linemans pliers 15%","<long> 36%, needle-nose pliers 30%",0.6239,0.294,0.936
r8s_1536_bolt,"Suggest a type of bolt. Reply with only the name, nothing else.",0.6778,<long> -> bench,0.6111,hex bolt -> real,0.5497,carriage bolt -> real,60,58,0.0,0.356,0.213,60,90,13,0.0,0.207,9.2,hex bolt,1.0,1,1.0,2.74,0.763,"hex bolt 73%, carriage bolt 12%","hex bolt 51%, <long> 36%",0.6167,0.146,0.689
r8_0746_musical_note_duration,"Name a musical note duration. Reply with only the name, nothing else.",0.6778,quarter note -> real,0.6778,quarter note -> real,0.625,quarter -> bench,60,60,0.0,0.333,0.2,60,90,11,0.0,0.193,8.7,quarter note,0.65,3,2.21,3.8,0.567,"quarter note 67%, whole note 13%","<long> 33%, quarter note 31%",0.6308,0.207,1.014
r8s_1984_unit_of_time,"Suggest a type of unit of time. Reply with only the name, nothing else.",0.6778,<long> -> bench,0.6028,second -> real,0.5621,hour -> bench,60,58,0.0,0.356,0.213,60,90,14,0.0,0.213,8.6,second,0.35,6,4.93,4.87,0.542,"second 55%, minute 12%","<long> 36%, second 34%",0.6228,0.289,0.874
r8_1893_household_electronic,"Name a household electronic. Reply with only the name, nothing else.",0.6778,toaster -> real,0.6778,toaster -> real,0.55,toaster -> real,60,60,0.0,0.333,0.2,60,90,10,0.0,0.2,8.9,toaster,0.6,5,3.32,2.24,0.817,"toaster 87%, refrigerator 3%","toaster 51%, <long> 33%",0.6383,0.246,1.069
r8s_1774_custard,"Suggest a type of custard. Reply with only the name, nothing else.",0.6778,<long> -> bench,0.5722,crème caramel -> real,0.5431,vanilla -> bench,60,58,0.0,0.356,0.213,60,90,20,0.0,0.213,11.0,crème brûlée,0.45,7,4.35,5.75,0.483,"crème brûlée 47%, crème caramel 27%","<long> 36%, crème brûlée 32%",0.6472,0.134,0.987
r8_0777_magnifying_glass,"Name a type of magnifying glass. Reply with only the name, nothing else.",0.6778,<long> -> bench,0.625,loup -> real,0.5698,loup -> real,60,58,0.0,0.356,0.213,60,90,20,0.0,0.213,9.5,loupe,0.45,6,4.46,7.11,0.381,"loup 45%, loupe 23%","<long> 36%, loup 20%",0.6408,0.149,0.987
r8_1884_plant_flower_arrangeme,"Name a type of plant flower arrangement. Reply with only the name, nothing else.",0.6778,<long> -> bench,0.5861,ikebana -> real,0.5463,ikebana -> real,60,58,0.0,0.356,0.213,60,90,22,0.0,0.207,10.1,ikebana,0.65,6,3.2,5.22,0.5,"bouquet 47%, ikebana 32%","<long> 36%, bouquet 34%",0.6136,0.226,0.853
r8s_1971_petal,"Suggest a type of petal. Reply with only the name, nothing else.",0.6778,rose -> real,0.6778,rose -> real,0.6137,rose -> real,59,60,0.017,0.333,0.207,60,90,22,0.0,0.2,9.0,rose petal,0.65,2,1.91,5.96,0.529,"rose 63%, tulip 10%","<long> 33%, rose 28%",0.6475,0.273,0.886
r8_0532_stitch,"Name a stitch. Reply with only the name, nothing else.",0.6778,<long> -> bench,0.5833,running stitch -> real,0.5376,backstitch -> bench,60,58,0.0,0.356,0.213,60,90,37,0.0,0.193,9.4,running stitch,0.7,4,2.39,13.72,0.297,"running stitch 33%, backstitch 18%","<long> 36%, running stitch 17%",0.6317,0.269,0.977
r8_1217_card_game,"Name a card game. Reply with only the name, nothing else.",0.675,uno -> real,0.675,uno -> real,0.6547,uno -> real,60,64,0.0,0.289,0.173,60,90,23,0.0,0.16,8.2,uno,0.4,5,3.54,6.63,0.419,"uno 45%, poker 37%","poker 33%, <long> 29%",0.6581,0.251,0.942
r8_1328_natural_wonder,"Name a natural wonder. Reply with only the name, nothing else.",0.675,grand canyon -> real,0.675,grand canyon -> real,0.5989,grand canyon -> real,60,69,0.0,0.233,0.14,60,90,13,0.0,0.14,7.6,grand canyon,0.9,3,1.48,2.81,0.744,"grand canyon 85%, mount everest 3%","grand canyon 50%, <long> 23%",0.6089,0.142,0.993
r8_0446_satellite,"Name a satellite. Reply with only the name, nothing else.",0.675,hubble -> real,0.675,hubble -> real,0.6131,hubble -> real,59,64,0.017,0.289,0.18,60,90,29,0.0,0.173,8.2,hubble,0.9,3,1.48,6.93,0.577,"hubble 68%, moon 7%","hubble 33%, <long> 29%",0.6417,0.275,0.779
r8_0892_workout,"Name a workout. Reply with only the name, nothing else.",0.675,<long> -> bench,0.5639,burpees -> real,0.55,hiit -> real,59,57,0.017,0.367,0.227,60,90,39,0.0,0.213,10.0,burpees,0.4,9,6.43,18.25,0.172,"burpees 18%, plank 17%","<long> 37%, crossfit 13%",0.6164,0.226,0.85
r8_1318_drop,"Name a drop. Reply with only the name, nothing else.",0.675,<long> -> bench,0.55,tear -> bench,0.5833,tear -> bench,57,54,0.05,0.4,0.26,60,90,81,0.0,0.253,11.0,tear,0.35,8,5.52,61.08,0.081,"raindrop 7%, <long> 5%","<long> 40%, tear 10%",0.6825,0.462,0.702
r8s_0349_gesture,"Suggest a type of gesture. Reply with only the name, nothing else.",0.675,<long> -> bench,0.5611,wave -> bench,0.6621,wave -> bench,59,57,0.017,0.367,0.227,60,90,24,0.0,0.22,9.3,thumbs up,0.75,4,2.23,8.45,0.397,"wave 23%, thumbs up 20%","<long> 37%, wave 36%",0.6222,0.321,0.552
r8_1354_plastic_product,"Name a plastic product. Reply with only the name, nothing else.",0.675,bottle -> real,0.675,bottle -> real,0.6137,bottle -> real,60,59,0.0,0.344,0.207,60,90,13,0.0,0.207,9.2,water bottle,0.45,5,3.51,4.01,0.471,"bottle 58%, water bottle 27%","<long> 34%, water bottle 24%",0.6411,0.114,0.948
r8s_0342_plant_part,"Suggest a type of plant part. Reply with only the name, nothing else.",0.675,leaf -> real,0.675,leaf -> real,0.547,leaf -> real,60,62,0.0,0.311,0.187,60,90,5,0.0,0.187,7.6,leaf,0.7,2,1.84,1.6,0.869,"leaf 92%, root 7%","leaf 57%, <long> 31%",0.6497,0.192,0.933
r8s_0268_bay,"Suggest a type of bay. Reply with only the name, nothing else.",0.675,<long> -> bench,0.5667,san francisco bay -> real,0.643,fjord -> bench,59,57,0.017,0.367,0.227,60,90,61,0.0,0.22,9.9,san francisco bay,0.4,11,7.58,27.98,0.293,"fjord 15%, san francisco bay 13%","<long> 37%, fjord 28%",0.6292,0.362,0.944
r8s_0224_cosmetic,"Suggest a type of cosmetic. Reply with only the name, nothing else.",0.675,<long> -> bench,0.5833,lipstick -> real,0.5743,moisturizer -> bench,59,57,0.017,0.367,0.227,60,90,24,0.0,0.207,10.4,lipstick,0.85,4,1.8,7.91,0.345,"lipstick 37%, moisturizer 23%","<long> 37%, moisturizer 24%",0.6264,0.274,0.923
r8_1978_communication,"Name a communication. Reply with only the name, nothing else.",0.675,<long> -> bench,0.5417,tcp -> real,0.5439,tcp -> real,57,54,0.05,0.4,0.26,60,90,62,0.0,0.233,10.5,email,0.6,6,3.56,24.18,0.369,"email 32%, tcp 8%","<long> 40%, email 24%",0.685,0.438,0.695
r8_1366_rainforest_animal,"Name a rainforest animal. Reply with only the name, nothing else.",0.675,jaguar -> real,0.675,jaguar -> real,0.594,jaguar -> real,60,70,0.0,0.222,0.133,60,90,17,0.0,0.133,7.7,jaguar,1.0,1,1.0,2.5,0.815,"jaguar 92%, sloth 7%","jaguar 57%, <long> 22%",0.6186,0.172,0.981
r8_1384_vegetable_seed,"Name a vegetable seed. Reply with only the name, nothing else.",0.675,tomato -> real,0.675,tomato -> real,0.6237,tomato -> real,60,65,0.0,0.278,0.167,60,90,19,0.0,0.167,8.0,tomato,0.65,4,2.52,4.78,0.488,"tomato 62%, carrot 32%","<long> 28%, tomato 27%",0.6928,0.233,1.357
r8s_1624_pizza,"Suggest a type of pizza. Reply with only the name, nothing else.",0.675,margherita -> real,0.675,margherita -> real,0.6122,pepperoni -> bench,60,65,0.0,0.278,0.167,60,90,6,0.0,0.16,8.7,margherita,0.75,2,1.75,2.3,0.568,"margherita 68%, pepperoni 28%","pepperoni 37%, margherita 33%",0.6247,0.052,0.951
r8_1132_imp,"Name an imp. Reply with only the name, nothing else.",0.675,<long> -> bench,0.5306,impala -> real,0.5463,napoleon bonaparte -> bench,57,54,0.05,0.4,0.26,60,90,99,0.0,0.227,10.8,lucifer,0.15,17,15.83,87.96,0.063,"impala 8%, <long> 5%","<long> 40%, napoleon bonaparte 6%",0.6458,0.562,0.511
r8_1973_galaxy_shape,"Name a galaxy shape. Reply with only the name, nothing else.",0.675,spiral -> real,0.675,spiral -> real,0.5393,spiral -> real,60,63,0.0,0.3,0.18,60,90,7,0.0,0.18,9.0,spiral,1.0,1,1.0,1.35,0.943,"spiral 98%, elliptical 2%","spiral 63%, <long> 30%",0.6333,0.107,1.009
r8_0342_plant_part,"Name a plant part. Reply with only the name, nothing else.",0.675,leaf -> real,0.675,leaf -> real,0.5469,root -> bench,60,64,0.0,0.289,0.173,60,90,5,0.0,0.173,7.2,leaf,1.0,1,1.0,1.33,0.935,"leaf 98%, leaves 2%","leaf 63%, <long> 29%",0.6531,0.164,1.07
r8_1803_mineral_water,"Name a mineral water. Reply with only the name, nothing else.",0.675,evian -> real,0.675,evian -> real,0.6323,evian -> real,60,73,0.0,0.189,0.113,60,90,9,0.0,0.113,6.3,evian,0.85,3,1.68,2.79,0.571,"evian 72%, perrier 23%","evian 37%, perrier 36%",0.6539,0.105,1.034
r8s_0016_unit_of_weight,"Suggest a type of unit of weight. Reply with only the name, nothing else.",0.675,kilogram -> real,0.675,kilogram -> real,0.5641,kilogram -> real,60,61,0.0,0.322,0.193,60,90,7,0.0,0.193,9.3,kilogram,0.8,2,1.65,2.16,0.752,"kilogram 82%, pound 15%","kilogram 47%, <long> 32%",0.7214,0.118,0.985
r8_1864_map_type,"Name a map type. Reply with only the name, nothing else.",0.675,<long> -> bench,0.5667,topographic -> real,0.5916,topographic map -> bench,59,57,0.017,0.367,0.227,60,90,36,0.0,0.213,9.6,topographic map,0.75,4,2.23,13.88,0.31,"topographic map 22%, hashmap 13%","<long> 37%, topographic map 26%",0.6564,0.256,0.534
r8_1899_wheelie,"Name a wheelie. Reply with only the name, nothing else.",0.675,<long> -> bench,0.525,wheely -> real,0.5254,wheely -> real,59,57,0.017,0.367,0.227,60,90,109,0.0,0.22,10.3,big wheel,0.05,20,20.0,104.48,0.026,"wheely 5%, nitro 2%","<long> 37%, harley-davidson 2%",0.6336,0.588,0.792
r8_1775_caecilian,"Name a caecilian. Reply with only the name, nothing else.",0.675,<long> -> bench,0.5278,caecilia tentaculata -> real,0.539,boulengerula taitana -> bench,57,54,0.05,0.4,0.26,60,90,48,0.0,0.26,14.1,typhlonectes natans,0.35,10,6.77,24.16,0.207,"typhlonectes natans 18%, ichthyophis glutinosus 10%","<long> 40%, typhlonectes natans 13%",0.6483,0.25,0.918
r8_0440_towel,"Name a towel. Reply with only the name, nothing else.",0.675,<long> -> bench,0.5444,bath towel -> bench,0.617,bath towel -> bench,59,57,0.017,0.367,0.227,60,90,58,0.0,0.207,10.1,bath towel,0.6,9,4.5,24.49,0.284,"bath towel 17%, towelie 7%","<long> 37%, bath towel 26%",0.5992,0.368,0.859
r8_0566_medical_procedure,"Name a medical procedure. Reply with only the name, nothing else.",0.675,appendectomy -> real,0.675,appendectomy -> real,0.5878,appendectomy -> real,60,61,0.0,0.322,0.193,60,90,16,0.0,0.193,8.8,appendectomy,0.85,4,1.8,4.07,0.628,"appendectomy 72%, mri 12%","appendectomy 37%, <long> 32%",0.6819,0.227,1.005
r8_1797_nail,"Name a nail. Reply with only the name, nothing else.",0.675,<long> -> bench,0.5444,fingernail -> real,0.5354,brad -> bench,59,57,0.017,0.367,0.227,60,90,60,0.0,0.213,10.1,thumb,0.35,11,7.67,29.32,0.276,"fingernail 27%, thumb 7%","<long> 37%, fingernail 18%",0.6303,0.388,0.783
r8_1779_switch,"Name a switch. Reply with only the name, nothing else.",0.675,<long> -> bench,0.5528,toggle -> real,0.5445,toggle switch -> bench,59,57,0.017,0.367,0.227,60,90,59,0.0,0.187,9.5,nintendo switch,0.2,12,9.74,29.01,0.19,"toggle 18%, light switch 18%","<long> 37%, light switch 12%",0.6339,0.4,0.452
r8_1906_tree_height_category,"Name a tree height category. Reply with only the name, nothing else.",0.675,<long> -> bench,0.6,tall -> real,0.583,tall -> real,59,57,0.017,0.367,0.227,60,90,51,0.0,0.22,10.2,tall,0.2,14,11.99,25.32,0.19,"tall 27%, deciduous 10%","<long> 37%, deciduous 10%",0.6481,0.354,0.996
r8s_0157_shape,"Suggest a type of shape. Reply with only the name, nothing else.",0.675,circle -> real,0.675,circle -> real,0.591,circle -> real,58,59,0.033,0.344,0.22,60,90,19,0.0,0.213,8.6,circle,0.7,6,2.94,4.38,0.65,"circle 72%, triangle 7%","circle 37%, <long> 34%",0.6828,0.218,0.815
r8s_0509_body_system,"Suggest a type of body system. Reply with only the name, nothing else.",0.675,<long> -> bench,0.5611,nervous system -> real,0.5333,digestive system -> real,59,57,0.017,0.367,0.227,60,90,28,0.0,0.22,10.7,circulatory system,0.4,5,3.74,9.27,0.397,"circulatory system 37%, nervous system 23%","<long> 37%, circulatory system 27%",0.6303,0.257,0.514
r8_0588_lipstick,"Name a lipstick. Reply with only the name, nothing else.",0.675,ruby woo -> real,0.675,ruby woo -> real,0.6497,ruby woo -> real,56,59,0.067,0.344,0.233,60,90,34,0.0,0.207,10.0,ruby woo,0.4,8,5.09,11.26,0.4,"ruby woo 52%, <long> 7%","<long> 34%, mac ruby woo 18%",0.6306,0.393,1.023
r8s_0323_lamp,"Suggest a type of lamp. Reply with only the name, nothing else.",0.675,<long> -> bench,0.5833,lamp -> real,0.5473,lamp -> real,59,57,0.017,0.367,0.227,60,90,31,0.0,0.207,9.7,floor lamp,0.2,10,8.63,14.2,0.259,"lamp 30%, desk lamp 13%","<long> 37%, lamp 13%",0.6292,0.24,0.888
r8s_1981_scream,"Suggest a type of scream. Reply with only the name, nothing else.",0.675,<long> -> bench,0.5639,bloodcurdling -> real,0.5306,bloodcurdling -> real,59,57,0.017,0.367,0.227,60,90,73,0.0,0.207,10.4,blood-curdling,0.1,18,17.41,41.27,0.224,"bloodcurdling 25%, blood-curdling 5%","<long> 37%, bloodcurdling 12%",0.6161,0.355,0.868
r8_1990_diagram,"Name a diagram. Reply with only the name, nothing else.",0.675,<long> -> bench,0.5444,sequence diagram -> real,0.5434,sequence diagram -> real,57,54,0.05,0.4,0.26,60,90,52,0.0,0.22,10.7,venn diagram,0.75,3,1.99,20.89,0.279,"flowchart 23%, venn diagram 13%","<long> 40%, flowchart 19%",0.6358,0.401,0.55
r8_0604_texture,"Name a type of texture. Reply with only the name, nothing else.",0.675,velvet -> real,0.675,velvet -> real,0.6433,velvet -> real,60,61,0.0,0.322,0.193,60,90,35,0.0,0.187,8.6,smooth,0.5,3,2.35,13.69,0.339,"velvet 48%, sandpaper 5%","<long> 32%, smooth 13%",0.6947,0.304,0.686
r8_1388_door_type,"Name a door type. Reply with only the name, nothing else.",0.675,<long> -> bench,0.5972,sliding door -> real,0.533,french door -> real,59,57,0.017,0.367,0.227,60,90,33,0.0,0.22,10.1,sliding door,0.6,6,3.56,9.87,0.474,"sliding door 48%, french door 12%","<long> 37%, sliding door 29%",0.6442,0.272,1.027
r8s_1594_wave_type,"Suggest a wave type. Reply with only the name, nothing else.",0.675,<long> -> bench,0.5944,sine wave -> real,0.5702,sound wave -> bench,59,57,0.017,0.367,0.227,60,90,42,0.0,0.227,9.9,sine wave,0.45,11,6.94,14.12,0.284,"sine wave 33%, sine 28%","<long> 37%, sine wave 14%",0.655,0.296,0.631
r8s_1611_skin_feature,"Suggest a type of skin feature. Reply with only the name, nothing else.",0.675,<long> -> bench,0.5694,mole -> bench,0.6893,mole -> bench,59,57,0.017,0.367,0.227,60,90,32,0.0,0.213,9.7,mole,0.5,7,4.47,9.62,0.474,"mole 28%, freckles 17%","mole 42%, <long> 37%",0.6228,0.204,0.814
r8_1410_region,"Name a region. Reply with only the name, nothing else.",0.675,<long> -> bench,0.5833,europe -> real,0.5754,europe -> real,59,57,0.017,0.367,0.227,60,90,52,0.0,0.227,9.8,scandinavia,0.2,12,10.17,32.95,0.129,"europe 20%, tokyo 7%","<long> 37%, north america 11%",0.6286,0.423,0.618
r8_1934_slipper,"Name a slipper. Reply with only the name, nothing else.",0.675,<long> -> bench,0.5889,crocs -> real,0.5654,crocs -> real,59,57,0.017,0.367,0.227,60,90,48,0.0,0.213,9.9,mule,0.25,12,9.46,22.55,0.207,"crocs 27%, flip-flop 18%","<long> 37%, flip-flop 9%",0.6158,0.355,0.866
r8_0955_thanksgiving_side_dish,"Name a thanksgiving side dish. Reply with only the name, nothing else.",0.6722,<long> -> bench,0.6306,cranberry sauce -> real,0.6247,cranberry sauce -> real,60,59,0.0,0.344,0.207,60,90,8,0.0,0.207,10.2,mashed potatoes,0.6,5,3.24,3.9,0.479,"mashed potatoes 42%, cranberry sauce 28%","mashed potatoes 36%, <long> 34%",0.6117,0.187,1.128
r8s_0438_car_part,"Suggest a type of car part. Reply with only the name, nothing else.",0.6722,<long> -> bench,0.5667,brake pad -> real,0.5579,brake pad -> real,60,59,0.0,0.344,0.207,60,90,25,0.0,0.207,9.3,spark plug,0.45,6,4.54,8.27,0.403,"spark plug 35%, brake pad 17%","<long> 34%, spark plug 30%",0.6133,0.277,0.834
r8_0790_optical_effect,"Name an optical effect. Reply with only the name, nothing else.",0.6722,<long> -> bench,0.5861,mirage -> real,0.5832,mirage -> real,60,59,0.0,0.344,0.207,60,90,32,0.0,0.207,9.6,rainbow,0.45,5,3.99,14.22,0.244,"refraction 23%, mirage 18%","<long> 34%, refraction 17%",0.6133,0.275,1.006
r8_0706_athlete,"Name an athlete. Reply with only the name, nothing else.",0.6722,<long> -> bench,0.6056,serena williams -> real,0.5343,usain bolt -> bench,60,59,0.0,0.344,0.207,60,90,12,0.0,0.207,9.7,serena williams,0.7,6,2.94,4.48,0.555,"serena williams 57%, lebron james 15%","serena williams 36%, <long> 34%",0.6233,0.173,0.974
r8_1287_sushi_fish,"Name a sushi fish. Reply with only the name, nothing else.",0.6722,salmon -> real,0.6722,salmon -> real,0.5707,tuna -> bench,60,62,0.0,0.311,0.187,60,90,12,0.0,0.173,8.4,salmon,0.85,3,1.68,2.53,0.73,"salmon 80%, tuna 12%","salmon 46%, <long> 31%",0.6175,0.263,0.865
r8_1272_element_of_nature,"Name a type of element of nature. Reply with only the name, nothing else.",0.6722,<long> -> bench,0.6083,water -> real,0.5339,gold -> bench,60,59,0.0,0.344,0.207,60,90,20,0.0,0.207,8.3,water,0.35,7,5.66,5.93,0.571,"water 58%, mountain 10%","water 37%, <long> 34%",0.6178,0.349,0.759
r8s_0791_spinach,"Suggest a type of spinach. Reply with only the name, nothing else.",0.6722,<long> -> bench,0.6139,baby spinach -> real,0.538,baby spinach -> real,60,59,0.0,0.344,0.207,60,90,38,0.0,0.207,10.2,baby spinach,0.4,6,3.79,10.57,0.479,"baby spinach 52%, spinach 13%","<long> 34%, baby spinach 29%",0.6053,0.231,0.93
r8s_0684_calendar_month,"Suggest a type of calendar month. Reply with only the name, nothing else.",0.6722,gregorian -> real,0.6722,gregorian -> real,0.6669,gregorian -> real,60,61,0.0,0.322,0.193,60,90,29,0.0,0.18,8.0,gregorian,0.45,8,5.35,9.51,0.355,"gregorian 37%, january 27%","<long> 32%, january 30%",0.6439,0.282,0.907
r8s_1029_nail_product,"Suggest a type of nail product. Reply with only the name, nothing else.",0.6722,gel polish -> real,0.6722,gel polish -> real,0.672,nail polish -> bench,60,62,0.0,0.311,0.187,60,90,16,0.0,0.187,9.0,gel polish,0.5,4,2.75,3.68,0.508,"gel polish 50%, nail polish 33%","nail polish 47%, <long> 31%",0.6839,0.107,0.886
r8_1474_pencil,"Name a pencil. Reply with only the name, nothing else.",0.6722,<long> -> bench,0.6139,ticonderoga -> real,0.5205,ticonderoga -> real,60,59,0.0,0.344,0.207,60,90,24,0.0,0.207,10.4,ticonderoga,0.75,6,2.62,6.71,0.563,"ticonderoga 58%, pencil 8%","ticonderoga 36%, <long> 34%",0.6347,0.304,0.889
r8_1526_body_of_land,"Name a body of land. Reply with only the name, nothing else.",0.6722,<long> -> bench,0.5611,greenland -> real,0.5321,antarctica -> real,60,59,0.0,0.344,0.207,60,90,35,0.0,0.207,9.1,antarctica,0.35,10,7.67,14.68,0.244,"greenland 27%, antarctica 22%","<long> 34%, greenland 14%",0.6069,0.416,1.091
r8_0282_train_type,"Name a train type. Reply with only the name, nothing else.",0.6722,<long> -> bench,0.5694,bullet train -> real,0.5278,high-speed rail -> bench,60,59,0.0,0.344,0.207,60,90,22,0.0,0.2,9.6,bullet train,0.65,4,2.52,8.13,0.311,"bullet train 32%, high-speed rail 28%","<long> 34%, high-speed rail 22%",0.6406,0.264,0.995
r8_1731_costume,"Name a costume. Reply with only the name, nothing else.",0.6722,<long> -> bench,0.5389,superman -> real,0.537,superman -> bench,60,59,0.0,0.344,0.207,60,90,45,0.0,0.2,9.3,superman,0.25,10,8.23,15.42,0.403,"superman 37%, spider-man 10%","<long> 34%, superman 29%",0.6131,0.423,0.655
r8_1557_paper_type,"Name a paper type. Reply with only the name, nothing else.",0.6722,<long> -> bench,0.5417,kraft paper -> real,0.6306,research paper -> bench,60,59,0.0,0.344,0.207,60,90,32,0.0,0.207,9.2,kraft paper,0.35,7,5.76,8.04,0.546,"research paper 42%, kraft paper 12%","research paper 44%, <long> 34%",0.6303,0.303,0.739
r8s_0991_fog_type,"Suggest a fog type. Reply with only the name, nothing else.",0.6722,<long> -> bench,0.5917,stratus -> real,0.6366,advection fog -> bench,60,59,0.0,0.344,0.207,60,90,36,0.0,0.207,9.5,advection fog,0.95,2,1.22,14.02,0.252,"stratus 28%, advection fog 12%","<long> 34%, advection fog 26%",0.6261,0.25,0.575
r8s_1027_ray,"Suggest a type of ray. Reply with only the name, nothing else.",0.6722,<long> -> bench,0.5806,laser -> real,0.5876,x-ray -> bench,60,59,0.0,0.344,0.207,60,90,23,0.0,0.207,9.0,manta ray,0.85,4,1.8,7.46,0.42,"x-ray 33%, gamma ray 18%","<long> 34%, x-ray 33%",0.6122,0.171,0.921
r8_1211_fish_scale,"Name a fish scale. Reply with only the name, nothing else.",0.6722,<long> -> bench,0.5917,cycloid -> real,0.5411,cycloid scale -> real,60,59,0.0,0.344,0.207,60,90,26,0.0,0.2,10.0,ctenoid,0.45,5,3.78,7.61,0.387,"cycloid 42%, ctenoid 22%","<long> 34%, cycloid 23%",0.6533,0.18,1.016
r8s_1656_berry_used_in_dessert,"Suggest a type of berry used in dessert. Reply with only the name, nothing else.",0.6722,raspberry -> real,0.6722,raspberry -> real,0.6169,raspberry -> real,60,67,0.0,0.256,0.153,60,90,5,0.0,0.153,7.6,strawberry,0.85,2,1.53,2.83,0.543,"raspberry 67%, strawberry 18%","raspberry 32%, <long> 26%",0.6783,0.065,0.911
r8s_1934_slipper,"Suggest a type of slipper. Reply with only the name, nothing else.",0.6722,<long> -> bench,0.5556,moccasin -> real,0.5499,flip-flop -> real,60,59,0.0,0.344,0.207,60,90,44,0.0,0.207,9.8,moccasin,0.45,7,4.64,23.88,0.134,"moccasin 17%, flip-flops 15%","<long> 34%, mule 11%",0.6128,0.245,0.711
r8_1113_ball,"Name a ball. Reply with only the name, nothing else.",0.6722,<long> -> bench,0.5639,soccer -> real,0.5581,soccer -> real,60,59,0.0,0.344,0.207,60,90,35,0.0,0.2,9.4,soccer ball,0.4,5,4.02,13.64,0.235,"soccer ball 25%, basketball 22%","<long> 34%, soccer ball 14%",0.6133,0.234,0.884
r8_1404_capacitor_type,"Name a capacitor type. Reply with only the name, nothing else.",0.6722,<long> -> bench,0.6167,electrolytic -> real,0.5816,electrolytic -> real,60,59,0.0,0.344,0.207,60,90,9,0.0,0.207,10.5,ceramic capacitor,0.6,4,2.81,4.7,0.319,"electrolytic 37%, electrolytic capacitor 30%","<long> 34%, electrolytic capacitor 22%",0.6822,0.086,1.027
r8_1096_kale,"Name a kale. Reply with only the name, nothing else.",0.6722,<long> -> bench,0.6056,lacinato -> real,0.5559,lacinato -> real,60,59,0.0,0.344,0.207,60,90,36,0.0,0.207,9.8,lacinato,0.5,4,2.99,12.95,0.345,"lacinato 40%, cavolo nero 15%","<long> 34%, lacinato 19%",0.6308,0.202,0.96
r8_0636_toilet,"Name a toilet. Reply with only the name, nothing else.",0.6722,<long> -> bench,0.5306,throne -> real,0.5249,outhouse -> real,60,59,0.0,0.344,0.207,60,90,77,0.0,0.2,9.8,commode,0.2,16,14.14,53.06,0.101,"throne 12%, commode 8%","<long> 34%, commode 7%",0.6047,0.348,0.762
r8s_0032_taste,"Suggest a type of taste. Reply with only the name, nothing else.",0.6722,<long> -> bench,0.6056,sweet -> real,0.5492,sweet -> bench,60,59,0.0,0.344,0.207,60,90,9,0.0,0.2,8.3,sweet,0.8,4,2.03,1.91,0.849,"sweet 80%, umami 10%","sweet 59%, <long> 34%",0.6089,0.199,0.893
r8_0549_invention,"Name an invention. Reply with only the name, nothing else.",0.6722,<long> -> bench,0.5611,light bulb -> real,0.596,telephone -> bench,60,59,0.0,0.344,0.207,60,90,14,0.0,0.207,9.5,telephone,0.45,3,2.91,4.8,0.429,"telephone 33%, lightbulb 28%","<long> 34%, telephone 34%",0.6228,0.373,0.983
r8s_0292_public_building,"Suggest a type of public building. Reply with only the name, nothing else.",0.6722,<long> -> bench,0.6222,library -> real,0.5411,city hall -> real,60,59,0.0,0.344,0.207,60,90,12,0.0,0.2,8.3,library,0.6,2,1.96,2.79,0.739,"library 73%, city hall 15%","library 49%, <long> 34%",0.6264,0.196,0.951
r8s_0110_composer,"Suggest a type of composer. Reply with only the name, nothing else.",0.6722,<long> -> bench,0.5472,johann sebastian bach -> real,0.534,bach -> bench,60,59,0.0,0.344,0.207,60,90,57,0.0,0.207,10.1,romantic composer,0.2,13,11.49,35.18,0.118,"johann sebastian bach 15%, classical 12%","<long> 34%, classical 8%",0.6272,0.428,0.452
r8_1496_zombie,"Name a zombie. Reply with only the name, nothing else.",0.6722,<long> -> bench,0.5278,zombie bob -> real,0.5425,rick grimes -> bench,60,59,0.0,0.344,0.207,60,90,96,0.0,0.2,9.6,negan,0.25,13,10.86,82.92,0.059,"zombie bob 7%, grumble 3%","<long> 34%, rick grimes 7%",0.5969,0.439,1.023
r8_1376_washing_machine,"Name a washing machine. Reply with only the name, nothing else.",0.6722,<long> -> bench,0.5472,whirlpool -> real,0.5374,whirlpool -> bench,60,59,0.0,0.344,0.207,60,90,32,0.0,0.207,9.9,whirlpool duet,0.2,14,11.99,8.84,0.454,"whirlpool 42%, samsung 13%","<long> 34%, whirlpool 32%",0.6178,0.22,0.984
r8s_1021_capacitor,"Suggest a type of capacitor. Reply with only the name, nothing else.",0.6722,<long> -> bench,0.6,electrolytic -> real,0.5562,electrolytic -> real,60,59,0.0,0.344,0.207,60,90,12,0.0,0.207,10.5,ceramic capacitor,0.55,5,3.12,5.07,0.311,"electrolytic 37%, ceramic capacitor 25%","<long> 34%, ceramic capacitor 23%",0.6731,0.086,0.97
r8_0662_game_meat,"Name a game meat. Reply with only the name, nothing else.",0.6722,<long> -> bench,0.6028,venison -> bench,0.6962,venison -> bench,60,59,0.0,0.344,0.207,60,90,55,0.0,0.2,9.2,pork,0.15,18,16.96,22.51,0.345,"venison 15%, minecraft 8%","venison 36%, <long> 34%",0.6411,0.355,0.878
r8s_1048_laboratory_apparatus,"Suggest a type of laboratory apparatus. Reply with only the name, nothing else.",0.6722,bunsen burner -> real,0.6722,bunsen burner -> real,0.5932,bunsen burner -> real,60,64,0.0,0.289,0.173,60,90,15,0.0,0.173,9.3,bunsen burner,0.45,5,3.69,3.86,0.637,"bunsen burner 73%, beaker 10%","bunsen burner 39%, <long> 29%",0.6742,0.206,0.66
r8_0641_gallery,"Name a type of gallery. Reply with only the name, nothing else.",0.6722,art gallery -> real,0.6722,art gallery -> real,0.5242,art gallery -> real,60,62,0.0,0.311,0.187,60,90,3,0.0,0.187,8.6,art gallery,1.0,1,1.0,1.12,0.975,art gallery 100%,"art gallery 66%, <long> 31%",0.6497,0.065,0.915
r8_1976_comic,"Name a comic. Reply with only the name, nothing else.",0.6722,<long> -> bench,0.5694,spider-man -> real,0.5684,walking dead -> bench,60,59,0.0,0.344,0.207,60,90,26,0.0,0.207,9.8,watchmen,0.7,4,2.49,11.21,0.294,"spider-man 32%, calvin and hobbes 17%","<long> 34%, spider-man 18%",0.6183,0.21,0.938
r8s_0021_body_part,"Suggest a type of body part. Reply with only the name, nothing else.",0.6722,<long> -> bench,0.5639,heart -> real,0.5493,heart -> real,60,59,0.0,0.344,0.207,60,90,20,0.0,0.207,8.7,finger,0.25,8,6.43,9.84,0.21,"knee 20%, finger 18%","<long> 34%, knee 14%",0.6172,0.245,0.804
r8_1450_alarm,"Name an alarm. Reply with only the name, nothing else.",0.6722,<long> -> bench,0.5167,cuckoo clock -> bench,0.5459,snooze -> bench,58,56,0.033,0.378,0.24,60,90,92,0.0,0.213,10.7,google clock,0.15,15,13.78,73.76,0.114,"snooze 7%, <long> 3%","<long> 38%, snooze 10%",0.6578,0.478,0.973
r8_1021_capacitor,"Name a capacitor. Reply with only the name, nothing else.",0.6722,<long> -> bench,0.5917,electrolytic capacitor -> real,0.5534,ceramic capacitor -> bench,60,59,0.0,0.344,0.207,60,90,28,0.0,0.207,10.6,electrolytic capacitor,0.5,4,2.75,7.45,0.353,"electrolytic capacitor 38%, ceramic capacitor 30%","<long> 34%, ceramic capacitor 27%",0.6183,0.297,0.979
r8s_0657_party_supply,"Suggest a type of party supply. Reply with only the name, nothing else.",0.6722,<long> -> bench,0.6056,balloons -> real,0.6535,balloon -> bench,60,59,0.0,0.344,0.207,60,90,29,0.0,0.207,9.7,balloon,0.25,12,9.87,10.91,0.303,"balloons 37%, balloon 12%","<long> 34%, balloon 28%",0.6125,0.23,0.882
r8_1824_egg,"Name an egg. Reply with only the name, nothing else.",0.6722,<long> -> bench,0.5333,boiled egg -> real,0.551,chicken egg -> bench,60,59,0.0,0.344,0.207,60,90,68,0.0,0.207,9.3,omelet,0.2,11,9.33,44.13,0.101,"egg 10%, boiled egg 10%","<long> 34%, chicken egg 8%",0.6025,0.355,0.979
r8_0832_tree_root_system,"Name a tree root system. Reply with only the name, nothing else.",0.6722,<long> -> bench,0.6111,taproot -> real,0.5167,mycelium -> real,60,59,0.0,0.344,0.207,60,90,24,0.0,0.193,9.3,taproot system,0.7,2,1.84,4.41,0.672,"taproot 67%, taproot system 10%","taproot 44%, <long> 34%",0.6775,0.218,1.002
r8_1583_screw,"Name a screw. Reply with only the name, nothing else.",0.6722,<long> -> bench,0.6639,phillips -> real,0.5617,phillips -> real,60,59,0.0,0.344,0.207,60,90,9,0.0,0.2,9.2,phillips screw,0.5,4,3.21,2.59,0.655,"phillips 72%, phillips screw 22%","phillips 39%, <long> 34%",0.6736,0.125,1.109
r8_0361_concert_hall,"Name a concert hall. Reply with only the name, nothing else.",0.6722,carnegie hall -> real,0.6722,carnegie hall -> real,0.5661,carnegie hall -> real,60,64,0.0,0.289,0.173,60,90,11,0.0,0.173,9.6,carnegie hall,0.9,3,1.48,2.3,0.798,"carnegie hall 87%, royal albert hall 7%","carnegie hall 52%, <long> 29%",0.6353,0.178,0.974
r8_0986_artists_tool,"Name an artists' tool. Reply with only the name, nothing else.",0.6722,<long> -> bench,0.5833,easel -> real,0.5603,palette -> bench,60,59,0.0,0.344,0.207,60,90,19,0.0,0.207,8.8,brush,0.5,6,4.17,9.0,0.252,"easel 30%, brush 15%","<long> 34%, palette 16%",0.6078,0.234,0.726
r8_0979_sink,"Name a sink. Reply with only the name, nothing else.",0.6722,<long> -> bench,0.5167,porcelain -> real,0.5721,kitchen sink -> bench,56,53,0.067,0.411,0.273,60,90,66,0.0,0.24,11.0,kitchen sink,0.4,13,8.71,33.33,0.284,"kitchen sink 20%, <long> 7%","<long> 41%, kitchen sink 21%",0.6617,0.407,0.457
r8_1034_ball_type,"Name a ball type. Reply with only the name, nothing else.",0.6722,<long> -> bench,0.5722,basketball -> real,0.5314,basketball -> real,60,59,0.0,0.344,0.207,60,90,19,0.0,0.2,9.3,basketball,0.45,5,3.94,8.68,0.269,"basketball 30%, soccer ball 20%","<long> 34%, basketball 16%",0.6314,0.156,0.91
r8s_0590_gulf,"Suggest a type of gulf. Reply with only the name, nothing else.",0.6722,<long> -> bench,0.5722,persian gulf -> real,0.5342,persian -> bench,60,59,0.0,0.344,0.207,60,90,44,0.0,0.207,9.8,persian gulf,0.8,3,1.85,14.17,0.395,"persian gulf 40%, gulf of mexico 12%","<long> 34%, persian gulf 26%",0.6119,0.346,0.816
r8_0572_compass_direction,"Name a compass direction. Reply with only the name, nothing else.",0.6722,north -> real,0.6722,north -> real,0.5242,north -> real,60,62,0.0,0.311,0.187,60,90,4,0.0,0.18,7.5,north,1.0,1,1.0,1.14,0.975,north 100%,"north 66%, <long> 31%",0.6283,0.086,1.056
r8_0513_lentil,"Name a lentil. Reply with only the name, nothing else.",0.6722,<long> -> bench,0.55,red lentil -> real,0.5329,green -> real,60,59,0.0,0.344,0.207,60,90,32,0.0,0.2,9.4,green lentil,0.4,6,4.31,16.69,0.176,"red lentil 20%, green lentil 17%","<long> 34%, green lentil 11%",0.6058,0.199,0.987
r8_1563_wheel_size,"Name a wheel size. Reply with only the name, nothing else.",0.6722,<long> -> bench,0.55,15 inch -> real,0.55,15 inch -> real,60,59,0.0,0.344,0.207,60,90,57,0.0,0.2,10.0,26-inch,0.3,12,9.25,39.4,0.076,"15 inch 10%, 17 inch 8%","<long> 34%, 26 inch 7%",0.6461,0.269,0.959
r8_1896_microphone,"Name a microphone. Reply with only the name, nothing else.",0.6722,<long> -> bench,0.6556,blue yeti -> real,0.5972,blue yeti -> real,60,59,0.0,0.344,0.207,60,90,13,0.0,0.207,10.6,shure sm7b,0.8,3,1.85,4.21,0.437,"blue yeti 53%, shure sm7b 35%","<long> 34%, shure sm7b 23%",0.6406,0.155,1.004
r8_1415_folk_dance,"Name a folk dance. Reply with only the name, nothing else.",0.6722,<long> -> bench,0.55,flamenco -> real,0.534,waltz -> bench,60,59,0.0,0.344,0.207,60,90,30,0.0,0.193,9.5,square dance,0.25,11,8.35,13.85,0.218,"flamenco 23%, square dance 22%","<long> 34%, square dance 14%",0.6194,0.303,0.794
r8s_1246_bridge,"Suggest a type of bridge. Reply with only the name, nothing else.",0.6722,<long> -> bench,0.5639,suspension bridge -> real,0.547,suspension bridge -> bench,60,59,0.0,0.344,0.207,60,90,14,0.0,0.207,9.5,suspension bridge,0.9,3,1.48,4.47,0.597,"suspension bridge 55%, suspension 10%","suspension bridge 42%, <long> 34%",0.6283,0.227,0.881
r8s_1207_bearing,"Suggest a type of bearing. Reply with only the name, nothing else.",0.6722,<long> -> bench,0.6111,ball bearing -> real,0.5319,ball bearing -> bench,60,59,0.0,0.344,0.207,60,90,11,0.0,0.207,9.3,ball bearing,0.7,2,1.84,2.2,0.798,"ball bearing 77%, deep groove ball bearing 12%","ball bearing 54%, <long> 34%",0.6167,0.145,0.909
r8s_0446_satellite,"Suggest a type of satellite. Reply with only the name, nothing else.",0.6722,<long> -> bench,0.6056,geostationary -> real,0.5771,geostationary satellite -> bench,60,59,0.0,0.344,0.207,60,90,25,0.0,0.207,10.2,geostationary satellite,0.4,8,5.09,8.25,0.294,"geostationary 33%, weather satellite 32%","<long> 34%, weather satellite 18%",0.635,0.247,0.91
r8_0360_flower_arrangement,"Name a type of flower arrangement. Reply with only the name, nothing else.",0.6722,<long> -> bench,0.6417,bouquet -> real,0.5629,bouquet -> real,60,59,0.0,0.344,0.207,60,90,26,0.0,0.207,9.7,ikebana,0.5,10,5.9,5.94,0.521,"bouquet 58%, corsage 15%","<long> 34%, bouquet 30%",0.64,0.163,0.984
r8_1840_soldering,"Name a type of soldering. Reply with only the name, nothing else.",0.6722,<long> -> bench,0.6417,wave soldering -> real,0.5938,soft soldering -> bench,60,59,0.0,0.344,0.207,60,90,28,0.0,0.207,10.2,wave soldering,0.35,8,5.12,8.06,0.479,"wave soldering 55%, soldering iron 7%","<long> 34%, wave soldering 27%",0.6389,0.176,0.804
r8s_0204_map,"Suggest a type of map. Reply with only the name, nothing else.",0.6722,<long> -> bench,0.5694,topographic map -> bench,0.6641,topographic map -> bench,58,56,0.033,0.378,0.24,60,90,42,0.0,0.24,10.5,topographic map,0.95,2,1.22,16.52,0.351,"topographic map 18%, choropleth map 10%","<long> 38%, topographic map 32%",0.6208,0.301,0.532
r8_0364_nerve,"Name a nerve. Reply with only the name, nothing else.",0.6722,vagus nerve -> real,0.6722,vagus nerve -> real,0.596,vagus nerve -> real,60,63,0.0,0.3,0.18,60,90,17,0.0,0.173,9.2,vagus nerve,0.75,5,2.45,4.23,0.602,"vagus nerve 70%, sciatic nerve 15%","vagus nerve 36%, <long> 30%",0.6497,0.278,1.19
r8s_1210_pet_category,"Suggest a pet category. Reply with only the name, nothing else.",0.6722,<long> -> bench,0.55,dogs -> real,0.5256,birds -> bench,60,59,0.0,0.344,0.207,60,90,35,0.0,0.207,9.0,reptiles,0.2,8,7.32,14.14,0.244,"dog 25%, dogs 20%","<long> 34%, dog 16%",0.6508,0.231,0.813
r8_1172_fuse_rating,"Name a type of fuse rating. Reply with only the name, nothing else.",0.6722,<long> -> bench,0.5306,slow-blow -> real,0.535,time-delay -> bench,60,59,0.0,0.344,0.207,60,90,42,0.0,0.207,9.9,time-delay,0.15,14,12.85,21.05,0.168,"time-delay 13%, ampere 13%","<long> 34%, time-delay 13%",0.6128,0.294,0.979
r8_1401_griffin,"Name a griffin. Reply with only the name, nothing else.",0.6722,<long> -> bench,0.5611,aurelius -> real,0.5407,aurelius -> real,60,59,0.0,0.344,0.207,60,90,62,0.0,0.207,9.7,aurelius,0.35,14,10.12,32.48,0.168,"aurelius 20%, zephyr 18%","<long> 34%, zephyr 10%",0.6544,0.363,1.13
r8s_1199_waffle,"Suggest a type of waffle. Reply with only the name, nothing else.",0.6722,<long> -> bench,0.5861,belgian waffle -> real,0.5219,belgian waffle -> bench,60,59,0.0,0.344,0.207,60,90,20,0.0,0.207,10.3,belgian waffle,0.55,7,4.34,4.54,0.605,"belgian waffle 58%, belgian 15%","belgian waffle 41%, <long> 34%",0.6189,0.261,0.733
r8_0845_reflective,"Name a reflective. Reply with only the name, nothing else.",0.6722,<long> -> bench,0.525,aluminum -> real,0.562,mirror -> bench,60,59,0.0,0.344,0.207,60,90,66,0.0,0.2,8.9,mirror,0.2,15,12.85,24.71,0.378,"mirror 32%, aluminum 5%","<long> 34%, mirror 29%",0.6506,0.551,0.727
r8s_1442_force,"Suggest a type of force. Reply with only the name, nothing else.",0.6722,<long> -> bench,0.6472,gravity -> real,0.5513,gravitational force -> bench,60,59,0.0,0.344,0.207,60,90,18,0.0,0.207,8.8,gravity,0.6,3,2.59,3.96,0.681,"gravity 72%, friction 7%","gravity 42%, <long> 34%",0.6183,0.33,0.867
r8_0412_flour,"Name a flour. Reply with only the name, nothing else.",0.6722,<long> -> bench,0.6472,all-purpose flour -> real,0.5888,all-purpose flour -> real,60,59,0.0,0.344,0.207,60,90,15,0.0,0.207,9.6,wheat flour,0.7,3,2.11,5.54,0.429,"all-purpose flour 52%, all-purpose 20%","<long> 34%, all-purpose flour 22%",0.6883,0.129,1.087
r8_0875_bird_habitat,"Name a bird habitat. Reply with only the name, nothing else.",0.6722,<long> -> bench,0.5806,wetland -> real,0.5514,nest -> bench,60,59,0.0,0.344,0.207,60,90,20,0.0,0.193,9.5,wetland,0.35,7,5.66,8.67,0.361,"wetland 38%, forest 17%","<long> 34%, wetland 22%",0.6128,0.274,0.767
r8_0914_mean_of_exercise,"Name a mean of exercise. Reply with only the name, nothing else.",0.6722,<long> -> bench,0.6389,running -> real,0.5331,jogging -> real,60,59,0.0,0.344,0.207,60,90,15,0.0,0.207,8.4,running,1.0,1,1.0,2.59,0.798,"running 80%, jogging 10%","running 52%, <long> 34%",0.6722,0.225,1.198
r8_1201_line_type,"Name a line type. Reply with only the name, nothing else.",0.6722,<long> -> bench,0.5528,dashed -> real,0.5545,solid -> bench,58,56,0.033,0.378,0.24,60,90,53,0.0,0.233,10.1,solid line,0.4,4,3.6,25.52,0.193,"solid line 17%, dashed 15%","<long> 38%, solid line 13%",0.6186,0.324,0.607
r8s_1260_grill,"Suggest a type of grill. Reply with only the name, nothing else.",0.6722,<long> -> bench,0.6,kamado -> real,0.636,charcoal grill -> bench,60,59,0.0,0.344,0.207,60,90,26,0.0,0.193,9.7,charcoal grill,0.4,6,4.11,9.8,0.311,"kamado 37%, kettle grill 17%","<long> 34%, charcoal grill 21%",0.7158,0.165,1.036
r8_0926_body_system,"Name a body system. Reply with only the name, nothing else.",0.6722,<long> -> bench,0.6306,nervous system -> real,0.616,nervous system -> real,60,59,0.0,0.344,0.207,60,90,9,0.0,0.207,10.6,circulatory system,0.45,4,3.44,2.78,0.681,"circulatory system 58%, nervous system 32%","circulatory system 51%, <long> 34%",0.6511,0.181,1.03
r8_0175_paper_product,"Name a paper product. Reply with only the name, nothing else.",0.6722,<long> -> bench,0.5722,tissue -> real,0.5489,tissue -> real,60,59,0.0,0.344,0.207,60,90,17,0.0,0.2,9.2,napkin,0.25,7,6.08,8.56,0.286,"paper towel 25%, tissue 23%","<long> 34%, paper towel 21%",0.61,0.171,0.979
r8_0421_spread,"Name a spread. Reply with only the name, nothing else.",0.6722,<long> -> bench,0.5806,peanut butter -> bench,0.6629,peanut butter -> bench,58,56,0.033,0.378,0.24,60,90,70,0.0,0.22,10.9,peanut butter,0.25,12,9.87,34.63,0.281,"peanut butter 12%, peanut butter and jelly 8%","<long> 38%, peanut butter 28%",0.6417,0.448,0.662
r8_0438_car_part,"Name a car part. Reply with only the name, nothing else.",0.6722,<long> -> bench,0.5972,alternator -> real,0.5826,alternator -> real,60,59,0.0,0.344,0.207,60,90,22,0.0,0.207,9.1,brake pad,0.35,9,6.51,10.99,0.227,"alternator 25%, spark plug 23%","<long> 34%, spark plug 14%",0.5981,0.188,0.833
r8_1338_teaching_method,"Name a teaching method. Reply with only the name, nothing else.",0.6722,<long> -> bench,0.5639,flipped classroom -> real,0.5424,inquiry-based learning -> bench,60,59,0.0,0.344,0.207,60,90,16,0.0,0.2,9.8,flipped classroom,0.35,7,5.13,7.23,0.345,"flipped classroom 35%, socratic method 22%","<long> 34%, flipped classroom 22%",0.6442,0.162,0.831
r8_0988_financial_document,"Name a type of financial document. Reply with only the name, nothing else.",0.6722,balance sheet -> real,0.6722,balance sheet -> real,0.5763,balance sheet -> real,59,59,0.017,0.344,0.213,60,90,11,0.0,0.207,8.9,balance sheet,0.95,2,1.22,2.85,0.669,"balance sheet 73%, invoice 20%","balance sheet 39%, <long> 34%",0.6564,0.093,0.932
r8s_0460_scarf,"Suggest a type of scarf. Reply with only the name, nothing else.",0.6722,<long> -> bench,0.5833,cashmere -> real,0.5895,infinity scarf -> bench,60,59,0.0,0.344,0.207,60,90,11,0.0,0.2,9.6,cashmere scarf,0.4,5,4.02,3.55,0.655,"infinity scarf 57%, cashmere 20%","infinity scarf 49%, <long> 34%",0.6011,0.115,0.921
r8s_0302_brush,"Suggest a type of brush. Reply with only the name, nothing else.",0.6722,<long> -> bench,0.55,round brush -> real,0.5536,round brush -> real,56,53,0.067,0.411,0.273,60,90,53,0.0,0.24,11.6,flat brush,0.15,15,13.42,35.43,0.128,"bristle brush 10%, round brush 10%","<long> 41%, bristle brush 9%",0.62,0.357,0.763
r8_0902_carving,"Name a type of carving. Reply with only the name, nothing else.",0.6722,<long> -> bench,0.55,wood carving -> real,0.5605,ice carving -> bench,60,59,0.0,0.344,0.207,60,90,22,0.0,0.207,9.4,whittling,0.4,5,3.85,8.66,0.345,"wood carving 33%, whittling 15%","<long> 34%, wood carving 23%",0.6022,0.171,0.679
r8_0492_blanket,"Name a blanket. Reply with only the name, nothing else.",0.6722,<long> -> bench,0.5167,wool -> real,0.5431,quilt -> bench,60,59,0.0,0.344,0.207,60,90,71,0.0,0.207,9.6,fleece blanket,0.15,15,13.78,48.39,0.126,"quilt 8%, blanket 5%","<long> 34%, quilt 11%",0.6356,0.412,0.803
r8_1652_motor_type,"Name a motor type. Reply with only the name, nothing else.",0.6722,<long> -> bench,0.6639,induction motor -> real,0.5617,induction motor -> real,60,59,0.0,0.344,0.207,60,90,18,0.0,0.2,9.6,induction motor,0.85,3,1.68,4.2,0.655,"induction motor 72%, dc motor 7%","induction motor 39%, <long> 34%",0.6631,0.312,1.041
r8_1207_bearing,"Name a type of bearing. Reply with only the name, nothing else.",0.6722,ball bearing -> real,0.6722,ball bearing -> real,0.5242,ball bearing -> real,60,62,0.0,0.311,0.187,60,90,4,0.0,0.187,8.4,ball bearing,1.0,1,1.0,1.14,0.975,ball bearing 100%,"ball bearing 66%, <long> 31%",0.6342,0.067,0.971
r8_1285_refrigerator,"Name a refrigerator. Reply with only the name, nothing else.",0.6722,<long> -> bench,0.5917,whirlpool -> real,0.5951,frigidaire -> bench,60,59,0.0,0.344,0.207,60,90,26,0.0,0.2,9.9,whirlpool,0.3,10,7.71,8.59,0.311,"whirlpool 28%, frigidaire 22%","<long> 34%, frigidaire 27%",0.6025,0.184,0.974
r8_1322_part_of_a_song,"Name a part of a song. Reply with only the name, nothing else.",0.6722,<long> -> bench,0.5806,chorus -> real,0.5456,verse -> bench,60,59,0.0,0.344,0.207,60,90,7,0.0,0.207,8.6,verse,0.6,2,1.96,2.72,0.487,"chorus 48%, verse 38%","<long> 34%, chorus 32%",0.6236,0.119,0.928
r8_1226_candlestick,"Name a candlestick. Reply with only the name, nothing else.",0.6722,doji -> real,0.6722,doji -> real,0.6318,doji -> real,58,62,0.033,0.311,0.2,60,90,37,0.0,0.2,9.2,doji,0.9,3,1.48,10.94,0.45,"doji 57%, hammer 17%","<long> 31%, doji 22%",0.6767,0.264,0.631
r8_0157_shape,"Name a shape. Reply with only the name, nothing else.",0.6722,circle -> real,0.6722,circle -> real,0.5333,circle -> real,60,60,0.0,0.333,0.2,60,90,8,0.0,0.2,8.2,circle,0.6,3,2.59,1.79,0.867,"circle 90%, triangle 5%","circle 56%, <long> 33%",0.6631,0.107,1.098
r8_1356_neighborhood_feature,"Name a type of neighborhood feature. Reply with only the name, nothing else.",0.6722,<long> -> bench,0.6361,park -> real,0.5333,playground -> real,60,59,0.0,0.344,0.207,60,90,15,0.0,0.207,8.4,park,0.75,4,2.23,2.68,0.782,"park 78%, parks 7%","park 51%, <long> 34%",0.6333,0.27,0.931
r8_1311_gnome,"Name a gnome. Reply with only the name, nothing else.",0.6722,<long> -> bench,0.6194,pip -> real,0.5903,pip -> real,60,59,0.0,0.344,0.207,60,90,70,0.0,0.2,9.4,pip,0.15,16,14.77,36.24,0.261,"pip 35%, barnaby 10%","<long> 34%, pip 11%",0.6183,0.424,1.153
r8_0002_reptile,"Name a reptile. Reply with only the name, nothing else.",0.6722,<long> -> bench,0.5861,iguana -> real,0.5668,iguana -> real,58,56,0.033,0.378,0.24,60,90,20,0.0,0.24,10.4,crocodile,0.25,8,6.98,11.03,0.202,"iguana 25%, komodo dragon 17%","<long> 38%, komodo dragon 14%",0.5958,0.291,0.773
r8_1320_heading,"Name a type of heading. Reply with only the name, nothing else.",0.6694,<long> -> bench,0.5861,h1 -> real,0.5349,main heading -> bench,59,58,0.017,0.356,0.22,60,90,30,0.0,0.22,9.5,h1,0.65,7,3.52,6.66,0.573,"h1 55%, heading 1 7%","h1 38%, <long> 36%",0.6489,0.301,0.785
r8s_1398_timepiece,"Suggest a type of timepiece. Reply with only the name, nothing else.",0.6694,<long> -> bench,0.5778,grandfather clock -> real,0.5782,atomic clock -> bench,59,58,0.017,0.356,0.22,60,90,25,0.0,0.213,9.5,pocket watch,0.25,8,6.69,12.13,0.265,"grandfather clock 30%, pocket watch 15%","<long> 36%, atomic clock 14%",0.6208,0.303,0.883
r8_0031_unit_of_length,"Name an unit of length. Reply with only the name, nothing else.",0.6694,meter -> real,0.6694,meter -> real,0.5315,meter -> real,60,62,0.0,0.311,0.187,60,90,8,0.0,0.173,7.4,meter,1.0,1,1.0,1.5,0.918,"meter 95%, metre 3%","meter 61%, <long> 31%",0.6867,0.058,1.107
r8_1536_bolt,"Name a bolt. Reply with only the name, nothing else.",0.6694,<long> -> bench,0.5278,hex bolt -> bench,0.6144,hex bolt -> bench,59,58,0.017,0.356,0.22,60,90,50,0.0,0.207,9.7,hex bolt,0.9,2,1.38,16.92,0.385,"hex bolt 27%, allen bolt 10%","<long> 36%, hex bolt 32%",0.6158,0.299,0.864
r8_0968_roofing_material,"Name a roofing material. Reply with only the name, nothing else.",0.6694,asphalt shingles -> real,0.6694,asphalt shingles -> real,0.554,asphalt shingles -> real,60,62,0.0,0.311,0.187,60,90,9,0.0,0.18,9.7,asphalt shingles,1.0,1,1.0,2.25,0.795,"asphalt shingles 85%, shingles 7%","asphalt shingles 51%, <long> 31%",0.6683,0.068,0.947
r8s_0602_chip,"Suggest a type of chip. Reply with only the name, nothing else.",0.6694,<long> -> bench,0.5444,nvidia h100 -> real,0.5608,gpu -> bench,59,58,0.017,0.356,0.22,60,90,53,0.0,0.22,10.5,potato chip,0.8,5,2.18,32.13,0.128,"nvidia h100 13%, potato chip 12%","<long> 36%, gpu 11%",0.5983,0.371,0.548
r8_1668_proteus,"Name a type of proteus. Reply with only the name, nothing else.",0.6694,<long> -> bench,0.6139,proteus mirabilis -> real,0.5248,proteus vulgaris -> real,59,58,0.017,0.356,0.22,60,90,31,0.0,0.207,12.1,proteus mirabilis,0.95,2,1.22,5.29,0.658,"proteus mirabilis 65%, proteus vulgaris 12%","proteus mirabilis 42%, <long> 36%",0.6372,0.205,0.979
r8_0592_musical_band,"Name a musical band. Reply with only the name, nothing else.",0.6694,beatles -> real,0.6694,beatles -> real,0.5932,beatles -> real,60,67,0.0,0.256,0.153,60,90,17,0.0,0.153,7.7,beatles,0.85,4,1.8,3.88,0.685,"beatles 78%, pink floyd 8%","beatles 44%, <long> 26%",0.6119,0.342,1.025
r8_0587_leaf,"Name a leaf. Reply with only the name, nothing else.",0.6694,<long> -> bench,0.6639,oak -> real,0.5983,oak -> real,59,58,0.017,0.356,0.22,60,90,20,0.0,0.207,9.1,oak leaf,0.5,5,3.59,6.56,0.496,"oak 58%, maple 15%","<long> 36%, oak 26%",0.6633,0.308,0.836
r8_1015_bone_in_the_body,"Name a bone in the body. Reply with only the name, nothing else.",0.6694,femur -> real,0.6694,femur -> real,0.5083,tibia -> bench,60,60,0.0,0.333,0.2,60,90,5,0.0,0.187,9.5,femur,1.0,1,1.0,1.16,0.975,"femur 98%, sternum 2%","femur 64%, <long> 33%",0.6461,0.078,0.996
r8_1697_centaur,"Name a centaur. Reply with only the name, nothing else.",0.6694,chiron -> real,0.6694,chiron -> real,0.5523,chiron -> real,60,66,0.0,0.267,0.16,60,90,10,0.0,0.153,7.6,chiron,1.0,1,1.0,1.5,0.929,"chiron 98%, apollo 2%","chiron 64%, <long> 27%",0.6536,0.088,1.003
r8_0366_fjord,"Name a fjord. Reply with only the name, nothing else.",0.6694,sognefjord -> real,0.6694,sognefjord -> real,0.6032,sognefjord -> real,60,65,0.0,0.278,0.167,60,90,17,0.0,0.167,9.6,sognefjord,0.8,3,1.85,4.21,0.576,"sognefjord 68%, geirangerfjord 20%","sognefjord 34%, <long> 28%",0.6778,0.176,1.067
r8s_0482_wave,"Suggest a type of wave. Reply with only the name, nothing else.",0.6694,sine wave -> real,0.6694,sine wave -> real,0.6401,sine wave -> real,60,64,0.0,0.289,0.173,60,90,31,0.0,0.167,8.5,sound wave,0.7,6,2.94,9.62,0.339,"sine wave 48%, sound wave 15%","<long> 29%, sound wave 27%",0.6822,0.187,0.962
r8_1613_chicken_breed,"Name a chicken breed. Reply with only the name, nothing else.",0.6694,<long> -> bench,0.6333,rhode island red -> real,0.5286,rhode island red -> real,59,58,0.017,0.356,0.22,60,90,14,0.0,0.213,10.4,rhode island red,0.9,2,1.38,3.45,0.65,"rhode island red 67%, leghorn 18%","rhode island red 40%, <long> 36%",0.6931,0.215,1.054
r8_1359_wind,"Name a wind. Reply with only the name, nothing else.",0.6694,zephyr -> real,0.6694,zephyr -> real,0.6167,zephyr -> real,60,60,0.0,0.333,0.2,60,90,19,0.0,0.193,9.2,bora,0.3,7,5.4,5.8,0.433,"zephyr 55%, bora 27%","<long> 33%, bora 22%",0.6669,0.163,1.006
r8_0670_song_genre,"Name a song genre. Reply with only the name, nothing else.",0.6694,jazz -> real,0.6694,jazz -> real,0.5889,jazz -> real,60,72,0.0,0.2,0.12,60,90,7,0.0,0.12,6.4,jazz,0.85,3,1.68,1.63,0.886,"jazz 98%, rock 2%","jazz 64%, <long> 20%",0.6531,0.145,1.2
r8_0145_coin,"Name a coin. Reply with only the name, nothing else.",0.6694,bitcoin -> real,0.6694,bitcoin -> real,0.6266,bitcoin -> real,60,64,0.0,0.289,0.173,60,90,11,0.0,0.173,7.8,penny,0.5,4,2.75,3.47,0.435,"bitcoin 55%, penny 37%","penny 36%, <long> 29%",0.6733,0.229,0.839
r8s_1779_switch,"Suggest a type of switch. Reply with only the name, nothing else.",0.6694,<long> -> bench,0.5694,toggle switch -> real,0.5482,toggle switch -> bench,59,58,0.017,0.356,0.22,60,90,28,0.0,0.22,9.4,toggle switch,0.75,3,1.99,5.22,0.641,"toggle switch 58%, toggle 7%","toggle switch 44%, <long> 36%",0.6169,0.289,0.469
r8s_1970_orbit,"Suggest a type of orbit. Reply with only the name, nothing else.",0.6694,<long> -> bench,0.6,geostationary -> real,0.5839,geostationary -> real,59,58,0.017,0.356,0.22,60,90,28,0.0,0.213,10.7,geostationary orbit,0.9,3,1.48,13.49,0.231,"geostationary orbit 27%, geostationary 27%","<long> 36%, geostationary orbit 12%",0.6867,0.162,0.811
r8_1925_economic_term,"Name an economic term. Reply with only the name, nothing else.",0.6694,inflation -> real,0.6694,inflation -> real,0.5876,inflation -> real,60,61,0.0,0.322,0.193,60,90,13,0.0,0.193,8.9,inflation,0.7,5,2.74,4.14,0.595,"inflation 68%, supply and demand 10%","inflation 34%, <long> 32%",0.6492,0.224,0.944
r8s_1823_hot_sauce,"Suggest a type of hot sauce. Reply with only the name, nothing else.",0.6694,<long> -> bench,0.5889,tabasco -> real,0.5354,sriracha -> bench,59,58,0.017,0.356,0.22,60,90,27,0.0,0.213,10.0,tabasco,0.5,8,5.0,9.66,0.419,"tabasco 43%, sriracha 10%","<long> 36%, tabasco 26%",0.6094,0.296,0.861
r8_0758_cup,"Name a cup. Reply with only the name, nothing else.",0.6694,<long> -> bench,0.5667,mug -> real,0.5424,cup -> real,59,58,0.017,0.356,0.22,60,90,51,0.0,0.207,9.5,mug,0.8,4,2.03,16.79,0.41,"mug 40%, cup 8%","<long> 36%, mug 27%",0.6161,0.409,0.993
r8_0985_caster,"Name a caster. Reply with only the name, nothing else.",0.6694,<long> -> bench,0.5778,gandalf -> real,0.5672,gandalf -> real,59,58,0.017,0.356,0.22,60,90,92,0.0,0.22,10.7,gandalf,0.45,10,6.31,67.73,0.137,"gandalf 20%, merlin 7%","<long> 36%, gandalf 4%",0.6372,0.533,0.615
r8_0456_jazz_standard,"Name a jazz standard. Reply with only the name, nothing else.",0.6694,take five -> real,0.6694,take five -> real,0.625,take five -> real,60,66,0.0,0.267,0.16,60,90,8,0.0,0.153,7.8,take five,0.45,4,3.29,3.73,0.452,"take five 58%, so what 28%","so what 30%, <long> 27%",0.6311,0.14,0.92
r8s_1480_drift,"Suggest a type of drift. Reply with only the name, nothing else.",0.6694,<long> -> bench,0.5389,brownian drift -> bench,0.5636,brownian drift -> bench,57,55,0.05,0.389,0.253,60,90,88,0.0,0.253,10.9,scandinavian flick,0.4,12,8.12,73.5,0.062,"scandinavian 7%, <long> 5%","<long> 39%, brownian drift 8%",0.6322,0.576,0.635
r8_0442_brownie,"Name a brownie. Reply with only the name, nothing else.",0.6694,<long> -> bench,0.5361,fudgy -> real,0.5338,fudgy -> real,59,58,0.017,0.356,0.22,60,90,88,0.0,0.22,10.5,fudge,0.1,19,18.66,69.43,0.094,"fudge 10%, fudgy 8%","<long> 36%, fudge 6%",0.6217,0.499,0.861
r8s_1493_publication,"Suggest a type of publication. Reply with only the name, nothing else.",0.6694,<long> -> bench,0.5639,academic journal -> bench,0.6191,academic journal -> bench,57,55,0.05,0.389,0.253,60,90,53,0.0,0.233,10.3,magazine,0.25,11,9.21,32.84,0.17,"journal 8%, blog post 7%","<long> 39%, academic journal 18%",0.6194,0.315,0.563
r8_1262_leg,"Name a leg. Reply with only the name, nothing else.",0.6694,<long> -> bench,0.5444,femur -> real,0.5422,femur -> real,59,58,0.017,0.356,0.22,60,90,36,0.0,0.207,9.2,leg,0.5,4,2.99,11.35,0.333,"leg 30%, thigh 25%","<long> 36%, leg 23%",0.6333,0.284,0.943
r8s_1180_tape,"Suggest a type of tape. Reply with only the name, nothing else.",0.6694,<long> -> bench,0.5778,duct tape -> real,0.5397,duct tape -> bench,59,58,0.017,0.356,0.22,60,90,23,0.0,0.22,10.3,duct tape,0.6,4,2.63,4.63,0.65,"duct tape 60%, masking tape 12%","duct tape 44%, <long> 36%",0.6494,0.176,0.782
r8_0816_major_ocean,"Name a major ocean. Reply with only the name, nothing else.",0.6694,pacific ocean -> real,0.6694,pacific ocean -> real,0.5841,pacific ocean -> real,60,62,0.0,0.311,0.187,60,90,7,0.0,0.18,8.0,pacific ocean,1.0,1,1.0,2.53,0.631,"pacific ocean 72%, pacific 23%","pacific ocean 38%, <long> 31%",0.6214,0.082,1.056
r8_1962_structural_element,"Name a type of structural element. Reply with only the name, nothing else.",0.6694,<long> -> bench,0.625,column -> real,0.5915,column -> real,59,58,0.017,0.356,0.22,60,90,11,0.0,0.213,8.8,column,0.5,3,2.35,3.07,0.59,"beam 52%, column 38%","beam 42%, <long> 36%",0.6406,0.149,0.982
r8_0833_honey_source_flower,"Name a honey source flower. Reply with only the name, nothing else.",0.6694,clover -> real,0.6694,clover -> real,0.5385,clover -> real,60,63,0.0,0.3,0.18,60,90,11,0.0,0.18,8.2,clover,0.95,2,1.22,1.63,0.911,"clover 95%, british buckwheat 2%","clover 61%, <long> 30%",0.6589,0.111,1.009
r8_1754_dune,"Name a dune. Reply with only the name, nothing else.",0.6694,arrakis -> real,0.6694,arrakis -> real,0.6385,arrakis -> real,60,63,0.0,0.3,0.18,60,90,59,0.0,0.173,9.0,dune of pilat,0.2,15,12.85,22.21,0.341,"arrakis 48%, sahara 8%","<long> 30%, arrakis 14%",0.6714,0.351,0.761
r8s_0025_arachnid,"Suggest a type of arachnid. Reply with only the name, nothing else.",0.6694,tarantula -> real,0.6694,tarantula -> real,0.6173,spider -> bench,60,67,0.0,0.256,0.153,60,90,9,0.0,0.153,7.7,tarantula,0.75,5,2.45,2.75,0.606,"tarantula 72%, spider 18%","tarantula 38%, spider 31%",0.6678,0.15,0.941
r8_1958_kitsune,"Name a kitsune. Reply with only the name, nothing else.",0.6694,<long> -> bench,0.5361,kitsune -> real,0.5286,kitsune -> bench,59,58,0.017,0.356,0.22,60,90,36,0.0,0.2,10.5,tamamo-no-mae,0.3,12,9.25,11.91,0.35,"kitsune 32%, tamamo-no-mae 20%","<long> 36%, kitsune 24%",0.6297,0.203,0.927
r8s_0019_building,"Suggest a type of building. Reply with only the name, nothing else.",0.6694,<long> -> bench,0.5639,skyscraper -> real,0.5568,skyscraper -> bench,59,58,0.017,0.356,0.22,60,90,26,0.0,0.213,9.8,skyscraper,0.85,2,1.53,5.01,0.65,"skyscraper 58%, cathedral 7%","skyscraper 46%, <long> 36%",0.6333,0.198,0.812
r8_0242_light_source,"Name a light source. Reply with only the name, nothing else.",0.6694,sun -> real,0.6694,sun -> real,0.5163,sun -> real,60,61,0.0,0.322,0.193,60,90,5,0.0,0.193,8.0,sun,1.0,1,1.0,1.2,0.967,"sun 98%, lightbulb 2%","sun 64%, <long> 32%",0.6539,0.21,1.026
r8_1936_card_suit,"Name a card suit. Reply with only the name, nothing else.",0.6694,hearts -> real,0.6694,hearts -> real,0.5385,hearts -> real,60,63,0.0,0.3,0.18,60,90,6,0.0,0.173,8.2,hearts,0.85,2,1.53,1.46,0.911,"hearts 95%, spades 5%","hearts 61%, <long> 30%",0.6714,0.102,1.213
r8_0602_chip,"Name a chip. Reply with only the name, nothing else.",0.6694,<long> -> bench,0.5528,intel core i9 -> real,0.5295,intel core i9 -> bench,59,58,0.017,0.356,0.22,60,90,34,0.0,0.22,11.0,intel core i9,0.6,6,3.56,11.4,0.453,"intel core i9 42%, nvidia h100 7%","<long> 36%, intel core i9 31%",0.6322,0.247,0.801
r8_0596_tool,"Name a tool. Reply with only the name, nothing else.",0.6694,<long> -> bench,0.5944,hammer -> bench,0.6935,hammer -> bench,57,55,0.05,0.389,0.253,60,90,37,0.0,0.213,10.2,hammer,1.0,1,1.0,10.99,0.33,"bash 17%, hammer 13%","<long> 39%, hammer 32%",0.6742,0.253,0.547
r8s_0755_spider,"Suggest a type of spider. Reply with only the name, nothing else.",0.6694,<long> -> bench,0.5944,black widow -> real,0.5517,jump spider -> bench,59,58,0.017,0.356,0.22,60,90,24,0.0,0.213,9.9,black widow,0.4,9,6.16,8.89,0.368,"black widow 40%, jumping spider 18%","<long> 36%, black widow 21%",0.6314,0.207,0.92
r8s_0666_lantern,"Suggest a type of lantern. Reply with only the name, nothing else.",0.6694,<long> -> bench,0.5583,paper lantern -> real,0.5259,lantern -> bench,59,58,0.017,0.356,0.22,60,90,50,0.0,0.213,9.9,paper lantern,0.95,2,1.22,18.68,0.274,"paper lantern 28%, solar lantern 22%","<long> 36%, paper lantern 17%",0.6136,0.293,0.704
r8s_0618_graph,"Suggest a type of graph. Reply with only the name, nothing else.",0.6694,<long> -> bench,0.5972,bar chart -> real,0.5305,bar chart -> real,59,58,0.017,0.356,0.22,60,90,33,0.0,0.22,9.7,bar chart,0.95,2,1.22,11.8,0.427,"bar chart 45%, line graph 7%","<long> 36%, bar chart 26%",0.6136,0.254,0.614
r8_0350_rope_material,"Name a rope material. Reply with only the name, nothing else.",0.6694,nylon -> real,0.6694,nylon -> real,0.5796,nylon -> real,60,61,0.0,0.322,0.193,60,90,14,0.0,0.193,8.6,nylon,0.6,5,3.01,3.86,0.636,"nylon 72%, hemp 12%","nylon 38%, <long> 32%",0.6447,0.232,0.887
r8s_0101_leafy_green,"Suggest a type of leafy green. Reply with only the name, nothing else.",0.6694,kale -> real,0.6694,kale -> real,0.6107,kale -> real,60,70,0.0,0.222,0.133,60,90,6,0.0,0.127,6.8,kale,0.65,2,1.91,2.28,0.631,"kale 75%, spinach 25%","kale 41%, spinach 31%",0.6669,0.076,1.07
r8s_0952_savanna,"Suggest a type of savanna. Reply with only the name, nothing else.",0.6694,<long> -> bench,0.5861,serengeti -> real,0.6148,tropical savanna -> bench,59,58,0.017,0.356,0.22,60,90,35,0.0,0.187,10.4,tropical savanna,0.45,8,5.26,11.48,0.436,"tropical savanna 32%, serengeti 18%","<long> 36%, tropical savanna 36%",0.6033,0.234,0.959
r8_0202_facial_expression,"Name a facial expression. Reply with only the name, nothing else.",0.6694,smile -> real,0.6694,smile -> real,0.5164,smiling -> bench,60,61,0.0,0.322,0.193,60,90,5,0.0,0.187,8.6,smile,0.95,2,1.22,1.2,0.967,"smile 98%, frown 2%","smile 64%, <long> 32%",0.6567,0.109,1.037
r8s_0810_pajama,"Suggest a type of pajama. Reply with only the name, nothing else.",0.6694,<long> -> bench,0.5444,flannel -> real,0.5346,silk kimono -> bench,59,58,0.017,0.356,0.22,60,90,36,0.0,0.2,10.6,silk pajamas,0.3,12,9.25,15.43,0.308,"silk pajamas 28%, flannel 13%","<long> 36%, silk pajamas 21%",0.6094,0.2,0.924
r8s_0945_visual_element,"Suggest a type of visual element. Reply with only the name, nothing else.",0.6694,<long> -> bench,0.5417,bar chart -> bench,0.573,bar chart -> bench,57,55,0.05,0.389,0.253,60,90,35,0.0,0.233,10.2,infographic,0.8,3,1.85,11.55,0.411,"infographic 33%, chart 8%","<long> 39%, infographic 29%",0.6297,0.343,0.621
r8s_1323_wrench,"Suggest a type of wrench. Reply with only the name, nothing else.",0.6667,<long> -> bench,0.6417,adjustable wrench -> real,0.5583,socket wrench -> bench,60,60,0.0,0.333,0.2,60,90,16,0.0,0.2,9.7,adjustable wrench,1.0,1,1.0,5.12,0.558,"adjustable wrench 62%, box-end wrench 15%","<long> 33%, adjustable wrench 33%",0.6408,0.317,0.923
r8s_1474_pencil,"Suggest a type of pencil. Reply with only the name, nothing else.",0.6667,<long> -> bench,0.5889,mechanical pencil -> real,0.5333,mechanical pencil -> real,60,60,0.0,0.333,0.2,60,90,15,0.0,0.2,9.5,graphite pencil,0.3,7,5.23,5.85,0.367,"mechanical pencil 40%, graphite 22%","<long> 33%, mechanical pencil 22%",0.63,0.17,0.943
r8s_1482_brake,"Suggest a type of brake. Reply with only the name, nothing else.",0.6667,<long> -> bench,0.6222,disc brake -> real,0.525,drum brake -> real,60,60,0.0,0.333,0.2,60,90,14,0.0,0.2,8.9,disc brake,0.85,3,1.68,2.74,0.775,"disc brake 77%, disk brake 8%","disc brake 52%, <long> 33%",0.6528,0.164,0.833
r8s_1546_sewing_notion,"Suggest a type of sewing notion. Reply with only the name, nothing else.",0.6667,<long> -> bench,0.525,bias tape -> real,0.6083,thread -> bench,60,60,0.0,0.333,0.2,60,90,28,0.0,0.193,8.6,thread,0.15,11,9.91,8.61,0.492,"thread 38%, button 8%","thread 40%, <long> 33%",0.6003,0.299,0.658
r8s_1450_alarm,"Suggest a type of alarm. Reply with only the name, nothing else.",0.6667,<long> -> bench,0.55,smoke alarm -> real,0.575,smoke detector -> bench,60,60,0.0,0.333,0.2,60,90,31,0.0,0.193,8.8,smoke detector,0.15,16,14.38,9.72,0.342,"smoke alarm 33%, smoke detector 20%","<long> 33%, smoke alarm 23%",0.6378,0.322,0.903
r8s_1461_chip_flavor,"Suggest a type of chip flavor. Reply with only the name, nothing else.",0.6667,<long> -> bench,0.5222,spicy jalapeño -> real,0.5628,salt and vinegar -> bench,58,57,0.033,0.367,0.233,60,90,60,0.0,0.22,10.9,sour cream and onion,0.15,16,14.77,33.09,0.217,"salt and vinegar 15%, spicy jalapeño 10%","<long> 37%, salt and vinegar 18%",0.6481,0.292,0.926
r8s_1596_photographer,"Suggest a type of photographer. Reply with only the name, nothing else.",0.6667,<long> -> bench,0.5917,wedding photographer -> real,0.5833,portrait photographer -> bench,60,60,0.0,0.333,0.2,60,90,26,0.0,0.2,9.1,portrait photographer,0.55,4,3.03,9.11,0.3,"wedding photographer 35%, portrait photographer 17%","<long> 33%, portrait photographer 22%",0.6372,0.165,0.716
r8_0179_primary_color,"Name a primary color. Reply with only the name, nothing else.",0.6667,red -> real,0.6667,red -> real,0.5464,blue -> bench,60,64,0.0,0.289,0.173,60,90,4,0.0,0.173,7.2,red,0.95,2,1.22,1.33,0.927,"red 97%, blue 2%","red 63%, <long> 29%",0.6347,0.111,1.268
r8_1350_news_channel,"Name a news channel. Reply with only the name, nothing else.",0.6667,<long> -> bench,0.6333,cnn -> real,0.55,bbc news -> real,60,60,0.0,0.333,0.2,60,90,9,0.0,0.193,8.1,cnn,0.95,2,1.22,1.97,0.842,"cnn 83%, bbc news 13%","cnn 57%, <long> 33%",0.6219,0.082,1.114
r8_1294_treatment,"Name a type of treatment. Reply with only the name, nothing else.",0.6667,<long> -> bench,0.5694,chemotherapy -> real,0.575,chemotherapy -> bench,60,60,0.0,0.333,0.2,60,90,18,0.0,0.193,8.8,chemotherapy,0.8,5,2.18,2.89,0.792,"chemotherapy 72%, physical therapy 3%","chemotherapy 58%, <long> 33%",0.6186,0.219,0.868
r8_1213_unit_of_length,"Name an unit of length. Reply with only the name, nothing else.",0.6667,<long> -> bench,0.6667,meter -> real,0.5,,60,60,0.0,0.333,0.2,60,90,2,0.0,0.193,7.9,meter,1.0,1,1.0,1.0,1.0,meter 100%,"meter 67%, <long> 33%",0.6758,0.058,1.099
r8_1335_model_car,"Name a model car. Reply with only the name, nothing else.",0.6667,<long> -> bench,0.6,ford mustang -> real,0.5399,ford mustang -> real,58,57,0.033,0.367,0.233,60,90,32,0.0,0.22,10.1,ford mustang,0.55,5,3.44,11.16,0.409,"ford mustang 43%, hot wheels 15%","<long> 37%, ford mustang 23%",0.6072,0.23,0.745
r8_1312_action_movie,"Name an action movie. Reply with only the name, nothing else.",0.6667,<long> -> bench,0.6,john wick -> real,0.5917,john wick -> real,60,60,0.0,0.333,0.2,60,90,14,0.0,0.193,9.1,hard,0.75,6,2.62,4.57,0.567,"hard 52%, john wick 23%","hard 41%, <long> 33%",0.6178,0.176,0.98
r8_0121_party_game,"Name a party game. Reply with only the name, nothing else.",0.6667,<long> -> bench,0.5583,charades -> real,0.5417,charades -> bench,60,60,0.0,0.333,0.2,60,90,19,0.0,0.193,8.8,charades,0.7,4,2.49,5.66,0.558,"charades 52%, codenames 13%","charades 40%, <long> 33%",0.6361,0.343,1.022
r8_1365_wedding,"Name a type of wedding. Reply with only the name, nothing else.",0.6667,<long> -> bench,0.6194,beach wedding -> real,0.575,beach wedding -> real,60,60,0.0,0.333,0.2,60,90,27,0.0,0.2,9.1,destination wedding,0.45,6,3.77,9.73,0.342,"beach wedding 42%, destination wedding 27%","<long> 33%, beach wedding 18%",0.6336,0.231,0.872
r8_0023_accessory,"Name an accessory. Reply with only the name, nothing else.",0.6667,<long> -> bench,0.5639,watch -> real,0.5583,watch -> real,60,60,0.0,0.333,0.2,60,90,35,0.0,0.187,9.0,scarf,0.4,6,4.61,14.91,0.292,"scarf 25%, necklace 17%","<long> 33%, scarf 22%",0.6325,0.289,0.702
r8_1221_tire,"Name a tire. Reply with only the name, nothing else.",0.6667,<long> -> bench,0.5611,goodyear -> real,0.575,michelin -> bench,60,60,0.0,0.333,0.2,60,90,18,0.0,0.2,9.3,michelin,0.25,12,9.62,4.43,0.642,"michelin 57%, goodyear 17%","michelin 48%, <long> 33%",0.6353,0.27,0.98
r8_1832_prehistoric_creature,"Name a type of prehistoric creature. Reply with only the name, nothing else.",0.6667,triceratops -> real,0.6667,triceratops -> real,0.602,triceratops -> real,60,68,0.0,0.244,0.147,60,90,9,0.0,0.147,8.7,triceratops,0.75,4,2.28,2.99,0.625,"triceratops 73%, t-rex 20%","triceratops 40%, <long> 24%",0.6231,0.081,0.9
r8_1984_unit_of_time,"Name an unit of time. Reply with only the name, nothing else.",0.6667,<long> -> bench,0.6472,second -> real,0.5167,minute -> real,60,60,0.0,0.333,0.2,60,90,7,0.0,0.2,8.1,second,1.0,1,1.0,1.86,0.842,"second 85%, hour 8%","second 56%, <long> 33%",0.67,0.184,1.029
r8_1357_beast_of_burden,"Name a beast of burden. Reply with only the name, nothing else.",0.6667,<long> -> bench,0.5694,horse -> real,0.5583,mule -> bench,60,60,0.0,0.333,0.2,60,90,10,0.0,0.187,8.7,horse,0.65,3,2.21,4.29,0.458,"horse 45%, donkey 22%","<long> 33%, horse 31%",0.6356,0.176,0.904
r8_1595_lipslide,"Name a lipslide. Reply with only the name, nothing else.",0.6667,<long> -> bench,0.5167,lip sync -> real,0.5179,lipsync -> real,56,54,0.067,0.4,0.267,60,90,104,0.0,0.253,11.8,frontside lipslide,0.15,15,13.42,99.76,0.027,"<long> 7%, lip sync 3%","<long> 40%, lipslide 2%",0.6317,0.62,0.817
r8_1615_apology_phrase,"Name an apology phrase. Reply with only the name, nothing else.",0.6667,<long> -> bench,0.6333,im sorry -> real,0.55,im sorry -> real,60,60,0.0,0.333,0.2,60,90,12,0.0,0.187,9.5,im sorry,0.7,5,2.74,4.25,0.55,"im sorry 60%, i apologize 18%","<long> 33%, im sorry 33%",0.6231,0.204,0.925
r8_1594_wave_type,"Name a wave type. Reply with only the name, nothing else.",0.6667,<long> -> bench,0.6444,sine wave -> real,0.625,sound wave -> bench,60,60,0.0,0.333,0.2,60,90,20,0.0,0.187,9.0,sound wave,0.6,4,2.63,6.4,0.367,"sine wave 47%, sound wave 17%","<long> 33%, sound wave 28%",0.6628,0.195,1.026
r8s_0513_lentil,"Suggest a type of lentil. Reply with only the name, nothing else.",0.6667,<long> -> bench,0.5944,red lentil -> real,0.575,red lentil -> real,60,60,0.0,0.333,0.2,60,90,23,0.0,0.2,9.5,green lentils,0.45,6,4.33,10.72,0.208,"red lentil 27%, green lentils 18%","<long> 33%, green lentils 16%",0.6117,0.189,1.087
r8s_1411_sensation,"Suggest a type of sensation. Reply with only the name, nothing else.",0.6667,<long> -> bench,0.5611,euphoria -> real,0.5583,euphoria -> real,60,60,0.0,0.333,0.2,60,90,39,0.0,0.193,9.2,tingle,0.25,11,8.35,17.2,0.317,"warmth 30%, euphoria 13%","<long> 33%, warmth 22%",0.5997,0.364,1.067
r8s_1312_action_movie,"Suggest a type of action movie. Reply with only the name, nothing else.",0.6667,<long> -> bench,0.55,impossible -> real,0.5417,cyberpunk -> bench,60,60,0.0,0.333,0.2,60,90,41,0.0,0.2,9.7,spy thriller,0.35,12,8.81,23.01,0.15,"hard 15%, impossible 13%","<long> 33%, hard 10%",0.5994,0.262,0.622
r8_0003_constellation,"Name a constellation. Reply with only the name, nothing else.",0.6667,orion -> real,0.6667,orion -> real,0.5714,orion -> real,60,70,0.0,0.222,0.133,60,90,8,0.0,0.133,6.9,orion,0.95,2,1.22,1.48,0.923,orion 100%,"orion 67%, <long> 22%",0.6386,0.088,1.034
r8s_1338_teaching_method,"Suggest a type of teaching method. Reply with only the name, nothing else.",0.6667,<long> -> bench,0.5778,project-based learning -> real,0.5667,socratic method -> real,60,60,0.0,0.333,0.2,60,90,16,0.0,0.193,9.5,flipped classroom,0.5,5,3.79,7.43,0.342,"project-based learning 37%, flipped classroom 18%","<long> 33%, project-based learning 21%",0.6453,0.285,0.797
r8_0688_fruit_peel,"Name a fruit peel. Reply with only the name, nothing else.",0.6667,<long> -> bench,0.6111,banana peel -> real,0.55,orange peel -> bench,60,60,0.0,0.333,0.2,60,90,10,0.0,0.2,9.1,banana peel,0.55,4,2.71,4.2,0.458,"banana peel 50%, orange peel 20%","<long> 33%, banana peel 28%",0.6292,0.128,1.027
r8_1144_part_of_a_seed,"Name a part of a seed. Reply with only the name, nothing else.",0.6667,<long> -> bench,0.5833,embryo -> real,0.55,cotyledon -> real,60,60,0.0,0.333,0.2,60,90,12,0.0,0.18,8.8,embryo,0.95,2,1.22,2.78,0.708,"embryo 67%, cotyledon 23%","embryo 50%, <long> 33%",0.6406,0.285,1.08
r8_0032_taste,"Name a taste. Reply with only the name, nothing else.",0.6667,<long> -> bench,0.6139,sweet -> real,0.525,salty -> real,60,60,0.0,0.333,0.2,60,90,19,0.0,0.187,8.1,sweet,1.0,1,1.0,4.17,0.642,"sweet 65%, vanilla 12%","sweet 42%, <long> 33%",0.6514,0.175,0.934
r8s_1675_palace,"Suggest a type of palace. Reply with only the name, nothing else.",0.6667,<long> -> bench,0.5472,versailles -> real,0.5917,forbidden city -> bench,60,60,0.0,0.333,0.2,60,90,38,0.0,0.2,9.5,baroque palace,0.4,10,6.6,15.48,0.242,"versailles 25%, forbidden city 13%","<long> 33%, forbidden city 21%",0.6144,0.299,0.888
r8_1738_kitchen_gadget,"Name a kitchen gadget. Reply with only the name, nothing else.",0.6667,<long> -> bench,0.5722,immersion blender -> real,0.5667,can opener -> bench,60,60,0.0,0.333,0.2,60,90,26,0.0,0.2,9.3,garlic press,0.6,8,4.2,12.72,0.2,"blender 18%, immersion blender 17%","<long> 33%, garlic press 16%",0.6025,0.237,0.891
r8_1719_us_state,"Name an us state. Reply with only the name, nothing else.",0.6667,<long> -> bench,0.6611,california -> real,0.5917,california -> real,60,60,0.0,0.333,0.2,60,90,6,0.0,0.193,7.9,texas,0.7,3,2.11,2.47,0.508,"california 60%, texas 38%","<long> 33%, texas 33%",0.6658,0.059,1.221
r8_0945_visual_element,"Name a type of visual element. Reply with only the name, nothing else.",0.6667,<long> -> bench,0.5944,button -> real,0.6417,line -> bench,60,60,0.0,0.333,0.2,60,90,20,0.0,0.2,8.1,line,0.5,6,4.06,9.69,0.233,"button 30%, icon 22%","<long> 33%, line 23%",0.6283,0.229,0.951
r8s_0604_texture,"Suggest a type of texture. Reply with only the name, nothing else.",0.6667,<long> -> bench,0.5972,velvet -> real,0.55,satin -> bench,60,60,0.0,0.333,0.2,60,90,40,0.0,0.2,8.9,velvet,0.75,5,2.45,11.17,0.5,"velvet 52%, canvas 5%","<long> 33%, velvet 32%",0.6217,0.395,0.622
r8_0579_chord,"Name a chord. Reply with only the name, nothing else.",0.6667,c major -> real,0.6667,c major -> real,0.5636,c major -> real,60,66,0.0,0.267,0.16,60,90,16,0.0,0.16,7.9,c major,0.95,2,1.22,2.28,0.833,"c major 90%, g major 7%","c major 57%, <long> 27%",0.6439,0.214,1.027
r8_0365_monster,"Name a monster. Reply with only the name, nothing else.",0.6667,<long> -> bench,0.5361,kraken -> real,0.5333,grendel -> bench,60,60,0.0,0.333,0.2,60,90,51,0.0,0.2,9.4,kraken,0.25,13,10.86,24.24,0.217,"kraken 22%, cthulhu 15%","<long> 33%, kraken 14%",0.6069,0.31,0.734
r8s_0250_bean,"Suggest a type of bean. Reply with only the name, nothing else.",0.6667,<long> -> bench,0.5806,kidney -> real,0.6,kidney bean -> bench,60,60,0.0,0.333,0.2,60,90,29,0.0,0.187,9.2,kidney bean,0.5,5,3.68,10.47,0.317,"kidney 25%, kidney bean 22%","<long> 33%, kidney bean 28%",0.6289,0.22,0.788
r8_0966_epic_poem,"Name an epic poem. Reply with only the name, nothing else.",0.6667,<long> -> bench,0.6083,odyssey -> real,0.5667,odyssey -> real,60,60,0.0,0.333,0.2,60,90,5,0.0,0.2,10.0,iliad,0.8,3,1.85,2.17,0.65,"iliad 60%, odyssey 38%","iliad 47%, <long> 33%",0.6542,0.048,1.211
r8_1572_story_type,"Name a story type. Reply with only the name, nothing else.",0.6667,<long> -> bench,0.5361,fantasy -> real,0.5833,fable -> bench,60,60,0.0,0.333,0.2,60,90,20,0.0,0.193,8.9,fable,0.9,3,1.48,7.55,0.317,"mystery 27%, fantasy 18%","<long> 33%, mystery 24%",0.6319,0.206,0.53
r8_1545_manga,"Name a manga. Reply with only the name, nothing else.",0.6667,one piece -> real,0.6667,one piece -> real,0.5697,one piece -> real,60,66,0.0,0.267,0.16,60,90,10,0.0,0.153,7.7,one piece,0.85,3,1.68,2.29,0.794,"one piece 87%, naruto 5%","one piece 53%, <long> 27%",0.6314,0.135,0.957
r8_1560_branch_of_engineering,"Name a type of branch of engineering. Reply with only the name, nothing else.",0.6667,<long> -> bench,0.5972,civil engineering -> real,0.5333,mechanical engineering -> bench,60,60,0.0,0.333,0.2,60,90,13,0.0,0.2,9.0,civil engineering,0.9,3,1.48,3.69,0.458,"civil engineering 48%, software engineering 42%","<long> 33%, civil engineering 29%",0.6128,0.119,0.824
r8_1539_sports_team,"Name a sports team. Reply with only the name, nothing else.",0.6667,<long> -> bench,0.575,new york yankees -> real,0.5917,boston celtics -> bench,60,60,0.0,0.333,0.2,60,90,23,0.0,0.2,9.3,angeles lakers,0.35,6,5.06,11.29,0.2,"new york yankees 22%, angeles lakers 22%","<long> 33%, boston celtics 19%",0.5892,0.166,0.893
r8_1532_architectural_feature,"Name a type of architectural feature. Reply with only the name, nothing else.",0.6667,<long> -> bench,0.5861,dome -> real,0.5667,arch -> bench,60,60,0.0,0.333,0.2,60,90,32,0.0,0.2,9.1,arch,0.45,6,4.06,11.94,0.333,"arch 27%, dome 25%","<long> 33%, arch 27%",0.5925,0.169,0.831
r8_1005_metronome,"Name a metronome. Reply with only the name, nothing else.",0.6667,<long> -> bench,0.5417,dr. beat -> real,0.5583,seiko sq50 -> bench,60,60,0.0,0.333,0.2,60,90,82,0.0,0.2,10.6,seiko sq50,0.3,14,10.9,47.62,0.225,"seiko sq50 17%, dr. beat 8%","<long> 33%, seiko sq50 19%",0.6139,0.377,0.794
r8s_0594_pepper,"Suggest a type of pepper. Reply with only the name, nothing else.",0.6667,<long> -> bench,0.5444,black pepper -> real,0.5417,jalapeño -> bench,60,60,0.0,0.333,0.2,60,90,19,0.0,0.193,9.4,bell pepper,0.6,4,2.63,7.84,0.325,"bell pepper 28%, jalapeño 22%","<long> 33%, bell pepper 24%",0.5922,0.109,0.683
r8_0404_disease,"Name a disease. Reply with only the name, nothing else.",0.6667,influenza -> real,0.6667,influenza -> real,0.6381,influenza -> real,60,63,0.0,0.3,0.18,60,90,14,0.0,0.173,8.8,malaria,0.4,5,3.85,5.42,0.325,"influenza 47%, malaria 22%","<long> 30%, malaria 21%",0.66,0.099,1.006
r8_0448_explorer,"Name an explorer. Reply with only the name, nothing else.",0.6667,<long> -> bench,0.5333,christopher columbus -> real,0.6083,christopher columbus -> bench,60,60,0.0,0.333,0.2,60,90,24,0.0,0.187,8.9,christopher columbus,1.0,1,1.0,3.74,0.742,"christopher columbus 63%, neil armstrong 7%","christopher columbus 57%, <long> 33%",0.6175,0.315,0.697
r8_0964_beachwear,"Name a type of beachwear. Reply with only the name, nothing else.",0.6667,<long> -> bench,0.6139,bikini -> real,0.525,bikini -> bench,60,60,0.0,0.333,0.2,60,90,8,0.0,0.18,9.5,bikini,1.0,1,1.0,2.04,0.808,"bikini 78%, swimsuit 12%","bikini 56%, <long> 33%",0.6422,0.16,0.999
r8_1702_part_of_a_book,"Name a part of a book. Reply with only the name, nothing else.",0.6667,<long> -> bench,0.6278,chapter -> real,0.5333,chapter -> bench,60,60,0.0,0.333,0.2,60,90,8,0.0,0.193,7.9,chapter,0.9,3,1.48,1.43,0.933,"chapter 90%, prologue 3%","chapter 64%, <long> 33%",0.6536,0.081,1.083
r8_1649_occupation_in_the_art,"Name an occupation in the art. Reply with only the name, nothing else.",0.6667,<long> -> bench,0.5889,sculptor -> real,0.5667,sculptor -> real,60,60,0.0,0.333,0.2,60,90,33,0.0,0.193,8.9,painter,0.4,8,5.43,15.25,0.217,"sculptor 27%, painter 18%","<long> 33%, painter 17%",0.6028,0.308,0.854
r8_1517_spirit,"Name a spirit. Reply with only the name, nothing else.",0.6667,<long> -> bench,0.5278,prometheus -> real,0.55,gin -> bench,60,60,0.0,0.333,0.2,60,90,71,0.0,0.2,9.2,whiskey,0.15,17,15.83,49.04,0.1,"anansi 7%, prometheus 7%","<long> 33%, gin 10%",0.6111,0.435,0.938
r8s_0336_dressing,"Suggest a type of dressing. Reply with only the name, nothing else.",0.6667,<long> -> bench,0.5528,caesar -> real,0.5667,ranch -> bench,60,60,0.0,0.333,0.2,60,90,46,0.0,0.2,9.6,ranch,0.35,6,4.79,19.09,0.233,"caesar 18%, ranch 17%","<long> 33%, ranch 20%",0.6125,0.277,0.599
r8_0906_salamander,"Name a salamander. Reply with only the name, nothing else.",0.6667,axolotl -> real,0.6667,axolotl -> real,0.5161,axolotl -> real,60,61,0.0,0.322,0.193,60,90,8,0.0,0.193,10.2,axolotl,1.0,1,1.0,1.33,0.95,"axolotl 97%, sirena 2%","axolotl 63%, <long> 32%",0.6467,0.117,1.003
r8_0896_method_of_storytelling,"Name a type of method of storytelling. Reply with only the name, nothing else.",0.6667,<long> -> bench,0.5694,flashback -> real,0.5833,first-person narrative -> bench,60,60,0.0,0.333,0.2,60,90,31,0.0,0.2,9.4,linear storytelling,0.2,13,11.49,17.91,0.15,"flashback 18%, linear storytelling 10%","<long> 33%, first-person narrative 16%",0.6336,0.201,0.637
r8_1679_heater_type,"Name a heater type. Reply with only the name, nothing else.",0.6667,<long> -> bench,0.6556,radiant heater -> real,0.6083,radiant heater -> real,60,60,0.0,0.333,0.2,60,90,25,0.0,0.2,9.4,radiant heater,0.35,7,5.52,9.31,0.392,"radiant heater 50%, radiator 10%","<long> 33%, radiant heater 19%",0.6569,0.28,0.949
r8_1589_lightning,"Name a type of lightning. Reply with only the name, nothing else.",0.6667,<long> -> bench,0.5611,ball lightning -> real,0.5167,bolt from the blue -> bench,60,60,0.0,0.333,0.2,60,90,20,0.0,0.2,9.5,bolt from the blue,0.5,5,3.79,7.97,0.367,"ball lightning 37%, bolt from the blue 17%","<long> 33%, ball lightning 24%",0.6153,0.215,0.961
r8s_0551_honey,"Suggest a type of honey. Reply with only the name, nothing else.",0.6667,<long> -> bench,0.6361,manuka -> real,0.6,clover -> bench,60,60,0.0,0.333,0.2,60,90,16,0.0,0.2,9.3,manuka honey,0.5,3,2.35,6.44,0.317,"manuka 42%, clover honey 23%","<long> 33%, clover 26%",0.6364,0.127,0.852
r8s_0517_queen,"Suggest a type of queen. Reply with only the name, nothing else.",0.6667,<long> -> bench,0.5444,queen elizabeth ii -> real,0.5417,queen elizabeth ii -> real,60,60,0.0,0.333,0.2,60,90,65,0.0,0.2,9.3,chess queen,0.3,13,10.17,44.59,0.067,"queen elizabeth ii 10%, queen of hearts 8%","<long> 33%, empress 6%",0.6367,0.447,0.667
r8s_0530_tide,"Suggest a type of tide. Reply with only the name, nothing else.",0.6667,spring tide -> real,0.6667,spring tide -> real,0.5613,spring tide -> real,60,62,0.0,0.311,0.187,60,90,19,0.0,0.187,8.5,spring tide,0.85,2,1.53,3.42,0.738,"spring tide 80%, neap tide 3%","spring tide 47%, <long> 31%",0.63,0.153,0.9
r8s_0299_historical_event,"Suggest a type of historical event. Reply with only the name, nothing else.",0.6667,<long> -> bench,0.6056,french revolution -> real,0.6089,revolution -> bench,54,51,0.1,0.433,0.3,60,90,31,0.0,0.187,9.5,french revolution,0.3,12,9.49,14.74,0.295,"french revolution 33%, <long> 10%","<long> 43%, revolution 14%",0.6908,0.189,0.838
r8_0515_legal_document,"Name a type of legal document. Reply with only the name, nothing else.",0.6667,<long> -> bench,0.6083,contract -> real,0.525,will -> bench,60,60,0.0,0.333,0.2,60,90,13,0.0,0.2,8.3,contract,0.65,4,2.52,3.33,0.65,"contract 65%, will 17%","contract 43%, <long> 33%",0.6139,0.109,1.18
r8s_0378_number,"Suggest a type of number. Reply with only the name, nothing else.",0.6667,<long> -> bench,0.625,integer -> real,0.5583,integer -> real,60,60,0.0,0.333,0.2,60,90,15,0.0,0.2,8.4,prime number,0.4,8,5.6,4.55,0.458,"integer 52%, prime number 25%","<long> 33%, integer 27%",0.6442,0.202,0.82
r8_0241_historical_artifact,"Name a historical artifact. Reply with only the name, nothing else.",0.6667,rosetta stone -> real,0.6667,rosetta stone -> real,0.5083,rose stone -> real,60,60,0.0,0.333,0.2,60,90,7,0.0,0.2,9.9,rosetta stone,0.95,2,1.22,1.27,0.958,"rosetta stone 97%, rose stone 2%","rosetta stone 63%, <long> 33%",0.6197,0.064,0.916
r8s_1213_unit_of_length,"Suggest a type of unit of length. Reply with only the name, nothing else.",0.6667,<long> -> bench,0.6667,meter -> real,0.5083,inch -> real,60,60,0.0,0.333,0.2,60,90,7,0.0,0.187,7.8,meter,1.0,1,1.0,1.27,0.958,"meter 97%, inch 2%","meter 63%, <long> 33%",0.6653,0.066,0.988
r8s_1144_part_of_a_seed,"Suggest a type of part of a seed. Reply with only the name, nothing else.",0.6667,<long> -> bench,0.5694,embryo -> real,0.525,hilum -> real,60,60,0.0,0.333,0.2,60,90,18,0.0,0.2,9.4,embryo,0.6,4,2.63,4.84,0.542,"embryo 52%, cotyledon 23%","embryo 38%, <long> 33%",0.6422,0.284,1.037
r8s_1125_noise,"Suggest a type of noise. Reply with only the name, nothing else.",0.6667,<long> -> bench,0.6444,white noise -> real,0.5833,white noise -> real,60,60,0.0,0.333,0.2,60,90,18,0.0,0.2,8.8,white noise,0.45,4,3.02,5.68,0.45,"white noise 53%, pink noise 18%","<long> 33%, white noise 24%",0.6342,0.091,1.022
r8s_1034_ball_type,"Suggest a ball type. Reply with only the name, nothing else.",0.6667,<long> -> bench,0.5333,tennis -> real,0.55,tennis ball -> bench,60,60,0.0,0.333,0.2,60,90,21,0.0,0.193,9.2,basketball,0.3,6,4.83,8.02,0.308,"basketball 28%, tennis ball 22%","<long> 33%, basketball 22%",0.6106,0.189,0.77
r8_0563_biome,"Name a biome. Reply with only the name, nothing else.",0.6667,tundra -> real,0.6667,tundra -> real,0.631,tundra -> real,60,63,0.0,0.3,0.18,60,90,15,0.0,0.18,9.0,tropical rainforest,0.55,3,2.33,4.57,0.407,"tundra 50%, tropical rainforest 28%","tropical rainforest 37%, <long> 30%",0.6164,0.249,1.007
r8s_0679_bird_feather_color,"Suggest a type of bird feather color. Reply with only the name, nothing else.",0.6667,<long> -> bench,0.5333,iridescence -> real,0.6167,iridescent -> bench,60,60,0.0,0.333,0.2,60,90,31,0.0,0.193,9.2,iridescent,0.45,10,6.48,10.92,0.433,"iridescent 32%, blue 10%","iridescent 37%, <long> 33%",0.595,0.331,0.653
r8s_0659_kombucha,"Suggest a type of kombucha. Reply with only the name, nothing else.",0.6667,<long> -> bench,0.5611,ginger lemon -> real,0.55,ginger lemon -> real,60,60,0.0,0.333,0.2,60,90,43,0.0,0.2,10.5,ginger lemon kombucha,0.5,9,5.36,17.5,0.292,"ginger lemon kombucha 28%, ginger lemon 17%","<long> 33%, ginger lemon kombucha 20%",0.6419,0.258,0.959
r8_0562_tomato,"Name a tomato. Reply with only the name, nothing else.",0.6667,<long> -> bench,0.5833,cherry -> real,0.5333,beefsteak -> bench,60,60,0.0,0.333,0.2,60,90,17,0.0,0.193,9.2,beefsteak,0.8,3,1.85,5.65,0.375,"cherry 40%, beefsteak 27%","<long> 33%, cherry 23%",0.6456,0.239,1.176
r8_1470_glassblowing,"Name a type of glassblowing. Reply with only the name, nothing else.",0.6667,<long> -> bench,0.5861,lampworking -> real,0.525,flame working -> bench,60,60,0.0,0.333,0.2,60,90,26,0.0,0.2,9.7,flameworking,0.3,12,9.25,5.79,0.433,"lampworking 45%, flameworking 37%","<long> 33%, lampworking 28%",0.6225,0.19,1.021
r8_1806_pot_or_pan_type,"Name a pot or pan type. Reply with only the name, nothing else.",0.6667,<long> -> bench,0.5806,wok -> real,0.55,saucepan -> bench,60,60,0.0,0.333,0.2,60,90,13,0.0,0.2,9.2,wok,0.4,7,5.07,5.05,0.358,"wok 38%, saucepan 30%","<long> 33%, saucepan 27%",0.6103,0.137,0.912
r8_1126_gemstone_transparency,"Name a gemstone transparency. Reply with only the name, nothing else.",0.6667,<long> -> bench,0.6028,transparent -> real,0.55,diamond -> bench,60,60,0.0,0.333,0.2,60,90,24,0.0,0.2,8.7,transparent,0.7,3,2.11,7.46,0.492,"transparent 52%, translucent 12%","<long> 33%, transparent 31%",0.5972,0.149,0.692
r8_1128_banjo,"Name a banjo. Reply with only the name, nothing else.",0.6667,<long> -> bench,0.5306,deering goodtime -> bench,0.5661,gibson -> bench,56,54,0.067,0.4,0.267,60,90,78,0.0,0.24,12.1,deering goodtime,0.2,17,15.16,53.98,0.136,"gibson 7%, <long> 7%","<long> 40%, gibson 12%",0.6056,0.245,0.898
r8_1122_melodic_motion,"Name a melodic motion. Reply with only the name, nothing else.",0.6667,<long> -> bench,0.55,parallel motion -> real,0.5667,conjunct motion -> bench,60,60,0.0,0.333,0.2,60,90,32,0.0,0.2,9.4,conjunct motion,0.3,6,5.15,15.46,0.25,"stepwise motion 22%, parallel motion 13%","<long> 33%, stepwise motion 19%",0.6294,0.281,0.603
r8_1386_historical_figure,"Name a historical figure. Reply with only the name, nothing else.",0.6667,<long> -> bench,0.6,leonardo da vinci -> real,0.575,leonardo da vinci -> real,60,60,0.0,0.333,0.2,60,90,22,0.0,0.2,9.7,leonardo da vinci,0.3,8,6.26,9.43,0.283,"leonardo da vinci 30%, albert einstein 23%","<long> 33%, albert einstein 22%",0.6281,0.322,0.845
r8_1141_vehicle_for_water,"Name a vehicle for water. Reply with only the name, nothing else.",0.6667,boat -> real,0.6667,boat -> real,0.5879,boat -> real,60,66,0.0,0.267,0.16,60,90,23,0.0,0.16,7.6,boat,0.85,2,1.53,4.78,0.675,"boat 77%, ship 7%","boat 43%, <long> 27%",0.6597,0.217,0.88
r8_1443_notebook_binding,"Name a type of notebook binding. Reply with only the name, nothing else.",0.6667,<long> -> bench,0.5583,spiral binding -> real,0.5583,spiral binding -> bench,60,60,0.0,0.333,0.2,60,90,12,0.0,0.2,10.1,spiral binding,0.5,5,3.79,3.69,0.642,"spiral binding 58%, spiral 17%","spiral binding 47%, <long> 33%",0.6578,0.081,1.021
r8_1440_renewable_resource,"Name a renewable resource. Reply with only the name, nothing else.",0.6667,solar energy -> real,0.6667,solar energy -> real,0.5769,solar energy -> real,60,65,0.0,0.278,0.167,60,90,9,0.0,0.167,7.7,solar energy,0.85,4,1.8,2.65,0.72,"solar energy 80%, solar 12%","solar energy 47%, <long> 28%",0.6472,0.109,1.027
r8s_0916_fountain,"Suggest a type of fountain. Reply with only the name, nothing else.",0.6667,<long> -> bench,0.55,wall fountain -> real,0.5667,tiered -> bench,60,60,0.0,0.333,0.2,60,90,48,0.0,0.2,9.6,tiered fountain,0.4,9,5.82,17.21,0.283,"tiered fountain 27%, wall fountain 17%","<long> 33%, tiered fountain 20%",0.6178,0.317,0.918
r8s_0009_galaxy,"Suggest a type of galaxy. Reply with only the name, nothing else.",0.6667,<long> -> bench,0.5917,spiral galaxy -> real,0.5333,spiral galaxy -> real,60,60,0.0,0.333,0.2,60,90,10,0.0,0.2,9.9,spiral galaxy,0.6,2,1.96,2.82,0.542,"spiral 52%, spiral galaxy 42%","spiral 38%, <long> 33%",0.6503,0.116,0.984
r8s_0014_piece_of_furniture,"Suggest a type of piece of furniture. Reply with only the name, nothing else.",0.6667,<long> -> bench,0.575,ottoman -> real,0.575,chair -> bench,60,60,0.0,0.333,0.2,60,90,17,0.0,0.2,9.2,ottoman,0.4,5,4.12,6.65,0.3,"ottoman 28%, sofa 27%","<long> 33%, sofa 22%",0.6364,0.193,0.877
r8_1490_motorboat,"Name a motorboat. Reply with only the name, nothing else.",0.6667,<long> -> bench,0.5306,sea ray -> real,0.5417,boston whaler -> bench,60,60,0.0,0.333,0.2,60,90,76,0.0,0.2,9.3,boston whaler,0.25,11,8.6,48.56,0.142,"sea ray 15%, boston whaler 7%","<long> 33%, boston whaler 10%",0.6117,0.443,0.876
r8s_0823_lake_on_earth,"Suggest a type of lake on earth. Reply with only the name, nothing else.",0.6667,<long> -> bench,0.6306,crater lake -> real,0.6167,lake baikal -> real,60,60,0.0,0.333,0.2,60,90,29,0.0,0.187,9.6,saltwater lake,0.3,5,3.99,9.27,0.45,"crater lake 52%, lake baikal 23%","<long> 33%, crater lake 26%",0.5983,0.195,0.848
r8_1072_state_of_equilibrium,"Name a state of equilibrium. Reply with only the name, nothing else.",0.6667,<long> -> bench,0.5778,homeostasis -> real,0.5667,homeostasis -> real,60,60,0.0,0.333,0.2,60,90,22,0.0,0.2,9.7,static equilibrium,0.5,6,3.69,12.33,0.175,"homeostasis 20%, steady state 15%","<long> 33%, steady state 13%",0.6375,0.18,1.217
r8s_0163_energy,"Suggest a type of energy. Reply with only the name, nothing else.",0.6667,<long> -> bench,0.5972,solar -> real,0.5333,solar -> real,60,60,0.0,0.333,0.2,60,90,10,0.0,0.2,8.5,solar energy,0.7,5,2.67,3.27,0.458,"solar 45%, solar energy 43%","<long> 33%, solar energy 32%",0.6586,0.116,0.883
r8s_0129_pickle,"Suggest a type of pickle. Reply with only the name, nothing else.",0.6667,<long> -> bench,0.5722,dill -> real,0.5894,dill pickle -> bench,58,57,0.033,0.367,0.233,60,90,36,0.0,0.227,10.7,dill pickle,0.5,7,4.23,12.21,0.278,"dill 30%, dill pickle 18%","<long> 37%, dill pickle 23%",0.6394,0.259,0.971
r8_0565_flooring_material,"Name a flooring material. Reply with only the name, nothing else.",0.6667,oak -> real,0.6667,oak -> real,0.6552,oak -> real,60,67,0.0,0.256,0.153,60,90,16,0.0,0.153,7.6,oak,0.45,5,3.24,5.8,0.425,"oak 40%, hardwood 37%","hardwood 36%, <long> 26%",0.6378,0.211,0.986
r8s_0851_tower,"Suggest a type of tower. Reply with only the name, nothing else.",0.6667,<long> -> bench,0.6083,eiffel tower -> real,0.5617,water tower -> bench,58,57,0.033,0.367,0.233,60,90,31,0.0,0.213,10.5,lighthouse,0.45,7,4.91,10.04,0.461,"eiffel tower 48%, observation tower 7%","<long> 37%, eiffel tower 27%",0.6558,0.354,0.751
r8s_0758_cup,"Suggest a type of cup. Reply with only the name, nothing else.",0.6667,<long> -> bench,0.5639,mug -> real,0.5398,mug -> bench,58,57,0.033,0.367,0.233,60,90,28,0.0,0.22,9.9,mug,0.8,3,1.85,6.93,0.574,"mug 52%, travel mug 7%","mug 39%, <long> 37%",0.6211,0.287,0.827
r8_1743_villain,"Name a villain. Reply with only the name, nothing else.",0.6667,<long> -> bench,0.5806,sauron -> real,0.5583,sauron -> real,60,60,0.0,0.333,0.2,60,90,25,0.0,0.193,9.2,sauron,0.4,6,4.87,10.34,0.25,"sauron 25%, darth vader 23%","<long> 33%, darth vader 18%",0.5947,0.141,0.619
r8s_0926_body_system,"Suggest a type of body system. Reply with only the name, nothing else.",0.6667,<long> -> bench,0.575,circulatory system -> real,0.5259,circulatory -> real,58,57,0.033,0.367,0.233,60,90,28,0.0,0.233,11.1,circulatory system,0.6,5,3.01,7.24,0.513,"circulatory system 48%, nervous system 18%","<long> 37%, circulatory system 33%",0.6328,0.257,0.573
r8s_0988_financial_document,"Suggest a type of financial document. Reply with only the name, nothing else.",0.6667,<long> -> bench,0.6083,balance sheet -> real,0.5417,invoice -> bench,60,60,0.0,0.333,0.2,60,90,12,0.0,0.2,8.7,balance sheet,1.0,1,1.0,3.01,0.692,"balance sheet 68%, invoice 12%","balance sheet 47%, <long> 33%",0.6364,0.18,0.852
r8_1791_tower_type,"Name a tower type. Reply with only the name, nothing else.",0.6667,<long> -> bench,0.6083,eiffel tower -> real,0.5583,eiffel tower -> real,60,60,0.0,0.333,0.2,60,90,35,0.0,0.18,9.6,water tower,0.2,9,7.58,13.71,0.358,"eiffel tower 42%, skyscraper 7%","<long> 33%, eiffel tower 20%",0.6353,0.354,0.865
r8_1770_grind,"Name a grind. Reply with only the name, nothing else.",0.6667,<long> -> bench,0.5167,grindset -> real,0.5175,grindstone -> bench,58,57,0.033,0.367,0.233,60,90,107,0.0,0.227,10.5,kickflip,0.1,18,17.66,102.71,0.026,"<long> 3%, sisyphus 3%","<long> 37%, grindstone 2%",0.6456,0.614,0.797
r8s_1257_newspaper_section,"Suggest a type of newspaper section. Reply with only the name, nothing else.",0.6667,<long> -> bench,0.6083,opinion -> real,0.6583,sports -> bench,60,60,0.0,0.333,0.2,60,90,19,0.0,0.2,8.5,opinion,0.35,4,3.69,6.05,0.442,"opinion 32%, sports 28%","sports 40%, <long> 33%",0.6303,0.188,0.899
r8_0019_building,"Name a type of building. Reply with only the name, nothing else.",0.6667,<long> -> bench,0.6472,skyscraper -> real,0.525,skyscraper -> real,60,60,0.0,0.333,0.2,60,90,14,0.0,0.2,9.3,skyscraper,0.85,3,1.68,2.97,0.758,"skyscraper 78%, school 7%","skyscraper 49%, <long> 33%",0.6411,0.208,1.024
r8s_1262_leg,"Suggest a type of leg. Reply with only the name, nothing else.",0.6667,<long> -> bench,0.5222,ham -> bench,0.5448,table leg -> bench,58,57,0.033,0.367,0.233,60,90,84,0.0,0.227,10.0,table leg,0.2,16,14.14,60.34,0.148,"table leg 10%, table 3%","<long> 37%, table leg 12%",0.6319,0.491,0.657
r8_1771_measuring_device,"Name a measuring device. Reply with only the name, nothing else.",0.6667,<long> -> bench,0.5917,ruler -> real,0.5167,caliper -> bench,60,60,0.0,0.333,0.2,60,90,14,0.0,0.2,9.2,ruler,0.85,4,1.8,3.66,0.467,"ruler 48%, thermometer 42%","<long> 33%, ruler 30%",0.63,0.118,0.868
r8_1940_bridge_style,"Name a bridge style. Reply with only the name, nothing else.",0.6667,<long> -> bench,0.5361,beam bridge -> real,0.5417,arch bridge -> bench,60,60,0.0,0.333,0.2,60,90,27,0.0,0.193,9.0,arch bridge,0.35,9,6.51,11.59,0.2,"suspension bridge 18%, arch bridge 15%","<long> 33%, arch bridge 16%",0.6114,0.241,0.788
r8s_1229_choir,"Suggest a type of choir. Reply with only the name, nothing else.",0.6667,<long> -> bench,0.5361,choir -> real,0.5343,choir -> real,58,57,0.033,0.367,0.233,60,90,56,0.0,0.187,9.8,chamber choir,0.35,13,9.44,33.93,0.148,"chamber choir 13%, choir 8%","<long> 37%, chamber choir 10%",0.6111,0.384,0.836
r8_1353_method_of_research,"Name a method of research. Reply with only the name, nothing else.",0.6667,<long> -> bench,0.5833,survey -> real,0.525,observation -> bench,60,60,0.0,0.333,0.2,60,90,27,0.0,0.2,8.8,survey,0.9,2,1.38,8.22,0.375,"survey 40%, literature review 27%","<long> 33%, survey 23%",0.62,0.364,0.94
r8_0838_pant_style,"Name a pant style. Reply with only the name, nothing else.",0.6667,<long> -> bench,0.6111,chinos -> real,0.5667,chinos -> real,60,60,0.0,0.333,0.2,60,90,21,0.0,0.2,8.9,jeans,0.5,7,4.79,7.79,0.333,"chinos 40%, jeans 25%","<long> 33%, chinos 18%",0.6506,0.312,0.982
r8_0895_defensive_structure,"Name a type of defensive structure. Reply with only the name, nothing else.",0.6667,<long> -> bench,0.5583,bastion -> real,0.55,moat -> bench,60,60,0.0,0.333,0.2,60,90,14,0.0,0.2,8.8,fortress,0.25,9,7.61,6.95,0.25,"castle 27%, bastion 22%","<long> 33%, castle 16%",0.6383,0.173,0.95
r8_1923_ghost_story,"Name a ghost story. Reply with only the name, nothing else.",0.6667,<long> -> bench,0.6444,legend of sleepy hollow -> real,0.6101,legend of sleepy hollow -> real,58,57,0.033,0.367,0.233,60,90,18,0.0,0.167,11.0,legend of sleepy hollow,0.45,9,5.89,5.83,0.339,"legend of sleepy hollow 43%, haunting of hill house 27%","<long> 37%, haunting of hill house 22%",0.6492,0.041,1.033
r8_0631_watch_style,"Name a watch style. Reply with only the name, nothing else.",0.6667,<long> -> bench,0.5528,aviator -> real,0.5425,aviator -> real,58,57,0.033,0.367,0.233,60,90,45,0.0,0.227,10.1,chronograph,0.25,6,5.36,23.85,0.157,"aviator 15%, diver 15%","<long> 37%, diver 10%",0.6103,0.21,0.749
r8_1972_respiratory_part,"Name a respiratory part. Reply with only the name, nothing else.",0.6667,<long> -> bench,0.6194,lung -> real,0.5917,lungs -> bench,60,60,0.0,0.333,0.2,60,90,7,0.0,0.2,9.1,lung,0.6,2,1.96,2.78,0.592,"lung 62%, lungs 22%","lung 38%, <long> 33%",0.6175,0.153,0.941
r8_0017_historical_period,"Name a historical period. Reply with only the name, nothing else.",0.6667,<long> -> bench,0.6222,renaissance -> real,0.525,roman empire -> bench,60,60,0.0,0.333,0.2,60,90,12,0.0,0.2,9.2,renaissance,0.7,5,2.67,3.19,0.692,"renaissance 70%, victorian era 13%","renaissance 46%, <long> 33%",0.6078,0.133,1.013
r8_0209_omnivore,"Name an omnivore. Reply with only the name, nothing else.",0.6667,<long> -> bench,0.6,human -> real,0.55,pig -> bench,60,60,0.0,0.333,0.2,60,90,21,0.0,0.193,8.3,bear,0.7,3,2.11,6.1,0.392,"human 43%, bear 32%","<long> 33%, bear 23%",0.6225,0.148,0.877
r8s_2000_chisel,"Suggest a type of chisel. Reply with only the name, nothing else.",0.6667,<long> -> bench,0.5278,masonry chisel -> real,0.5917,gouge -> bench,60,60,0.0,0.333,0.2,60,90,33,0.0,0.2,10.2,gouge,0.7,6,2.94,10.17,0.475,"gouge 38%, cold chisel 7%","gouge 38%, <long> 33%",0.6153,0.215,0.99
r8s_1654_cable,"Suggest a type of cable. Reply with only the name, nothing else.",0.6667,<long> -> bench,0.5444,cat6 -> real,0.5583,coaxial cable -> bench,60,60,0.0,0.333,0.2,60,90,20,0.0,0.2,9.3,ethernet,0.25,10,7.79,12.96,0.175,"ethernet 15%, hdmi 12%","<long> 33%, ethernet 13%",0.6211,0.084,0.893
r8s_1862_jelly,"Suggest a type of jelly. Reply with only the name, nothing else.",0.6667,<long> -> bench,0.5528,strawberry -> real,0.575,strawberry jelly -> bench,60,60,0.0,0.333,0.2,60,90,43,0.0,0.187,9.5,strawberry,0.3,11,8.4,18.35,0.233,"strawberry 25%, grape 15%","<long> 33%, strawberry 14%",0.6047,0.21,0.977
r8_1198_transformer,"Name a transformer. Reply with only the name, nothing else.",0.6667,<long> -> bench,0.6083,optimus prime -> real,0.5833,optimus prime -> real,60,60,0.0,0.333,0.2,60,90,46,0.0,0.193,9.2,optimus prime,0.8,5,2.18,19.45,0.233,"optimus prime 32%, bert 18%","<long> 33%, optimus prime 10%",0.6514,0.245,0.608
r8_1890_saddle,"Name a saddle. Reply with only the name, nothing else.",0.6667,<long> -> bench,0.5667,western -> real,0.5667,western -> real,60,60,0.0,0.333,0.2,60,90,73,0.0,0.18,9.0,western saddle,0.9,2,1.38,40.65,0.225,"western saddle 23%, western 13%","<long> 33%, western saddle 14%",0.6678,0.431,0.913
r8_0751_tap_dance_step,"Name a tap dance step. Reply with only the name, nothing else.",0.6667,<long> -> bench,0.6444,shuffle -> real,0.625,shuffle -> real,60,60,0.0,0.333,0.2,60,90,21,0.0,0.193,8.8,flap,0.7,4,2.56,5.42,0.508,"flap 47%, shuffle 37%","flap 37%, <long> 33%",0.6353,0.139,1.03
r8_0132_precipitation,"Name a precipitation. Reply with only the name, nothing else.",0.6667,rain -> real,0.6667,rain -> real,0.5738,rain -> real,60,63,0.0,0.3,0.18,60,90,16,0.0,0.173,7.5,rain,1.0,1,1.0,3.65,0.691,"rain 77%, snow 13%","rain 43%, <long> 30%",0.7275,0.14,0.949
r8_0693_cryptid,"Name a cryptid. Reply with only the name, nothing else.",0.6667,<long> -> bench,0.5667,bigfoot -> real,0.55,bigfoot -> bench,60,60,0.0,0.333,0.2,60,90,16,0.0,0.2,9.2,bigfoot,0.7,5,2.67,3.72,0.65,"bigfoot 60%, mothman 18%","bigfoot 47%, <long> 33%",0.6014,0.141,0.972
r8s_1949_speech,"Suggest a type of speech. Reply with only the name, nothing else.",0.6667,<long> -> bench,0.5472,monologue -> real,0.5708,eulogy -> bench,58,57,0.033,0.367,0.233,60,90,41,0.0,0.233,10.2,eulogy,0.55,9,4.99,24.53,0.139,"monologue 12%, persuasive 10%","<long> 37%, eulogy 13%",0.6286,0.376,0.497
r8_0757_dwelling_type,"Name a dwelling type. Reply with only the name, nothing else.",0.6667,<long> -> bench,0.6083,apartment -> real,0.6083,apartment -> real,60,60,0.0,0.333,0.2,60,90,18,0.0,0.2,8.8,cottage,0.35,5,3.95,8.02,0.267,"cottage 30%, apartment 22%","<long> 33%, cabin 20%",0.6067,0.161,0.916
r8_0634_music_notation,"Name a music notation. Reply with only the name, nothing else.",0.6667,<long> -> bench,0.5611,treble clef -> real,0.5333,standard notation -> bench,60,60,0.0,0.333,0.2,60,90,38,0.0,0.187,9.7,abc notation,0.35,10,7.16,15.9,0.242,"treble clef 27%, abc notation 17%","<long> 33%, treble clef 14%",0.6172,0.302,0.908
r8_0630_wood_use,"Name a wood use. Reply with only the name, nothing else.",0.6667,<long> -> bench,0.5667,furniture -> real,0.55,furniture -> bench,60,60,0.0,0.333,0.2,60,90,17,0.0,0.193,8.7,furniture,0.5,7,4.67,4.21,0.65,"furniture 60%, construction 12%","furniture 47%, <long> 33%",0.6219,0.348,0.879
r8s_1946_hive_product,"Suggest a type of hive product. Reply with only the name, nothing else.",0.6667,<long> -> bench,0.6056,honey -> real,0.5333,honey -> bench,60,60,0.0,0.333,0.2,60,90,16,0.0,0.2,8.9,honey,0.75,3,1.99,2.65,0.8,"honey 77%, honeycomb 5%","honey 56%, <long> 33%",0.6244,0.152,0.861
r8_1953_pharmaceutical_form,"Name a pharmaceutical form. Reply with only the name, nothing else.",0.6667,<long> -> bench,0.6528,tablet -> real,0.525,tablet -> real,60,60,0.0,0.333,0.2,60,90,4,0.0,0.2,8.8,tablet,1.0,1,1.0,1.73,0.792,"tablet 82%, capsule 18%","tablet 51%, <long> 33%",0.6344,0.222,1.023
r8_0201_belt,"Name a belt. Reply with only the name, nothing else.",0.6667,<long> -> bench,0.5333,seatbelt -> real,0.525,leather belt -> bench,60,60,0.0,0.333,0.2,60,90,68,0.0,0.18,9.3,black belt,0.3,11,8.4,33.14,0.283,"seatbelt 27%, karate belt 5%","<long> 33%, seatbelt 20%",0.6308,0.426,0.916
r8_0238_venomous_animal,"Name a venomous animal. Reply with only the name, nothing else.",0.6667,<long> -> bench,0.6222,inland taipan -> real,0.6083,inland taipan -> real,60,60,0.0,0.333,0.2,60,90,15,0.0,0.2,9.7,black mamba,0.25,10,7.79,7.3,0.342,"black mamba 32%, inland taipan 30%","<long> 33%, black mamba 24%",0.6175,0.302,1.003
r8_0144_stuffed_animal,"Name a stuffed animal. Reply with only the name, nothing else.",0.6667,<long> -> bench,0.5917,teddy bear -> real,0.5167,teddy bear -> real,60,60,0.0,0.333,0.2,60,90,27,0.0,0.193,9.1,teddy bear,0.95,2,1.22,6.17,0.467,"teddy bear 48%, teddy 30%","<long> 33%, teddy bear 30%",0.6731,0.213,1.047
r8_1857_refrigerator_brand,"Name a refrigerator brand. Reply with only the name, nothing else.",0.6667,<long> -> bench,0.6,whirlpool -> real,0.5583,samsung -> real,60,60,0.0,0.333,0.2,60,90,14,0.0,0.2,9.1,whirlpool,0.7,3,2.11,3.43,0.6,"whirlpool 60%, samsung 32%","whirlpool 40%, <long> 33%",0.6278,0.133,1.038
r8_0771_carrot,"Name a carrot. Reply with only the name, nothing else.",0.6667,<long> -> bench,0.5333,danvers -> real,0.5333,danvers -> real,60,60,0.0,0.333,0.2,60,90,66,0.0,0.193,9.2,hugo,0.1,16,15.16,33.65,0.25,"carrot 23%, nantes 8%","<long> 33%, carrot 18%",0.6025,0.412,0.932
r8_1851_footstep_sound,"Name a footstep sound. Reply with only the name, nothing else.",0.6667,<long> -> bench,0.5528,crunch -> real,0.575,thud -> bench,60,60,0.0,0.333,0.2,60,90,30,0.0,0.2,9.0,crunch,0.4,9,6.43,12.67,0.317,"crunch 32%, squelch 13%","<long> 33%, crunch 21%",0.6172,0.392,1.097
r8_1878_dam,"Name a dam. Reply with only the name, nothing else.",0.6667,hoover dam -> real,0.6667,hoover dam -> real,0.531,hoover dam -> real,60,63,0.0,0.3,0.18,60,90,8,0.0,0.173,9.0,hoover dam,0.95,2,1.22,1.42,0.935,"hoover dam 97%, itaipu dam 2%","hoover dam 63%, <long> 30%",0.6331,0.125,0.969
r8_0780_tie,"Name a tie. Reply with only the name, nothing else.",0.6667,<long> -> bench,0.525,necker -> real,0.5543,necktie -> bench,58,57,0.033,0.367,0.233,60,90,52,0.0,0.22,10.1,bow tie,0.25,10,7.68,23.86,0.243,"necktie 18%, bow tie 12%","<long> 37%, necktie 19%",0.6428,0.316,0.747
r8_1830_tail_grind,"Name a tail grind. Reply with only the name, nothing else.",0.6667,<long> -> bench,0.5444,boneless -> real,0.543,boneless -> real,58,57,0.033,0.367,0.233,60,90,94,0.0,0.233,10.9,5-0,0.15,17,15.83,74.34,0.087,"boneless 10%, 5-0 8%","<long> 37%, 5-0 6%",0.6322,0.517,0.895
r8s_0504_season,"Suggest a type of season. Reply with only the name, nothing else.",0.6667,<long> -> bench,0.625,spring -> real,0.575,spring -> real,60,60,0.0,0.333,0.2,60,90,7,0.0,0.2,8.2,spring,0.4,4,3.49,3.85,0.375,"spring 45%, summer 27%","<long> 33%, summer 27%",0.6281,0.163,0.831
r8s_0480_month,"Suggest a type of month. Reply with only the name, nothing else.",0.6667,<long> -> bench,0.5639,january -> real,0.5417,november -> real,60,60,0.0,0.333,0.2,60,90,31,0.0,0.2,8.2,february,0.2,10,8.12,9.9,0.467,"january 45%, february 13%","<long> 33%, january 32%",0.6422,0.353,0.778
r8_0462_sandal,"Name a sandal. Reply with only the name, nothing else.",0.6667,<long> -> bench,0.5889,flip-flop -> real,0.5417,havaianas -> real,60,60,0.0,0.333,0.2,60,90,27,0.0,0.2,9.7,flip-flop,0.55,7,4.05,8.49,0.45,"flip-flop 47%, havaianas 15%","<long> 33%, flip-flop 29%",0.6225,0.274,0.998
r8_1669_fiber,"Name a fiber. Reply with only the name, nothing else.",0.6667,<long> -> bench,0.5278,cotton -> real,0.556,cotton -> bench,58,57,0.033,0.367,0.233,60,90,54,0.0,0.22,9.9,cotton,0.9,3,1.48,17.57,0.435,"cotton 37%, optic 5%","<long> 37%, cotton 31%",0.6394,0.363,0.726
r8_1317_sport_event,"Name a sport event. Reply with only the name, nothing else.",0.6667,super bowl -> real,0.6667,super bowl -> real,0.5786,super bowl -> real,60,64,0.0,0.289,0.173,60,90,9,0.0,0.16,8.2,super bowl,0.55,4,3.11,2.78,0.685,"super bowl 77%, olympics 12%","super bowl 43%, <long> 29%",0.6161,0.044,0.921
r8_0993_violin,"Name a violin. Reply with only the name, nothing else.",0.6667,<long> -> bench,0.5833,messiah -> real,0.5583,stradivarius -> bench,60,60,0.0,0.333,0.2,60,90,16,0.0,0.2,9.9,messiah,0.5,6,3.95,3.57,0.542,"stradivarius 48%, messiah 37%","stradivarius 40%, <long> 33%",0.6336,0.181,0.881
r8_0961_fish_scale_shape,"Name a fish scale shape. Reply with only the name, nothing else.",0.6667,<long> -> bench,0.55,ctenoid -> real,0.6,cycloid -> bench,60,60,0.0,0.333,0.2,60,90,20,0.0,0.2,9.7,cycloid,0.55,2,1.99,5.03,0.45,"cycloid 35%, ctenoid 33%","cycloid 37%, <long> 33%",0.6253,0.141,1.128
r8_1845_boardwalk_game,"Name a boardwalk game. Reply with only the name, nothing else.",0.6667,monopoly -> real,0.6667,monopoly -> real,0.6065,monopoly -> real,57,63,0.05,0.3,0.2,60,90,20,0.0,0.187,9.1,monopoly,0.65,6,3.2,4.37,0.625,"monopoly 70%, skee-ball 10%","monopoly 37%, <long> 30%",0.6553,0.124,0.682
r8_1158_barbecue,"Name a barbecue. Reply with only the name, nothing else.",0.6667,<long> -> bench,0.525,texas bbq -> real,0.5417,korean bbq -> bench,60,60,0.0,0.333,0.2,60,90,96,0.0,0.2,10.2,kingsford,0.25,13,10.58,78.64,0.092,"korean bbq 5%, texas bbq 5%","<long> 33%, korean bbq 9%",0.6006,0.368,0.949
r8s_0388_donut,"Suggest a type of donut. Reply with only the name, nothing else.",0.6667,<long> -> bench,0.5861,glazed -> real,0.5417,boston cream -> real,60,60,0.0,0.333,0.2,60,90,13,0.0,0.193,9.1,boston cream,0.5,3,2.71,2.69,0.725,"glazed 68%, boston cream 22%","glazed 51%, <long> 33%",0.6336,0.127,1.043
r8_0936_pulley,"Name a pulley. Reply with only the name, nothing else.",0.6667,<long> -> bench,0.6556,block and tackle -> real,0.575,block and tackle -> real,60,60,0.0,0.333,0.2,60,90,24,0.0,0.2,9.8,block and tackle,0.55,6,3.58,4.98,0.558,"block and tackle 63%, fixed pulley 22%","<long> 33%, block and tackle 32%",0.6378,0.248,0.925
r8_1236_form_of_cooking,"Name a type of form of cooking. Reply with only the name, nothing else.",0.6667,<long> -> bench,0.6278,sous-vide -> real,0.6167,sous-vide -> real,60,60,0.0,0.333,0.2,60,90,16,0.0,0.2,9.2,grilling,0.55,3,2.33,7.56,0.308,"sous-vide 30%, grilling 23%","<long> 33%, grilling 26%",0.6442,0.174,0.94
r8_1274_seed_dispersal_method,"Name a seed dispersal method. Reply with only the name, nothing else.",0.6667,<long> -> bench,0.6194,wind -> real,0.5583,wind -> real,60,60,0.0,0.333,0.2,60,90,7,0.0,0.193,8.9,wind dispersal,0.6,3,2.28,2.61,0.508,"wind 48%, wind dispersal 47%","wind dispersal 37%, <long> 33%",0.6614,0.09,1.002
r8_1214_writing_style,"Name a writing style. Reply with only the name, nothing else.",0.6667,<long> -> bench,0.6222,hemingway -> real,0.6,hemingway -> real,60,60,0.0,0.333,0.2,60,90,31,0.0,0.2,9.5,stream of consciousness,0.45,6,4.33,12.96,0.233,"hemingway 33%, minimalism 18%","<long> 33%, minimalism 16%",0.645,0.289,0.783
r8s_1660_warrior,"Suggest a type of warrior. Reply with only the name, nothing else.",0.6667,<long> -> bench,0.5556,paladin -> real,0.5417,samurai -> bench,60,60,0.0,0.333,0.2,60,90,19,0.0,0.2,8.9,samurai,0.45,7,4.99,8.65,0.308,"samurai 27%, paladin 23%","<long> 33%, samurai 23%",0.6186,0.325,0.808
r8_1281_punishment,"Name a type of punishment. Reply with only the name, nothing else.",0.6667,<long> -> bench,0.5694,community service -> real,0.6083,imprisonment -> bench,60,60,0.0,0.333,0.2,60,90,16,0.0,0.2,9.9,imprisonment,0.35,8,6.17,3.74,0.675,"imprisonment 57%, community service 18%","imprisonment 52%, <long> 33%",0.6194,0.202,0.967
r8_1295_theater,"Name a theater. Reply with only the name, nothing else.",0.6667,<long> -> bench,0.5611,globe theatre -> real,0.534,globe -> real,58,57,0.033,0.367,0.233,60,90,41,0.0,0.213,10.5,globe theatre,0.3,11,7.81,20.38,0.209,"globe theatre 23%, broadway theatre 13%","<long> 37%, broadway theatre 11%",0.6325,0.35,1.008
r8_0085_profession,"Name a profession. Reply with only the name, nothing else.",0.6667,<long> -> bench,0.5389,architect -> real,0.575,doctor -> bench,60,60,0.0,0.333,0.2,60,90,25,0.0,0.2,8.3,doctor,0.55,5,3.44,8.21,0.442,"doctor 37%, teacher 15%","doctor 34%, <long> 33%",0.5972,0.183,0.927
r8_0126_holiday,"Name a holiday. Reply with only the name, nothing else.",0.6667,<long> -> bench,0.6611,christmas -> real,0.5083,thanksgiving -> real,60,60,0.0,0.333,0.2,60,90,8,0.0,0.193,8.1,christmas,0.85,3,1.68,1.48,0.925,"christmas 93%, thanksgiving 3%","christmas 61%, <long> 33%",0.6328,0.151,1.01
r8s_1593_beverage_cold,"Suggest a type of beverage cold. Reply with only the name, nothing else.",0.6667,<long> -> bench,0.5972,iced tea -> real,0.5333,iced coffee -> real,60,60,0.0,0.333,0.2,60,90,18,0.0,0.193,9.6,iced tea,0.45,7,5.13,4.79,0.583,"iced tea 58%, iced coffee 15%","iced tea 39%, <long> 33%",0.5875,0.184,0.995
r8_1119_dictionary,"Name a dictionary. Reply with only the name, nothing else.",0.6667,<long> -> bench,0.6194,merriam-webster -> real,0.5858,oxford english dictionary -> real,58,57,0.033,0.367,0.233,60,90,26,0.0,0.22,12.1,merriam-webster,0.8,3,1.85,6.11,0.574,"merriam-webster 58%, oxford english dictionary 22%","<long> 37%, merriam-webster 34%",0.6847,0.286,0.818
r8s_1936_card_suit,"Suggest a type of card suit. Reply with only the name, nothing else.",0.6667,<long> -> bench,0.6194,hearts -> real,0.5083,spades -> real,60,60,0.0,0.333,0.2,60,90,9,0.0,0.2,8.8,hearts,0.6,2,1.96,2.15,0.758,"hearts 75%, spades 20%","hearts 51%, <long> 33%",0.6392,0.097,0.744
r8_1249_reef_feature,"Name a type of reef feature. Reply with only the name, nothing else.",0.6667,<long> -> bench,0.6472,atoll -> real,0.575,atoll -> real,60,60,0.0,0.333,0.2,60,90,25,0.0,0.193,8.9,atoll,0.45,7,4.91,7.28,0.508,"atoll 58%, barrier reef 12%","<long> 33%, atoll 29%",0.6236,0.221,0.84
r8s_1961_type_of_sports_team,"Suggest a type of type of sports team. Reply with only the name, nothing else.",0.6667,<long> -> bench,0.5444,soccer team -> real,0.5583,basketball team -> bench,60,60,0.0,0.333,0.2,60,90,29,0.0,0.193,9.1,basketball team,0.3,9,7.01,14.8,0.175,"soccer team 17%, basketball 17%","<long> 33%, basketball 12%",0.6114,0.191,0.873
r8s_1905_seat_on_transportation,"Suggest a type of seat on transportation. Reply with only the name, nothing else.",0.6667,<long> -> bench,0.5306,reclining seat -> real,0.5333,armchair -> bench,60,60,0.0,0.333,0.2,60,90,52,0.0,0.2,9.6,reclining seat,0.15,15,13.78,31.89,0.108,"reclining seat 12%, recliner 10%","<long> 33%, captains chair 8%",0.6033,0.335,0.857
r8s_0407_law,"Suggest a type of law. Reply with only the name, nothing else.",0.6639,<long> -> bench,0.5944,constitutional law -> real,0.5424,civil law -> bench,59,59,0.017,0.344,0.213,60,90,18,0.0,0.213,10.2,constitutional law,0.75,4,2.23,6.02,0.492,"constitutional law 50%, criminal law 18%","<long> 34%, constitutional law 31%",0.6319,0.356,0.99
r8s_0394_card_in_a_deck,"Suggest a type of card in a deck. Reply with only the name, nothing else.",0.6639,<long> -> bench,0.5528,joker -> real,0.6186,ace of spades -> bench,59,59,0.017,0.344,0.213,60,90,46,0.0,0.187,9.3,ace of spades,0.35,12,8.58,16.37,0.339,"ace of spades 22%, joker 15%","<long> 34%, ace of spades 30%",0.6406,0.349,0.706
r8_0447_wrapping_paper,"Name a wrapping paper. Reply with only the name, nothing else.",0.6639,<long> -> bench,0.525,cellophane -> bench,0.5424,cellophane -> bench,59,59,0.017,0.344,0.213,60,90,87,0.0,0.207,10.2,kraft paper,0.15,15,13.42,66.02,0.076,"tissue paper 5%, kraft paper 5%","<long> 34%, cellophane 7%",0.6031,0.493,0.766
r8s_0471_tooth,"Suggest a type of tooth. Reply with only the name, nothing else.",0.6639,molar -> real,0.6639,molar -> real,0.5563,incisor -> bench,60,61,0.0,0.322,0.193,60,90,6,0.0,0.193,8.6,molar,1.0,1,1.0,1.99,0.769,"molar 82%, incisor 13%","molar 49%, <long> 32%",0.6692,0.195,0.991
r8s_1453_prince,"Suggest a type of prince. Reply with only the name, nothing else.",0.6639,<long> -> bench,0.5167,charming prince -> bench,0.5268,charming prince -> bench,57,56,0.05,0.378,0.247,60,90,89,0.0,0.233,10.4,charming prince,0.15,16,14.77,75.3,0.062,"prince charming 5%, <long> 5%","<long> 38%, prince charming 4%",0.6139,0.59,0.794
r8_1306_animal_defense,"Name an animal defense. Reply with only the name, nothing else.",0.6639,<long> -> bench,0.5806,camouflage -> real,0.5508,mimicry -> bench,59,59,0.017,0.344,0.213,60,90,26,0.0,0.213,9.5,camouflage,0.95,2,1.22,5.6,0.619,"camouflage 58%, mimicry 5%","camouflage 42%, <long> 34%",0.6253,0.24,1.265
r8_1190_comb,"Name a comb. Reply with only the name, nothing else.",0.6639,<long> -> bench,0.5444,comb -> real,0.5339,wide-tooth comb -> bench,59,59,0.017,0.344,0.213,60,90,74,0.0,0.193,9.6,comb,0.15,14,12.52,43.69,0.186,"comb 20%, tangle teezer 5%","<long> 34%, comb 11%",0.6433,0.443,0.521
r8_0786_bird_call,"Name a bird call. Reply with only the name, nothing else.",0.6639,<long> -> bench,0.5444,cuckoo -> real,0.5424,chirp -> bench,59,59,0.017,0.344,0.213,60,90,39,0.0,0.207,9.5,caw,0.35,7,5.13,16.99,0.229,"chirp 18%, cuckoo 17%","<long> 34%, chirp 18%",0.6131,0.279,1.01
r8_0078_canyon,"Name a canyon. Reply with only the name, nothing else.",0.6639,grand canyon -> real,0.6639,grand canyon -> real,0.5443,grand canyon -> real,60,64,0.0,0.289,0.173,60,90,8,0.0,0.16,8.0,grand canyon,0.95,2,1.22,1.77,0.871,"grand canyon 92%, antelope canyon 7%","grand canyon 59%, <long> 29%",0.6497,0.161,1.029
r8s_1657_conference,"Suggest a type of conference. Reply with only the name, nothing else.",0.6639,<long> -> bench,0.5361,tech conference -> real,0.5678,academic conference -> bench,59,59,0.017,0.344,0.213,60,90,36,0.0,0.2,9.5,techcrunch disrupt,0.2,13,11.19,15.59,0.22,"tech conference 22%, techcrunch disrupt 15%","<long> 34%, tech conference 14%",0.6519,0.189,0.824
r8_1961_type_of_sports_team,"Name a type of sports team. Reply with only the name, nothing else.",0.6639,<long> -> bench,0.5611,football team -> real,0.5254,baseball -> bench,59,59,0.017,0.344,0.213,60,90,29,0.0,0.207,9.5,football team,0.35,6,4.46,12.23,0.246,"football team 27%, football 18%","<long> 34%, football team 14%",0.6147,0.363,0.958
r8_1783_bank_account,"Name a bank account. Reply with only the name, nothing else.",0.6639,<long> -> bench,0.6083,chase -> real,0.6949,checking account -> bench,59,59,0.017,0.344,0.213,60,90,27,0.0,0.2,9.4,checking account,0.6,7,3.82,9.48,0.331,"chase 32%, chase bank 15%","<long> 34%, checking account 34%",0.6919,0.157,1.012
r8_0207_language,"Name a type of language. Reply with only the name, nothing else.",0.6639,python -> real,0.6639,python -> real,0.5734,python -> real,60,63,0.0,0.3,0.18,60,90,15,0.0,0.18,7.7,python,0.55,4,2.71,3.42,0.675,"python 75%, english 10%","python 42%, <long> 30%",0.6733,0.257,0.876
r8s_0176_letter_of_the_alphabet,"Suggest a type of letter of the alphabet. Reply with only the name, nothing else.",0.6639,vowel -> bench,0.6639,vowel -> bench,0.7348,vowel -> bench,59,68,0.017,0.244,0.153,60,90,21,0.0,0.153,7.2,cursive,0.4,12,8.12,7.7,0.37,"a 22%, serif 20%","vowel 44%, <long> 24%",0.6422,0.236,0.994
r8_1389_type_of_meteorological,"Name a type of meteorological event. Reply with only the name, nothing else.",0.6639,hurricane -> real,0.6639,hurricane -> real,0.5955,hurricane -> real,60,65,0.0,0.278,0.167,60,90,12,0.0,0.167,7.9,hurricane,0.8,4,2.03,3.49,0.584,"hurricane 68%, thunderstorm 12%","hurricane 36%, <long> 28%",0.6533,0.091,0.871
r8_1396_shifter,"Name a shifter. Reply with only the name, nothing else.",0.6639,<long> -> bench,0.525,werewolf -> real,0.5263,werewolf -> real,57,56,0.05,0.378,0.247,60,90,92,0.0,0.24,10.9,jacob black,0.1,19,18.66,74.83,0.088,"jacob black 8%, werewolf 5%","<long> 38%, jacob black 6%",0.6319,0.541,0.995
r8_0797_athlete,"Name an athlete. Reply with only the name, nothing else.",0.6639,<long> -> bench,0.5944,serena williams -> real,0.5593,lebron james -> real,59,59,0.017,0.344,0.213,60,90,14,0.0,0.213,9.9,serena williams,0.6,4,2.89,3.74,0.619,"serena williams 60%, lebron james 25%","serena williams 41%, <long> 34%",0.6336,0.173,0.968
r8_0613_harp,"Name a harp. Reply with only the name, nothing else.",0.6639,<long> -> bench,0.5167,celesta -> real,0.5169,celesta -> real,59,59,0.017,0.344,0.213,60,90,92,0.0,0.193,10.2,celtic harp,0.4,13,8.71,72.05,0.11,"celtic harp 10%, claire 3%","<long> 34%, celtic harp 8%",0.6308,0.404,0.748
r8_0685_storm_wind_speed,"Name a storm wind speed. Reply with only the name, nothing else.",0.6639,<long> -> bench,0.6194,hurricane -> real,0.5254,hurricane-force wind -> real,59,59,0.017,0.344,0.213,60,90,23,0.0,0.2,9.5,hurricane,0.5,9,5.51,3.87,0.729,"hurricane 72%, tropical storm 5%","hurricane 48%, <long> 34%",0.6536,0.264,1.004
r8_1437_toad,"Name a toad. Reply with only the name, nothing else.",0.6639,<long> -> bench,0.5417,jeremy -> real,0.5678,cane toad -> bench,59,59,0.017,0.344,0.213,60,90,57,0.0,0.207,9.8,bufo bufo,0.45,8,5.26,35.11,0.11,"jeremy 8%, jasper 8%","<long> 34%, bufo bufo 11%",0.6181,0.424,1.023
r8_1786_mean_of_transportation,"Name a mean of transportation. Reply with only the name, nothing else.",0.6639,bicycle -> real,0.6639,bicycle -> real,0.602,bicycle -> real,60,63,0.0,0.3,0.18,60,90,13,0.0,0.173,7.9,car,0.45,5,3.51,4.48,0.512,"bicycle 62%, car 13%","<long> 30%, bicycle 29%",0.6194,0.302,0.866
r8_1394_natural_landform,"Name a natural landform. Reply with only the name, nothing else.",0.6639,grand canyon -> real,0.6639,grand canyon -> real,0.6257,grand canyon -> real,60,67,0.0,0.256,0.153,60,90,13,0.0,0.147,7.2,grand canyon,0.45,3,2.91,4.27,0.417,"grand canyon 55%, mountain 23%","mountain 36%, <long> 26%",0.6378,0.243,0.915
r8s_1075_edible_substance,"Suggest a type of edible substance. Reply with only the name, nothing else.",0.6639,chocolate -> real,0.6639,chocolate -> real,0.6691,apple -> bench,60,68,0.0,0.244,0.147,60,90,22,0.0,0.14,6.6,honey,0.6,5,3.18,5.89,0.43,"chocolate 38%, honey 27%","apple 44%, <long> 24%",0.6711,0.147,1.228
r8_0240_art_medium,"Name an art medium. Reply with only the name, nothing else.",0.6639,oil painting -> real,0.6639,oil painting -> real,0.6242,oil paint -> bench,60,66,0.0,0.267,0.16,60,90,9,0.0,0.16,7.6,oil paint,0.8,3,1.85,4.07,0.421,"oil painting 55%, watercolor 33%","<long> 27%, oil paint 26%",0.6111,0.298,0.941
r8s_1131_electronic_instrument,"Suggest a type of electronic instrument. Reply with only the name, nothing else.",0.6639,synthesizer -> real,0.6639,synthesizer -> real,0.661,oscilloscope -> bench,60,62,0.0,0.311,0.187,60,90,21,0.0,0.187,9.4,synthesizer,0.45,6,3.77,5.52,0.516,"synthesizer 62%, theremin 22%","<long> 31%, synthesizer 29%",0.6769,0.154,0.928
r8s_0689_fairy,"Suggest a type of fairy. Reply with only the name, nothing else.",0.6639,<long> -> bench,0.5667,brownie -> real,0.5508,brownie -> real,59,59,0.017,0.344,0.213,60,90,42,0.0,0.2,9.2,pixie,0.25,14,11.64,18.9,0.229,"brownie 20%, pixie 20%","<long> 34%, pixie 17%",0.6092,0.42,1.001
r8s_0318_historical_era,"Suggest a type of historical era. Reply with only the name, nothing else.",0.6639,<long> -> bench,0.6083,victorian era -> real,0.5932,victorian era -> real,59,59,0.017,0.344,0.213,60,90,20,0.0,0.2,9.7,victorian era,0.35,7,5.01,7.71,0.373,"renaissance 32%, victorian era 28%","<long> 34%, renaissance 28%",0.6161,0.14,1.133
r8s_0780_tie,"Suggest a type of tie. Reply with only the name, nothing else.",0.6639,<long> -> bench,0.5583,bow tie -> real,0.5339,bow tie -> real,59,59,0.017,0.344,0.213,60,90,28,0.0,0.2,9.8,necktie,0.35,10,7.67,10.92,0.254,"windsor 25%, bow tie 22%","<long> 34%, windsor 17%",0.6419,0.145,0.844
r8s_0809_shot,"Suggest a type of shot. Reply with only the name, nothing else.",0.6639,<long> -> bench,0.55,close-up -> real,0.5263,dutch angle -> real,57,56,0.05,0.378,0.247,60,90,63,0.0,0.227,10.2,close-up,0.75,4,2.23,32.12,0.274,"close-up 27%, medium shot 5%","<long> 38%, close-up 17%",0.6186,0.447,0.609
r8_1070_mixer,"Name a mixer. Reply with only the name, nothing else.",0.6639,<long> -> bench,0.5278,pioneer djm-900nxs2 -> real,0.5254,pioneer djm-900nxs2 -> real,59,59,0.017,0.344,0.213,60,90,89,0.0,0.207,10.7,kenwood chef,0.15,16,14.85,64.92,0.127,"kitchenaid 10%, pioneer djm-900nxs2 7%","<long> 34%, kitchenaid 10%",0.6244,0.436,0.62
r8_1533_human_action,"Name a human action. Reply with only the name, nothing else.",0.6639,<long> -> bench,0.6083,running -> real,0.5169,jumping -> bench,59,59,0.017,0.344,0.213,60,90,20,0.0,0.2,8.4,running,0.7,4,2.39,4.09,0.661,"running 65%, walking 15%","running 43%, <long> 34%",0.6275,0.335,1.067
r8_0184_unit_of_temperature,"Name a type of unit of temperature. Reply with only the name, nothing else.",0.6639,celsius -> real,0.6639,celsius -> real,0.5514,celsius -> real,60,67,0.0,0.256,0.153,60,90,8,0.0,0.153,7.6,celsius,1.0,1,1.0,1.45,0.929,"celsius 98%, kelvin 2%","celsius 66%, <long> 26%",0.635,0.098,1.068
r8s_0946_pod_spice,"Suggest a type of pod spice. Reply with only the name, nothing else.",0.6639,<long> -> bench,0.5306,melange -> real,0.5424,cardamom -> bench,59,59,0.017,0.344,0.213,60,90,78,0.0,0.213,10.2,cinnamon,0.05,20,20.0,57.38,0.093,"melange 8%, cardamom 5%","<long> 34%, cardamom 9%",0.6083,0.542,0.661
r8_0931_tunnel,"Name a tunnel. Reply with only the name, nothing else.",0.6639,<long> -> bench,0.5278,channel tunnel -> real,0.5293,channel tunnel -> bench,57,56,0.05,0.378,0.247,60,90,66,0.0,0.24,11.4,channel tunnel,0.35,8,5.52,29.39,0.31,"channel tunnel 27%, gotthard base tunnel 7%","<long> 38%, channel tunnel 21%",0.6389,0.416,0.497
r8_1716_cell_type,"Name a cell type. Reply with only the name, nothing else.",0.6639,<long> -> bench,0.6472,neuron -> real,0.5085,neuron -> bench,59,59,0.017,0.344,0.213,60,90,8,0.0,0.213,9.4,neuron,1.0,1,1.0,1.39,0.941,"neuron 92%, astrocyte 2%","neuron 62%, <long> 34%",0.695,0.1,1.082
r8_1709_window_type,"Name a window type. Reply with only the name, nothing else.",0.6639,<long> -> bench,0.6222,casement -> real,0.5763,casement -> real,59,59,0.017,0.344,0.213,60,90,38,0.0,0.213,9.4,casement window,0.55,4,2.92,11.72,0.364,"casement 43%, casement window 18%","<long> 34%, casement 19%",0.6283,0.33,0.61
r8s_0274_metal,"Suggest a type of metal. Reply with only the name, nothing else.",0.6639,titanium -> real,0.6639,titanium -> real,0.6114,titanium -> real,60,66,0.0,0.267,0.16,60,90,11,0.0,0.16,7.3,titanium,0.7,4,2.49,3.83,0.5,"titanium 62%, steel 28%","titanium 29%, <long> 27%",0.6694,0.109,1.234
r8_1078_gasket,"Name a gasket. Reply with only the name, nothing else.",0.6639,o-ring -> real,0.6639,o-ring -> real,0.6552,o-ring -> real,58,58,0.033,0.356,0.227,60,90,56,0.0,0.213,10.4,o-ring,0.3,11,8.26,23.93,0.241,"o-ring 38%, rubber gasket 10%","<long> 36%, rubber gasket 19%",0.6389,0.342,0.778
r8_1570_penguin,"Name a penguin. Reply with only the name, nothing else.",0.6639,<long> -> bench,0.5833,emperor -> bench,0.6356,emperor -> bench,59,59,0.017,0.344,0.213,60,90,55,0.0,0.207,9.4,pingu,0.15,15,13.42,30.91,0.169,"rockhopper 7%, pingu 7%","<long> 34%, emperor 20%",0.6414,0.283,1.33
r8_1002_noble_gas,"Name a type of noble gas. Reply with only the name, nothing else.",0.6639,helium -> real,0.6639,helium -> real,0.575,helium -> real,60,70,0.0,0.222,0.133,60,90,7,0.0,0.127,6.9,helium,1.0,1,1.0,1.75,0.869,"helium 95%, argon 3%","helium 62%, <long> 22%",0.605,0.144,1.049
r8_1542_element_of_drama,"Name an element of drama. Reply with only the name, nothing else.",0.6639,conflict -> real,0.6639,conflict -> real,0.5984,conflict -> real,60,64,0.0,0.289,0.173,60,90,18,0.0,0.173,7.3,plot,0.75,3,1.99,4.21,0.548,"conflict 65%, plot 18%","conflict 32%, <long> 29%",0.6414,0.174,0.912
r8_0938_taxi_service,"Name a taxi service. Reply with only the name, nothing else.",0.6639,uber -> real,0.6639,uber -> real,0.5317,yellow cab -> bench,60,62,0.0,0.311,0.187,60,90,9,0.0,0.187,7.7,uber,0.95,2,1.22,1.69,0.885,"uber 92%, yellow cab 3%","uber 59%, <long> 31%",0.6856,0.068,0.83
r8s_0280_moss,"Suggest a type of moss. Reply with only the name, nothing else.",0.6639,reindeer moss -> real,0.6639,reindeer moss -> real,0.7246,sphagnum -> bench,60,63,0.0,0.3,0.18,60,90,14,0.0,0.18,9.8,sphagnum,0.5,7,4.47,4.79,0.463,"reindeer moss 42%, sphagnum 23%","sphagnum 48%, <long> 30%",0.6439,0.144,1.188
r8_0322_chart,"Name a chart. Reply with only the name, nothing else.",0.6639,<long> -> bench,0.5806,bar chart -> real,0.5189,biofabric network visualization -> bench,55,53,0.083,0.411,0.28,60,90,31,0.0,0.233,10.5,bar chart,0.9,2,1.38,7.97,0.491,"bar chart 45%, pie chart 17%","<long> 41%, bar chart 29%",0.6631,0.338,0.811
r8_1712_laboratory_glassware,"Name a type of laboratory glassware. Reply with only the name, nothing else.",0.6639,beaker -> real,0.6639,beaker -> real,0.5234,beaker -> real,60,62,0.0,0.311,0.187,60,90,8,0.0,0.18,8.4,beaker,1.0,1,1.0,1.47,0.926,"beaker 95%, flask 2%","beaker 62%, <long> 31%",0.6461,0.113,1.031
r8_0408_kiln,"Name a kiln. Reply with only the name, nothing else.",0.6639,<long> -> bench,0.5611,raku -> real,0.5508,pottery kiln -> bench,59,59,0.017,0.344,0.213,60,90,71,0.0,0.207,10.5,anagama,0.1,18,17.41,38.22,0.246,"raku 27%, skutt 5%","<long> 34%, raku 14%",0.6222,0.34,0.673
r8_0417_migratory_animal,"Name a migratory animal. Reply with only the name, nothing else.",0.6639,monarch butterfly -> real,0.6639,monarch butterfly -> real,0.5891,monarch butterfly -> real,60,65,0.0,0.278,0.167,60,90,12,0.0,0.167,8.7,monarch butterfly,0.8,2,1.65,2.73,0.624,"monarch butterfly 72%, arctic tern 23%","monarch butterfly 39%, <long> 28%",0.6292,0.097,0.877
r8_0419_toothbrush,"Name a toothbrush. Reply with only the name, nothing else.",0.6639,<long> -> bench,0.5611,oral-b -> real,0.5932,colgate -> bench,59,59,0.017,0.344,0.213,60,90,21,0.0,0.2,9.7,oral-b,0.4,10,6.89,4.45,0.5,"colgate 40%, oral-b 33%","colgate 39%, <long> 34%",0.6256,0.098,1.025
r8s_0525_potato,"Suggest a type of potato. Reply with only the name, nothing else.",0.6639,russet -> real,0.6639,russet -> real,0.5307,russet -> real,60,64,0.0,0.289,0.173,60,90,7,0.0,0.173,8.9,russet,1.0,1,1.0,1.31,0.952,"russet 98%, russett 2%","russet 66%, <long> 29%",0.6461,0.069,0.98
r8_1210_pet_category,"Name a pet category. Reply with only the name, nothing else.",0.6639,<long> -> bench,0.6417,dogs -> real,0.5932,dog -> bench,59,59,0.017,0.344,0.213,60,90,13,0.0,0.2,8.9,dogs,0.8,3,1.85,4.9,0.483,"dogs 55%, cats 12%","<long> 34%, dogs 27%",0.6583,0.199,1.114
r8_1351_fish_swimming_style,"Name a fish swimming style. Reply with only the name, nothing else.",0.6639,<long> -> bench,0.5722,carangiform -> real,0.5593,cruising -> real,59,59,0.017,0.344,0.213,60,90,44,0.0,0.213,10.1,carangiform,0.45,9,5.64,15.89,0.356,"carangiform 37%, cruising 17%","<long> 34%, carangiform 22%",0.6058,0.3,0.979
r8_0008_sculpture,"Name a type of sculpture. Reply with only the name, nothing else.",0.6639,<long> -> bench,0.5833,bas-relief -> real,0.5847,statue -> bench,59,59,0.017,0.344,0.213,60,90,31,0.0,0.207,9.7,bas-relief,0.4,7,5.22,15.15,0.195,"bust 23%, bas-relief 23%","<long> 34%, statue 16%",0.6094,0.265,0.924
r8s_1549_spirit,"Suggest a type of spirit. Reply with only the name, nothing else.",0.6639,<long> -> bench,0.5778,whiskey -> real,0.5339,whiskey -> real,59,59,0.017,0.344,0.213,60,90,36,0.0,0.213,9.3,whiskey,0.5,4,2.99,11.74,0.305,"whiskey 33%, gin 23%","<long> 34%, whiskey 18%",0.6075,0.38,0.549
r8s_1530_level,"Suggest a type of level. Reply with only the name, nothing else.",0.6639,<long> -> bench,0.5444,intermediate -> bench,0.5807,intermediate -> bench,57,56,0.05,0.378,0.247,60,90,72,0.0,0.233,10.1,endless runner,0.15,16,14.77,41.24,0.186,"platformer 18%, <long> 5%","<long> 38%, intermediate 12%",0.6328,0.493,0.658
r8_0049_architectural_style,"Name an architectural style. Reply with only the name, nothing else.",0.6611,<long> -> bench,0.5667,bauhaus -> real,0.5801,gothic -> bench,60,61,0.0,0.322,0.193,60,90,30,0.0,0.193,9.3,gothic,0.65,3,2.36,11.86,0.314,"gothic 23%, microservices 18%","<long> 32%, gothic 27%",0.6278,0.196,0.609
r8s_1986_button,"Suggest a type of button. Reply with only the name, nothing else.",0.6611,<long> -> bench,0.55,primary -> real,0.5603,push button -> bench,58,58,0.033,0.356,0.227,60,90,42,0.0,0.22,9.4,push button,0.3,9,7.01,18.21,0.25,"push button 18%, submit 13%","<long> 36%, push button 20%",0.6178,0.266,0.39
r8_0077_zodiac_sign,"Name a zodiac sign. Reply with only the name, nothing else.",0.6611,leo -> real,0.6611,leo -> real,0.6823,aries -> bench,60,71,0.0,0.211,0.127,60,90,12,0.0,0.127,6.5,leo,0.5,6,3.95,3.9,0.481,"leo 50%, aries 28%","aries 51%, <long> 21%",0.6314,0.204,1.057
r8_0076_internal_organ,"Name an internal organ. Reply with only the name, nothing else.",0.6611,<long> -> bench,0.5861,liver -> real,0.5335,stomach -> real,60,61,0.0,0.322,0.193,60,90,6,0.0,0.193,8.1,liver,0.5,2,2.0,2.47,0.636,"liver 62%, heart 27%","liver 44%, <long> 32%",0.6408,0.115,1.164
r8_0059_rock_type,"Name a rock type. Reply with only the name, nothing else.",0.6611,granite -> real,0.6611,granite -> real,0.5234,granite -> real,60,64,0.0,0.289,0.173,60,90,4,0.0,0.173,8.0,granite,1.0,1,1.0,1.14,0.976,granite 100%,"granite 68%, <long> 29%",0.6561,0.073,1.295
r8_0094_adhesive,"Name an adhesive. Reply with only the name, nothing else.",0.6611,<long> -> bench,0.5778,super glue -> real,0.5525,glue -> bench,60,61,0.0,0.322,0.193,60,90,9,0.0,0.193,8.9,glue,0.65,3,2.21,2.4,0.653,"glue 60%, super glue 33%","glue 48%, <long> 32%",0.6292,0.127,1.039
r8_0245_olive,"Name an olive. Reply with only the name, nothing else.",0.6611,<long> -> bench,0.575,manzanillo -> real,0.569,kalamata -> bench,58,58,0.033,0.356,0.227,60,90,24,0.0,0.22,10.4,kalamata,0.8,5,2.18,6.75,0.5,"kalamata 42%, manzanillo 22%","kalamata 37%, <long> 36%",0.6092,0.178,0.904
r8_1300_migratory_bird,"Name a migratory bird. Reply with only the name, nothing else.",0.6611,arctic tern -> real,0.6611,arctic tern -> real,0.5573,arctic tern -> real,60,64,0.0,0.289,0.173,60,90,13,0.0,0.16,8.5,arctic tern,0.95,2,1.22,2.63,0.774,"arctic tern 83%, canada goose 8%","arctic tern 51%, <long> 29%",0.6389,0.276,1.016
r8s_1651_life_stage,"Suggest a type of life stage. Reply with only the name, nothing else.",0.6611,<long> -> bench,0.5861,adulthood -> real,0.6272,adolescence -> bench,60,61,0.0,0.322,0.193,60,90,14,0.0,0.193,9.4,adolescence,0.7,2,1.84,3.3,0.612,"adolescence 48%, adulthood 32%","adolescence 50%, <long> 32%",0.6322,0.19,1.231
r8s_1544_track_and_field_event,"Suggest a type of track and field event. Reply with only the name, nothing else.",0.6611,<long> -> bench,0.5889,long jump -> real,0.544,long jump -> real,60,61,0.0,0.322,0.193,60,90,15,0.0,0.193,10.1,long jump,0.35,5,4.25,5.99,0.322,"long jump 37%, 100-meter dash 28%","<long> 32%, 100-meter dash 23%",0.635,0.133,0.968
r8_1307_christmas_carol,"Name a christmas carol. Reply with only the name, nothing else.",0.6611,silent night -> real,0.6611,silent night -> real,0.5866,jingle bells -> bench,60,67,0.0,0.256,0.153,60,90,5,0.0,0.14,8.5,silent night,0.9,3,1.48,2.13,0.677,"silent night 77%, jingle bells 20%","silent night 44%, jingle bells 28%",0.6533,0.066,0.938
r8_1289_park_feature,"Name a type of park feature. Reply with only the name, nothing else.",0.6611,<long> -> bench,0.5611,swing set -> real,0.5426,swing set -> real,60,61,0.0,0.322,0.193,60,90,20,0.0,0.187,8.7,swing,0.35,8,6.07,7.97,0.355,"swing 35%, swing set 20%","<long> 32%, swing 24%",0.6414,0.276,1.011
r8_1183_diet,"Name a diet. Reply with only the name, nothing else.",0.6611,<long> -> bench,0.6361,keto -> real,0.5305,keto -> real,60,61,0.0,0.322,0.193,60,90,11,0.0,0.18,8.7,keto,0.55,5,3.44,3.36,0.686,"keto 72%, ketogenic 10%","keto 44%, <long> 32%",0.6475,0.253,1.046
r8_1124_chromosome,"Name a chromosome. Reply with only the name, nothing else.",0.6611,<long> -> bench,0.5972,chromosome 1 -> real,0.5253,x chromosome -> real,60,61,0.0,0.322,0.193,60,90,16,0.0,0.193,9.8,chromosome 1,0.75,5,2.45,4.01,0.661,"chromosome 1 65%, x 10%","chromosome 1 46%, <long> 32%",0.6644,0.086,0.949
r8_0288_oven,"Name an oven. Reply with only the name, nothing else.",0.6611,<long> -> bench,0.5556,oven -> real,0.5956,toaster oven -> bench,60,61,0.0,0.322,0.193,60,90,36,0.0,0.193,9.2,toaster oven,0.3,12,9.25,11.22,0.43,"toaster oven 33%, oven 17%","toaster oven 36%, <long> 32%",0.6458,0.351,1.101
r8s_1181_color_of_sky,"Suggest a type of color of sky. Reply with only the name, nothing else.",0.6611,blue -> bench,0.6611,blue -> bench,0.7558,blue -> bench,60,69,0.0,0.233,0.14,60,90,13,0.0,0.14,6.4,azure,0.55,3,2.33,3.41,0.574,"azure 42%, blue 30%","blue 62%, <long> 23%",0.7,0.131,1.282
r8_1310_cartoon_show,"Name a cartoon show. Reply with only the name, nothing else.",0.6611,spongebob squarepants -> real,0.6611,spongebob squarepants -> real,0.55,spongebob squarepants -> real,60,65,0.0,0.278,0.167,60,90,6,0.0,0.167,10.7,spongebob squarepants,0.65,2,1.91,1.68,0.848,"spongebob squarepants 90%, simpsons 10%","spongebob squarepants 58%, <long> 28%",0.6253,0.05,0.905
r8_1363_photography,"Name a photography. Reply with only the name, nothing else.",0.6611,<long> -> bench,0.6389,ansel adams -> real,0.5306,ansel adams -> real,60,61,0.0,0.322,0.193,60,90,21,0.0,0.193,9.4,ansel adams,0.65,6,3.29,3.94,0.702,"ansel adams 73%, annie leibovitz 10%","ansel adams 46%, <long> 32%",0.6517,0.203,0.779
r8_1344_tea,"Name a tea. Reply with only the name, nothing else.",0.6611,earl grey -> real,0.6611,earl grey -> real,0.55,earl grey -> real,60,66,0.0,0.267,0.16,60,90,8,0.0,0.153,8.4,earl grey,0.95,2,1.22,1.77,0.881,"earl grey 93%, darjeeling 3%","earl grey 61%, <long> 27%",0.6675,0.131,1.118
r8_1355_monster,"Name a monster. Reply with only the name, nothing else.",0.6611,<long> -> bench,0.5889,kraken -> real,0.5598,kraken -> real,60,61,0.0,0.322,0.193,60,90,52,0.0,0.18,9.1,kraken,0.3,10,7.71,24.05,0.24,"kraken 30%, cthulhu 13%","<long> 32%, kraken 12%",0.6036,0.31,0.761
r8s_1402_ceramic_product,"Suggest a type of ceramic product. Reply with only the name, nothing else.",0.6611,<long> -> bench,0.5333,porcelain vase -> real,0.5327,mug -> bench,60,61,0.0,0.322,0.193,60,90,26,0.0,0.193,9.2,porcelain dinnerware,0.15,18,16.96,13.45,0.248,"porcelain 23%, vase 15%","<long> 32%, porcelain 18%",0.605,0.2,0.834
r8_1308_pegasus,"Name a type of pegasus. Reply with only the name, nothing else.",0.6611,<long> -> bench,0.6222,bucephalus -> real,0.5408,bellerophon -> bench,60,61,0.0,0.322,0.193,60,90,43,0.0,0.187,9.9,bucephalus,0.2,14,11.99,9.23,0.562,"bucephalus 60%, pegasus 7%","bucephalus 36%, <long> 32%",0.5956,0.26,0.859
r8_1177_organic_compound,"Name an organic compound. Reply with only the name, nothing else.",0.6611,<long> -> bench,0.6083,glucose -> real,0.6004,glucose -> real,60,61,0.0,0.322,0.193,60,90,16,0.0,0.193,8.9,ethanol,0.75,3,2.08,5.87,0.479,"ethanol 42%, glucose 25%","ethanol 37%, <long> 32%",0.6144,0.249,1.068
r8_0679_bird_feather_color,"Name a bird feather color. Reply with only the name, nothing else.",0.6611,<long> -> bench,0.6139,blue -> real,0.5611,blue -> real,60,61,0.0,0.322,0.193,60,90,28,0.0,0.193,8.4,azure,0.35,7,5.76,9.54,0.388,"blue 45%, azure 18%","<long> 32%, blue 22%",0.6022,0.273,0.837
r8_0005_bread,"Name a bread. Reply with only the name, nothing else.",0.6611,sourdough -> real,0.6611,sourdough -> real,0.5239,baguette -> bench,60,62,0.0,0.311,0.187,60,90,4,0.0,0.187,9.2,sourdough,0.55,3,2.33,1.24,0.951,"sourdough 97%, brioche 2%","sourdough 64%, <long> 31%",0.6756,0.15,1.127
r8_0024_school_subject,"Name a school subject. Reply with only the name, nothing else.",0.6611,<long> -> bench,0.6111,mathematics -> real,0.559,history -> real,60,61,0.0,0.322,0.193,60,90,7,0.0,0.193,8.5,mathematics,0.85,2,1.53,2.13,0.785,"mathematics 77%, history 20%","mathematics 54%, <long> 32%",0.6403,0.176,1.019
r8_0234_video_game,"Name a video game. Reply with only the name, nothing else.",0.6611,<long> -> bench,0.5583,breath of the wild -> real,0.6269,minecraft -> bench,60,61,0.0,0.322,0.193,60,90,17,0.0,0.193,9.7,breath of the wild,0.75,3,2.08,4.12,0.645,"minecraft 52%, breath of the wild 18%","minecraft 52%, <long> 32%",0.6125,0.161,1.017
r8s_1318_drop,"Suggest a type of drop. Reply with only the name, nothing else.",0.6611,<long> -> bench,0.5444,water drop -> bench,0.569,water drop -> bench,58,58,0.033,0.356,0.227,60,90,78,0.0,0.22,9.6,water drop,0.25,15,12.48,54.94,0.078,"parachute 8%, water 7%","<long> 36%, water drop 9%",0.6753,0.485,0.652
r8s_1378_egg_preparation,"Suggest a type of egg preparation. Reply with only the name, nothing else.",0.6611,<long> -> bench,0.6167,scrambled eggs -> real,0.5566,scrambled -> bench,60,61,0.0,0.322,0.193,60,90,19,0.0,0.193,9.7,scrambled eggs,0.7,6,2.94,6.6,0.446,"scrambled eggs 50%, poached 18%","<long> 32%, scrambled eggs 27%",0.6056,0.149,0.987
r8s_1379_bank,"Suggest a type of bank. Reply with only the name, nothing else.",0.6611,<long> -> bench,0.5639,commercial bank -> bench,0.6299,commercial bank -> bench,60,61,0.0,0.322,0.193,60,90,27,0.0,0.193,9.1,commercial bank,0.45,4,3.44,9.5,0.281,"investment bank 25%, credit union 18%","<long> 32%, commercial bank 28%",0.6161,0.279,0.891
r8_0509_body_system,"Name a body system. Reply with only the name, nothing else.",0.6611,<long> -> bench,0.5806,nervous system -> real,0.5436,nervous system -> real,60,61,0.0,0.322,0.193,60,90,11,0.0,0.187,10.2,circulatory system,0.55,4,2.92,3.43,0.57,"circulatory system 53%, nervous system 32%","circulatory system 41%, <long> 32%",0.645,0.18,1.068
r8_0521_demon,"Name a demon. Reply with only the name, nothing else.",0.6611,<long> -> bench,0.6139,lucifer -> real,0.569,lucifer -> real,60,61,0.0,0.322,0.193,60,90,23,0.0,0.193,9.3,asmodeus,0.45,4,3.19,8.73,0.347,"lucifer 42%, asmodeus 17%","<long> 32%, lucifer 19%",0.6231,0.279,1.033
r8_0877_protein_type,"Name a protein type. Reply with only the name, nothing else.",0.6611,<long> -> bench,0.55,collagen -> real,0.5869,enzyme -> bench,60,61,0.0,0.322,0.193,60,90,24,0.0,0.193,8.8,enzyme,0.65,5,3.07,7.6,0.488,"enzyme 40%, collagen 13%","enzyme 39%, <long> 32%",0.5936,0.246,1.0
r8_0915_holiday_decoration,"Name a holiday decoration. Reply with only the name, nothing else.",0.6611,<long> -> bench,0.5667,wreath -> real,0.5667,christmas tree -> real,60,61,0.0,0.322,0.193,60,90,30,0.0,0.187,9.2,wreath,0.25,12,9.62,13.91,0.314,"wreath 33%, christmas tree 13%","<long> 32%, wreath 20%",0.6164,0.303,0.849
r8_0884_pig_breed,"Name a pig breed. Reply with only the name, nothing else.",0.6611,<long> -> bench,0.6167,yorkshire -> real,0.577,yorkshire -> real,60,61,0.0,0.322,0.193,60,90,11,0.0,0.193,9.1,duroc,0.45,6,4.27,4.26,0.364,"duroc 40%, yorkshire 40%","<long> 32%, duroc 22%",0.61,0.135,0.998
r8s_0306_airplane_part,"Suggest a type of airplane part. Reply with only the name, nothing else.",0.6611,<long> -> bench,0.5944,aileron -> real,0.5839,aileron -> real,60,61,0.0,0.322,0.193,60,90,18,0.0,0.193,9.1,flap,0.15,12,11.19,8.0,0.339,"winglet 33%, aileron 23%","<long> 32%, winglet 23%",0.5964,0.235,0.934
r8_0220_philosophical_concept,"Name a philosophical concept. Reply with only the name, nothing else.",0.6611,<long> -> bench,0.5806,existentialism -> real,0.5514,stoicism -> real,60,61,0.0,0.322,0.193,60,90,29,0.0,0.193,9.5,tabula rasa,0.55,8,4.54,9.38,0.273,"existentialism 32%, stoicism 27%","<long> 32%, tabula rasa 19%",0.6117,0.286,0.957
r8_0657_party_supply,"Name a party supply. Reply with only the name, nothing else.",0.6611,<long> -> bench,0.5528,balloon -> real,0.5529,balloon -> bench,60,61,0.0,0.322,0.193,60,90,20,0.0,0.193,8.8,balloon,0.5,5,3.45,4.58,0.603,"balloon 55%, balloons 18%","balloon 44%, <long> 32%",0.6214,0.296,1.025
r8_0772_installation_art,"Name an installation art. Reply with only the name, nothing else.",0.6611,<long> -> bench,0.5972,dinner party -> real,0.5517,dinner party -> real,58,58,0.033,0.356,0.227,60,90,30,0.0,0.213,10.5,weather project,0.5,4,3.22,9.27,0.345,"dinner party 38%, weather project 23%","<long> 36%, dinner party 19%",0.6353,0.225,1.039
r8_0776_cymbal,"Name a cymbal. Reply with only the name, nothing else.",0.6611,<long> -> bench,0.5667,crash -> real,0.5481,crash cymbal -> bench,60,61,0.0,0.322,0.193,60,90,17,0.0,0.193,9.5,crash cymbal,0.4,6,4.73,7.54,0.314,"crash 33%, china cymbal 22%","<long> 32%, crash 20%",0.5975,0.186,0.968
r8_0821_housing,"Name a type of housing. Reply with only the name, nothing else.",0.6611,<long> -> bench,0.5972,apartment -> real,0.5251,condo -> real,60,61,0.0,0.322,0.193,60,90,14,0.0,0.193,8.6,apartment,0.95,2,1.22,3.56,0.661,"apartment 65%, cottage 15%","apartment 46%, <long> 32%",0.6092,0.256,1.036
r8_0716_fictional_robot,"Name a fictional robot. Reply with only the name, nothing else.",0.6611,<long> -> bench,0.5194,r2-d2 -> real,0.5466,r2-d2 -> bench,60,61,0.0,0.322,0.193,60,90,55,0.0,0.193,9.7,r2-d2,0.9,3,1.48,20.79,0.364,"r2-d2 32%, rusty 7%","<long> 32%, r2-d2 28%",0.6008,0.254,0.784
r8_1822_sweater,"Name a sweater. Reply with only the name, nothing else.",0.6611,<long> -> bench,0.525,cashmere crewneck -> real,0.5643,turtleneck -> bench,60,61,0.0,0.322,0.193,60,90,45,0.0,0.193,9.6,argyle sweater,0.3,6,5.02,22.1,0.215,"turtleneck 15%, cashmere 8%","<long> 32%, turtleneck 19%",0.6114,0.293,0.993
r8_1834_bed_sheet,"Name a bed sheet. Reply with only the name, nothing else.",0.6611,<long> -> bench,0.5444,percale -> real,0.547,fitted sheet -> bench,60,61,0.0,0.322,0.193,60,90,34,0.0,0.187,9.1,percale,0.35,10,6.77,9.67,0.314,"percale 30%, fitted sheet 27%","<long> 32%, fitted sheet 24%",0.6264,0.241,0.99
r8_1914_mouse_button,"Name a mouse button. Reply with only the name, nothing else.",0.6611,<long> -> bench,0.575,left click -> real,0.5802,left -> bench,60,61,0.0,0.322,0.193,60,90,9,0.0,0.187,8.4,left button,0.7,4,2.49,4.29,0.421,"left button 40%, left 22%","<long> 32%, left button 30%",0.6647,0.11,1.031
r8_1827_musician,"Name a musician. Reply with only the name, nothing else.",0.6611,<long> -> bench,0.5944,taylor swift -> real,0.5254,freddie mercury -> real,60,61,0.0,0.322,0.193,60,90,28,0.0,0.193,9.1,taylor swift,0.45,10,6.48,8.28,0.521,"taylor swift 53%, freddie mercury 10%","taylor swift 34%, <long> 32%",0.6661,0.394,1.024
r8s_0031_unit_of_length,"Suggest a type of unit of length. Reply with only the name, nothing else.",0.6611,<long> -> bench,0.6528,meter -> real,0.5164,metre -> bench,60,61,0.0,0.322,0.193,60,90,11,0.0,0.193,7.8,meter,0.95,2,1.22,1.65,0.909,"meter 92%, millimeter 2%","meter 61%, <long> 32%",0.6614,0.065,0.994
r8_0844_spice_from_peppercorn,"Name a spice from peppercorn. Reply with only the name, nothing else.",0.6611,<long> -> bench,0.6028,pepper -> real,0.6033,black pepper -> bench,60,61,0.0,0.322,0.193,60,90,18,0.0,0.187,8.7,black pepper,0.65,6,3.2,4.79,0.504,"black pepper 40%, pepper 35%","black pepper 41%, <long> 32%",0.6017,0.151,1.054
r8_0840_drum_stroke,"Name a drum stroke. Reply with only the name, nothing else.",0.6611,<long> -> bench,0.5306,rimshot -> real,0.5544,flam -> bench,60,61,0.0,0.322,0.193,60,90,33,0.0,0.187,9.2,rudiment,0.25,12,9.46,10.26,0.421,"flam 37%, rimshot 15%","<long> 32%, flam 32%",0.6044,0.238,0.98
r8_0735_shrub,"Name a shrub. Reply with only the name, nothing else.",0.6611,<long> -> bench,0.5722,boxwood -> real,0.5866,rosemary -> bench,60,61,0.0,0.322,0.193,60,90,12,0.0,0.187,8.6,rosemary,0.4,6,4.67,4.83,0.521,"rosemary 43%, boxwood 20%","rosemary 41%, <long> 32%",0.6028,0.193,1.065
r8_0854_sealant,"Name a sealant. Reply with only the name, nothing else.",0.6611,<long> -> bench,0.625,silicone -> real,0.5246,caulk -> bench,60,61,0.0,0.322,0.193,60,90,24,0.0,0.187,9.2,silicone,0.75,4,2.28,4.84,0.661,"silicone 68%, silicone sealant 7%","silicone 43%, <long> 32%",0.6236,0.2,1.027
r8s_1041_giant,"Suggest a type of giant. Reply with only the name, nothing else.",0.6611,<long> -> bench,0.5694,frost giant -> real,0.5345,mountain giant -> bench,58,58,0.033,0.356,0.227,60,90,38,0.0,0.227,10.2,frost giant,0.6,7,3.82,11.35,0.474,"frost giant 45%, cloud giant 7%","<long> 36%, frost giant 31%",0.6339,0.469,0.975
r8_1140_home_decor,"Name a home decor. Reply with only the name, nothing else.",0.6611,<long> -> bench,0.6028,throw pillow -> real,0.603,lamp -> bench,60,61,0.0,0.322,0.193,60,90,26,0.0,0.193,8.8,throw pillow,0.5,7,4.23,6.46,0.537,"lamp 43%, throw pillow 25%","lamp 43%, <long> 32%",0.6083,0.332,1.27
r8_1167_pad,"Name a pad. Reply with only the name, nothing else.",0.6611,<long> -> bench,0.6194,ipad -> real,0.5948,ipad -> real,58,58,0.033,0.356,0.227,60,90,71,0.0,0.213,9.8,ipad,0.3,14,10.9,36.13,0.267,"ipad 35%, <long> 3%","<long> 36%, ipad 11%",0.6608,0.43,0.51
r8s_1266_sports_official,"Suggest a type of sports official. Reply with only the name, nothing else.",0.6611,referee -> real,0.6611,referee -> real,0.55,referee -> real,60,65,0.0,0.278,0.167,60,90,4,0.0,0.167,8.0,referee,0.9,2,1.38,1.58,0.848,"referee 90%, umpire 10%","referee 58%, <long> 28%",0.6111,0.169,0.898
r8_0239_measurement,"Name a type of measurement. Reply with only the name, nothing else.",0.6611,<long> -> bench,0.6056,meter -> real,0.6134,length -> bench,60,61,0.0,0.322,0.193,60,90,37,0.0,0.193,8.2,length,0.7,7,3.15,15.22,0.281,"meter 23%, temperature 18%","<long> 32%, length 27%",0.6278,0.317,0.976
r8s_0020_day_of_the_week,"Suggest a type of day of the week. Reply with only the name, nothing else.",0.6611,<long> -> bench,0.6278,monday -> real,0.5301,monday -> real,60,61,0.0,0.322,0.193,60,90,12,0.0,0.173,7.9,monday,0.4,5,3.85,3.45,0.636,"monday 67%, tuesday 18%","monday 41%, <long> 32%",0.6292,0.319,0.808
r8_0637_beaker,"Name a beaker. Reply with only the name, nothing else.",0.6611,<long> -> bench,0.6444,erlenmeyer -> real,0.6339,erlenmeyer -> real,60,61,0.0,0.322,0.193,60,90,59,0.0,0.18,9.4,glass beaker,0.2,12,10.17,28.82,0.198,"erlenmeyer 33%, beaker 10%","<long> 32%, beaker 9%",0.6528,0.42,0.964
r8_1963_legal_term,"Name a legal term. Reply with only the name, nothing else.",0.6611,<long> -> bench,0.625,tort -> real,0.5616,tort -> real,60,61,0.0,0.322,0.193,60,90,24,0.0,0.193,9.2,habeas corpus,0.65,3,2.21,6.52,0.455,"tort 52%, habeas corpus 20%","<long> 32%, tort 27%",0.6239,0.184,0.887
r8_0669_performance,"Name a performance. Reply with only the name, nothing else.",0.6611,<long> -> bench,0.6111,hamilton -> real,0.5431,hamilton -> real,58,58,0.033,0.356,0.227,60,90,47,0.0,0.2,9.8,hamilton,0.6,5,3.01,12.75,0.474,"hamilton 50%, nutcracker 7%","<long> 36%, hamilton 28%",0.6419,0.305,0.787
r8_0577_celebration,"Name a celebration. Reply with only the name, nothing else.",0.6611,<long> -> bench,0.5417,christmas -> real,0.5296,christmas -> bench,60,61,0.0,0.322,0.193,60,90,25,0.0,0.187,8.7,christmas,0.25,6,5.46,9.02,0.413,"christmas 38%, new years eve 15%","<long> 32%, christmas 30%",0.6111,0.301,0.853
r8_1735_circus_act,"Name a circus act. Reply with only the name, nothing else.",0.6611,<long> -> bench,0.5833,trapeze artist -> real,0.5807,tightrope walking -> bench,60,61,0.0,0.322,0.193,60,90,50,0.0,0.167,10.4,tightrope walking,0.55,7,4.23,24.23,0.231,"trapeze artist 20%, tightrope walking 15%","<long> 32%, tightrope walking 21%",0.6303,0.202,0.843
r8_0259_literature,"Name a type of literature. Reply with only the name, nothing else.",0.6611,<long> -> bench,0.6444,novel -> real,0.6418,novel -> real,60,61,0.0,0.322,0.193,60,90,13,0.0,0.193,8.6,poetry,0.55,6,3.78,5.82,0.322,"poetry 30%, novel 30%","<long> 32%, poetry 23%",0.6303,0.146,1.059
r8_0042_aircraft,"Name an aircraft. Reply with only the name, nothing else.",0.6611,<long> -> bench,0.6444,boeing 747 -> real,0.5333,boeing 737 -> real,60,61,0.0,0.322,0.193,60,90,14,0.0,0.18,11.8,boeing 747,0.85,3,1.68,2.88,0.736,"boeing 747 77%, cessna 172 10%","boeing 747 48%, <long> 32%",0.6406,0.216,1.022
r8s_1043_historical_building,"Suggest a type of historical building. Reply with only the name, nothing else.",0.6611,<long> -> bench,0.6056,gothic cathedral -> real,0.6545,cathedral -> bench,60,61,0.0,0.322,0.193,60,90,26,0.0,0.187,9.2,castle,0.45,5,3.94,8.88,0.306,"gothic cathedral 23%, castle 22%","<long> 32%, cathedral 31%",0.5986,0.217,0.906
r8_1368_epic,"Name an epic. Reply with only the name, nothing else.",0.6611,<long> -> bench,0.5417,odyssey -> real,0.5655,iliad -> bench,54,52,0.1,0.422,0.293,60,90,40,0.0,0.227,11.9,iliad,0.9,2,1.38,11.04,0.472,"iliad 37%, odyssey 12%","<long> 42%, iliad 31%",0.6403,0.23,0.447
r8_0302_brush,"Name a brush. Reply with only the name, nothing else.",0.6611,<long> -> bench,0.5944,toothbrush -> bench,0.6552,toothbrush -> bench,60,61,0.0,0.322,0.193,60,90,51,0.0,0.193,9.7,paintbrush,0.25,9,7.48,24.4,0.223,"paintbrush 10%, bristle 8%","<long> 32%, toothbrush 26%",0.6306,0.301,1.163
r8_1106_oread,"Name an oread. Reply with only the name, nothing else.",0.6611,<long> -> bench,0.55,calypso -> real,0.6034,dryope -> bench,58,58,0.033,0.356,0.227,60,90,45,0.0,0.2,9.6,echo,0.8,3,1.85,16.52,0.293,"echo 25%, calypso 10%","<long> 36%, echo 21%",0.6353,0.312,0.478
r8_1019_restaurant_type,"Name a restaurant type. Reply with only the name, nothing else.",0.6611,<long> -> bench,0.5861,italian -> real,0.541,steakhouse -> bench,60,61,0.0,0.322,0.193,60,90,14,0.0,0.187,8.2,italian,0.55,6,3.78,5.13,0.43,"italian 45%, sushi 33%","<long> 32%, italian 28%",0.6264,0.182,0.989
r8_0349_gesture,"Name a type of gesture. Reply with only the name, nothing else.",0.6611,<long> -> bench,0.6472,wave -> real,0.6221,emblem -> bench,60,61,0.0,0.322,0.193,60,90,21,0.0,0.187,8.4,wave,0.6,4,2.81,5.77,0.504,"wave 58%, emblem 10%","<long> 32%, wave 29%",0.6897,0.227,0.585
r8_1675_palace,"Name a palace. Reply with only the name, nothing else.",0.6611,<long> -> bench,0.6167,palace of versailles -> real,0.577,palace of versailles -> real,60,61,0.0,0.322,0.193,60,90,17,0.0,0.193,9.6,palace of versailles,0.65,2,1.91,6.83,0.322,"palace of versailles 40%, versailles 27%","<long> 32%, versailles 19%",0.6111,0.154,0.919
r8_0990_caviar,"Name a caviar. Reply with only the name, nothing else.",0.6611,<long> -> bench,0.6111,oscietra -> real,0.5926,oscietra -> real,60,61,0.0,0.322,0.193,60,90,22,0.0,0.193,9.2,beluga,0.65,6,3.2,5.78,0.521,"beluga 48%, oscietra 30%","beluga 38%, <long> 32%",0.6175,0.225,1.012
r8s_0821_housing,"Suggest a type of housing. Reply with only the name, nothing else.",0.6611,<long> -> bench,0.5583,townhouse -> real,0.5504,townhouse -> real,60,61,0.0,0.322,0.193,60,90,33,0.0,0.187,8.6,townhouse,0.35,11,8.01,14.26,0.331,"apartment 33%, townhouse 15%","<long> 32%, apartment 22%",0.6081,0.321,0.905
r8_0489_clock_type,"Name a clock type. Reply with only the name, nothing else.",0.6611,<long> -> bench,0.5528,grandfather clock -> real,0.5391,atomic clock -> bench,60,61,0.0,0.322,0.193,60,90,28,0.0,0.193,9.2,grandfather clock,0.8,5,2.18,10.18,0.314,"grandfather clock 32%, atomic clock 23%","<long> 32%, atomic clock 21%",0.6531,0.259,1.157
r8s_0301_butter,"Suggest a type of butter. Reply with only the name, nothing else.",0.6611,<long> -> bench,0.5861,salted butter -> real,0.5597,salted butter -> real,60,61,0.0,0.322,0.193,60,90,19,0.0,0.187,9.4,salted butter,0.3,8,6.35,7.98,0.289,"unsalted butter 30%, salted butter 28%","<long> 32%, unsalted butter 19%",0.6053,0.243,0.887
r8s_0371_fermented_food,"Suggest a type of fermented food. Reply with only the name, nothing else.",0.6611,kimchi -> real,0.6611,kimchi -> real,0.59,kimchi -> real,60,73,0.0,0.189,0.113,60,90,9,0.0,0.1,6.3,kimchi,0.95,2,1.22,2.09,0.835,"kimchi 93%, yogurt 3%","kimchi 61%, <long> 19%",0.6603,0.198,0.993
r8_1661_musical_style,"Name a musical style. Reply with only the name, nothing else.",0.6611,jazz -> real,0.6611,jazz -> real,0.563,jazz -> real,60,69,0.0,0.233,0.14,60,90,14,0.0,0.14,7.1,jazz,1.0,1,1.0,1.78,0.899,"jazz 97%, reggae 2%","jazz 64%, <long> 23%",0.6408,0.088,1.007
r8_1634_sports_trophy,"Name a sports trophy. Reply with only the name, nothing else.",0.6611,<long> -> bench,0.5417,super bowl trophy -> real,0.5462,stanley cup -> bench,60,61,0.0,0.322,0.193,60,90,19,0.0,0.193,9.9,stanley cup,0.35,8,5.12,5.67,0.413,"stanley cup 37%, super bowl trophy 28%","<long> 32%, stanley cup 31%",0.6217,0.217,1.04
r8_1398_timepiece,"Name a timepiece. Reply with only the name, nothing else.",0.6611,<long> -> bench,0.6083,clock -> bench,0.7113,clock -> bench,60,61,0.0,0.322,0.193,60,90,19,0.0,0.193,8.5,grandfather clock,0.3,9,6.37,6.44,0.43,"grandfather clock 25%, clock 22%","clock 43%, <long> 32%",0.6389,0.256,1.381
r8_1420_fence,"Name a fence. Reply with only the name, nothing else.",0.6611,<long> -> bench,0.5333,white picket fence -> real,0.5623,picket fence -> bench,60,61,0.0,0.322,0.193,60,90,32,0.0,0.187,9.2,picket fence,0.7,6,2.94,8.77,0.463,"picket fence 40%, picket 13%","picket fence 36%, <long> 32%",0.6064,0.34,0.931
r8s_0686_bacon,"Suggest a type of bacon. Reply with only the name, nothing else.",0.6611,<long> -> bench,0.6111,applewood smoked bacon -> real,0.5862,applewood smoked bacon -> real,58,58,0.033,0.356,0.227,60,90,36,0.0,0.213,10.9,applewood smoked bacon,0.25,10,8.02,15.99,0.259,"applewood smoked bacon 33%, applewood smoked 10%","<long> 36%, applewood smoked bacon 11%",0.6167,0.244,0.845
r8_1082_nonfiction_genre,"Name a nonfiction genre. Reply with only the name, nothing else.",0.6611,<long> -> bench,0.5861,biography -> real,0.5671,biography -> bench,60,61,0.0,0.322,0.193,60,90,6,0.0,0.193,8.6,biography,1.0,1,1.0,1.63,0.884,"biography 82%, history 8%","biography 64%, <long> 32%",0.6475,0.156,0.969
r8s_0834_astronomical_instrumen,"Suggest a type of astronomical instrument. Reply with only the name, nothing else.",0.6611,<long> -> bench,0.6111,refracting telescope -> real,0.6005,refracting telescope -> real,60,61,0.0,0.322,0.193,60,90,13,0.0,0.187,9.2,radio telescope,0.5,5,3.2,5.81,0.306,"telescope 27%, refracting telescope 27%","<long> 32%, radio telescope 23%",0.6403,0.13,0.843
r8s_0983_pear,"Suggest a type of pear. Reply with only the name, nothing else.",0.6611,<long> -> bench,0.5889,bosc -> real,0.5598,bosc -> real,60,61,0.0,0.322,0.193,60,90,5,0.0,0.18,9.0,bartlett,0.75,3,1.99,2.7,0.587,"bartlett 57%, bosc 30%","bartlett 41%, <long> 32%",0.6314,0.053,0.903
r8_1447_family_relationship,"Name a family relationship. Reply with only the name, nothing else.",0.6611,<long> -> bench,0.5583,siblings -> real,0.5583,siblings -> real,60,61,0.0,0.322,0.193,60,90,13,0.0,0.187,8.5,sister,0.45,7,4.99,5.9,0.496,"sister 47%, siblings 12%","sister 36%, <long> 32%",0.6303,0.387,1.008
r8_0306_airplane_part,"Name an airplane part. Reply with only the name, nothing else.",0.6611,<long> -> bench,0.6,wing -> real,0.5426,wing -> bench,60,61,0.0,0.322,0.193,60,90,8,0.0,0.193,8.6,wing,0.75,4,2.28,2.0,0.843,"wing 80%, rudder 5%","wing 60%, <long> 32%",0.6131,0.209,0.978
r8s_0195_stationery_item,"Suggest a type of stationery item. Reply with only the name, nothing else.",0.6611,<long> -> bench,0.6278,sticky notes -> real,0.5934,sticky notes -> real,60,61,0.0,0.322,0.193,60,90,23,0.0,0.193,9.2,sticky notes,0.2,13,11.19,9.55,0.306,"sticky notes 40%, notebook 13%","<long> 32%, stapler 18%",0.6336,0.231,0.782
r8s_0146_author,"Suggest a type of author. Reply with only the name, nothing else.",0.6611,<long> -> bench,0.5333,science fiction author -> bench,0.5517,science fiction author -> bench,58,58,0.033,0.356,0.227,60,90,71,0.0,0.207,9.9,novelist,0.35,11,8.22,44.85,0.181,"novelist 15%, j.k. rowling 5%","<long> 36%, novelist 13%",0.6219,0.489,0.358
r8_0550_boat_type,"Name a boat type. Reply with only the name, nothing else.",0.6611,<long> -> bench,0.6111,sailboat -> real,0.5813,catamaran -> bench,60,61,0.0,0.322,0.193,60,90,16,0.0,0.193,9.0,sailboat,0.35,8,6.23,6.6,0.331,"sailboat 40%, sloop 25%","<long> 32%, sailboat 18%",0.6544,0.132,0.977
r8_0531_athletic_event,"Name an athletic event. Reply with only the name, nothing else.",0.6611,<long> -> bench,0.5917,marathon -> real,0.5833,olympics -> real,60,61,0.0,0.322,0.193,60,90,20,0.0,0.193,9.6,100-meter dash,0.4,4,3.34,9.17,0.298,"marathon 35%, 100-meter dash 17%","<long> 32%, marathon 17%",0.6219,0.158,1.208
r8s_0134_songbird,"Suggest a type of songbird. Reply with only the name, nothing else.",0.6611,<long> -> bench,0.6278,canary -> real,0.6206,robin -> bench,60,61,0.0,0.322,0.193,60,90,20,0.0,0.193,8.4,american robin,0.55,5,3.59,6.63,0.405,"canary 37%, robin 28%","robin 36%, <long> 32%",0.6225,0.277,0.892
r8s_0109_alloy,"Suggest a type of alloy. Reply with only the name, nothing else.",0.6611,<long> -> bench,0.5389,steel -> real,0.5407,bronze -> bench,60,61,0.0,0.322,0.193,60,90,24,0.0,0.193,9.1,brass,0.35,5,4.22,8.87,0.355,"steel 33%, stainless steel 18%","<long> 32%, steel 26%",0.6272,0.184,0.939
r8s_0171_scientific_instrument,"Suggest a type of scientific instrument. Reply with only the name, nothing else.",0.6611,<long> -> bench,0.5722,spectrometer -> real,0.524,telescope -> bench,60,61,0.0,0.322,0.193,60,90,10,0.0,0.193,9.3,spectrometer,0.45,6,4.46,5.02,0.347,"spectrometer 37%, mass spectrometer 23%","<long> 32%, spectrometer 22%",0.6244,0.117,0.879
r8s_0124_nebula,"Suggest a type of nebula. Reply with only the name, nothing else.",0.6611,<long> -> bench,0.6333,emission nebula -> real,0.5418,orion nebula -> real,60,61,0.0,0.322,0.193,60,90,14,0.0,0.193,10.2,emission nebula,1.0,1,1.0,2.24,0.835,"emission nebula 83%, orion nebula 10%","emission nebula 57%, <long> 32%",0.6242,0.187,0.949
r8_1929_keyboard_instrument,"Name a type of keyboard instrument. Reply with only the name, nothing else.",0.6611,piano -> real,0.6611,piano -> real,0.523,piano -> real,60,63,0.0,0.3,0.18,60,90,5,0.0,0.18,8.5,piano,0.95,2,1.22,1.31,0.943,"piano 97%, harpsichord 3%","piano 64%, <long> 30%",0.6183,0.053,0.976
r8_1872_carnivorous_plant,"Name a carnivorous plant. Reply with only the name, nothing else.",0.6611,venus flytrap -> real,0.6611,venus flytrap -> real,0.5081,venus flytrap -> real,60,62,0.0,0.311,0.187,60,90,3,0.0,0.187,10.0,venus flytrap,1.0,1,1.0,1.05,0.992,venus flytrap 100%,"venus flytrap 68%, <long> 31%",0.6428,0.056,0.986
r8_1909_photograph,"Name a photograph. Reply with only the name, nothing else.",0.6611,<long> -> bench,0.5417,migrant mother -> real,0.5365,sunset -> bench,56,55,0.067,0.389,0.26,60,90,53,0.0,0.22,11.2,migrant mother,0.4,12,8.12,26.3,0.27,"migrant mother 25%, moonrise over hernandez 7%","<long> 39%, migrant mother 17%",0.6592,0.273,0.758
r8_1933_science_fiction_device,"Name a science-fiction device. Reply with only the name, nothing else.",0.6611,<long> -> bench,0.5361,warp drive -> real,0.5318,tricorder -> bench,60,61,0.0,0.322,0.193,60,90,38,0.0,0.193,9.6,warp drive,0.25,9,7.04,12.94,0.38,"warp drive 35%, tricorder 12%","<long> 32%, warp drive 28%",0.605,0.358,0.788
r8s_1833_spy,"Suggest a type of spy. Reply with only the name, nothing else.",0.6611,<long> -> bench,0.5472,industrial spy -> real,0.5431,industrial -> bench,58,58,0.033,0.356,0.227,60,90,45,0.0,0.22,9.6,double agent,0.35,10,7.16,17.53,0.336,"industrial spy 32%, double agent 8%","<long> 36%, industrial spy 22%",0.6058,0.416,0.486
r8_1932_piece_of_armor,"Name a piece of armor. Reply with only the name, nothing else.",0.6611,<long> -> bench,0.5472,chainmail -> real,0.525,gauntlet -> real,60,61,0.0,0.322,0.193,60,90,30,0.0,0.187,8.7,cuirass,0.2,10,8.85,10.41,0.364,"chainmail 35%, plate armor 18%","<long> 32%, chainmail 26%",0.6067,0.265,0.906
r8_0800_lock_type,"Name a lock type. Reply with only the name, nothing else.",0.6611,<long> -> bench,0.6167,deadbolt -> real,0.585,deadbolt -> real,60,61,0.0,0.322,0.193,60,90,17,0.0,0.18,8.4,padlock,0.4,4,3.4,6.53,0.306,"deadbolt 37%, mutex 32%","<long> 32%, mutex 20%",0.6381,0.218,0.829
r8_0169_ghost,"Name a ghost. Reply with only the name, nothing else.",0.6611,casper -> real,0.6611,casper -> real,0.5573,casper -> real,60,64,0.0,0.289,0.173,60,90,21,0.0,0.173,8.5,casper,1.0,1,1.0,3.12,0.774,"casper 83%, caspar 3%","casper 51%, <long> 29%",0.6283,0.137,1.03
r8_1859_ball_sport_position,"Name a ball sport position. Reply with only the name, nothing else.",0.6611,<long> -> bench,0.5972,goalkeeper -> real,0.5523,goalkeeper -> real,60,61,0.0,0.322,0.193,60,90,20,0.0,0.187,8.7,goalkeeper,0.45,3,2.58,5.41,0.438,"striker 40%, goalkeeper 38%","<long> 32%, striker 32%",0.6094,0.146,0.847
r8_0761_floss,"Name a type of floss. Reply with only the name, nothing else.",0.6611,<long> -> bench,0.5639,waxed floss -> real,0.5604,dental floss -> bench,60,61,0.0,0.322,0.193,60,90,26,0.0,0.193,10.1,waxed floss,0.85,3,1.68,4.34,0.694,"dental floss 63%, waxed floss 15%","dental floss 51%, <long> 32%",0.6133,0.164,1.049
r8_0783_disney_animated_film,"Name a disney animated film. Reply with only the name, nothing else.",0.6611,<long> -> bench,0.6528,frozen -> real,0.5788,frozen -> real,60,61,0.0,0.322,0.193,60,90,13,0.0,0.18,8.4,lion king,0.55,4,2.71,4.85,0.537,"frozen 62%, moana 12%","<long> 32%, frozen 31%",0.6542,0.342,1.003
r8_1927_fruit_tree_blossom,"Name a fruit tree blossom. Reply with only the name, nothing else.",0.6611,cherry -> real,0.6611,cherry -> real,0.642,cherry -> real,60,67,0.0,0.256,0.153,60,90,11,0.0,0.153,7.4,cherry blossom,0.65,4,2.79,4.46,0.315,"cherry 43%, apple blossom 28%","apple 32%, <long> 26%",0.635,0.1,1.031
r8_1885_stained_glass,"Name a type of stained glass. Reply with only the name, nothing else.",0.6611,<long> -> bench,0.5611,came glass -> real,0.5735,cameo glass -> bench,60,61,0.0,0.322,0.193,60,90,43,0.0,0.193,9.4,leaded stained glass,0.25,11,8.82,23.31,0.14,"came glass 13%, leadlight 8%","<long> 32%, leaded stained glass 13%",0.6014,0.224,0.953
r8_1901_cheese_texture,"Name a type of cheese texture. Reply with only the name, nothing else.",0.6611,creamy -> real,0.6611,creamy -> real,0.5833,creamy -> real,60,62,0.0,0.311,0.187,60,90,22,0.0,0.18,8.5,creamy,0.55,7,4.23,5.76,0.582,"creamy 67%, crumbly 7%","creamy 34%, <long> 31%",0.7033,0.298,0.979
r8_1902_mountain_rock,"Name a mountain rock. Reply with only the name, nothing else.",0.6611,<long> -> bench,0.6333,granite -> real,0.5172,granite -> bench,60,61,0.0,0.322,0.193,60,90,11,0.0,0.187,8.6,granite,1.0,1,1.0,1.59,0.917,"granite 90%, slate 3%","granite 63%, <long> 32%",0.6228,0.151,1.081
r8_0710_animal_feather_type,"Name an animal feather type. Reply with only the name, nothing else.",0.6611,<long> -> bench,0.5722,contour -> real,0.571,contour feather -> bench,60,61,0.0,0.322,0.193,60,90,21,0.0,0.193,8.9,contour feather,0.65,4,2.52,6.13,0.405,"contour feather 33%, contour 33%","<long> 32%, contour feather 32%",0.6017,0.183,1.004
r8_0740_wall_decoration,"Name a wall decoration. Reply with only the name, nothing else.",0.6611,<long> -> bench,0.55,tapestry -> real,0.604,painting -> bench,60,61,0.0,0.322,0.193,60,90,24,0.0,0.193,8.6,painting,0.45,7,4.35,8.2,0.421,"painting 32%, tapestry 17%","painting 36%, <long> 32%",0.6169,0.265,1.198
r8_0096_actor,"Name an actor. Reply with only the name, nothing else.",0.6611,<long> -> bench,0.5639,leonardo dicaprio -> real,0.5794,tom hanks -> bench,60,61,0.0,0.322,0.193,60,90,33,0.0,0.193,9.9,leonardo dicaprio,0.6,5,3.32,8.98,0.397,"tom hanks 32%, leonardo dicaprio 28%","<long> 32%, tom hanks 32%",0.6186,0.25,0.65
r8s_1886_dolphin,"Suggest a type of dolphin. Reply with only the name, nothing else.",0.6611,bottlenose dolphin -> real,0.6611,bottlenose dolphin -> real,0.5564,bottlenose dolphin -> real,60,65,0.0,0.278,0.167,60,90,8,0.0,0.167,10.1,bottlenose dolphin,1.0,1,1.0,2.05,0.808,"bottlenose dolphin 87%, bottlenose 12%","bottlenose dolphin 54%, <long> 28%",0.6608,0.057,0.979
r8s_0522_syrup,"Suggest a type of syrup. Reply with only the name, nothing else.",0.6611,<long> -> bench,0.6333,maple -> real,0.5874,maple syrup -> bench,60,61,0.0,0.322,0.193,60,90,12,0.0,0.193,9.2,maple syrup,0.7,2,1.84,2.9,0.504,"maple 57%, maple syrup 33%","maple syrup 34%, <long> 32%",0.6511,0.101,0.971
r8_1026_grocery_store_aisle,"Name a grocery store aisle. Reply with only the name, nothing else.",0.6611,<long> -> bench,0.5861,produce -> real,0.5195,produce -> bench,60,61,0.0,0.322,0.193,60,90,12,0.0,0.18,8.7,produce,0.6,4,2.63,3.25,0.636,"produce 62%, dairy 23%","produce 44%, <long> 32%",0.6194,0.22,1.056
r8s_0429_ecosystem,"Suggest a type of ecosystem. Reply with only the name, nothing else.",0.6611,<long> -> bench,0.5917,tropical rainforest -> real,0.56,tropical rainforest -> real,60,61,0.0,0.322,0.193,60,90,33,0.0,0.18,9.1,tropical rainforest,0.45,4,3.29,10.43,0.256,"tropical rainforest 32%, rainforest 23%","<long> 32%, rainforest 19%",0.6211,0.251,0.601
r8_1197_silk_item,"Name a silk item. Reply with only the name, nothing else.",0.6611,<long> -> bench,0.5583,silk scarf -> real,0.5288,silk scarf -> bench,60,61,0.0,0.322,0.193,60,90,36,0.0,0.193,9.5,silk scarf,0.5,6,3.95,9.76,0.512,"silk scarf 48%, silk pillowcase 7%","silk scarf 37%, <long> 32%",0.64,0.225,1.039
r8s_1562_cucumber,"Suggest a type of cucumber. Reply with only the name, nothing else.",0.6611,<long> -> bench,0.5806,honeydew -> real,0.5862,english cucumber -> bench,58,58,0.033,0.356,0.227,60,90,40,0.0,0.227,10.6,english cucumber,0.35,8,6.34,16.94,0.241,"honeydew 28%, persian 15%","<long> 36%, english cucumber 12%",0.6292,0.196,0.913
r8s_1550_financial_institution,"Suggest a type of financial institution. Reply with only the name, nothing else.",0.6611,<long> -> bench,0.5528,investment bank -> real,0.5646,commercial bank -> bench,60,61,0.0,0.322,0.193,60,90,16,0.0,0.187,8.5,commercial bank,0.8,4,2.03,6.1,0.298,"credit union 30%, investment bank 22%","<long> 32%, credit union 20%",0.6369,0.1,0.809
r8_0162_beer,"Name a beer. Reply with only the name, nothing else.",0.6611,<long> -> bench,0.6389,guinness -> real,0.5544,guinness -> real,60,61,0.0,0.322,0.193,60,90,15,0.0,0.187,9.1,guinness,0.75,3,1.99,4.57,0.579,"guinness 63%, heineken 12%","guinness 36%, <long> 32%",0.6136,0.168,1.007
r8_0166_hat_style,"Name a hat style. Reply with only the name, nothing else.",0.6611,fedora -> real,0.6611,fedora -> real,0.5439,fedora -> real,60,66,0.0,0.267,0.16,60,90,12,0.0,0.153,7.6,fedora,0.9,3,1.48,1.58,0.921,"fedora 97%, cowboy 2%","fedora 64%, <long> 27%",0.6425,0.134,0.911
r8_0293_folklore_creature,"Name a type of folklore creature. Reply with only the name, nothing else.",0.6611,<long> -> bench,0.625,banshee -> real,0.5616,banshee -> real,60,61,0.0,0.322,0.193,60,90,26,0.0,0.18,9.0,banshee,0.5,8,5.0,9.47,0.455,"banshee 52%, kraken 7%","<long> 32%, banshee 27%",0.6419,0.441,1.032
r8s_0326_glove,"Suggest a type of glove. Reply with only the name, nothing else.",0.6611,<long> -> bench,0.5389,nitrile -> bench,0.5653,nitrile -> bench,60,61,0.0,0.322,0.193,60,90,47,0.0,0.187,9.7,latex glove,0.35,12,8.58,31.55,0.099,"mechanics gloves 10%, leather work glove 7%","<long> 32%, nitrile 11%",0.6097,0.225,0.894
r8_0939_boxing_punch,"Name a boxing punch. Reply with only the name, nothing else.",0.6611,<long> -> bench,0.6083,jab -> real,0.5264,jab -> bench,60,61,0.0,0.322,0.193,60,90,8,0.0,0.187,8.7,jab,1.0,1,1.0,1.96,0.81,"jab 78%, uppercut 17%","jab 57%, <long> 32%",0.6392,0.131,0.959
r8_1686_plant_leaf_type,"Name a plant leaf type. Reply with only the name, nothing else.",0.6611,<long> -> bench,0.6222,oval -> real,0.6011,oval -> real,60,61,0.0,0.322,0.193,60,90,31,0.0,0.193,8.8,simple leaf,0.25,11,8.98,13.59,0.231,"oval 33%, palmate 13%","<long> 32%, simple leaf 18%",0.6525,0.31,1.104
r8_1696_medieval_town_feature,"Name a type of medieval town feature. Reply with only the name, nothing else.",0.6611,<long> -> bench,0.5722,market square -> real,0.5505,marketplace -> real,60,61,0.0,0.322,0.193,60,90,29,0.0,0.187,8.6,market square,0.55,7,4.23,11.34,0.347,"market square 37%, marketplace 17%","<long> 32%, market square 22%",0.6203,0.333,0.889
r8_1650_operating_system,"Name an operating system. Reply with only the name, nothing else.",0.6611,<long> -> bench,0.6194,linux -> real,0.5555,windows -> bench,60,61,0.0,0.322,0.193,60,90,5,0.0,0.187,7.8,linux,0.65,2,1.91,2.18,0.669,"linux 68%, windows 23%","linux 44%, <long> 32%",0.6294,0.092,1.206
r8_0415_knife_type,"Name a knife type. Reply with only the name, nothing else.",0.6611,<long> -> bench,0.5917,chefs knife -> real,0.5668,chefs knife -> bench,60,61,0.0,0.322,0.193,60,90,9,0.0,0.187,9.5,chefs knife,0.85,4,1.8,1.55,0.917,"chefs knife 85%, bowie 3%","chefs knife 67%, <long> 32%",0.6125,0.113,0.906
r8_0441_search_engine,"Name a search engine. Reply with only the name, nothing else.",0.6611,google -> real,0.6611,google -> real,0.5159,bing -> bench,60,63,0.0,0.3,0.18,60,90,3,0.0,0.18,7.4,google,1.0,1,1.0,1.09,0.984,google 100%,"google 68%, <long> 30%",0.6858,0.078,1.056
r8_1610_fencing_sword,"Name a fencing sword. Reply with only the name, nothing else.",0.6611,épée -> real,0.6611,épée -> real,0.5802,épée -> real,60,63,0.0,0.3,0.18,60,90,13,0.0,0.173,8.5,épée,0.6,5,3.24,4.01,0.618,"épée 70%, foil 17%","épée 38%, <long> 30%",0.6706,0.409,1.075
r8_1598_weave,"Name a weave. Reply with only the name, nothing else.",0.6611,<long> -> bench,0.5583,twill -> bench,0.6293,twill -> bench,58,58,0.033,0.356,0.227,60,90,71,0.0,0.207,9.9,plain weave,0.55,5,3.12,33.88,0.284,"twill 15%, plain weave 7%","<long> 36%, twill 27%",0.6508,0.486,0.491
r8_0426_writer,"Name a writer. Reply with only the name, nothing else.",0.6611,<long> -> bench,0.5917,ernest hemingway -> real,0.5642,george orwell -> bench,60,61,0.0,0.322,0.193,60,90,30,0.0,0.193,9.8,ernest hemingway,0.25,9,7.48,10.27,0.339,"ernest hemingway 38%, george orwell 17%","<long> 32%, ernest hemingway 20%",0.6239,0.289,1.011
r8_1029_nail_product,"Name a nail product. Reply with only the name, nothing else.",0.6611,<long> -> bench,0.5778,opi -> real,0.6209,nail polish -> bench,60,61,0.0,0.322,0.193,60,90,20,0.0,0.187,9.7,nail polish,0.65,5,2.86,5.87,0.372,"opi 37%, nail polish 25%","nail polish 33%, <long> 32%",0.6314,0.167,0.798
r8s_0688_fruit_peel,"Suggest a type of fruit peel. Reply with only the name, nothing else.",0.6611,<long> -> bench,0.5722,orange peel -> real,0.5393,banana peel -> bench,60,61,0.0,0.322,0.193,60,90,12,0.0,0.187,8.7,orange peel,0.7,3,2.11,4.55,0.43,"orange peel 43%, banana peel 20%","<long> 32%, orange peel 29%",0.6325,0.082,1.003
r8_0355_historical_document,"Name a type of historical document. Reply with only the name, nothing else.",0.6611,<long> -> bench,0.5833,charter -> real,0.5507,magna carta -> real,60,61,0.0,0.322,0.193,60,90,20,0.0,0.193,9.0,charter,0.4,7,5.31,8.67,0.331,"charter 37%, magna carta 18%","<long> 32%, charter 20%",0.6147,0.296,1.01
r8_1508_shrimp,"Name a shrimp. Reply with only the name, nothing else.",0.6611,<long> -> bench,0.5889,prawn -> bench,0.6466,prawn -> bench,58,58,0.033,0.356,0.227,60,90,77,0.0,0.213,9.7,jimmy,0.05,20,20.0,50.1,0.181,"lola 7%, shrimpy 5%","<long> 36%, prawn 21%",0.6522,0.408,0.915
r8_0347_shirt_style,"Name a shirt style. Reply with only the name, nothing else.",0.6611,<long> -> bench,0.5667,t-shirt -> real,0.5373,polo -> bench,60,61,0.0,0.322,0.193,60,90,16,0.0,0.187,8.7,t-shirt,0.45,6,4.06,4.94,0.488,"polo 45%, t-shirt 30%","polo 36%, <long> 32%",0.6214,0.133,0.87
r8_1543_shampoo_variety,"Name a shampoo variety. Reply with only the name, nothing else.",0.6611,<long> -> bench,0.5917,pantene -> real,0.5862,pantene -> real,58,58,0.033,0.356,0.227,60,90,30,0.0,0.193,10.4,head & shoulders,0.4,10,6.89,7.25,0.543,"head & shoulders 50%, pantene 22%","head & shoulders 37%, <long> 36%",0.6156,0.218,0.941
r8s_0588_lipstick,"Suggest a type of lipstick. Reply with only the name, nothing else.",0.6611,<long> -> bench,0.5444,matte -> real,0.5948,matte lipstick -> bench,58,58,0.033,0.356,0.227,60,90,28,0.0,0.207,10.2,matte lipstick,0.6,5,3.18,8.73,0.422,"matte lipstick 32%, matte 20%","<long> 36%, matte lipstick 33%",0.6256,0.211,0.953
r8s_0578_bedding_item,"Suggest a type of bedding item. Reply with only the name, nothing else.",0.6611,<long> -> bench,0.5917,duvet -> real,0.5751,duvet cover -> real,60,61,0.0,0.322,0.193,60,90,16,0.0,0.193,9.2,duvet,0.6,4,2.81,7.85,0.281,"duvet 32%, pillow 22%","<long> 32%, pillow 23%",0.6664,0.199,0.808
r8s_0581_island,"Suggest a type of island. Reply with only the name, nothing else.",0.6611,<long> -> bench,0.5861,tropical island -> real,0.5755,tropical island -> real,60,61,0.0,0.322,0.193,60,90,23,0.0,0.193,9.6,volcanic island,0.65,6,3.29,8.23,0.289,"volcanic island 25%, tropical island 22%","<long> 32%, volcanic island 22%",0.6208,0.159,0.958
r8s_1659_gymnastics_event,"Suggest a type of gymnastics event. Reply with only the name, nothing else.",0.6611,<long> -> bench,0.5361,vault -> real,0.5464,floor exercise -> bench,60,61,0.0,0.322,0.193,60,90,16,0.0,0.187,8.9,floor exercise,0.3,8,6.26,7.4,0.38,"floor exercise 33%, vault 18%","<long> 32%, floor exercise 29%",0.6139,0.253,1.013
r8_1000_spoken_language_featur,"Name a type of spoken language feature. Reply with only the name, nothing else.",0.6611,<long> -> bench,0.5694,tone -> real,0.6139,slang -> bench,60,61,0.0,0.322,0.193,60,90,24,0.0,0.193,8.7,slang,0.7,6,2.94,10.66,0.215,"tone 25%, intonation 23%","<long> 32%, slang 22%",0.635,0.271,0.841
r8_0380_talk_show_host,"Name a talk show host. Reply with only the name, nothing else.",0.6611,<long> -> bench,0.6611,oprah winfrey -> real,0.6189,oprah winfrey -> real,60,61,0.0,0.322,0.193,60,90,20,0.0,0.173,10.1,oprah winfrey,0.55,4,2.71,7.66,0.38,"oprah winfrey 50%, ellen degeneres 12%","<long> 32%, oprah winfrey 18%",0.6181,0.182,0.952
r8_0411_fabric_weave,"Name a fabric weave. Reply with only the name, nothing else.",0.6611,twill -> real,0.6611,twill -> real,0.5167,damask -> real,60,61,0.0,0.322,0.193,60,90,7,0.0,0.193,8.6,twill,1.0,1,1.0,1.5,0.917,"twill 93%, damask 3%","twill 61%, <long> 32%",0.6472,0.142,1.034
r8_1004_tire_width,"Name a tire width. Reply with only the name, nothing else.",0.6611,<long> -> bench,0.625,205 -> real,0.5775,205 -> real,60,61,0.0,0.322,0.193,60,90,30,0.0,0.187,10.1,225,0.5,7,4.47,9.29,0.372,"205 45%, 225 25%","<long> 32%, 205 20%",0.6478,0.136,1.012
r8s_0654_place_marker,"Suggest a type of place marker. Reply with only the name, nothing else.",0.6611,<long> -> bench,0.5472,pin -> real,0.5364,monument -> bench,56,55,0.067,0.389,0.26,60,90,62,0.0,0.253,10.6,pin,0.25,13,10.58,40.3,0.126,"pin 15%, lighthouse 8%","<long> 39%, bookmark 6%",0.6286,0.471,0.689
r8_1513_award,"Name an award. Reply with only the name, nothing else.",0.6611,<long> -> bench,0.5889,oscar -> real,0.5489,academy award -> bench,60,61,0.0,0.322,0.193,60,90,13,0.0,0.187,9.2,oscar,0.6,4,2.81,5.68,0.364,"oscar 40%, nobel prize 23%","<long> 32%, oscar 22%",0.6336,0.109,0.942
r8_1556_flash,"Name a flash. Reply with only the name, nothing else.",0.6611,<long> -> bench,0.5278,barry allen -> real,0.5327,lightning -> bench,60,61,0.0,0.322,0.193,60,90,90,0.0,0.18,8.9,jay garrick,0.2,12,10.0,65.6,0.107,"flash 10%, bolt 7%","<long> 32%, flash 8%",0.6519,0.495,0.643
r8_1003_jacket_style,"Name a jacket style. Reply with only the name, nothing else.",0.6611,<long> -> bench,0.5806,bomber jacket -> real,0.5277,bomber jacket -> real,60,61,0.0,0.322,0.193,60,90,8,0.0,0.193,9.1,bomber jacket,0.7,3,2.27,3.11,0.512,"bomber 50%, bomber jacket 38%","bomber 36%, <long> 32%",0.6464,0.133,0.984
r8_0397_king,"Name a type of king. Reply with only the name, nothing else.",0.6611,monarch -> real,0.6611,monarch -> real,0.636,monarch -> real,60,62,0.0,0.311,0.187,60,90,51,0.0,0.18,8.5,monarch,0.6,9,4.5,23.86,0.295,"monarch 43%, lion 8%","<long> 31%, monarch 11%",0.6358,0.396,0.677
r8_0428_motorcycle_brand,"Name a motorcycle brand. Reply with only the name, nothing else.",0.6611,harley-davidson -> real,0.6611,harley-davidson -> real,0.5436,harley-davidson -> real,60,65,0.0,0.278,0.167,60,90,7,0.0,0.167,10.1,harley-davidson,0.8,3,1.85,1.64,0.888,"harley-davidson 93%, ducati 3%","harley-davidson 61%, <long> 28%",0.6411,0.187,1.032
r8_1654_cable,"Name a cable. Reply with only the name, nothing else.",0.6611,<long> -> bench,0.5389,usb-c -> real,0.5486,coaxial cable -> bench,60,61,0.0,0.322,0.193,60,90,26,0.0,0.187,8.6,hdmi,0.35,8,6.23,10.05,0.355,"ethernet 32%, hdmi 13%","<long> 32%, ethernet 27%",0.6172,0.164,0.814
r8_1153_flashlight,"Name a flashlight. Reply with only the name, nothing else.",0.6611,<long> -> bench,0.5444,maglite -> real,0.5431,maglite -> bench,58,58,0.033,0.356,0.227,60,90,46,0.0,0.227,10.2,maglite,0.25,14,11.64,12.55,0.491,"maglite 43%, flashlight 5%","<long> 36%, maglite 34%",0.6364,0.262,0.826
r8_1640_fan_type,"Name a fan type. Reply with only the name, nothing else.",0.6611,<long> -> bench,0.5306,ceiling fan -> bench,0.6283,ceiling fan -> bench,60,61,0.0,0.322,0.193,60,90,37,0.0,0.187,9.2,ceiling fan,0.5,8,5.0,9.77,0.479,"ceiling fan 35%, box fan 12%","ceiling fan 41%, <long> 32%",0.6086,0.318,0.675
r8s_0399_prey,"Suggest a type of prey. Reply with only the name, nothing else.",0.6611,<long> -> bench,0.5361,deer -> real,0.5307,rabbit -> bench,60,61,0.0,0.322,0.193,60,90,26,0.0,0.187,8.6,mouse,0.25,11,9.21,8.16,0.339,"deer 32%, rabbit 25%","<long> 32%, deer 24%",0.6283,0.307,0.739
r8s_0397_king,"Suggest a type of king. Reply with only the name, nothing else.",0.6611,<long> -> bench,0.5389,monarch -> real,0.5517,chess -> bench,58,58,0.033,0.356,0.227,60,90,64,0.0,0.22,9.8,sun king,0.2,16,14.14,39.91,0.112,"monarch 13%, king of hearts 8%","<long> 36%, king of hearts 9%",0.6333,0.466,0.745
r8_1538_model_airplane,"Name a model airplane. Reply with only the name, nothing else.",0.6611,<long> -> bench,0.525,p-51 mustang -> real,0.5168,b-29 superfortress -> real,60,61,0.0,0.322,0.193,60,90,52,0.0,0.173,11.2,de havilland mosquito,0.15,15,13.78,31.33,0.19,"p-51 mustang 18%, b-17 flying fortress 7%","<long> 32%, p-51 mustang 13%",0.5958,0.37,0.878
r8_0290_tide_type,"Name a tide type. Reply with only the name, nothing else.",0.6611,<long> -> bench,0.55,neap -> real,0.6193,spring tide -> bench,60,61,0.0,0.322,0.193,60,90,15,0.0,0.193,8.7,spring tide,0.7,5,2.74,4.9,0.57,"spring tide 45%, spring 15%","spring tide 47%, <long> 32%",0.6286,0.221,0.994
r8_0150_coat,"Name a coat. Reply with only the name, nothing else.",0.6611,<long> -> bench,0.5444,trench -> real,0.5626,trench coat -> bench,60,61,0.0,0.322,0.193,60,90,57,0.0,0.193,9.5,trench coat,0.9,3,1.48,16.73,0.43,"trench coat 37%, trench 13%","trench coat 33%, <long> 32%",0.6325,0.219,0.966
r8_0170_joint,"Name a joint. Reply with only the name, nothing else.",0.6611,<long> -> bench,0.5306,elbow -> real,0.6034,knee -> bench,58,58,0.033,0.356,0.227,60,90,37,0.0,0.213,9.5,knee,0.85,4,1.8,8.58,0.534,"knee 42%, elbow 12%","knee 41%, <long> 36%",0.6339,0.268,0.649
r8s_1517_spirit,"Suggest a type of spirit. Reply with only the name, nothing else.",0.6611,<long> -> bench,0.5278,whiskey -> real,0.5383,whiskey -> bench,60,61,0.0,0.322,0.193,60,90,34,0.0,0.193,8.7,gin,0.4,5,3.54,10.28,0.372,"whiskey 33%, gin 20%","<long> 32%, whiskey 28%",0.6158,0.308,0.587
r8s_0185_cracker,"Suggest a type of cracker. Reply with only the name, nothing else.",0.6583,<long> -> bench,0.5556,saltine -> real,0.5351,saltine -> real,57,57,0.05,0.367,0.24,60,90,59,0.0,0.233,10.4,water cracker,0.4,7,4.75,36.58,0.175,"saltine 20%, ritz 8%","<long> 37%, saltine 9%",0.6147,0.277,0.679
r8_0573_knife,"Name a knife. Reply with only the name, nothing else.",0.6583,<long> -> bench,0.6028,chefs knife -> real,0.5431,chefs knife -> bench,59,60,0.017,0.333,0.207,60,90,13,0.0,0.2,9.6,chefs knife,0.65,6,3.29,1.94,0.874,"chefs knife 82%, karambit 7%","chefs knife 61%, <long> 33%",0.6067,0.141,1.025
r8_0538_geographic_boundary,"Name a geographic boundary. Reply with only the name, nothing else.",0.6583,<long> -> bench,0.5417,pacific ocean -> real,0.541,mississippi river -> bench,59,60,0.017,0.333,0.207,60,90,44,0.0,0.193,9.6,equator,0.2,13,10.72,21.49,0.143,"pacific ocean 15%, equator 15%","<long> 33%, mississippi river 11%",0.6017,0.276,0.904
r8_0269_puzzle_type,"Name a puzzle type. Reply with only the name, nothing else.",0.6583,sudoku -> real,0.6583,sudoku -> real,0.5468,crossword -> bench,60,63,0.0,0.3,0.18,60,90,10,0.0,0.173,8.2,sudoku,0.9,2,1.38,1.96,0.846,"sudoku 88%, crossword 3%","sudoku 57%, <long> 30%",0.6433,0.182,0.965
r8_0601_conductor,"Name a conductor. Reply with only the name, nothing else.",0.6583,<long> -> bench,0.6111,leonard bernstein -> real,0.5362,herbert von karajan -> real,59,60,0.017,0.333,0.207,60,90,14,0.0,0.18,10.1,leonard bernstein,0.75,2,1.75,3.23,0.588,"leonard bernstein 60%, herbert von karajan 33%","leonard bernstein 38%, <long> 33%",0.6353,0.119,0.806
r8s_0072_unit_of_volume,"Suggest a type of unit of volume. Reply with only the name, nothing else.",0.6583,liter -> real,0.6583,liter -> real,0.5403,liter -> real,59,60,0.017,0.333,0.207,60,90,10,0.0,0.207,8.5,liter,1.0,1,1.0,2.43,0.79,"liter 82%, litre 7%","liter 50%, <long> 33%",0.6589,0.242,0.951
r8_1819_mouthwash,"Name a mouthwash. Reply with only the name, nothing else.",0.6583,listerine -> real,0.6583,listerine -> real,0.5083,colgate total -> real,60,62,0.0,0.311,0.187,60,90,5,0.0,0.187,9.2,listerine,1.0,1,1.0,1.15,0.975,"listerine 98%, colgate total 2%","listerine 67%, <long> 31%",0.6575,0.074,0.98
r8_1802_solder,"Name a solder. Reply with only the name, nothing else.",0.6583,<long> -> bench,0.5333,tin-lead -> bench,0.5526,tin-lead -> bench,57,57,0.05,0.367,0.24,60,90,91,0.0,0.233,11.0,rosin core solder,0.2,12,10.0,75.5,0.07,"<long> 5%, john 5%","<long> 37%, tin-lead 7%",0.6697,0.463,0.929
r8s_1076_noble,"Suggest a type of noble. Reply with only the name, nothing else.",0.6583,<long> -> bench,0.5556,duke -> bench,0.6155,duke -> bench,59,60,0.017,0.333,0.207,60,90,44,0.0,0.193,9.1,duke,0.6,5,3.32,17.8,0.252,"baron 22%, duke 13%","<long> 33%, duke 24%",0.6203,0.409,0.583
r8_0230_legend,"Name a legend. Reply with only the name, nothing else.",0.6583,<long> -> bench,0.525,arthur pendragon -> real,0.5806,king arthur -> bench,59,60,0.017,0.333,0.207,60,90,48,0.0,0.2,9.3,king arthur,1.0,1,1.0,17.12,0.403,"king arthur 32%, arthur 7%","<long> 33%, king arthur 32%",0.63,0.387,0.848
r8_1378_egg_preparation,"Name an egg preparation. Reply with only the name, nothing else.",0.6583,<long> -> bench,0.5778,scrambled eggs -> real,0.55,boiled egg -> bench,59,60,0.017,0.333,0.207,60,90,22,0.0,0.207,10.3,scrambled eggs,0.8,5,2.18,5.05,0.639,"scrambled eggs 60%, scrambled 10%","scrambled eggs 44%, <long> 33%",0.63,0.26,1.052
r8_1399_gemstone_origin_type,"Name a gemstone origin type. Reply with only the name, nothing else.",0.6583,<long> -> bench,0.5611,volcanic -> real,0.5169,metamorphic -> real,59,60,0.017,0.333,0.207,60,90,46,0.0,0.207,9.5,alluvial,0.35,10,6.93,17.59,0.328,"volcanic 33%, alluvial 12%","<long> 33%, volcanic 21%",0.6133,0.343,0.727
r8_0753_underwear,"Name a type of underwear. Reply with only the name, nothing else.",0.6583,boxer briefs -> real,0.6583,boxer briefs -> real,0.6068,boxer briefs -> real,60,67,0.0,0.256,0.153,60,90,6,0.0,0.153,8.4,briefs,0.45,3,2.58,3.2,0.504,"boxer briefs 62%, briefs 30%","boxer briefs 30%, <long> 26%",0.6244,0.111,0.721
r8_0810_pajama,"Name a pajama. Reply with only the name, nothing else.",0.6583,<long> -> bench,0.5333,pajamarama -> real,0.5339,pajamarama -> real,59,60,0.017,0.333,0.207,60,90,96,0.0,0.2,10.0,pajamas,0.15,17,15.83,81.6,0.059,"pajamarama 7%, pajamas 7%","<long> 33%, pajamas 3%",0.6294,0.475,1.169
r8_0638_glass_item,"Name a glass item. Reply with only the name, nothing else.",0.6583,<long> -> bench,0.5639,vase -> real,0.5258,bottle -> real,59,60,0.017,0.333,0.207,60,90,26,0.0,0.207,9.1,window,0.25,9,7.08,7.79,0.513,"vase 48%, bottle 10%","vase 36%, <long> 33%",0.6542,0.305,1.021
r8s_0002_reptile,"Suggest a type of reptile. Reply with only the name, nothing else.",0.6583,<long> -> bench,0.6083,bearded dragon -> real,0.6102,bearded dragon -> real,59,60,0.017,0.333,0.207,60,90,22,0.0,0.207,9.6,bearded dragon,0.65,5,2.99,12.31,0.21,"bearded dragon 22%, komodo dragon 15%","<long> 33%, iguana 20%",0.6081,0.334,1.052
r8s_1314_pancake,"Suggest a type of pancake. Reply with only the name, nothing else.",0.6583,<long> -> bench,0.5889,blueberry -> real,0.5609,blueberry -> real,59,60,0.017,0.333,0.207,60,90,32,0.0,0.2,10.2,blueberry pancakes,0.35,13,9.44,9.55,0.269,"blueberry 30%, blueberry pancakes 25%","<long> 33%, blueberry pancakes 19%",0.6158,0.221,0.96
r8_1196_alphabet_other_than_en,"Name an alphabet other than english. Reply with only the name, nothing else.",0.6583,cyrillic -> real,0.6583,cyrillic -> real,0.5896,cyrillic -> real,59,64,0.017,0.289,0.18,60,90,12,0.0,0.18,9.0,cyrillic,0.65,3,2.21,3.45,0.602,"cyrillic 68%, greek 13%","cyrillic 37%, <long> 29%",0.6653,0.193,0.933
r8s_1249_reef_feature,"Suggest a type of reef feature. Reply with only the name, nothing else.",0.6583,<long> -> bench,0.5583,atoll -> real,0.574,barrier reef -> bench,59,60,0.017,0.333,0.207,60,90,34,0.0,0.207,9.4,brain coral,0.2,11,9.09,12.03,0.311,"atoll 32%, brain coral 13%","<long> 33%, atoll 20%",0.6058,0.23,0.79
r8s_1297_color_hue,"Suggest a type of color hue. Reply with only the name, nothing else.",0.6583,<long> -> bench,0.5583,cerulean -> real,0.5912,crimson -> bench,59,60,0.017,0.333,0.207,60,90,26,0.0,0.193,8.9,cerulean,0.2,11,9.49,12.9,0.21,"cyan 22%, teal 12%","<long> 33%, crimson 16%",0.6036,0.244,0.902
r8_1235_prehistoric_mammal,"Name a prehistoric mammal. Reply with only the name, nothing else.",0.6583,<long> -> bench,0.6194,morganucodon -> real,0.5624,morganucodon -> real,59,60,0.017,0.333,0.207,60,90,36,0.0,0.193,10.6,thylacoleo carnifex,0.25,12,9.87,11.18,0.429,"morganucodon 48%, thylacoleo 17%","<long> 33%, morganucodon 24%",0.6231,0.24,0.84
r8s_1997_battlefield,"Suggest a type of battlefield. Reply with only the name, nothing else.",0.6583,<long> -> bench,0.5306,trench warfare -> bench,0.5821,trench warfare -> bench,59,60,0.017,0.333,0.207,60,90,55,0.0,0.2,9.6,no mans land,0.1,19,18.66,24.92,0.235,"trench warfare 15%, desert 13%","<long> 33%, trench warfare 21%",0.6036,0.321,0.719
r8_1199_waffle,"Name a waffle. Reply with only the name, nothing else.",0.6583,<long> -> bench,0.5611,belgian waffle -> bench,0.6158,belgian waffle -> bench,59,60,0.017,0.333,0.207,60,90,66,0.0,0.207,10.2,belgian,0.3,10,6.83,33.19,0.218,"belgian 13%, belgian waffle 10%","<long> 33%, belgian waffle 22%",0.6289,0.447,0.838
r8_1260_grill,"Name a grill. Reply with only the name, nothing else.",0.6583,<long> -> bench,0.5667,weber -> real,0.553,weber -> bench,59,60,0.017,0.333,0.207,60,90,26,0.0,0.207,9.3,weber genesis,0.5,5,3.59,4.63,0.697,"weber 63%, weber genesis 7%","weber 50%, <long> 33%",0.6353,0.25,1.072
r8_1928_guitar_pick,"Name a guitar pick. Reply with only the name, nothing else.",0.6583,<long> -> bench,0.5556,fender 351 -> real,0.5877,dunlop tortex -> bench,57,57,0.05,0.367,0.24,60,90,34,0.0,0.22,12.1,dunlop tortex,0.25,15,12.48,8.77,0.509,"dunlop tortex 40%, fender 351 17%","dunlop tortex 38%, <long> 37%",0.6094,0.161,0.971
r8_0850_wallet_material,"Name a wallet material. Reply with only the name, nothing else.",0.6583,<long> -> bench,0.625,leather -> real,0.5339,ledger -> real,59,60,0.017,0.333,0.207,60,90,13,0.0,0.207,9.1,leather,1.0,1,1.0,1.87,0.882,"leather 85%, ledger 7%","leather 60%, <long> 33%",0.6483,0.119,0.882
r8s_0008_sculpture,"Suggest a type of sculpture. Reply with only the name, nothing else.",0.6583,<long> -> bench,0.5333,bronze -> real,0.5333,bas-relief -> bench,59,60,0.017,0.333,0.207,60,90,59,0.0,0.193,9.7,bust,0.2,12,10.0,35.44,0.143,"kinetic sculpture 13%, bust 10%","<long> 33%, kinetic sculpture 10%",0.6017,0.269,0.868
r8_1801_brake_type,"Name a brake type. Reply with only the name, nothing else.",0.6583,disc brake -> real,0.6583,disc brake -> real,0.5454,disc brake -> real,60,62,0.0,0.311,0.187,60,90,14,0.0,0.187,8.5,disc brake,1.0,1,1.0,2.77,0.77,"disc brake 82%, disc brakes 7%","disc brake 50%, <long> 31%",0.6586,0.134,1.041
r8_1621_board_game_piece,"Name a board game piece. Reply with only the name, nothing else.",0.6583,pawn -> real,0.6583,pawn -> real,0.5432,pawn -> real,60,64,0.0,0.289,0.173,60,90,11,0.0,0.173,7.4,pawn,0.85,4,1.8,2.11,0.839,"pawn 88%, rook 3%","pawn 57%, <long> 29%",0.645,0.151,1.097
r8_1627_motor,"Name a motor. Reply with only the name, nothing else.",0.6583,<long> -> bench,0.5333,v8 -> real,0.5655,tesla -> bench,59,60,0.017,0.333,0.207,60,90,45,0.0,0.193,9.2,electric motor,0.5,9,5.36,21.7,0.202,"tesla 13%, tesla model 3 12%","<long> 33%, tesla 18%",0.6117,0.251,0.977
r8s_0552_water_sport,"Suggest a type of water sport. Reply with only the name, nothing else.",0.6583,kayaking -> real,0.6583,kayaking -> real,0.5771,kayaking -> real,60,64,0.0,0.289,0.173,60,90,8,0.0,0.167,8.3,surfing,0.6,3,2.28,2.58,0.637,"kayaking 72%, surfing 23%","kayaking 40%, <long> 29%",0.6211,0.096,0.928
r8_1084_glassware,"Name a type of glassware. Reply with only the name, nothing else.",0.6583,<long> -> bench,0.6028,wine glass -> real,0.638,beaker -> bench,59,60,0.017,0.333,0.207,60,90,16,0.0,0.207,9.3,wine glass,0.4,8,5.74,4.08,0.58,"beaker 43%, wine glass 25%","beaker 48%, <long> 33%",0.6136,0.154,0.79
r8_0336_dressing,"Name a type of dressing. Reply with only the name, nothing else.",0.6583,ranch -> real,0.6583,ranch -> real,0.5725,ranch -> real,60,67,0.0,0.256,0.153,60,90,17,0.0,0.153,7.6,ranch,0.7,5,2.67,3.15,0.74,"ranch 82%, caesar 10%","ranch 50%, <long> 26%",0.6283,0.126,0.911
r8_1051_cleaning_tool,"Name a cleaning tool. Reply with only the name, nothing else.",0.6583,<long> -> bench,0.5972,vacuum cleaner -> real,0.5935,vacuum cleaner -> real,59,60,0.017,0.333,0.207,60,90,19,0.0,0.207,9.2,broom,0.85,3,1.68,4.24,0.647,"broom 58%, vacuum cleaner 22%","broom 47%, <long> 33%",0.6297,0.259,0.945
r8_1056_science_fiction_novel,"Name a science fiction novel. Reply with only the name, nothing else.",0.6583,dune -> real,0.6583,dune -> real,0.5226,dune -> real,60,63,0.0,0.3,0.18,60,90,7,0.0,0.18,8.4,dune,0.75,5,2.45,1.44,0.927,"dune 95%, neuromancer 3%","dune 63%, <long> 30%",0.6536,0.129,0.974
r8_1501_gear,"Name a gear. Reply with only the name, nothing else.",0.6583,<long> -> bench,0.6,spur gear -> bench,0.6742,spur gear -> bench,59,60,0.017,0.333,0.207,60,90,54,0.0,0.207,9.7,spur gear,0.2,16,14.14,23.29,0.277,"sprocket 12%, spur gear 10%","<long> 33%, spur gear 30%",0.6506,0.365,0.891
r8_0505_scavenger,"Name a scavenger. Reply with only the name, nothing else.",0.6583,<long> -> bench,0.525,crow -> real,0.5736,vulture -> bench,59,60,0.017,0.333,0.207,60,90,63,0.0,0.193,9.2,vulture,0.8,2,1.65,31.77,0.244,"vulture 17%, hyena 7%","<long> 33%, vulture 21%",0.6319,0.357,0.766
r8_1424_shade_of_red,"Name a shade of red. Reply with only the name, nothing else.",0.6583,crimson -> real,0.6583,crimson -> real,0.5496,crimson -> real,60,67,0.0,0.256,0.153,60,90,7,0.0,0.153,8.2,crimson,0.9,2,1.38,1.55,0.898,"crimson 95%, scarlet 3%","crimson 63%, <long> 26%",0.6228,0.129,1.155
r8s_0223_cloud,"Suggest a type of cloud. Reply with only the name, nothing else.",0.6583,<long> -> bench,0.5806,aws -> real,0.5685,aws -> real,59,60,0.017,0.333,0.207,60,90,21,0.0,0.2,9.0,cumulus,0.7,3,2.23,8.37,0.387,"cumulus 32%, aws 22%","<long> 33%, cumulus 30%",0.6269,0.208,0.536
r8_0553_weather_instrument,"Name a type of weather instrument. Reply with only the name, nothing else.",0.6583,barometer -> real,0.6583,barometer -> real,0.5844,anemometer -> bench,60,64,0.0,0.289,0.173,60,90,5,0.0,0.173,8.3,barometer,0.6,2,1.96,2.54,0.637,"barometer 72%, thermometer 22%","barometer 40%, <long> 29%",0.6567,0.275,1.054
r8_0543_battery_type,"Name a battery type. Reply with only the name, nothing else.",0.6583,lithium-ion -> real,0.6583,lithium-ion -> real,0.5297,lithium-ion -> real,60,64,0.0,0.289,0.173,60,90,6,0.0,0.173,9.6,lithium-ion,0.95,2,1.22,1.46,0.919,"lithium-ion 95%, li-ion 3%","lithium-ion 63%, <long> 29%",0.6844,0.112,1.124
r8s_0745_temple,"Suggest a type of temple. Reply with only the name, nothing else.",0.6583,<long> -> bench,0.5417,buddhist temple -> real,0.5744,hindu temple -> bench,59,60,0.017,0.333,0.207,60,90,51,0.0,0.2,9.6,hindu temple,0.45,9,5.64,27.71,0.168,"buddhist temple 18%, shinto 7%","<long> 33%, hindu temple 14%",0.6192,0.321,0.748
r8s_0776_cymbal,"Suggest a type of cymbal. Reply with only the name, nothing else.",0.6583,<long> -> bench,0.5528,crash cymbal -> real,0.5469,crash -> bench,59,60,0.017,0.333,0.207,60,90,13,0.0,0.2,9.9,crash cymbal,0.4,6,4.87,5.29,0.42,"crash 37%, crash cymbal 28%","<long> 33%, crash 31%",0.6111,0.109,1.01
r8_1688_mineral_in_the_body,"Name a mineral in the body. Reply with only the name, nothing else.",0.6583,calcium -> real,0.6583,calcium -> real,0.5315,hydroxyapatite -> bench,60,62,0.0,0.311,0.187,60,90,9,0.0,0.187,8.7,calcium,1.0,1,1.0,1.88,0.852,"calcium 88%, hydroxyapatite 5%","calcium 57%, <long> 31%",0.6489,0.058,0.884
r8s_1061_castle_part,"Suggest a type of castle part. Reply with only the name, nothing else.",0.6583,<long> -> bench,0.5528,battlements -> real,0.5526,tower -> bench,57,57,0.05,0.367,0.24,60,90,27,0.0,0.22,9.7,keep,0.8,5,2.18,11.09,0.395,"keep 33%, battlements 12%","<long> 37%, keep 28%",0.6242,0.298,0.807
r8s_0440_towel,"Suggest a type of towel. Reply with only the name, nothing else.",0.6583,<long> -> bench,0.6111,bamboo -> real,0.5942,bamboo -> real,59,60,0.017,0.333,0.207,60,90,27,0.0,0.2,10.4,bamboo towel,0.45,7,4.64,12.19,0.269,"bamboo 30%, bamboo towel 23%","<long> 33%, bamboo towel 20%",0.6289,0.177,0.936
r8_1348_sound_maker,"Name a sound maker. Reply with only the name, nothing else.",0.6583,<long> -> bench,0.5944,drum -> bench,0.6658,drum -> bench,59,60,0.017,0.333,0.207,60,90,69,0.0,0.207,9.7,drum,0.3,11,8.63,35.2,0.269,"drum 10%, turntable 8%","<long> 33%, drum 29%",0.6469,0.533,1.02
r8s_0603_eclipse_type,"Suggest an eclipse type. Reply with only the name, nothing else.",0.6583,<long> -> bench,0.55,total solar eclipse -> real,0.5439,annular -> real,57,57,0.05,0.367,0.24,60,90,31,0.0,0.22,10.0,total solar eclipse,0.85,4,1.8,9.02,0.447,"total solar eclipse 40%, solar eclipse 13%","<long> 37%, total solar eclipse 30%",0.5992,0.265,0.535
r8s_0570_school,"Suggest a type of school. Reply with only the name, nothing else.",0.6583,<long> -> bench,0.5778,montessori school -> real,0.598,high school -> bench,59,60,0.017,0.333,0.207,60,90,20,0.0,0.193,9.3,montessori school,0.9,3,1.48,7.15,0.336,"montessori school 30%, high school 23%","<long> 33%, high school 29%",0.6372,0.213,0.753
r8_0445_squash,"Name a squash. Reply with only the name, nothing else.",0.6583,<long> -> bench,0.5444,butternut -> real,0.5299,butternut -> bench,59,60,0.017,0.333,0.207,60,90,28,0.0,0.2,9.6,butternut,0.4,5,3.85,8.76,0.437,"butternut 40%, delicata 13%","<long> 33%, butternut 31%",0.6244,0.297,0.838
r8_0422_scientist,"Name a scientist. Reply with only the name, nothing else.",0.6583,<long> -> bench,0.5861,albert einstein -> real,0.5434,marie curie -> real,59,60,0.017,0.333,0.207,60,90,15,0.0,0.207,9.4,albert einstein,0.4,3,2.95,5.68,0.353,"albert einstein 38%, isaac newton 23%","<long> 33%, albert einstein 21%",0.6319,0.164,1.018
r8s_1695_talent,"Suggest a type of talent. Reply with only the name, nothing else.",0.6583,<long> -> bench,0.5361,software engineer -> real,0.526,software engineer -> real,59,60,0.017,0.333,0.207,60,90,80,0.0,0.2,9.2,photography,0.15,15,13.78,60.73,0.092,"software engineer 12%, singing 7%","<long> 33%, public speaking 4%",0.6275,0.489,0.555
r8_0686_bacon,"Name a bacon. Reply with only the name, nothing else.",0.6583,<long> -> bench,0.5611,bacon -> real,0.5439,canadian bacon -> real,57,57,0.05,0.367,0.24,60,90,72,0.0,0.2,10.4,streaky bacon,0.15,17,15.83,38.8,0.254,"bacon 27%, canadian bacon 8%","<long> 37%, bacon 14%",0.6153,0.423,1.061
r8_0782_trade,"Name a trade. Reply with only the name, nothing else.",0.6583,<long> -> bench,0.5306,plumber -> real,0.5263,stock market -> bench,57,57,0.05,0.367,0.24,60,90,56,0.0,0.22,9.7,plumber,0.4,5,4.19,30.54,0.193,"plumber 18%, electrician 12%","<long> 37%, plumber 12%",0.64,0.31,0.685
r8s_1510_dice_face,"Suggest a type of dice face. Reply with only the name, nothing else.",0.6583,<long> -> bench,0.5944,d20 -> real,0.5994,six -> bench,59,60,0.017,0.333,0.207,60,90,37,0.0,0.207,9.3,pips,0.2,13,11.19,17.9,0.168,"d20 23%, d6 15%","<long> 33%, six 18%",0.6447,0.369,1.143
r8s_1413_whistle,"Suggest a type of whistle. Reply with only the name, nothing else.",0.6583,<long> -> bench,0.5639,fox 40 -> real,0.5516,fox 40 -> real,59,60,0.017,0.333,0.207,60,90,49,0.0,0.2,10.3,fox 40,0.25,11,8.6,22.49,0.168,"fox 40 18%, pea whistle 18%","<long> 33%, pea whistle 10%",0.6244,0.265,0.946
r8_1841_pedal,"Name a pedal. Reply with only the name, nothing else.",0.6583,<long> -> bench,0.5444,gas pedal -> bench,0.5747,gas pedal -> bench,59,60,0.017,0.333,0.207,60,90,66,0.0,0.207,10.0,boss ds-1,0.2,13,10.9,43.74,0.109,"boss ds-1 10%, big muff 7%","<long> 33%, gas pedal 12%",0.6067,0.317,0.813
r8_1897_human_sense,"Name a human sense. Reply with only the name, nothing else.",0.6583,sight -> real,0.6583,sight -> real,0.5444,sight -> real,59,63,0.017,0.3,0.187,60,90,7,0.0,0.18,8.5,sight,0.85,4,1.8,1.88,0.852,"sight 88%, vision 3%","sight 57%, <long> 30%",0.6653,0.165,1.222
r8_0082_fossil_fuel,"Name a fossil fuel. Reply with only the name, nothing else.",0.6583,coal -> real,0.6583,coal -> real,0.5432,coal -> real,60,66,0.0,0.267,0.16,60,90,5,0.0,0.16,6.9,coal,1.0,1,1.0,1.49,0.905,"coal 95%, petroleum 5%","coal 63%, <long> 27%",0.6386,0.104,1.141
r8_0734_medicine,"Name a medicine. Reply with only the name, nothing else.",0.6583,<long> -> bench,0.6417,ibuprofen -> real,0.6305,aspirin -> bench,59,60,0.017,0.333,0.207,60,90,12,0.0,0.193,10.0,ibuprofen,0.55,4,2.92,3.52,0.471,"ibuprofen 48%, aspirin 33%","aspirin 40%, <long> 33%",0.5975,0.095,0.913
r8s_1917_clergy,"Suggest a type of clergy. Reply with only the name, nothing else.",0.6556,<long> -> bench,0.5556,pastor -> real,0.5745,priest -> bench,60,62,0.0,0.311,0.187,60,90,17,0.0,0.18,8.4,priest,0.5,6,3.95,6.2,0.459,"priest 38%, pastor 23%","priest 37%, <long> 31%",0.6047,0.266,0.773
r8_1898_jean_style,"Name a jean style. Reply with only the name, nothing else.",0.6556,<long> -> bench,0.5833,skinny -> real,0.5382,skinny jeans -> bench,60,62,0.0,0.311,0.187,60,90,29,0.0,0.187,9.0,skinny,0.55,8,4.66,11.42,0.328,"skinny 37%, skinny jeans 13%","<long> 31%, skinny 20%",0.6022,0.332,1.04
r8_0767_lens,"Name a type of lens. Reply with only the name, nothing else.",0.6556,<long> -> bench,0.5611,convex lens -> real,0.5376,convex -> bench,60,62,0.0,0.311,0.187,60,90,16,0.0,0.187,9.2,convex lens,0.8,2,1.65,4.36,0.566,"convex lens 53%, convex 17%","convex lens 41%, <long> 31%",0.6522,0.192,0.772
r8_0755_spider,"Name a spider. Reply with only the name, nothing else.",0.6556,<long> -> bench,0.5778,black widow -> real,0.5231,arachne -> bench,60,62,0.0,0.311,0.187,60,90,15,0.0,0.187,9.1,black widow,0.65,3,2.21,5.05,0.418,"black widow 43%, tarantula 32%","<long> 31%, black widow 28%",0.6164,0.124,0.782
r8_0721_coaster,"Name a coaster. Reply with only the name, nothing else.",0.6556,<long> -> bench,0.5444,steel vengeance -> real,0.5921,space mountain -> bench,58,59,0.033,0.344,0.22,60,90,51,0.0,0.207,10.2,steel vengeance,0.6,6,3.56,23.04,0.231,"steel vengeance 17%, space mountain 13%","<long> 34%, space mountain 21%",0.6256,0.391,0.556
r8_0692_textile_pattern,"Name a textile pattern. Reply with only the name, nothing else.",0.6556,<long> -> bench,0.6472,houndstooth -> real,0.6121,houndstooth -> real,60,62,0.0,0.311,0.187,60,90,17,0.0,0.173,9.1,houndstooth,0.3,9,7.13,7.92,0.336,"houndstooth 45%, damask 13%","<long> 31%, plaid 21%",0.6169,0.345,0.923
r8_1844_beer_glass,"Name a type of beer glass. Reply with only the name, nothing else.",0.6556,<long> -> bench,0.5889,pilsner glass -> real,0.6167,pint glass -> bench,60,62,0.0,0.311,0.187,60,90,6,0.0,0.187,9.5,pint glass,0.7,2,1.84,3.46,0.385,"pilsner glass 40%, pint glass 27%","pint glass 34%, <long> 31%",0.6239,0.045,1.048
r8_0784_roof_type,"Name a roof type. Reply with only the name, nothing else.",0.6556,<long> -> bench,0.6056,gable -> real,0.5478,gable -> real,60,62,0.0,0.311,0.187,60,90,15,0.0,0.187,8.7,gable roof,0.6,3,2.45,5.37,0.418,"gable 47%, gable roof 30%","<long> 31%, gable 26%",0.6853,0.149,0.92
r8_0748_oxymoron,"Name an oxymoron. Reply with only the name, nothing else.",0.6556,<long> -> bench,0.5722,deafening silence -> real,0.5315,live wire -> bench,60,62,0.0,0.311,0.187,60,90,30,0.0,0.187,9.4,deafening silence,0.95,2,1.22,7.78,0.467,"deafening silence 47%, jumbo shrimp 22%","deafening silence 32%, <long> 31%",0.6303,0.202,0.89
r8_1853_photography_term,"Name a photography term. Reply with only the name, nothing else.",0.6556,<long> -> bench,0.5972,bokeh -> real,0.5847,bokeh -> real,60,62,0.0,0.311,0.187,60,90,12,0.0,0.173,8.4,aperture,0.75,4,2.28,3.21,0.664,"aperture 60%, bokeh 25%","aperture 50%, <long> 31%",0.6211,0.191,1.124
r8_0183_outdoor_game,"Name an outdoor game. Reply with only the name, nothing else.",0.6556,<long> -> bench,0.55,capture the flag -> real,0.5747,soccer -> bench,60,62,0.0,0.311,0.187,60,90,14,0.0,0.187,8.5,tag,0.35,8,5.52,5.5,0.443,"soccer 37%, tag 20%","soccer 36%, <long> 31%",0.5928,0.215,1.059
r8s_1533_human_action,"Suggest a type of human action. Reply with only the name, nothing else.",0.6556,<long> -> bench,0.525,running -> bench,0.6339,running -> bench,56,56,0.067,0.378,0.253,60,90,40,0.0,0.233,9.6,running,0.7,6,2.94,10.68,0.509,"running 35%, <long> 7%","running 40%, <long> 38%",0.6231,0.376,0.56
r8s_1555_troll,"Suggest a type of troll. Reply with only the name, nothing else.",0.6556,<long> -> bench,0.5194,water troll -> real,0.5283,snow troll -> bench,54,53,0.1,0.411,0.287,60,90,92,0.0,0.26,11.9,mountain troll,0.15,18,16.96,84.6,0.037,"<long> 10%, water troll 5%","<long> 41%, snow troll 3%",0.6222,0.486,0.75
r8_0018_gas,"Name a type of gas. Reply with only the name, nothing else.",0.6556,<long> -> bench,0.6222,oxygen -> real,0.6054,helium -> bench,60,62,0.0,0.311,0.187,60,90,11,0.0,0.187,8.4,oxygen,0.65,3,2.21,3.18,0.574,"helium 47%, oxygen 40%","helium 47%, <long> 31%",0.6083,0.143,0.631
r8_0160_soil,"Name a soil. Reply with only the name, nothing else.",0.6556,<long> -> bench,0.6083,clay -> real,0.5632,clay -> real,60,62,0.0,0.311,0.187,60,90,16,0.0,0.187,8.6,loam,0.4,5,3.54,4.04,0.484,"loam 50%, clay 42%","loam 32%, <long> 31%",0.6311,0.167,1.01
r8_0154_art_supply,"Name an art supply. Reply with only the name, nothing else.",0.6556,<long> -> bench,0.5944,acrylic paint -> real,0.5844,acrylic paint -> real,60,62,0.0,0.311,0.187,60,90,25,0.0,0.173,8.6,charcoal pencil,0.35,4,3.84,10.5,0.32,"charcoal 32%, acrylic paint 23%","<long> 31%, charcoal 22%",0.6119,0.215,1.049
r8_0155_bird,"Name a bird. Reply with only the name, nothing else.",0.6556,<long> -> bench,0.5722,robin -> real,0.5527,eagle -> bench,60,62,0.0,0.311,0.187,60,90,18,0.0,0.187,8.4,sparrow,0.55,3,2.65,5.84,0.303,"robin 33%, sparrow 28%","<long> 31%, eagle 23%",0.6186,0.162,1.046
r8s_1606_crab,"Suggest a type of crab. Reply with only the name, nothing else.",0.6556,<long> -> bench,0.6333,blue crab -> real,0.5505,blue crab -> real,60,62,0.0,0.311,0.187,60,90,14,0.0,0.167,8.5,blue crab,0.8,3,1.85,4.36,0.582,"blue crab 63%, king crab 18%","blue crab 37%, <long> 31%",0.6461,0.173,0.917
r8s_1610_fencing_sword,"Suggest a type of fencing sword. Reply with only the name, nothing else.",0.6556,<long> -> bench,0.6139,épée -> real,0.5454,foil -> bench,60,62,0.0,0.311,0.187,60,90,10,0.0,0.187,8.8,épée,0.4,3,2.97,4.35,0.508,"épée 55%, foil 18%","épée 32%, <long> 31%",0.6161,0.291,0.932
r8s_1616_chicken_part,"Suggest a type of chicken part. Reply with only the name, nothing else.",0.6556,<long> -> bench,0.5778,wings -> real,0.5785,thigh -> bench,60,62,0.0,0.311,0.187,60,90,14,0.0,0.187,8.5,thigh,0.55,8,4.66,5.23,0.434,"wing 43%, wings 20%","<long> 31%, wing 30%",0.6056,0.146,0.879
r8s_1529_film_production_role,"Suggest a type of film production role. Reply with only the name, nothing else.",0.6556,<long> -> bench,0.5917,cinematographer -> real,0.5444,director of photography -> real,60,62,0.0,0.311,0.187,60,90,13,0.0,0.187,9.6,cinematographer,0.55,4,3.03,3.58,0.623,"cinematographer 62%, director of photography 25%","cinematographer 43%, <long> 31%",0.6364,0.396,0.906
r8s_1581_period_of_the_day,"Suggest a type of period of the day. Reply with only the name, nothing else.",0.6556,<long> -> bench,0.5833,morning -> real,0.5156,morning -> real,60,62,0.0,0.311,0.187,60,90,11,0.0,0.187,8.2,afternoon,0.4,6,3.79,4.1,0.451,"morning 47%, afternoon 33%","<long> 31%, morning 30%",0.6306,0.197,0.653
r8_1192_massage,"Name a type of massage. Reply with only the name, nothing else.",0.6556,<long> -> bench,0.625,swedish massage -> real,0.5196,swedish -> real,60,62,0.0,0.311,0.187,60,90,9,0.0,0.18,9.0,swedish massage,0.9,2,1.38,2.69,0.697,"swedish massage 72%, swedish 22%","swedish massage 47%, <long> 31%",0.6503,0.12,0.956
r8_1326_fruit_seed_count,"Name a fruit seed count. Reply with only the name, nothing else.",0.6556,<long> -> bench,0.5694,pomegranate -> real,0.5368,pomegranate -> real,60,62,0.0,0.311,0.187,60,90,26,0.0,0.187,8.7,pomegranate,0.35,10,7.47,10.39,0.262,"pomegranate 28%, apple 25%","<long> 31%, apple 19%",0.6028,0.283,1.026
r8_0405_musical_interval,"Name a musical interval. Reply with only the name, nothing else.",0.6556,<long> -> bench,0.6139,perfect fifth -> real,0.5419,major third -> real,60,62,0.0,0.311,0.187,60,90,6,0.0,0.187,8.6,perfect fifth,0.65,3,2.21,1.43,0.918,"perfect fifth 88%, major third 10%","perfect fifth 66%, <long> 31%",0.6361,0.145,0.98
r8_1030_fashion_accessory,"Name a fashion accessory. Reply with only the name, nothing else.",0.6556,<long> -> bench,0.6472,scarf -> real,0.5368,scarf -> real,60,62,0.0,0.311,0.187,60,90,12,0.0,0.187,8.4,scarf,0.7,4,2.49,2.94,0.746,"scarf 78%, scarves 5%","scarf 49%, <long> 31%",0.6536,0.213,1.02
r8_1018_crochet_stitch,"Name a crochet stitch. Reply with only the name, nothing else.",0.6556,<long> -> bench,0.6556,single crochet -> real,0.5086,double crochet -> real,60,62,0.0,0.311,0.187,60,90,5,0.0,0.187,9.0,single crochet,0.9,2,1.38,1.23,0.959,"single crochet 97%, double crochet 3%","single crochet 66%, <long> 31%",0.6497,0.137,1.004
r8_1001_spider,"Name a spider. Reply with only the name, nothing else.",0.6556,<long> -> bench,0.6139,black widow -> real,0.5565,arachne -> bench,60,62,0.0,0.311,0.187,60,90,19,0.0,0.167,8.8,black widow,0.6,4,2.63,5.71,0.426,"black widow 48%, tarantula 30%","<long> 31%, black widow 26%",0.625,0.124,0.784
r8_1032_swimming_stroke,"Name a swimming stroke. Reply with only the name, nothing else.",0.6556,<long> -> bench,0.6528,freestyle -> real,0.5524,freestyle -> real,60,62,0.0,0.311,0.187,60,90,7,0.0,0.18,8.7,freestyle,0.8,2,1.65,2.35,0.697,"freestyle 75%, butterfly 18%","freestyle 44%, <long> 31%",0.6461,0.131,0.915
r8_1553_work_of_literature,"Name a type of work of literature. Reply with only the name, nothing else.",0.6556,<long> -> bench,0.6444,novel -> real,0.5167,poem -> real,60,62,0.0,0.311,0.187,60,90,8,0.0,0.18,8.6,novel,1.0,1,1.0,1.65,0.893,"novel 90%, poetry 5%","novel 61%, <long> 31%",0.6558,0.15,1.112
r8_1540_hip_hop_move,"Name a hip-hop move. Reply with only the name, nothing else.",0.6556,<long> -> bench,0.5611,running man -> real,0.5511,running man -> real,60,62,0.0,0.311,0.187,60,90,38,0.0,0.18,9.0,moonwalk,0.4,7,5.22,17.85,0.221,"moonwalk 18%, running man 17%","<long> 31%, moonwalk 18%",0.6356,0.239,0.977
r8_1077_evergreen,"Name an evergreen. Reply with only the name, nothing else.",0.6556,<long> -> bench,0.5694,pine tree -> real,0.6048,pine -> bench,60,62,0.0,0.311,0.187,60,90,17,0.0,0.187,8.5,pine,0.9,3,1.48,4.53,0.607,"pine 50%, pine tree 15%","pine 49%, <long> 31%",0.5983,0.142,0.927
r8_1068_natural_substance,"Name a natural substance. Reply with only the name, nothing else.",0.6556,<long> -> bench,0.5639,honey -> real,0.5589,honey -> real,60,62,0.0,0.311,0.187,60,90,28,0.0,0.187,8.1,quartz,0.25,8,6.98,11.75,0.279,"water 25%, quartz 17%","<long> 31%, water 21%",0.5969,0.299,0.98
r8s_0563_biome,"Suggest a type of biome. Reply with only the name, nothing else.",0.6556,<long> -> bench,0.6111,tropical rainforest -> real,0.5315,tundra -> bench,60,62,0.0,0.311,0.187,60,90,13,0.0,0.18,9.7,tropical rainforest,0.75,5,2.45,3.15,0.697,"tropical rainforest 70%, rainforest 15%","tropical rainforest 48%, <long> 31%",0.6422,0.224,0.77
r8_0389_dance_move,"Name a dance move. Reply with only the name, nothing else.",0.6556,<long> -> bench,0.5694,moonwalk -> real,0.55,worm -> real,60,62,0.0,0.311,0.187,60,90,21,0.0,0.18,8.8,moonwalk,0.5,7,4.55,7.02,0.41,"moonwalk 42%, twist 15%","<long> 31%, moonwalk 28%",0.6522,0.309,1.088
r8_0381_planet_type,"Name a planet type. Reply with only the name, nothing else.",0.6556,<long> -> bench,0.6056,super-earth -> real,0.6005,super-earth -> real,60,62,0.0,0.311,0.187,60,90,16,0.0,0.187,8.6,gas giant,0.6,6,3.41,5.69,0.344,"gas giant 38%, terrestrial 28%","<long> 31%, terrestrial 28%",0.6136,0.136,1.008
r8_0418_mythical_creature,"Name a type of mythical creature. Reply with only the name, nothing else.",0.6556,<long> -> bench,0.5806,griffin -> real,0.568,griffin -> real,60,62,0.0,0.311,0.187,60,90,12,0.0,0.18,7.8,dragon,0.4,6,4.87,5.0,0.41,"dragon 38%, phoenix 25%","<long> 31%, dragon 30%",0.6147,0.198,0.975
r8_0401_animated_movie,"Name an animated movie. Reply with only the name, nothing else.",0.6556,<long> -> bench,0.5694,toy story -> real,0.5384,toy story -> bench,60,62,0.0,0.311,0.187,60,90,15,0.0,0.187,8.6,toy story,0.65,4,2.67,3.65,0.656,"toy story 62%, finding nemo 18%","toy story 48%, <long> 31%",0.6094,0.363,1.054
r8_0370_razor,"Name a razor. Reply with only the name, nothing else.",0.6556,<long> -> bench,0.5806,gillette fusion -> real,0.5615,gillette fusion -> real,58,59,0.033,0.344,0.22,60,90,43,0.0,0.207,9.8,gillette fusion,0.4,5,3.74,17.89,0.231,"gillette fusion 25%, gillette 20%","<long> 34%, gillette 17%",0.6619,0.25,0.887
r8s_0540_pocket,"Suggest a type of pocket. Reply with only the name, nothing else.",0.6556,<long> -> bench,0.5444,cargo pocket -> real,0.5419,cargo pocket -> real,60,62,0.0,0.311,0.187,60,90,69,0.0,0.187,8.7,bellows pocket,0.35,8,5.52,46.44,0.09,"cargo pocket 10%, coin pocket 7%","<long> 31%, bellows pocket 9%",0.6292,0.436,0.793
r8_0473_knitting_stitch,"Name a knitting stitch. Reply with only the name, nothing else.",0.6556,<long> -> bench,0.6389,garter stitch -> real,0.5285,garter stitch -> real,60,62,0.0,0.311,0.187,60,90,11,0.0,0.18,9.1,garter stitch,0.55,5,3.34,2.83,0.738,"garter stitch 77%, knit stitch 8%","garter stitch 49%, <long> 31%",0.6564,0.169,0.941
r8_0461_poem_form,"Name a poem form. Reply with only the name, nothing else.",0.6556,<long> -> bench,0.6278,sonnet -> real,0.5651,sonnet -> real,60,62,0.0,0.311,0.187,60,90,5,0.0,0.18,8.3,sonnet,0.6,4,2.63,2.24,0.508,"sonnet 53%, haiku 45%","haiku 39%, <long> 31%",0.6378,0.077,0.919
r8_0450_pillow,"Name a pillow. Reply with only the name, nothing else.",0.6556,<long> -> bench,0.5306,fluffy -> real,0.5376,memory foam pillow -> bench,60,62,0.0,0.311,0.187,60,90,66,0.0,0.18,8.8,memory foam pillow,0.45,11,6.94,33.89,0.205,"memory foam pillow 17%, fluffy 15%","<long> 31%, memory foam pillow 17%",0.6081,0.319,0.932
r8s_0422_scientist,"Suggest a type of scientist. Reply with only the name, nothing else.",0.6556,<long> -> bench,0.6306,astrophysicist -> real,0.5954,astrophysicist -> real,60,62,0.0,0.311,0.187,60,90,25,0.0,0.187,9.8,astrophysicist,0.55,4,3.03,10.83,0.32,"astrophysicist 42%, physicist 17%","<long> 31%, astrophysicist 16%",0.6361,0.238,0.766
r8s_0384_onion,"Suggest a type of onion. Reply with only the name, nothing else.",0.6556,<long> -> bench,0.5639,red onion -> real,0.5473,vidalia -> bench,60,62,0.0,0.311,0.187,60,90,14,0.0,0.173,8.8,yellow onion,0.65,4,2.79,4.04,0.615,"vidalia 57%, red onion 22%","vidalia 46%, <long> 31%",0.6022,0.204,0.849
r8s_0331_vine,"Suggest a type of vine. Reply with only the name, nothing else.",0.6556,<long> -> bench,0.6056,cabernet sauvignon -> real,0.5481,grape -> bench,60,62,0.0,0.311,0.187,60,90,36,0.0,0.187,9.4,grapevine,0.35,7,5.66,11.87,0.418,"cabernet sauvignon 47%, concord 8%","<long> 31%, cabernet sauvignon 26%",0.6194,0.212,0.714
r8s_0405_musical_interval,"Suggest a type of musical interval. Reply with only the name, nothing else.",0.6556,<long> -> bench,0.6306,perfect fifth -> real,0.5344,major third -> real,60,62,0.0,0.311,0.187,60,90,8,0.0,0.18,8.4,perfect fifth,0.9,2,1.38,1.8,0.852,"perfect fifth 85%, major third 13%","perfect fifth 59%, <long> 31%",0.6319,0.156,0.952
r8_0989_sewing_term,"Name a sewing term. Reply with only the name, nothing else.",0.6556,<long> -> bench,0.5611,basting -> real,0.5823,hem -> bench,60,62,0.0,0.311,0.187,60,90,24,0.0,0.187,8.5,hem,0.55,7,4.05,7.08,0.484,"hem 40%, basting 17%","hem 39%, <long> 31%",0.6011,0.331,0.998
r8_1647_envelope,"Name an envelope. Reply with only the name, nothing else.",0.6556,<long> -> bench,0.5306,jiffy -> real,0.5268,jiffy -> real,56,56,0.067,0.378,0.253,60,90,88,0.0,0.213,10.5,bubble mailer,0.15,17,15.83,69.45,0.098,"envelope 10%, jiffy 8%","<long> 38%, envelope 6%",0.6533,0.515,0.607
r8_1633_cyborg,"Name a cyborg. Reply with only the name, nothing else.",0.6556,<long> -> bench,0.5167,domino -> real,0.5487,robocop -> bench,58,59,0.033,0.344,0.22,60,90,65,0.0,0.22,10.4,robocop,0.4,12,8.12,29.95,0.308,"robocop 25%, terminator 5%","<long> 34%, robocop 23%",0.6214,0.335,0.779
r8_1588_narrative_structure,"Name a type of narrative structure. Reply with only the name, nothing else.",0.6556,<long> -> bench,0.5417,heros journey -> real,0.5831,linear narrative -> bench,60,62,0.0,0.311,0.187,60,90,29,0.0,0.18,8.8,linear narrative,0.6,6,3.41,11.09,0.434,"linear narrative 35%, epistolary 8%","linear narrative 36%, <long> 31%",0.6392,0.282,1.156
r8s_0569_pea,"Suggest a type of pea. Reply with only the name, nothing else.",0.6556,<long> -> bench,0.6306,snow pea -> real,0.6105,snow pea -> real,60,62,0.0,0.311,0.187,60,90,14,0.0,0.18,9.0,garden pea,0.5,4,2.99,5.3,0.328,"snow pea 35%, green pea 30%","<long> 31%, garden pea 28%",0.6328,0.103,1.032
r8_0449_communication_device,"Name a communication device. Reply with only the name, nothing else.",0.6556,<long> -> bench,0.5639,smartphone -> real,0.5589,smartphone -> real,60,62,0.0,0.311,0.187,60,90,15,0.0,0.18,7.9,telephone,0.9,3,1.48,4.62,0.598,"telephone 55%, smartphone 15%","telephone 44%, <long> 31%",0.6286,0.215,0.868
r8_0430_luggage,"Name a type of luggage. Reply with only the name, nothing else.",0.6556,<long> -> bench,0.5722,duffel bag -> real,0.5672,duffel bag -> real,60,62,0.0,0.311,0.187,60,90,8,0.0,0.187,8.8,suitcase,0.85,4,1.8,2.14,0.795,"suitcase 73%, duffel bag 17%","suitcase 59%, <long> 31%",0.645,0.223,0.9
r8s_0587_leaf,"Suggest a type of leaf. Reply with only the name, nothing else.",0.6556,<long> -> bench,0.5861,oak -> real,0.568,maple -> real,60,62,0.0,0.311,0.187,60,90,25,0.0,0.187,8.3,oak leaf,0.4,6,4.43,6.65,0.508,"oak 52%, maple 22%","oak 34%, <long> 31%",0.665,0.266,1.164
r8s_0492_blanket,"Suggest a type of blanket. Reply with only the name, nothing else.",0.6556,<long> -> bench,0.5444,weighted blanket -> real,0.5269,weighted blanket -> real,60,62,0.0,0.311,0.187,60,90,26,0.0,0.187,9.3,weighted blanket,0.65,4,2.67,12.28,0.197,"fleece 18%, wool 17%","<long> 31%, fleece 14%",0.6214,0.185,0.833
r8s_0562_tomato,"Suggest a type of tomato. Reply with only the name, nothing else.",0.6556,<long> -> bench,0.6333,cherry -> real,0.543,cherry -> real,60,62,0.0,0.311,0.187,60,90,9,0.0,0.187,8.7,cherry,0.45,5,3.94,3.22,0.623,"cherry 67%, cherry tomato 18%","cherry 40%, <long> 31%",0.6533,0.222,1.129
r8s_0496_compass,"Suggest a type of compass. Reply with only the name, nothing else.",0.6556,<long> -> bench,0.5417,mariners compass -> real,0.5882,magnetic compass -> bench,60,62,0.0,0.311,0.187,60,90,27,0.0,0.167,9.1,baseplate compass,0.7,7,3.15,5.58,0.623,"magnetic compass 53%, mariners compass 12%","magnetic compass 49%, <long> 31%",0.6228,0.224,1.001
r8_0331_vine,"Name a vine. Reply with only the name, nothing else.",0.6556,<long> -> bench,0.6444,cabernet sauvignon -> real,0.6118,cabernet sauvignon -> real,60,62,0.0,0.311,0.187,60,90,34,0.0,0.18,9.3,ivy,0.35,7,5.66,13.1,0.32,"cabernet sauvignon 43%, grape 10%","<long> 31%, cabernet sauvignon 14%",0.6497,0.213,0.755
r8_0341_sandwich_filling,"Name a type of sandwich filling. Reply with only the name, nothing else.",0.6556,<long> -> bench,0.575,tuna salad -> real,0.5747,turkey -> bench,60,62,0.0,0.311,0.187,60,90,13,0.0,0.18,8.2,tuna salad,0.5,3,2.35,4.75,0.443,"turkey 37%, tuna salad 28%","turkey 36%, <long> 31%",0.6203,0.174,1.096
r8s_0719_plastic,"Suggest a type of plastic. Reply with only the name, nothing else.",0.6556,<long> -> bench,0.5444,polyethylene -> real,0.5634,polyethylene -> bench,60,62,0.0,0.311,0.187,60,90,17,0.0,0.187,9.2,polyethylene,0.7,4,2.49,4.36,0.631,"polyethylene 57%, polypropylene 15%","polyethylene 48%, <long> 31%",0.6406,0.12,0.954
r8s_0591_tissue,"Suggest a type of tissue. Reply with only the name, nothing else.",0.6556,<long> -> bench,0.55,epithelial tissue -> real,0.5629,epithelial tissue -> bench,60,62,0.0,0.311,0.187,60,90,22,0.0,0.187,9.9,epithelial tissue,0.95,2,1.22,4.52,0.664,"epithelial tissue 60%, epithelial 8%","epithelial tissue 50%, <long> 31%",0.6206,0.24,0.833
r8_1022_dynasty,"Name a dynasty. Reply with only the name, nothing else.",0.6556,<long> -> bench,0.5278,romanov -> real,0.5651,ming -> bench,60,62,0.0,0.311,0.187,60,90,28,0.0,0.187,8.5,ming,0.45,6,4.33,7.61,0.533,"ming 47%, han 7%","ming 41%, <long> 31%",0.6367,0.216,0.923
r8_1025_folk_costume,"Name a folk costume. Reply with only the name, nothing else.",0.6556,<long> -> bench,0.6139,dirndl -> real,0.5938,dirndl -> real,60,62,0.0,0.311,0.187,60,90,15,0.0,0.187,8.6,dirndl,0.8,4,2.03,5.76,0.336,"kimono 32%, dirndl 32%","<long> 31%, kimono 24%",0.6156,0.084,0.657
r8_1500_recycling_material,"Name a recycling material. Reply with only the name, nothing else.",0.6556,<long> -> bench,0.6222,aluminum -> real,0.5946,aluminum -> real,60,62,0.0,0.311,0.187,60,90,8,0.0,0.18,8.0,aluminum,0.65,5,3.07,4.77,0.27,"aluminum 37%, paper 22%","<long> 31%, paper 20%",0.6208,0.191,1.077
r8s_0932_cold_dessert,"Suggest a type of cold dessert. Reply with only the name, nothing else.",0.6556,<long> -> bench,0.6333,tiramisu -> real,0.6422,ice cream -> bench,60,62,0.0,0.311,0.187,60,90,19,0.0,0.18,8.6,gelato,0.55,5,3.59,6.34,0.328,"tiramisu 30%, sorbet 22%","ice cream 32%, <long> 31%",0.6522,0.141,1.266
r8_0332_coffee_roast,"Name a coffee roast. Reply with only the name, nothing else.",0.6556,<long> -> bench,0.5333,house blend -> real,0.5535,french roast -> bench,60,62,0.0,0.311,0.187,60,90,35,0.0,0.187,9.3,french roast,0.3,10,6.83,16.25,0.238,"french roast 18%, medium roast 15%","<long> 31%, french roast 20%",0.6181,0.276,0.893
r8_0307_light_bulb_type,"Name a light bulb type. Reply with only the name, nothing else.",0.6556,<long> -> bench,0.6139,led -> real,0.5895,incandescent -> bench,60,62,0.0,0.311,0.187,60,90,11,0.0,0.18,8.5,incandescent,0.8,3,1.85,3.21,0.541,"incandescent 45%, led 42%","incandescent 43%, <long> 31%",0.645,0.127,0.834
r8_0323_lamp,"Name a lamp. Reply with only the name, nothing else.",0.6556,<long> -> bench,0.5583,lumina -> real,0.5358,lumina -> real,60,62,0.0,0.311,0.187,60,90,44,0.0,0.18,9.1,lamp,0.5,11,6.32,13.58,0.377,"lamp 37%, lumina 22%","<long> 31%, lamp 27%",0.6411,0.149,1.056
r8_0482_wave,"Name a wave. Reply with only the name, nothing else.",0.6556,<long> -> bench,0.5361,ocean wave -> bench,0.5562,ocean wave -> bench,60,62,0.0,0.311,0.187,60,90,67,0.0,0.18,8.8,sine wave,0.3,9,7.01,43.58,0.082,"swell 10%, tsunami 8%","<long> 31%, sound wave 9%",0.6344,0.368,0.568
r8_0506_animal_group,"Name an animal group. Reply with only the name, nothing else.",0.6556,<long> -> bench,0.6333,mammals -> bench,0.7011,mammals -> bench,60,62,0.0,0.311,0.187,60,90,38,0.0,0.187,8.7,mammals,0.5,8,5.0,19.18,0.238,"herd 12%, pride 12%","<long> 31%, mammals 30%",0.6458,0.223,1.125
r8_0494_tax,"Name a tax. Reply with only the name, nothing else.",0.6556,<long> -> bench,0.65,income tax -> real,0.5301,sales tax -> bench,60,62,0.0,0.311,0.187,60,90,7,0.0,0.187,8.4,income tax,1.0,1,1.0,1.88,0.803,"income tax 83%, sales tax 13%","income tax 53%, <long> 31%",0.6761,0.059,1.069
r8_0512_outerwear,"Name a type of outerwear. Reply with only the name, nothing else.",0.6556,<long> -> bench,0.6167,trench coat -> real,0.5989,jacket -> bench,60,62,0.0,0.311,0.187,60,90,9,0.0,0.187,8.7,trench coat,0.4,4,3.4,3.82,0.467,"trench coat 40%, jacket 37%","jacket 39%, <long> 31%",0.63,0.214,0.965
r8_0504_season,"Name a season. Reply with only the name, nothing else.",0.6556,<long> -> bench,0.5806,spring -> real,0.5425,autumn -> real,60,62,0.0,0.311,0.187,60,90,7,0.0,0.187,7.7,spring,0.6,2,1.96,2.75,0.68,"spring 65%, summer 13%","spring 49%, <long> 31%",0.6236,0.287,1.011
r8s_0310_drum,"Suggest a type of drum. Reply with only the name, nothing else.",0.6556,<long> -> bench,0.5694,snare drum -> real,0.547,snare -> bench,60,62,0.0,0.311,0.187,60,90,26,0.0,0.187,9.1,snare drum,0.4,7,4.75,6.16,0.574,"snare drum 55%, snare 8%","snare drum 41%, <long> 31%",0.6158,0.252,0.953
r8s_0381_planet_type,"Suggest a planet type. Reply with only the name, nothing else.",0.6556,<long> -> bench,0.5194,terrestrial planet -> real,0.5608,terrestrial -> bench,60,62,0.0,0.311,0.187,60,90,27,0.0,0.187,8.9,super-earth,0.55,7,4.34,8.12,0.32,"super-earth 28%, terrestrial 23%","<long> 31%, terrestrial 24%",0.605,0.189,0.827
r8s_0379_bear,"Suggest a type of bear. Reply with only the name, nothing else.",0.6556,polar bear -> real,0.6556,polar bear -> real,0.5667,polar bear -> real,60,66,0.0,0.267,0.16,60,90,13,0.0,0.16,8.4,polar bear,0.75,4,2.28,2.99,0.73,"polar bear 80%, grizzly bear 8%","polar bear 49%, <long> 27%",0.6261,0.21,0.962
r8s_0395_board_game_piece,"Suggest a type of board game piece. Reply with only the name, nothing else.",0.6556,<long> -> bench,0.55,pawn -> real,0.578,pawn -> bench,60,62,0.0,0.311,0.187,60,90,12,0.0,0.18,7.6,pawn,0.85,3,1.68,2.83,0.746,"pawn 67%, knight 12%","pawn 57%, <long> 31%",0.6328,0.23,0.946
r8s_0367_unit_of_distance,"Suggest a type of unit of distance. Reply with only the name, nothing else.",0.6556,<long> -> bench,0.6111,mile -> real,0.6266,meter -> bench,60,62,0.0,0.311,0.187,60,90,8,0.0,0.187,7.8,meter,0.8,3,1.85,2.1,0.779,"meter 65%, mile 27%","meter 62%, <long> 31%",0.6103,0.157,1.096
r8s_0320_classroom_item,"Suggest a type of classroom item. Reply with only the name, nothing else.",0.6556,<long> -> bench,0.625,whiteboard -> real,0.5196,whiteboard -> real,60,62,0.0,0.311,0.187,60,90,13,0.0,0.187,8.6,whiteboard,0.55,5,3.12,2.78,0.697,"whiteboard 72%, whiteboard marker 22%","whiteboard 47%, <long> 31%",0.6439,0.132,0.942
r8_1632_track_event,"Name a track event. Reply with only the name, nothing else.",0.6556,<long> -> bench,0.5944,100-meter dash -> real,0.5254,sprint -> bench,58,59,0.033,0.344,0.22,60,90,24,0.0,0.213,11.4,100-meter dash,0.55,7,4.23,5.71,0.581,"100-meter dash 57%, 100 meters 10%","100-meter dash 38%, <long> 34%",0.6547,0.132,0.745
r8_1660_warrior,"Name a warrior. Reply with only the name, nothing else.",0.6556,<long> -> bench,0.5278,conan -> real,0.5306,achilles -> bench,60,62,0.0,0.311,0.187,60,90,54,0.0,0.173,9.0,achilles,0.1,17,16.25,28.54,0.172,"aragorn 17%, achilles 10%","<long> 31%, aragorn 12%",0.6061,0.393,0.893
r8_1691_alcohol,"Name an alcohol. Reply with only the name, nothing else.",0.6556,<long> -> bench,0.6528,vodka -> real,0.7239,ethanol -> bench,60,62,0.0,0.311,0.187,60,90,7,0.0,0.18,8.5,ethanol,0.95,2,1.22,3.56,0.41,"vodka 52%, whiskey 27%","ethanol 39%, <long> 31%",0.6839,0.14,1.123
r8_1687_star_pattern,"Name a star pattern. Reply with only the name, nothing else.",0.6556,<long> -> bench,0.6194,orion -> real,0.5567,orion -> real,60,62,0.0,0.311,0.187,60,90,30,0.0,0.187,8.9,big dipper,0.4,5,3.85,8.68,0.459,"orion 52%, big dipper 20%","<long> 31%, orion 28%",0.6333,0.318,0.781
r8_1620_unicorn,"Name an unicorn. Reply with only the name, nothing else.",0.6556,<long> -> bench,0.5444,starlight -> real,0.5551,rainbow dash -> bench,60,62,0.0,0.311,0.187,60,90,51,0.0,0.187,9.0,rocinante,0.55,8,4.54,25.78,0.139,"rainbow 10%, sparkle 10%","<long> 31%, rainbow dash 13%",0.6075,0.287,0.924
r8_1659_gymnastics_event,"Name a gymnastics event. Reply with only the name, nothing else.",0.6556,<long> -> bench,0.5611,vault -> real,0.5312,uneven bars -> bench,60,62,0.0,0.311,0.187,60,90,14,0.0,0.187,8.4,vault,0.4,5,3.74,4.96,0.434,"floor exercise 42%, vault 30%","<long> 31%, floor exercise 31%",0.6014,0.269,0.829
r8_0969_camera_shot,"Name a camera shot. Reply with only the name, nothing else.",0.6556,<long> -> bench,0.5722,close-up -> real,0.5306,close-up -> bench,60,62,0.0,0.311,0.187,60,90,15,0.0,0.187,8.7,close-up,0.85,4,1.8,4.14,0.631,"close-up 60%, extreme close-up 13%","close-up 46%, <long> 31%",0.6253,0.302,1.052
r8s_0476_flower_part,"Suggest a type of flower part. Reply with only the name, nothing else.",0.6556,<long> -> bench,0.5722,petal -> real,0.5758,petal -> bench,60,62,0.0,0.311,0.187,60,90,7,0.0,0.173,8.4,petal,0.85,3,1.68,1.71,0.877,"petal 80%, petals 10%","petal 66%, <long> 31%",0.6222,0.148,0.95
r8_0320_classroom_item,"Name a classroom item. Reply with only the name, nothing else.",0.6556,<long> -> bench,0.5639,whiteboard -> real,0.5581,desk -> bench,60,62,0.0,0.311,0.187,60,90,19,0.0,0.187,8.1,whiteboard,0.75,5,2.45,5.29,0.459,"desk 40%, whiteboard 32%","desk 36%, <long> 31%",0.6278,0.241,0.954
r8s_0822_troll,"Suggest a type of troll. Reply with only the name, nothing else.",0.6556,<long> -> bench,0.5222,griefer -> bench,0.5357,griefer -> bench,56,56,0.067,0.378,0.253,60,90,95,0.0,0.227,10.7,hill troll,0.15,18,16.96,83.28,0.054,"<long> 7%, rock troll 3%","<long> 38%, water troll 4%",0.6186,0.487,0.709
r8s_0796_purse,"Suggest a type of purse. Reply with only the name, nothing else.",0.6556,<long> -> bench,0.5944,tote bag -> real,0.5468,tote bag -> real,60,62,0.0,0.311,0.187,60,90,15,0.0,0.187,8.8,tote bag,0.5,3,2.35,3.91,0.492,"clutch 47%, tote bag 40%","clutch 36%, <long> 31%",0.6322,0.165,0.817
r8s_0869_airport,"Suggest a type of airport. Reply with only the name, nothing else.",0.6556,<long> -> bench,0.5583,international airport -> real,0.5245,international airport -> bench,60,62,0.0,0.311,0.187,60,90,17,0.0,0.187,8.4,international airport,0.8,5,2.18,4.9,0.508,"international airport 48%, international 28%","international airport 37%, <long> 31%",0.62,0.131,1.009
r8s_0799_landscape_feature,"Suggest a type of landscape feature. Reply with only the name, nothing else.",0.6556,<long> -> bench,0.5333,waterfall -> real,0.5761,mountain -> bench,60,62,0.0,0.311,0.187,60,90,17,0.0,0.187,8.1,waterfall,0.45,6,4.22,6.34,0.361,"mountain 28%, waterfall 27%","<long> 31%, mountain 30%",0.6175,0.225,0.798
r8s_0762_emotional_state,"Suggest a type of emotional state. Reply with only the name, nothing else.",0.6556,<long> -> bench,0.5333,contentment -> real,0.5387,joy -> bench,60,62,0.0,0.311,0.187,60,90,28,0.0,0.187,8.8,serenity,0.45,5,3.99,14.25,0.197,"nostalgia 17%, joy 10%","<long> 31%, nostalgia 16%",0.5997,0.306,0.602
r8_1090_fitting,"Name a type of fitting. Reply with only the name, nothing else.",0.6556,<long> -> bench,0.5444,press fit -> real,0.5678,least squares -> bench,58,59,0.033,0.344,0.22,60,90,64,0.0,0.213,9.7,elbow,1.0,1,1.0,40.63,0.137,"elbow 13%, press fit 10%","<long> 34%, elbow 9%",0.6319,0.393,0.815
r8_1067_backpack,"Name a backpack. Reply with only the name, nothing else.",0.6556,<long> -> bench,0.5472,jansport -> real,0.5503,osprey -> bench,60,62,0.0,0.311,0.187,60,90,24,0.0,0.18,9.6,jansport superbreak,0.3,8,7.01,5.87,0.434,"osprey 38%, jansport 32%","osprey 33%, <long> 31%",0.6411,0.227,0.857
r8_1074_toxin,"Name a toxin. Reply with only the name, nothing else.",0.6556,<long> -> bench,0.5583,cyanide -> real,0.5503,arsenic -> real,60,62,0.0,0.311,0.187,60,90,17,0.0,0.18,9.1,botulinum toxin,0.4,5,3.85,7.23,0.295,"ricin 30%, cyanide 28%","<long> 31%, ricin 20%",0.6003,0.221,0.866
r8_1101_part_of_a_car,"Name a part of a car. Reply with only the name, nothing else.",0.6556,<long> -> bench,0.6139,engine -> real,0.5871,wheel -> bench,60,62,0.0,0.311,0.187,60,90,14,0.0,0.187,8.0,engine,0.65,5,3.07,5.53,0.426,"engine 48%, bumper 12%","<long> 31%, engine 26%",0.6144,0.242,0.905
r8_1116_food_type,"Name a food type. Reply with only the name, nothing else.",0.6556,<long> -> bench,0.6278,pizza -> real,0.5755,sushi -> real,60,62,0.0,0.311,0.187,60,90,12,0.0,0.187,7.8,pizza,0.55,5,3.12,3.03,0.713,"pizza 73%, sushi 18%","pizza 48%, <long> 31%",0.6356,0.197,1.253
r8_1455_art_technique,"Name an art technique. Reply with only the name, nothing else.",0.6556,<long> -> bench,0.5972,sfumato -> real,0.5546,sfumato -> real,60,62,0.0,0.311,0.187,60,90,14,0.0,0.187,9.0,sfumato,0.4,6,4.11,6.87,0.328,"sfumato 38%, impasto 30%","<long> 31%, sfumato 19%",0.6014,0.224,0.936
r8_1505_ceremony,"Name a ceremony. Reply with only the name, nothing else.",0.6556,<long> -> bench,0.5861,wedding -> real,0.5254,bar mitzvah -> bench,58,59,0.033,0.344,0.22,60,90,44,0.0,0.193,9.3,wedding,0.65,7,3.52,11.38,0.487,"wedding 48%, graduation 10%","<long> 34%, wedding 31%",0.61,0.331,0.954
r8_1479_road_type,"Name a road type. Reply with only the name, nothing else.",0.6556,<long> -> bench,0.6,highway -> real,0.5251,avenue -> bench,58,59,0.033,0.344,0.22,60,90,15,0.0,0.22,9.4,highway,0.6,2,1.96,3.65,0.658,"highway 63%, freeway 17%","highway 43%, <long> 34%",0.6275,0.161,0.885
r8_1453_prince,"Name a prince. Reply with only the name, nothing else.",0.6556,<long> -> bench,0.5722,arthur -> real,0.5672,arthur -> real,60,62,0.0,0.311,0.187,60,90,31,0.0,0.187,8.1,prince charles,0.35,7,5.01,14.86,0.189,"charles 22%, arthur 17%","<long> 31%, prince charles 14%",0.6019,0.219,0.961
r8_1461_chip_flavor,"Name a chip flavor. Reply with only the name, nothing else.",0.6556,<long> -> bench,0.5611,doritos -> real,0.559,lays -> bench,58,59,0.033,0.344,0.22,60,90,46,0.0,0.213,10.5,salt and vinegar,0.55,5,3.34,23.17,0.162,"doritos 20%, salt and vinegar 17%","<long> 34%, salt and vinegar 10%",0.6358,0.261,0.862
r8_1429_fitness_activity,"Name a fitness activity. Reply with only the name, nothing else.",0.6556,<long> -> bench,0.5861,yoga -> real,0.5715,running -> bench,60,62,0.0,0.311,0.187,60,90,9,0.0,0.187,8.1,running,0.9,3,1.48,2.96,0.639,"running 57%, yoga 28%","running 49%, <long> 31%",0.6117,0.183,0.853
r8_1428_transportation_mode,"Name a transportation mode. Reply with only the name, nothing else.",0.6556,<long> -> bench,0.6389,bicycle -> real,0.5887,bicycle -> real,60,62,0.0,0.311,0.187,60,90,10,0.0,0.187,8.1,train,0.25,5,4.79,5.29,0.41,"bicycle 50%, train 20%","<long> 31%, bicycle 22%",0.6042,0.219,0.93
r8s_1058_ninja,"Suggest a type of ninja. Reply with only the name, nothing else.",0.6556,<long> -> bench,0.5472,shadow ninja -> real,0.5352,shadow ninja -> real,58,59,0.033,0.344,0.22,60,90,49,0.0,0.213,9.9,kunoichi,0.55,5,3.12,21.63,0.274,"shinobi 27%, shadow ninja 15%","<long> 34%, shinobi 18%",0.6225,0.345,0.95
r8_1742_rock_texture,"Name a type of rock texture. Reply with only the name, nothing else.",0.6556,<long> -> bench,0.6528,granular -> real,0.5976,granular -> real,60,62,0.0,0.311,0.187,60,90,17,0.0,0.187,8.9,granular,0.45,6,4.22,6.19,0.451,"granular 55%, phaneritic 13%","<long> 31%, granular 24%",0.6242,0.136,0.849
r8s_0196_vehicle,"Suggest a type of vehicle. Reply with only the name, nothing else.",0.6556,<long> -> bench,0.55,tesla model 3 -> real,0.5597,sedan -> bench,60,62,0.0,0.311,0.187,60,90,31,0.0,0.187,8.8,sedan,0.55,6,3.85,11.32,0.361,"sedan 30%, bicycle 15%","<long> 31%, sedan 29%",0.6147,0.157,1.017
r8s_0119_juice,"Suggest a type of juice. Reply with only the name, nothing else.",0.6556,<long> -> bench,0.6528,orange juice -> real,0.5712,orange -> bench,60,62,0.0,0.311,0.187,60,90,17,0.0,0.187,8.4,orange juice,0.9,3,1.48,3.31,0.697,"orange juice 75%, orange 8%","orange juice 44%, <long> 31%",0.6206,0.171,1.416
r8s_0093_marsupial,"Suggest a type of marsupial. Reply with only the name, nothing else.",0.6556,kangaroo -> real,0.6556,kangaroo -> real,0.5619,koala -> bench,60,70,0.0,0.222,0.133,60,90,3,0.0,0.133,7.6,kangaroo,0.85,2,1.53,1.38,0.9,"kangaroo 97%, koala 3%","kangaroo 66%, <long> 22%",0.6458,0.142,1.015
r8_0544_sound_effect,"Name a sound effect. Reply with only the name, nothing else.",0.6556,<long> -> bench,0.6,boing -> real,0.5624,boing -> real,60,62,0.0,0.311,0.187,60,90,40,0.0,0.18,8.3,boing,0.85,4,1.8,17.38,0.303,"boing 37%, ding 7%","<long> 31%, boing 17%",0.6308,0.39,0.643
r8_0518_toiletry,"Name a toiletry. Reply with only the name, nothing else.",0.6556,<long> -> bench,0.6,shampoo -> real,0.5398,shampoo -> real,60,62,0.0,0.311,0.187,60,90,9,0.0,0.187,8.7,toothbrush,0.65,4,2.79,4.06,0.426,"shampoo 47%, toothbrush 28%","<long> 31%, shampoo 27%",0.6219,0.191,1.006
r8s_0210_cookware,"Suggest a type of cookware. Reply with only the name, nothing else.",0.6556,<long> -> bench,0.5861,dutch oven -> real,0.5793,cast iron skillet -> bench,60,62,0.0,0.311,0.187,60,90,18,0.0,0.187,9.6,cast iron skillet,0.6,5,3.24,3.89,0.664,"cast iron skillet 58%, dutch oven 22%","cast iron skillet 51%, <long> 31%",0.6342,0.16,1.019
r8_1713_bushing,"Name a type of bushing. Reply with only the name, nothing else.",0.6556,<long> -> bench,0.5944,sleeve bushing -> real,0.5425,flanged bushing -> real,60,62,0.0,0.311,0.187,60,90,47,0.0,0.187,10.7,sleeve bushing,0.75,5,2.45,12.65,0.475,"sleeve bushing 50%, flanged bushing 13%","<long> 31%, sleeve bushing 31%",0.64,0.282,0.73
r8_0859_narrative_technique,"Name a narrative technique. Reply with only the name, nothing else.",0.6556,<long> -> bench,0.5694,stream of consciousness -> real,0.5535,stream of consciousness -> bench,60,62,0.0,0.311,0.187,60,90,10,0.0,0.18,9.5,stream of consciousness,0.5,5,3.79,2.66,0.738,"stream of consciousness 68%, flashback 12%","stream of consciousness 54%, <long> 31%",0.6242,0.219,0.892
r8_0889_wind_pattern,"Name a wind pattern. Reply with only the name, nothing else.",0.6556,<long> -> bench,0.575,monsoon -> real,0.575,monsoon -> real,60,62,0.0,0.311,0.187,60,90,19,0.0,0.187,8.5,trade winds,1.0,1,1.0,4.62,0.574,"trade winds 50%, jet stream 22%","trade winds 44%, <long> 31%",0.6183,0.17,0.896
r8_1724_battle_formation,"Name a battle formation. Reply with only the name, nothing else.",0.6556,<long> -> bench,0.5889,phalanx -> real,0.5675,testudo -> real,60,62,0.0,0.311,0.187,60,90,12,0.0,0.187,9.2,phalanx,0.9,2,1.38,2.16,0.811,"phalanx 77%, testudo 18%","phalanx 59%, <long> 31%",0.6472,0.262,0.979
r8_1699_van_gogh_painting,"Name a type of van gogh painting. Reply with only the name, nothing else.",0.6556,starry night -> real,0.6556,starry night -> real,0.5376,starry night -> real,60,62,0.0,0.311,0.187,60,90,9,0.0,0.187,9.2,sunflowers,0.45,5,3.24,2.11,0.795,"starry night 83%, sunflowers 13%","starry night 52%, <long> 31%",0.615,0.164,0.904
r8_0210_cookware,"Name a type of cookware. Reply with only the name, nothing else.",0.6556,<long> -> bench,0.5528,saucepan -> real,0.5581,wok -> bench,60,62,0.0,0.311,0.187,60,90,18,0.0,0.18,8.6,wok,0.3,7,5.62,6.85,0.459,"wok 40%, cast iron skillet 15%","wok 36%, <long> 31%",0.5953,0.252,0.897
r8s_0951_stage_equipment,"Suggest a type of stage equipment. Reply with only the name, nothing else.",0.6556,<long> -> bench,0.525,gobo projector -> real,0.525,gobo projector -> real,60,62,0.0,0.311,0.187,60,90,58,0.0,0.18,9.2,truss system,0.25,11,8.6,32.36,0.148,"truss system 13%, truss 10%","<long> 31%, truss system 11%",0.61,0.4,0.626
r8s_1001_spider,"Suggest a type of spider. Reply with only the name, nothing else.",0.6556,<long> -> bench,0.5833,black widow -> real,0.5497,jumping spider -> bench,58,59,0.033,0.344,0.22,60,90,14,0.0,0.213,9.8,black widow,0.4,8,5.84,5.4,0.47,"black widow 47%, jumping spider 13%","<long> 34%, black widow 30%",0.6294,0.208,0.823
r8s_0903_grocery_store,"Suggest a type of grocery store. Reply with only the name, nothing else.",0.6556,<long> -> bench,0.5889,whole foods market -> real,0.5793,supermarket -> bench,60,62,0.0,0.311,0.187,60,90,25,0.0,0.187,9.1,whole foods market,0.65,6,3.2,7.13,0.484,"whole foods market 50%, trader joes 13%","whole foods market 32%, <long> 31%",0.6456,0.277,0.829
r8_0208_game,"Name a game. Reply with only the name, nothing else.",0.6556,<long> -> bench,0.5611,minecraft -> real,0.5495,chess -> bench,60,62,0.0,0.311,0.187,60,90,12,0.0,0.18,8.1,minecraft,0.7,4,2.39,3.33,0.484,"chess 43%, minecraft 40%","chess 37%, <long> 31%",0.6103,0.131,0.897
r8_0193_craft,"Name a craft. Reply with only the name, nothing else.",0.6556,<long> -> bench,0.6278,pottery -> real,0.5425,pottery -> real,60,62,0.0,0.311,0.187,60,90,19,0.0,0.187,8.5,knitting,0.6,2,1.96,4.67,0.59,"pottery 63%, knitting 17%","pottery 38%, <long> 31%",0.6553,0.213,0.874
r8_0235_crop,"Name a crop. Reply with only the name, nothing else.",0.6556,<long> -> bench,0.6444,wheat -> real,0.514,wheat -> real,60,62,0.0,0.311,0.187,60,90,7,0.0,0.173,8.2,wheat,0.85,2,1.53,1.79,0.852,"wheat 87%, corn 8%","wheat 58%, <long> 31%",0.6381,0.203,0.975
r8s_1154_celebration_item,"Suggest a type of celebration item. Reply with only the name, nothing else.",0.6556,<long> -> bench,0.55,confetti cannon -> real,0.5532,balloon -> bench,60,62,0.0,0.311,0.187,60,90,30,0.0,0.187,8.8,balloon,0.35,11,8.22,15.14,0.254,"balloon 20%, confetti cannon 17%","<long> 31%, balloon 21%",0.6333,0.33,0.723
r8s_1102_monarch,"Suggest a type of monarch. Reply with only the name, nothing else.",0.6556,<long> -> bench,0.5528,constitutional monarch -> real,0.5352,constitutional monarch -> real,60,62,0.0,0.311,0.187,60,90,45,0.0,0.187,8.9,emperor,0.5,7,4.67,22.75,0.148,"constitutional monarch 18%, queen 13%","<long> 31%, queen 9%",0.6283,0.282,0.544
r8s_1113_ball,"Suggest a type of ball. Reply with only the name, nothing else.",0.6556,<long> -> bench,0.5944,soccer ball -> real,0.6185,tennis ball -> bench,60,62,0.0,0.311,0.187,60,90,16,0.0,0.187,9.1,basketball,0.45,4,3.44,6.02,0.27,"soccer ball 33%, basketball 30%","<long> 31%, tennis ball 27%",0.6358,0.1,0.848
r8s_1024_vaccine,"Suggest a type of vaccine. Reply with only the name, nothing else.",0.6556,<long> -> bench,0.5694,mmr -> real,0.625,mrna vaccine -> bench,56,56,0.067,0.378,0.253,60,90,18,0.0,0.227,10.5,mrna vaccine,0.7,3,2.11,5.09,0.554,"mrna vaccine 40%, mrna 17%","mrna vaccine 42%, <long> 38%",0.6267,0.213,0.694
r8_1156_planet_s_moon,"Name a planet's moon. Reply with only the name, nothing else.",0.6556,<long> -> bench,0.6028,titan -> real,0.5277,titan -> bench,60,62,0.0,0.311,0.187,60,90,11,0.0,0.187,7.8,titan,0.75,4,2.28,2.31,0.811,"titan 78%, europa 8%","titan 58%, <long> 31%",0.6103,0.139,0.904
r8_1402_ceramic_product,"Name a ceramic product. Reply with only the name, nothing else.",0.6556,<long> -> bench,0.5639,porcelain -> bench,0.6266,porcelain -> bench,60,62,0.0,0.311,0.187,60,90,20,0.0,0.187,8.4,teapot,0.2,11,9.49,8.83,0.279,"pottery 20%, porcelain 15%","<long> 31%, porcelain 28%",0.6183,0.131,0.995
r8_1375_oven_type,"Name an oven type. Reply with only the name, nothing else.",0.6556,<long> -> bench,0.6111,convection -> real,0.571,convection -> real,60,62,0.0,0.311,0.187,60,90,7,0.0,0.18,8.8,convection oven,0.85,3,1.68,2.83,0.549,"convection oven 52%, convection 40%","convection oven 40%, <long> 31%",0.6925,0.146,1.145
r8s_1322_part_of_a_song,"Suggest a type of part of a song. Reply with only the name, nothing else.",0.6556,<long> -> bench,0.6083,chorus -> real,0.5274,verse -> bench,60,62,0.0,0.311,0.187,60,90,8,0.0,0.187,8.1,chorus,0.85,3,1.68,2.62,0.598,"chorus 62%, verse 30%","chorus 40%, <long> 31%",0.6158,0.122,0.858
r8_0051_vitamin,"Name a vitamin. Reply with only the name, nothing else.",0.6556,vitamin c -> real,0.6556,vitamin c -> real,0.5231,vitamin c -> real,60,65,0.0,0.278,0.167,60,90,5,0.0,0.167,8.7,vitamin c,1.0,1,1.0,1.15,0.976,vitamin c 100%,"vitamin c 69%, <long> 28%",0.6222,0.083,1.084
r8_0036_alcoholic_drink,"Name an alcoholic drink. Reply with only the name, nothing else.",0.6556,<long> -> bench,0.6056,whiskey -> real,0.5255,martini -> real,60,62,0.0,0.311,0.187,60,90,19,0.0,0.173,8.3,whiskey,0.8,4,2.03,5.44,0.582,"whiskey 60%, vodka 12%","whiskey 39%, <long> 31%",0.6133,0.281,1.267
r8_0540_pocket,"Name a pocket. Reply with only the name, nothing else.",0.6556,<long> -> bench,0.5361,pocket -> real,0.5508,jeans pocket -> bench,58,59,0.033,0.344,0.22,60,90,74,0.0,0.213,9.9,back pocket,0.2,13,10.72,41.31,0.222,"pocket 22%, back pocket 8%","<long> 34%, pocket 14%",0.6336,0.488,0.733
r8_1969_cake_type,"Name a cake type. Reply with only the name, nothing else.",0.6556,<long> -> bench,0.6222,carrot cake -> real,0.6172,carrot cake -> real,60,62,0.0,0.311,0.187,60,90,26,0.0,0.18,8.7,carrot cake,0.35,9,6.32,11.73,0.27,"carrot cake 27%, red velvet 18%","<long> 31%, chocolate 26%",0.6317,0.227,1.126
r8_1876_flute,"Name a flute. Reply with only the name, nothing else.",0.6556,<long> -> bench,0.5556,pan flute -> real,0.5317,bamboo flute -> bench,60,62,0.0,0.311,0.187,60,90,50,0.0,0.187,9.7,bansuri,0.2,13,11.19,24.88,0.205,"pan flute 23%, yamaha yfl-222 12%","<long> 31%, pan flute 12%",0.6053,0.237,1.007
r8_0616_career,"Name a career. Reply with only the name, nothing else.",0.6556,<long> -> bench,0.5389,doctor -> real,0.6065,software engineer -> bench,60,62,0.0,0.311,0.187,60,90,22,0.0,0.187,8.3,teacher,0.25,5,4.53,6.44,0.508,"software engineer 40%, teacher 15%","software engineer 42%, <long> 31%",0.6144,0.309,0.764
r8_0591_tissue,"Name a tissue. Reply with only the name, nothing else.",0.6556,<long> -> bench,0.6278,epithelial tissue -> real,0.5876,epithelial tissue -> real,60,62,0.0,0.311,0.187,60,90,17,0.0,0.187,9.2,epithelial tissue,0.8,4,2.03,7.7,0.344,"epithelial tissue 43%, muscle 18%","<long> 31%, epithelial tissue 18%",0.6353,0.131,0.776
r8_0599_inventor,"Name an inventor. Reply with only the name, nothing else.",0.6556,<long> -> bench,0.6528,thomas edison -> real,0.5298,thomas edison -> real,60,62,0.0,0.311,0.187,60,90,7,0.0,0.18,8.6,thomas edison,0.9,3,1.48,1.97,0.82,"thomas edison 85%, nikola tesla 10%","thomas edison 54%, <long> 31%",0.6139,0.215,0.972
r8s_0045_playground_equipment,"Suggest a type of playground equipment. Reply with only the name, nothing else.",0.6556,<long> -> bench,0.5972,swing set -> real,0.5772,swing set -> real,60,62,0.0,0.311,0.187,60,90,12,0.0,0.187,8.6,swing,0.5,4,2.99,4.71,0.467,"swing 45%, swing set 28%","swing 33%, <long> 31%",0.6544,0.258,1.02
r8s_0054_mythological_creature,"Suggest a type of mythological creature. Reply with only the name, nothing else.",0.6556,<long> -> bench,0.55,phoenix -> real,0.5581,griffin -> bench,60,62,0.0,0.311,0.187,60,90,19,0.0,0.187,8.3,griffin,0.5,6,4.17,5.61,0.459,"griffin 40%, phoenix 27%","griffin 36%, <long> 31%",0.6172,0.242,1.02
r8s_0053_nocturnal_animal,"Suggest a type of nocturnal animal. Reply with only the name, nothing else.",0.6556,owl -> real,0.6556,owl -> real,0.5619,owl -> real,60,70,0.0,0.222,0.133,60,90,5,0.0,0.133,6.9,owl,0.85,3,1.68,1.51,0.9,"owl 97%, bat 2%","owl 66%, <long> 22%",0.6369,0.11,0.968
r8_1807_settlement,"Name a type of settlement. Reply with only the name, nothing else.",0.6556,<long> -> bench,0.5861,village -> real,0.5196,city -> real,60,62,0.0,0.311,0.187,60,90,14,0.0,0.187,8.3,village,0.7,3,2.11,3.9,0.59,"village 58%, city 22%","village 41%, <long> 31%",0.5869,0.399,0.749
r8_1753_bottled_water_brand,"Name a bottled water brand. Reply with only the name, nothing else.",0.6556,<long> -> bench,0.5778,aquafina -> real,0.5285,dasani -> real,60,62,0.0,0.311,0.187,60,90,15,0.0,0.18,8.8,dasani,0.6,3,2.59,4.61,0.377,"aquafina 40%, evian 28%","<long> 31%, aquafina 24%",0.6167,0.091,0.959
r8_1805_soup_base,"Name a soup base. Reply with only the name, nothing else.",0.6556,<long> -> bench,0.5722,chicken broth -> real,0.5551,chicken -> bench,60,62,0.0,0.311,0.187,60,90,17,0.0,0.187,8.6,chicken broth,0.75,3,2.08,7.74,0.385,"chicken broth 40%, tomato 15%","<long> 31%, chicken broth 26%",0.6164,0.245,1.1
r8_1809_planet_feature,"Name a type of planet feature. Reply with only the name, nothing else.",0.6556,<long> -> bench,0.5639,crater -> real,0.5417,canyon -> real,60,62,0.0,0.311,0.187,60,90,20,0.0,0.187,8.4,crater,0.7,5,2.74,5.96,0.5,"crater 48%, volcano 18%","crater 36%, <long> 31%",0.6186,0.283,0.995
r8_0873_wind_type,"Name a wind type. Reply with only the name, nothing else.",0.6556,<long> -> bench,0.5583,trade winds -> real,0.5798,bora -> bench,60,62,0.0,0.311,0.187,60,90,31,0.0,0.18,8.6,bora,0.2,12,10.17,15.24,0.164,"trade wind 18%, breeze 15%","<long> 31%, bora 14%",0.6158,0.221,1.009
r8_0887_food_chain_level,"Name a food chain level. Reply with only the name, nothing else.",0.6556,<long> -> bench,0.5583,producer -> real,0.547,producer -> bench,60,62,0.0,0.311,0.187,60,90,13,0.0,0.173,7.8,producer,0.9,3,1.48,3.9,0.631,"producer 58%, producers 13%","producer 47%, <long> 31%",0.6181,0.328,0.995
r8_1763_pollen,"Name a pollen. Reply with only the name, nothing else.",0.6556,<long> -> bench,0.5694,oak -> real,0.5315,ragweed -> bench,60,62,0.0,0.311,0.187,60,90,30,0.0,0.18,8.4,oak,0.15,14,12.2,13.88,0.287,"oak 32%, oak pollen 8%","<long> 31%, oak 18%",0.5942,0.255,0.64
r8_1777_occupation_in_media,"Name an occupation in media. Reply with only the name, nothing else.",0.6556,<long> -> bench,0.5944,journalist -> real,0.5309,actor -> bench,60,62,0.0,0.311,0.187,60,90,19,0.0,0.18,8.2,journalist,0.95,2,1.22,3.94,0.68,"journalist 67%, actor 8%","journalist 48%, <long> 31%",0.6364,0.209,0.895
r8_1854_palindrome,"Name a palindrome. Reply with only the name, nothing else.",0.6556,<long> -> bench,0.5694,racecar -> real,0.5293,racecar -> real,60,62,0.0,0.311,0.187,60,90,11,0.0,0.187,8.0,racecar,0.25,10,8.37,4.09,0.475,"level 47%, racecar 32%","level 33%, <long> 31%",0.6161,0.267,0.962
r8_0671_fictional_city,"Name a fictional city. Reply with only the name, nothing else.",0.6556,<long> -> bench,0.5778,oakhaven -> real,0.603,gotham -> bench,60,62,0.0,0.311,0.187,60,90,50,0.0,0.187,9.1,gotham city,0.6,7,3.92,25.73,0.221,"oakhaven 17%, gotham 12%","<long> 31%, gotham 22%",0.595,0.357,1.133
r8_0666_lantern,"Name a lantern. Reply with only the name, nothing else.",0.6556,<long> -> bench,0.5167,sky lantern -> real,0.5301,jack-o-lantern -> bench,60,62,0.0,0.311,0.187,60,90,78,0.0,0.173,9.2,jack-o-lantern,0.45,10,6.48,48.73,0.164,"jack-o-lantern 13%, lantern 7%","<long> 31%, jack-o-lantern 13%",0.6381,0.491,0.985
r8_0680_bookmark,"Name a bookmark. Reply with only the name, nothing else.",0.6556,<long> -> bench,0.5333,ribbon -> bench,0.5625,ribbon -> bench,56,56,0.067,0.378,0.253,60,90,92,0.0,0.227,11.3,ribbon,0.1,19,18.66,73.32,0.098,"bookmark 8%, <long> 7%","<long> 38%, ribbon 10%",0.6606,0.526,0.32
r8_0675_cheese_aging,"Name a type of cheese aging. Reply with only the name, nothing else.",0.6556,<long> -> bench,0.5583,affinage -> real,0.5417,affineur -> real,60,62,0.0,0.311,0.187,60,90,44,0.0,0.18,8.9,affinage,0.2,15,13.2,25.58,0.18,"affinage 22%, cave aging 8%","<long> 31%, affinage 10%",0.6722,0.254,0.911
r8_0667_stone_product,"Name a stone product. Reply with only the name, nothing else.",0.6556,granite -> real,0.6556,granite -> real,0.5901,granite -> real,60,64,0.0,0.289,0.173,60,90,15,0.0,0.173,8.1,granite,0.7,3,2.11,4.08,0.54,"granite 63%, marble 23%","granite 32%, <long> 29%",0.6661,0.113,0.88
r8_1965_broadway_musical,"Name a broadway musical. Reply with only the name, nothing else.",0.6556,hamilton -> real,0.6556,hamilton -> real,0.5487,hamilton -> real,60,65,0.0,0.278,0.167,60,90,9,0.0,0.167,7.3,hamilton,0.75,3,2.08,2.09,0.816,"hamilton 87%, lion king 8%","hamilton 56%, <long> 28%",0.6544,0.207,1.028
r8_1948_nymph,"Name a nymph. Reply with only the name, nothing else.",0.6556,<long> -> bench,0.5528,daphne -> real,0.5968,echo -> bench,60,62,0.0,0.311,0.187,60,90,17,0.0,0.18,8.0,echo,0.65,6,3.29,4.63,0.598,"echo 50%, daphne 18%","echo 48%, <long> 31%",0.5928,0.179,1.135
r8_1817_department_store,"Name a department store. Reply with only the name, nothing else.",0.6556,<long> -> bench,0.6139,macys -> real,0.5417,macys -> bench,60,62,0.0,0.311,0.187,60,90,7,0.0,0.187,9.2,macys,1.0,1,1.0,1.27,0.959,"macys 92%, gaven 2%","macys 69%, <long> 31%",0.625,0.068,0.892
r8_0829_pasta_dish,"Name a pasta dish. Reply with only the name, nothing else.",0.6556,<long> -> bench,0.6139,spaghetti carbonara -> real,0.5336,spaghetti carbonara -> real,60,62,0.0,0.311,0.187,60,90,14,0.0,0.187,9.9,spaghetti carbonara,0.85,4,1.8,4.06,0.549,"spaghetti carbonara 58%, carbonara 27%","spaghetti carbonara 36%, <long> 31%",0.6169,0.211,0.98
r8_1776_palace,"Name a palace. Reply with only the name, nothing else.",0.6556,<long> -> bench,0.6333,versailles -> real,0.6108,versailles -> real,60,62,0.0,0.311,0.187,60,90,21,0.0,0.187,9.5,palace of versailles,0.4,3,2.95,8.16,0.303,"versailles 37%, palace of versailles 30%","<long> 31%, palace of versailles 21%",0.6086,0.154,0.922
r8_1790_engine_sound,"Name an engine sound. Reply with only the name, nothing else.",0.6556,<long> -> bench,0.5889,v8 -> real,0.6339,vroom -> bench,60,62,0.0,0.311,0.187,60,90,26,0.0,0.187,8.6,vroom,0.4,6,4.31,8.18,0.336,"v8 37%, vroom 20%","vroom 32%, <long> 31%",0.6678,0.193,1.041
r8s_0024_school_subject,"Suggest a type of school subject. Reply with only the name, nothing else.",0.6556,<long> -> bench,0.5806,mathematics -> real,0.5427,physics -> real,60,62,0.0,0.311,0.187,60,90,14,0.0,0.187,8.3,physics,0.35,5,4.22,4.13,0.598,"mathematics 58%, physics 15%","mathematics 42%, <long> 31%",0.6239,0.1,0.739
r8_0684_calendar_month,"Name a calendar month. Reply with only the name, nothing else.",0.6556,<long> -> bench,0.6056,january -> real,0.5341,october -> real,60,62,0.0,0.311,0.187,60,90,13,0.0,0.18,7.7,january,0.7,4,2.49,3.46,0.705,"january 70%, october 12%","january 49%, <long> 31%",0.6236,0.203,0.967
r8s_1197_silk_item,"Suggest a type of silk item. Reply with only the name, nothing else.",0.6556,<long> -> bench,0.6333,silk scarf -> real,0.5398,silk tie -> bench,60,62,0.0,0.311,0.187,60,90,12,0.0,0.18,9.8,silk scarf,0.85,4,1.8,2.53,0.787,"silk scarf 80%, silk kimono 5%","silk scarf 53%, <long> 31%",0.6664,0.163,0.987
r8s_1219_hospital_department,"Suggest a type of hospital department. Reply with only the name, nothing else.",0.6556,<long> -> bench,0.5806,cardiology -> real,0.568,cardiology -> real,60,62,0.0,0.311,0.187,60,90,12,0.0,0.18,8.5,emergency department,0.75,4,2.23,5.8,0.361,"emergency department 35%, cardiology 22%","<long> 31%, emergency department 26%",0.6153,0.147,0.874
r8s_1117_antelope,"Suggest a type of antelope. Reply with only the name, nothing else.",0.6556,<long> -> bench,0.5889,impala -> real,0.5804,gazelle -> bench,60,62,0.0,0.311,0.187,60,90,11,0.0,0.18,8.9,gazelle,0.55,4,2.92,3.53,0.598,"gazelle 52%, impala 27%","gazelle 47%, <long> 31%",0.6042,0.192,0.858
r8s_1163_superpower,"Suggest a type of superpower. Reply with only the name, nothing else.",0.6556,<long> -> bench,0.5972,chronokinesis -> real,0.5922,chronokinesis -> real,60,62,0.0,0.311,0.187,60,90,16,0.0,0.18,9.1,chronokinesis,0.45,10,6.31,8.05,0.213,"chronokinesis 22%, telekinesis 17%","<long> 31%, time manipulation 19%",0.6181,0.139,0.735
r8_0014_piece_of_furniture,"Name a type of piece of furniture. Reply with only the name, nothing else.",0.6556,<long> -> bench,0.6139,sofa -> real,0.5562,sofa -> real,60,62,0.0,0.311,0.187,60,90,9,0.0,0.173,8.2,sofa,0.9,2,1.38,3.67,0.426,"sofa 48%, chair 33%","<long> 31%, chair 30%",0.6208,0.201,0.976
r8s_1424_shade_of_red,"Suggest a type of shade of red. Reply with only the name, nothing else.",0.6556,crimson -> real,0.6556,crimson -> real,0.5424,crimson -> real,60,66,0.0,0.267,0.16,60,90,9,0.0,0.16,8.4,crimson,0.9,3,1.48,1.7,0.889,"crimson 93%, scarlet 3%","crimson 62%, <long> 27%",0.6306,0.144,1.092
r8s_1447_family_relationship,"Suggest a type of family relationship. Reply with only the name, nothing else.",0.6556,<long> -> bench,0.5861,siblings -> real,0.5161,sister -> bench,60,62,0.0,0.311,0.187,60,90,14,0.0,0.187,8.2,siblings,0.75,4,2.28,3.75,0.549,"siblings 55%, sibling 30%","siblings 38%, <long> 31%",0.6322,0.201,0.803
r8s_1384_vegetable_seed,"Suggest a type of vegetable seed. Reply with only the name, nothing else.",0.6556,<long> -> bench,0.5972,tomato -> real,0.5433,tomato -> bench,60,62,0.0,0.311,0.187,60,90,10,0.0,0.187,8.4,tomato,0.75,5,2.45,1.97,0.861,"tomato 82%, basil 5%","tomato 62%, <long> 31%",0.6142,0.151,0.939
r8s_1282_bread_shape,"Suggest a type of bread shape. Reply with only the name, nothing else.",0.6556,<long> -> bench,0.6389,baguette -> real,0.5167,round -> real,60,62,0.0,0.311,0.187,60,90,11,0.0,0.18,9.1,baguette,0.75,3,1.99,2.31,0.82,"baguette 83%, round 3%","baguette 56%, <long> 31%",0.6419,0.214,0.991
r8_1155_dessert_topping,"Name a type of dessert topping. Reply with only the name, nothing else.",0.6556,<long> -> bench,0.625,whipped cream -> real,0.5323,ice cream -> bench,60,62,0.0,0.311,0.187,60,90,12,0.0,0.187,9.2,whipped cream,0.95,2,1.22,2.61,0.779,"whipped cream 78%, sprinkles 10%","whipped cream 53%, <long> 31%",0.6347,0.159,1.257
r8_1188_pet_bird,"Name a pet bird. Reply with only the name, nothing else.",0.6556,<long> -> bench,0.5806,pip -> real,0.6188,parrot -> bench,60,62,0.0,0.311,0.187,60,90,27,0.0,0.18,8.5,parrot,0.45,8,4.98,10.18,0.254,"tweety 22%, pip 18%","<long> 31%, parrot 26%",0.645,0.178,0.958
r8_1264_art_genre,"Name an art genre. Reply with only the name, nothing else.",0.6556,<long> -> bench,0.6333,impressionism -> real,0.5239,abstract expressionism -> bench,60,62,0.0,0.311,0.187,60,90,15,0.0,0.187,9.2,impressionism,0.9,3,1.48,2.65,0.787,"impressionism 80%, surrealism 8%","impressionism 53%, <long> 31%",0.6375,0.173,1.105
r8_1316_wind_term,"Name a wind term. Reply with only the name, nothing else.",0.6556,<long> -> bench,0.55,gale -> real,0.5715,breeze -> bench,60,62,0.0,0.311,0.187,60,90,18,0.0,0.187,8.6,zephyr,0.35,5,4.41,7.48,0.295,"gale 30%, zephyr 22%","<long> 31%, gale 20%",0.6225,0.134,0.925
r8_1290_pasta_type,"Name a pasta type. Reply with only the name, nothing else.",0.6556,<long> -> bench,0.625,penne -> real,0.5798,penne -> real,60,62,0.0,0.311,0.187,60,90,12,0.0,0.187,8.8,spaghetti,0.8,3,1.85,3.94,0.418,"penne 45%, spaghetti 35%","spaghetti 33%, <long> 31%",0.6175,0.12,1.059
r8s_1784_endocrine_gland,"Suggest a type of endocrine gland. Reply with only the name, nothing else.",0.6556,<long> -> bench,0.5861,pituitary gland -> real,0.5277,thyroid gland -> real,60,62,0.0,0.311,0.187,60,90,9,0.0,0.187,10.4,pituitary gland,0.6,4,2.63,3.46,0.59,"pituitary gland 58%, thyroid gland 22%","pituitary gland 41%, <long> 31%",0.6192,0.062,0.959
r8s_1702_part_of_a_book,"Suggest a type of part of a book. Reply with only the name, nothing else.",0.6556,<long> -> bench,0.6361,chapter -> real,0.5086,epilogue -> real,60,62,0.0,0.311,0.187,60,90,7,0.0,0.187,7.8,chapter,0.9,3,1.48,1.64,0.885,"chapter 88%, prologue 7%","chapter 61%, <long> 31%",0.6378,0.097,0.927
r8_0113_seed,"Name a seed. Reply with only the name, nothing else.",0.6556,<long> -> bench,0.575,sunflower -> real,0.5677,42 -> bench,58,59,0.033,0.344,0.22,60,90,53,0.0,0.213,9.6,sunflower,0.4,9,5.82,23.79,0.291,"sunflower 32%, oak 10%","<long> 34%, sunflower 17%",0.6158,0.453,1.101
r8_0100_brass_instrument,"Name a type of brass instrument. Reply with only the name, nothing else.",0.6556,<long> -> bench,0.6361,trumpet -> real,0.525,trombone -> real,60,62,0.0,0.311,0.187,60,90,4,0.0,0.187,8.4,trumpet,1.0,1,1.0,1.18,0.967,"trumpet 95%, trombone 5%","trumpet 68%, <long> 31%",0.6142,0.073,0.97
r8_0111_writing_instrument,"Name a type of writing instrument. Reply with only the name, nothing else.",0.6556,<long> -> bench,0.6056,pencil -> real,0.5581,pen -> bench,60,62,0.0,0.311,0.187,60,90,7,0.0,0.187,8.1,pencil,0.55,2,1.99,2.43,0.5,"pencil 53%, pen 40%","pen 36%, pencil 32%",0.6178,0.057,0.994
r8_0072_unit_of_volume,"Name an unit of volume. Reply with only the name, nothing else.",0.6556,<long> -> bench,0.6278,liter -> real,0.5102,liter -> bench,60,62,0.0,0.311,0.187,60,90,7,0.0,0.187,7.7,liter,0.95,2,1.22,1.68,0.877,"liter 87%, gallon 8%","liter 61%, <long> 31%",0.6533,0.309,0.827
r8s_1959_connector,"Suggest a type of connector. Reply with only the name, nothing else.",0.6556,<long> -> bench,0.5333,rj45 -> real,0.5446,usb-c -> bench,56,56,0.067,0.378,0.253,60,90,64,0.0,0.247,10.4,usb-c,0.4,5,4.19,31.77,0.196,"hdmi 17%, usb-c 10%","<long> 38%, hdmi 13%",0.6161,0.411,0.268
r8_0098_sausage,"Name a type of sausage. Reply with only the name, nothing else.",0.6556,<long> -> bench,0.6083,bratwurst -> real,0.5406,bratwurst -> real,60,62,0.0,0.311,0.187,60,90,22,0.0,0.187,9.8,bratwurst,0.6,8,4.2,8.02,0.475,"bratwurst 52%, kielbasa 10%","<long> 31%, bratwurst 30%",0.6269,0.383,1.037
r8_0119_juice,"Name a juice. Reply with only the name, nothing else.",0.6556,<long> -> bench,0.6111,orange juice -> real,0.5148,apple juice -> bench,60,62,0.0,0.311,0.187,60,90,10,0.0,0.187,8.4,orange juice,0.85,2,1.53,2.4,0.779,"orange juice 77%, apple juice 8%","orange juice 54%, <long> 31%",0.6467,0.081,0.934
r8_0068_rodent,"Name a rodent. Reply with only the name, nothing else.",0.6556,<long> -> bench,0.6056,squirrel -> real,0.5328,squirrel -> real,60,62,0.0,0.311,0.187,60,90,11,0.0,0.187,8.5,squirrel,0.85,3,1.68,3.89,0.5,"squirrel 53%, rat 22%","squirrel 32%, <long> 31%",0.6342,0.121,0.931
r8_0820_hitchcock_film,"Name a hitchcock film. Reply with only the name, nothing else.",0.6528,psycho -> real,0.6528,psycho -> real,0.5361,psycho -> real,60,63,0.0,0.3,0.18,60,90,7,0.0,0.18,8.3,psycho,0.9,3,1.48,2.0,0.813,"psycho 85%, rear window 7%","psycho 54%, <long> 30%",0.6408,0.205,1.058
r8s_0754_nut_edible,"Suggest a type of nut edible. Reply with only the name, nothing else.",0.6528,almond -> real,0.6528,almond -> real,0.5701,almond -> real,60,68,0.0,0.244,0.147,60,90,6,0.0,0.147,7.4,almond,0.8,4,2.03,2.16,0.742,"almond 82%, peanut 13%","almond 51%, <long> 24%",0.6658,0.123,0.82
r8_0089_muscle,"Name a muscle. Reply with only the name, nothing else.",0.6528,biceps -> real,0.6528,biceps -> real,0.5536,biceps -> real,60,67,0.0,0.256,0.153,60,90,6,0.0,0.153,7.7,biceps,0.85,4,1.8,1.83,0.827,"biceps 88%, bicep 8%","biceps 58%, <long> 26%",0.6233,0.074,0.983
r8s_1488_injury,"Suggest a type of injury. Reply with only the name, nothing else.",0.6528,<long> -> bench,0.625,sprained ankle -> real,0.5736,sprained ankle -> real,59,61,0.017,0.322,0.2,60,90,15,0.0,0.193,9.4,sprained ankle,0.55,7,4.23,5.36,0.417,"sprained ankle 48%, sprain 15%","<long> 32%, sprained ankle 23%",0.6383,0.22,0.845
r8s_0724_ham,"Suggest a type of ham. Reply with only the name, nothing else.",0.6528,<long> -> bench,0.6083,prosciutto -> real,0.5181,prosciutto di parma -> real,59,61,0.017,0.322,0.2,60,90,21,0.0,0.193,9.6,prosciutto di parma,0.45,11,6.94,4.02,0.692,"prosciutto 68%, prosciutto di parma 10%","prosciutto 47%, <long> 32%",0.6469,0.197,0.974
r8s_1623_rubber_product,"Suggest a type of rubber product. Reply with only the name, nothing else.",0.6528,<long> -> bench,0.6028,rubber eraser -> real,0.602,rubber eraser -> real,59,61,0.017,0.322,0.2,60,90,28,0.0,0.193,9.4,rubber eraser,0.3,7,5.52,8.99,0.3,"rubber band 23%, rubber eraser 22%","<long> 32%, eraser 26%",0.6197,0.232,0.987
r8_0618_graph,"Name a graph. Reply with only the name, nothing else.",0.6528,<long> -> bench,0.5583,bar chart -> real,0.5364,bar chart -> real,57,58,0.05,0.356,0.233,60,90,65,0.0,0.213,10.3,bar graph,0.65,6,3.2,30.8,0.191,"bar chart 22%, bar graph 17%","<long> 36%, bar graph 13%",0.6347,0.336,0.569
r8_1430_physical_sensation,"Name a physical sensation. Reply with only the name, nothing else.",0.6528,<long> -> bench,0.5417,heat -> real,0.5347,itching -> real,59,61,0.017,0.322,0.2,60,90,33,0.0,0.187,8.8,tingling,0.25,9,7.48,16.8,0.25,"warmth 22%, heat 12%","<long> 32%, warmth 19%",0.6042,0.363,0.959
r8s_1890_saddle,"Suggest a type of saddle. Reply with only the name, nothing else.",0.6528,<long> -> bench,0.5722,western saddle -> real,0.5295,western -> bench,59,61,0.017,0.322,0.2,60,90,14,0.0,0.2,8.9,western saddle,0.85,3,1.68,4.9,0.392,"western saddle 40%, english saddle 23%","<long> 32%, western saddle 26%",0.6231,0.111,0.99
r8_1323_wrench,"Name a wrench. Reply with only the name, nothing else.",0.6528,<long> -> bench,0.5417,adjustable wrench -> real,0.5357,spanner -> bench,59,61,0.017,0.322,0.2,60,90,26,0.0,0.2,9.3,adjustable wrench,0.5,7,4.47,8.23,0.358,"spanner 32%, adjustable wrench 28%","<long> 32%, spanner 27%",0.6228,0.337,0.867
r8s_0906_salamander,"Suggest a type of salamander. Reply with only the name, nothing else.",0.6528,<long> -> bench,0.6444,axolotl -> real,0.5085,japanese fire salamander -> real,59,61,0.017,0.322,0.2,60,90,9,0.0,0.2,10.4,axolotl,1.0,1,1.0,1.6,0.908,"axolotl 90%, fire salamander 3%","axolotl 61%, <long> 32%",0.6511,0.129,0.989
r8_1586_dryad,"Name a dryad. Reply with only the name, nothing else.",0.6528,<long> -> bench,0.575,daphne -> bench,0.6756,daphne -> bench,59,61,0.017,0.322,0.2,60,90,46,0.0,0.193,9.2,daphne,0.45,7,4.35,12.57,0.467,"daphne 28%, dryope 17%","daphne 43%, <long> 32%",0.6058,0.238,1.115
r8s_1057_crooked,"Suggest a type of crooked. Reply with only the name, nothing else.",0.6528,<long> -> bench,0.525,political corruption -> real,0.5273,political corruption -> real,55,55,0.083,0.389,0.267,60,90,102,0.0,0.26,11.2,politician,0.1,19,18.66,97.28,0.027,"<long> 8%, political corruption 5%","<long> 39%, street crook 2%",0.6308,0.525,0.59
r8_0117_noodle_dish,"Name a noodle dish. Reply with only the name, nothing else.",0.6528,ramen -> real,0.6528,ramen -> real,0.5479,ramen -> real,60,67,0.0,0.256,0.153,60,90,6,0.0,0.153,7.5,ramen,0.85,2,1.53,1.62,0.866,"ramen 92%, pad thai 7%","ramen 61%, <long> 26%",0.6536,0.199,1.033
r8_1315_barometer,"Name a barometer. Reply with only the name, nothing else.",0.6528,aneroid barometer -> real,0.6528,aneroid barometer -> real,0.6357,mercury barometer -> bench,60,63,0.0,0.3,0.18,60,90,20,0.0,0.18,10.1,aneroid barometer,0.35,6,4.48,5.83,0.439,"aneroid barometer 42%, mercury barometer 30%","mercury barometer 40%, <long> 30%",0.6444,0.193,1.155
r8_1549_spirit,"Name a spirit. Reply with only the name, nothing else.",0.6528,<long> -> bench,0.5444,vodka -> bench,0.5656,vodka -> bench,59,61,0.017,0.322,0.2,60,90,77,0.0,0.187,8.8,genie,0.2,12,10.17,60.31,0.067,"prometheus 7%, djinn 7%","<long> 32%, vodka 9%",0.6186,0.43,0.895
r8_0214_nut_butter,"Name a nut butter. Reply with only the name, nothing else.",0.6528,peanut butter -> real,0.6528,peanut butter -> real,0.5159,almond butter -> bench,60,63,0.0,0.3,0.18,60,90,4,0.0,0.18,9.9,peanut butter,1.0,1,1.0,1.14,0.976,"peanut butter 98%, significant 2%","peanut butter 68%, <long> 30%",0.65,0.084,0.963
r8_0611_photography_style,"Name a photography style. Reply with only the name, nothing else.",0.6528,<long> -> bench,0.5528,street photography -> real,0.5786,portrait -> bench,59,61,0.017,0.322,0.2,60,90,33,0.0,0.2,8.9,portraiture,0.3,8,6.54,14.45,0.283,"portrait 20%, street photography 15%","<long> 32%, portrait 24%",0.6364,0.396,0.983
r8s_0642_liqueur,"Suggest a type of liqueur. Reply with only the name, nothing else.",0.6528,<long> -> bench,0.5889,amaretto -> real,0.5624,amaretto -> real,59,61,0.017,0.322,0.2,60,90,32,0.0,0.2,9.8,amaretto,0.25,9,7.29,14.48,0.242,"amaretto 30%, grand marnier 12%","<long> 32%, grand marnier 13%",0.6081,0.396,0.857
r8_0514_hot_spring,"Name a type of hot spring. Reply with only the name, nothing else.",0.6528,<long> -> bench,0.5972,onsen -> real,0.63,fumarole -> bench,59,61,0.017,0.322,0.2,60,90,34,0.0,0.2,9.5,fumarole,0.6,5,3.01,10.05,0.375,"onsen 42%, geyser 10%","<long> 32%, onsen 22%",0.6344,0.236,0.711
r8_0354_outdoor_activity,"Name an outdoor activity. Reply with only the name, nothing else.",0.6528,hiking -> real,0.6528,hiking -> real,0.5219,hiking -> real,60,64,0.0,0.289,0.173,60,90,8,0.0,0.167,7.9,hiking,1.0,1,1.0,1.47,0.927,"hiking 95%, kayaking 3%","hiking 64%, <long> 29%",0.6217,0.107,1.072
r8_1191_bulb_vegetable,"Name a bulb vegetable. Reply with only the name, nothing else.",0.6528,onion -> real,0.6528,onion -> real,0.529,onion -> real,60,63,0.0,0.3,0.18,60,90,4,0.0,0.173,8.2,onion,0.9,2,1.38,1.56,0.854,"onion 88%, garlic 12%","onion 58%, <long> 30%",0.6219,0.157,1.11
r8_0651_sleeve_type,"Name a sleeve type. Reply with only the name, nothing else.",0.6528,<long> -> bench,0.6111,bell sleeve -> real,0.5417,bell sleeve -> real,59,61,0.017,0.322,0.2,60,90,32,0.0,0.2,9.1,bell sleeve,0.65,5,2.99,9.68,0.5,"bell sleeve 53%, long sleeve 5%","<long> 32%, bell sleeve 31%",0.6286,0.312,0.859
r8_1919_bunny_hop,"Name a bunny hop. Reply with only the name, nothing else.",0.6528,<long> -> bench,0.5167,snowball -> real,0.5169,moonwalk -> real,59,61,0.017,0.322,0.2,60,90,110,0.0,0.18,9.1,womp,0.05,20,20.0,104.01,0.033,"moonwalk 3%, snowball 3%","<long> 32%, moon hop 3%",0.6317,0.573,0.66
r8_1392_kebab,"Name a kebab. Reply with only the name, nothing else.",0.6528,<long> -> bench,0.5583,doner kebab -> real,0.6049,shish tawook -> bench,59,61,0.017,0.322,0.2,60,90,47,0.0,0.193,10.3,shish kebab,0.45,6,4.58,23.4,0.208,"doner kebab 12%, shish tawook 10%","<long> 32%, shish tawook 21%",0.6161,0.314,0.632
r8_0250_bean,"Name a bean. Reply with only the name, nothing else.",0.6528,<long> -> bench,0.5472,kidney -> real,0.5276,kidney -> real,59,61,0.017,0.322,0.2,60,90,36,0.0,0.2,9.4,kidney bean,0.85,3,1.68,13.72,0.35,"kidney bean 33%, kidney 18%","<long> 32%, kidney bean 24%",0.6233,0.288,0.802
r8_1387_political_office,"Name a political office. Reply with only the name, nothing else.",0.6528,president -> real,0.6528,president -> real,0.5353,president -> real,60,65,0.0,0.278,0.167,60,90,11,0.0,0.16,7.1,president,0.85,3,1.68,1.84,0.88,"president 92%, u.s. president 2%","president 61%, <long> 28%",0.6378,0.163,0.975
r8s_0484_muffin,"Suggest a type of muffin. Reply with only the name, nothing else.",0.6528,<long> -> bench,0.575,blueberry -> real,0.5154,blueberry -> bench,59,61,0.017,0.322,0.2,60,90,5,0.0,0.193,9.6,blueberry muffin,0.65,3,2.21,2.21,0.575,"blueberry 55%, blueberry muffin 40%","blueberry 40%, <long> 32%",0.6419,0.061,1.013
r8_1035_cocoa,"Name a cocoa. Reply with only the name, nothing else.",0.6528,<long> -> bench,0.5417,cadbury -> real,0.5424,cadbury -> real,59,61,0.017,0.322,0.2,60,90,76,0.0,0.193,9.5,cocoa,0.1,16,15.16,52.31,0.092,"cocoa 8%, cadbury 8%","<long> 32%, forastero 9%",0.6481,0.48,0.923
r8_1494_pipette,"Name a pipette. Reply with only the name, nothing else.",0.6528,<long> -> bench,0.55,gilson -> real,0.5508,gilson -> real,59,61,0.017,0.322,0.2,60,90,26,0.0,0.193,10.3,mohr pipette,0.25,12,9.87,12.75,0.267,"pipette 22%, micropipette 13%","<long> 32%, pipette 21%",0.6564,0.162,1.079
r8_0377_snack,"Name a snack. Reply with only the name, nothing else.",0.6528,<long> -> bench,0.6,pretzel -> real,0.597,potato chips -> bench,59,61,0.017,0.322,0.2,60,90,28,0.0,0.193,9.1,pretzels,0.25,9,7.48,14.15,0.183,"pretzel 23%, chips 15%","<long> 32%, potato chips 19%",0.63,0.276,1.039
r8_1423_bitter,"Name a bitter. Reply with only the name, nothing else.",0.6528,<long> -> bench,0.5944,quinine -> real,0.5811,campari -> bench,59,61,0.017,0.322,0.2,60,90,57,0.0,0.187,9.0,campari,0.75,5,2.45,26.69,0.233,"quinine 30%, campari 5%","<long> 32%, campari 14%",0.6067,0.36,0.823
r8_0050_musical_note,"Name a musical note. Reply with only the name, nothing else.",0.6528,c -> real,0.6528,c -> real,0.5353,c -> real,60,65,0.0,0.278,0.167,60,90,7,0.0,0.167,7.0,c,0.95,2,1.22,1.69,0.88,"c 92%, middle c 3%","c 61%, <long> 28%",0.6161,0.153,1.01
r8s_1311_gnome,"Suggest a type of gnome. Reply with only the name, nothing else.",0.6528,<long> -> bench,0.5306,rock gnome -> bench,0.5516,rock gnome -> bench,57,58,0.05,0.356,0.233,60,90,63,0.0,0.22,10.8,garden gnome,0.45,10,6.48,31.74,0.261,"garden gnome 23%, <long> 5%","<long> 36%, garden gnome 18%",0.6353,0.458,0.814
r8s_1357_beast_of_burden,"Suggest a type of beast of burden. Reply with only the name, nothing else.",0.6528,<long> -> bench,0.5472,camel -> real,0.5852,horse -> bench,59,61,0.017,0.322,0.2,60,90,15,0.0,0.2,9.0,camel,0.3,7,5.52,6.63,0.392,"horse 30%, camel 15%","horse 32%, <long> 32%",0.6356,0.199,0.999
r8s_1299_pressure,"Suggest a type of pressure. Reply with only the name, nothing else.",0.6528,<long> -> bench,0.5417,hydrostatic -> real,0.5461,atmospheric pressure -> bench,59,61,0.017,0.322,0.2,60,90,36,0.0,0.193,9.8,hydrostatic pressure,0.3,9,6.8,16.25,0.233,"atmospheric pressure 18%, hydrostatic pressure 18%","<long> 32%, atmospheric pressure 19%",0.6231,0.37,0.768
r8_0432_font,"Name a font. Reply with only the name, nothing else.",0.6528,<long> -> bench,0.6222,helvetica -> real,0.6256,arial -> bench,59,61,0.017,0.322,0.2,60,90,8,0.0,0.187,7.9,helvetica,0.5,4,3.21,3.36,0.467,"helvetica 40%, arial 33%","arial 40%, <long> 32%",0.6461,0.13,1.078
r8_1352_ritual,"Name a ritual. Reply with only the name, nothing else.",0.6528,<long> -> bench,0.5167,mindfulness meditation -> real,0.5175,mindfulness meditation -> real,57,58,0.05,0.356,0.233,60,90,96,0.0,0.18,9.6,tea ceremony,0.15,17,15.83,82.92,0.07,"tea ceremony 7%, <long> 5%","<long> 36%, tea ceremony 4%",0.6339,0.559,0.958
r8s_1776_palace,"Suggest a type of palace. Reply with only the name, nothing else.",0.6528,<long> -> bench,0.5528,versailles palace -> real,0.5959,forbidden city -> bench,59,61,0.017,0.322,0.2,60,90,42,0.0,0.193,9.2,baroque palace,0.35,10,7.47,16.82,0.25,"versailles 23%, forbidden city 15%","<long> 32%, forbidden city 23%",0.6108,0.301,0.879
r8_0834_astronomical_instrumen,"Name a type of astronomical instrument. Reply with only the name, nothing else.",0.6528,<long> -> bench,0.6472,telescope -> real,0.5243,spectrograph -> bench,59,61,0.017,0.322,0.2,60,90,13,0.0,0.2,9.0,telescope,0.7,3,2.11,2.18,0.842,"telescope 85%, refracting telescope 3%","telescope 56%, <long> 32%",0.6728,0.176,0.965
r8_0819_bioluminescent_animal,"Name a bioluminescent animal. Reply with only the name, nothing else.",0.6528,anglerfish -> real,0.6528,anglerfish -> real,0.5557,anglerfish -> real,60,64,0.0,0.289,0.173,60,90,11,0.0,0.173,8.7,anglerfish,0.7,3,2.11,2.45,0.726,"anglerfish 78%, firefly 15%","anglerfish 48%, <long> 29%",0.6758,0.109,0.965
r8_1237_dessert_baked,"Name a dessert baked. Reply with only the name, nothing else.",0.6528,apple pie -> real,0.6528,apple pie -> real,0.5286,apple pie -> real,60,64,0.0,0.289,0.173,60,90,15,0.0,0.167,8.1,apple pie,0.95,2,1.22,1.9,0.887,"apple pie 92%, baked alaska 3%","apple pie 61%, <long> 29%",0.6422,0.161,1.172
r8s_0173_toy,"Suggest a type of toy. Reply with only the name, nothing else.",0.6528,<long> -> bench,0.6333,lego -> real,0.5974,lego -> real,59,61,0.017,0.322,0.2,60,90,18,0.0,0.2,9.1,lego,0.75,4,2.28,6.76,0.342,"lego 43%, building blocks 20%","<long> 32%, building blocks 27%",0.6406,0.252,0.787
r8_0391_knit,"Name a knit. Reply with only the name, nothing else.",0.6528,<long> -> bench,0.5389,stockinette -> real,0.5481,argyle -> bench,59,61,0.017,0.322,0.2,60,90,52,0.0,0.2,9.3,argyle,0.15,12,10.62,28.74,0.117,"stockinette 10%, garter stitch 8%","<long> 32%, argyle 11%",0.6231,0.362,0.832
r8_0434_milkshake,"Name a milkshake. Reply with only the name, nothing else.",0.6528,<long> -> bench,0.525,strawberry -> real,0.5425,chocolate -> bench,57,58,0.05,0.356,0.233,60,90,50,0.0,0.227,10.5,chocolate milkshake,0.2,13,10.9,26.24,0.165,"strawberry 12%, chocolate milkshake 12%","<long> 36%, chocolate milkshake 13%",0.6103,0.222,1.099
r8_0842_metric_prefix,"Name a metric prefix. Reply with only the name, nothing else.",0.6528,kilo -> real,0.6528,kilo -> real,0.5317,giga -> bench,60,63,0.0,0.3,0.18,60,90,12,0.0,0.18,8.3,kilo,1.0,1,1.0,1.76,0.894,"kilo 92%, authentik 2%","kilo 61%, <long> 30%",0.6211,0.126,0.934
r8_0313_storm_type,"Name a storm type. Reply with only the name, nothing else.",0.6528,hurricane -> real,0.6528,hurricane -> real,0.529,hurricane -> real,60,63,0.0,0.3,0.18,60,90,7,0.0,0.173,8.2,hurricane,0.95,2,1.22,1.8,0.854,"hurricane 88%, tornado 7%","hurricane 58%, <long> 30%",0.6614,0.164,1.018
r8_0814_faucet,"Name a faucet. Reply with only the name, nothing else.",0.6528,<long> -> bench,0.55,faucet -> real,0.5874,moen -> bench,59,61,0.017,0.322,0.2,60,90,69,0.0,0.2,9.4,moen,0.75,6,2.62,31.98,0.258,"moen 17%, faucet 13%","<long> 32%, moen 23%",0.615,0.439,0.853
r8_1482_brake,"Name a brake. Reply with only the name, nothing else.",0.6528,<long> -> bench,0.5306,disc brake -> bench,0.6253,disc brake -> bench,59,61,0.017,0.322,0.2,60,90,38,0.0,0.187,8.9,disc brake,0.9,2,1.38,10.29,0.483,"disc brake 35%, brake 8%","disc brake 41%, <long> 32%",0.635,0.284,1.134
r8_1471_bandage,"Name a type of bandage. Reply with only the name, nothing else.",0.6528,adhesive bandage -> real,0.6528,adhesive bandage -> real,0.5994,adhesive bandage -> real,60,67,0.0,0.256,0.153,60,90,16,0.0,0.153,9.0,adhesive bandage,0.45,4,3.29,5.4,0.512,"adhesive bandage 62%, band-aid 13%","adhesive bandage 31%, <long> 26%",0.6717,0.153,0.966
r8_0273_eyewear,"Name a type of eyewear. Reply with only the name, nothing else.",0.6528,sunglasses -> real,0.6528,sunglasses -> real,0.5452,glasses -> bench,60,63,0.0,0.3,0.18,60,90,8,0.0,0.18,9.0,sunglasses,0.9,3,1.48,2.19,0.772,"sunglasses 82%, glasses 10%","sunglasses 51%, <long> 30%",0.6467,0.089,0.77
r8_1900_insulator,"Name an insulator. Reply with only the name, nothing else.",0.6528,rubber -> real,0.6528,rubber -> real,0.6256,rubber -> real,59,63,0.017,0.3,0.187,60,90,10,0.0,0.187,7.9,rubber,0.6,2,1.96,2.85,0.582,"glass 48%, rubber 45%","glass 47%, <long> 30%",0.6508,0.111,0.998
r8_1581_period_of_the_day,"Name a period of the day. Reply with only the name, nothing else.",0.6528,<long> -> bench,0.5528,morning -> real,0.5433,afternoon -> bench,59,61,0.017,0.322,0.2,60,90,10,0.0,0.2,8.5,morning,0.8,4,2.03,3.59,0.442,"morning 42%, afternoon 35%","<long> 32%, morning 31%",0.6331,0.159,1.079
r8s_0078_canyon,"Suggest a type of canyon. Reply with only the name, nothing else.",0.6528,slot canyon -> real,0.6528,slot canyon -> real,0.5385,slot -> bench,60,65,0.0,0.278,0.167,60,90,11,0.0,0.16,7.7,slot canyon,0.95,2,1.22,1.83,0.88,"slot canyon 92%, grand canyon 3%","slot canyon 61%, <long> 28%",0.6308,0.151,0.936
r8_0789_gift,"Name a gift. Reply with only the name, nothing else.",0.6528,<long> -> bench,0.5917,book -> real,0.555,book -> real,59,61,0.017,0.322,0.2,60,90,51,0.0,0.193,8.9,book,0.55,7,4.23,20.09,0.3,"book 35%, teddy bear 10%","<long> 32%, book 17%",0.6242,0.326,0.879
r8_0779_quilting_pattern,"Name a quilting pattern. Reply with only the name, nothing else.",0.6528,log cabin -> real,0.6528,log cabin -> real,0.5167,nine patch -> real,60,63,0.0,0.3,0.18,60,90,9,0.0,0.173,8.3,log cabin,0.9,2,1.38,1.44,0.935,"log cabin 95%, nine patch 3%","log cabin 64%, <long> 30%",0.6567,0.078,1.017
r8_1704_crayon_color,"Name a crayon color. Reply with only the name, nothing else.",0.6528,<long> -> bench,0.5694,cerulean -> real,0.5964,red -> bench,59,61,0.017,0.322,0.2,60,90,27,0.0,0.2,8.5,blue,0.45,6,3.77,12.74,0.217,"cerulean 15%, blue 13%","<long> 32%, red 21%",0.5967,0.259,0.87
r8s_0011_grain,"Suggest a type of grain. Reply with only the name, nothing else.",0.6528,<long> -> bench,0.6222,quinoa -> real,0.5686,rice -> real,59,61,0.017,0.322,0.2,60,90,21,0.0,0.193,8.7,quinoa,0.95,2,1.22,4.17,0.65,"quinoa 67%, rice 18%","quinoa 42%, <long> 32%",0.6622,0.19,0.623
r8_1593_beverage_cold,"Name a beverage cold. Reply with only the name, nothing else.",0.6528,<long> -> bench,0.5889,iced tea -> real,0.5514,iced coffee -> real,59,61,0.017,0.322,0.2,60,90,23,0.0,0.2,9.5,iced tea,0.45,9,5.89,8.08,0.45,"iced tea 47%, iced coffee 13%","<long> 32%, iced tea 29%",0.5889,0.395,0.821
r8_0146_author,"Name an author. Reply with only the name, nothing else.",0.6528,<long> -> bench,0.5528,j.k. rowling -> real,0.5797,george orwell -> bench,59,61,0.017,0.322,0.2,60,90,40,0.0,0.193,9.8,george orwell,0.5,7,4.55,19.39,0.217,"j.k. rowling 15%, ernest hemingway 13%","<long> 32%, george orwell 20%",0.6156,0.314,0.784
r8_0486_peninsula,"Name a peninsula. Reply with only the name, nothing else.",0.6528,<long> -> bench,0.6083,florida -> real,0.5643,florida -> real,59,61,0.017,0.322,0.2,60,90,19,0.0,0.187,9.1,iberian peninsula,0.65,6,3.29,6.42,0.358,"florida 42%, iberian peninsula 30%","<long> 32%, iberian peninsula 24%",0.6014,0.29,0.548
r8s_0420_seasoning_or_spice,"Suggest a type of seasoning or spice. Reply with only the name, nothing else.",0.6528,cumin -> real,0.6528,cumin -> real,0.5971,cumin -> real,60,68,0.0,0.244,0.147,60,90,15,0.0,0.14,7.2,cumin,0.75,4,2.28,3.98,0.547,"cumin 65%, paprika 15%","cumin 34%, <long> 24%",0.6086,0.292,0.963
r8_0487_fern,"Name a fern. Reply with only the name, nothing else.",0.6528,<long> -> bench,0.6,boston fern -> real,0.5711,boston fern -> real,59,61,0.017,0.322,0.2,60,90,22,0.0,0.193,9.8,maidenhair fern,0.55,4,2.92,7.64,0.317,"boston fern 33%, maidenhair fern 30%","<long> 32%, maidenhair fern 22%",0.6408,0.118,0.928
r8_1244_watch_type,"Name a watch type. Reply with only the name, nothing else.",0.6528,<long> -> bench,0.5556,smartwatch -> real,0.5446,smartwatch -> real,57,58,0.05,0.356,0.233,60,90,48,0.0,0.227,10.0,chronograph,0.55,6,4.05,23.14,0.252,"chronograph 23%, smartwatch 17%","<long> 36%, chronograph 17%",0.64,0.326,0.661
r8_1006_wraith,"Name a wraith. Reply with only the name, nothing else.",0.6528,<long> -> bench,0.5583,malphas -> real,0.5517,malphas -> real,59,61,0.017,0.322,0.2,60,90,92,0.0,0.2,9.5,specter,0.25,15,12.48,72.17,0.1,"malphas 15%, morrigan 5%","<long> 32%, specter 4%",0.6231,0.477,0.907
r8_1944_swimsuit,"Name a swimsuit. Reply with only the name, nothing else.",0.6528,<long> -> bench,0.6194,bikini -> real,0.511,bikini -> bench,59,61,0.017,0.322,0.2,60,90,15,0.0,0.187,9.4,bikini,0.95,2,1.22,2.2,0.842,"bikini 82%, one-piece 7%","bikini 58%, <long> 32%",0.6117,0.101,1.007
r8_1551_dryer,"Name a dryer. Reply with only the name, nothing else.",0.6528,<long> -> bench,0.5917,whirlpool -> real,0.5715,whirlpool -> real,57,58,0.05,0.356,0.233,60,90,53,0.0,0.213,10.4,maytag,0.25,12,8.94,24.29,0.226,"whirlpool 28%, maytag 17%","<long> 36%, whirlpool 10%",0.6356,0.402,0.925
r8s_0373_workplace,"Suggest a type of workplace. Reply with only the name, nothing else.",0.6528,<long> -> bench,0.5472,open-plan office -> real,0.5956,office -> bench,59,61,0.017,0.322,0.2,60,90,38,0.0,0.2,9.2,tech startup,0.2,13,10.72,16.9,0.267,"office 17%, open-plan office 15%","<long> 32%, office 24%",0.595,0.233,0.713
r8_0261_wave,"Name a wave. Reply with only the name, nothing else.",0.6528,<long> -> bench,0.5417,ocean -> real,0.5571,ocean wave -> bench,59,61,0.017,0.322,0.2,60,90,55,0.0,0.2,9.0,sound wave,0.25,12,10.14,31.61,0.117,"swell 12%, rogue wave 10%","<long> 32%, ocean wave 9%",0.6319,0.367,0.581
r8s_0211_writing_surface,"Suggest a type of writing surface. Reply with only the name, nothing else.",0.6528,<long> -> bench,0.5278,whiteboard -> real,0.6307,paper -> bench,59,61,0.017,0.322,0.2,60,90,31,0.0,0.187,8.3,paper,0.7,7,3.15,5.69,0.658,"paper 52%, whiteboard 7%","paper 53%, <long> 32%",0.6067,0.259,0.442
r8s_0213_storm,"Suggest a type of storm. Reply with only the name, nothing else.",0.6528,<long> -> bench,0.5611,hurricane -> real,0.5397,hurricane -> bench,59,61,0.017,0.322,0.2,60,90,14,0.0,0.193,8.8,hurricane,0.9,2,1.38,3.55,0.617,"hurricane 57%, tornado 20%","hurricane 44%, <long> 32%",0.6239,0.09,0.702
r8s_0462_sandal,"Suggest a type of sandal. Reply with only the name, nothing else.",0.6528,<long> -> bench,0.5417,birkenstock -> real,0.5857,flip-flops -> bench,59,61,0.017,0.322,0.2,60,90,27,0.0,0.2,9.6,flip-flop,0.3,9,7.01,7.47,0.358,"flip-flop 30%, flip-flops 27%","<long> 32%, flip-flops 30%",0.61,0.186,1.09
r8_0983_pear,"Name a pear. Reply with only the name, nothing else.",0.65,<long> -> bench,0.6417,bartlett -> real,0.5488,bartlett -> real,60,63,0.0,0.3,0.18,60,90,10,0.0,0.18,8.8,bartlett,0.75,4,2.28,2.71,0.667,"bartlett 72%, anjou 20%","bartlett 43%, <long> 30%",0.6492,0.087,1.069
r8_1606_crab,"Name a crab. Reply with only the name, nothing else.",0.65,<long> -> bench,0.5444,pinchy -> real,0.5988,blue crab -> bench,60,63,0.0,0.3,0.18,60,90,47,0.0,0.18,8.6,blue crab,0.7,4,2.39,20.56,0.285,"blue crab 18%, pinchy 13%","<long> 30%, blue crab 27%",0.6086,0.261,0.86
r8_1484_tanuki,"Name a tanuki. Reply with only the name, nothing else.",0.65,<long> -> bench,0.5444,pochi -> real,0.5434,pochi -> real,58,60,0.033,0.333,0.213,60,90,76,0.0,0.213,10.1,kintaro,0.35,14,10.12,55.3,0.068,"pochi 10%, pochita 7%","<long> 33%, kon 4%",0.6069,0.322,0.978
r8_1488_injury,"Name an injury. Reply with only the name, nothing else.",0.65,<long> -> bench,0.5667,concussion -> real,0.5806,sprained ankle -> bench,60,63,0.0,0.3,0.18,60,90,14,0.0,0.18,8.8,sprained ankle,0.3,7,5.4,5.65,0.366,"sprained ankle 28%, sprain 23%","sprained ankle 31%, <long> 30%",0.6422,0.139,0.913
r8_1611_skin_feature,"Name a type of skin feature. Reply with only the name, nothing else.",0.65,<long> -> bench,0.5472,pore -> real,0.5655,mole -> bench,60,63,0.0,0.3,0.18,60,90,13,0.0,0.173,8.3,mole,0.65,4,2.52,3.69,0.65,"mole 58%, pore 15%","mole 50%, <long> 30%",0.6239,0.213,0.825
r8s_0084_meat,"Suggest a type of meat. Reply with only the name, nothing else.",0.65,<long> -> bench,0.5611,chicken -> real,0.5361,beef -> bench,60,63,0.0,0.3,0.18,60,90,10,0.0,0.18,8.0,beef,0.5,4,3.13,3.55,0.52,"beef 48%, chicken 33%","beef 39%, <long> 30%",0.6383,0.178,0.832
r8s_0155_bird,"Suggest a type of bird. Reply with only the name, nothing else.",0.65,<long> -> bench,0.5444,peregrine falcon -> real,0.5472,penguin -> bench,60,63,0.0,0.3,0.18,60,90,23,0.0,0.173,8.4,blue jay,0.35,7,5.36,11.95,0.211,"robin 17%, hummingbird 12%","<long> 30%, robin 18%",0.6036,0.201,0.798
r8s_0158_aquatic_plant,"Suggest a type of aquatic plant. Reply with only the name, nothing else.",0.65,<long> -> bench,0.6028,anacharis -> real,0.6187,water lily -> bench,60,63,0.0,0.3,0.18,60,90,17,0.0,0.18,8.9,amazon sword,0.3,7,5.4,6.53,0.472,"water lily 35%, anacharis 25%","water lily 41%, <long> 30%",0.6383,0.212,1.0
r8s_0640_work_by_charles_dicken,"Suggest a type of work by charles dicken. Reply with only the name, nothing else.",0.65,<long> -> bench,0.5944,tale of two cities -> real,0.5917,christmas carol -> bench,60,63,0.0,0.3,0.18,60,90,5,0.0,0.18,9.7,christmas carol,0.35,4,3.69,3.4,0.431,"tale of two cities 47%, great expectations 33%","<long> 30%, tale of two cities 28%",0.5942,0.111,0.847
r8_0309_christmas_movie,"Name a christmas movie. Reply with only the name, nothing else.",0.65,<long> -> bench,0.6167,home alone -> real,0.581,home alone -> real,60,63,0.0,0.3,0.18,60,90,20,0.0,0.167,8.3,home alone,0.55,7,4.23,7.74,0.317,"home alone 40%, elf 20%","<long> 30%, elf 21%",0.61,0.198,0.94
r8s_0798_food,"Suggest a type of food. Reply with only the name, nothing else.",0.65,<long> -> bench,0.6333,sushi -> real,0.5833,sushi -> real,60,63,0.0,0.3,0.18,60,90,11,0.0,0.18,7.9,sushi,0.5,3,2.35,3.61,0.431,"sushi 50%, pizza 38%","pizza 33%, <long> 30%",0.6311,0.131,0.918
r8_0921_taste_sensation,"Name a taste sensation. Reply with only the name, nothing else.",0.65,<long> -> bench,0.5611,umami -> real,0.5937,sweet -> bench,60,63,0.0,0.3,0.18,60,90,9,0.0,0.173,7.5,sweet,0.95,2,1.22,2.08,0.829,"sweet 73%, umami 13%","sweet 64%, <long> 30%",0.6103,0.114,1.083
r8_1707_equestrian_sport,"Name an equestrian sport. Reply with only the name, nothing else.",0.65,<long> -> bench,0.6167,show jumping -> real,0.571,polo -> bench,60,63,0.0,0.3,0.18,60,90,6,0.0,0.18,8.8,show jumping,0.65,3,2.21,2.61,0.602,"show jumping 63%, dressage 33%","show jumping 40%, <long> 30%",0.6358,0.063,0.898
r8s_0159_melon,"Suggest a type of melon. Reply with only the name, nothing else.",0.65,cantaloupe -> real,0.65,cantaloupe -> real,0.575,watermelon -> bench,60,64,0.0,0.289,0.173,60,90,8,0.0,0.173,9.4,cantaloupe,0.85,2,1.53,2.28,0.75,"cantaloupe 80%, watermelon 10%","cantaloupe 50%, <long> 29%",0.6464,0.186,1.08
r8_1559_naiad,"Name a naiad. Reply with only the name, nothing else.",0.65,<long> -> bench,0.5333,amphitrite -> real,0.523,daphne -> bench,60,63,0.0,0.3,0.18,60,90,54,0.0,0.173,8.9,amphitrite,0.35,9,6.32,25.38,0.195,"amphitrite 20%, echo 15%","<long> 30%, amphitrite 13%",0.5964,0.366,0.839
r8_0383_gemstone_color,"Name a gemstone color. Reply with only the name, nothing else.",0.65,<long> -> bench,0.5778,ruby -> real,0.554,ruby red -> bench,60,63,0.0,0.3,0.18,60,90,26,0.0,0.18,8.1,ruby,0.3,8,6.54,11.95,0.252,"ruby 30%, amethyst 22%","<long> 30%, ruby 14%",0.5897,0.372,0.974
r8s_0797_athlete,"Suggest a type of athlete. Reply with only the name, nothing else.",0.65,<long> -> bench,0.575,marathon runner -> real,0.6028,sprinter -> bench,60,63,0.0,0.3,0.18,60,90,22,0.0,0.18,8.6,sprinter,0.4,9,6.43,6.09,0.455,"sprinter 35%, marathon runner 28%","sprinter 39%, <long> 30%",0.6178,0.294,1.015
r8s_0861_cactus_flower_color,"Suggest a type of cactus flower color. Reply with only the name, nothing else.",0.65,<long> -> bench,0.55,pink -> real,0.5437,yellow -> bench,60,63,0.0,0.3,0.18,60,90,17,0.0,0.173,7.5,red,0.35,8,6.34,6.91,0.333,"pink 33%, red 18%","<long> 30%, pink 23%",0.5925,0.172,0.922
r8s_0751_tap_dance_step,"Suggest a type of tap dance step. Reply with only the name, nothing else.",0.65,<long> -> bench,0.5694,shuffle -> real,0.5504,shuffle ball change -> real,60,63,0.0,0.3,0.18,60,90,24,0.0,0.173,9.1,flap,0.75,4,2.28,7.38,0.309,"flap 33%, shuffle 32%","<long> 30%, flap 20%",0.6242,0.147,0.956
r8_0216_spice_blend,"Name a spice blend. Reply with only the name, nothing else.",0.65,garam masala -> real,0.65,garam masala -> real,0.5548,curry powder -> bench,60,63,0.0,0.3,0.18,60,90,15,0.0,0.18,9.8,garam masala,1.0,1,1.0,3.32,0.715,"garam masala 77%, ras el hanout 8%","garam masala 47%, <long> 30%",0.6672,0.285,1.078
r8_1050_pizza_chain,"Name a pizza chain. Reply with only the name, nothing else.",0.65,dominos -> real,0.65,dominos -> real,0.579,dominos -> real,59,65,0.017,0.278,0.173,60,90,6,0.0,0.173,8.7,dominos,0.85,3,1.68,2.37,0.629,"dominos 70%, pizza hut 25%","dominos 40%, <long> 28%",0.6267,0.068,1.128
r8_1041_giant,"Name a giant. Reply with only the name, nothing else.",0.65,<long> -> bench,0.5556,goliath -> real,0.5445,goliath -> real,58,60,0.033,0.333,0.213,60,90,61,0.0,0.193,9.3,polyphemus,0.15,14,12.52,27.95,0.263,"atlas 22%, goliath 17%","<long> 33%, atlas 20%",0.6275,0.556,1.105
r8_1528_photographic_device,"Name a photographic device. Reply with only the name, nothing else.",0.65,<long> -> bench,0.6389,camera -> real,0.5083,camera obstructum -> real,60,63,0.0,0.3,0.18,60,90,9,0.0,0.18,7.5,camera,0.95,2,1.22,1.44,0.935,"camera 93%, cámara 2%","camera 66%, <long> 30%",0.6397,0.076,0.974
r8s_0727_documentary,"Suggest a type of documentary. Reply with only the name, nothing else.",0.65,<long> -> bench,0.575,nature documentary -> bench,0.6321,nature documentary -> bench,60,63,0.0,0.3,0.18,60,90,39,0.0,0.167,8.3,nature documentary,0.4,10,6.89,12.03,0.317,"nature 25%, nature documentary 12%","<long> 30%, nature documentary 27%",0.6189,0.253,1.116
r8_0392_glaze,"Name a glaze. Reply with only the name, nothing else.",0.65,<long> -> bench,0.5778,celadon -> bench,0.6555,celadon -> bench,58,60,0.033,0.333,0.213,60,90,58,0.0,0.207,10.0,celadon,0.9,3,1.48,23.01,0.331,"tenmoku 17%, celadon 17%","<long> 33%, celadon 32%",0.6,0.345,0.876
r8_0372_dried_fruit,"Name a dried fruit. Reply with only the name, nothing else.",0.65,raisin -> real,0.65,raisin -> real,0.5474,raisin -> real,60,65,0.0,0.278,0.167,60,90,10,0.0,0.167,7.8,raisin,0.85,4,1.8,2.5,0.784,"raisin 83%, dates 5%","raisin 53%, <long> 28%",0.6411,0.192,1.138
r8_0799_landscape_feature,"Name a type of landscape feature. Reply with only the name, nothing else.",0.65,<long> -> bench,0.5639,canyon -> real,0.5591,mountain -> bench,60,63,0.0,0.3,0.18,60,90,12,0.0,0.18,7.9,mountain,0.7,5,2.67,3.85,0.577,"mountain 52%, canyon 22%","mountain 44%, <long> 30%",0.605,0.145,0.916
r8_1259_school_level,"Name a school level. Reply with only the name, nothing else.",0.65,<long> -> bench,0.5917,high school -> real,0.5369,elementary school -> bench,60,63,0.0,0.3,0.18,60,90,6,0.0,0.18,8.4,high school,0.5,4,3.35,3.22,0.537,"high school 55%, elementary 25%","high school 37%, <long> 30%",0.6219,0.107,0.897
r8_1918_whisper,"Name a whisper. Reply with only the name, nothing else.",0.65,<long> -> bench,0.6222,zephyr -> real,0.6057,zephyr -> real,58,60,0.033,0.333,0.213,60,90,75,0.0,0.193,9.4,zephyr,0.3,13,9.91,41.64,0.237,"zephyr 33%, <long> 3%","<long> 33%, zephyr 9%",0.6503,0.339,0.919
r8_0151_flower,"Name a flower. Reply with only the name, nothing else.",0.65,rose -> real,0.65,rose -> real,0.5356,rose -> real,60,67,0.0,0.256,0.153,60,90,8,0.0,0.153,6.7,rose,0.95,2,1.22,1.44,0.929,"rose 97%, rosa 2%","rose 67%, <long> 26%",0.6506,0.094,1.161
r8_0134_songbird,"Name a songbird. Reply with only the name, nothing else.",0.65,<long> -> bench,0.6472,robin -> real,0.5425,robin -> real,60,63,0.0,0.3,0.18,60,90,15,0.0,0.18,7.8,robin,0.85,3,1.68,3.01,0.74,"robin 78%, sparrow 13%","robin 49%, <long> 30%",0.6464,0.223,0.976
r8_1816_mudpuppy,"Name a mudpuppy. Reply with only the name, nothing else.",0.65,<long> -> bench,0.5389,siren -> bench,0.5556,siren -> bench,60,63,0.0,0.3,0.18,60,90,88,0.0,0.18,8.9,salamander,0.1,19,18.66,70.38,0.057,"barnaby 8%, salamander 7%","<long> 30%, siren 8%",0.6006,0.471,0.907
r8s_1762_temperature_extreme,"Suggest a type of temperature extreme. Reply with only the name, nothing else.",0.65,<long> -> bench,0.6028,heatwave -> real,0.5718,heatwave -> real,60,63,0.0,0.3,0.18,60,90,33,0.0,0.18,8.4,heatwave,0.4,9,6.43,13.88,0.276,"heatwave 35%, absolute zero 22%","<long> 30%, heatwave 14%",0.6508,0.381,0.946
r8s_0366_fjord,"Suggest a type of fjord. Reply with only the name, nothing else.",0.65,<long> -> bench,0.5278,sognefjord -> real,0.5259,fjard -> real,58,60,0.033,0.333,0.213,60,90,73,0.0,0.2,10.7,u-shaped fjord,0.15,15,13.42,46.79,0.169,"sognefjord 17%, long fjord 5%","<long> 33%, sognefjord 11%",0.5967,0.364,0.781
r8s_1433_major_music_industry_a,"Suggest a type of major music industry award. Reply with only the name, nothing else.",0.65,<long> -> bench,0.5806,grammy award -> real,0.5313,grammy awards -> real,60,63,0.0,0.3,0.18,60,90,5,0.0,0.18,9.0,grammy award,0.85,3,1.68,2.72,0.593,"grammy award 58%, grammy awards 32%","grammy award 42%, <long> 30%",0.6406,0.204,0.96
r8_0186_fruit,"Name a fruit. Reply with only the name, nothing else.",0.65,apple -> real,0.65,apple -> real,0.5146,apple -> real,60,64,0.0,0.289,0.173,60,90,8,0.0,0.173,7.3,apple,0.85,4,1.8,1.32,0.952,"apple 97%, kiwi 2%","apple 67%, <long> 29%",0.6256,0.114,1.17
r8s_1486_meringue,"Suggest a type of meringue. Reply with only the name, nothing else.",0.65,<long> -> bench,0.5917,italian meringue -> real,0.5377,french meringue -> bench,60,63,0.0,0.3,0.18,60,90,10,0.0,0.18,9.1,italian meringue,0.8,3,1.85,3.76,0.455,"italian meringue 48%, italian 32%","<long> 30%, italian meringue 30%",0.6403,0.237,1.013
r8_0048_citrus_fruit,"Name a citrus fruit. Reply with only the name, nothing else.",0.65,<long> -> bench,0.6083,orange -> real,0.5083,grapefruit -> real,60,63,0.0,0.3,0.18,60,90,8,0.0,0.173,7.6,orange,0.75,2,1.75,2.18,0.715,"orange 72%, lemon 25%","orange 50%, <long> 30%",0.6317,0.089,1.231
r8s_0261_wave,"Suggest a type of wave. Reply with only the name, nothing else.",0.65,<long> -> bench,0.6278,sine wave -> real,0.679,sound wave -> bench,60,63,0.0,0.3,0.18,60,90,33,0.0,0.18,8.6,sound wave,0.55,5,3.44,10.63,0.333,"sine wave 37%, sound wave 15%","sound wave 36%, <long> 30%",0.6681,0.188,0.967
r8_1193_type_of_fictional_spac,"Name a type of fictional spaceship. Reply with only the name, nothing else.",0.65,<long> -> bench,0.5472,uss enterprise -> real,0.5437,enterprise -> bench,60,63,0.0,0.3,0.18,60,90,32,0.0,0.18,9.0,starship enterprise,0.55,8,4.54,11.76,0.252,"millennium falcon 23%, enterprise 17%","<long> 30%, millennium falcon 19%",0.5872,0.221,0.767
r8s_1568_cloud_cover,"Suggest a type of cloud cover. Reply with only the name, nothing else.",0.65,<long> -> bench,0.5972,cirrus -> real,0.5782,cirrus -> real,60,63,0.0,0.3,0.18,60,90,12,0.0,0.18,8.4,cumulus,0.3,5,4.43,4.52,0.398,"cumulus 37%, cirrus 28%","<long> 30%, cumulus 30%",0.6256,0.1,0.858
r8_0171_scientific_instrument,"Name a type of scientific instrument. Reply with only the name, nothing else.",0.65,<long> -> bench,0.6,microscope -> real,0.5179,telescope -> bench,60,63,0.0,0.3,0.18,60,90,8,0.0,0.18,8.3,microscope,0.9,3,1.48,2.7,0.626,"microscope 63%, telescope 25%","microscope 43%, <long> 30%",0.6528,0.06,0.9
r8s_1472_nature_sound,"Suggest a type of nature sound. Reply with only the name, nothing else.",0.65,<long> -> bench,0.5639,rainforest -> real,0.5609,rainforest -> real,58,60,0.033,0.333,0.213,60,90,22,0.0,0.193,8.5,rainfall,0.4,7,5.45,7.25,0.39,"rain 35%, rainfall 18%","<long> 33%, rain 28%",0.6644,0.176,0.799
r8_0766_poem_type,"Name a poem type. Reply with only the name, nothing else.",0.65,<long> -> bench,0.6056,haiku -> real,0.5222,haiku -> real,60,63,0.0,0.3,0.18,60,90,7,0.0,0.173,8.3,haiku,0.65,2,1.91,2.38,0.577,"haiku 60%, sonnet 40%","haiku 39%, <long> 30%",0.6511,0.077,0.939
r8_0846_costume,"Name a costume. Reply with only the name, nothing else.",0.65,<long> -> bench,0.5389,spider-man -> real,0.5341,spider-man -> real,60,63,0.0,0.3,0.18,60,90,51,0.0,0.153,8.0,pirate,0.25,9,7.27,24.15,0.252,"superman 25%, spider-man 10%","<long> 30%, superman 18%",0.6161,0.399,0.794
r8_0871_invertebrate,"Name an invertebrate. Reply with only the name, nothing else.",0.65,octopus -> real,0.65,octopus -> real,0.5907,octopus -> real,60,68,0.0,0.244,0.147,60,90,11,0.0,0.147,7.4,octopus,0.7,3,2.11,3.37,0.57,"octopus 67%, jellyfish 25%","octopus 37%, <long> 24%",0.6481,0.109,0.861
r8_0863_onomatopoeia,"Name an onomatopoeia. Reply with only the name, nothing else.",0.65,<long> -> bench,0.6472,buzz -> real,0.5282,buzz -> real,60,63,0.0,0.3,0.18,60,90,11,0.0,0.18,7.8,buzz,0.9,2,1.38,2.22,0.821,"buzz 85%, meow 7%","buzz 56%, <long> 30%",0.6458,0.252,0.991
r8_0726_star_type,"Name a star type. Reply with only the name, nothing else.",0.65,<long> -> bench,0.5889,red dwarf -> real,0.5484,red dwarf -> real,60,63,0.0,0.3,0.18,60,90,15,0.0,0.18,8.3,red giant,0.55,2,1.99,3.67,0.545,"red giant 53%, red dwarf 37%","red giant 39%, <long> 30%",0.6483,0.114,1.036
r8_0739_tableware_item,"Name a tableware item. Reply with only the name, nothing else.",0.65,<long> -> bench,0.6222,plate -> real,0.5627,spoon -> bench,60,63,0.0,0.3,0.18,60,90,8,0.0,0.18,7.8,fork,0.75,2,1.75,2.99,0.512,"plate 57%, fork 37%","plate 32%, <long> 30%",0.6419,0.148,1.036
r8_1792_orchid,"Name an orchid. Reply with only the name, nothing else.",0.65,phalaenopsis -> real,0.65,phalaenopsis -> real,0.547,phalaenopsis -> real,60,67,0.0,0.256,0.153,60,90,13,0.0,0.147,9.1,phalaenopsis,0.75,5,2.45,2.11,0.85,"phalaenopsis 90%, moth orchid 5%","phalaenopsis 60%, <long> 26%",0.6811,0.15,1.063
r8s_1893_household_electronic,"Suggest a type of household electronic. Reply with only the name, nothing else.",0.65,<long> -> bench,0.5889,smart thermostat -> real,0.5683,toaster -> bench,60,63,0.0,0.3,0.18,60,90,19,0.0,0.18,8.5,smart speaker,0.6,4,2.63,7.33,0.276,"smart thermostat 33%, smart speaker 30%","<long> 30%, toaster 19%",0.7106,0.251,1.076
r8s_1451_sports_venue,"Suggest a type of sports venue. Reply with only the name, nothing else.",0.65,<long> -> bench,0.6222,stadium -> real,0.5111,stadium -> bench,60,63,0.0,0.3,0.18,60,90,13,0.0,0.18,8.4,stadium,0.8,2,1.65,1.91,0.878,"stadium 87%, oval 2%","stadium 62%, <long> 30%",0.6114,0.111,1.001
r8s_0712_fish,"Suggest a type of fish. Reply with only the name, nothing else.",0.65,<long> -> bench,0.5806,salmon -> real,0.5528,salmon -> bench,60,63,0.0,0.3,0.18,60,90,9,0.0,0.18,8.3,salmon,0.85,2,1.53,2.07,0.837,"salmon 78%, clownfish 10%","salmon 62%, <long> 30%",0.6067,0.169,0.973
r8s_0580_astronomical_event,"Suggest a type of astronomical event. Reply with only the name, nothing else.",0.65,<long> -> bench,0.5861,solar eclipse -> real,0.5976,supernova -> bench,60,63,0.0,0.3,0.18,60,90,9,0.0,0.18,8.9,supernova,0.8,4,2.03,2.55,0.667,"supernova 57%, solar eclipse 32%","supernova 53%, <long> 30%",0.6283,0.089,1.028
r8_0574_spice,"Name a spice. Reply with only the name, nothing else.",0.65,<long> -> bench,0.5889,cinnamon -> real,0.527,cumin -> bench,60,63,0.0,0.3,0.18,60,90,9,0.0,0.173,8.3,cinnamon,0.9,3,1.48,3.53,0.561,"cinnamon 57%, cumin 20%","cinnamon 39%, <long> 30%",0.6297,0.17,1.069
r8s_0161_cereal,"Suggest a type of cereal. Reply with only the name, nothing else.",0.65,<long> -> bench,0.5667,corn flakes -> real,0.5925,cornflakes -> bench,60,63,0.0,0.3,0.18,60,90,24,0.0,0.18,9.3,corn flakes,0.4,9,5.82,9.46,0.309,"corn flakes 33%, frosted flakes 13%","<long> 30%, cornflakes 21%",0.61,0.211,1.141
r8_1546_sewing_notion,"Name a sewing notion. Reply with only the name, nothing else.",0.65,<long> -> bench,0.6306,thimble -> real,0.5913,thread -> bench,60,63,0.0,0.3,0.18,60,90,19,0.0,0.18,8.4,thimble,0.55,6,3.58,6.39,0.398,"thimble 48%, thread 17%","<long> 30%, thread 24%",0.6269,0.177,0.852
r8_0393_fictional_wizard,"Name a fictional wizard. Reply with only the name, nothing else.",0.65,<long> -> bench,0.5722,gandalf -> real,0.5254,gandalf -> bench,60,63,0.0,0.3,0.18,60,90,19,0.0,0.18,9.1,gandalf,1.0,1,1.0,4.11,0.626,"gandalf 60%, merlin 13%","gandalf 46%, <long> 30%",0.5933,0.122,0.679
r8_0998_vehicle_type,"Name a vehicle type. Reply with only the name, nothing else.",0.65,sedan -> real,0.65,sedan -> real,0.5977,sedan -> real,59,63,0.017,0.3,0.187,60,90,17,0.0,0.187,8.3,sedan,0.7,3,2.11,5.56,0.475,"sedan 57%, car 10%","<long> 30%, sedan 27%",0.6528,0.094,0.881
r8s_1853_photography_term,"Suggest a type of photography term. Reply with only the name, nothing else.",0.65,<long> -> bench,0.6472,bokeh -> real,0.594,depth of field -> bench,60,63,0.0,0.3,0.18,60,90,16,0.0,0.173,8.4,bokeh,0.7,4,2.39,4.98,0.537,"bokeh 62%, long exposure 17%","bokeh 32%, <long> 30%",0.6578,0.214,0.927
r8s_0257_feeling,"Suggest a type of feeling. Reply with only the name, nothing else.",0.65,<long> -> bench,0.5583,serenity -> real,0.5512,serenity -> real,60,63,0.0,0.3,0.18,60,90,30,0.0,0.18,8.9,nostalgia,0.65,6,3.2,10.17,0.398,"nostalgia 35%, serenity 15%","nostalgia 31%, <long> 30%",0.6044,0.316,0.811
r8s_0227_vinegar,"Suggest a type of vinegar. Reply with only the name, nothing else.",0.65,<long> -> bench,0.5667,balsamic vinegar -> real,0.5103,apple cider vinegar -> bench,60,63,0.0,0.3,0.18,60,90,6,0.0,0.173,10.0,balsamic vinegar,0.7,4,2.39,3.15,0.431,"balsamic vinegar 43%, balsamic 32%","<long> 30%, balsamic vinegar 30%",0.6106,0.059,0.843
r8s_0241_historical_artifact,"Suggest a type of historical artifact. Reply with only the name, nothing else.",0.65,<long> -> bench,0.6111,rosetta stone -> real,0.5891,rosetta stone -> real,58,60,0.033,0.333,0.213,60,90,58,0.0,0.2,10.0,rosetta stone,0.8,5,2.18,27.88,0.254,"rosetta stone 33%, clay tablet 10%","<long> 33%, rosetta stone 11%",0.6139,0.281,0.62
r8s_0132_precipitation,"Suggest a type of precipitation. Reply with only the name, nothing else.",0.65,<long> -> bench,0.6444,rain -> real,0.5278,rain -> real,60,63,0.0,0.3,0.18,60,90,9,0.0,0.18,7.5,rain,0.9,3,1.48,2.23,0.805,"rain 83%, snow 7%","rain 54%, <long> 30%",0.6419,0.222,0.906
r8_1863_valkyrie,"Name a valkyrie. Reply with only the name, nothing else.",0.65,brynhildr -> real,0.65,brynhildr -> real,0.6076,brynhildr -> real,60,66,0.0,0.267,0.16,60,90,30,0.0,0.16,9.4,brynhildr,0.75,4,2.28,8.15,0.421,"brynhildr 53%, brynhild 20%","<long> 27%, brynhildr 23%",0.6039,0.109,0.751
r8s_1632_track_event,"Suggest a type of track event. Reply with only the name, nothing else.",0.65,<long> -> bench,0.5472,100-meter dash -> real,0.5486,100-meter sprint -> bench,58,60,0.033,0.333,0.213,60,90,26,0.0,0.213,11.0,100-meter dash,0.7,3,2.23,10.1,0.373,"100-meter dash 35%, 100m sprint 10%","<long> 33%, 100-meter dash 26%",0.6225,0.185,0.752
r8s_1985_historical_place,"Suggest a type of historical place. Reply with only the name, nothing else.",0.65,<long> -> bench,0.6,colosseum -> real,0.6179,castle -> bench,60,63,0.0,0.3,0.18,60,90,42,0.0,0.173,9.0,roman colosseum,0.25,12,9.87,21.76,0.171,"colosseum 20%, pyramids of giza 8%","<long> 30%, castle 20%",0.6161,0.32,0.889
r8_0063_movie,"Name a movie. Reply with only the name, nothing else.",0.65,<long> -> bench,0.6167,inception -> real,0.5667,inception -> real,60,63,0.0,0.3,0.18,60,90,16,0.0,0.18,9.1,godfather,0.45,5,3.99,5.69,0.398,"inception 47%, shawshank redemption 25%","<long> 30%, inception 23%",0.6128,0.117,0.896
r8_0061_magazine,"Name a magazine. Reply with only the name, nothing else.",0.65,<long> -> bench,0.5944,vogue -> real,0.5968,time -> bench,60,63,0.0,0.3,0.18,60,90,9,0.0,0.18,7.7,time,0.8,3,1.85,2.71,0.699,"time 60%, vogue 27%","time 56%, <long> 30%",0.6308,0.149,1.124
r8_0801_type_of_shakespearean,"Name a type of shakespearean villain. Reply with only the name, nothing else.",0.65,<long> -> bench,0.6278,iago -> real,0.5167,tragic villain -> real,60,63,0.0,0.3,0.18,60,90,15,0.0,0.173,8.4,iago,0.5,9,5.51,2.39,0.829,"iago 83%, richard iii 3%","iago 58%, <long> 30%",0.5528,0.148,0.308
r8_0107_jam,"Name a jam. Reply with only the name, nothing else.",0.65,<long> -> bench,0.5972,strawberry -> real,0.5721,strawberry -> real,58,60,0.033,0.333,0.213,60,90,32,0.0,0.193,10.1,strawberry jam,0.7,5,2.67,9.31,0.39,"strawberry jam 37%, strawberry 32%","<long> 33%, strawberry jam 27%",0.6228,0.227,0.742
r8_0122_body_of_water,"Name a body of water. Reply with only the name, nothing else.",0.65,<long> -> bench,0.6111,pacific ocean -> real,0.5171,lake michigan -> real,60,63,0.0,0.3,0.18,60,90,21,0.0,0.18,8.3,pacific ocean,0.6,8,4.2,4.32,0.65,"pacific ocean 67%, lake superior 12%","pacific ocean 44%, <long> 30%",0.62,0.125,1.028
r8s_1516_leather,"Suggest a type of leather. Reply with only the name, nothing else.",0.65,<long> -> bench,0.65,full-grain leather -> real,0.5429,full-grain leather -> real,60,63,0.0,0.3,0.18,60,90,14,0.0,0.167,9.6,full-grain leather,0.95,2,1.22,2.82,0.756,"full-grain leather 80%, full-grain 13%","full-grain leather 50%, <long> 30%",0.6928,0.149,1.017
r8s_1720_casino_game,"Suggest a type of casino game. Reply with only the name, nothing else.",0.65,<long> -> bench,0.5944,blackjack -> real,0.5262,slot machines -> real,60,63,0.0,0.3,0.18,60,90,10,0.0,0.18,8.4,blackjack,0.9,3,1.48,3.04,0.675,"blackjack 67%, roulette 18%","blackjack 48%, <long> 30%",0.64,0.231,0.805
r8_1273_embroidery_style,"Name an embroidery style. Reply with only the name, nothing else.",0.65,<long> -> bench,0.5583,cross-stitch -> real,0.5345,cross-stitch -> bench,60,63,0.0,0.3,0.18,60,90,17,0.0,0.18,8.9,blackwork,0.45,5,3.24,4.49,0.585,"cross-stitch 55%, satin stitch 17%","cross-stitch 43%, <long> 30%",0.6208,0.208,1.105
r8_1292_vegetable_that_is_gree,"Name a vegetable that is green. Reply with only the name, nothing else.",0.65,broccoli -> real,0.65,broccoli -> real,0.5667,broccoli -> real,60,72,0.0,0.2,0.12,60,90,6,0.0,0.113,6.4,broccoli,0.95,2,1.22,1.54,0.894,"broccoli 97%, cucumber 2%","broccoli 67%, <long> 20%",0.625,0.166,1.078
r8_0254_breakfast_food,"Name a breakfast food. Reply with only the name, nothing else.",0.65,<long> -> bench,0.6306,pancakes -> real,0.5167,oatmeal -> real,60,63,0.0,0.3,0.18,60,90,8,0.0,0.18,9.0,pancakes,1.0,1,1.0,1.47,0.927,"pancakes 92%, oatmeal 3%","pancakes 66%, <long> 30%",0.6197,0.091,1.157
r8_0732_dried_culinary_herb,"Name a dried culinary herb. Reply with only the name, nothing else.",0.65,<long> -> bench,0.625,basil -> real,0.5702,oregano -> bench,60,63,0.0,0.3,0.18,60,90,8,0.0,0.167,8.1,basil,0.4,3,2.87,3.44,0.569,"basil 62%, thyme 25%","basil 37%, <long> 30%",0.6033,0.116,1.074
r8_0555_sculpture_material,"Name a sculpture material. Reply with only the name, nothing else.",0.65,<long> -> bench,0.6,bronze -> real,0.5786,bronze -> real,60,63,0.0,0.3,0.18,60,90,6,0.0,0.173,8.3,marble,0.85,3,1.68,2.06,0.74,"marble 68%, bronze 30%","marble 56%, <long> 30%",0.6181,0.129,0.988
r8_1327_imprisonment,"Name a type of imprisonment. Reply with only the name, nothing else.",0.65,<long> -> bench,0.6083,solitary confinement -> real,0.5202,solitary confinement -> bench,60,63,0.0,0.3,0.18,60,90,13,0.0,0.173,9.0,solitary confinement,0.75,3,1.99,2.18,0.837,"solitary confinement 82%, house arrest 7%","solitary confinement 60%, <long> 30%",0.6542,0.181,0.985
r8_1821_finfish,"Name a finfish. Reply with only the name, nothing else.",0.65,<long> -> bench,0.5861,salmon -> real,0.5147,trout -> bench,60,63,0.0,0.3,0.18,60,90,14,0.0,0.18,8.2,tuna,0.5,5,3.2,3.53,0.585,"salmon 58%, tuna 25%","salmon 41%, <long> 30%",0.6103,0.175,0.927
r8_1765_performance_art,"Name a performance art. Reply with only the name, nothing else.",0.65,<long> -> bench,0.525,rhythm 0 -> real,0.537,rhythm 0 -> bench,54,54,0.1,0.4,0.28,60,90,60,0.0,0.22,11.9,rhythm 0,0.7,7,3.15,25.37,0.352,"rhythm 0 28%, <long> 10%","<long> 40%, rhythm 0 23%",0.6181,0.338,0.754
r8_1774_custard,"Name a custard. Reply with only the name, nothing else.",0.65,<long> -> bench,0.5583,flan -> real,0.5647,crème brûlée -> bench,60,63,0.0,0.3,0.18,60,90,55,0.0,0.173,9.5,crème brûlée,0.75,5,2.45,19.78,0.35,"crème brûlée 28%, flan 15%","<long> 30%, crème brûlée 29%",0.5928,0.289,0.852
r8_1176_lake_color,"Name a lake color. Reply with only the name, nothing else.",0.65,<long> -> bench,0.5556,azure -> real,0.571,blue -> bench,60,63,0.0,0.3,0.18,60,90,20,0.0,0.18,7.9,blue,0.3,10,7.71,7.23,0.423,"blue 35%, emerald 15%","blue 34%, <long> 30%",0.5881,0.269,0.939
r8_0165_space_mission,"Name a space mission. Reply with only the name, nothing else.",0.65,apollo 11 -> real,0.65,apollo 11 -> real,0.5643,apollo 11 -> real,60,70,0.0,0.222,0.133,60,90,12,0.0,0.127,8.6,apollo 11,1.0,1,1.0,2.09,0.831,"apollo 11 90%, voyager 1 8%","apollo 11 60%, <long> 22%",0.6489,0.075,0.861
r8s_1430_physical_sensation,"Suggest a type of physical sensation. Reply with only the name, nothing else.",0.65,<long> -> bench,0.5806,warmth -> real,0.5381,tingling -> bench,60,63,0.0,0.3,0.18,60,90,28,0.0,0.18,8.4,warmth,0.35,11,8.01,6.97,0.553,"warmth 55%, tingle 8%","warmth 39%, <long> 30%",0.6292,0.302,0.865
r8s_1362_saxophone,"Suggest a type of saxophone. Reply with only the name, nothing else.",0.65,<long> -> bench,0.6111,alto saxophone -> real,0.502,alto -> bench,60,63,0.0,0.3,0.18,60,90,4,0.0,0.18,9.4,alto saxophone,0.95,2,1.22,1.9,0.732,"alto saxophone 73%, alto 25%","alto saxophone 51%, <long> 30%",0.6539,0.095,0.955
r8s_1573_seashore_find,"Suggest a type of seashore find. Reply with only the name, nothing else.",0.65,<long> -> bench,0.6389,sea glass -> real,0.5627,sea glass -> real,60,63,0.0,0.3,0.18,60,90,28,0.0,0.18,8.5,sea glass,0.85,4,1.8,6.86,0.569,"sea glass 63%, seashell 5%","sea glass 36%, <long> 30%",0.6614,0.295,0.802
r8s_1506_gymnastics_apparatus,"Suggest a type of gymnastics apparatus. Reply with only the name, nothing else.",0.65,<long> -> bench,0.5861,uneven bars -> real,0.6032,balance beam -> bench,60,63,0.0,0.3,0.18,60,90,13,0.0,0.18,8.5,uneven bars,0.65,2,1.91,4.84,0.439,"balance beam 33%, uneven bars 28%","balance beam 38%, <long> 30%",0.6342,0.142,0.905
r8s_1621_board_game_piece,"Suggest a type of board game piece. Reply with only the name, nothing else.",0.65,<long> -> bench,0.625,pawn -> real,0.5155,knight -> bench,60,63,0.0,0.3,0.18,60,90,13,0.0,0.18,7.6,pawn,0.9,3,1.48,2.42,0.813,"pawn 82%, rook 5%","pawn 57%, <long> 30%",0.635,0.23,0.947
r8_1345_pollutant,"Name a pollutant. Reply with only the name, nothing else.",0.65,<long> -> bench,0.6,carbon monoxide -> real,0.5599,carbon dioxide -> real,60,63,0.0,0.3,0.18,60,90,14,0.0,0.173,8.8,carbon monoxide,0.75,3,1.99,3.28,0.707,"carbon monoxide 70%, carbon dioxide 18%","carbon monoxide 50%, <long> 30%",0.6289,0.207,0.983
r8_1881_deep_sea_creature,"Name a type of deep sea creature. Reply with only the name, nothing else.",0.65,<long> -> bench,0.6194,anglerfish -> real,0.5508,giant squid -> real,60,63,0.0,0.3,0.18,60,90,10,0.0,0.18,9.1,anglerfish,0.85,2,1.53,1.83,0.862,"anglerfish 85%, giant squid 13%","anglerfish 61%, <long> 30%",0.6189,0.151,1.003
r8s_1235_prehistoric_mammal,"Suggest a type of prehistoric mammal. Reply with only the name, nothing else.",0.65,<long> -> bench,0.5972,morganucodon -> real,0.5341,thylacoleo -> real,60,63,0.0,0.3,0.18,60,90,40,0.0,0.167,9.9,morganucodon,0.4,11,7.58,9.81,0.528,"morganucodon 55%, thylacoleo 10%","morganucodon 36%, <long> 30%",0.6044,0.216,0.956
r8s_0986_artists_tool,"Suggest a type of artists' tool. Reply with only the name, nothing else.",0.65,<long> -> bench,0.5806,easel -> real,0.5837,brush -> bench,60,63,0.0,0.3,0.18,60,90,25,0.0,0.18,8.2,palette knife,0.3,7,5.69,10.19,0.236,"easel 25%, brush 15%","<long> 30%, brush 22%",0.6108,0.268,0.922
r8s_1086_greeting_card_occasion,"Suggest a type of greeting card occasion. Reply with only the name, nothing else.",0.65,<long> -> bench,0.5861,birthday -> real,0.552,birthday -> bench,60,63,0.0,0.3,0.18,60,90,10,0.0,0.173,7.4,birthday,0.9,3,1.48,1.87,0.87,"birthday 82%, wedding 7%","birthday 64%, <long> 30%",0.6344,0.112,0.892
r8_1125_noise,"Name a noise. Reply with only the name, nothing else.",0.65,<long> -> bench,0.5806,thunder -> real,0.5544,thunder -> real,60,63,0.0,0.3,0.18,60,90,41,0.0,0.173,7.9,buzz,0.4,9,6.43,20.43,0.228,"thunder 28%, white noise 10%","<long> 30%, thunder 12%",0.6378,0.335,0.945
r8s_1221_tire,"Suggest a type of tire. Reply with only the name, nothing else.",0.65,<long> -> bench,0.5278,all-season tires -> real,0.5619,all-season tire -> bench,60,63,0.0,0.3,0.18,60,90,19,0.0,0.18,9.6,all-season tire,0.4,7,5.45,6.11,0.463,"all-season tire 40%, all-season 20%","all-season tire 37%, <long> 30%",0.6311,0.131,1.106
r8s_1204_fast_food,"Suggest a type of fast food. Reply with only the name, nothing else.",0.65,<long> -> bench,0.5639,tacos -> real,0.5591,tacos -> real,60,63,0.0,0.3,0.18,60,90,11,0.0,0.18,8.2,burger,0.65,4,2.52,5.03,0.358,"burger 30%, pizza 28%","<long> 30%, burger 29%",0.62,0.111,0.957
r8_1403_medical_speciality,"Name a medical speciality. Reply with only the name, nothing else.",0.65,cardiology -> real,0.65,cardiology -> real,0.5218,cardiology -> real,60,65,0.0,0.278,0.167,60,90,7,0.0,0.16,8.2,cardiology,0.95,2,1.22,1.35,0.944,"cardiology 97%, neurology 2%","cardiology 67%, <long> 28%",0.6336,0.106,1.016
r8_1170_texture_in_music,"Name a texture in music. Reply with only the name, nothing else.",0.65,<long> -> bench,0.5889,timbre -> real,0.594,monophony -> bench,60,63,0.0,0.3,0.18,60,90,29,0.0,0.18,8.6,monophony,0.65,4,2.67,11.11,0.317,"timbre 37%, polyphony 13%","<long> 30%, timbre 19%",0.6122,0.247,0.88
r8_1186_basilisk,"Name a basilisk. Reply with only the name, nothing else.",0.65,<long> -> bench,0.5167,ammit -> real,0.5172,ammit -> real,58,60,0.033,0.333,0.213,60,90,113,0.0,0.207,10.1,loki,0.05,20,20.0,109.97,0.017,"ammit 3%, <long> 3%","<long> 33%, apophis 2%",0.6044,0.504,0.692
r8_0198_academic_field,"Name an academic field. Reply with only the name, nothing else.",0.65,<long> -> bench,0.5417,psychology -> real,0.5429,linguistics -> bench,60,63,0.0,0.3,0.18,60,90,22,0.0,0.167,8.2,linguistics,0.4,7,5.0,10.93,0.244,"linguistics 20%, biology 17%","<long> 30%, linguistics 20%",0.6064,0.23,0.913
r8s_1080_stadium,"Suggest a type of stadium. Reply with only the name, nothing else.",0.65,<long> -> bench,0.5333,oval stadium -> bench,0.5611,oval stadium -> bench,56,57,0.067,0.367,0.247,60,90,49,0.0,0.227,10.7,dome,0.15,12,10.9,29.86,0.115,"oval 10%, domed stadium 7%","<long> 37%, oval stadium 10%",0.6028,0.3,0.865
r8s_1155_dessert_topping,"Suggest a type of dessert topping. Reply with only the name, nothing else.",0.65,<long> -> bench,0.6472,whipped cream -> real,0.5548,chocolate sauce -> bench,60,63,0.0,0.3,0.18,60,90,18,0.0,0.173,9.0,whipped cream,0.85,3,1.68,3.77,0.699,"whipped cream 75%, caramel drizzle 7%","whipped cream 46%, <long> 30%",0.6272,0.213,1.128
r8_1986_button,"Name a button. Reply with only the name, nothing else.",0.65,<long> -> bench,0.6167,submit -> real,0.5509,submit -> real,58,60,0.033,0.333,0.213,60,90,35,0.0,0.207,8.6,enter,0.35,8,5.52,9.39,0.5,"submit 53%, enter 8%","<long> 33%, submit 30%",0.6517,0.249,0.582
r8s_1211_fish_scale,"Suggest a type of fish scale. Reply with only the name, nothing else.",0.65,<long> -> bench,0.6417,ctenoid -> real,0.5845,ctenoid -> real,60,63,0.0,0.3,0.18,60,90,9,0.0,0.18,9.2,ctenoid,0.5,4,3.22,3.35,0.463,"ctenoid 55%, cycloid 37%","<long> 30%, cycloid 30%",0.6453,0.082,0.931
r8_0244_atmospheric_layer,"Name an atmospheric layer. Reply with only the name, nothing else.",0.65,<long> -> bench,0.6,stratosphere -> real,0.5571,stratosphere -> real,60,63,0.0,0.3,0.18,60,90,7,0.0,0.18,9.2,troposphere,0.95,2,1.22,2.34,0.618,"troposphere 58%, stratosphere 40%","troposphere 46%, <long> 30%",0.6158,0.051,1.124
r8_0255_grass,"Name a type of grass. Reply with only the name, nothing else.",0.65,<long> -> bench,0.5972,kentucky bluegrass -> real,0.5782,kentucky bluegrass -> real,60,63,0.0,0.3,0.18,60,90,22,0.0,0.167,9.3,bermuda grass,0.35,7,4.78,8.81,0.317,"kentucky bluegrass 28%, bermuda grass 27%","<long> 30%, bermuda grass 26%",0.6031,0.138,0.98
r8s_0198_academic_field,"Suggest a type of academic field. Reply with only the name, nothing else.",0.65,<long> -> bench,0.5722,linguistics -> real,0.575,computer science -> bench,60,63,0.0,0.3,0.18,60,90,39,0.0,0.18,8.6,quantum physics,0.25,11,9.21,17.24,0.26,"linguistics 20%, computer science 18%","<long> 30%, computer science 23%",0.6064,0.221,0.826
r8_0635_battery,"Name a type of battery. Reply with only the name, nothing else.",0.65,lithium-ion -> real,0.65,lithium-ion -> real,0.5297,lithium-ion battery -> bench,60,64,0.0,0.289,0.173,60,90,6,0.0,0.173,9.7,lithium-ion,0.85,2,1.53,1.68,0.871,"lithium-ion 90%, lithium-ion battery 5%","lithium-ion 60%, <long> 29%",0.655,0.07,0.978
r8_1848_tree_leaf,"Name a tree leaf. Reply with only the name, nothing else.",0.65,<long> -> bench,0.6222,oak -> real,0.5298,oak leaf -> bench,60,63,0.0,0.3,0.18,60,90,15,0.0,0.18,7.7,oak,0.8,2,1.65,3.12,0.715,"oak 73%, oak leaf 8%","oak 49%, <long> 30%",0.6494,0.23,1.105
r8_1823_hot_sauce,"Name a hot sauce. Reply with only the name, nothing else.",0.65,<long> -> bench,0.5667,tabasco -> real,0.5474,tabasco -> bench,58,60,0.033,0.333,0.213,60,90,22,0.0,0.2,9.5,tabasco,0.95,2,1.22,4.07,0.703,"tabasco 63%, habanero 8%","tabasco 50%, <long> 33%",0.6039,0.197,1.147
r8_0773_rocket,"Name a rocket. Reply with only the name, nothing else.",0.65,<long> -> bench,0.6028,falcon 9 -> real,0.5575,falcon 9 -> real,60,63,0.0,0.3,0.18,60,90,28,0.0,0.18,9.2,falcon 9,0.6,2,1.96,7.82,0.358,"falcon 9 42%, saturn v 37%","<long> 30%, falcon 9 21%",0.6142,0.18,0.959
r8_0714_supernova,"Name a supernova. Reply with only the name, nothing else.",0.65,<long> -> bench,0.5694,supernova 1987a -> real,0.5889,sn 1987a -> bench,60,63,0.0,0.3,0.18,60,90,14,0.0,0.18,12.4,sn 1987a,1.0,1,1.0,3.21,0.691,"sn 1987a 60%, supernova 1987a 22%","sn 1987a 54%, <long> 30%",0.6064,0.208,1.011
r8s_1972_respiratory_part,"Suggest a type of respiratory part. Reply with only the name, nothing else.",0.65,<long> -> bench,0.5639,trachea -> real,0.5766,alveoli -> bench,60,63,0.0,0.3,0.18,60,90,21,0.0,0.18,8.8,lung,0.4,7,5.07,9.93,0.236,"lung 23%, trachea 15%","<long> 30%, alveoli 19%",0.6161,0.245,0.876
r8s_1888_dancer,"Suggest a type of dancer. Reply with only the name, nothing else.",0.65,<long> -> bench,0.5944,ballerina -> real,0.5194,flamenco -> real,60,63,0.0,0.3,0.18,60,90,10,0.0,0.173,9.0,ballerina,0.75,4,2.23,2.83,0.715,"ballerina 70%, flamenco 15%","ballerina 51%, <long> 30%",0.6197,0.072,1.043
r8s_1925_economic_term,"Suggest a type of economic term. Reply with only the name, nothing else.",0.65,<long> -> bench,0.6,gdp -> real,0.5643,gdp -> real,60,63,0.0,0.3,0.18,60,90,26,0.0,0.18,8.5,inflation,0.55,5,3.12,7.57,0.382,"gdp 37%, inflation 37%","<long> 30%, inflation 28%",0.6097,0.279,0.881
r8_0480_month,"Name a month. Reply with only the name, nothing else.",0.65,<long> -> bench,0.6167,january -> real,0.5472,june -> bench,60,63,0.0,0.3,0.18,60,90,15,0.0,0.18,7.4,january,0.65,5,2.99,4.7,0.602,"january 63%, july 10%","january 40%, <long> 30%",0.6306,0.285,1.003
r8_0689_fairy,"Name a fairy. Reply with only the name, nothing else.",0.65,<long> -> bench,0.5833,tinkerbell -> real,0.569,tinkerbell -> real,60,63,0.0,0.3,0.18,60,90,28,0.0,0.18,8.7,tinker bell,0.95,2,1.22,9.17,0.407,"tinker bell 35%, tinkerbell 23%","tinker bell 32%, <long> 30%",0.6331,0.135,0.684
r8_1045_fastening_device,"Name a fastening device. Reply with only the name, nothing else.",0.65,<long> -> bench,0.5611,bolt -> real,0.5179,nail -> bench,60,63,0.0,0.3,0.18,60,90,8,0.0,0.18,8.2,nail,0.45,3,2.91,3.76,0.358,"bolt 37%, screw 33%","<long> 30%, bolt 24%",0.6244,0.118,0.829
r8_1009_sprocket,"Name a sprocket. Reply with only the name, nothing else.",0.65,<long> -> bench,0.5361,idler -> real,0.5348,idler -> real,58,60,0.033,0.333,0.213,60,90,81,0.0,0.2,9.9,toothed wheel,0.15,18,16.96,62.01,0.068,"idler 8%, idler sprocket 8%","<long> 33%, chainring 4%",0.6172,0.456,1.134
r8s_0491_fairground_food,"Suggest a type of fairground food. Reply with only the name, nothing else.",0.65,<long> -> bench,0.5611,cotton candy -> real,0.5337,corn dog -> real,60,63,0.0,0.3,0.18,60,90,15,0.0,0.18,9.0,cotton candy,0.55,4,3.07,5.49,0.48,"cotton candy 47%, corn dogs 18%","cotton candy 34%, <long> 30%",0.6067,0.178,0.964
r8s_0443_animal_sound,"Suggest a type of animal sound. Reply with only the name, nothing else.",0.65,<long> -> bench,0.5639,bark -> real,0.5567,roar -> bench,60,63,0.0,0.3,0.18,60,90,13,0.0,0.18,8.2,roar,0.8,3,1.89,5.38,0.341,"roar 28%, meow 23%","<long> 30%, roar 28%",0.6164,0.094,0.856
r8_0934_chemical_bond,"Name a chemical bond. Reply with only the name, nothing else.",0.65,<long> -> bench,0.6389,covalent bond -> real,0.5179,ionic bond -> real,60,63,0.0,0.3,0.18,60,90,6,0.0,0.18,9.7,covalent bond,0.8,2,1.65,1.8,0.854,"covalent bond 87%, ionic bond 8%","covalent bond 59%, <long> 30%",0.635,0.176,0.972
r8_0947_theater_term,"Name a theater term. Reply with only the name, nothing else.",0.65,<long> -> bench,0.525,entracte -> real,0.5317,stage direction -> bench,60,63,0.0,0.3,0.18,60,90,57,0.0,0.18,8.8,proscenium,0.15,17,15.83,38.54,0.098,"curtain call 10%, proscenium 8%","<long> 30%, proscenium 8%",0.6089,0.458,0.926
r8_0965_garden_implement,"Name a type of garden implement. Reply with only the name, nothing else.",0.65,<long> -> bench,0.5583,rake -> real,0.5631,shovel -> bench,60,63,0.0,0.3,0.18,60,90,8,0.0,0.18,8.4,shovel,0.45,5,3.69,4.47,0.415,"shovel 35%, rake 28%","shovel 33%, <long> 30%",0.6025,0.216,1.009
r8s_0389_dance_move,"Suggest a type of dance move. Reply with only the name, nothing else.",0.65,<long> -> bench,0.5417,moonwalk -> real,0.5369,moonwalk -> bench,60,63,0.0,0.3,0.18,60,90,23,0.0,0.173,8.4,moonwalk,0.65,6,3.2,6.56,0.488,"moonwalk 45%, salsa 18%","moonwalk 37%, <long> 30%",0.6353,0.201,0.874
r8_0496_compass,"Name a type of compass. Reply with only the name, nothing else.",0.65,<long> -> bench,0.6417,magnetic compass -> real,0.5313,marine compass -> bench,60,63,0.0,0.3,0.18,60,90,12,0.0,0.18,9.1,magnetic compass,0.95,2,1.22,2.47,0.789,"magnetic compass 82%, mariners compass 10%","magnetic compass 53%, <long> 30%",0.6447,0.177,0.972
r8_1655_file_format,"Name a file format. Reply with only the name, nothing else.",0.65,<long> -> bench,0.6194,pdf -> real,0.5813,json -> real,58,60,0.033,0.333,0.213,60,90,20,0.0,0.207,8.7,pdf,0.9,3,1.48,5.21,0.475,"pdf 52%, json 37%","<long> 33%, pdf 28%",0.6389,0.222,0.643
r8_1788_printmaking,"Name a type of printmaking. Reply with only the name, nothing else.",0.65,<long> -> bench,0.5833,lithography -> real,0.5774,etching -> bench,60,63,0.0,0.3,0.18,60,90,4,0.0,0.18,8.6,etching,0.65,3,2.21,2.56,0.496,"lithography 43%, etching 42%","etching 40%, <long> 30%",0.6217,0.101,1.036
r8_0681_singer,"Name a singer. Reply with only the name, nothing else.",0.65,<long> -> bench,0.5972,adele -> real,0.5639,adele -> real,60,63,0.0,0.3,0.18,60,90,15,0.0,0.173,8.5,adele,0.55,5,3.44,4.09,0.537,"taylor swift 52%, adele 35%","taylor swift 39%, <long> 30%",0.6194,0.185,0.98
r8_0696_carnival_game,"Name a carnival game. Reply with only the name, nothing else.",0.65,<long> -> bench,0.5444,ring toss -> real,0.5651,ring toss -> bench,60,63,0.0,0.3,0.18,60,90,29,0.0,0.18,9.2,ring toss,0.7,5,2.74,5.22,0.667,"ring toss 60%, hook a duck 7%","ring toss 51%, <long> 30%",0.6303,0.307,1.014
r8s_0451_underground_feature,"Suggest a type of underground feature. Reply with only the name, nothing else.",0.65,<long> -> bench,0.5444,cave -> real,0.5794,cave -> bench,60,63,0.0,0.3,0.18,60,90,18,0.0,0.18,8.7,cave,0.6,5,3.18,3.28,0.748,"cave 67%, sinkhole 8%","cave 58%, <long> 30%",0.6172,0.21,0.963
r8s_0557_lipid,"Suggest a type of lipid. Reply with only the name, nothing else.",0.65,<long> -> bench,0.6083,triglyceride -> real,0.5512,triglyceride -> real,60,63,0.0,0.3,0.18,60,90,12,0.0,0.173,9.9,triglyceride,0.75,3,2.08,3.81,0.431,"triglyceride 48%, phospholipid 33%","<long> 30%, phospholipid 28%",0.65,0.114,0.927
r8_0379_bear,"Name a bear. Reply with only the name, nothing else.",0.65,<long> -> bench,0.5611,baloo -> real,0.5302,polar bear -> bench,60,63,0.0,0.3,0.18,60,90,27,0.0,0.18,8.5,baloo,0.3,7,5.52,12.5,0.236,"baloo 27%, winnie 13%","<long> 30%, baloo 14%",0.6433,0.165,0.907
r8_1552_custard_dessert,"Name a custard dessert. Reply with only the name, nothing else.",0.65,<long> -> bench,0.5972,crème brûlée -> real,0.5437,flan -> real,60,63,0.0,0.3,0.18,60,90,16,0.0,0.18,9.9,crème brûlée,0.65,5,2.86,3.36,0.691,"crème brûlée 68%, flan 17%","crème brûlée 49%, <long> 30%",0.6192,0.13,1.08
r8s_0493_habitat,"Suggest a type of habitat. Reply with only the name, nothing else.",0.65,<long> -> bench,0.5611,coral reef -> real,0.5472,desert -> bench,60,63,0.0,0.3,0.18,60,90,26,0.0,0.167,8.5,rainforest,0.45,5,3.69,10.51,0.276,"rainforest 25%, coral reef 23%","<long> 30%, rainforest 21%",0.6172,0.321,0.792
r8_0416_garden_feature,"Name a type of garden feature. Reply with only the name, nothing else.",0.65,<long> -> bench,0.5667,fountain -> real,0.5476,fountain -> bench,60,63,0.0,0.3,0.18,60,90,11,0.0,0.18,8.3,fountain,0.6,6,3.56,2.84,0.715,"fountain 67%, gazebo 15%","fountain 53%, <long> 30%",0.6006,0.212,0.966
r8_0406_horror_movie,"Name a horror movie. Reply with only the name, nothing else.",0.65,<long> -> bench,0.5889,conjuring -> real,0.6147,exorcist -> bench,60,63,0.0,0.3,0.18,60,90,14,0.0,0.18,9.3,exorcist,0.5,3,2.57,4.95,0.39,"shining 42%, conjuring 23%","<long> 30%, exorcist 29%",0.6181,0.112,1.037
r8_1566_breaker,"Name a breaker. Reply with only the name, nothing else.",0.65,<long> -> bench,0.5528,circuit breaker -> real,0.5556,circuit breaker -> real,54,54,0.1,0.4,0.28,60,90,97,0.0,0.24,11.3,circuit breaker,0.45,11,6.94,85.72,0.074,"circuit breaker 12%, <long> 10%","<long> 40%, breaker 3%",0.6356,0.591,0.679
r8_1624_pizza,"Name a pizza. Reply with only the name, nothing else.",0.65,<long> -> bench,0.5972,pepperoni -> real,0.5151,margherita -> real,60,63,0.0,0.3,0.18,60,90,9,0.0,0.173,9.0,pepperoni,0.6,3,2.28,2.87,0.61,"pepperoni 62%, margherita 30%","pepperoni 42%, <long> 30%",0.6211,0.062,1.072
r8_0385_lighting_fixture,"Name a type of lighting fixture. Reply with only the name, nothing else.",0.65,<long> -> bench,0.5861,pendant light -> real,0.5766,pendant light -> real,60,63,0.0,0.3,0.18,60,90,11,0.0,0.173,8.3,chandelier,0.85,2,1.53,2.65,0.74,"chandelier 68%, pendant light 22%","chandelier 56%, <long> 30%",0.6261,0.213,0.99
r8s_0942_waterway,"Suggest a type of waterway. Reply with only the name, nothing else.",0.65,river -> real,0.65,river -> real,0.6094,river -> real,60,64,0.0,0.289,0.173,60,90,4,0.0,0.16,7.6,canal,0.75,2,1.75,2.03,0.605,"river 50%, canal 50%","canal 50%, <long> 29%",0.6292,0.083,0.912
r8s_0997_ice_formation,"Suggest a type of ice formation. Reply with only the name, nothing else.",0.65,<long> -> bench,0.5639,glacier -> real,0.5635,frazil ice -> bench,60,63,0.0,0.3,0.18,60,90,38,0.0,0.173,8.7,frost,0.25,13,10.58,20.07,0.171,"glacier 22%, frost 15%","<long> 30%, frost 13%",0.6203,0.329,0.967
r8_0257_feeling,"Name a type of feeling. Reply with only the name, nothing else.",0.65,<long> -> bench,0.6,nostalgia -> real,0.6,nostalgia -> real,60,63,0.0,0.3,0.18,60,90,11,0.0,0.18,8.1,joy,0.7,2,1.84,3.52,0.585,"joy 48%, happiness 20%","joy 48%, <long> 30%",0.6086,0.144,1.058
r8_0712_fish,"Name a fish. Reply with only the name, nothing else.",0.65,<long> -> bench,0.6389,salmon -> real,0.5484,salmon -> real,60,63,0.0,0.3,0.18,60,90,17,0.0,0.167,8.3,salmon,0.8,3,1.89,3.82,0.65,"salmon 70%, tuna 17%","salmon 42%, <long> 30%",0.6325,0.219,0.862
r8_0265_facial_feature,"Name a type of facial feature. Reply with only the name, nothing else.",0.65,<long> -> bench,0.5583,nose -> real,0.5488,nose -> bench,60,63,0.0,0.3,0.18,60,90,10,0.0,0.167,8.1,nose,0.9,2,1.38,3.25,0.667,"nose 62%, eye 12%","nose 50%, <long> 30%",0.6394,0.173,0.858
r8_1079_orchestras_instrument,"Name a type of orchestras instrument. Reply with only the name, nothing else.",0.65,<long> -> bench,0.625,violin -> real,0.5167,cello -> real,60,63,0.0,0.3,0.18,60,90,8,0.0,0.18,8.2,violin,0.95,2,1.22,1.63,0.894,"violin 88%, viola 7%","violin 63%, <long> 30%",0.6406,0.164,0.995
r8_1017_leviathan,"Name a leviathan. Reply with only the name, nothing else.",0.65,<long> -> bench,0.5417,behemoth -> real,0.5322,kraken -> bench,58,60,0.033,0.333,0.213,60,90,58,0.0,0.213,10.0,behemoth,0.3,15,11.68,27.35,0.254,"behemoth 25%, kraken 7%","<long> 33%, behemoth 17%",0.6242,0.298,0.808
r8_1031_diving_position,"Name a diving position. Reply with only the name, nothing else.",0.65,<long> -> bench,0.5361,tuck dive -> real,0.5891,pike -> bench,58,60,0.033,0.333,0.213,60,90,53,0.0,0.2,9.5,layout,0.2,15,12.85,23.13,0.246,"pike 15%, tuck dive 12%","<long> 33%, pike 22%",0.6181,0.379,0.728
r8_0189_carnival_ride,"Name a carnival ride. Reply with only the name, nothing else.",0.65,<long> -> bench,0.6361,ferris wheel -> real,0.5167,merry-go-round -> real,60,63,0.0,0.3,0.18,60,90,9,0.0,0.173,9.1,ferris wheel,1.0,1,1.0,1.78,0.878,"ferris wheel 88%, tilt-a-whirl 3%","ferris wheel 61%, <long> 30%",0.6342,0.162,0.982
r8_0196_vehicle,"Name a vehicle. Reply with only the name, nothing else.",0.65,<long> -> bench,0.5583,car -> bench,0.6083,car -> bench,60,63,0.0,0.3,0.18,60,90,22,0.0,0.173,8.4,tesla model s,0.35,7,5.13,10.87,0.228,"tesla model 3 17%, tesla model s 17%","<long> 30%, car 23%",0.6547,0.093,0.991
r8_0305_dinner_food,"Name a dinner food. Reply with only the name, nothing else.",0.65,<long> -> bench,0.6167,pizza -> real,0.5603,pasta -> bench,60,63,0.0,0.3,0.18,60,90,20,0.0,0.167,8.1,pasta,0.3,7,6.04,7.18,0.439,"pizza 50%, pasta 13%","<long> 30%, pizza 27%",0.6131,0.112,0.92
r8_1495_drink_type,"Name a drink type. Reply with only the name, nothing else.",0.65,<long> -> bench,0.6083,espresso -> real,0.5869,espresso -> real,60,63,0.0,0.3,0.18,60,90,21,0.0,0.173,8.2,coffee,0.45,6,4.46,9.86,0.228,"espresso 32%, lemonade 20%","<long> 30%, lemonade 17%",0.6186,0.304,0.9
r8_0298_writing_system,"Name a writing system. Reply with only the name, nothing else.",0.65,<long> -> bench,0.5333,hangul -> real,0.5694,latin -> bench,60,63,0.0,0.3,0.18,60,90,30,0.0,0.173,8.2,latin,0.3,9,7.32,9.39,0.488,"latin 42%, hangul 10%","latin 39%, <long> 30%",0.6269,0.322,0.965
r8_0314_essential_oil,"Name an essential oil. Reply with only the name, nothing else.",0.65,lavender -> real,0.65,lavender -> real,0.5724,lavender -> real,60,73,0.0,0.189,0.113,60,90,7,0.0,0.113,6.4,lavender,0.95,2,1.22,1.65,0.887,"lavender 97%, peppermint 2%","lavender 67%, <long> 19%",0.6161,0.136,1.073
r8s_0947_theater_term,"Suggest a type of theater term. Reply with only the name, nothing else.",0.65,<long> -> bench,0.5667,monologue -> real,0.6159,proscenium -> bench,60,63,0.0,0.3,0.18,60,90,44,0.0,0.173,9.1,proscenium,0.2,13,11.19,18.23,0.252,"tragedy 17%, proscenium 13%","<long> 30%, proscenium 26%",0.6036,0.36,0.757
r8_0308_skirt,"Name a skirt. Reply with only the name, nothing else.",0.65,<long> -> bench,0.6056,pencil skirt -> real,0.5365,pencil skirt -> real,60,63,0.0,0.3,0.18,60,90,32,0.0,0.173,8.9,pencil skirt,0.8,5,2.18,9.47,0.496,"pencil skirt 53%, a-line 8%","pencil skirt 32%, <long> 30%",0.6503,0.258,0.836
r8_0580_astronomical_event,"Name an astronomical event. Reply with only the name, nothing else.",0.65,<long> -> bench,0.5861,solar eclipse -> real,0.5758,supernova -> bench,60,63,0.0,0.3,0.18,60,90,22,0.0,0.18,8.7,solar eclipse,0.4,10,6.89,6.91,0.423,"solar eclipse 45%, supernova 15%","<long> 30%, solar eclipse 28%",0.6128,0.197,1.01
r8_0279_wetland,"Name a wetland. Reply with only the name, nothing else.",0.65,<long> -> bench,0.6333,everglades -> real,0.5159,bog -> bench,60,63,0.0,0.3,0.18,60,90,23,0.0,0.18,9.6,everglades,0.85,3,1.68,2.75,0.821,"everglades 83%, lobster lake swamp 2%","everglades 57%, <long> 30%",0.6031,0.151,0.964
r8_1982_frosting,"Name a type of frosting. Reply with only the name, nothing else.",0.65,<long> -> bench,0.6361,buttercream -> real,0.5091,buttercream -> bench,60,63,0.0,0.3,0.18,60,90,7,0.0,0.173,9.0,buttercream,1.0,1,1.0,1.27,0.959,"buttercream 95%, caramel frosting 2%","buttercream 68%, <long> 30%",0.6453,0.106,1.113
r8_1746_zoo_exhibit,"Name a zoo exhibit. Reply with only the name, nothing else.",0.65,<long> -> bench,0.5333,penguin cove -> real,0.5267,penguin cove -> real,58,60,0.033,0.333,0.213,60,90,82,0.0,0.207,10.3,rainforest,0.1,19,18.66,67.51,0.076,"penguin cove 10%, giraffe plaza 5%","<long> 33%, safari 3%",0.6142,0.194,0.846
r8_0815_robe,"Name a robe. Reply with only the name, nothing else.",0.65,<long> -> bench,0.5306,bathrobe -> bench,0.573,bathrobe -> bench,58,60,0.033,0.333,0.213,60,90,82,0.0,0.2,10.0,bathrobe,0.6,9,4.5,49.44,0.195,"bathrobe 12%, toga 8%","<long> 33%, bathrobe 18%",0.6133,0.386,0.856
r8_0643_camera_lens,"Name a type of camera lens. Reply with only the name, nothing else.",0.65,<long> -> bench,0.5944,telephoto -> real,0.5421,telephoto -> real,60,63,0.0,0.3,0.18,60,90,11,0.0,0.18,8.8,prime lens,0.3,6,5.24,4.66,0.39,"telephoto 43%, telephoto lens 28%","<long> 30%, telephoto lens 24%",0.6369,0.315,0.996
r8_1737_cheese_blue,"Name a cheese blue. Reply with only the name, nothing else.",0.65,<long> -> bench,0.625,roquefort -> real,0.5722,gorgonzola -> bench,60,63,0.0,0.3,0.18,60,90,11,0.0,0.173,9.2,gorgonzola,0.5,4,2.75,3.44,0.488,"roquefort 55%, gorgonzola 30%","gorgonzola 31%, <long> 30%",0.615,0.122,0.826
r8_1739_racket,"Name a racket. Reply with only the name, nothing else.",0.65,<long> -> bench,0.5528,tennis -> real,0.552,tennis -> real,58,60,0.033,0.333,0.213,60,90,54,0.0,0.207,9.9,tennis racket,0.85,4,1.8,23.67,0.288,"tennis racket 25%, tennis 12%","<long> 33%, tennis racket 21%",0.5925,0.253,0.702
r8s_0076_internal_organ,"Suggest a type of internal organ. Reply with only the name, nothing else.",0.65,<long> -> bench,0.6222,liver -> real,0.5167,lung -> real,60,63,0.0,0.3,0.18,60,90,6,0.0,0.173,7.4,liver,0.85,3,1.68,1.87,0.797,"liver 80%, heart 17%","liver 56%, <long> 30%",0.6389,0.226,1.006
r8s_0047_primate,"Suggest a type of primate. Reply with only the name, nothing else.",0.65,<long> -> bench,0.5972,chimpanzee -> real,0.5194,gorilla -> real,60,63,0.0,0.3,0.18,60,90,6,0.0,0.18,9.0,chimpanzee,0.7,3,2.27,2.37,0.732,"chimpanzee 72%, gorilla 15%","chimpanzee 52%, <long> 30%",0.6344,0.315,1.006
r8s_0067_individual_sport,"Suggest a type of individual sport. Reply with only the name, nothing else.",0.65,<long> -> bench,0.6167,tennis -> real,0.5202,swimming -> bench,60,63,0.0,0.3,0.18,60,90,13,0.0,0.18,8.2,tennis,0.65,5,2.86,2.74,0.724,"tennis 73%, swimming 15%","tennis 50%, <long> 30%",0.6272,0.155,0.901
r8s_1115_laughter,"Suggest a type of laughter. Reply with only the name, nothing else.",0.65,giggle -> real,0.65,giggle -> real,0.5877,giggle -> real,59,64,0.017,0.289,0.18,60,90,12,0.0,0.173,8.8,giggle,0.55,5,3.59,4.24,0.553,"giggle 63%, chuckle 17%","giggle 33%, <long> 29%",0.6253,0.302,0.905
r8s_1088_castle_feature,"Suggest a type of castle feature. Reply with only the name, nothing else.",0.65,<long> -> bench,0.6111,moat -> real,0.558,moat -> real,58,60,0.033,0.333,0.213,60,90,24,0.0,0.2,9.2,moat,0.25,9,7.48,8.19,0.424,"moat 47%, battlements 15%","<long> 33%, moat 24%",0.6086,0.215,0.909
r8_0185_cracker,"Name a cracker. Reply with only the name, nothing else.",0.65,<long> -> bench,0.5333,oreo -> real,0.5296,ritz -> real,50,48,0.167,0.467,0.347,60,90,61,0.0,0.347,13.7,cheez-it,0.25,11,8.82,39.11,0.102,"<long> 17%, oreo 10%","<long> 47%, saltine 6%",0.6331,0.394,0.664
r8_0205_kitchen_appliance,"Name a kitchen appliance. Reply with only the name, nothing else.",0.65,<long> -> bench,0.6167,blender -> real,0.5881,blender -> real,60,63,0.0,0.3,0.18,60,90,7,0.0,0.18,8.2,blender,0.5,4,2.75,2.56,0.634,"toaster 58%, blender 37%","toaster 48%, <long> 30%",0.6281,0.144,1.118
r8_0978_bottle_material,"Name a bottle material. Reply with only the name, nothing else.",0.65,<long> -> bench,0.6028,glass -> real,0.5425,glass -> bench,60,63,0.0,0.3,0.18,60,90,3,0.0,0.18,7.5,glass,0.95,2,1.22,1.3,0.927,"glass 88%, plastic 12%","glass 68%, <long> 30%",0.6133,0.14,1.082
r8_1478_chemical_reaction,"Name a chemical reaction. Reply with only the name, nothing else.",0.65,<long> -> bench,0.6333,combustion -> real,0.5833,combustion -> real,60,63,0.0,0.3,0.18,60,90,19,0.0,0.173,8.7,combustion,0.55,5,3.44,5.35,0.415,"combustion 50%, photosynthesis 33%","<long> 30%, combustion 23%",0.6542,0.166,0.921
r8_1431_motorcycle_style,"Name a motorcycle style. Reply with only the name, nothing else.",0.65,<long> -> bench,0.6056,cruiser -> real,0.5274,cafe racer -> real,60,63,0.0,0.3,0.18,60,90,5,0.0,0.18,9.2,cruiser,0.9,3,1.48,1.83,0.821,"cruiser 80%, cafe racer 15%","cruiser 59%, <long> 30%",0.62,0.076,0.965
r8_1438_appetizer,"Name an appetizer. Reply with only the name, nothing else.",0.65,<long> -> bench,0.5472,bruschetta -> real,0.525,spinach artichoke dip -> real,60,63,0.0,0.3,0.18,60,90,25,0.0,0.167,9.0,spring rolls,0.25,9,7.08,12.43,0.276,"bruschetta 28%, wings 18%","<long> 30%, bruschetta 19%",0.6211,0.356,0.822
r8_1406_latte_flavor,"Name a latte flavor. Reply with only the name, nothing else.",0.65,<long> -> bench,0.5778,caramel macchiato -> real,0.5611,caramel macchiato -> real,60,63,0.0,0.3,0.18,60,90,9,0.0,0.18,8.9,vanilla,0.9,3,1.48,3.06,0.667,"vanilla 62%, caramel macchiato 23%","vanilla 50%, <long> 30%",0.5969,0.146,1.191
r8_0227_vinegar,"Name a vinegar. Reply with only the name, nothing else.",0.65,<long> -> bench,0.5917,balsamic vinegar -> real,0.55,apple cider vinegar -> bench,60,63,0.0,0.3,0.18,60,90,9,0.0,0.18,9.8,balsamic vinegar,0.7,3,2.23,3.35,0.496,"balsamic vinegar 52%, apple cider vinegar 23%","balsamic vinegar 33%, <long> 30%",0.6289,0.081,0.919
r8_0944_electric_animal,"Name an electric animal. Reply with only the name, nothing else.",0.65,electric eel -> real,0.65,electric eel -> real,0.5218,electric eel -> real,60,65,0.0,0.278,0.167,60,90,7,0.0,0.167,8.7,electric eel,0.95,2,1.22,1.35,0.944,"electric eel 97%, platypus 2%","electric eel 67%, <long> 28%",0.6233,0.082,0.909
r8_0943_telephone_brand,"Name a telephone brand. Reply with only the name, nothing else.",0.65,<long> -> bench,0.6306,samsung -> real,0.6528,nokia -> bench,60,63,0.0,0.3,0.18,60,90,7,0.0,0.18,7.9,nokia,0.5,4,3.35,4.01,0.407,"samsung 35%, nokia 25%","nokia 39%, <long> 30%",0.6417,0.077,1.068
r8_0940_blood_vessel,"Name a blood vessel. Reply with only the name, nothing else.",0.65,aorta -> real,0.65,aorta -> real,0.5413,aorta -> real,60,67,0.0,0.256,0.153,60,90,10,0.0,0.147,7.4,aorta,1.0,1,1.0,1.73,0.89,"aorta 93%, vena cava 2%","aorta 63%, <long> 26%",0.6267,0.123,1.015
r8_0454_taco_filling,"Name a type of taco filling. Reply with only the name, nothing else.",0.65,<long> -> bench,0.5694,carnitas -> real,0.5599,carnitas -> real,60,63,0.0,0.3,0.18,60,90,14,0.0,0.18,9.4,carne asada,0.8,3,1.85,5.41,0.496,"carne asada 48%, carnitas 18%","carne asada 36%, <long> 30%",0.6025,0.245,0.976
r8_0551_honey,"Name a honey. Reply with only the name, nothing else.",0.65,<long> -> bench,0.5333,bella -> real,0.5397,clover honey -> bench,60,63,0.0,0.3,0.18,60,90,62,0.0,0.18,8.6,manuka,0.4,4,3.34,37.66,0.13,"bumble 12%, clover 10%","<long> 30%, bumble 10%",0.6342,0.326,1.147
r8s_0272_electronic_device,"Suggest a type of electronic device. Reply with only the name, nothing else.",0.65,<long> -> bench,0.6056,smartphone -> real,0.5583,smartwatch -> real,60,63,0.0,0.3,0.18,60,90,10,0.0,0.173,8.1,smartphone,0.85,3,1.68,2.15,0.821,"smartphone 80%, smartwatch 12%","smartphone 59%, <long> 30%",0.6589,0.216,0.811
r8_0534_fairy,"Name a fairy. Reply with only the name, nothing else.",0.65,<long> -> bench,0.6083,tinkerbell -> real,0.594,tinkerbell -> real,60,63,0.0,0.3,0.18,60,90,30,0.0,0.173,8.8,tinker bell,0.95,2,1.22,9.04,0.423,"tinker bell 38%, tinkerbell 28%","tinker bell 32%, <long> 30%",0.6244,0.136,0.684
r8_0970_capital_city,"Name a capital city. Reply with only the name, nothing else.",0.65,<long> -> bench,0.6,paris -> real,0.5274,tokyo -> real,60,63,0.0,0.3,0.18,60,90,9,0.0,0.18,7.6,paris,0.95,2,1.22,2.8,0.707,"paris 70%, tokyo 15%","paris 50%, <long> 30%",0.6161,0.179,1.042
r8_1460_visual_art_technique,"Name a visual-art technique. Reply with only the name, nothing else.",0.65,<long> -> bench,0.5528,pointillism -> real,0.5663,sfumato -> bench,60,63,0.0,0.3,0.18,60,90,15,0.0,0.18,9.0,impasto,0.4,3,2.95,6.69,0.285,"impasto 22%, sfumato 22%","<long> 30%, sfumato 24%",0.6064,0.071,0.935
r8_0756_blessing,"Name a type of blessing. Reply with only the name, nothing else.",0.6472,<long> -> bench,0.5333,benediction -> real,0.5258,baraka -> real,59,62,0.017,0.311,0.193,60,90,58,0.0,0.18,9.1,benediction,0.15,18,16.96,26.38,0.281,"benediction 27%, amen 8%","<long> 31%, benediction 20%",0.6406,0.507,0.723
r8_0724_ham,"Name a ham. Reply with only the name, nothing else.",0.6472,<long> -> bench,0.5611,bacon -> real,0.5565,canadian bacon -> bench,59,62,0.017,0.311,0.193,60,90,57,0.0,0.187,9.1,spam,0.35,10,7.16,30.5,0.132,"bacon 17%, hamlet 15%","<long> 31%, canadian bacon 8%",0.6364,0.296,1.134
r8_0858_social_media_platform,"Name a social media platform. Reply with only the name, nothing else.",0.6472,<long> -> bench,0.5556,instagram -> real,0.5474,twitter -> bench,59,62,0.017,0.311,0.193,60,90,9,0.0,0.18,7.6,instagram,0.55,4,2.92,4.16,0.421,"twitter 37%, facebook 30%","twitter 32%, <long> 31%",0.62,0.089,0.917
r8s_1485_pirate,"Suggest a type of pirate. Reply with only the name, nothing else.",0.6472,<long> -> bench,0.5444,blackbeard -> real,0.5552,sea dog -> bench,59,62,0.017,0.311,0.193,60,90,45,0.0,0.193,9.5,privateer,0.25,12,9.46,19.52,0.264,"blackbeard 27%, privateer 8%","<long> 31%, blackbeard 18%",0.6064,0.354,0.831
r8s_1427_grape_wine,"Suggest a type of grape wine. Reply with only the name, nothing else.",0.6472,cabernet sauvignon -> real,0.6472,cabernet sauvignon -> real,0.5799,cabernet sauvignon -> real,59,68,0.017,0.244,0.153,60,90,10,0.0,0.147,8.9,cabernet sauvignon,0.5,4,3.21,2.86,0.677,"cabernet sauvignon 75%, chardonnay 15%","cabernet sauvignon 46%, <long> 24%",0.6428,0.291,1.104
r8s_1539_sports_team,"Suggest a type of sports team. Reply with only the name, nothing else.",0.6472,<long> -> bench,0.5556,soccer team -> real,0.5372,soccer team -> real,59,62,0.017,0.311,0.193,60,90,23,0.0,0.173,8.8,basketball team,0.55,8,4.66,11.12,0.174,"soccer team 20%, basketball 20%","<long> 31%, soccer 12%",0.6169,0.253,0.873
r8_0168_sports_equipment,"Name a type of sports equipment. Reply with only the name, nothing else.",0.6472,<long> -> bench,0.6111,basketball -> real,0.5744,basketball -> real,59,62,0.017,0.311,0.193,60,90,8,0.0,0.193,9.1,basketball,0.75,2,1.75,2.88,0.562,"tennis racket 53%, basketball 40%","tennis racket 40%, <long> 31%",0.6169,0.117,1.0
r8s_1501_gear,"Suggest a type of gear. Reply with only the name, nothing else.",0.6472,<long> -> bench,0.6111,spur gear -> bench,0.6685,spur gear -> bench,59,62,0.017,0.311,0.193,60,90,53,0.0,0.167,9.1,climbing harness,0.1,19,18.66,27.13,0.207,"hiking boots 17%, bicycle helmet 7%","<long> 31%, spur gear 26%",0.6833,0.452,0.911
r8_1847_piano_brand,"Name a piano brand. Reply with only the name, nothing else.",0.6472,steinway & sons -> real,0.6472,steinway & sons -> real,0.6059,steinway & sons -> real,60,68,0.0,0.244,0.147,60,90,7,0.0,0.147,8.8,steinway & sons,0.9,2,1.38,2.95,0.438,"steinway & sons 55%, steinway 33%","steinway 39%, steinway & sons 26%",0.5825,0.181,0.956
r8_0743_music_instrument_famil,"Name a music instrument family. Reply with only the name, nothing else.",0.6472,strings -> real,0.6472,strings -> real,0.5687,string -> bench,60,64,0.0,0.289,0.173,60,90,10,0.0,0.173,7.3,strings,0.7,5,2.74,2.75,0.734,"strings 78%, string 5%","strings 49%, <long> 29%",0.6103,0.089,0.976
r8_0778_barbecue_style,"Name a barbecue style. Reply with only the name, nothing else.",0.6472,<long> -> bench,0.5472,texas -> real,0.5774,kansas city -> bench,59,62,0.017,0.311,0.193,60,90,16,0.0,0.193,8.7,kansas city,0.3,10,8.05,5.99,0.388,"texas-style 37%, texas 22%","<long> 31%, texas-style 28%",0.6289,0.161,0.995
r8s_1722_speaker,"Suggest a type of speaker. Reply with only the name, nothing else.",0.6472,<long> -> bench,0.5639,bluetooth speaker -> real,0.6151,bookshelf speaker -> bench,57,59,0.05,0.344,0.227,60,90,35,0.0,0.193,10.1,bookshelf speaker,0.75,5,2.45,11.2,0.328,"bluetooth speaker 25%, bookshelf speaker 20%","<long> 34%, bookshelf speaker 29%",0.6444,0.268,0.525
r8s_1738_kitchen_gadget,"Suggest a type of kitchen gadget. Reply with only the name, nothing else.",0.6472,<long> -> bench,0.5722,immersion blender -> real,0.5552,mandoline slicer -> bench,59,62,0.017,0.311,0.193,60,90,25,0.0,0.187,9.6,immersion blender,0.45,9,5.64,8.78,0.38,"garlic press 33%, immersion blender 23%","<long> 31%, garlic press 29%",0.6142,0.352,1.193
r8s_0180_cleaning_product,"Suggest a type of cleaning product. Reply with only the name, nothing else.",0.6472,<long> -> bench,0.5833,all-purpose cleaner -> real,0.5258,dish soap -> real,59,62,0.017,0.311,0.193,60,90,21,0.0,0.193,10.0,all-purpose cleaner,0.85,4,1.8,5.44,0.62,"all-purpose cleaner 60%, windex 8%","all-purpose cleaner 43%, <long> 31%",0.6042,0.278,0.846
r8s_0215_soap,"Suggest a type of soap. Reply with only the name, nothing else.",0.6472,<long> -> bench,0.5806,lavender -> real,0.5481,lavender -> real,59,62,0.017,0.311,0.193,60,90,29,0.0,0.187,9.4,castile soap,0.6,7,3.92,11.8,0.273,"lavender 32%, castile soap 18%","<long> 31%, castile soap 19%",0.5956,0.222,0.902
r8_1564_rice_dish,"Name a rice dish. Reply with only the name, nothing else.",0.6472,<long> -> bench,0.5583,biryani -> real,0.5898,paella -> bench,59,62,0.017,0.311,0.193,60,90,18,0.0,0.193,9.0,paella,0.55,4,2.92,7.88,0.38,"paella 28%, biryani 22%","paella 32%, <long> 31%",0.5989,0.256,0.78
r8_0399_prey,"Name a prey. Reply with only the name, nothing else.",0.6472,<long> -> bench,0.6417,deer -> real,0.6078,deer -> real,59,62,0.017,0.311,0.193,60,90,19,0.0,0.187,8.6,rabbit,0.5,5,3.2,6.66,0.347,"deer 45%, rabbit 27%","<long> 31%, rabbit 23%",0.6447,0.321,0.993
r8_1516_leather,"Name a leather. Reply with only the name, nothing else.",0.6472,<long> -> bench,0.5778,full-grain leather -> real,0.5749,cowhide -> bench,59,62,0.017,0.311,0.193,60,90,26,0.0,0.187,9.1,full-grain leather,0.7,6,2.94,9.94,0.314,"cowhide 23%, full-grain leather 23%","<long> 31%, cowhide 27%",0.6442,0.19,0.909
r8_1052_doll_brand,"Name a doll brand. Reply with only the name, nothing else.",0.6472,<long> -> bench,0.5778,american girl -> real,0.5582,barbie -> bench,59,62,0.017,0.311,0.193,60,90,13,0.0,0.193,8.7,barbie,0.95,2,1.22,2.86,0.653,"barbie 58%, american girl 30%","barbie 49%, <long> 31%",0.6142,0.089,0.901
r8s_0855_food_group,"Suggest a type of food group. Reply with only the name, nothing else.",0.6472,vegetables -> real,0.6472,vegetables -> real,0.5982,vegetables -> real,60,69,0.0,0.233,0.14,60,90,14,0.0,0.14,7.5,vegetables,0.55,5,3.59,4.37,0.512,"vegetables 62%, grains 17%","vegetables 32%, <long> 23%",0.6231,0.216,1.062
r8s_0107_jam,"Suggest a type of jam. Reply with only the name, nothing else.",0.6472,strawberry -> real,0.6472,strawberry -> real,0.6021,strawberry -> real,60,64,0.0,0.289,0.173,60,90,21,0.0,0.173,9.2,strawberry,0.55,2,1.99,5.68,0.411,"strawberry 52%, strawberry jam 28%","<long> 29%, strawberry jam 26%",0.655,0.162,0.795
r8s_0179_primary_color,"Suggest a type of primary color. Reply with only the name, nothing else.",0.6472,<long> -> bench,0.6444,blue -> real,0.6663,red -> bench,59,62,0.017,0.311,0.193,60,90,9,0.0,0.187,8.0,red,0.95,2,1.22,2.45,0.628,"red 45%, blue 43%","red 54%, <long> 31%",0.6544,0.104,0.88
r8s_0114_ballet,"Suggest a type of ballet. Reply with only the name, nothing else.",0.6472,<long> -> bench,0.575,pas de deux -> real,0.5749,classical ballet -> bench,59,62,0.017,0.311,0.193,60,90,33,0.0,0.193,9.3,classical ballet,0.5,8,5.14,12.67,0.314,"classical ballet 23%, pas de deux 22%","<long> 31%, classical ballet 27%",0.5925,0.272,0.751
r8_1695_talent,"Name a talent. Reply with only the name, nothing else.",0.6472,<long> -> bench,0.525,juggling -> real,0.529,taylor swift -> bench,59,62,0.017,0.311,0.193,60,90,69,0.0,0.18,8.9,singing,0.5,8,5.14,37.86,0.165,"taylor swift 13%, singing 12%","<long> 31%, taylor swift 13%",0.6208,0.491,0.5
r8s_0087_fuel,"Suggest a type of fuel. Reply with only the name, nothing else.",0.6472,<long> -> bench,0.5528,petrol -> real,0.5513,petrol -> real,59,62,0.017,0.311,0.193,60,90,19,0.0,0.187,8.7,diesel,0.35,8,5.12,7.4,0.306,"gasoline 28%, hydrogen 23%","<long> 31%, gasoline 22%",0.5994,0.183,0.909
r8_1499_greeting_card,"Name a greeting card. Reply with only the name, nothing else.",0.6472,<long> -> bench,0.5639,hallmark -> real,0.5462,hallmark -> real,57,59,0.05,0.344,0.227,60,90,39,0.0,0.193,9.2,happy birthday,0.4,9,6.16,16.45,0.276,"happy birthday 25%, hallmark 22%","<long> 34%, happy birthday 19%",0.6317,0.178,0.708
r8_1076_noble,"Name a noble. Reply with only the name, nothing else.",0.6472,<long> -> bench,0.525,napoleon bonaparte -> real,0.5254,napoleon bonaparte -> real,59,62,0.017,0.311,0.193,60,90,93,0.0,0.173,9.0,nelson mandela,0.1,17,16.25,80.61,0.041,"king arthur 5%, napoleon bonaparte 5%","<long> 31%, noble 3%",0.6347,0.517,0.806
r8_1609_type_of_historical_fig,"Name a type of historical figure. Reply with only the name, nothing else.",0.6472,<long> -> bench,0.5417,philosopher -> real,0.5258,napoleon bonaparte -> real,59,62,0.017,0.311,0.193,60,90,39,0.0,0.187,8.9,emperor,0.2,11,9.25,22.05,0.207,"philosopher 22%, emperor 7%","<long> 31%, philosopher 13%",0.6228,0.395,0.558
r8_0439_cake_flavor,"Name a cake flavor. Reply with only the name, nothing else.",0.6472,chocolate fudge -> real,0.6472,chocolate fudge -> real,0.6311,chocolate fudge -> real,60,66,0.0,0.267,0.16,60,90,12,0.0,0.147,7.3,chocolate,0.7,3,2.11,3.42,0.579,"chocolate 45%, chocolate fudge 38%","chocolate 51%, <long> 27%",0.6192,0.17,1.093
r8_1038_gum,"Name a gum. Reply with only the name, nothing else.",0.6472,<long> -> bench,0.6,trident -> real,0.5872,trident -> real,59,62,0.017,0.311,0.193,60,90,49,0.0,0.187,9.3,trident,0.3,10,7.51,24.79,0.182,"trident 27%, dubble bubble 12%","<long> 31%, dubble bubble 12%",0.6219,0.249,0.964
r8_1063_accessory,"Name an accessory. Reply with only the name, nothing else.",0.6472,<long> -> bench,0.5694,watch -> real,0.585,scarf -> bench,59,62,0.017,0.311,0.193,60,90,35,0.0,0.193,8.8,scarf,0.5,4,2.99,16.83,0.24,"watch 18%, scarf 15%","<long> 31%, scarf 22%",0.6311,0.289,0.734
r8_1628_tomb,"Name a tomb. Reply with only the name, nothing else.",0.6472,<long> -> bench,0.5722,taj mahal -> real,0.5975,tutankhamuns tomb -> bench,57,59,0.05,0.344,0.227,60,90,31,0.0,0.193,11.8,tutankhamuns tomb,0.35,7,5.5,11.36,0.345,"tutankhamuns tomb 23%, taj mahal 17%","<long> 34%, tutankhamuns tomb 29%",0.6397,0.153,1.015
r8_1643_endo,"Name an endo. Reply with only the name, nothing else.",0.6472,<long> -> bench,0.5083,<x48> -> real,0.5091,endometrium -> real,55,56,0.083,0.378,0.26,60,90,104,0.0,0.24,11.1,daniel,0.05,20,20.0,96.59,0.054,"<long> 8%, endo 5%","<long> 38%, endo 3%",0.6606,0.522,0.892
r8s_0317_fabric,"Suggest a type of fabric. Reply with only the name, nothing else.",0.6472,<long> -> bench,0.5361,silk -> real,0.5901,cotton -> bench,59,62,0.017,0.311,0.193,60,90,10,0.0,0.193,8.6,silk,0.45,4,3.02,3.05,0.702,"cotton 60%, silk 12%","cotton 54%, <long> 31%",0.6203,0.155,0.848
r8_0910_handlebar,"Name a handlebar. Reply with only the name, nothing else.",0.6472,<long> -> bench,0.5278,ape hanger -> real,0.5169,cowhorn -> real,59,62,0.017,0.311,0.193,60,90,75,0.0,0.187,9.5,ape hanger,0.4,8,5.84,49.82,0.124,"ape hanger 13%, mustache 8%","<long> 31%, ape hanger 8%",0.6389,0.385,0.711
r8_0881_cologne,"Name a cologne. Reply with only the name, nothing else.",0.6472,<long> -> bench,0.5472,acqua di giò -> real,0.5432,acqua di giò -> real,59,62,0.017,0.311,0.193,60,90,38,0.0,0.187,10.6,dior sauvage,0.4,10,6.6,18.32,0.165,"dior sauvage 18%, bleu de chanel 13%","<long> 31%, dior sauvage 10%",0.6003,0.237,0.934
r8_0546_puzzle,"Name a puzzle. Reply with only the name, nothing else.",0.6472,<long> -> bench,0.5806,rubiks cube -> real,0.5698,rubiks cube -> real,59,62,0.017,0.311,0.193,60,90,18,0.0,0.18,9.3,sudoku,0.65,3,2.21,5.19,0.545,"sudoku 48%, rubiks cube 22%","sudoku 41%, <long> 31%",0.6253,0.209,0.773
r8s_1091_bread_loaf,"Suggest a type of bread loaf. Reply with only the name, nothing else.",0.6472,sourdough -> real,0.6472,sourdough -> real,0.5147,sourdough -> real,60,65,0.0,0.278,0.167,60,90,6,0.0,0.167,8.6,sourdough,0.95,2,1.22,1.2,0.968,"sourdough 98%, sourdoy 2%","sourdough 69%, <long> 28%",0.6564,0.052,1.144
r8_1441_electrical_outlet,"Name an electrical outlet. Reply with only the name, nothing else.",0.6472,<long> -> bench,0.5778,nema 5-15 -> real,0.5614,gfci -> real,57,59,0.05,0.344,0.227,60,90,27,0.0,0.207,11.1,nema 5-15,0.5,5,3.45,11.12,0.353,"nema 5-15 37%, gfci 12%","<long> 34%, nema 5-15 21%",0.62,0.228,1.115
r8_0211_writing_surface,"Name a writing surface. Reply with only the name, nothing else.",0.6472,<long> -> bench,0.5861,paper -> real,0.5174,whiteboard -> real,59,62,0.017,0.311,0.193,60,90,30,0.0,0.18,8.3,paper,0.8,5,2.18,6.9,0.595,"paper 58%, whiteboard 5%","paper 41%, <long> 31%",0.6372,0.343,0.697
r8_0195_stationery_item,"Name a stationery item. Reply with only the name, nothing else.",0.6472,<long> -> bench,0.5944,stapler -> real,0.5864,stapler -> real,59,62,0.017,0.311,0.193,60,90,8,0.0,0.187,8.4,pencil,0.55,3,2.33,3.36,0.488,"pencil 43%, pen 27%","pencil 37%, <long> 31%",0.6014,0.134,1.013
r8_0033_circus_act,"Name a circus act. Reply with only the name, nothing else.",0.6472,<long> -> bench,0.5278,tightrope walker -> real,0.5757,tightrope walking -> bench,59,62,0.017,0.311,0.193,60,90,47,0.0,0.18,10.5,tightrope walking,0.65,8,3.78,22.21,0.281,"tightrope walking 20%, human cannonball 8%","<long> 31%, tightrope walking 24%",0.6219,0.202,0.847
r8_0929_hub,"Name a hub. Reply with only the name, nothing else.",0.6472,<long> -> bench,0.525,san francisco -> real,0.5339,ohare -> bench,57,59,0.05,0.344,0.227,60,90,80,0.0,0.2,9.5,ohare international airport,0.2,16,14.14,59.3,0.078,"github 8%, san francisco 8%","<long> 34%, dubai 6%",0.6411,0.489,0.516
r8_1740_plate_type,"Name a plate type. Reply with only the name, nothing else.",0.6472,<long> -> bench,0.5361,porcelain -> real,0.5424,tectonic plate -> bench,57,59,0.05,0.344,0.227,60,90,57,0.0,0.213,9.9,dinner plate,0.25,14,11.34,28.54,0.19,"dinner plate 18%, ceramic 17%","<long> 34%, dinner plate 12%",0.6225,0.35,0.842
r8_0600_ship_type,"Name a ship type. Reply with only the name, nothing else.",0.6472,<long> -> bench,0.5722,dreadnought -> real,0.6027,battleship -> bench,59,62,0.017,0.311,0.193,60,90,20,0.0,0.193,9.3,battleship,0.6,5,3.18,6.34,0.529,"battleship 42%, dreadnought 17%","battleship 43%, <long> 31%",0.5983,0.346,0.98
r8_0609_jellyfish,"Name a jellyfish. Reply with only the name, nothing else.",0.6472,<long> -> bench,0.5639,moon jellyfish -> real,0.5951,box jellyfish -> bench,59,62,0.017,0.311,0.193,60,90,30,0.0,0.193,9.3,moon jellyfish,0.7,5,2.74,7.51,0.463,"moon jellyfish 45%, moon jelly 18%","moon jellyfish 32%, <long> 31%",0.6147,0.18,0.728
r8_1891_gimbal,"Name a gimbal. Reply with only the name, nothing else.",0.6472,<long> -> bench,0.5722,dji osmo mobile -> real,0.5629,dji osmo mobile -> real,57,59,0.05,0.344,0.227,60,90,56,0.0,0.213,11.3,dji rs3 pro,0.2,10,8.63,29.72,0.147,"dji osmo mobile 20%, dji ronin 15%","<long> 34%, dji ronin 7%",0.7378,0.354,1.127
r8_1971_petal,"Name a petal. Reply with only the name, nothing else.",0.6472,<long> -> bench,0.6111,rose -> real,0.5645,rose petal -> bench,59,62,0.017,0.311,0.193,60,90,23,0.0,0.193,8.3,rose,0.65,8,3.78,4.11,0.702,"rose 70%, petal 7%","rose 48%, <long> 31%",0.6508,0.191,0.943
r8_1058_ninja,"Name a ninja. Reply with only the name, nothing else.",0.6472,<long> -> bench,0.5778,hattori hanzō -> real,0.5767,hattori hanzō -> real,59,62,0.017,0.311,0.193,60,90,25,0.0,0.193,10.6,naruto uzumaki,0.5,5,3.79,8.33,0.355,"naruto 32%, hattori hanzo 23%","<long> 31%, naruto 27%",0.6267,0.189,0.975
r8_1421_ice_cream_cone,"Name an ice cream cone. Reply with only the name, nothing else.",0.6472,<long> -> bench,0.5861,neapolitan -> real,0.5707,neapolitan -> real,59,62,0.017,0.311,0.193,60,90,64,0.0,0.187,9.5,waffle cone,0.35,11,7.67,37.07,0.182,"neapolitan 25%, mcflurry 8%","<long> 31%, sugar cone 9%",0.6333,0.442,0.975
r8s_1293_medical_equipment,"Suggest a type of medical equipment. Reply with only the name, nothing else.",0.6472,<long> -> bench,0.5694,stethoscope -> real,0.5215,mri machine -> real,59,62,0.017,0.311,0.193,60,90,15,0.0,0.187,9.0,stethoscope,0.6,7,3.92,4.87,0.413,"stethoscope 42%, mri scanner 27%","<long> 31%, stethoscope 28%",0.6231,0.135,0.723
r8_0037_percussion_instrument,"Name a type of percussion instrument. Reply with only the name, nothing else.",0.6472,<long> -> bench,0.5917,drum -> real,0.566,snare drum -> bench,59,62,0.017,0.311,0.193,60,90,13,0.0,0.187,9.1,drum,0.55,3,2.53,4.2,0.463,"drum 48%, snare drum 27%","<long> 31%, drum 30%",0.6061,0.146,0.876
r8s_1359_wind,"Suggest a type of wind. Reply with only the name, nothing else.",0.6472,<long> -> bench,0.5694,zephyr -> real,0.5537,zephyr -> real,59,62,0.017,0.311,0.193,60,90,23,0.0,0.193,8.9,zephyr,0.3,9,7.19,10.74,0.264,"breeze 27%, zephyr 22%","<long> 31%, breeze 18%",0.6261,0.259,0.953
r8_1377_celestial_body_type,"Name a celestial body type. Reply with only the name, nothing else.",0.6472,<long> -> bench,0.5972,neutron star -> real,0.5578,neutron star -> real,59,62,0.017,0.311,0.193,60,90,20,0.0,0.193,8.9,star,0.35,9,6.51,9.0,0.331,"neutron star 38%, star 18%","<long> 31%, neutron star 19%",0.6178,0.361,0.959
r8s_1386_historical_figure,"Suggest a type of historical figure. Reply with only the name, nothing else.",0.6472,<long> -> bench,0.5667,napoleon bonaparte -> real,0.5533,napoleon bonaparte -> real,59,62,0.017,0.311,0.193,60,90,43,0.0,0.187,9.6,leonardo da vinci,0.2,13,11.19,20.84,0.231,"leonardo da vinci 22%, napoleon bonaparte 20%","<long> 31%, leonardo da vinci 17%",0.6333,0.495,0.704
r8_1137_tripod,"Name a tripod. Reply with only the name, nothing else.",0.6472,<long> -> bench,0.5806,manfrotto -> real,0.5638,manfrotto -> real,57,59,0.05,0.344,0.227,60,90,52,0.0,0.2,10.4,manfrotto,0.35,10,7.47,22.92,0.198,"manfrotto 25%, gorillapod 17%","<long> 34%, gorillapod 11%",0.63,0.306,0.912
r8_1346_moral_quality,"Name a moral quality. Reply with only the name, nothing else.",0.6472,<long> -> bench,0.6056,integrity -> real,0.5735,integrity -> real,59,62,0.017,0.311,0.193,60,90,8,0.0,0.193,9.1,honesty,0.8,3,1.85,3.27,0.545,"honesty 47%, integrity 37%","honesty 42%, <long> 31%",0.6281,0.196,1.032
r8_1333_outdoor_adventure,"Name a type of outdoor adventure. Reply with only the name, nothing else.",0.6472,rock climbing -> real,0.6472,rock climbing -> real,0.5797,rock climbing -> real,59,62,0.017,0.311,0.193,60,90,10,0.0,0.187,8.7,rock climbing,0.85,3,1.68,3.88,0.545,"rock climbing 62%, hiking 17%","rock climbing 32%, <long> 31%",0.6133,0.259,0.88
r8_0775_texture_of_food,"Name a texture of food. Reply with only the name, nothing else.",0.6472,<long> -> bench,0.5889,crispy -> real,0.5711,crispy -> real,59,62,0.017,0.311,0.193,60,90,23,0.0,0.187,9.2,crunchy,0.75,3,1.99,5.74,0.512,"crunchy 52%, crispy 27%","crunchy 34%, <long> 31%",0.6192,0.419,0.794
r8_1957_flammable_substance,"Name a flammable substance. Reply with only the name, nothing else.",0.6472,<long> -> bench,0.6417,gasoline -> real,0.5499,gasoline -> real,59,62,0.017,0.311,0.193,60,90,12,0.0,0.187,8.6,gasoline,0.7,3,2.11,3.03,0.678,"gasoline 72%, propane 18%","gasoline 43%, <long> 31%",0.6383,0.323,1.089
r8_0695_president,"Name a president. Reply with only the name, nothing else.",0.6472,<long> -> bench,0.6083,george washington -> real,0.5767,abraham lincoln -> real,59,62,0.017,0.311,0.193,60,90,13,0.0,0.187,8.7,george washington,0.85,4,1.8,3.86,0.645,"george washington 65%, abraham lincoln 17%","george washington 43%, <long> 31%",0.6394,0.2,1.047
r8_1943_salamandra,"Name a salamandra. Reply with only the name, nothing else.",0.6472,<long> -> bench,0.6028,axolotl -> real,0.5441,axolotl -> real,59,62,0.017,0.311,0.193,60,90,24,0.0,0.187,10.4,axolotl,0.6,4,2.63,6.38,0.446,"axolotl 48%, salamandra salamandra 20%","<long> 31%, axolotl 28%",0.6225,0.206,0.905
r8_0478_jacket,"Name a jacket. Reply with only the name, nothing else.",0.6472,bomber jacket -> real,0.6472,bomber jacket -> real,0.6102,bomber jacket -> real,58,66,0.033,0.267,0.173,60,90,30,0.0,0.16,8.5,bomber jacket,0.75,5,2.45,8.48,0.452,"bomber jacket 55%, bomber 13%","<long> 27%, bomber jacket 26%",0.6392,0.273,0.999
r8_0444_dress_style,"Name a dress style. Reply with only the name, nothing else.",0.6472,bohemian -> real,0.6472,bohemian -> real,0.6008,bohemian -> real,60,66,0.0,0.267,0.16,60,90,24,0.0,0.16,8.2,a-line,0.65,7,3.52,7.38,0.444,"bohemian 55%, a-line 15%","<long> 27%, bohemian 26%",0.6533,0.306,0.873
r8_0794_bird_mating_call,"Name a bird mating call. Reply with only the name, nothing else.",0.6472,<long> -> bench,0.525,hoot -> bench,0.5421,hoot -> bench,57,59,0.05,0.344,0.227,60,90,83,0.0,0.2,10.2,hoot,0.2,17,15.16,66.0,0.069,"whoop 5%, <long> 5%","<long> 34%, coo 7%",0.5936,0.446,0.767
r8_0946_pod_spice,"Name a pod spice. Reply with only the name, nothing else.",0.6472,<long> -> bench,0.5361,melange -> real,0.5333,cinnamon -> bench,57,59,0.05,0.344,0.227,60,90,74,0.0,0.227,10.1,melange,0.6,8,4.2,48.97,0.138,"melange 15%, <long> 5%","<long> 34%, melange 8%",0.5972,0.457,0.712
r8_0460_scarf,"Name a scarf. Reply with only the name, nothing else.",0.6472,<long> -> bench,0.5306,infinity scarf -> real,0.5161,scarlet -> bench,59,62,0.017,0.311,0.193,60,90,70,0.0,0.187,9.6,infinity scarf,0.45,9,6.04,34.45,0.264,"infinity scarf 25%, infinity 7%","<long> 31%, infinity scarf 19%",0.6136,0.405,0.965
r8_0935_workbook,"Name a workbook. Reply with only the name, nothing else.",0.6472,<long> -> bench,0.5167,excel workbook -> bench,0.5268,excel workbook -> bench,55,56,0.083,0.378,0.26,60,90,107,0.0,0.193,11.4,mastering excel,0.1,18,17.41,103.3,0.027,"<long> 8%, anthropic-oauth kubernetes diagnostics 2%","<long> 38%, excel workbook 3%",0.6408,0.516,0.49
r8_1182_writing_method,"Name a writing method. Reply with only the name, nothing else.",0.6472,<long> -> bench,0.5583,freewriting -> real,0.5351,snowflake method -> real,59,62,0.017,0.311,0.193,60,90,35,0.0,0.187,9.4,freewriting,0.8,3,1.85,8.93,0.512,"freewriting 48%, snowflake method 12%","freewriting 37%, <long> 31%",0.6469,0.249,0.847
r8s_1967_fruit_seed,"Suggest a type of fruit seed. Reply with only the name, nothing else.",0.6472,<long> -> bench,0.5944,mango -> real,0.5936,mango -> real,59,62,0.017,0.311,0.193,60,90,28,0.0,0.193,8.6,mango,0.15,14,12.52,10.83,0.273,"apple 25%, apple seed 22%","<long> 31%, apple seed 22%",0.6072,0.197,0.952
r8s_1920_gymnastics_event,"Suggest a type of gymnastics event. Reply with only the name, nothing else.",0.6444,<long> -> bench,0.5472,artistic gymnastics -> real,0.5531,balance beam -> bench,60,64,0.0,0.289,0.173,60,90,20,0.0,0.173,8.6,floor exercise,0.25,7,6.35,8.76,0.29,"floor exercise 28%, vault 20%","<long> 29%, floor exercise 21%",0.6103,0.253,1.019
r8_0247_olympic_event,"Name an olympic event. Reply with only the name, nothing else.",0.6444,<long> -> bench,0.5389,100m sprint -> real,0.5333,100m backstroke -> real,60,64,0.0,0.289,0.173,60,90,27,0.0,0.173,9.9,100-meter sprint,0.3,8,5.94,15.14,0.177,"100-meter sprint 17%, 100m sprint 13%","<long> 29%, 100-meter sprint 13%",0.6217,0.322,1.028
r8_0069_dairy_product,"Name a dairy product. Reply with only the name, nothing else.",0.6444,<long> -> bench,0.5778,cheese -> real,0.5448,cheddar -> real,60,64,0.0,0.289,0.173,60,90,8,0.0,0.167,8.0,cheese,0.85,3,1.68,2.24,0.774,"cheese 73%, cheddar 18%","cheese 58%, <long> 29%",0.6369,0.217,1.168
r8_0066_sea_creature,"Name a type of sea creature. Reply with only the name, nothing else.",0.6444,<long> -> bench,0.6194,octopus -> real,0.5698,octopus -> real,60,64,0.0,0.289,0.173,60,90,10,0.0,0.173,8.4,octopus,0.55,4,3.07,4.13,0.411,"octopus 48%, dolphin 35%","<long> 29%, octopus 24%",0.6525,0.132,0.979
r8_0075_villain,"Name a villain. Reply with only the name, nothing else.",0.6444,<long> -> bench,0.6111,darth vader -> real,0.5682,darth vader -> real,60,64,0.0,0.289,0.173,60,90,23,0.0,0.173,8.6,darth vader,0.4,7,4.41,8.43,0.363,"darth vader 43%, sauron 18%","<long> 29%, darth vader 21%",0.5933,0.141,0.587
r8s_1701_canvas,"Suggest a type of canvas. Reply with only the name, nothing else.",0.6444,<long> -> bench,0.5333,cotton duck -> bench,0.5834,canvas -> bench,56,58,0.067,0.356,0.24,60,90,44,0.0,0.22,9.9,cotton duck,0.45,8,5.49,20.07,0.246,"canvas 15%, watercolor 7%","<long> 36%, canvas 21%",0.6294,0.245,0.636
r8_0161_cereal,"Name a cereal. Reply with only the name, nothing else.",0.6444,<long> -> bench,0.5583,cheerios -> real,0.5443,cornflakes -> bench,60,64,0.0,0.289,0.173,60,90,24,0.0,0.167,9.2,frosted flakes,0.25,10,8.37,11.85,0.234,"corn flakes 23%, cheerios 22%","<long> 29%, corn flakes 17%",0.6411,0.226,1.001
r8_0130_fast_food_chain,"Name a fast food chain. Reply with only the name, nothing else.",0.6444,mcdonalds -> real,0.6444,mcdonalds -> real,0.5224,mcdonalds -> real,60,67,0.0,0.256,0.153,60,90,4,0.0,0.147,8.3,mcdonalds,1.0,1,1.0,1.14,0.976,mcdonalds 100%,"mcdonalds 71%, <long> 26%",0.5964,0.079,1.015
r8_0158_aquatic_plant,"Name an aquatic plant. Reply with only the name, nothing else.",0.6444,<long> -> bench,0.5778,water lily -> real,0.5339,elodea -> real,60,64,0.0,0.289,0.173,60,90,23,0.0,0.167,8.7,water lily,0.8,4,2.03,5.71,0.573,"water lily 57%, seagrass 13%","water lily 41%, <long> 29%",0.5978,0.269,0.88
r8_1282_bread_shape,"Name a bread shape. Reply with only the name, nothing else.",0.6444,<long> -> bench,0.6083,baguette -> real,0.5203,baguette -> bench,60,64,0.0,0.289,0.173,60,90,11,0.0,0.167,8.9,baguette,0.95,2,1.22,1.91,0.871,"baguette 85%, loaf 3%","baguette 63%, <long> 29%",0.6439,0.15,1.107
r8_1242_transistor,"Name a transistor. Reply with only the name, nothing else.",0.6444,2n3904 -> real,0.6444,2n3904 -> real,0.6364,2n3904 -> real,60,66,0.0,0.267,0.16,60,90,19,0.0,0.16,9.3,bjt,0.35,5,3.95,8.02,0.365,"bjt 37%, 2n3904 33%","<long> 27%, bjt 27%",0.7192,0.158,1.188
r8_1250_oral_care_product,"Name an oral care product. Reply with only the name, nothing else.",0.6444,<long> -> bench,0.5472,colgate -> real,0.5969,toothpaste -> bench,60,64,0.0,0.289,0.173,60,90,18,0.0,0.173,8.8,toothpaste,0.45,5,3.24,6.08,0.5,"toothpaste 40%, colgate 15%","toothpaste 42%, <long> 29%",0.6283,0.105,0.97
r8_1882_weld,"Name a weld. Reply with only the name, nothing else.",0.6444,<long> -> bench,0.5722,mig -> real,0.6108,butt weld -> bench,56,58,0.067,0.356,0.24,60,90,48,0.0,0.227,10.2,fillet weld,0.25,11,8.98,24.57,0.184,"mig 20%, <long> 7%","<long> 36%, butt weld 19%",0.6386,0.311,0.765
r8_1858_piece_of_outdoor_furni,"Name a type of piece of outdoor furniture. Reply with only the name, nothing else.",0.6444,<long> -> bench,0.5972,adirondack chair -> real,0.5672,gazebo -> real,60,64,0.0,0.289,0.173,60,90,15,0.0,0.167,8.9,adirondack chair,0.65,8,3.78,5.87,0.395,"adirondack chair 35%, bench 33%","bench 32%, <long> 29%",0.6211,0.218,0.89
r8_0717_writing_style,"Name a writing style. Reply with only the name, nothing else.",0.6444,<long> -> bench,0.5694,hemingway -> real,0.54,hemingway -> real,58,61,0.033,0.322,0.207,60,90,28,0.0,0.207,9.8,stream of consciousness,0.3,7,5.62,11.63,0.252,"hemingway 28%, minimalism 15%","<long> 32%, hemingway 14%",0.6414,0.289,0.786
r8_0762_emotional_state,"Name an emotional state. Reply with only the name, nothing else.",0.6444,<long> -> bench,0.55,nostalgia -> real,0.5661,joy -> bench,60,64,0.0,0.289,0.173,60,90,28,0.0,0.16,7.7,joy,0.6,5,3.18,9.52,0.452,"joy 38%, nostalgia 13%","joy 37%, <long> 29%",0.6153,0.382,0.804
r8s_1901_cheese_texture,"Suggest a type of cheese texture. Reply with only the name, nothing else.",0.6444,<long> -> bench,0.6417,creamy -> real,0.5198,creamy -> real,60,64,0.0,0.289,0.173,60,90,15,0.0,0.173,8.1,creamy,0.9,3,1.48,2.1,0.863,"creamy 88%, brie 2%","creamy 60%, <long> 29%",0.6717,0.166,0.96
r8s_1763_pollen,"Suggest a type of pollen. Reply with only the name, nothing else.",0.6444,<long> -> bench,0.5444,oak -> real,0.5583,oak pollen -> bench,60,64,0.0,0.289,0.173,60,90,26,0.0,0.173,7.9,oak pollen,0.45,7,4.91,8.79,0.419,"oak 40%, oak pollen 13%","oak 31%, <long> 29%",0.6067,0.334,0.729
r8s_1848_tree_leaf,"Suggest a type of tree leaf. Reply with only the name, nothing else.",0.6444,<long> -> bench,0.6056,oak -> real,0.526,maple -> real,60,64,0.0,0.289,0.173,60,90,17,0.0,0.173,7.5,oak,0.7,4,2.39,3.37,0.734,"oak 73%, maple 8%","oak 52%, <long> 29%",0.6581,0.248,0.781
r8s_1708_leather_item,"Suggest a type of leather item. Reply with only the name, nothing else.",0.6444,<long> -> bench,0.6,leather jacket -> real,0.6208,leather wallet -> bench,60,64,0.0,0.289,0.173,60,90,22,0.0,0.167,8.2,leather wallet,0.7,6,2.94,6.9,0.323,"leather jacket 30%, wallet 27%","<long> 29%, wallet 27%",0.6283,0.14,0.857
r8s_1768_character_archetype,"Suggest a type of character archetype. Reply with only the name, nothing else.",0.6444,<long> -> bench,0.5611,mentor -> real,0.5672,hero -> bench,60,64,0.0,0.289,0.173,60,90,26,0.0,0.173,8.7,mentor,0.65,3,2.43,7.12,0.435,"mentor 43%, reluctant hero 18%","mentor 31%, <long> 29%",0.6661,0.117,0.955
r8_0135_natural_phenomenon,"Name a natural phenomenon. Reply with only the name, nothing else.",0.6444,<long> -> bench,0.6111,aurora borealis -> real,0.5885,aurora borealis -> real,60,64,0.0,0.289,0.173,60,90,20,0.0,0.167,8.7,aurora borealis,0.5,3,2.83,7.77,0.331,"aurora borealis 33%, rainbow 25%","rainbow 29%, <long> 29%",0.6436,0.194,0.899
r8_0101_leafy_green,"Name a leafy green. Reply with only the name, nothing else.",0.6444,<long> -> bench,0.6083,spinach -> real,0.5255,kale -> real,60,64,0.0,0.289,0.173,60,90,8,0.0,0.173,8.1,spinach,0.7,2,1.84,2.28,0.669,"spinach 68%, kale 32%","spinach 47%, <long> 29%",0.6194,0.076,1.242
r8s_1875_flower_bulb,"Suggest a type of flower bulb. Reply with only the name, nothing else.",0.6444,tulip -> real,0.6444,tulip -> real,0.5429,tulip -> real,60,70,0.0,0.222,0.133,60,90,5,0.0,0.133,7.7,tulip,0.9,2,1.38,1.25,0.954,tulip 100%,"tulip 71%, <long> 22%",0.6167,0.078,0.96
r8s_1930_utopia,"Suggest a type of utopia. Reply with only the name, nothing else.",0.6444,<long> -> bench,0.5472,solarpunk -> real,0.544,solarpunk -> real,58,61,0.033,0.322,0.207,60,90,64,0.0,0.207,10.2,ecotopia,0.25,15,12.48,41.63,0.084,"elysium 12%, solarpunk 12%","<long> 32%, technocracy 7%",0.6003,0.369,0.789
r8s_1881_deep_sea_creature,"Suggest a type of deep sea creature. Reply with only the name, nothing else.",0.6444,<long> -> bench,0.5889,giant squid -> real,0.5641,giant squid -> real,60,64,0.0,0.289,0.173,60,90,13,0.0,0.173,9.1,anglerfish,0.55,3,2.33,2.77,0.677,"anglerfish 62%, giant squid 30%","anglerfish 52%, <long> 29%",0.6161,0.103,0.981
r8_1507_children_s_tv_show,"Name a children's tv show. Reply with only the name, nothing else.",0.6444,spongebob squarepants -> real,0.6444,spongebob squarepants -> real,0.5894,spongebob squarepants -> real,60,71,0.0,0.211,0.127,60,90,7,0.0,0.127,9.1,spongebob squarepants,0.65,5,2.86,2.69,0.603,"spongebob squarepants 70%, sesame street 22%","spongebob squarepants 41%, sesame street 29%",0.5961,0.121,0.961
r8_1574_coffee,"Name a coffee. Reply with only the name, nothing else.",0.6444,<long> -> bench,0.6028,espresso -> real,0.5432,cappuccino -> real,60,64,0.0,0.289,0.173,60,90,12,0.0,0.173,8.5,espresso,0.6,4,2.63,2.7,0.758,"espresso 75%, cappuccino 13%","espresso 54%, <long> 29%",0.6394,0.204,1.136
r8s_0467_bathroom_item,"Suggest a type of bathroom item. Reply with only the name, nothing else.",0.6444,<long> -> bench,0.5556,toothbrush -> real,0.5536,toilet -> bench,60,64,0.0,0.289,0.173,60,90,22,0.0,0.173,8.6,toothbrush,0.45,11,6.94,10.15,0.282,"toilet paper 23%, toothbrush 23%","<long> 29%, toilet paper 23%",0.5975,0.257,0.926
r8s_0466_pottery,"Suggest a type of pottery. Reply with only the name, nothing else.",0.6444,<long> -> bench,0.5694,raku -> real,0.5333,raku -> real,60,64,0.0,0.289,0.173,60,90,23,0.0,0.173,8.5,raku,0.6,6,3.56,10.66,0.282,"raku 32%, ceramic 18%","<long> 29%, raku 18%",0.6208,0.254,0.842
r8s_0445_squash,"Suggest a type of squash. Reply with only the name, nothing else.",0.6444,<long> -> bench,0.5167,buttercup -> real,0.5817,butternut -> bench,58,61,0.033,0.322,0.207,60,90,36,0.0,0.207,9.9,butternut,0.6,3,2.28,10.55,0.429,"butternut 33%, delicata 8%","butternut 34%, <long> 32%",0.6144,0.242,0.698
r8_0452_luggage_type,"Name a luggage type. Reply with only the name, nothing else.",0.6444,<long> -> bench,0.5694,suitcase -> real,0.538,duffel bag -> real,60,64,0.0,0.289,0.173,60,90,16,0.0,0.173,8.5,suitcase,0.45,6,4.27,5.55,0.444,"suitcase 45%, duffel bag 22%","suitcase 31%, <long> 29%",0.6417,0.206,0.957
r8_0436_nut,"Name a nut. Reply with only the name, nothing else.",0.6444,<long> -> bench,0.5972,peanut -> real,0.5724,almond -> bench,60,64,0.0,0.289,0.173,60,90,8,0.0,0.173,8.3,almond,0.8,3,1.89,3.27,0.508,"almond 43%, peanut 35%","almond 41%, <long> 29%",0.6547,0.15,0.967
r8_0997_ice_formation,"Name an ice formation. Reply with only the name, nothing else.",0.6444,<long> -> bench,0.5583,iceberg -> real,0.538,iceberg -> real,60,64,0.0,0.289,0.173,60,90,24,0.0,0.173,8.2,glacier,0.9,3,1.48,5.3,0.581,"glacier 55%, iceberg 22%","glacier 43%, <long> 29%",0.6069,0.236,0.826
r8_0960_seal,"Name a seal. Reply with only the name, nothing else.",0.6444,<long> -> bench,0.5444,walter -> real,0.5458,weddell -> bench,60,64,0.0,0.289,0.173,60,90,44,0.0,0.167,8.7,harbor seal,0.7,3,2.23,16.87,0.331,"harbor seal 28%, walter 13%","<long> 29%, harbor seal 27%",0.6164,0.267,0.779
r8_1601_holiday_treat,"Name a holiday treat. Reply with only the name, nothing else.",0.6444,<long> -> bench,0.5611,gingerbread man -> real,0.5385,gingerbread man -> real,60,64,0.0,0.289,0.173,60,90,24,0.0,0.167,9.3,gingerbread man,0.45,5,3.24,8.23,0.371,"gingerbread cookie 33%, gingerbread man 23%","<long> 29%, gingerbread cookie 29%",0.6331,0.244,1.053
r8_1635_vegetable_stem,"Name a vegetable stem. Reply with only the name, nothing else.",0.6444,<long> -> bench,0.6167,celery -> real,0.5729,asparagus -> bench,60,64,0.0,0.289,0.173,60,90,7,0.0,0.167,8.0,asparagus,0.6,2,1.96,2.36,0.492,"celery 53%, asparagus 42%","asparagus 40%, celery 30%",0.6194,0.085,0.955
r8_1636_fast_food_mascot,"Name a fast food mascot. Reply with only the name, nothing else.",0.6444,ronald mcdonald -> real,0.6444,ronald mcdonald -> real,0.5348,ronald mcdonald -> real,60,68,0.0,0.244,0.147,60,90,9,0.0,0.147,8.1,ronald mcdonald,0.9,3,1.48,1.47,0.93,"ronald mcdonald 97%, guy fieri 2%","ronald mcdonald 68%, <long> 24%",0.6392,0.09,1.04
r8s_0423_first_aid_item,"Suggest a type of first aid item. Reply with only the name, nothing else.",0.6444,<long> -> bench,0.5528,adhesive bandage -> real,0.5302,antiseptic wipes -> bench,60,64,0.0,0.289,0.173,60,90,13,0.0,0.167,8.8,adhesive bandages,0.35,7,4.78,5.84,0.395,"bandage 37%, adhesive bandage 25%","bandage 30%, <long> 29%",0.6011,0.125,0.92
r8s_0412_flour,"Suggest a type of flour. Reply with only the name, nothing else.",0.6444,all-purpose flour -> real,0.6444,all-purpose flour -> real,0.5462,all-purpose flour -> real,60,65,0.0,0.278,0.167,60,90,13,0.0,0.16,8.6,all-purpose flour,0.85,3,1.68,2.85,0.752,"all-purpose flour 80%, all-purpose 8%","all-purpose flour 51%, <long> 28%",0.6411,0.221,0.978
r8s_0387_predator,"Suggest a type of predator. Reply with only the name, nothing else.",0.6444,<long> -> bench,0.5333,wolf -> real,0.6193,lion -> bench,60,64,0.0,0.289,0.173,60,90,22,0.0,0.173,8.2,peregrine falcon,0.2,13,11.49,6.07,0.556,"lion 43%, shark 12%","lion 48%, <long> 29%",0.6139,0.252,0.938
r8_0476_flower_part,"Name a flower part. Reply with only the name, nothing else.",0.6444,petal -> real,0.6444,petal -> real,0.5269,petal -> real,60,65,0.0,0.278,0.167,60,90,7,0.0,0.16,7.7,petal,0.85,2,1.53,1.67,0.872,"petal 90%, petals 7%","petal 61%, <long> 28%",0.6197,0.137,1.049
r8_0463_philosophy,"Name a philosophy. Reply with only the name, nothing else.",0.6444,<long> -> bench,0.6056,stoicism -> real,0.5271,existentialism -> real,60,64,0.0,0.289,0.173,60,90,8,0.0,0.167,8.9,stoicism,0.95,2,1.22,1.82,0.855,"stoicism 83%, existentialism 12%","stoicism 62%, <long> 29%",0.6306,0.168,1.029
r8s_0308_skirt,"Suggest a type of skirt. Reply with only the name, nothing else.",0.6444,<long> -> bench,0.5333,pleated -> real,0.562,pencil skirt -> bench,60,64,0.0,0.289,0.173,60,90,14,0.0,0.167,8.9,pencil skirt,0.4,5,3.54,4.46,0.581,"pencil skirt 52%, pleated skirt 12%","pencil skirt 46%, <long> 29%",0.6131,0.219,0.927
r8s_0313_storm_type,"Suggest a storm type. Reply with only the name, nothing else.",0.6444,hurricane -> real,0.6444,hurricane -> real,0.5623,hurricane -> real,59,63,0.017,0.3,0.187,60,90,17,0.0,0.187,8.6,hurricane,0.8,4,2.03,4.02,0.648,"hurricane 70%, tornado 8%","hurricane 41%, <long> 30%",0.6181,0.16,0.689
r8_1656_berry_used_in_dessert,"Name a berry used in dessert. Reply with only the name, nothing else.",0.6444,<long> -> bench,0.6,strawberry -> real,0.5672,blueberry -> bench,60,64,0.0,0.289,0.173,60,90,6,0.0,0.173,8.5,strawberry,0.95,2,1.22,2.9,0.54,"strawberry 57%, raspberry 33%","strawberry 37%, <long> 29%",0.625,0.054,1.0
r8_1670_harpy,"Name a harpy. Reply with only the name, nothing else.",0.6444,<long> -> bench,0.525,calypso -> real,0.5385,aello -> bench,60,64,0.0,0.289,0.173,60,90,77,0.0,0.173,8.7,podarge,0.55,6,3.58,54.47,0.081,"scylla 7%, podarge 7%","<long> 29%, scylla 7%",0.5967,0.35,0.69
r8_1648_cooking_pot,"Name a cooking pot. Reply with only the name, nothing else.",0.6444,<long> -> bench,0.6417,dutch oven -> real,0.5401,dutch oven -> real,60,64,0.0,0.289,0.173,60,90,12,0.0,0.173,8.9,dutch oven,1.0,1,1.0,2.73,0.742,"dutch oven 78%, casserole 17%","dutch oven 50%, <long> 29%",0.6733,0.241,1.011
r8_1531_lake_formation,"Name a lake formation. Reply with only the name, nothing else.",0.6444,<long> -> bench,0.5694,crater lake -> real,0.5229,lake victoria -> bench,60,64,0.0,0.289,0.173,60,90,42,0.0,0.167,8.8,crater lake,0.3,12,9.25,12.55,0.444,"crater lake 45%, lake baikal 8%","crater lake 31%, <long> 29%",0.5919,0.231,0.941
r8_1544_track_and_field_event,"Name a track and field event. Reply with only the name, nothing else.",0.6444,<long> -> bench,0.5917,100-meter dash -> real,0.5307,100-meter sprint -> bench,60,64,0.0,0.289,0.173,60,90,13,0.0,0.167,9.9,100-meter dash,0.4,5,4.19,4.24,0.573,"100-meter dash 58%, long jump 20%","100-meter dash 40%, <long> 29%",0.6375,0.11,0.993
r8_0375_geological_period,"Name a geological period. Reply with only the name, nothing else.",0.6444,<long> -> bench,0.5694,cretaceous -> real,0.5604,cretaceous -> real,60,64,0.0,0.289,0.173,60,90,12,0.0,0.173,8.2,jurassic,0.8,4,2.03,3.26,0.669,"jurassic 63%, cretaceous 18%","jurassic 50%, <long> 29%",0.6172,0.304,1.124
r8s_0574_spice,"Suggest a type of spice. Reply with only the name, nothing else.",0.6444,<long> -> bench,0.5583,cinnamon -> real,0.5781,cumin -> bench,60,64,0.0,0.289,0.173,60,90,9,0.0,0.173,8.2,cinnamon,0.5,3,2.35,4.38,0.379,"cinnamon 38%, cumin 25%","<long> 29%, cumin 29%",0.6117,0.079,0.988
r8s_0535_stove,"Suggest a type of stove. Reply with only the name, nothing else.",0.6444,<long> -> bench,0.5861,induction stove -> real,0.5536,induction -> bench,60,64,0.0,0.289,0.173,60,90,15,0.0,0.173,8.6,induction stove,0.3,6,5.31,7.54,0.339,"induction stove 38%, gas stove 22%","<long> 29%, induction stove 21%",0.6394,0.099,0.787
r8s_0575_amusement_park,"Suggest a type of amusement park. Reply with only the name, nothing else.",0.6444,<long> -> bench,0.5611,disneyland -> real,0.5156,space-themed amusement park -> bench,60,64,0.0,0.289,0.173,60,90,36,0.0,0.167,8.3,theme park,0.6,5,3.01,12.6,0.355,"disneyland 37%, theme park 15%","<long> 29%, disneyland 24%",0.6397,0.316,0.541
r8s_0572_compass_direction,"Suggest a type of compass direction. Reply with only the name, nothing else.",0.6444,<long> -> bench,0.5861,north -> real,0.538,north -> bench,60,64,0.0,0.289,0.173,60,90,12,0.0,0.173,7.5,north,0.9,3,1.48,2.35,0.823,"north 78%, northeast 5%","north 61%, <long> 29%",0.6225,0.157,0.997
r8_0423_first_aid_item,"Name a first aid item. Reply with only the name, nothing else.",0.6444,<long> -> bench,0.6417,bandage -> real,0.5292,adhesive bandage -> bench,60,64,0.0,0.289,0.173,60,90,7,0.0,0.173,8.3,bandage,0.85,3,1.68,1.97,0.823,"bandage 85%, adhesive bandage 7%","bandage 57%, <long> 29%",0.6408,0.108,0.998
r8_0431_pop_star,"Name a pop star. Reply with only the name, nothing else.",0.6444,taylor swift -> real,0.6444,taylor swift -> real,0.5224,taylor swift -> real,60,67,0.0,0.256,0.153,60,90,5,0.0,0.153,7.5,taylor swift,1.0,1,1.0,1.15,0.976,taylor swift 100%,"taylor swift 71%, <long> 26%",0.6764,0.066,1.093
r8_1604_short_story_writer,"Name a short story writer. Reply with only the name, nothing else.",0.6444,<long> -> bench,0.5639,anton chekhov -> real,0.5594,anton chekhov -> real,60,64,0.0,0.289,0.173,60,90,29,0.0,0.173,9.5,edgar allan poe,0.55,7,4.34,12.59,0.202,"ray bradbury 22%, ernest hemingway 20%","<long> 29%, ernest hemingway 14%",0.6064,0.264,0.865
r8_1618_horror_author,"Name a horror author. Reply with only the name, nothing else.",0.6444,stephen king -> real,0.6444,stephen king -> real,0.5748,stephen king -> real,60,74,0.0,0.178,0.107,60,90,5,0.0,0.093,6.4,stephen king,1.0,1,1.0,1.65,0.851,"stephen king 93%, h.p. lovecraft 7%","stephen king 64%, <long> 18%",0.6503,0.064,0.975
r8_1590_bicycle_type,"Name a bicycle type. Reply with only the name, nothing else.",0.6444,<long> -> bench,0.5833,mountain bike -> real,0.5339,mountain -> real,60,64,0.0,0.289,0.173,60,90,6,0.0,0.173,8.0,mountain bike,0.55,2,1.99,2.57,0.565,"mountain bike 57%, road bike 35%","mountain bike 40%, <long> 29%",0.6206,0.056,0.946
r8_1602_puzzle_type,"Name a puzzle type. Reply with only the name, nothing else.",0.6444,<long> -> bench,0.6389,sudoku -> real,0.5156,cryptic crossword -> bench,60,64,0.0,0.289,0.173,60,90,5,0.0,0.173,8.1,sudoku,0.75,2,1.75,1.53,0.887,"sudoku 90%, crossword 8%","sudoku 62%, <long> 29%",0.6533,0.181,1.007
r8_1506_gymnastics_apparatus,"Name a type of gymnastics apparatus. Reply with only the name, nothing else.",0.6444,<long> -> bench,0.5722,pommel horse -> real,0.5734,balance beam -> bench,60,64,0.0,0.289,0.173,60,90,8,0.0,0.173,8.2,balance beam,0.65,4,2.52,2.49,0.726,"balance beam 65%, pommel horse 20%","balance beam 57%, <long> 29%",0.6319,0.36,0.939
r8_1486_meringue,"Name a meringue. Reply with only the name, nothing else.",0.6444,<long> -> bench,0.5389,french meringue -> bench,0.5547,french meringue -> bench,60,64,0.0,0.289,0.173,60,90,56,0.0,0.173,9.3,pavlova,0.3,13,10.17,32.78,0.113,"pavlova 12%, baked alaska 8%","<long> 29%, italian meringue 11%",0.6006,0.334,0.966
r8_0337_musical_form,"Name a musical form. Reply with only the name, nothing else.",0.6444,<long> -> bench,0.5833,sonata -> real,0.5422,symphony -> real,60,64,0.0,0.289,0.173,60,90,14,0.0,0.173,8.3,sonata,0.65,3,2.36,3.62,0.685,"sonata 67%, rondo 10%","sonata 50%, <long> 29%",0.6189,0.276,0.916
r8_0324_cured_meat,"Name a cured meat. Reply with only the name, nothing else.",0.6444,<long> -> bench,0.5889,prosciutto -> real,0.5234,prosciutto -> real,60,64,0.0,0.289,0.173,60,90,5,0.0,0.173,8.4,bacon,0.5,3,2.35,2.52,0.476,"prosciutto 50%, bacon 45%","bacon 33%, prosciutto 32%",0.6581,0.104,1.061
r8s_0655_textile,"Suggest a type of textile. Reply with only the name, nothing else.",0.6444,<long> -> bench,0.5556,linen -> real,0.5635,cotton -> bench,60,64,0.0,0.289,0.173,60,90,12,0.0,0.173,8.0,silk,0.35,4,3.43,4.06,0.532,"cotton 47%, silk 22%","cotton 42%, <long> 29%",0.6058,0.167,0.868
r8s_0589_pigment,"Suggest a type of pigment. Reply with only the name, nothing else.",0.6444,<long> -> bench,0.5611,ultramarine -> real,0.5422,ultramarine blue -> real,60,64,0.0,0.289,0.173,60,90,28,0.0,0.173,9.6,ultramarine blue,0.3,8,5.92,12.94,0.234,"ultramarine 27%, titanium white 18%","<long> 29%, ultramarine 14%",0.6181,0.321,0.964
r8s_0638_glass_item,"Suggest a type of glass item. Reply with only the name, nothing else.",0.6444,<long> -> bench,0.5639,glass vase -> real,0.5813,vase -> bench,60,64,0.0,0.289,0.173,60,90,35,0.0,0.173,8.7,wine glass,0.25,10,8.02,11.05,0.331,"wine glass 27%, glass vase 15%","<long> 29%, wine glass 28%",0.6153,0.314,0.667
r8_0396_waterfall,"Name a waterfall. Reply with only the name, nothing else.",0.6444,<long> -> bench,0.6111,niagara falls -> real,0.5156,angel falls -> bench,60,64,0.0,0.289,0.173,60,90,8,0.0,0.167,8.7,niagara falls,0.8,3,1.85,1.82,0.847,"niagara falls 83%, victoria falls 12%","niagara falls 61%, <long> 29%",0.6108,0.167,0.9
r8_1561_cheese_hard,"Name a cheese hard. Reply with only the name, nothing else.",0.6444,<long> -> bench,0.5528,parmesan -> real,0.5349,parmigiano-reggiano -> real,60,64,0.0,0.289,0.173,60,90,11,0.0,0.173,8.6,parmesan,0.45,4,3.19,3.98,0.548,"parmesan 52%, cheddar 25%","parmesan 41%, <long> 29%",0.6408,0.124,0.996
r8_1523_cheese_used_on_pizza,"Name a cheese used on pizza. Reply with only the name, nothing else.",0.6444,<long> -> bench,0.6417,mozzarella -> real,0.5083,pepperoni cheese -> real,60,64,0.0,0.289,0.173,60,90,4,0.0,0.173,9.7,mozzarella,1.0,1,1.0,1.1,0.984,"mozzarella 98%, pepperoni cheese 2%","mozzarella 70%, <long> 29%",0.6328,0.079,1.092
r8_1529_film_production_role,"Name a film production role. Reply with only the name, nothing else.",0.6444,<long> -> bench,0.5944,cinematographer -> real,0.6031,director -> bench,60,64,0.0,0.289,0.173,60,90,9,0.0,0.173,8.5,cinematographer,0.45,4,3.19,4.14,0.387,"cinematographer 43%, director of photography 25%","<long> 29%, director 29%",0.6422,0.11,0.919
r8_1569_mode_of_transportation,"Name a mode of transportation. Reply with only the name, nothing else.",0.6444,<long> -> bench,0.5778,bicycle -> real,0.5599,car -> bench,60,64,0.0,0.289,0.173,60,90,10,0.0,0.173,7.9,bicycle,0.6,4,2.81,3.27,0.653,"bicycle 63%, train 15%","bicycle 48%, <long> 29%",0.6067,0.208,0.931
r8_1086_greeting_card_occasion,"Name a greeting card occasion. Reply with only the name, nothing else.",0.6444,birthday -> real,0.6444,birthday -> real,0.5348,birthday -> real,60,68,0.0,0.244,0.147,60,90,10,0.0,0.14,6.4,birthday,1.0,1,1.0,1.49,0.93,"birthday 97%, graduation 2%","birthday 68%, <long> 24%",0.6531,0.122,0.971
r8_0578_bedding_item,"Name a bedding item. Reply with only the name, nothing else.",0.6444,<long> -> bench,0.5861,pillow -> real,0.5516,pillow -> bench,60,64,0.0,0.289,0.173,60,90,10,0.0,0.173,8.2,pillow,0.6,5,3.01,1.67,0.903,"pillow 85%, pillowcase 3%","pillow 68%, <long> 29%",0.6208,0.161,0.96
r8s_0189_carnival_ride,"Suggest a type of carnival ride. Reply with only the name, nothing else.",0.6444,<long> -> bench,0.6333,ferris wheel -> real,0.5224,roller coaster -> bench,60,64,0.0,0.289,0.173,60,90,11,0.0,0.173,9.0,ferris wheel,0.8,5,2.18,2.29,0.815,"ferris wheel 83%, merry-go-round 5%","ferris wheel 57%, <long> 29%",0.6319,0.161,0.93
r8s_0186_fruit,"Suggest a type of fruit. Reply with only the name, nothing else.",0.6444,<long> -> bench,0.5806,mango -> real,0.5682,apple -> bench,60,64,0.0,0.289,0.173,60,90,11,0.0,0.173,7.6,mango,0.55,4,2.92,3.41,0.637,"apple 57%, mango 25%","apple 50%, <long> 29%",0.5914,0.153,1.046
r8s_0096_actor,"Suggest a type of actor. Reply with only the name, nothing else.",0.6444,<long> -> bench,0.5333,comedian -> bench,0.5492,comedian -> bench,58,61,0.033,0.322,0.207,60,90,69,0.0,0.193,9.2,method actor,0.55,8,4.66,45.12,0.168,"method actor 12%, tom hanks 5%","<long> 32%, method actor 14%",0.6225,0.492,0.326
r8s_0131_parasite,"Suggest a type of parasite. Reply with only the name, nothing else.",0.6444,<long> -> bench,0.6333,tapeworm -> real,0.5521,tapeworm -> real,60,64,0.0,0.289,0.173,60,90,17,0.0,0.173,9.5,tapeworm,0.55,3,2.71,4.45,0.613,"tapeworm 67%, plasmodium 12%","tapeworm 40%, <long> 29%",0.6114,0.144,0.877
r8_0855_food_group,"Name a food group. Reply with only the name, nothing else.",0.6444,<long> -> bench,0.5972,vegetables -> real,0.5182,vegetables -> real,60,64,0.0,0.289,0.173,60,90,8,0.0,0.173,8.7,fruits,0.55,3,2.65,3.33,0.565,"vegetables 58%, grains 20%","vegetables 39%, <long> 29%",0.6186,0.24,0.994
r8_0826_brewery_product,"Name a brewery product. Reply with only the name, nothing else.",0.6444,<long> -> bench,0.575,sierra nevada pale ale -> real,0.575,sierra nevada pale ale -> real,60,64,0.0,0.289,0.173,60,90,38,0.0,0.173,8.6,guinness,0.2,9,7.58,17.53,0.21,"guinness 17%, ipa 17%","<long> 29%, guinness 18%",0.5944,0.21,0.828
r8_1736_vegetable_green,"Name a vegetable green. Reply with only the name, nothing else.",0.6444,broccoli -> real,0.6444,broccoli -> real,0.5685,broccoli -> real,59,68,0.017,0.244,0.153,60,90,12,0.0,0.14,7.3,broccoli,0.6,3,2.28,2.77,0.74,"broccoli 80%, spinach 12%","broccoli 51%, <long> 24%",0.6578,0.171,1.133
r8_1727_delivery_service,"Name a delivery service. Reply with only the name, nothing else.",0.6444,uber eats -> real,0.6444,uber eats -> real,0.6378,uber eats -> real,59,72,0.017,0.2,0.127,60,90,18,0.0,0.12,6.8,fedex,0.65,3,2.36,5.61,0.389,"uber eats 37%, fedex 32%","fedex 36%, <long> 20%",0.6461,0.24,0.881
r8_1723_encyclopaedia,"Name an encyclopaedia. Reply with only the name, nothing else.",0.6444,<long> -> bench,0.6222,britannica -> real,0.6042,britannica -> real,60,64,0.0,0.289,0.173,60,90,11,0.0,0.167,9.6,encyclopædia britannica,0.65,3,2.36,5.02,0.298,"britannica 33%, encyclopedia britannica 27%","<long> 29%, wikipedia 24%",0.6397,0.095,1.072
r8_0316_article_of_clothing,"Name a type of article of clothing. Reply with only the name, nothing else.",0.6444,<long> -> bench,0.5639,shirt -> bench,0.6,shirt -> bench,60,64,0.0,0.289,0.173,60,90,13,0.0,0.173,7.9,t-shirt,0.5,7,4.47,4.24,0.597,"t-shirt 55%, scarf 12%","t-shirt 46%, <long> 29%",0.6297,0.248,0.949
r8_0317_fabric,"Name a fabric. Reply with only the name, nothing else.",0.6444,<long> -> bench,0.6083,cotton -> real,0.5135,denim -> real,60,64,0.0,0.289,0.173,60,90,16,0.0,0.173,8.0,cotton,0.7,4,2.39,3.45,0.669,"cotton 68%, denim 18%","cotton 47%, <long> 29%",0.6181,0.193,0.808
r8_0300_travel_document,"Name a type of travel document. Reply with only the name, nothing else.",0.6444,<long> -> bench,0.6361,passport -> real,0.5083,passport -> bench,60,64,0.0,0.289,0.173,60,90,3,0.0,0.173,8.0,passport,1.0,1,1.0,1.05,0.992,"passport 98%, visa 2%","passport 71%, <long> 29%",0.6261,0.047,0.958
r8_0297_chili_pepper,"Name a chili pepper. Reply with only the name, nothing else.",0.6444,<long> -> bench,0.5806,jalapeño -> real,0.5177,ghost pepper -> real,60,64,0.0,0.289,0.173,60,90,9,0.0,0.173,9.3,jalapeño,0.7,3,2.11,2.69,0.629,"jalapeño 62%, habanero 27%","jalapeño 46%, <long> 29%",0.6103,0.122,0.916
r8s_0731_alien_species,"Suggest an alien species. Reply with only the name, nothing else.",0.6444,<long> -> bench,0.5361,xylothians -> real,0.5339,xylothians -> real,60,64,0.0,0.289,0.173,60,90,96,0.0,0.173,9.9,xylophids,0.2,15,12.85,75.53,0.089,"xylophians 10%, xylothians 8%","<long> 29%, xylophians 6%",0.6197,0.289,0.902
r8s_0864_place_of_worship,"Suggest a type of place of worship. Reply with only the name, nothing else.",0.6444,<long> -> bench,0.6167,cathedral -> real,0.549,cathedral -> real,60,64,0.0,0.289,0.173,60,90,12,0.0,0.173,8.4,cathedral,0.55,4,3.03,4.17,0.516,"cathedral 57%, church 17%","cathedral 33%, <long> 29%",0.6181,0.203,0.625
r8s_0683_loud_noise,"Suggest a type of loud noise. Reply with only the name, nothing else.",0.6444,<long> -> bench,0.5667,siren -> real,0.5427,thunder -> bench,60,64,0.0,0.289,0.173,60,90,17,0.0,0.173,8.1,thunder,0.35,4,3.69,7.13,0.387,"siren 40%, thunder 13%","<long> 29%, siren 27%",0.6186,0.125,0.91
r8s_0696_carnival_game,"Suggest a type of carnival game. Reply with only the name, nothing else.",0.6444,<long> -> bench,0.5806,ring toss -> real,0.5255,ring toss -> bench,60,64,0.0,0.289,0.173,60,90,24,0.0,0.173,9.1,ring toss,0.75,5,2.45,4.04,0.71,"ring toss 68%, hook a duck 7%","ring toss 52%, <long> 29%",0.6019,0.255,0.91
r8s_0673_angel,"Suggest a type of angel. Reply with only the name, nothing else.",0.6444,<long> -> bench,0.625,seraphim -> real,0.5234,seraph -> bench,60,64,0.0,0.289,0.173,60,90,12,0.0,0.167,8.8,seraphim,0.95,2,1.22,2.1,0.847,"seraphim 85%, archangel 7%","seraphim 60%, <long> 29%",0.6197,0.166,0.932
r8_0334_revolution,"Name a revolution. Reply with only the name, nothing else.",0.6444,<long> -> bench,0.5972,french revolution -> real,0.5156,french revolution -> bench,60,64,0.0,0.289,0.173,60,90,6,0.0,0.173,8.5,french revolution,0.9,3,1.48,2.15,0.766,"french revolution 75%, industrial revolution 13%","french revolution 56%, <long> 29%",0.6131,0.127,0.989
r8_1016_economic_sector,"Name an economic sector. Reply with only the name, nothing else.",0.6444,<long> -> bench,0.6194,technology -> real,0.6438,agriculture -> bench,60,64,0.0,0.289,0.173,60,90,11,0.0,0.173,8.3,agriculture,0.85,4,1.8,3.87,0.548,"agriculture 40%, technology 35%","agriculture 49%, <long> 29%",0.5956,0.194,0.914
r8_1519_drama_type,"Name a drama type. Reply with only the name, nothing else.",0.6444,<long> -> bench,0.55,romance -> real,0.613,tragedy -> bench,60,64,0.0,0.289,0.173,60,90,16,0.0,0.167,8.7,tragedy,0.35,6,4.34,3.17,0.75,"tragedy 63%, romance 10%","tragedy 61%, <long> 29%",0.6306,0.213,0.969
r8_1535_gemstone_cut,"Name a gemstone cut. Reply with only the name, nothing else.",0.6444,<long> -> bench,0.5778,emerald -> real,0.5906,round brilliant -> bench,60,64,0.0,0.289,0.173,60,90,12,0.0,0.173,8.2,princess,0.3,7,5.77,5.63,0.371,"emerald 40%, princess 25%","<long> 29%, emerald 24%",0.6308,0.127,0.99
r8_0310_drum,"Name a drum. Reply with only the name, nothing else.",0.6444,<long> -> bench,0.625,snare -> real,0.5505,snare -> real,60,64,0.0,0.289,0.173,60,90,12,0.0,0.167,8.3,snare drum,0.6,4,2.63,2.91,0.565,"snare 62%, snare drum 33%","snare 37%, <long> 29%",0.6681,0.149,0.99
r8s_0913_plant_category,"Suggest a plant category. Reply with only the name, nothing else.",0.6444,<long> -> bench,0.6222,succulents -> real,0.525,orchids -> real,60,64,0.0,0.289,0.173,60,90,26,0.0,0.167,9.5,succulents,0.7,6,2.94,4.46,0.71,"succulents 73%, orchids 5%","succulents 49%, <long> 29%",0.6683,0.253,0.991
r8s_0965_garden_implement,"Suggest a type of garden implement. Reply with only the name, nothing else.",0.6444,<long> -> bench,0.55,trowel -> real,0.5344,shovel -> bench,60,64,0.0,0.289,0.173,60,90,9,0.0,0.173,8.4,spade,0.4,6,4.61,4.51,0.452,"trowel 43%, spade 20%","trowel 33%, <long> 29%",0.6044,0.163,0.881
r8_1103_cattle_breed,"Name a cattle breed. Reply with only the name, nothing else.",0.6444,<long> -> bench,0.6028,angus -> real,0.5328,angus -> real,60,64,0.0,0.289,0.173,60,90,10,0.0,0.167,8.1,angus,0.6,3,2.28,3.02,0.516,"angus 55%, hereford 38%","angus 34%, <long> 29%",0.6236,0.152,0.902
r8_0318_historical_era,"Name a historical era. Reply with only the name, nothing else.",0.6444,<long> -> bench,0.5667,victorian era -> real,0.5464,victorian era -> real,60,64,0.0,0.289,0.173,60,90,13,0.0,0.173,8.6,renaissance,0.6,3,2.45,3.54,0.613,"renaissance 58%, victorian era 23%","renaissance 46%, <long> 29%",0.615,0.141,1.017
r8_1682_legume,"Name a legume. Reply with only the name, nothing else.",0.6444,chickpea -> real,0.6444,chickpea -> real,0.6238,chickpea -> real,60,70,0.0,0.222,0.133,60,90,11,0.0,0.127,7.7,lentil,0.65,3,2.21,4.28,0.462,"lentil 47%, chickpea 43%","lentil 36%, <long> 22%",0.6331,0.154,1.058
r8s_0142_construction_material,"Suggest a type of construction material. Reply with only the name, nothing else.",0.6444,<long> -> bench,0.5889,concrete -> real,0.5516,steel -> bench,60,64,0.0,0.289,0.173,60,90,12,0.0,0.167,7.5,concrete,0.65,2,1.91,4.08,0.597,"concrete 60%, steel 10%","concrete 42%, <long> 29%",0.6225,0.181,1.112
r8s_0103_candy_bar,"Suggest a type of candy bar. Reply with only the name, nothing else.",0.6444,<long> -> bench,0.625,snickers -> real,0.5156,milky way -> bench,60,64,0.0,0.289,0.173,60,90,10,0.0,0.173,8.8,snickers,0.95,2,1.22,1.5,0.927,"snickers 92%, nerds 2%","snickers 67%, <long> 29%",0.6439,0.141,0.966
r8_0606_incense,"Name an incense. Reply with only the name, nothing else.",0.6444,<long> -> bench,0.5833,sandalwood -> real,0.5271,frankincense -> bench,60,64,0.0,0.289,0.173,60,90,13,0.0,0.173,8.9,sandalwood,0.75,2,1.75,3.27,0.484,"sandalwood 50%, frankincense 38%","sandalwood 33%, frankincense 31%",0.6844,0.107,0.951
r8_0614_election_feature,"Name a type of election feature. Reply with only the name, nothing else.",0.6444,<long> -> bench,0.6417,ranked-choice voting -> real,0.6025,ranked-choice voting -> real,58,61,0.033,0.322,0.207,60,90,29,0.0,0.207,9.8,ranked-choice voting,0.25,12,9.87,10.95,0.395,"ranked-choice voting 48%, ranked choice voting 13%","<long> 32%, ranked-choice voting 20%",0.6658,0.336,0.912
r8_0608_blood_type,"Name a blood type. Reply with only the name, nothing else.",0.6444,<long> -> bench,0.5556,a -> real,0.5479,positive -> bench,60,64,0.0,0.289,0.173,60,90,20,0.0,0.167,7.8,positive,0.35,8,5.89,9.56,0.266,"a 23%, positive 22%","<long> 29%, positive 22%",0.5992,0.372,0.929
r8s_0065_room_in_a_house,"Suggest a type of room in a house. Reply with only the name, nothing else.",0.6444,<long> -> bench,0.6,kitchen -> real,0.5339,living room -> real,60,64,0.0,0.289,0.173,60,90,10,0.0,0.173,7.4,kitchen,0.45,5,3.99,2.63,0.742,"kitchen 73%, bedroom 10%","kitchen 53%, <long> 29%",0.6086,0.22,1.047
r8_0879_cereal,"Name a cereal. Reply with only the name, nothing else.",0.6444,<long> -> bench,0.5611,cheerios -> real,0.5813,corn flakes -> bench,60,64,0.0,0.289,0.173,60,90,22,0.0,0.173,9.3,frosted flakes,0.25,11,9.46,11.22,0.234,"cheerios 23%, corn flakes 15%","<long> 29%, corn flakes 22%",0.6203,0.226,1.025
r8_1741_iron,"Name an iron. Reply with only the name, nothing else.",0.6444,<long> -> bench,0.5444,iron man -> real,0.5328,hammer -> bench,58,61,0.033,0.322,0.207,60,90,80,0.0,0.187,9.3,sunbeam,0.15,16,14.77,45.58,0.227,"iron man 23%, iron throne 3%","<long> 32%, iron man 14%",0.6117,0.513,0.983
r8s_0050_musical_note,"Suggest a type of musical note. Reply with only the name, nothing else.",0.6444,<long> -> bench,0.5889,quarter note -> real,0.5302,whole note -> bench,60,64,0.0,0.289,0.173,60,90,21,0.0,0.167,8.3,quarter note,0.75,4,2.23,4.74,0.597,"quarter note 60%, quaver 17%","quarter note 42%, <long> 29%",0.6086,0.33,0.979
r8s_0062_liquid,"Suggest a type of liquid. Reply with only the name, nothing else.",0.6444,<long> -> bench,0.6139,water -> real,0.5193,water -> bench,60,64,0.0,0.289,0.173,60,90,11,0.0,0.173,7.3,water,0.95,2,1.22,1.67,0.903,"water 88%, mercury 3%","water 66%, <long> 29%",0.6269,0.124,0.936
r8s_1176_lake_color,"Suggest a type of lake color. Reply with only the name, nothing else.",0.6444,<long> -> bench,0.5944,turquoise -> real,0.5182,azure -> real,60,64,0.0,0.289,0.173,60,90,21,0.0,0.167,8.0,turquoise,0.75,4,2.23,5.88,0.548,"turquoise 57%, emerald 10%","turquoise 38%, <long> 29%",0.6431,0.322,1.032
r8_0221_ocean_current,"Name an ocean current. Reply with only the name, nothing else.",0.6444,gulf stream -> real,0.6444,gulf stream -> real,0.5224,gulf stream -> real,60,67,0.0,0.256,0.153,60,90,5,0.0,0.147,8.3,gulf stream,0.95,2,1.22,1.15,0.976,gulf stream 100%,"gulf stream 71%, <long> 26%",0.6114,0.171,1.039
r8s_1098_textile,"Suggest a type of textile. Reply with only the name, nothing else.",0.6444,<long> -> bench,0.5861,silk -> real,0.5854,cotton -> bench,60,64,0.0,0.289,0.173,60,90,10,0.0,0.173,8.0,silk,0.5,4,3.13,3.49,0.605,"cotton 52%, silk 25%","cotton 49%, <long> 29%",0.6075,0.167,0.838
r8s_1107_lettuce,"Suggest a type of lettuce. Reply with only the name, nothing else.",0.6444,<long> -> bench,0.6056,romaine -> real,0.5276,romaine -> bench,60,64,0.0,0.289,0.173,60,90,7,0.0,0.173,8.9,romaine,1.0,1,1.0,1.62,0.895,"romaine 87%, butterhead 5%","romaine 66%, <long> 29%",0.6361,0.106,1.119
r8s_1116_food_type,"Suggest a food type. Reply with only the name, nothing else.",0.6444,sushi -> real,0.6444,sushi -> real,0.5818,sushi -> real,60,66,0.0,0.267,0.16,60,90,12,0.0,0.153,7.3,sushi,0.65,4,2.52,3.75,0.548,"sushi 63%, pizza 22%","sushi 34%, <long> 27%",0.6436,0.148,0.977
r8_1433_major_music_industry_a,"Name a major music industry award. Reply with only the name, nothing else.",0.6444,<long> -> bench,0.5972,grammy awards -> real,0.5156,grammy award -> real,60,64,0.0,0.289,0.173,60,90,6,0.0,0.167,8.9,grammy awards,0.7,2,1.84,2.11,0.726,"grammy awards 72%, grammy award 25%","grammy awards 52%, <long> 29%",0.6464,0.019,0.975
r8_1134_baking_item,"Name a baking item. Reply with only the name, nothing else.",0.6444,<long> -> bench,0.5556,croissant -> real,0.55,flour -> real,60,64,0.0,0.289,0.173,60,90,24,0.0,0.173,8.0,cookie,0.2,13,10.9,11.01,0.274,"cookie 25%, croissant 20%","<long> 29%, cookie 21%",0.6183,0.294,0.841
r8_1446_garden_item,"Name a garden item. Reply with only the name, nothing else.",0.6444,<long> -> bench,0.5472,rake -> real,0.5474,rose -> bench,60,64,0.0,0.289,0.173,60,90,28,0.0,0.173,8.0,rake,0.35,7,5.66,12.0,0.282,"rose 23%, rake 22%","<long> 29%, rose 23%",0.6031,0.258,0.684
r8_1148_grainy_substance,"Name a grainy substance. Reply with only the name, nothing else.",0.6444,<long> -> bench,0.5583,sand -> real,0.5365,sand -> bench,60,64,0.0,0.289,0.173,60,90,12,0.0,0.173,7.5,sand,0.7,5,2.67,3.52,0.621,"sand 58%, salt 18%","sand 47%, <long> 29%",0.6047,0.371,0.984
r8_1114_fictional_sword,"Name a fictional sword. Reply with only the name, nothing else.",0.6444,<long> -> bench,0.5278,starfall -> real,0.6255,excalibur -> bench,60,64,0.0,0.289,0.173,60,90,43,0.0,0.173,8.9,excalibur,0.9,3,1.48,7.91,0.613,"excalibur 48%, starfall 7%","excalibur 52%, <long> 29%",0.6111,0.297,0.836
r8_1130_light_switch_type,"Name a light switch type. Reply with only the name, nothing else.",0.6444,<long> -> bench,0.6,rocker switch -> real,0.5729,toggle switch -> bench,60,64,0.0,0.289,0.173,60,90,13,0.0,0.173,8.2,toggle switch,0.75,4,2.23,4.32,0.492,"toggle switch 42%, rocker switch 33%","toggle switch 40%, <long> 29%",0.6331,0.12,0.968
r8_1121_type_of_island,"Name a type of island. Reply with only the name, nothing else.",0.6444,<long> -> bench,0.6333,volcanic -> real,0.6266,volcanic -> real,60,64,0.0,0.289,0.173,60,90,31,0.0,0.153,8.6,volcanic island,0.85,4,1.8,10.77,0.282,"volcanic 30%, hawaii 18%","<long> 29%, volcanic island 27%",0.6131,0.225,0.728
r8_0174_actress,"Name a type of actress. Reply with only the name, nothing else.",0.6444,<long> -> bench,0.5778,method -> real,0.5755,method -> real,60,64,0.0,0.289,0.173,60,90,48,0.0,0.173,8.6,method actress,0.3,13,10.17,24.58,0.202,"method actress 20%, method 17%","<long> 29%, method actress 14%",0.6083,0.5,0.868
r8_0047_primate,"Name a primate. Reply with only the name, nothing else.",0.6444,<long> -> bench,0.6139,chimpanzee -> real,0.5109,gorilla -> bench,60,64,0.0,0.289,0.173,60,90,7,0.0,0.167,8.7,chimpanzee,0.9,2,1.38,2.28,0.742,"chimpanzee 75%, gorilla 15%","chimpanzee 52%, <long> 29%",0.6528,0.167,1.238
r8_0054_mythological_creature,"Name a type of mythological creature. Reply with only the name, nothing else.",0.6444,<long> -> bench,0.5861,griffin -> real,0.5469,centaur -> bench,60,64,0.0,0.289,0.173,60,90,12,0.0,0.173,7.8,griffin,0.75,4,2.23,5.8,0.379,"griffin 42%, phoenix 23%","<long> 29%, griffin 24%",0.6169,0.328,0.998
r8_0053_nocturnal_animal,"Name a nocturnal animal. Reply with only the name, nothing else.",0.6444,owl -> real,0.6444,owl -> real,0.5156,owls -> bench,60,64,0.0,0.289,0.173,60,90,4,0.0,0.167,8.1,owl,1.0,1,1.0,1.22,0.96,"owl 97%, owlet 3%","owl 68%, <long> 29%",0.6258,0.086,0.991
r8s_1272_element_of_nature,"Suggest a type of element of nature. Reply with only the name, nothing else.",0.6444,<long> -> bench,0.5833,mountain -> real,0.637,water -> bench,60,64,0.0,0.289,0.173,60,90,27,0.0,0.173,7.3,water,0.5,7,4.47,10.7,0.282,"mountain 33%, river 13%","<long> 29%, water 28%",0.6408,0.409,0.849
r8s_1166_reef,"Suggest a type of reef. Reply with only the name, nothing else.",0.6444,<long> -> bench,0.5667,coral reef -> real,0.5719,barrier reef -> bench,60,64,0.0,0.289,0.173,60,90,21,0.0,0.167,8.7,barrier reef,0.75,6,2.62,6.73,0.387,"coral reef 40%, barrier reef 20%","<long> 29%, coral reef 27%",0.615,0.209,0.886
r8_1107_lettuce,"Name a lettuce. Reply with only the name, nothing else.",0.6444,<long> -> bench,0.6056,romaine -> real,0.5536,iceberg -> real,60,64,0.0,0.289,0.173,60,90,10,0.0,0.173,8.7,romaine,0.85,3,1.68,2.21,0.774,"romaine 77%, iceberg 22%","romaine 56%, <long> 29%",0.6164,0.12,0.899
r8_1390_medieval_castle,"Name a medieval castle. Reply with only the name, nothing else.",0.6444,<long> -> bench,0.5806,edinburgh castle -> real,0.576,edinburgh castle -> real,60,64,0.0,0.289,0.173,60,90,39,0.0,0.173,9.7,windsor castle,0.25,10,7.68,12.16,0.427,"windsor castle 42%, edinburgh castle 18%","windsor castle 31%, <long> 29%",0.6114,0.313,1.052
r8_1400_fitness_activity,"Name a fitness activity. Reply with only the name, nothing else.",0.6444,<long> -> bench,0.55,yoga -> real,0.562,running -> bench,60,64,0.0,0.289,0.173,60,90,11,0.0,0.173,7.7,running,0.85,4,1.8,3.5,0.581,"running 52%, yoga 27%","running 46%, <long> 29%",0.6119,0.183,0.863
r8_1411_sensation,"Name a sensation. Reply with only the name, nothing else.",0.6444,<long> -> bench,0.5556,warmth -> real,0.526,pain -> real,60,64,0.0,0.289,0.173,60,90,41,0.0,0.173,8.2,warmth,0.25,11,8.82,17.12,0.363,"warmth 37%, pain 8%","<long> 29%, warmth 26%",0.6011,0.348,0.876
r8_1414_sour_food,"Name a sour food. Reply with only the name, nothing else.",0.6444,lemon -> real,0.6444,lemon -> real,0.5083,lime -> real,60,64,0.0,0.289,0.173,60,90,6,0.0,0.173,8.0,lemon,0.95,2,1.22,1.25,0.96,"lemon 97%, lime 2%","lemon 68%, <long> 29%",0.6047,0.099,0.991
r8_1997_battlefield,"Name a battlefield. Reply with only the name, nothing else.",0.6444,<long> -> bench,0.5417,stalingrad -> real,0.5349,waterloo -> bench,60,64,0.0,0.289,0.173,60,90,18,0.0,0.173,8.8,gettysburg,0.5,4,2.75,5.16,0.419,"waterloo 38%, gettysburg 32%","waterloo 32%, <long> 29%",0.5969,0.198,0.794
r8s_0026_crustacean,"Suggest a type of crustacean. Reply with only the name, nothing else.",0.6444,<long> -> bench,0.5833,lobster -> real,0.5443,crayfish -> bench,60,64,0.0,0.289,0.173,60,90,9,0.0,0.167,8.5,crab,0.65,3,2.36,3.66,0.427,"crab 43%, lobster 40%","crab 30%, <long> 29%",0.6158,0.221,0.964
r8s_0005_bread,"Suggest a type of bread. Reply with only the name, nothing else.",0.6444,sourdough -> real,0.6444,sourdough -> real,0.5429,sourdough -> real,60,70,0.0,0.222,0.133,60,90,8,0.0,0.127,7.6,sourdough,0.95,2,1.22,1.31,0.954,sourdough 100%,"sourdough 71%, <long> 22%",0.6531,0.077,0.979
r8_0683_loud_noise,"Name a loud noise. Reply with only the name, nothing else.",0.6444,<long> -> bench,0.6333,thunder -> real,0.5349,siren -> real,60,64,0.0,0.289,0.173,60,90,12,0.0,0.173,7.5,thunder,0.9,2,1.38,2.61,0.774,"thunder 80%, siren 12%","thunder 53%, <long> 29%",0.6692,0.163,1.247
r8_0593_yarn,"Name a yarn. Reply with only the name, nothing else.",0.6444,<long> -> bench,0.5806,merino -> bench,0.637,merino -> bench,56,58,0.067,0.356,0.24,60,90,71,0.0,0.207,10.0,merino wool,0.25,12,9.87,39.69,0.193,"wool 10%, <long> 7%","<long> 36%, merino 21%",0.6711,0.375,0.581
r8_1980_traditional_instrument,"Name a type of traditional instrument. Reply with only the name, nothing else.",0.6444,<long> -> bench,0.5944,sitar -> real,0.5719,sitar -> real,60,64,0.0,0.289,0.173,60,90,21,0.0,0.173,8.1,sitar,0.25,8,6.51,11.01,0.226,"sitar 30%, koto 22%","<long> 29%, violin 11%",0.6172,0.213,0.875
r8_0722_tv_channel,"Name a tv channel. Reply with only the name, nothing else.",0.6444,<long> -> bench,0.5528,hbo -> real,0.5656,cnn -> bench,60,64,0.0,0.289,0.173,60,90,26,0.0,0.173,7.7,discovery channel,0.55,7,4.23,13.2,0.218,"discovery channel 17%, hbo 15%","<long> 29%, cnn 20%",0.6119,0.274,0.942
r8_1922_topping_for_pancake,"Name a topping for pancake. Reply with only the name, nothing else.",0.6444,<long> -> bench,0.5778,blueberries -> real,0.5526,blueberry -> bench,60,64,0.0,0.289,0.173,60,90,11,0.0,0.173,8.5,maple syrup,0.95,2,1.22,3.75,0.492,"blueberries 50%, maple syrup 33%","blueberries 34%, <long> 29%",0.6,0.137,0.923
r8_1314_pancake,"Name a pancake. Reply with only the name, nothing else.",0.6444,<long> -> bench,0.5917,flapjack -> real,0.5875,flapjack -> real,58,61,0.033,0.322,0.207,60,90,64,0.0,0.207,9.9,flapjack,0.1,19,18.66,38.14,0.134,"flapjack 22%, silver dollar 8%","<long> 32%, blueberry pancake 9%",0.63,0.316,0.915
r8_1796_bird_beak_shape,"Name a bird beak shape. Reply with only the name, nothing else.",0.6444,<long> -> bench,0.6417,hooked -> real,0.5875,hooked -> real,60,64,0.0,0.289,0.173,60,90,31,0.0,0.173,8.3,hooked,0.65,6,3.29,9.62,0.46,"hooked 55%, chisel-shaped 10%","<long> 29%, hooked 27%",0.6547,0.246,0.954
r8_0861_cactus_flower_color,"Name a cactus flower color. Reply with only the name, nothing else.",0.6444,<long> -> bench,0.6111,yellow -> real,0.5479,yellow -> real,60,64,0.0,0.289,0.173,60,90,11,0.0,0.173,7.2,yellow,0.45,3,2.85,4.24,0.484,"yellow 53%, pink 25%","yellow 31%, <long> 29%",0.6106,0.129,0.971
r8_0856_carpet,"Name a carpet. Reply with only the name, nothing else.",0.6444,<long> -> bench,0.5889,persian -> real,0.5521,persian rug -> real,60,64,0.0,0.289,0.173,60,90,28,0.0,0.167,8.2,persian carpet,0.5,5,3.63,6.19,0.556,"persian 57%, persian rug 17%","persian 39%, <long> 29%",0.6411,0.229,1.021
r8_1225_musical_form,"Name a musical form. Reply with only the name, nothing else.",0.6444,<long> -> bench,0.5944,rondo -> real,0.5922,rondo -> real,60,64,0.0,0.289,0.173,60,90,16,0.0,0.173,8.2,sonata,0.75,6,2.62,4.01,0.653,"sonata 58%, rondo 20%","sonata 51%, <long> 29%",0.6183,0.279,0.934
r8_1189_place_of_the_afterlife,"Name a place of the afterlife. Reply with only the name, nothing else.",0.6444,<long> -> bench,0.6083,elysium -> real,0.5339,elysium -> real,60,64,0.0,0.289,0.173,60,90,13,0.0,0.167,8.6,elysium,0.7,5,2.67,3.91,0.548,"elysium 58%, valhalla 18%","elysium 37%, <long> 29%",0.6253,0.08,0.929
r8_1325_general,"Name a general. Reply with only the name, nothing else.",0.6444,<long> -> bench,0.5278,napoleon bonaparte -> real,0.5899,george washington -> bench,58,61,0.033,0.322,0.207,60,90,30,0.0,0.193,9.5,george washington,0.5,6,4.17,11.15,0.437,"george washington 33%, norman schwarzkopf 7%","george washington 36%, <long> 32%",0.6375,0.286,0.99
r8_1330_fungal_growth,"Name a fungal growth. Reply with only the name, nothing else.",0.6444,<long> -> bench,0.625,mold -> real,0.5677,mycelium -> bench,60,64,0.0,0.289,0.173,60,90,10,0.0,0.173,8.6,mold,0.5,5,3.59,4.13,0.484,"mold 55%, mushroom 22%","mold 30%, <long> 29%",0.5633,0.136,0.801
r8_0029_weapon,"Name a weapon. Reply with only the name, nothing else.",0.6444,<long> -> bench,0.6,katana -> real,0.53,katana -> real,58,61,0.033,0.322,0.207,60,90,23,0.0,0.2,9.1,katana,0.9,2,1.38,5.25,0.521,"katana 53%, sword 27%","katana 33%, <long> 32%",0.6308,0.188,0.851
r8s_1423_bitter,"Suggest a type of bitter. Reply with only the name, nothing else.",0.6444,<long> -> bench,0.525,ipa -> real,0.5334,campari -> bench,58,61,0.033,0.322,0.207,60,90,59,0.0,0.207,9.8,campari,0.6,5,3.01,24.13,0.345,"campari 30%, ipa 5%","<long> 32%, campari 26%",0.585,0.355,0.631
r8_1171_us_president,"Name an us president. Reply with only the name, nothing else.",0.6444,<long> -> bench,0.6278,george washington -> real,0.5589,abraham lincoln -> real,60,64,0.0,0.289,0.173,60,90,11,0.0,0.167,8.1,george washington,0.95,2,1.22,2.18,0.823,"george washington 83%, abraham lincoln 13%","george washington 58%, <long> 29%",0.6239,0.174,1.114
r8_1157_philosophical_concept,"Name a philosophical concept. Reply with only the name, nothing else.",0.6444,<long> -> bench,0.6056,existentialism -> real,0.5672,existentialism -> real,60,64,0.0,0.289,0.173,60,90,17,0.0,0.173,9.0,tabula rasa,0.6,6,3.56,6.24,0.331,"existentialism 40%, stoicism 28%","<long> 29%, existentialism 19%",0.6117,0.287,0.967
r8_1133_meteor,"Name a meteor. Reply with only the name, nothing else.",0.6444,<long> -> bench,0.5444,chelyabinsk -> real,0.5401,perseid -> bench,58,61,0.033,0.322,0.207,60,90,70,0.0,0.193,10.0,chelyabinsk,0.35,13,9.44,43.41,0.143,"chelyabinsk 17%, leonid 5%","<long> 32%, chelyabinsk 8%",0.6019,0.351,0.754
r8_1360_lizard,"Name a lizard. Reply with only the name, nothing else.",0.6444,<long> -> bench,0.5889,komodo dragon -> real,0.5708,komodo dragon -> real,60,64,0.0,0.289,0.173,60,90,16,0.0,0.167,8.4,iguana,0.45,5,3.69,6.76,0.315,"iguana 30%, gecko 28%","<long> 29%, iguana 23%",0.5983,0.149,0.817
r8_1379_bank,"Name a bank. Reply with only the name, nothing else.",0.6444,<long> -> bench,0.5889,chase -> real,0.5307,chase -> bench,60,64,0.0,0.289,0.173,60,90,14,0.0,0.173,8.3,chase,0.65,4,2.52,2.46,0.798,"chase 77%, jpmorgan chase 7%","chase 59%, <long> 29%",0.6478,0.256,0.877
r8_1293_medical_equipment,"Name a type of medical equipment. Reply with only the name, nothing else.",0.6444,stethoscope -> real,0.6444,stethoscope -> real,0.5333,stethoscope -> real,60,65,0.0,0.278,0.167,60,90,11,0.0,0.16,8.6,stethoscope,1.0,1,1.0,2.13,0.832,"stethoscope 87%, mri machine 7%","stethoscope 58%, <long> 28%",0.6289,0.045,0.834
r8_1331_articulation_in_music,"Name an articulation in music. Reply with only the name, nothing else.",0.6444,staccato -> real,0.6444,staccato -> real,0.5339,staccato -> real,60,64,0.0,0.289,0.173,60,90,12,0.0,0.173,8.8,staccato,1.0,1,1.0,2.34,0.798,"staccato 83%, legato 12%","staccato 54%, <long> 29%",0.6606,0.186,0.819
r8s_1360_lizard,"Suggest a type of lizard. Reply with only the name, nothing else.",0.6444,<long> -> bench,0.6083,bearded dragon -> real,0.6016,bearded dragon -> real,60,64,0.0,0.289,0.173,60,90,12,0.0,0.16,8.7,bearded dragon,0.5,7,4.67,7.23,0.298,"gecko 27%, bearded dragon 25%","<long> 29%, gecko 23%",0.6233,0.197,1.132
r8s_1394_natural_landform,"Suggest a type of natural landform. Reply with only the name, nothing else.",0.6444,<long> -> bench,0.6056,canyon -> real,0.613,mountain -> bench,60,64,0.0,0.289,0.173,60,90,21,0.0,0.167,7.7,canyon,0.4,4,3.49,8.5,0.29,"canyon 37%, delta 15%","<long> 29%, mountain 26%",0.6294,0.352,0.889
r8s_1389_type_of_meteorological,"Suggest a type of type of meteorological event. Reply with only the name, nothing else.",0.6444,<long> -> bench,0.625,hurricane -> real,0.5302,hurricane -> real,60,64,0.0,0.289,0.173,60,90,10,0.0,0.167,8.0,hurricane,0.8,2,1.65,2.73,0.685,"hurricane 72%, tornado 20%","hurricane 47%, <long> 29%",0.655,0.187,0.942
r8s_1259_school_level,"Suggest a type of school level. Reply with only the name, nothing else.",0.6444,<long> -> bench,0.5889,high school -> real,0.525,university -> real,60,64,0.0,0.289,0.173,60,90,10,0.0,0.173,8.1,high school,0.65,4,2.52,3.09,0.677,"high school 67%, elementary school 13%","high school 49%, <long> 29%",0.6228,0.128,0.744
r8s_1619_occupation_in_transpor,"Suggest a type of occupation in transport. Reply with only the name, nothing else.",0.6444,<long> -> bench,0.5528,air traffic controller -> real,0.5437,air traffic controller -> real,60,64,0.0,0.289,0.173,60,90,17,0.0,0.173,8.5,air traffic controller,0.4,6,4.61,6.55,0.371,"truck driver 37%, pilot 23%","<long> 29%, truck driver 27%",0.6092,0.211,0.913
r8s_1683_percussion_instrument,"Suggest a type of percussion instrument. Reply with only the name, nothing else.",0.6444,<long> -> bench,0.5583,conga -> real,0.5594,drum -> bench,60,64,0.0,0.289,0.173,60,90,20,0.0,0.16,8.4,snare drum,0.25,11,8.98,9.29,0.29,"snare drum 28%, timpani 13%","<long> 29%, snare drum 21%",0.5919,0.213,0.902
r8s_1523_cheese_used_on_pizza,"Suggest a type of cheese used on pizza. Reply with only the name, nothing else.",0.6444,mozzarella -> real,0.6444,mozzarella -> real,0.5152,mozzarella -> real,60,66,0.0,0.267,0.16,60,90,3,0.0,0.16,9.3,mozzarella,1.0,1,1.0,1.08,0.984,mozzarella 100%,"mozzarella 71%, <long> 27%",0.6342,0.071,1.048
r8_0163_energy,"Name an energy. Reply with only the name, nothing else.",0.6444,<long> -> bench,0.5778,solar -> real,0.5974,kinetic energy -> bench,60,64,0.0,0.289,0.173,60,90,29,0.0,0.167,8.4,kinetic energy,0.8,4,2.03,8.06,0.484,"kinetic energy 38%, solar 17%","kinetic energy 41%, <long> 29%",0.6372,0.141,1.046
r8_0289_supernatural_being,"Name a type of supernatural being. Reply with only the name, nothing else.",0.6444,<long> -> bench,0.6167,vampire -> real,0.525,werewolf -> real,60,64,0.0,0.289,0.173,60,90,8,0.0,0.167,8.0,vampire,0.9,2,1.38,1.75,0.879,"vampire 87%, werewolf 5%","vampire 63%, <long> 29%",0.6278,0.227,0.815
r8_0156_singer,"Name a singer. Reply with only the name, nothing else.",0.6444,<long> -> bench,0.5806,taylor swift -> real,0.5167,beyoncé -> real,60,64,0.0,0.289,0.173,60,90,9,0.0,0.173,8.4,taylor swift,0.45,6,3.77,2.69,0.589,"taylor swift 58%, adele 33%","taylor swift 42%, <long> 29%",0.6194,0.185,0.976
r8s_1569_mode_of_transportation,"Suggest a type of mode of transportation. Reply with only the name, nothing else.",0.6444,<long> -> bench,0.5611,bicycle -> real,0.5427,bicycle -> bench,60,64,0.0,0.289,0.173,60,90,21,0.0,0.173,8.0,bicycle,0.7,6,2.94,4.34,0.677,"bicycle 63%, train 7%","bicycle 51%, <long> 29%",0.6219,0.232,0.837
r8_1206_dance_step,"Name a dance step. Reply with only the name, nothing else.",0.6444,<long> -> bench,0.6083,moonwalk -> real,0.588,moonwalk -> real,60,64,0.0,0.289,0.173,60,90,23,0.0,0.173,8.4,moonwalk,0.4,7,4.94,10.51,0.226,"moonwalk 32%, twist 15%","<long> 29%, salsa 18%",0.6447,0.262,0.975
r8_1180_tape,"Name a tape. Reply with only the name, nothing else.",0.6444,<long> -> bench,0.5528,scotch tape -> bench,0.5939,scotch tape -> bench,56,58,0.067,0.356,0.24,60,90,86,0.0,0.193,10.4,scotch tape,0.7,7,3.15,61.05,0.149,"<long> 7%, scotch 5%","<long> 36%, scotch tape 16%",0.6778,0.485,0.48
r8_1228_theater_prop,"Name a theater prop. Reply with only the name, nothing else.",0.6444,<long> -> bench,0.5194,sword -> real,0.562,curtain -> bench,60,64,0.0,0.289,0.173,60,90,55,0.0,0.173,8.6,sword,0.15,15,13.42,22.75,0.331,"curtain 27%, sword 8%","<long> 29%, curtain 28%",0.6108,0.356,0.887
r8_1208_digestif,"Name a digestif. Reply with only the name, nothing else.",0.6444,<long> -> bench,0.6139,grappa -> real,0.5771,baileys -> real,60,64,0.0,0.289,0.173,60,90,30,0.0,0.173,8.8,grappa,0.65,7,3.52,10.62,0.339,"grappa 42%, baileys 22%","<long> 29%, grappa 19%",0.6197,0.275,0.901
r8_1159_baking_dish,"Name a baking dish. Reply with only the name, nothing else.",0.6444,<long> -> bench,0.6417,casserole dish -> real,0.5401,casserole dish -> real,60,64,0.0,0.289,0.173,60,90,13,0.0,0.173,9.6,casserole dish,0.9,3,1.48,2.71,0.742,"casserole dish 78%, casserole 12%","casserole dish 50%, <long> 29%",0.6458,0.134,1.049
r8_0653_flower_reproductive_pa,"Name a flower reproductive part. Reply with only the name, nothing else.",0.6444,<long> -> bench,0.5722,petal -> real,0.5656,stamen -> bench,60,64,0.0,0.289,0.173,60,90,7,0.0,0.167,8.3,stamen,0.55,5,3.44,3.67,0.468,"stamen 40%, petal 30%","stamen 38%, <long> 29%",0.61,0.062,0.992
r8_1910_war_weapon,"Name a war weapon. Reply with only the name, nothing else.",0.6444,<long> -> bench,0.5667,tank -> real,0.5322,tank -> real,58,61,0.033,0.322,0.207,60,90,36,0.0,0.207,9.2,tank,0.3,9,6.8,16.61,0.277,"tank 30%, ak-47 12%","<long> 32%, tank 17%",0.6408,0.512,0.858
r8_1952_insectivore,"Name an insectivore. Reply with only the name, nothing else.",0.6444,bat -> real,0.6444,bat -> real,0.5813,bat -> real,60,64,0.0,0.289,0.173,60,90,24,0.0,0.167,8.0,hedgehog,0.5,9,5.51,6.0,0.516,"bat 60%, hedgehog 12%","bat 31%, <long> 29%",0.6333,0.237,0.976
r8_0725_rock_subgenre,"Name a rock subgenre. Reply with only the name, nothing else.",0.6444,<long> -> bench,0.575,punk rock -> real,0.575,progressive rock -> bench,60,64,0.0,0.289,0.173,60,90,22,0.0,0.173,8.8,punk rock,0.75,3,1.99,9.18,0.315,"punk rock 35%, grunge 13%","<long> 29%, punk rock 20%",0.6119,0.266,0.862
r8_0720_form_of_media,"Name a form of media. Reply with only the name, nothing else.",0.6444,<long> -> bench,0.6306,podcast -> real,0.6125,podcast -> real,60,64,0.0,0.289,0.173,60,90,25,0.0,0.173,8.0,television,0.7,6,2.94,9.79,0.266,"podcast 35%, television 18%","<long> 29%, television 24%",0.6422,0.367,1.211
r8_0697_plier,"Name a plier. Reply with only the name, nothing else.",0.6444,<long> -> bench,0.5417,channel locks -> real,0.5519,needle-nose pliers -> bench,58,61,0.033,0.322,0.207,60,90,39,0.0,0.193,10.6,needle-nose pliers,0.35,9,6.79,18.97,0.277,"needle-nose pliers 22%, linemans pliers 10%","<long> 32%, needle-nose pliers 22%",0.6319,0.352,1.073
r8_1837_farm_structure,"Name a type of farm structure. Reply with only the name, nothing else.",0.6444,<long> -> bench,0.6444,barn -> real,0.5,,60,64,0.0,0.289,0.173,60,90,2,0.0,0.16,8.0,barn,1.0,1,1.0,1.0,1.0,barn 100%,"barn 71%, <long> 29%",0.5981,0.05,0.964
r8_0817_bird_migration_season,"Name a bird migration season. Reply with only the name, nothing else.",0.6444,spring migration -> real,0.6444,spring migration -> real,0.6016,spring migration -> real,60,64,0.0,0.289,0.173,60,90,9,0.0,0.173,7.9,spring migration,0.6,4,2.89,3.42,0.452,"spring migration 50%, spring 35%","spring 39%, <long> 29%",0.6,0.172,1.047
r8_0246_landform,"Name a landform. Reply with only the name, nothing else.",0.6444,<long> -> bench,0.5944,mountain -> real,0.5349,mount everest -> real,60,64,0.0,0.289,0.173,60,90,25,0.0,0.173,7.5,mountain,0.9,3,1.48,6.18,0.589,"mountain 60%, mount everest 12%","mountain 41%, <long> 29%",0.6139,0.342,1.037
r8s_1827_musician,"Suggest a type of musician. Reply with only the name, nothing else.",0.6444,<long> -> bench,0.575,jazz pianist -> real,0.5924,pianist -> bench,58,61,0.033,0.322,0.207,60,90,27,0.0,0.193,9.9,jazz pianist,0.35,9,6.68,10.64,0.336,"pianist 23%, jazz pianist 22%","<long> 32%, pianist 29%",0.6233,0.275,0.794
r8_1258_knitwear_item,"Name a knitwear item. Reply with only the name, nothing else.",0.6417,sweater -> real,0.6417,sweater -> real,0.522,scarf -> bench,60,66,0.0,0.267,0.16,60,90,7,0.0,0.16,8.4,sweater,0.95,2,1.22,1.42,0.929,"sweater 95%, black knit 2%","sweater 67%, <long> 27%",0.6314,0.113,0.878
r8s_1958_kitsune,"Suggest a type of kitsune. Reply with only the name, nothing else.",0.6417,<long> -> bench,0.525,huli jing -> real,0.5263,huli jing -> real,57,60,0.05,0.333,0.22,60,90,87,0.0,0.213,10.7,zenko,0.1,18,17.41,68.39,0.111,"kitsune 10%, <long> 5%","<long> 33%, kitsune 8%",0.6178,0.462,0.966
r8_0249_meal,"Name a meal. Reply with only the name, nothing else.",0.6417,<long> -> bench,0.5472,pizza -> real,0.5597,pasta carbonara -> bench,59,63,0.017,0.3,0.187,60,90,21,0.0,0.173,8.9,pizza,0.4,7,5.22,10.18,0.238,"pizza 25%, spaghetti carbonara 15%","<long> 30%, pasta carbonara 17%",0.6156,0.179,0.888
r8_1266_sports_official,"Name a sports official. Reply with only the name, nothing else.",0.6417,<long> -> bench,0.5278,umpire -> bench,0.5491,umpire -> bench,57,60,0.05,0.333,0.22,60,90,84,0.0,0.207,10.1,ed hochuli,0.1,19,18.66,54.19,0.162,"referee 12%, <long> 5%","<long> 33%, referee 13%",0.62,0.504,0.883
r8_0248_empire,"Name an empire. Reply with only the name, nothing else.",0.6417,roman empire -> real,0.6417,roman empire -> real,0.5616,roman empire -> real,60,67,0.0,0.256,0.153,60,90,23,0.0,0.153,7.8,roman empire,1.0,1,1.0,4.19,0.685,"roman empire 75%, rome 8%","roman empire 47%, <long> 26%",0.6008,0.142,0.671
r8_0539_volcano,"Name a volcano. Reply with only the name, nothing else.",0.6417,mount fuji -> real,0.6417,mount fuji -> real,0.6145,mount fuji -> real,60,73,0.0,0.189,0.113,60,90,24,0.0,0.113,7.5,mount fuji,0.7,4,2.39,7.9,0.391,"mount fuji 52%, mount st. helens 18%","mount st. helens 26%, mount fuji 23%",0.6478,0.201,0.988
r8_0453_root_crop,"Name a root crop. Reply with only the name, nothing else.",0.6417,potato -> real,0.6417,potato -> real,0.5968,potato -> real,60,65,0.0,0.278,0.167,60,90,7,0.0,0.167,7.8,potato,0.7,2,1.84,2.96,0.448,"potato 52%, carrot 38%","carrot 37%, <long> 28%",0.6611,0.084,1.022
r8_1555_troll,"Name a troll. Reply with only the name, nothing else.",0.6417,<long> -> bench,0.5389,trollface -> real,0.5377,smaug -> real,53,54,0.117,0.4,0.287,60,90,74,0.0,0.273,12.0,troll,0.1,19,18.66,47.85,0.168,"trollface 17%, <long> 12%","<long> 40%, trollface 9%",0.6214,0.48,0.781
r8_1657_conference,"Name a conference. Reply with only the name, nothing else.",0.6417,<long> -> bench,0.6389,neurips -> bench,0.7671,neurips -> bench,53,54,0.117,0.4,0.287,60,90,37,0.0,0.227,10.5,ted,0.35,8,5.89,12.59,0.421,"ted 15%, neurips 13%","neurips 41%, <long> 40%",0.6597,0.269,1.135
r8_0768_hydra,"Name a hydra. Reply with only the name, nothing else.",0.6417,<long> -> bench,0.5833,lerna -> real,0.5642,lerna -> real,59,63,0.017,0.3,0.187,60,90,43,0.0,0.167,9.2,lernaean hydra,0.2,16,14.14,16.99,0.246,"lernaean hydra 28%, lerna 27%","<long> 30%, lernaean hydra 14%",0.6731,0.208,0.812
r8_0629_deodorant,"Name a deodorant. Reply with only the name, nothing else.",0.6417,<long> -> bench,0.5833,dove -> real,0.5689,degree -> real,59,63,0.017,0.3,0.187,60,90,22,0.0,0.187,8.5,dove,0.65,5,2.99,7.53,0.451,"dove 47%, degree 17%","<long> 30%, dove 30%",0.6278,0.242,0.994
r8_0701_violin_maker,"Name a violin maker. Reply with only the name, nothing else.",0.6417,antonio stradivari -> real,0.6417,antonio stradivari -> real,0.5655,antonio stradivari -> real,60,70,0.0,0.222,0.133,60,90,14,0.0,0.133,9.3,antonio stradivari,1.0,1,1.0,2.87,0.746,"antonio stradivari 82%, stradivari 10%","antonio stradivari 53%, <long> 22%",0.6258,0.202,1.021
r8_1955_spice_bark,"Name a spice bark. Reply with only the name, nothing else.",0.6417,<long> -> bench,0.625,cinnamon -> real,0.5254,cassia -> real,59,63,0.017,0.3,0.187,60,90,6,0.0,0.18,8.3,cinnamon,1.0,1,1.0,1.34,0.943,"cinnamon 92%, cassia 5%","cinnamon 67%, <long> 30%",0.6167,0.05,1.056
r8_1422_djinn,"Name a djinn. Reply with only the name, nothing else.",0.6417,<long> -> bench,0.5667,marid -> real,0.5339,jafar -> real,59,63,0.017,0.3,0.187,60,90,50,0.0,0.173,8.7,marid,0.8,5,2.18,13.98,0.475,"marid 47%, jafar 7%","marid 33%, <long> 30%",0.6078,0.234,0.846
r8_1759_classic_arcade_game,"Name a classic arcade game. Reply with only the name, nothing else.",0.6417,pac-man -> real,0.6417,pac-man -> real,0.5284,pac-man -> real,60,68,0.0,0.244,0.147,60,90,4,0.0,0.147,8.1,pac-man,0.95,2,1.22,1.24,0.953,"pac-man 98%, pacman 2%","pac-man 70%, <long> 24%",0.5931,0.077,0.94
r8_0828_shower,"Name a shower. Reply with only the name, nothing else.",0.6417,<long> -> bench,0.5278,shower -> real,0.526,raindrop -> real,59,63,0.017,0.3,0.187,60,90,88,0.0,0.18,8.5,raindance,0.3,15,11.68,64.4,0.082,"shower 10%, rain 8%","<long> 30%, rain 6%",0.6392,0.469,0.884
r8s_0746_musical_note_duration,"Suggest a type of musical note duration. Reply with only the name, nothing else.",0.6417,<long> -> bench,0.6,quarter note -> real,0.5455,quarter -> bench,59,63,0.017,0.3,0.187,60,90,8,0.0,0.187,8.4,quarter note,0.6,4,2.63,2.67,0.713,"quarter note 70%, whole note 12%","quarter note 50%, <long> 30%",0.6147,0.229,0.955
r8_1454_mushroom_color,"Name a mushroom color. Reply with only the name, nothing else.",0.6417,<long> -> bench,0.5861,white -> bench,0.6745,white -> bench,59,63,0.017,0.3,0.187,60,90,24,0.0,0.187,7.9,white,0.45,8,5.26,7.47,0.434,"white 25%, brown 23%","white 42%, <long> 30%",0.6111,0.23,1.043
r8_1466_archery_bow,"Name an archery bow. Reply with only the name, nothing else.",0.6417,<long> -> bench,0.5972,recurve bow -> real,0.5257,recurve bow -> real,59,63,0.017,0.3,0.187,60,90,7,0.0,0.187,8.9,recurve bow,0.6,4,2.63,2.83,0.533,"recurve bow 55%, longbow 33%","recurve bow 36%, <long> 30%",0.6494,0.052,0.925
r8_1481_shaft,"Name a shaft. Reply with only the name, nothing else.",0.6417,<long> -> bench,0.5111,central park -> bench,0.5175,central park -> bench,55,57,0.083,0.367,0.253,60,90,98,0.0,0.22,10.6,card shaft,0.05,20,20.0,89.85,0.045,"<long> 8%, elevator shaft 3%","<long> 37%, elevator shaft 3%",0.6322,0.535,0.707
r8_1154_celebration_item,"Name a celebration item. Reply with only the name, nothing else.",0.6417,<long> -> bench,0.5667,confetti -> real,0.5543,balloon -> bench,59,63,0.017,0.3,0.187,60,90,27,0.0,0.173,8.4,balloon,0.6,9,4.5,10.49,0.344,"balloon 28%, confetti 23%","<long> 30%, balloon 28%",0.6358,0.234,0.734
r8_1008_book_cover,"Name a book cover. Reply with only the name, nothing else.",0.6417,<long> -> bench,0.5361,great gatsby -> real,0.5627,to kill a mockingbird -> bench,57,60,0.05,0.333,0.22,60,90,22,0.0,0.193,11.0,great gatsby,0.5,6,3.69,6.99,0.436,"great gatsby 38%, to kill a mockingbird 15%","<long> 33%, great gatsby 31%",0.6506,0.219,1.008
r8_1099_television_format,"Name a television format. Reply with only the name, nothing else.",0.6417,<long> -> bench,0.5583,great british bake off -> real,0.5593,great british bake off -> real,59,63,0.017,0.3,0.187,60,90,37,0.0,0.18,8.5,sitcom,0.3,12,9.49,14.3,0.311,"sitcom 27%, great british bake off 12%","<long> 30%, sitcom 24%",0.6197,0.25,0.918
r8_1053_competition_prize,"Name a competition prize. Reply with only the name, nothing else.",0.6417,<long> -> bench,0.5778,academy award -> real,0.6507,nobel prize -> bench,59,63,0.017,0.3,0.187,60,90,28,0.0,0.18,9.0,trophy,0.25,11,9.21,8.54,0.41,"nobel prize 25%, oscar 23%","nobel prize 39%, <long> 30%",0.61,0.195,0.925
r8s_0904_jungle_animal,"Suggest a type of jungle animal. Reply with only the name, nothing else.",0.6417,jaguar -> real,0.6417,jaguar -> real,0.5385,lion -> bench,60,65,0.0,0.278,0.167,60,90,15,0.0,0.16,8.4,jaguar,1.0,1,1.0,2.46,0.816,"jaguar 85%, leopard 5%","jaguar 57%, <long> 28%",0.6461,0.135,1.071
r8_0731_alien_species,"Name an alien species. Reply with only the name, nothing else.",0.6417,<long> -> bench,0.5611,klingon -> bench,0.5873,klingon -> bench,59,63,0.017,0.3,0.187,60,90,76,0.0,0.187,9.6,xenomorph,0.15,16,14.77,55.67,0.09,"zylarion 8%, xenomorph 7%","<long> 30%, klingon 12%",0.625,0.263,0.94
r8_0276_snow,"Name a snow. Reply with only the name, nothing else.",0.6417,<long> -> bench,0.5278,snow -> real,0.5258,blizzard -> bench,59,63,0.017,0.3,0.187,60,90,67,0.0,0.187,9.0,powder,0.4,10,6.89,35.31,0.213,"blizzard 18%, snow 10%","<long> 30%, blizzard 17%",0.6186,0.29,0.978
r8s_1060_mental_state,"Suggest a type of mental state. Reply with only the name, nothing else.",0.6417,flow -> real,0.6417,flow -> real,0.5959,flow -> real,60,67,0.0,0.256,0.153,60,90,34,0.0,0.153,7.2,flow,0.75,4,2.28,10.63,0.449,"flow 55%, mindfulness 18%","flow 27%, <long> 26%",0.6589,0.345,0.761
r8_0503_garden,"Name a garden. Reply with only the name, nothing else.",0.6417,<long> -> bench,0.5333,kew gardens -> real,0.5397,rose garden -> bench,59,63,0.017,0.3,0.187,60,90,59,0.0,0.187,9.8,kew gardens,0.65,8,3.78,29.94,0.238,"kew gardens 23%, secret garden 8%","<long> 30%, kew gardens 17%",0.6072,0.356,0.92
r8s_0385_lighting_fixture,"Suggest a type of lighting fixture. Reply with only the name, nothing else.",0.6417,pendant light -> real,0.6417,pendant light -> real,0.5412,pendant light -> real,59,63,0.017,0.3,0.187,60,90,9,0.0,0.187,9.1,pendant light,0.7,2,1.84,2.16,0.754,"pendant light 78%, chandelier 18%","pendant light 50%, <long> 30%",0.6294,0.095,0.791
r8_1349_cookie_brand,"Name a cookie brand. Reply with only the name, nothing else.",0.6417,oreos -> real,0.6417,oreos -> real,0.6591,oreo -> bench,60,66,0.0,0.267,0.16,60,90,13,0.0,0.16,8.3,oreo,0.95,2,1.22,3.43,0.5,"oreos 48%, oreo 33%","oreo 48%, <long> 27%",0.5964,0.12,0.935
r8_1364_heaven,"Name a heaven. Reply with only the name, nothing else.",0.6417,<long> -> bench,0.5694,eden -> real,0.5478,eden -> real,59,63,0.017,0.3,0.187,60,90,25,0.0,0.167,8.9,eden,0.35,6,4.87,9.1,0.279,"valhalla 28%, eden 25%","<long> 30%, valhalla 19%",0.6025,0.329,0.836
r8s_0051_vitamin,"Suggest a type of vitamin. Reply with only the name, nothing else.",0.6417,vitamin d -> real,0.6417,vitamin d -> real,0.6303,vitamin c -> bench,60,66,0.0,0.267,0.16,60,90,5,0.0,0.153,8.4,vitamin c,0.85,2,1.53,1.84,0.77,"vitamin c 63%, vitamin d 35%","vitamin c 66%, <long> 27%",0.6197,0.076,0.997
r8_1502_classroom,"Name a classroom. Reply with only the name, nothing else.",0.6417,room 101 -> real,0.6417,room 101 -> real,0.5969,room 101 -> real,57,60,0.05,0.333,0.22,60,90,51,0.0,0.18,10.8,science lab,0.25,13,10.58,15.8,0.444,"room 101 52%, <long> 5%","<long> 33%, room 101 23%",0.6333,0.447,0.869
r8_0429_ecosystem,"Name an ecosystem. Reply with only the name, nothing else.",0.6417,amazon rainforest -> real,0.6417,amazon rainforest -> real,0.6311,amazon rainforest -> real,59,64,0.017,0.289,0.18,60,90,38,0.0,0.167,8.5,rainforest,0.55,4,2.92,13.61,0.26,"amazon rainforest 35%, rainforest 20%","<long> 29%, rainforest 22%",0.6381,0.293,0.832
r8_1033_beard_style,"Name a beard style. Reply with only the name, nothing else.",0.6417,<long> -> bench,0.5806,van dyke -> real,0.6516,goatee -> bench,59,63,0.017,0.3,0.187,60,90,13,0.0,0.187,8.7,goatee,0.5,4,3.13,3.19,0.631,"goatee 47%, van dyke 28%","goatee 54%, <long> 30%",0.6044,0.146,1.178
r8_0055_mollusk,"Name a mollusk. Reply with only the name, nothing else.",0.6417,octopus -> real,0.6417,octopus -> real,0.6217,octopus -> real,60,75,0.0,0.167,0.1,60,90,7,0.0,0.1,5.9,octopus,0.45,4,3.02,4.15,0.348,"octopus 48%, snail 32%","snail 27%, oyster 24%",0.6306,0.171,0.914
r8_0028_cooking_method,"Name a cooking method. Reply with only the name, nothing else.",0.6417,<long> -> bench,0.5944,sous-vide -> real,0.5869,sous-vide -> real,59,63,0.017,0.3,0.187,60,90,11,0.0,0.187,8.9,roasting,0.35,4,3.45,7.66,0.221,"sous-vide 23%, sautéing 20%","<long> 30%, grilling 20%",0.6719,0.14,0.766
r8_0530_tide,"Name a tide. Reply with only the name, nothing else.",0.6417,<long> -> bench,0.5639,king tide -> real,0.5535,king tide -> real,59,63,0.017,0.3,0.187,60,90,38,0.0,0.18,8.5,spring tide,0.65,4,2.67,10.5,0.459,"spring tide 40%, king tide 18%","spring tide 36%, <long> 30%",0.6053,0.272,0.918
r8_0425_rock_formation,"Name a rock formation. Reply with only the name, nothing else.",0.6417,<long> -> bench,0.5444,bryce canyon -> real,0.5608,grand canyon -> bench,59,63,0.017,0.3,0.187,60,90,52,0.0,0.173,9.4,uluru,0.35,10,7.28,30.67,0.148,"bryce canyon 10%, delicate arch 10%","<long> 30%, grand canyon 14%",0.6033,0.362,0.907
r8s_0555_sculpture_material,"Suggest a type of sculpture material. Reply with only the name, nothing else.",0.6417,bronze -> real,0.6417,bronze -> real,0.6096,bronze -> real,60,65,0.0,0.278,0.167,60,90,9,0.0,0.167,7.8,bronze,0.45,4,3.02,3.22,0.496,"bronze 45%, marble 38%","marble 43%, <long> 28%",0.6575,0.104,0.81
r8_1676_resistor_value,"Name a resistor value. Reply with only the name, nothing else.",0.6417,<long> -> bench,0.5611,10kω -> real,0.5461,10kω -> real,59,63,0.017,0.3,0.187,60,90,29,0.0,0.18,9.8,1kω,0.3,8,6.83,12.06,0.328,"10k 33%, 10kω 20%","<long> 30%, 10k 22%",0.6472,0.14,1.083
r8s_1296_guitar,"Suggest a type of guitar. Reply with only the name, nothing else.",0.6417,fender stratocaster -> real,0.6417,fender stratocaster -> real,0.584,fender stratocaster -> real,60,65,0.0,0.278,0.167,60,90,17,0.0,0.167,10.0,acoustic guitar,0.4,4,3.34,4.92,0.496,"fender stratocaster 58%, acoustic guitar 17%","fender stratocaster 30%, <long> 28%",0.6392,0.137,0.842
r8_1700_acid_type,"Name an acid type. Reply with only the name, nothing else.",0.6417,sulfuric acid -> real,0.6417,sulfuric acid -> real,0.5787,sulfuric acid -> real,60,67,0.0,0.256,0.153,60,90,12,0.0,0.153,9.8,hydrochloric acid,0.75,5,2.45,3.32,0.567,"sulfuric acid 65%, hydrochloric acid 25%","sulfuric acid 37%, hydrochloric acid 27%",0.6231,0.152,0.727
r8s_1158_barbecue,"Suggest a type of barbecue. Reply with only the name, nothing else.",0.6417,<long> -> bench,0.5972,korean bbq -> real,0.5326,korean bbq -> real,59,63,0.017,0.3,0.187,60,90,30,0.0,0.187,9.6,texas-style brisket,0.4,9,6.43,8.81,0.492,"korean bbq 52%, texas-style brisket 7%","korean bbq 32%, <long> 30%",0.6158,0.128,0.885
r8_0390_bread_roll,"Name a bread roll. Reply with only the name, nothing else.",0.6417,<long> -> bench,0.6306,brioche -> real,0.5665,brioche -> real,59,63,0.017,0.3,0.187,60,90,14,0.0,0.187,9.1,brioche,0.9,3,1.48,5.04,0.525,"brioche 58%, baguette 15%","brioche 32%, <long> 30%",0.6519,0.226,0.955
r8_1362_saxophone,"Name a saxophone. Reply with only the name, nothing else.",0.6417,<long> -> bench,0.55,alto saxophone -> bench,0.64,alto saxophone -> bench,59,63,0.017,0.3,0.187,60,90,33,0.0,0.18,9.9,alto saxophone,0.9,3,1.48,10.03,0.484,"alto saxophone 33%, yamaha yas-280 7%","alto saxophone 43%, <long> 30%",0.6103,0.177,1.212
r8_0529_short_story,"Name a short story. Reply with only the name, nothing else.",0.6417,<long> -> bench,0.5694,lottery -> real,0.5277,lottery -> bench,59,63,0.017,0.3,0.187,60,90,16,0.0,0.173,9.2,lottery,0.75,3,2.08,3.57,0.656,"lottery 62%, gift of the magi 18%","lottery 48%, <long> 30%",0.6533,0.051,1.09
r8s_1169_type_of_bread,"Suggest a type of type of bread. Reply with only the name, nothing else.",0.6417,sourdough -> real,0.6417,sourdough -> real,0.5284,sourdough -> real,60,68,0.0,0.244,0.147,60,90,7,0.0,0.14,7.9,sourdough,0.95,2,1.22,1.3,0.953,"sourdough 98%, brioche 2%","sourdough 70%, <long> 24%",0.6544,0.079,0.969
r8_1023_booker_prize_novel,"Name a booker prize novel. Reply with only the name, nothing else.",0.6417,<long> -> bench,0.575,remains of the day -> real,0.5531,disgrace -> real,57,60,0.05,0.333,0.22,60,90,25,0.0,0.2,10.7,white teeth,0.3,10,7.29,10.69,0.333,"remains of the day 35%, wolf hall 18%","<long> 33%, remains of the day 20%",0.6122,0.227,1.012
r8s_1605_desert_animal,"Suggest a type of desert animal. Reply with only the name, nothing else.",0.6417,fennec fox -> real,0.6417,fennec fox -> real,0.5392,fennec fox -> real,60,68,0.0,0.244,0.147,60,90,6,0.0,0.147,8.8,fennec fox,1.0,1,1.0,1.59,0.875,"fennec fox 92%, camel 7%","fennec fox 63%, <long> 24%",0.6519,0.089,0.784
r8_0118_breakfast_cereal,"Name a breakfast cereal. Reply with only the name, nothing else.",0.6417,<long> -> bench,0.5611,lucky charms -> real,0.5599,lucky charms -> real,59,63,0.017,0.3,0.187,60,90,26,0.0,0.187,9.7,corn flakes,0.35,8,5.81,10.32,0.352,"corn flakes 32%, lucky charms 13%","<long> 30%, corn flakes 27%",0.6103,0.22,1.071
r8_0785_font,"Name a font. Reply with only the name, nothing else.",0.6417,helvetica -> real,0.6417,helvetica -> real,0.6402,arial -> bench,60,66,0.0,0.267,0.16,60,90,13,0.0,0.16,6.9,helvetica,0.65,5,2.99,4.54,0.397,"helvetica 45%, arial 25%","arial 39%, <long> 27%",0.6469,0.13,1.035
r8_1321_dance_style,"Name a dance style. Reply with only the name, nothing else.",0.6417,salsa -> real,0.6417,salsa -> real,0.5702,salsa -> real,60,70,0.0,0.222,0.133,60,90,16,0.0,0.133,6.9,salsa,0.85,4,1.8,3.28,0.708,"salsa 78%, ballet 13%","salsa 50%, <long> 22%",0.6381,0.168,0.993
r8_0569_pea,"Name a pea. Reply with only the name, nothing else.",0.6417,<long> -> bench,0.5278,pea -> bench,0.5671,garden pea -> bench,59,63,0.017,0.3,0.187,60,90,49,0.0,0.18,8.9,pisum sativum,0.1,19,18.66,20.85,0.213,"green pea 20%, garden pea 13%","<long> 30%, garden pea 19%",0.6303,0.264,0.762
r8_0007_fairy_tale,"Name a fairy tale. Reply with only the name, nothing else.",0.6417,cinderella -> real,0.6417,cinderella -> real,0.5272,cinderella -> real,60,67,0.0,0.256,0.153,60,90,8,0.0,0.153,8.4,cinderella,0.95,2,1.22,1.5,0.921,"cinderella 95%, tortoise and the hare 2%","cinderella 67%, <long> 26%",0.6389,0.094,1.015
r8_1810_gase,"Name a gase. Reply with only the name, nothing else.",0.6417,<long> -> bench,0.5722,helium -> real,0.5342,oxygen -> bench,59,63,0.017,0.3,0.187,60,90,10,0.0,0.173,8.2,oxygen,0.75,2,1.75,3.16,0.459,"helium 43%, oxygen 42%","oxygen 34%, <long> 30%",0.6303,0.157,1.103
r8s_1789_food_flavor,"Suggest a type of food flavor. Reply with only the name, nothing else.",0.6417,<long> -> bench,0.6056,vanilla -> bench,0.6851,vanilla -> bench,59,63,0.017,0.3,0.187,60,90,35,0.0,0.173,8.8,spicy,0.25,10,7.68,11.0,0.361,"truffle 30%, vanilla 17%","vanilla 38%, <long> 30%",0.6572,0.238,1.275
r8_0825_urodele,"Name an urodele. Reply with only the name, nothing else.",0.6417,axolotl -> real,0.6417,axolotl -> real,0.5845,axolotl -> real,60,67,0.0,0.256,0.153,60,90,9,0.0,0.153,8.8,axolotl,0.5,4,2.75,2.87,0.528,"axolotl 62%, salamander 30%","salamander 34%, axolotl 33%",0.6711,0.07,0.954
r8s_1598_weave,"Suggest a type of weave. Reply with only the name, nothing else.",0.6417,<long> -> bench,0.5889,twill -> bench,0.681,twill -> bench,55,57,0.083,0.367,0.253,60,90,44,0.0,0.24,10.5,twill,0.65,4,2.67,15.7,0.366,"twill 17%, plain weave 10%","<long> 37%, twill 34%",0.6289,0.385,0.396
r8_0570_school,"Name a school. Reply with only the name, nothing else.",0.6389,<long> -> bench,0.6,harvard university -> real,0.5154,harvard university -> bench,60,65,0.0,0.278,0.167,60,90,14,0.0,0.167,8.7,harvard university,1.0,1,1.0,2.33,0.816,"harvard university 80%, harvard 7%","harvard university 60%, <long> 28%",0.6219,0.094,0.932
r8_0967_hygiene_product,"Name a hygiene product. Reply with only the name, nothing else.",0.6389,<long> -> bench,0.5444,deodorant -> real,0.5365,shampoo -> bench,60,65,0.0,0.278,0.167,60,90,10,0.0,0.167,8.1,toothbrush,0.65,3,2.36,5.05,0.312,"toothpaste 30%, soap 30%","<long> 28%, toothpaste 23%",0.5953,0.179,0.779
r8_0034_ice_cream_flavor,"Name an ice cream flavor. Reply with only the name, nothing else.",0.6389,<long> -> bench,0.5639,mint chocolate chip -> real,0.5731,chocolate chip cookie dough -> bench,60,65,0.0,0.278,0.167,60,90,16,0.0,0.147,8.5,chocolate,0.55,4,3.07,6.62,0.376,"chocolate chip cookie dough 30%, mint chocolate chip 18%","chocolate chip cookie dough 32%, <long> 28%",0.6133,0.273,1.227
r8_0594_pepper,"Name a pepper. Reply with only the name, nothing else.",0.6389,<long> -> bench,0.5611,bell pepper -> real,0.5115,bell pepper -> bench,60,65,0.0,0.278,0.167,60,90,22,0.0,0.167,8.2,bell pepper,0.65,3,2.21,5.18,0.512,"bell pepper 50%, jalapeño 25%","bell pepper 38%, <long> 28%",0.6092,0.167,0.787
r8s_1345_pollutant,"Suggest a type of pollutant. Reply with only the name, nothing else.",0.6389,<long> -> bench,0.55,carbon monoxide -> real,0.5301,carbon dioxide -> bench,60,65,0.0,0.278,0.167,60,90,22,0.0,0.167,8.6,carbon monoxide,0.25,11,8.82,7.17,0.528,"carbon monoxide 50%, particulate matter 8%","carbon monoxide 40%, <long> 28%",0.5931,0.266,0.876
r8_0458_carbohydrate,"Name a carbohydrate. Reply with only the name, nothing else.",0.6389,<long> -> bench,0.6222,glucose -> real,0.5263,starch -> real,60,65,0.0,0.278,0.167,60,90,10,0.0,0.167,7.9,glucose,0.95,2,1.22,1.89,0.864,"glucose 87%, starch 8%","glucose 62%, <long> 28%",0.6256,0.147,0.931
r8_0774_insect_mouthpart,"Name an insect mouthpart. Reply with only the name, nothing else.",0.6389,<long> -> bench,0.6222,mandible -> real,0.5083,foregut -> real,60,65,0.0,0.278,0.167,60,90,6,0.0,0.167,8.6,mandible,0.95,2,1.22,1.49,0.904,"mandible 90%, mandibles 7%","mandible 66%, <long> 28%",0.625,0.086,1.035
r8_1916_music_stand,"Name a music stand. Reply with only the name, nothing else.",0.6389,<long> -> bench,0.5528,k&m -> real,0.5565,lyre -> bench,58,62,0.033,0.311,0.2,60,90,86,0.0,0.193,9.9,k&m,0.1,18,17.41,60.36,0.117,"k&m 12%, music stand 10%","<long> 31%, music stand 9%",0.6292,0.422,0.983
r8_1747_placemat,"Name a placemat. Reply with only the name, nothing else.",0.6389,<long> -> bench,0.5222,papyrus -> bench,0.5323,papyrus -> bench,58,62,0.033,0.311,0.2,60,90,80,0.0,0.18,9.9,melamine,0.1,18,17.41,52.14,0.125,"placemat 12%, bamboo 10%","<long> 31%, placemat 9%",0.6172,0.402,0.891
r8_1442_force,"Name a force. Reply with only the name, nothing else.",0.6389,gravity -> real,0.6389,gravity -> real,0.5342,gravity -> real,58,64,0.033,0.289,0.187,60,90,12,0.0,0.173,7.7,gravity,0.9,2,1.38,2.0,0.861,"gravity 87%, <long> 3%","gravity 59%, <long> 29%",0.6356,0.126,1.098
r8_1343_ancient_monument,"Name a type of ancient monument. Reply with only the name, nothing else.",0.6389,<long> -> bench,0.5556,pyramid -> real,0.5192,ziggurat -> real,60,65,0.0,0.278,0.167,60,90,17,0.0,0.167,8.5,pyramid,0.4,6,4.75,6.12,0.44,"pyramid 43%, stonehenge 22%","pyramid 32%, <long> 28%",0.5869,0.111,0.718
r8s_1007_sound_heard_at_night,"Suggest a type of sound heard at night. Reply with only the name, nothing else.",0.6389,<long> -> bench,0.6056,owl hoot -> real,0.5564,owl hoot -> real,60,65,0.0,0.278,0.167,60,90,21,0.0,0.167,9.3,cricket chirping,0.25,8,6.6,8.81,0.408,"owl hoot 47%, owls hooting 13%","<long> 28%, owl hoot 26%",0.6106,0.289,0.989
r8s_0981_lava,"Suggest a type of lava. Reply with only the name, nothing else.",0.6389,<long> -> bench,0.5778,pahoehoe -> real,0.5583,basalt -> bench,60,65,0.0,0.278,0.167,60,90,9,0.0,0.16,8.9,pahoehoe,0.95,2,1.22,3.62,0.608,"pahoehoe 60%, aa 10%","pahoehoe 44%, <long> 28%",0.6764,0.123,1.004
r8_0011_grain,"Name a grain. Reply with only the name, nothing else.",0.6389,<long> -> bench,0.5778,rice -> real,0.616,wheat -> bench,60,65,0.0,0.278,0.167,60,90,8,0.0,0.167,7.8,wheat,0.85,2,1.53,2.55,0.704,"wheat 58%, rice 20%","wheat 59%, <long> 28%",0.6014,0.113,0.859
r8_1761_gym_equipment,"Name a type of gym equipment. Reply with only the name, nothing else.",0.6389,<long> -> bench,0.6306,treadmill -> real,0.5083,treadmill -> bench,60,65,0.0,0.278,0.167,60,90,3,0.0,0.16,8.6,treadmill,0.95,2,1.22,1.05,0.992,"treadmill 98%, kettlebell 2%","treadmill 72%, <long> 28%",0.6292,0.077,1.02
r8_0853_beverage_hot,"Name a beverage hot. Reply with only the name, nothing else.",0.6389,<long> -> bench,0.6194,coffee -> real,0.5353,hot chocolate -> real,60,65,0.0,0.278,0.167,60,90,10,0.0,0.16,7.5,coffee,0.75,4,2.23,2.19,0.808,"coffee 82%, hot chocolate 12%","coffee 58%, <long> 28%",0.6206,0.168,0.898
r8_0167_hairstyle,"Name a hairstyle. Reply with only the name, nothing else.",0.6389,<long> -> bench,0.6306,bob -> real,0.5942,bob -> real,60,65,0.0,0.278,0.167,60,90,23,0.0,0.167,7.9,bob,0.4,5,3.54,8.78,0.352,"bob 45%, pixie cut 22%","<long> 28%, bob 19%",0.6211,0.146,0.877
r8_1218_building_toy,"Name a building toy. Reply with only the name, nothing else.",0.6389,<long> -> bench,0.6028,lego -> real,0.534,lego -> bench,60,65,0.0,0.278,0.167,60,90,5,0.0,0.153,7.8,lego,1.0,1,1.0,1.26,0.952,"lego 92%, legos 7%","lego 71%, <long> 28%",0.6169,0.063,0.916
r8_1222_marine_creature,"Name a type of marine creature. Reply with only the name, nothing else.",0.6389,<long> -> bench,0.6333,octopus -> real,0.6013,octopus -> real,60,65,0.0,0.278,0.167,60,90,15,0.0,0.167,8.3,octopus,0.5,5,3.59,5.08,0.392,"octopus 43%, dolphin 32%","dolphin 33%, <long> 28%",0.6294,0.187,0.932
r8s_1567_seashell,"Suggest a type of seashell. Reply with only the name, nothing else.",0.6389,<long> -> bench,0.6278,nautilus -> real,0.6064,nautilus -> real,60,65,0.0,0.278,0.167,60,90,27,0.0,0.16,8.0,conch,0.5,6,4.24,8.41,0.376,"nautilus 37%, conch 35%","conch 29%, <long> 28%",0.6378,0.249,0.812
r8_1168_aneide,"Name an aneide. Reply with only the name, nothing else.",0.6389,<long> -> bench,0.5194,anaconda -> bench,0.541,anaconda -> bench,56,59,0.067,0.344,0.233,60,90,93,0.0,0.227,10.7,komodo dragon,0.1,19,18.66,74.88,0.096,"<long> 7%, anaconda 5%","<long> 34%, anaconda 9%",0.6519,0.51,0.661
r8_0524_kitchen_utensil,"Name a kitchen utensil. Reply with only the name, nothing else.",0.6389,<long> -> bench,0.6306,spatula -> real,0.525,whisk -> real,60,65,0.0,0.278,0.167,60,90,7,0.0,0.167,8.6,spatula,0.9,3,1.48,1.53,0.912,"spatula 92%, whisk 5%","spatula 66%, <long> 28%",0.6017,0.152,0.962
r8_0043_water_sport,"Name a water sport. Reply with only the name, nothing else.",0.6389,<long> -> bench,0.6167,surfing -> real,0.559,surfing -> real,60,65,0.0,0.278,0.167,60,90,10,0.0,0.16,8.2,surfing,0.95,2,1.22,2.96,0.472,"surfing 53%, kayaking 42%","kayaking 33%, surfing 30%",0.6258,0.067,1.099
r8_1468_magician,"Name a magician. Reply with only the name, nothing else.",0.6389,<long> -> bench,0.6361,david copperfield -> real,0.5763,david copperfield -> real,60,65,0.0,0.278,0.167,60,90,14,0.0,0.153,8.9,harry houdini,0.6,4,2.81,3.68,0.504,"david copperfield 58%, harry houdini 28%","david copperfield 31%, harry houdini 29%",0.6306,0.1,0.896
r8_0285_salad_dressing,"Name a type of salad dressing. Reply with only the name, nothing else.",0.6389,<long> -> bench,0.6278,ranch -> real,0.5154,italian -> bench,60,65,0.0,0.278,0.167,60,90,5,0.0,0.167,7.8,ranch,0.9,2,1.38,1.5,0.896,"ranch 90%, caesar 8%","ranch 64%, <long> 28%",0.6422,0.094,1.081
r8_1436_unpleasant_smell,"Name an unpleasant smell. Reply with only the name, nothing else.",0.6389,<long> -> bench,0.5583,rotten eggs -> real,0.5212,sewage -> bench,60,65,0.0,0.278,0.167,60,90,22,0.0,0.167,8.7,rotten eggs,0.4,6,4.61,7.84,0.416,"rotten eggs 42%, rotting garbage 17%","rotten eggs 30%, <long> 28%",0.5931,0.497,0.992
r8_0707_cave_formation,"Name a cave formation. Reply with only the name, nothing else.",0.6389,<long> -> bench,0.5833,stalactite -> real,0.5449,stalactite -> bench,60,65,0.0,0.278,0.167,60,90,8,0.0,0.167,9.5,stalactite,0.95,2,1.22,1.72,0.88,"stalactite 83%, mammoth cave 7%","stalactite 67%, <long> 28%",0.6261,0.092,0.813
r8_0625_wilderness,"Name a type of wilderness. Reply with only the name, nothing else.",0.6389,<long> -> bench,0.6056,tundra -> real,0.5692,tundra -> real,60,65,0.0,0.278,0.167,60,90,22,0.0,0.16,8.1,tundra,0.35,9,6.32,9.58,0.328,"tundra 40%, taiga 20%","<long> 28%, tundra 19%",0.6061,0.397,0.819
r8_1439_tool_of_agriculture,"Name a type of tool of agriculture. Reply with only the name, nothing else.",0.6389,<long> -> bench,0.5917,plow -> real,0.5147,plow -> real,60,65,0.0,0.278,0.167,60,90,5,0.0,0.153,7.9,plow,0.85,4,1.8,2.15,0.568,"plow 58%, tractor 42%","plow 40%, tractor 30%",0.6103,0.058,0.825
r8_1959_connector,"Name a connector. Reply with only the name, nothing else.",0.6389,<long> -> bench,0.575,usb -> bench,0.6412,usb -> bench,54,56,0.1,0.378,0.267,60,90,62,0.0,0.233,10.1,usb,0.35,3,2.99,33.36,0.236,"<long> 10%, usb 8%","<long> 38%, usb 23%",0.6914,0.393,0.478
r8_0598_magic_spell,"Name a magic spell. Reply with only the name, nothing else.",0.6389,<long> -> bench,0.5889,expecto patronum -> real,0.5782,expecto patronum -> real,60,65,0.0,0.278,0.167,60,90,31,0.0,0.167,9.3,expelliarmus,0.55,5,3.34,12.21,0.288,"expecto patronum 23%, expelliarmus 23%","<long> 28%, expelliarmus 24%",0.6247,0.239,0.795
r8_1966_gum_flavor,"Name a gum flavor. Reply with only the name, nothing else.",0.6389,<long> -> bench,0.5833,spearmint -> real,0.5705,spearmint -> real,60,65,0.0,0.278,0.167,60,90,17,0.0,0.16,8.3,spearmint,0.45,4,3.02,9.16,0.2,"spearmint 23%, mint 18%","<long> 28%, peppermint 19%",0.6086,0.256,0.881
r8_1967_fruit_seed,"Name a fruit seed. Reply with only the name, nothing else.",0.6389,<long> -> bench,0.5556,apple seed -> real,0.525,pomegranate -> real,60,65,0.0,0.278,0.167,60,90,21,0.0,0.16,7.9,apple seed,0.4,9,5.82,9.25,0.28,"apple seed 30%, apple 23%","<long> 28%, apple seed 19%",0.6203,0.174,0.888
r8_1784_endocrine_gland,"Name an endocrine gland. Reply with only the name, nothing else.",0.6389,thyroid -> real,0.6389,thyroid -> real,0.6007,thyroid -> real,60,67,0.0,0.256,0.153,60,90,7,0.0,0.147,9.0,pituitary gland,0.55,4,3.03,3.53,0.417,"thyroid 50%, pituitary gland 37%","pituitary gland 34%, <long> 26%",0.6422,0.075,0.985
r8_0798_food,"Name a food. Reply with only the name, nothing else.",0.6389,pizza -> real,0.6389,pizza -> real,0.5571,apple -> bench,60,67,0.0,0.256,0.153,60,90,10,0.0,0.153,6.9,pizza,0.95,2,1.22,2.34,0.787,"pizza 83%, sushi 7%","pizza 56%, <long> 26%",0.6767,0.245,1.138
r8_1875_flower_bulb,"Name a flower bulb. Reply with only the name, nothing else.",0.6389,<long> -> bench,0.6361,tulip -> real,0.5006,tulip -> bench,60,65,0.0,0.278,0.167,60,90,3,0.0,0.167,8.7,tulip,0.95,2,1.22,1.09,0.984,"tulip 98%, daffodil 2%","tulip 71%, <long> 28%",0.6242,0.077,1.027
r8_1055_social_media_platform,"Name a social media platform. Reply with only the name, nothing else.",0.6389,<long> -> bench,0.6056,instagram -> real,0.5821,instagram -> real,60,65,0.0,0.278,0.167,60,90,8,0.0,0.167,7.0,instagram,0.55,3,2.33,3.72,0.424,"twitter 37%, instagram 33%","twitter 34%, <long> 28%",0.6208,0.089,0.88
r8_1729_method_of_cooking,"Name a type of method of cooking. Reply with only the name, nothing else.",0.6389,<long> -> bench,0.5639,sous-vide -> real,0.5737,roasting -> bench,60,65,0.0,0.278,0.167,60,90,14,0.0,0.167,8.1,grilling,0.4,7,4.75,6.85,0.36,"grilling 30%, baking 18%","grilling 30%, <long> 28%",0.6192,0.172,0.927
r8_1915_seafood_dish,"Name a seafood dish. Reply with only the name, nothing else.",0.6389,<long> -> bench,0.5528,paella -> real,0.5641,lobster thermidor -> bench,60,65,0.0,0.278,0.167,60,90,22,0.0,0.16,9.6,lobster thermidor,0.5,9,5.51,5.28,0.6,"lobster thermidor 53%, paella 15%","lobster thermidor 48%, <long> 28%",0.5911,0.159,0.796
r8s_1877_cathedral,"Suggest a type of cathedral. Reply with only the name, nothing else.",0.6389,<long> -> bench,0.5583,gothic cathedral -> real,0.5359,gothic -> bench,60,65,0.0,0.278,0.167,60,90,16,0.0,0.167,9.1,gothic cathedral,0.7,6,2.94,3.55,0.504,"gothic 47%, gothic cathedral 38%","gothic 39%, <long> 28%",0.605,0.155,0.702
r8_0804_bottom_dwelling_fish,"Name a bottom-dwelling fish. Reply with only the name, nothing else.",0.6389,<long> -> bench,0.6111,catfish -> real,0.5385,catfish -> real,60,65,0.0,0.278,0.167,60,90,15,0.0,0.167,7.9,catfish,0.6,3,2.28,3.49,0.56,"catfish 60%, flounder 30%","catfish 38%, <long> 28%",0.6403,0.164,0.934
r8s_0457_vocal_range,"Suggest a type of vocal range. Reply with only the name, nothing else.",0.6389,<long> -> bench,0.55,tenor -> real,0.55,alto -> bench,60,65,0.0,0.278,0.167,60,90,12,0.0,0.167,8.8,tenor,0.35,5,4.16,4.29,0.528,"soprano 48%, mezzo-soprano 18%","soprano 41%, <long> 28%",0.5956,0.227,0.909
r8s_0436_nut,"Suggest a type of nut. Reply with only the name, nothing else.",0.6389,<long> -> bench,0.6167,almond -> real,0.5333,almond -> real,60,65,0.0,0.278,0.167,60,90,10,0.0,0.167,8.0,almond,0.7,3,2.11,3.32,0.632,"almond 67%, walnut 13%","almond 43%, <long> 28%",0.6656,0.173,0.82
r8_1645_sacred_text,"Name a sacred text. Reply with only the name, nothing else.",0.6389,<long> -> bench,0.6111,bible -> real,0.5192,bible -> bench,60,65,0.0,0.278,0.167,60,90,9,0.0,0.16,7.8,bible,0.95,2,1.22,1.53,0.92,"bible 90%, torah 3%","bible 68%, <long> 28%",0.6394,0.043,0.847
r8_0615_gift_wrap_pattern,"Name a gift wrap pattern. Reply with only the name, nothing else.",0.6389,<long> -> bench,0.5361,polka dot -> real,0.5558,polka dots -> bench,60,65,0.0,0.278,0.167,60,90,31,0.0,0.167,8.7,polka dots,0.65,7,3.52,9.41,0.408,"polka dots 35%, polka dot 18%","polka dots 33%, <long> 28%",0.6381,0.227,0.971
r8_1641_coffee_brewing_device,"Name a coffee brewing device. Reply with only the name, nothing else.",0.6389,<long> -> bench,0.6139,french press -> real,0.5205,espresso machine -> bench,60,65,0.0,0.278,0.167,60,90,9,0.0,0.16,7.9,french press,1.0,1,1.0,1.83,0.856,"french press 85%, espresso machine 7%","french press 62%, <long> 28%",0.6228,0.087,1.016
r8_0409_lunch_food,"Name a lunch food. Reply with only the name, nothing else.",0.6389,<long> -> bench,0.5694,sandwich -> real,0.5231,grilled cheese sandwich -> bench,60,65,0.0,0.278,0.167,60,90,16,0.0,0.16,7.7,sandwich,0.8,5,2.18,5.41,0.4,"sandwich 42%, pizza 22%","<long> 28%, sandwich 28%",0.6042,0.141,0.926
r8_0414_alphabet,"Name an alphabet. Reply with only the name, nothing else.",0.6389,a -> real,0.6389,a -> real,0.6282,a -> real,60,65,0.0,0.278,0.167,60,90,12,0.0,0.167,7.1,latin,0.65,3,2.21,3.85,0.56,"latin 53%, a 33%","latin 42%, <long> 28%",0.6297,0.162,0.677
r8_0484_muffin,"Name a muffin. Reply with only the name, nothing else.",0.6389,<long> -> bench,0.5667,blueberry muffin -> real,0.5872,blueberry -> bench,60,65,0.0,0.278,0.167,60,90,15,0.0,0.167,8.6,blueberry muffin,0.65,3,2.21,3.19,0.624,"blueberry 53%, blueberry muffin 30%","blueberry 51%, <long> 28%",0.6406,0.12,1.032
r8s_0363_sunglass,"Suggest a type of sunglass. Reply with only the name, nothing else.",0.6389,<long> -> bench,0.5806,aviator -> real,0.5436,aviators -> real,60,65,0.0,0.278,0.167,60,90,12,0.0,0.167,8.2,aviator,0.85,3,1.68,3.17,0.704,"aviator 68%, aviators 13%","aviator 52%, <long> 28%",0.625,0.179,0.949
r8_0062_liquid,"Name a liquid. Reply with only the name, nothing else.",0.6389,<long> -> bench,0.625,water -> real,0.5096,water -> bench,60,65,0.0,0.278,0.167,60,90,3,0.0,0.16,7.0,water,1.0,1,1.0,1.18,0.96,"water 95%, mercury 5%","water 70%, <long> 28%",0.6144,0.074,1.053
r8_0470_enzyme,"Name an enzyme. Reply with only the name, nothing else.",0.6389,<long> -> bench,0.6333,amylase -> real,0.5885,amylase -> real,60,65,0.0,0.278,0.167,60,90,14,0.0,0.153,8.5,amylase,0.7,4,2.39,4.37,0.408,"amylase 50%, lactase 37%","lactase 30%, <long> 28%",0.6558,0.221,1.161
r8_0073_piece_of_jewelry,"Name a piece of jewelry. Reply with only the name, nothing else.",0.6389,<long> -> bench,0.5583,diamond necklace -> real,0.5821,necklace -> bench,60,65,0.0,0.278,0.167,60,90,20,0.0,0.16,8.1,diamond ring,0.4,6,4.43,6.16,0.352,"diamond ring 30%, necklace 27%","necklace 31%, <long> 28%",0.6397,0.163,0.938
r8_0064_pastry,"Name a pastry. Reply with only the name, nothing else.",0.6389,<long> -> bench,0.5972,croissant -> real,0.5353,croissant -> bench,60,65,0.0,0.278,0.167,60,90,7,0.0,0.16,8.0,croissant,0.95,2,1.22,1.49,0.92,"croissant 88%, eclair 5%","croissant 69%, <long> 28%",0.6094,0.132,1.072
r8_0312_garnish,"Name a garnish. Reply with only the name, nothing else.",0.6389,<long> -> bench,0.6333,parsley -> real,0.5244,parsley -> real,60,65,0.0,0.278,0.167,60,90,9,0.0,0.16,8.5,lemon twist,0.65,5,3.07,2.19,0.808,"parsley 83%, lemon twist 10%","parsley 57%, <long> 28%",0.6075,0.147,0.868
r8_1127_flower_used_in_wedding,"Name a type of flower used in wedding. Reply with only the name, nothing else.",0.6389,<long> -> bench,0.6333,rose -> real,0.509,roses -> real,60,65,0.0,0.278,0.167,60,90,4,0.0,0.167,7.0,rose,1.0,1,1.0,1.17,0.968,"rose 97%, roses 3%","rose 70%, <long> 28%",0.6456,0.091,1.014
r8_0344_coastal_feature,"Name a type of coastal feature. Reply with only the name, nothing else.",0.6389,<long> -> bench,0.6083,cliff -> real,0.5891,cliff -> real,60,65,0.0,0.278,0.167,60,90,29,0.0,0.167,7.9,cliff,0.6,7,3.82,16.56,0.224,"cliff 32%, coral reef 10%","<long> 28%, cliff 10%",0.6108,0.239,0.916
r8s_0975_animal_sleep_pattern,"Suggest a type of animal sleep pattern. Reply with only the name, nothing else.",0.6389,<long> -> bench,0.5472,polyphasic -> real,0.5231,unihemispheric sleep -> bench,60,65,0.0,0.278,0.167,60,90,24,0.0,0.167,10.0,unihemispheric slow-wave sleep,0.7,6,2.94,8.57,0.272,"polyphasic 28%, unihemispheric slow-wave sleep 27%","<long> 28%, polyphasic 19%",0.6367,0.123,0.989
r8_1269_board_game_brand,"Name a board game brand. Reply with only the name, nothing else.",0.6389,<long> -> bench,0.6,hasbro -> real,0.5282,hasbro -> bench,60,65,0.0,0.278,0.167,60,90,10,0.0,0.167,7.9,hasbro,0.85,3,1.68,1.7,0.896,"hasbro 87%, catan 5%","hasbro 67%, <long> 28%",0.6456,0.145,0.98
r8_0021_body_part,"Name a body part. Reply with only the name, nothing else.",0.6389,<long> -> bench,0.6056,heart -> real,0.5756,heart -> real,60,65,0.0,0.278,0.167,60,90,20,0.0,0.16,7.4,heart,0.35,5,4.22,8.23,0.288,"heart 37%, knee 25%","<long> 28%, elbow 17%",0.6147,0.312,1.054
r8_0749_witch,"Name a witch. Reply with only the name, nothing else.",0.6389,<long> -> bench,0.5667,elara -> real,0.5734,elphaba -> bench,58,62,0.033,0.311,0.2,60,90,49,0.0,0.173,9.1,elphaba,0.5,6,3.95,21.63,0.3,"elphaba 22%, elara 13%","<long> 31%, elphaba 26%",0.6469,0.332,0.887
r8_0182_polymer,"Name a polymer. Reply with only the name, nothing else.",0.6389,<long> -> bench,0.6083,polyethylene -> real,0.5353,polystyrene -> real,60,65,0.0,0.278,0.167,60,90,6,0.0,0.167,8.0,polyethylene,0.9,2,1.38,1.71,0.864,"polyethylene 85%, polystyrene 12%","polyethylene 63%, <long> 28%",0.6436,0.171,1.055
r8s_1811_office_item,"Suggest a type of office item. Reply with only the name, nothing else.",0.6389,<long> -> bench,0.6083,stapler -> real,0.5256,desk lamp -> real,60,65,0.0,0.278,0.167,60,90,10,0.0,0.167,8.7,stapler,0.95,2,1.22,1.63,0.904,"stapler 88%, desk lamp 7%","stapler 67%, <long> 28%",0.6119,0.107,0.96
r8s_1821_finfish,"Suggest a type of finfish. Reply with only the name, nothing else.",0.6389,<long> -> bench,0.5861,salmon -> real,0.5218,tuna -> bench,60,65,0.0,0.278,0.167,60,90,11,0.0,0.16,7.8,salmon,0.65,4,2.67,3.07,0.616,"salmon 62%, tuna 23%","salmon 44%, <long> 28%",0.6111,0.333,0.967
r8_0123_horse_breed,"Name a horse breed. Reply with only the name, nothing else.",0.6389,<long> -> bench,0.5889,thoroughbred -> real,0.5462,thoroughbred -> real,60,65,0.0,0.278,0.167,60,90,9,0.0,0.153,8.1,arabian,0.8,4,2.03,3.0,0.536,"arabian 50%, thoroughbred 40%","arabian 41%, <long> 28%",0.6322,0.145,1.072
r8_1066_rotor,"Name a rotor. Reply with only the name, nothing else.",0.6389,<long> -> bench,0.5722,enigma -> real,0.5631,enigma -> real,58,62,0.033,0.311,0.2,60,90,87,0.0,0.187,9.4,autogyro,0.15,17,15.83,63.2,0.142,"enigma 20%, enigma rotor 3%","<long> 31%, enigma 6%",0.6136,0.424,0.713
r8_1562_cucumber,"Name a cucumber. Reply with only the name, nothing else.",0.6389,<long> -> bench,0.5778,honeycrisp -> real,0.5781,honeycrisp -> real,58,62,0.033,0.311,0.2,60,90,57,0.0,0.193,9.6,pickle,0.2,12,9.85,29.14,0.208,"honeydew 23%, honeycrisp 17%","<long> 31%, honeydew 12%",0.6375,0.417,0.704
r8s_1110_saltwater_sport_fish,"Suggest a type of saltwater sport fish. Reply with only the name, nothing else.",0.6389,<long> -> bench,0.6139,mahi-mahi -> real,0.5712,mahi-mahi -> real,60,65,0.0,0.278,0.167,60,90,20,0.0,0.167,8.7,marlin,0.65,6,3.29,6.94,0.376,"mahi-mahi 45%, marlin 23%","<long> 28%, marlin 26%",0.6053,0.226,0.847
r8_0013_legume,"Name a legume. Reply with only the name, nothing else.",0.6389,<long> -> bench,0.6111,lentil -> real,0.5821,pea -> bench,60,65,0.0,0.278,0.167,60,90,12,0.0,0.16,8.6,lentil,0.4,5,3.85,3.86,0.52,"lentil 57%, chickpea 30%","lentil 34%, <long> 28%",0.6469,0.153,1.064
r8_1279_amplifier,"Name an amplifier. Reply with only the name, nothing else.",0.6389,<long> -> bench,0.5917,fender twin reverb -> real,0.5769,fender stratocaster -> bench,60,65,0.0,0.278,0.167,60,90,30,0.0,0.167,9.8,fender twin reverb,0.5,6,3.95,11.55,0.328,"fender twin reverb 38%, fender 15%","<long> 28%, fender twin reverb 20%",0.6425,0.237,0.82
r8_1071_occupation_in_food_ser,"Name an occupation in food service. Reply with only the name, nothing else.",0.6389,<long> -> bench,0.5806,sous chef -> real,0.6051,chef -> bench,60,65,0.0,0.278,0.167,60,90,8,0.0,0.167,7.3,chef,1.0,1,1.0,2.22,0.776,"chef 67%, sous chef 22%","chef 63%, <long> 28%",0.5836,0.181,0.885
r8s_0793_bottled_water,"Suggest a type of bottled water. Reply with only the name, nothing else.",0.6389,<long> -> bench,0.6222,evian -> real,0.5538,evian -> real,60,65,0.0,0.278,0.167,60,90,21,0.0,0.167,8.0,evian,0.75,4,2.28,6.38,0.544,"evian 60%, dasani 8%","evian 36%, <long> 28%",0.6289,0.365,0.838
r8_0153_celestial_body,"Name a celestial body. Reply with only the name, nothing else.",0.6389,<long> -> bench,0.5389,saturn -> real,0.5487,jupiter -> bench,60,65,0.0,0.278,0.167,60,90,19,0.0,0.16,7.8,jupiter,0.35,6,4.79,8.55,0.384,"jupiter 33%, saturn 13%","jupiter 31%, <long> 28%",0.5883,0.479,0.901
r8_1768_character_archetype,"Name a character archetype. Reply with only the name, nothing else.",0.6389,<long> -> bench,0.5583,mentor -> real,0.5885,hero -> bench,60,65,0.0,0.278,0.167,60,90,13,0.0,0.167,8.2,hero,0.75,2,1.75,3.5,0.592,"hero 50%, mentor 28%","hero 49%, <long> 28%",0.6633,0.091,0.975
r8s_0888_navigational_instrumen,"Suggest a type of navigational instrument. Reply with only the name, nothing else.",0.6389,<long> -> bench,0.5806,compass -> real,0.5199,compass -> bench,60,65,0.0,0.278,0.167,60,90,6,0.0,0.16,8.0,sextant,0.7,2,1.78,2.18,0.704,"compass 68%, sextant 27%","compass 52%, <long> 28%",0.6183,0.106,0.876
r8_1518_greek_letter,"Name a greek letter. Reply with only the name, nothing else.",0.6389,<long> -> bench,0.6167,alpha -> real,0.5179,alpha -> bench,60,65,0.0,0.278,0.167,60,90,8,0.0,0.167,7.3,alpha,0.95,2,1.22,1.32,0.952,"alpha 93%, zeta 2%","alpha 70%, <long> 28%",0.6514,0.144,1.08
r8_1047_ball_sport,"Name a ball sport. Reply with only the name, nothing else.",0.6389,<long> -> bench,0.6333,soccer -> real,0.5244,soccer -> real,60,65,0.0,0.278,0.167,60,90,6,0.0,0.16,7.8,soccer,0.9,2,1.38,1.88,0.808,"soccer 83%, basketball 13%","soccer 57%, <long> 28%",0.6561,0.154,1.061
r8_1200_freshwater_feature,"Name a type of freshwater feature. Reply with only the name, nothing else.",0.6389,<long> -> bench,0.5972,river -> real,0.5917,lake -> bench,60,65,0.0,0.278,0.167,60,90,8,0.0,0.167,7.1,lake,0.75,2,1.75,2.84,0.512,"river 45%, lake 42%","lake 43%, <long> 28%",0.6175,0.113,0.935
r8_1040_opera,"Name an opera. Reply with only the name, nothing else.",0.6389,<long> -> bench,0.625,carmen -> real,0.5737,carmen -> real,60,65,0.0,0.278,0.167,60,90,16,0.0,0.167,9.0,traviata,0.55,5,3.44,4.73,0.44,"carmen 52%, traviata 35%","<long> 28%, carmen 27%",0.6475,0.186,0.958
r8_0932_cold_dessert,"Name a cold dessert. Reply with only the name, nothing else.",0.6389,<long> -> bench,0.5667,gelato -> real,0.6147,ice cream -> bench,60,65,0.0,0.278,0.167,60,90,11,0.0,0.153,7.8,ice cream,0.85,3,1.68,2.93,0.736,"ice cream 62%, gelato 13%","ice cream 61%, <long> 28%",0.5928,0.241,1.018
r8_1767_movie_studio,"Name a movie studio. Reply with only the name, nothing else.",0.6389,<long> -> bench,0.575,paramount pictures -> real,0.5365,paramount pictures -> real,60,65,0.0,0.278,0.167,60,90,14,0.0,0.167,8.4,walt disney pictures,0.2,8,7.32,6.37,0.312,"paramount pictures 35%, disney 30%","<long> 28%, paramount pictures 20%",0.6281,0.169,0.981
r8_0901_vodka,"Name a vodka. Reply with only the name, nothing else.",0.6389,<long> -> bench,0.6222,absolut -> real,0.541,absolut -> real,60,65,0.0,0.278,0.167,60,90,16,0.0,0.167,8.2,absolut,0.9,3,1.48,4.09,0.624,"absolut 67%, grey goose 13%","absolut 42%, <long> 28%",0.6342,0.32,1.062
r8s_0063_movie,"Suggest a type of movie. Reply with only the name, nothing else.",0.6389,<long> -> bench,0.6278,inception -> real,0.6314,sci-fi -> bench,60,65,0.0,0.278,0.167,60,90,25,0.0,0.167,7.9,sci-fi,0.5,5,3.2,6.7,0.52,"sci-fi 38%, inception 27%","sci-fi 47%, <long> 28%",0.6192,0.26,0.78
r8_0218_mountain,"Name a mountain. Reply with only the name, nothing else.",0.6389,<long> -> bench,0.6194,mount everest -> real,0.5724,everest -> bench,60,65,0.0,0.278,0.167,60,90,13,0.0,0.16,7.8,mount everest,0.85,2,1.53,3.45,0.488,"mount everest 55%, everest 32%","everest 33%, mount everest 31%",0.6194,0.105,0.947
r8_1667_ruin,"Name a ruin. Reply with only the name, nothing else.",0.6389,<long> -> bench,0.5889,pompeii -> real,0.5167,atlantis -> real,60,65,0.0,0.278,0.167,60,90,13,0.0,0.167,9.1,petra,0.5,5,3.63,3.38,0.632,"pompeii 63%, petra 18%","pompeii 46%, <long> 28%",0.6175,0.193,0.898
r8s_0316_article_of_clothing,"Suggest a type of article of clothing. Reply with only the name, nothing else.",0.6389,<long> -> bench,0.5556,trench coat -> real,0.5692,t-shirt -> bench,60,65,0.0,0.278,0.167,60,90,25,0.0,0.167,8.4,trench coat,0.6,7,3.92,10.42,0.272,"t-shirt 20%, sweater 18%","<long> 28%, t-shirt 24%",0.62,0.323,0.715
r8s_0290_tide_type,"Suggest a tide type. Reply with only the name, nothing else.",0.6389,<long> -> bench,0.5611,semidiurnal -> bench,0.5932,semidiurnal -> bench,56,59,0.067,0.344,0.233,60,90,45,0.0,0.227,9.8,semidiurnal,0.5,7,4.55,15.67,0.304,"spring tide 27%, neap 13%","<long> 34%, spring tide 21%",0.6508,0.296,0.495
r8_0905_environmental_movement,"Name a type of environmental movement. Reply with only the name, nothing else.",0.6389,<long> -> bench,0.5528,conservationism -> real,0.5256,climate change activism -> real,60,65,0.0,0.278,0.167,60,90,36,0.0,0.167,8.5,conservationism,0.8,4,2.03,10.79,0.424,"conservationism 42%, conservation 17%","conservationism 31%, <long> 28%",0.6075,0.229,0.921
r8_0937_funeral_item,"Name a funeral item. Reply with only the name, nothing else.",0.6389,<long> -> bench,0.5806,casket -> real,0.5083,urna -> real,60,65,0.0,0.278,0.167,60,90,6,0.0,0.167,8.0,casket,0.5,2,2.0,2.66,0.624,"casket 62%, coffin 22%","casket 46%, <long> 28%",0.5981,0.079,1.113
r8_0020_day_of_the_week,"Name a day of the week. Reply with only the name, nothing else.",0.6389,<long> -> bench,0.5917,monday -> real,0.5673,wednesday -> real,60,65,0.0,0.278,0.167,60,90,7,0.0,0.167,7.0,monday,0.7,5,2.67,2.05,0.808,"monday 78%, wednesday 15%","monday 60%, <long> 28%",0.615,0.211,1.05
r8s_0043_water_sport,"Suggest a type of water sport. Reply with only the name, nothing else.",0.6389,<long> -> bench,0.5806,surfing -> real,0.6173,kayaking -> bench,60,65,0.0,0.278,0.167,60,90,11,0.0,0.167,8.1,surfing,0.45,6,4.22,2.82,0.672,"kayaking 55%, surfing 28%","kayaking 57%, <long> 28%",0.6033,0.096,0.931
r8_1626_washer,"Name a washer. Reply with only the name, nothing else.",0.6389,whirlpool -> real,0.6389,whirlpool -> real,0.621,whirlpool -> real,58,64,0.033,0.289,0.187,60,90,60,0.0,0.18,9.1,maytag,0.15,18,16.96,25.06,0.287,"whirlpool 40%, maytag 13%","<long> 29%, whirlpool 12%",0.6669,0.393,0.868
r8_0420_seasoning_or_spice,"Name a seasoning or spice. Reply with only the name, nothing else.",0.6389,<long> -> bench,0.6361,cumin -> real,0.5891,cinnamon -> bench,60,65,0.0,0.278,0.167,60,90,7,0.0,0.16,7.9,cumin,0.6,3,2.28,3.04,0.464,"cumin 55%, cinnamon 28%","cinnamon 33%, <long> 28%",0.6161,0.196,0.986
r8_1043_historical_building,"Name a type of historical building. Reply with only the name, nothing else.",0.6389,<long> -> bench,0.5361,castle -> real,0.5429,castle -> bench,60,65,0.0,0.278,0.167,60,90,16,0.0,0.167,7.8,castle,0.65,6,3.2,3.98,0.528,"castle 48%, cathedral 30%","castle 41%, <long> 28%",0.5903,0.172,0.814
r8s_0606_incense,"Suggest a type of incense. Reply with only the name, nothing else.",0.6389,<long> -> bench,0.5806,sandalwood -> real,0.5455,sandalwood -> bench,60,65,0.0,0.278,0.167,60,90,8,0.0,0.16,8.6,sandalwood,0.95,2,1.22,1.82,0.864,"sandalwood 82%, frankincense 8%","sandalwood 66%, <long> 28%",0.6022,0.077,0.78
r8_1037_hot_dog_topping,"Name a type of hot dog topping. Reply with only the name, nothing else.",0.6389,<long> -> bench,0.5361,sauerkraut -> real,0.5391,relish -> bench,60,65,0.0,0.278,0.167,60,90,11,0.0,0.167,8.0,relish,0.4,4,3.34,6.2,0.24,"ketchup 23%, mustard 22%","<long> 28%, relish 19%",0.5822,0.178,0.878
r8_0382_shoe_type,"Name a shoe type. Reply with only the name, nothing else.",0.6389,<long> -> bench,0.6083,sneaker -> real,0.5263,sneaker -> bench,60,65,0.0,0.278,0.167,60,90,7,0.0,0.153,8.6,sneaker,0.9,3,1.48,1.35,0.944,"sneaker 92%, running shoe 3%","sneaker 70%, <long> 28%",0.6369,0.057,0.959
r8s_1300_migratory_bird,"Suggest a type of migratory bird. Reply with only the name, nothing else.",0.6389,<long> -> bench,0.6056,arctic tern -> real,0.5167,bar-tailed godwit -> real,60,65,0.0,0.278,0.167,60,90,16,0.0,0.16,8.6,arctic tern,0.95,2,1.22,2.6,0.808,"arctic tern 80%, canada goose 5%","arctic tern 59%, <long> 28%",0.6294,0.258,0.979
r8_0035_continent,"Name a continent. Reply with only the name, nothing else.",0.6389,<long> -> bench,0.6056,africa -> real,0.5372,africa -> real,60,65,0.0,0.278,0.167,60,90,12,0.0,0.167,7.1,africa,0.7,4,2.49,3.43,0.528,"africa 57%, asia 37%","africa 36%, <long> 28%",0.6325,0.141,1.079
r8s_0518_toiletry,"Suggest a type of toiletry. Reply with only the name, nothing else.",0.6389,<long> -> bench,0.5611,toothbrush -> real,0.5699,shampoo -> bench,60,65,0.0,0.278,0.167,60,90,16,0.0,0.16,8.2,toothpaste,0.3,7,5.69,5.54,0.456,"shampoo 38%, toothpaste 18%","shampoo 38%, <long> 28%",0.6081,0.393,0.907
r8_0956_web_browser,"Name a web browser. Reply with only the name, nothing else.",0.6389,<long> -> bench,0.6111,chrome -> real,0.5353,google chrome -> real,60,65,0.0,0.278,0.167,60,90,6,0.0,0.16,7.2,chrome,0.8,3,1.85,1.62,0.88,"chrome 87%, google chrome 12%","chrome 64%, <long> 28%",0.6714,0.119,0.996
r8s_0265_facial_feature,"Suggest a type of facial feature. Reply with only the name, nothing else.",0.6389,<long> -> bench,0.5528,nose -> real,0.5359,eyebrows -> bench,60,65,0.0,0.278,0.167,60,90,16,0.0,0.167,8.0,nose,0.4,6,4.31,4.82,0.504,"nose 48%, eyes 25%","nose 38%, <long> 28%",0.6108,0.149,0.831
r8_0991_fog_type,"Name a fog type. Reply with only the name, nothing else.",0.6389,<long> -> bench,0.5639,advection fog -> real,0.5288,radiation fog -> bench,60,65,0.0,0.278,0.167,60,90,15,0.0,0.16,8.4,advection fog,1.0,1,1.0,4.0,0.568,"advection fog 55%, stratus 25%","advection fog 42%, <long> 28%",0.6375,0.175,0.962
r8_1987_painting,"Name a type of painting. Reply with only the name, nothing else.",0.6389,<long> -> bench,0.6083,impressionism -> real,0.6186,oil painting -> bench,60,65,0.0,0.278,0.167,60,90,10,0.0,0.167,8.0,oil painting,0.7,4,2.49,2.9,0.64,"oil painting 52%, impressionism 32%","oil painting 54%, <long> 28%",0.6,0.165,0.974
r8_0941_stunt,"Name a stunt. Reply with only the name, nothing else.",0.6389,<long> -> bench,0.5333,moonwalk -> bench,0.5623,moonwalk -> bench,58,62,0.033,0.311,0.2,60,90,65,0.0,0.18,9.1,backflip,0.5,10,5.9,31.02,0.233,"backflip 18%, skydiving 7%","<long> 31%, backflip 19%",0.6431,0.347,1.074
r8_1726_financial_instrument,"Name a type of financial instrument. Reply with only the name, nothing else.",0.6389,<long> -> bench,0.6,stock -> real,0.5103,stock -> real,60,65,0.0,0.278,0.167,60,90,12,0.0,0.167,7.1,stock,0.55,2,1.99,2.66,0.656,"stock 67%, bond 27%","stock 47%, <long> 28%",0.6372,0.07,0.903
r8s_0085_profession,"Suggest a type of profession. Reply with only the name, nothing else.",0.6389,<long> -> bench,0.5417,software developer -> real,0.5885,software engineer -> bench,60,65,0.0,0.278,0.167,60,90,29,0.0,0.167,7.9,software engineer,0.45,8,4.98,10.16,0.392,"software engineer 30%, data scientist 12%","software engineer 34%, <long> 28%",0.6097,0.281,0.733
r8_1708_leather_item,"Name a leather item. Reply with only the name, nothing else.",0.6389,<long> -> bench,0.5722,jacket -> real,0.5551,jacket -> real,60,65,0.0,0.278,0.167,60,90,18,0.0,0.16,7.6,wallet,0.65,6,3.29,6.09,0.448,"wallet 43%, jacket 23%","wallet 33%, <long> 28%",0.6522,0.182,0.904
r8s_0152_woodwind_instrument,"Suggest a type of woodwind instrument. Reply with only the name, nothing else.",0.6389,<long> -> bench,0.6111,clarinet -> real,0.6423,flute -> bench,60,65,0.0,0.278,0.167,60,90,6,0.0,0.16,7.8,flute,0.7,3,2.23,2.61,0.648,"flute 50%, clarinet 33%","flute 57%, <long> 28%",0.6189,0.075,0.825
r8s_0753_underwear,"Suggest a type of underwear. Reply with only the name, nothing else.",0.6389,<long> -> bench,0.6278,boxer briefs -> real,0.5295,boxer briefs -> real,60,65,0.0,0.278,0.167,60,90,9,0.0,0.167,9.1,boxer briefs,0.5,4,2.99,2.51,0.736,"boxer briefs 77%, briefs 13%","boxer briefs 51%, <long> 28%",0.6325,0.07,0.72
r8_0225_painting_style,"Name a painting style. Reply with only the name, nothing else.",0.6389,impressionism -> real,0.6389,impressionism -> real,0.5144,baroque -> bench,60,66,0.0,0.267,0.16,60,90,5,0.0,0.16,8.5,impressionism,1.0,1,1.0,1.26,0.952,"impressionism 97%, barbizon school 2%","impressionism 69%, <long> 27%",0.6378,0.051,1.168
r8s_0088_baking_ingredient,"Suggest a type of baking ingredient. Reply with only the name, nothing else.",0.6389,<long> -> bench,0.6083,flour -> real,0.5462,sugar -> bench,60,65,0.0,0.278,0.167,60,90,13,0.0,0.167,7.9,flour,0.45,11,6.94,2.7,0.784,"flour 78%, baking soda 7%","flour 57%, <long> 28%",0.6058,0.22,0.909
r8_1692_egyptian_god,"Name an egyptian god. Reply with only the name, nothing else.",0.6389,<long> -> bench,0.6,anubis -> real,0.5795,ra -> bench,60,65,0.0,0.278,0.167,60,90,8,0.0,0.167,7.9,ra,0.75,3,1.99,3.37,0.416,"anubis 43%, ra 33%","ra 36%, <long> 28%",0.6228,0.081,0.974
r8_1690_martial_art,"Name a martial art. Reply with only the name, nothing else.",0.6389,<long> -> bench,0.5972,karate -> real,0.5173,kung fu -> real,60,65,0.0,0.278,0.167,60,90,7,0.0,0.16,7.8,karate,0.85,3,1.68,2.16,0.76,"karate 75%, judo 18%","karate 56%, <long> 28%",0.5853,0.284,0.956
r8_1677_submarine,"Name a submarine. Reply with only the name, nothing else.",0.6389,<long> -> bench,0.575,nautilus -> real,0.5192,uss nautilus -> real,60,65,0.0,0.278,0.167,60,90,13,0.0,0.167,8.2,uss nautilus,0.45,5,3.24,2.89,0.632,"nautilus 62%, uss nautilus 30%","nautilus 47%, <long> 28%",0.6128,0.17,0.795
r8_1665_hair_tie,"Name a hair tie. Reply with only the name, nothing else.",0.6389,<long> -> bench,0.6278,scrunchie -> real,0.5423,scrunchie -> real,60,65,0.0,0.278,0.167,60,90,20,0.0,0.167,8.9,scrunchie,0.75,4,2.28,4.36,0.656,"scrunchie 70%, elastic band 7%","scrunchie 44%, <long> 28%",0.6322,0.129,0.909
r8_1905_seat_on_transportation,"Name a seat on transportation. Reply with only the name, nothing else.",0.6389,<long> -> bench,0.5361,armchair -> real,0.5392,bus seat -> bench,58,62,0.033,0.311,0.2,60,90,36,0.0,0.2,9.1,armchair,0.3,8,6.35,18.93,0.175,"armchair 18%, seat 15%","<long> 31%, armchair 11%",0.6114,0.3,0.936
r8_0802_brake_mount,"Name a brake mount. Reply with only the name, nothing else.",0.6389,<long> -> bench,0.5333,wilwood -> real,0.5334,brake caliper bracket -> bench,56,59,0.067,0.344,0.233,60,90,65,0.0,0.2,10.4,brake caliper,0.1,19,18.66,35.35,0.209,"caliper bracket 17%, wilwood 10%","<long> 34%, caliper bracket 16%",0.6214,0.418,1.086
r8_1301_game_fish,"Name a game fish. Reply with only the name, nothing else.",0.6389,<long> -> bench,0.6278,bass -> real,0.5083,red snapper -> real,60,65,0.0,0.278,0.167,60,90,9,0.0,0.167,7.9,bass,0.85,3,1.68,1.43,0.936,"bass 93%, tarpon 2%","bass 68%, <long> 28%",0.6092,0.122,0.973
r8_1256_business,"Name a type of business. Reply with only the name, nothing else.",0.6389,<long> -> bench,0.6111,bakery -> real,0.6244,restaurant -> bench,60,65,0.0,0.278,0.167,60,90,22,0.0,0.167,7.9,restaurant,0.35,5,4.41,7.2,0.36,"bakery 43%, restaurant 17%","restaurant 30%, <long> 28%",0.6167,0.213,1.089
r8_0545_musical_accessory,"Name a musical accessory. Reply with only the name, nothing else.",0.6389,<long> -> bench,0.6,metronome -> real,0.5359,metronome -> real,60,65,0.0,0.278,0.167,60,90,27,0.0,0.167,8.5,metronome,0.5,9,5.51,8.16,0.496,"metronome 53%, tuner 10%","metronome 33%, <long> 28%",0.595,0.285,0.842
r8_1329_legume_pod,"Name a legume pod. Reply with only the name, nothing else.",0.6389,<long> -> bench,0.6083,pea pod -> real,0.5827,pea pod -> real,60,65,0.0,0.278,0.167,60,90,15,0.0,0.167,8.1,pea,0.5,5,3.2,4.34,0.528,"pea 48%, pea pod 35%","pea 41%, <long> 28%",0.6586,0.196,0.986
r8_0536_rapper,"Name a rapper. Reply with only the name, nothing else.",0.6389,<long> -> bench,0.575,kendrick lamar -> real,0.5429,jay-z -> bench,60,65,0.0,0.278,0.167,60,90,13,0.0,0.16,8.8,kendrick lamar,0.45,4,3.19,4.84,0.432,"kendrick lamar 45%, eminem 28%","kendrick lamar 30%, <long> 28%",0.6575,0.24,1.07
r8_0888_navigational_instrumen,"Name a type of navigational instrument. Reply with only the name, nothing else.",0.6389,<long> -> bench,0.5806,compass -> real,0.5417,sextant -> real,60,65,0.0,0.278,0.167,60,90,7,0.0,0.167,8.1,compass,0.6,2,1.96,2.29,0.704,"compass 68%, sextant 28%","compass 52%, <long> 28%",0.6564,0.11,0.897
r8s_0245_olive,"Suggest a type of olive. Reply with only the name, nothing else.",0.6389,<long> -> bench,0.6361,kalamata -> real,0.5231,extra virgin olive oil -> bench,60,65,0.0,0.278,0.167,60,90,6,0.0,0.167,8.7,kalamata,1.0,1,1.0,1.33,0.944,"kalamata 95%, koroneiki 3%","kalamata 68%, <long> 28%",0.6417,0.042,1.009
r8s_0270_hot_beverage,"Suggest a type of hot beverage. Reply with only the name, nothing else.",0.6389,<long> -> bench,0.5694,matcha latte -> real,0.5987,coffee -> bench,60,65,0.0,0.278,0.167,60,90,25,0.0,0.167,8.0,coffee,0.2,12,10.17,11.54,0.336,"coffee 23%, matcha latte 15%","coffee 31%, <long> 28%",0.6208,0.283,0.836
r8_0597_asian_country,"Name an asian country. Reply with only the name, nothing else.",0.6389,japan -> real,0.6389,japan -> real,0.548,china -> bench,60,71,0.0,0.211,0.127,60,90,5,0.0,0.127,5.8,japan,1.0,1,1.0,1.4,0.916,"japan 97%, thailand 2%","japan 69%, <long> 21%",0.6183,0.125,1.035
r8s_0554_angel,"Suggest a type of angel. Reply with only the name, nothing else.",0.6389,<long> -> bench,0.6167,seraphim -> real,0.5179,cherubim -> real,60,65,0.0,0.278,0.167,60,90,8,0.0,0.167,8.8,seraphim,0.7,6,2.94,2.05,0.832,"seraphim 83%, cherubim 7%","seraphim 60%, <long> 28%",0.6153,0.166,0.94
r8_0885_dwarve,"Name a dwarve. Reply with only the name, nothing else.",0.6389,<long> -> bench,0.6,thorin -> real,0.5679,thorin -> real,60,65,0.0,0.278,0.167,60,90,20,0.0,0.167,8.5,thorin oakenshield,0.7,4,2.49,8.29,0.296,"thorin 37%, balin 23%","<long> 28%, thorin 17%",0.6047,0.128,0.689
r8s_0153_celestial_body,"Suggest a type of celestial body. Reply with only the name, nothing else.",0.6389,<long> -> bench,0.5806,nebula -> real,0.5635,nebula -> real,60,65,0.0,0.278,0.167,60,90,16,0.0,0.167,8.5,neutron star,0.55,8,4.66,4.94,0.544,"neutron star 50%, nebula 25%","neutron star 42%, <long> 28%",0.6167,0.436,0.975
r8s_0098_sausage,"Suggest a type of sausage. Reply with only the name, nothing else.",0.6389,<long> -> bench,0.5417,bratwurst -> real,0.5403,bratwurst -> bench,58,62,0.033,0.311,0.2,60,90,23,0.0,0.187,10.2,bratwurst,0.8,4,2.03,6.38,0.542,"bratwurst 48%, kielbasa 13%","bratwurst 40%, <long> 31%",0.6072,0.301,0.937
r8_1548_clothing_for_special_o,"Name a clothing for special occasion. Reply with only the name, nothing else.",0.6389,tuxedo -> real,0.6389,tuxedo -> real,0.5152,gown -> bench,60,66,0.0,0.267,0.16,60,90,7,0.0,0.16,8.5,tuxedo,0.95,2,1.22,1.3,0.952,"tuxedo 97%, haute couture 2%","tuxedo 69%, <long> 27%",0.6361,0.062,0.971
r8_1305_pottery_type,"Name a pottery type. Reply with only the name, nothing else.",0.6389,<long> -> bench,0.6278,raku -> real,0.6128,raku -> real,60,65,0.0,0.278,0.167,60,90,28,0.0,0.167,8.5,terracotta,0.3,9,7.13,13.18,0.216,"raku 33%, terracotta 15%","<long> 28%, terracotta 19%",0.6164,0.295,0.983
r8_1195_button_type,"Name a button type. Reply with only the name, nothing else.",0.6389,<long> -> bench,0.5556,push button -> real,0.5493,submit -> bench,56,59,0.067,0.344,0.233,60,90,27,0.0,0.227,9.1,submit,0.75,6,2.62,8.76,0.443,"submit 37%, push button 17%","<long> 34%, submit 32%",0.6336,0.223,0.682
r8_0973_kappa,"Name a kappa. Reply with only the name, nothing else.",0.6361,<long> -> bench,0.5167,kappa-6 -> bench,0.5259,kappa-6 -> bench,55,58,0.083,0.356,0.247,60,90,100,0.0,0.227,10.7,kappa,0.1,19,18.66,84.8,0.097,"<long> 8%, kappa 7%","<long> 36%, kappa 8%",0.6442,0.532,0.962
r8_1280_yeti,"Name a yeti. Reply with only the name, nothing else.",0.6361,<long> -> bench,0.5528,yeti -> real,0.5618,ming -> bench,59,64,0.017,0.289,0.18,60,90,79,0.0,0.18,9.0,yeti,0.2,15,13.2,56.27,0.081,"yeti 12%, frostbite 8%","<long> 29%, ming 10%",0.6383,0.261,1.147
r8s_0710_animal_feather_type,"Suggest an animal feather type. Reply with only the name, nothing else.",0.6361,<long> -> bench,0.6056,contour feather -> bench,0.6744,contour feather -> bench,59,64,0.017,0.289,0.18,60,90,49,0.0,0.173,8.6,contour feather,0.55,8,4.66,19.88,0.317,"contour feather 13%, down 12%","contour feather 34%, <long> 29%",0.6694,0.302,1.325
r8_1061_castle_part,"Name a castle part. Reply with only the name, nothing else.",0.6361,<long> -> bench,0.5528,keep -> real,0.5605,battlements -> bench,59,64,0.017,0.289,0.18,60,90,18,0.0,0.167,8.0,keep,0.35,9,6.79,7.71,0.431,"keep 42%, tower 10%","keep 31%, <long> 29%",0.6081,0.194,0.942
r8_0581_island,"Name an island. Reply with only the name, nothing else.",0.6361,<long> -> bench,0.5833,santorini -> real,0.5783,santorini -> real,59,64,0.017,0.289,0.18,60,90,40,0.0,0.18,8.8,sicily,0.4,7,5.22,18.37,0.171,"santorini 20%, hawaii 18%","<long> 29%, sicily 14%",0.6042,0.289,0.799
r8s_0018_gas,"Suggest a type of gas. Reply with only the name, nothing else.",0.6361,<long> -> bench,0.5611,helium -> bench,0.6314,helium -> bench,59,64,0.017,0.289,0.18,60,90,18,0.0,0.18,8.4,helium,0.85,2,1.53,7.45,0.374,"helium 23%, natural gas 18%","helium 36%, <long> 29%",0.6008,0.197,0.955
r8_0148_milk,"Name a milk. Reply with only the name, nothing else.",0.6361,<long> -> bench,0.5667,whole milk -> real,0.584,cow -> bench,59,64,0.017,0.289,0.18,60,90,26,0.0,0.18,8.5,whole milk,0.35,4,3.84,11.2,0.244,"almond milk 22%, almond 18%","<long> 29%, almond milk 19%",0.6414,0.262,1.051
r8s_1944_swimsuit,"Suggest a type of swimsuit. Reply with only the name, nothing else.",0.6361,<long> -> bench,0.625,bikini -> real,0.5622,bikini -> real,59,64,0.017,0.289,0.18,60,90,12,0.0,0.18,9.1,one-piece swimsuit,0.5,4,2.99,4.18,0.528,"bikini 58%, one-piece swimsuit 15%","bikini 33%, <long> 29%",0.6169,0.103,0.875
r8_1579_dna_base,"Name a dna base. Reply with only the name, nothing else.",0.6361,adenine -> real,0.6361,adenine -> real,0.5211,adenine -> real,60,68,0.0,0.244,0.147,60,90,6,0.0,0.147,8.1,adenine,1.0,1,1.0,1.24,0.961,"adenine 98%, guanine 2%","adenine 71%, <long> 24%",0.6408,0.109,1.019
r8_1629_behemoth,"Name a behemoth. Reply with only the name, nothing else.",0.6361,<long> -> bench,0.6028,behemoth -> real,0.5976,leviathan -> bench,59,64,0.017,0.289,0.18,60,90,52,0.0,0.18,8.9,behemoth,0.25,14,11.64,20.99,0.203,"behemoth 28%, leviathan 10%","<long> 29%, leviathan 21%",0.6136,0.338,0.758
r8_0760_childhood_game,"Name a childhood game. Reply with only the name, nothing else.",0.6361,<long> -> bench,0.6,tag -> real,0.5433,tag -> real,59,64,0.017,0.289,0.18,60,90,12,0.0,0.173,8.1,tag,0.75,2,1.75,3.29,0.463,"tag 50%, hide and seek 42%","tag 30%, hide and seek 30%",0.6164,0.145,1.0
r8_0644_leaf_arrangement,"Name a type of leaf arrangement. Reply with only the name, nothing else.",0.6361,<long> -> bench,0.5667,opposite -> real,0.5596,alternate -> bench,59,64,0.017,0.289,0.18,60,90,12,0.0,0.173,7.8,alternate,0.7,5,2.67,3.84,0.537,"alternate 47%, opposite 30%","alternate 42%, <long> 29%",0.6189,0.205,0.927
r8_0812_cheese_spread,"Name a cheese spread. Reply with only the name, nothing else.",0.6361,<long> -> bench,0.5333,cream cheese -> real,0.5328,kraft american cheese spread -> bench,57,61,0.05,0.322,0.213,60,90,47,0.0,0.187,9.7,kraft singles,0.2,14,11.49,23.95,0.212,"boursin 20%, cream cheese 10%","<long> 32%, boursin 14%",0.6192,0.186,1.006
r8_1715_garlic,"Name a garlic. Reply with only the name, nothing else.",0.6361,<long> -> bench,0.5222,rocambole -> real,0.5452,elephant garlic -> bench,57,61,0.05,0.322,0.213,60,90,69,0.0,0.213,10.1,elephant garlic,0.4,9,6.43,37.85,0.169,"garlic 13%, elephant garlic 12%","<long> 32%, elephant garlic 14%",0.605,0.394,0.93
r8_1339_frozen_dessert,"Name a frozen dessert. Reply with only the name, nothing else.",0.6361,<long> -> bench,0.6306,ice cream -> real,0.5091,sorbet -> real,59,64,0.017,0.289,0.18,60,90,8,0.0,0.16,8.1,ice cream,1.0,1,1.0,1.47,0.927,"ice cream 92%, sorbet 3%","ice cream 66%, <long> 29%",0.6144,0.132,1.158
r8_0528_branch_of_science,"Name a branch of science. Reply with only the name, nothing else.",0.6361,<long> -> bench,0.6028,biology -> real,0.5254,botany -> real,59,64,0.017,0.289,0.18,60,90,10,0.0,0.173,8.2,biology,0.7,3,2.23,2.24,0.805,"biology 78%, physics 8%","biology 58%, <long> 29%",0.6164,0.189,0.992
r8s_1329_legume_pod,"Suggest a type of legume pod. Reply with only the name, nothing else.",0.6361,pea -> real,0.6361,pea -> real,0.6168,pea -> real,59,64,0.017,0.289,0.18,60,90,28,0.0,0.173,8.6,pea pod,0.4,9,6.43,8.35,0.39,"pea 38%, pea pod 35%","pea pod 30%, <long> 29%",0.6247,0.31,0.84
r8_1046_tisane,"Name a tisane. Reply with only the name, nothing else.",0.6361,chamomile -> real,0.6361,chamomile -> real,0.5369,chamomile -> real,60,67,0.0,0.256,0.153,60,90,10,0.0,0.153,9.1,chamomile,0.7,4,2.49,2.28,0.811,"chamomile 85%, earl grey 5%","chamomile 58%, <long> 26%",0.6244,0.108,0.996
r8_0547_bathroom_fixture,"Name a type of bathroom fixture. Reply with only the name, nothing else.",0.6361,toilet -> real,0.6361,toilet -> real,0.5371,toilet -> real,60,66,0.0,0.267,0.16,60,90,6,0.0,0.16,7.6,toilet,0.65,2,1.91,1.88,0.778,"toilet 82%, sink 17%","toilet 54%, <long> 27%",0.5911,0.08,0.82
r8s_1174_colour_shade,"Suggest a type of colour shade. Reply with only the name, nothing else.",0.6361,<long> -> bench,0.5639,teal -> real,0.545,slate blue -> real,59,64,0.017,0.289,0.18,60,90,34,0.0,0.18,8.7,sage green,0.35,11,8.01,16.65,0.252,"teal 28%, slate blue 15%","<long> 29%, teal 16%",0.6264,0.331,0.725
r8_0516_art_movement,"Name a type of art movement. Reply with only the name, nothing else.",0.6361,<long> -> bench,0.5972,impressionism -> real,0.5254,bauhaus -> real,59,64,0.017,0.289,0.18,60,90,10,0.0,0.173,9.1,impressionism,0.9,2,1.38,2.21,0.813,"impressionism 78%, cubism 7%","impressionism 59%, <long> 29%",0.6147,0.105,1.069
r8_1666_gift,"Name a gift. Reply with only the name, nothing else.",0.6361,<long> -> bench,0.5528,teddy bear -> real,0.5462,teddy bear -> real,57,61,0.05,0.322,0.213,60,90,50,0.0,0.2,9.1,book,0.45,8,5.49,21.8,0.263,"book 23%, teddy bear 15%","<long> 32%, book 19%",0.6375,0.308,0.943
r8_1757_accordion,"Name an accordion. Reply with only the name, nothing else.",0.6361,<long> -> bench,0.5222,steinway -> real,0.5254,stradella -> bench,55,58,0.083,0.356,0.247,60,90,95,0.0,0.227,11.3,garmon,0.2,14,11.49,82.83,0.053,"<long> 8%, steinway 7%","<long> 36%, stradella 4%",0.6553,0.446,0.532
r8s_0058_seafood,"Suggest a type of seafood. Reply with only the name, nothing else.",0.6361,<long> -> bench,0.5667,salmon -> real,0.5483,lobster -> real,59,64,0.017,0.289,0.18,60,90,7,0.0,0.173,8.3,lobster,0.55,2,1.99,2.14,0.756,"salmon 70%, lobster 23%","salmon 57%, <long> 29%",0.6308,0.105,0.844
r8s_0873_wind_type,"Suggest a wind type. Reply with only the name, nothing else.",0.6361,<long> -> bench,0.55,gale -> real,0.5456,gale -> real,57,61,0.05,0.322,0.213,60,90,51,0.0,0.2,9.4,trade winds,0.3,13,10.17,29.59,0.102,"gale 13%, gust 10%","<long> 32%, trade winds 9%",0.6186,0.396,0.638
r8_0951_stage_equipment,"Name a type of stage equipment. Reply with only the name, nothing else.",0.6361,<long> -> bench,0.55,truss -> real,0.5221,spotlight -> bench,59,64,0.017,0.289,0.18,60,90,34,0.0,0.167,8.3,truss,0.3,13,9.91,13.3,0.374,"truss 37%, gobo 13%","<long> 29%, truss 27%",0.61,0.314,0.831
r8_1728_social_insect,"Name a social insect. Reply with only the name, nothing else.",0.6361,ant -> real,0.6361,ant -> real,0.5284,honey bee -> bench,60,68,0.0,0.244,0.147,60,90,4,0.0,0.147,6.5,ant,0.9,3,1.48,1.39,0.922,"ant 95%, honeybee 3%","ant 68%, <long> 24%",0.6383,0.115,1.058
r8s_0235_crop,"Suggest a type of crop. Reply with only the name, nothing else.",0.6361,<long> -> bench,0.5417,corn -> real,0.6175,wheat -> bench,59,64,0.017,0.289,0.18,60,90,15,0.0,0.18,8.4,wheat,0.65,5,2.99,3.36,0.715,"wheat 58%, corn 12%","wheat 59%, <long> 29%",0.6278,0.289,0.75
r8_0424_coffee_bean,"Name a coffee bean. Reply with only the name, nothing else.",0.6361,<long> -> bench,0.5583,arabica -> real,0.5315,arabica -> bench,59,64,0.017,0.289,0.18,60,90,13,0.0,0.18,9.4,arabica,0.85,3,1.68,3.35,0.626,"arabica 58%, ethiopian yirgacheffe 25%","arabica 47%, <long> 29%",0.605,0.155,1.004
r8s_0681_singer,"Suggest a type of singer. Reply with only the name, nothing else.",0.6361,<long> -> bench,0.5417,opera -> bench,0.5644,opera singer -> bench,59,64,0.017,0.289,0.18,60,90,37,0.0,0.18,8.5,opera singer,0.55,6,3.78,15.07,0.22,"pop 17%, opera singer 15%","<long> 29%, opera singer 20%",0.6158,0.212,0.68
r8_0057_movie_genre,"Name a movie genre. Reply with only the name, nothing else.",0.6361,sci-fi -> real,0.6361,sci-fi -> real,0.5945,sci-fi -> real,60,71,0.0,0.211,0.127,60,90,14,0.0,0.127,6.8,horror,0.4,3,2.87,4.74,0.481,"sci-fi 58%, horror 23%","sci-fi 31%, <long> 21%",0.6164,0.222,0.946
r8_1254_legal_proceeding,"Name a type of legal proceeding. Reply with only the name, nothing else.",0.6361,<long> -> bench,0.5722,mediation -> real,0.5702,trial -> bench,59,64,0.017,0.289,0.18,60,90,22,0.0,0.173,8.3,trial,0.4,6,4.75,9.37,0.276,"mediation 20%, trial 20%","<long> 29%, trial 24%",0.6031,0.262,0.798
r8_1248_golem,"Name a golem. Reply with only the name, nothing else.",0.6361,<long> -> bench,0.5528,golem of prague -> bench,0.5775,golem of prague -> bench,59,64,0.017,0.289,0.18,60,90,96,0.0,0.173,9.0,goliath,0.25,14,11.34,76.88,0.098,"goliath 8%, adam 3%","<long> 29%, golem of prague 12%",0.6131,0.506,0.677
r8_0584_government_type,"Name a government type. Reply with only the name, nothing else.",0.6361,democracy -> real,0.6361,democracy -> real,0.525,democracy -> real,60,66,0.0,0.267,0.16,60,90,6,0.0,0.16,7.7,democracy,0.85,2,1.53,1.68,0.857,"democracy 88%, monarchy 12%","democracy 61%, <long> 27%",0.645,0.148,1.095
r8s_0154_art_supply,"Suggest a type of art supply. Reply with only the name, nothing else.",0.6361,<long> -> bench,0.5583,watercolor paints -> real,0.5528,watercolor paints -> real,59,64,0.017,0.289,0.18,60,90,21,0.0,0.18,8.9,graphite pencils,0.25,10,8.82,13.12,0.187,"charcoal 17%, acrylic paint 17%","<long> 29%, charcoal 14%",0.6067,0.217,0.926
r8_1013_tire_brand,"Name a tire brand. Reply with only the name, nothing else.",0.6361,<long> -> bench,0.6056,michelin -> real,0.5196,goodyear -> real,59,64,0.017,0.289,0.18,60,90,6,0.0,0.16,8.2,michelin,0.9,3,1.48,1.72,0.862,"michelin 83%, goodyear 10%","michelin 62%, <long> 29%",0.6431,0.126,1.092
r8_1580_pie_crust,"Name a pie crust. Reply with only the name, nothing else.",0.6361,<long> -> bench,0.5306,flaky -> real,0.5375,shortcrust -> bench,57,61,0.05,0.322,0.213,60,90,56,0.0,0.187,9.7,shortcrust,0.4,12,8.12,32.86,0.144,"shortcrust 10%, flaky 8%","<long> 32%, shortcrust 12%",0.6203,0.358,0.932
r8_1263_sheep_breed,"Name a sheep breed. Reply with only the name, nothing else.",0.6361,merino -> real,0.6361,merino -> real,0.533,merino -> real,60,69,0.0,0.233,0.14,60,90,9,0.0,0.133,7.2,merino,1.0,1,1.0,1.56,0.915,"merino 95%, oxford down 2%","merino 68%, <long> 23%",0.6436,0.061,1.128
r8_0864_place_of_worship,"Name a place of worship. Reply with only the name, nothing else.",0.6361,<long> -> bench,0.5528,st. peters basilica -> real,0.552,st. patricks cathedral -> bench,59,64,0.017,0.289,0.18,60,90,33,0.0,0.14,9.7,st. peters basilica,0.45,10,6.48,13.31,0.309,"st. peters basilica 32%, st. pauls cathedral 15%","<long> 29%, st. peters basilica 21%",0.5994,0.337,0.844
r8_1284_place_to_visit,"Name a place to visit. Reply with only the name, nothing else.",0.6361,<long> -> bench,0.6111,kyoto -> real,0.6108,kyoto -> real,59,64,0.017,0.289,0.18,60,90,11,0.0,0.167,8.0,paris,0.45,4,3.29,2.87,0.699,"paris 63%, kyoto 23%","paris 53%, <long> 29%",0.6186,0.184,0.949
r8_0839_float,"Name a float. Reply with only the name, nothing else.",0.6361,<long> -> bench,0.6194,3.14 -> real,0.6063,3.14 -> real,59,64,0.017,0.289,0.18,60,90,50,0.0,0.173,9.0,1.0,0.15,17,15.83,21.28,0.211,"3.14 32%, pi 13%","<long> 29%, 3.14159 11%",0.6156,0.318,0.837
r8_1946_hive_product,"Name a hive product. Reply with only the name, nothing else.",0.6361,<long> -> bench,0.5333,honey -> real,0.6024,honey -> bench,59,64,0.017,0.289,0.18,60,90,15,0.0,0.18,8.3,honey,1.0,1,1.0,1.9,0.886,"honey 77%, hive 3%","honey 70%, <long> 29%",0.6078,0.135,0.9
r8_0071_coffee_drink,"Name a coffee drink. Reply with only the name, nothing else.",0.6361,<long> -> bench,0.55,cappuccino -> real,0.5413,latte -> bench,59,64,0.017,0.289,0.18,60,90,5,0.0,0.167,8.5,latte,0.7,3,2.27,2.77,0.585,"latte 53%, espresso 23%","latte 44%, <long> 29%",0.6147,0.218,1.135
r8s_0940_blood_vessel,"Suggest a type of blood vessel. Reply with only the name, nothing else.",0.6361,<long> -> bench,0.6139,artery -> real,0.5274,capillary -> real,59,64,0.017,0.289,0.18,60,90,9,0.0,0.18,8.4,artery,0.9,3,1.48,2.23,0.789,"artery 78%, capillary 10%","artery 56%, <long> 29%",0.6339,0.147,1.014
r8s_0939_boxing_punch,"Suggest a type of boxing punch. Reply with only the name, nothing else.",0.6361,<long> -> bench,0.625,jab -> real,0.5363,jab -> real,59,64,0.017,0.289,0.18,60,90,9,0.0,0.173,8.4,jab,1.0,1,1.0,2.75,0.691,"jab 72%, uppercut 17%","jab 47%, <long> 29%",0.6308,0.168,0.864
r8s_1601_holiday_treat,"Suggest a type of holiday treat. Reply with only the name, nothing else.",0.6361,<long> -> bench,0.575,gingerbread cookies -> real,0.5585,gingerbread cookie -> bench,59,64,0.017,0.289,0.18,60,90,24,0.0,0.18,9.7,gingerbread cookies,0.4,4,3.34,7.65,0.439,"gingerbread cookies 45%, peppermint bark 15%","gingerbread cookies 30%, <long> 29%",0.6233,0.246,0.938
r8s_1932_piece_of_armor,"Suggest a type of piece of armor. Reply with only the name, nothing else.",0.6333,<long> -> bench,0.5278,plate armor -> real,0.5561,chainmail -> bench,60,66,0.0,0.267,0.16,60,90,24,0.0,0.16,7.9,cuirass,0.4,9,6.16,7.22,0.357,"plate armor 33%, chainmail 27%","chainmail 28%, plate armor 28%",0.6094,0.201,0.874
r8s_1987_painting,"Suggest a type of painting. Reply with only the name, nothing else.",0.6333,<long> -> bench,0.5694,impressionism -> real,0.5371,impressionism -> real,60,66,0.0,0.267,0.16,60,90,17,0.0,0.16,8.0,watercolor,0.4,5,3.89,6.11,0.317,"oil painting 32%, impressionism 32%","<long> 27%, oil painting 23%",0.6069,0.123,0.891
r8_0251_rock_band,"Name a rock band. Reply with only the name, nothing else.",0.6333,<long> -> bench,0.5778,nirvana -> real,0.5636,nirvana -> real,60,66,0.0,0.267,0.16,60,90,25,0.0,0.16,7.9,led zeppelin,0.3,8,6.65,11.47,0.19,"nirvana 23%, queen 20%","<long> 27%, queen 13%",0.5936,0.242,0.922
r8_0345_truck_brand,"Name a truck brand. Reply with only the name, nothing else.",0.6333,<long> -> bench,0.6056,ford -> real,0.5174,volvo -> real,60,66,0.0,0.267,0.16,60,90,8,0.0,0.153,6.9,ford,1.0,1,1.0,1.75,0.881,"ford 87%, volvo 5%","ford 66%, <long> 27%",0.6181,0.135,0.969
r8_0088_baking_ingredient,"Name a baking ingredient. Reply with only the name, nothing else.",0.6333,<long> -> bench,0.6,flour -> real,0.5273,flour -> bench,60,66,0.0,0.267,0.16,60,90,8,0.0,0.16,7.7,flour,0.95,2,1.22,1.45,0.929,"flour 90%, butter 3%","flour 70%, <long> 27%",0.6272,0.111,1.082
r8s_0907_insect_wing,"Suggest a type of insect wing. Reply with only the name, nothing else.",0.6333,<long> -> bench,0.5611,dragonfly -> real,0.547,dragonfly -> real,60,66,0.0,0.267,0.16,60,90,49,0.0,0.16,8.9,hemelytra,0.3,10,7.84,25.64,0.151,"dragonfly 20%, hemelytra 13%","<long> 27%, butterfly 9%",0.6225,0.22,0.901
r8s_0934_chemical_bond,"Suggest a type of chemical bond. Reply with only the name, nothing else.",0.6333,<long> -> bench,0.5889,ionic bond -> real,0.5561,covalent bond -> bench,60,66,0.0,0.267,0.16,60,90,8,0.0,0.14,8.2,ionic bond,0.45,4,3.02,3.3,0.492,"covalent bond 43%, ionic bond 40%","covalent bond 40%, <long> 27%",0.6178,0.042,0.961
r8_1110_saltwater_sport_fish,"Name a saltwater sport fish. Reply with only the name, nothing else.",0.6333,<long> -> bench,0.5889,marlin -> real,0.5485,marlin -> real,60,66,0.0,0.267,0.16,60,90,22,0.0,0.16,8.4,marlin,0.55,5,3.34,7.86,0.349,"marlin 40%, mahi-mahi 27%","<long> 27%, marlin 22%",0.6147,0.241,0.89
r8_0258_pollinator,"Name a pollinator. Reply with only the name, nothing else.",0.6333,<long> -> bench,0.5639,honeybee -> real,0.5598,bee -> bench,60,66,0.0,0.267,0.16,60,90,10,0.0,0.153,7.9,honeybee,0.45,3,2.91,3.83,0.579,"bee 52%, honeybee 22%","bee 47%, <long> 27%",0.6492,0.123,1.074
r8s_1016_economic_sector,"Suggest a type of economic sector. Reply with only the name, nothing else.",0.6333,<long> -> bench,0.5528,technology -> real,0.5379,primary -> bench,60,66,0.0,0.267,0.16,60,90,20,0.0,0.16,7.5,tertiary sector,0.35,8,6.23,8.62,0.381,"technology 38%, agriculture 18%","technology 28%, <long> 27%",0.6147,0.236,0.937
r8_0352_country,"Name a country. Reply with only the name, nothing else.",0.6333,<long> -> bench,0.6194,japan -> real,0.5871,japan -> real,60,66,0.0,0.267,0.16,60,90,10,0.0,0.16,7.0,france,0.55,3,2.53,3.7,0.421,"japan 42%, france 37%","france 34%, <long> 27%",0.62,0.085,1.01
r8_0862_aperitif,"Name an aperitif. Reply with only the name, nothing else.",0.6333,<long> -> bench,0.5583,martini -> real,0.5508,campari -> bench,60,66,0.0,0.267,0.16,60,90,27,0.0,0.16,8.6,campari,0.85,4,1.8,8.0,0.373,"martini 38%, aperol spritz 25%","<long> 27%, martini 27%",0.6308,0.252,0.902
r8_1789_food_flavor,"Name a food flavor. Reply with only the name, nothing else.",0.6333,<long> -> bench,0.5667,strawberry -> real,0.5864,vanilla -> bench,60,66,0.0,0.267,0.16,60,90,9,0.0,0.16,7.7,vanilla,0.7,3,2.27,2.64,0.69,"vanilla 60%, chocolate 20%","vanilla 57%, <long> 27%",0.5928,0.085,1.19
r8_1883_underworld_place,"Name an underworld place. Reply with only the name, nothing else.",0.6333,<long> -> bench,0.5583,hades -> bench,0.6063,hades -> bench,58,63,0.033,0.3,0.193,60,90,36,0.0,0.187,9.0,hades,0.5,10,5.9,13.67,0.248,"underworld 15%, tartarus 13%","<long> 30%, tartarus 24%",0.6219,0.228,0.808
r8s_1973_galaxy_shape,"Suggest a type of galaxy shape. Reply with only the name, nothing else.",0.6333,<long> -> bench,0.5917,spiral -> real,0.5356,spiral galaxy -> real,60,66,0.0,0.267,0.16,60,90,6,0.0,0.16,8.5,spiral,0.9,3,1.48,1.61,0.881,"spiral 85%, spiral galaxy 12%","spiral 67%, <long> 27%",0.6567,0.099,0.984
r8s_1966_gum_flavor,"Suggest a type of gum flavor. Reply with only the name, nothing else.",0.6333,<long> -> bench,0.5667,spearmint -> real,0.5674,bubblegum -> bench,60,66,0.0,0.267,0.16,60,90,19,0.0,0.16,8.2,spearmint,0.4,6,4.61,10.92,0.183,"spearmint 23%, peppermint 18%","<long> 27%, peppermint 13%",0.6067,0.142,0.674
r8_0142_construction_material,"Name a construction material. Reply with only the name, nothing else.",0.6333,<long> -> bench,0.5917,concrete -> real,0.5273,brick -> real,60,66,0.0,0.267,0.16,60,90,9,0.0,0.16,6.9,concrete,0.75,4,2.28,3.11,0.683,"concrete 68%, steel 13%","concrete 50%, <long> 27%",0.6414,0.32,1.192
r8_0115_acid,"Name an acid. Reply with only the name, nothing else.",0.6333,<long> -> bench,0.6306,sulfuric acid -> real,0.5477,sulfuric acid -> real,60,66,0.0,0.267,0.16,60,90,8,0.0,0.153,10.1,hydrochloric acid,0.6,3,2.28,2.38,0.667,"sulfuric acid 72%, hydrochloric acid 25%","sulfuric acid 46%, <long> 27%",0.6058,0.085,0.99
r8s_1265_thread,"Suggest a type of thread. Reply with only the name, nothing else.",0.6333,<long> -> bench,0.5417,cotton -> bench,0.5737,cotton -> bench,52,54,0.133,0.4,0.293,60,90,83,0.0,0.26,11.4,cotton,0.25,10,7.68,67.47,0.094,"<long> 13%, polyester 3%","<long> 40%, cotton 10%",0.6356,0.477,0.535
r8s_1786_mean_of_transportation,"Suggest a type of mean of transportation. Reply with only the name, nothing else.",0.6333,<long> -> bench,0.5806,bicycle -> real,0.5356,car -> bench,60,66,0.0,0.267,0.16,60,90,16,0.0,0.16,7.5,bicycle,0.65,4,2.72,4.5,0.619,"bicycle 62%, train 7%","bicycle 46%, <long> 27%",0.6131,0.284,0.948
r8s_1818_unit_of_pressure,"Suggest a type of unit of pressure. Reply with only the name, nothing else.",0.6333,pascal -> real,0.6333,pascal -> real,0.5075,pascal pa -> bench,60,67,0.0,0.256,0.153,60,90,3,0.0,0.153,7.5,pascal,1.0,1,1.0,1.05,0.992,pascal 100%,"pascal 73%, <long> 26%",0.6561,0.041,0.984
r8_0125_shakespeare_play,"Name a shakespeare play. Reply with only the name, nothing else.",0.6333,<long> -> bench,0.5806,hamlet -> real,0.5174,macbeth -> real,60,66,0.0,0.267,0.16,60,90,5,0.0,0.153,8.3,romeo and juliet,0.8,2,1.65,2.19,0.659,"hamlet 65%, romeo and juliet 30%","hamlet 49%, <long> 27%",0.5953,0.297,1.029
r8_0141_renewable_energy_sourc,"Name a renewable energy source. Reply with only the name, nothing else.",0.6333,<long> -> bench,0.6139,solar -> real,0.5432,solar -> real,60,66,0.0,0.267,0.16,60,90,8,0.0,0.16,7.4,solar energy,0.65,4,2.67,3.0,0.571,"solar 62%, solar energy 23%","solar 39%, <long> 27%",0.6361,0.061,1.028
r8_0140_coral,"Name a coral. Reply with only the name, nothing else.",0.6333,<long> -> bench,0.5583,acropora -> real,0.528,acropora -> real,60,66,0.0,0.267,0.16,60,90,18,0.0,0.153,8.9,staghorn coral,0.5,6,4.06,7.59,0.254,"acropora 28%, staghorn coral 22%","<long> 27%, staghorn coral 19%",0.5978,0.167,0.996
r8_1238_echinoderm,"Name an echinoderm. Reply with only the name, nothing else.",0.6333,<long> -> bench,0.5667,sea star -> real,0.5174,sea urchin -> bench,60,66,0.0,0.267,0.16,60,90,4,0.0,0.16,7.8,sea star,0.55,2,1.99,2.7,0.444,"starfish 45%, sea star 43%","starfish 32%, sea star 30%",0.6075,0.041,0.922
r8_1297_color_hue,"Name a color hue. Reply with only the name, nothing else.",0.6333,<long> -> bench,0.5528,azure -> real,0.5553,blue -> bench,60,66,0.0,0.267,0.16,60,90,22,0.0,0.16,7.8,azure,0.45,6,3.77,8.95,0.349,"crimson 35%, azure 18%","<long> 27%, crimson 26%",0.62,0.356,1.157
r8_0097_string_instrument,"Name a type of string instrument. Reply with only the name, nothing else.",0.6333,<long> -> bench,0.625,violin -> real,0.5273,guitar -> bench,60,66,0.0,0.267,0.16,60,90,6,0.0,0.153,7.5,violin,1.0,1,1.0,2.09,0.794,"violin 82%, cello 10%","violin 57%, <long> 27%",0.6531,0.144,1.251
r8s_1440_renewable_resource,"Suggest a type of renewable resource. Reply with only the name, nothing else.",0.6333,<long> -> bench,0.5944,solar energy -> real,0.5242,solar -> bench,60,66,0.0,0.267,0.16,60,90,6,0.0,0.153,7.6,solar energy,0.75,3,1.99,2.65,0.579,"solar energy 60%, solar 30%","solar energy 41%, <long> 27%",0.6614,0.076,0.988
r8s_0074_cooking_oil,"Suggest a type of cooking oil. Reply with only the name, nothing else.",0.6333,<long> -> bench,0.6278,olive oil -> real,0.5083,canola oil -> real,60,66,0.0,0.267,0.16,60,90,6,0.0,0.16,8.5,olive oil,1.0,1,1.0,1.2,0.968,"olive oil 97%, avocado oil 2%","olive oil 71%, <long> 27%",0.6256,0.097,0.941
r8_1341_mattress,"Name a type of mattress. Reply with only the name, nothing else.",0.6333,<long> -> bench,0.625,memory foam -> real,0.5174,innerspring -> real,60,66,0.0,0.267,0.16,60,90,5,0.0,0.153,7.6,memory foam,0.9,3,1.48,1.26,0.952,"memory foam 95%, innerspring 5%","memory foam 70%, <long> 27%",0.6322,0.077,0.994
r8s_0214_nut_butter,"Suggest a type of nut butter. Reply with only the name, nothing else.",0.6333,<long> -> bench,0.5917,almond butter -> real,0.5909,peanut butter -> bench,60,66,0.0,0.267,0.16,60,90,6,0.0,0.16,9.2,peanut butter,0.95,2,1.22,1.96,0.762,"peanut butter 67%, almond butter 28%","peanut butter 62%, <long> 27%",0.6122,0.225,0.897
r8_0576_aquarium_fish,"Name an aquarium fish. Reply with only the name, nothing else.",0.6333,<long> -> bench,0.6083,neon tetra -> real,0.6008,goldfish -> bench,60,66,0.0,0.267,0.16,60,90,9,0.0,0.153,8.1,neon tetra,0.5,4,3.21,5.25,0.262,"neon tetra 35%, betta 25%","<long> 27%, goldfish 23%",0.6044,0.066,0.881
r8_0583_protein,"Name a protein. Reply with only the name, nothing else.",0.6333,<long> -> bench,0.5694,insulin -> real,0.5523,hemoglobin -> bench,60,66,0.0,0.267,0.16,60,90,15,0.0,0.16,8.2,hemoglobin,0.6,3,2.28,3.3,0.571,"hemoglobin 52%, insulin 35%","hemoglobin 46%, <long> 27%",0.6069,0.115,0.933
r8s_0285_salad_dressing,"Suggest a type of salad dressing. Reply with only the name, nothing else.",0.6333,<long> -> bench,0.6028,ranch -> real,0.5568,balsamic vinaigrette -> real,60,66,0.0,0.267,0.16,60,90,9,0.0,0.16,8.4,ranch,0.55,5,3.12,4.08,0.548,"ranch 58%, balsamic vinaigrette 25%","ranch 38%, <long> 27%",0.6208,0.27,1.03
r8_0847_fictional_villain,"Name a fictional villain. Reply with only the name, nothing else.",0.6333,<long> -> bench,0.5861,magneto -> real,0.5477,magneto -> real,60,66,0.0,0.267,0.16,60,90,29,0.0,0.16,8.0,joker,0.25,6,5.14,10.74,0.333,"magneto 38%, darth vader 15%","<long> 27%, magneto 21%",0.5881,0.228,0.802
r8s_0218_mountain,"Suggest a type of mountain. Reply with only the name, nothing else.",0.6333,<long> -> bench,0.6139,stratovolcano -> real,0.6038,stratovolcano -> real,60,66,0.0,0.267,0.16,60,90,27,0.0,0.16,8.7,stratovolcano,0.45,6,3.77,8.48,0.349,"stratovolcano 28%, volcanic 27%","volcanic 31%, <long> 27%",0.6211,0.141,0.802
r8s_0175_paper_product,"Suggest a type of paper product. Reply with only the name, nothing else.",0.6333,<long> -> bench,0.6,notebook -> real,0.5939,notebook -> real,60,66,0.0,0.267,0.16,60,90,25,0.0,0.153,8.1,notebook,0.25,8,6.8,10.65,0.278,"notebook 23%, tissue paper 23%","<long> 27%, tissue paper 23%",0.6075,0.219,0.749
r8_0358_fictional_world,"Name a fictional world. Reply with only the name, nothing else.",0.6333,aethelgard -> real,0.6333,aethelgard -> real,0.62,aethelgard -> real,60,71,0.0,0.211,0.127,60,90,27,0.0,0.12,7.3,middle-earth,0.95,2,1.22,7.41,0.435,"middle-earth 40%, aethelgard 37%","middle-earth 37%, <long> 21%",0.6189,0.186,0.675
r8_0387_predator,"Name a predator. Reply with only the name, nothing else.",0.6333,lion -> real,0.6333,lion -> real,0.5303,lion -> real,60,67,0.0,0.256,0.153,60,90,9,0.0,0.153,7.5,lion,0.85,4,1.8,2.03,0.835,"lion 87%, shark 8%","lion 60%, <long> 26%",0.6142,0.162,0.959
r8s_1222_marine_creature,"Suggest a type of marine creature. Reply with only the name, nothing else.",0.6333,<long> -> bench,0.5306,octopus -> bench,0.5811,octopus -> bench,60,66,0.0,0.267,0.16,60,90,29,0.0,0.16,8.2,blue whale,0.45,8,5.49,11.12,0.302,"octopus 22%, dolphin 15%","octopus 28%, <long> 27%",0.5961,0.197,0.98
r8_1115_laughter,"Name a laughter. Reply with only the name, nothing else.",0.6333,<long> -> bench,0.5361,giggle -> real,0.5279,charlie chaplin -> real,58,63,0.033,0.3,0.193,60,90,55,0.0,0.187,9.2,guffaw,0.4,5,4.02,31.08,0.132,"giggle 15%, chuckle 10%","<long> 30%, giggle 8%",0.6378,0.442,0.839
r8_0045_playground_equipment,"Name a type of playground equipment. Reply with only the name, nothing else.",0.6333,<long> -> bench,0.6111,swing -> real,0.5485,swing -> real,60,66,0.0,0.267,0.16,60,90,11,0.0,0.16,7.4,swing,0.6,5,3.01,3.3,0.516,"swing 57%, slide 32%","swing 34%, slide 28%",0.6531,0.114,0.972
r8s_1209_road_surface,"Suggest a type of road surface. Reply with only the name, nothing else.",0.6333,<long> -> bench,0.6111,asphalt -> real,0.5333,asphalt concrete -> real,60,66,0.0,0.267,0.16,60,90,5,0.0,0.16,7.7,asphalt,1.0,1,1.0,1.26,0.952,"asphalt 93%, asphalt concrete 7%","asphalt 71%, <long> 27%",0.6514,0.056,0.946
r8s_1225_musical_form,"Suggest a musical form. Reply with only the name, nothing else.",0.6333,<long> -> bench,0.525,sonata-allegro form -> real,0.5598,rondo -> bench,60,66,0.0,0.267,0.16,60,90,22,0.0,0.153,8.2,sonata,0.45,4,3.19,8.55,0.27,"sonata 23%, rondo 18%","<long> 27%, rondo 22%",0.5961,0.162,0.693
r8s_0273_eyewear,"Suggest a type of eyewear. Reply with only the name, nothing else.",0.6333,<long> -> bench,0.5361,aviators -> real,0.603,sunglasses -> bench,60,66,0.0,0.267,0.16,60,90,23,0.0,0.16,8.5,aviator sunglasses,0.6,6,3.56,4.58,0.675,"sunglasses 57%, blue light blocking glasses 8%","sunglasses 57%, <long> 27%",0.5961,0.219,0.903
r8s_0255_grass,"Suggest a type of grass. Reply with only the name, nothing else.",0.6333,<long> -> bench,0.5917,fescue -> real,0.5614,fescue -> real,60,66,0.0,0.267,0.16,60,90,14,0.0,0.16,9.0,kentucky bluegrass,0.8,3,1.85,4.37,0.5,"kentucky bluegrass 48%, fescue 35%","kentucky bluegrass 38%, <long> 27%",0.6181,0.122,0.969
r8_1683_percussion_instrument,"Name a type of percussion instrument. Reply with only the name, nothing else.",0.6333,<long> -> bench,0.6194,drum -> real,0.5795,snare drum -> bench,60,66,0.0,0.267,0.16,60,90,9,0.0,0.16,8.0,snare drum,0.55,3,2.33,3.32,0.524,"drum 58%, snare drum 25%","drum 34%, snare drum 30%",0.6086,0.146,0.867
r8_0903_grocery_store,"Name a grocery store. Reply with only the name, nothing else.",0.6333,<long> -> bench,0.5861,walmart -> real,0.553,whole foods market -> real,60,66,0.0,0.267,0.16,60,90,12,0.0,0.16,8.0,walmart,0.6,4,3.02,4.47,0.532,"walmart 55%, whole foods market 17%","walmart 38%, <long> 27%",0.6211,0.124,0.965
r8_1098_textile,"Name a textile. Reply with only the name, nothing else.",0.6333,<long> -> bench,0.5556,silk -> real,0.5644,cotton -> bench,60,66,0.0,0.267,0.16,60,90,7,0.0,0.153,7.6,cotton,0.9,3,1.48,2.01,0.817,"cotton 75%, silk 13%","cotton 64%, <long> 27%",0.6036,0.245,0.866
r8s_0667_stone_product,"Suggest a type of stone product. Reply with only the name, nothing else.",0.6333,<long> -> bench,0.6139,granite -> real,0.5856,granite -> real,60,66,0.0,0.267,0.16,60,90,20,0.0,0.16,9.0,granite countertops,0.3,7,5.17,7.03,0.294,"granite 38%, granite countertops 22%","<long> 27%, granite countertop 20%",0.6322,0.313,0.921
r8_0373_workplace,"Name a workplace. Reply with only the name, nothing else.",0.6333,<long> -> bench,0.5361,google -> real,0.5689,google -> bench,60,66,0.0,0.267,0.16,60,90,21,0.0,0.16,7.1,google,0.6,6,3.41,3.67,0.722,"google 65%, microsoft 8%","google 58%, <long> 27%",0.6206,0.251,0.972
r8_1509_pop_star,"Name a pop star. Reply with only the name, nothing else.",0.6333,taylor swift -> real,0.6333,taylor swift -> real,0.5167,adele -> real,60,67,0.0,0.256,0.153,60,90,7,0.0,0.153,7.5,taylor swift,1.0,1,1.0,1.3,0.953,"taylor swift 97%, adele 3%","taylor swift 70%, <long> 26%",0.6611,0.066,1.091
r8_1458_animal_phylum,"Name an animal phylum. Reply with only the name, nothing else.",0.6333,arthropoda -> real,0.6333,arthropoda -> real,0.5818,arthropoda -> real,60,67,0.0,0.256,0.153,60,90,8,0.0,0.153,8.4,chordata,0.5,3,2.35,3.21,0.48,"arthropoda 57%, chordata 33%","chordata 31%, arthropoda 30%",0.6272,0.143,0.977
r8_1512_spice_seed,"Name a spice seed. Reply with only the name, nothing else.",0.6333,<long> -> bench,0.6167,cumin -> real,0.5333,coriander -> real,60,66,0.0,0.267,0.16,60,90,17,0.0,0.16,7.8,cumin,0.85,3,1.68,2.87,0.786,"cumin 80%, coriander 7%","cumin 57%, <long> 27%",0.6119,0.204,1.058
r8s_0649_dance,"Suggest a type of dance. Reply with only the name, nothing else.",0.6333,<long> -> bench,0.6139,salsa -> real,0.5364,tango -> bench,60,66,0.0,0.267,0.16,60,90,13,0.0,0.16,7.7,salsa,0.95,2,1.22,3.26,0.69,"salsa 72%, ballet 12%","salsa 49%, <long> 27%",0.6425,0.29,0.951
r8s_0197_vegetable,"Suggest a type of vegetable. Reply with only the name, nothing else.",0.6333,broccoli -> real,0.6333,broccoli -> real,0.5522,broccoli -> real,60,69,0.0,0.233,0.14,60,90,12,0.0,0.14,7.2,broccoli,0.85,3,1.68,2.63,0.744,"broccoli 80%, carrot 10%","broccoli 53%, <long> 23%",0.6525,0.236,1.17
r8s_0205_kitchen_appliance,"Suggest a type of kitchen appliance. Reply with only the name, nothing else.",0.6333,<long> -> bench,0.5944,air fryer -> real,0.5924,air fryer -> real,60,66,0.0,0.267,0.16,60,90,14,0.0,0.16,7.8,air fryer,0.35,5,4.22,4.62,0.381,"toaster 37%, blender 33%","toaster 29%, blender 29%",0.6197,0.173,1.081
r8s_0232_ocean,"Suggest a type of ocean. Reply with only the name, nothing else.",0.6333,<long> -> bench,0.6,pacific ocean -> real,0.5394,pacific ocean -> real,60,66,0.0,0.267,0.16,60,90,15,0.0,0.16,7.4,pacific ocean,0.85,3,1.68,3.69,0.492,"pacific ocean 53%, pacific 35%","pacific ocean 33%, pacific 29%",0.6467,0.2,0.966
r8_0294_tea_type,"Name a tea type. Reply with only the name, nothing else.",0.6333,earl grey -> real,0.6333,earl grey -> real,0.5967,green tea -> bench,60,69,0.0,0.233,0.14,60,90,11,0.0,0.14,7.4,green tea,0.7,4,2.56,4.33,0.434,"earl grey 53%, green tea 18%","green tea 29%, earl grey 27%",0.6408,0.172,1.07
r8s_1377_celestial_body_type,"Suggest a celestial body type. Reply with only the name, nothing else.",0.6333,<long> -> bench,0.6222,neutron star -> real,0.5606,dwarf planet -> bench,60,66,0.0,0.267,0.16,60,90,15,0.0,0.153,8.3,neutron star,0.5,8,5.0,5.23,0.579,"neutron star 63%, white dwarf 7%","neutron star 39%, <long> 27%",0.6156,0.434,1.076
r8_0027_state_of_matter,"Name a state of matter. Reply with only the name, nothing else.",0.6333,<long> -> bench,0.5972,plasma -> real,0.5417,solid -> real,60,66,0.0,0.267,0.16,60,90,5,0.0,0.16,7.4,solid,0.6,4,2.81,2.24,0.714,"plasma 72%, solid 25%","plasma 52%, <long> 27%",0.6308,0.162,1.014
r8s_0027_state_of_matter,"Suggest a type of state of matter. Reply with only the name, nothing else.",0.6333,<long> -> bench,0.6167,plasma -> real,0.5356,bose-einstein condensate -> real,60,66,0.0,0.267,0.16,60,90,6,0.0,0.16,7.9,plasma,0.8,2,1.65,1.7,0.865,"plasma 87%, bose-einstein condensate 12%","plasma 63%, <long> 27%",0.6397,0.12,1.029
r8s_0070_building_material,"Suggest a type of building material. Reply with only the name, nothing else.",0.6333,<long> -> bench,0.5694,concrete -> real,0.55,brick -> bench,60,66,0.0,0.267,0.16,60,90,14,0.0,0.16,7.3,concrete,0.5,5,3.59,4.54,0.476,"concrete 48%, brick 23%","concrete 34%, <long> 27%",0.6097,0.235,1.08
r8s_0106_chocolate,"Suggest a type of chocolate. Reply with only the name, nothing else.",0.6333,<long> -> bench,0.5972,dark chocolate -> real,0.5303,truffle -> bench,60,66,0.0,0.267,0.16,60,90,11,0.0,0.16,7.7,dark chocolate,1.0,1,1.0,2.47,0.794,"dark chocolate 78%, belgian dark chocolate 7%","dark chocolate 59%, <long> 27%",0.6394,0.131,1.105
r8_1684_fictional_country,"Name a fictional country. Reply with only the name, nothing else.",0.6333,<long> -> bench,0.6028,wakanda -> bench,0.6432,wakanda -> bench,60,66,0.0,0.267,0.16,60,90,61,0.0,0.153,8.4,wakanda,0.7,4,2.39,32.56,0.167,"aethelgard 17%, zamunda 8%","<long> 27%, wakanda 22%",0.6436,0.181,1.117
r8_1703_university,"Name an university. Reply with only the name, nothing else.",0.6333,harvard university -> real,0.6333,harvard university -> real,0.5364,stanford university -> real,60,66,0.0,0.267,0.16,60,90,11,0.0,0.16,8.5,harvard university,1.0,1,1.0,2.31,0.802,"harvard university 83%, stanford university 13%","harvard university 57%, <long> 27%",0.6386,0.139,1.027
r8s_0118_breakfast_cereal,"Suggest a type of breakfast cereal. Reply with only the name, nothing else.",0.6333,<long> -> bench,0.5778,corn flakes -> real,0.5258,cocoa puffs -> real,60,66,0.0,0.267,0.16,60,90,19,0.0,0.14,8.6,corn flakes,0.6,5,3.18,5.73,0.524,"corn flakes 53%, cornflakes 15%","corn flakes 38%, <long> 27%",0.6064,0.136,1.014
r8s_0735_shrub,"Suggest a type of shrub. Reply with only the name, nothing else.",0.6333,<long> -> bench,0.6194,boxwood -> real,0.575,boxwood -> real,60,66,0.0,0.267,0.16,60,90,15,0.0,0.16,8.2,boxwood,0.3,6,5.15,5.89,0.405,"boxwood 48%, hydrangea 22%","<long> 27%, boxwood 24%",0.6222,0.205,0.937
r8s_0819_bioluminescent_animal,"Suggest a type of bioluminescent animal. Reply with only the name, nothing else.",0.6333,anglerfish -> real,0.6333,anglerfish -> real,0.6046,firefly -> bench,59,66,0.017,0.267,0.167,60,90,15,0.0,0.16,8.5,anglerfish,0.65,6,3.2,3.23,0.608,"anglerfish 67%, firefly 17%","anglerfish 40%, firefly 28%",0.6628,0.119,0.907
r8_0233_toothpaste,"Name a toothpaste. Reply with only the name, nothing else.",0.6333,<long> -> bench,0.5861,colgate -> real,0.5083,crest -> real,60,66,0.0,0.267,0.16,60,90,4,0.0,0.153,7.6,colgate,0.6,2,1.96,1.98,0.651,"colgate 65%, crest 35%","colgate 48%, <long> 27%",0.6272,0.025,1.057
r8_0219_bear_species,"Name a bear species. Reply with only the name, nothing else.",0.6333,<long> -> bench,0.5806,polar bear -> real,0.5379,grizzly -> bench,60,66,0.0,0.267,0.16,60,90,7,0.0,0.153,8.4,polar bear,0.6,4,2.81,3.0,0.5,"polar bear 52%, grizzly bear 38%","polar bear 36%, grizzly bear 29%",0.6119,0.125,0.939
r8s_0279_wetland,"Suggest a type of wetland. Reply with only the name, nothing else.",0.6333,<long> -> bench,0.5972,marsh -> real,0.5144,marsh -> real,60,66,0.0,0.267,0.16,60,90,7,0.0,0.16,7.2,marsh,0.7,4,2.56,2.66,0.635,"marsh 65%, swamp 27%","marsh 46%, <long> 27%",0.6078,0.196,0.895
r8s_0247_olympic_event,"Suggest a type of olympic event. Reply with only the name, nothing else.",0.6333,<long> -> bench,0.5528,gymnastics -> real,0.5295,archery -> real,60,66,0.0,0.267,0.16,60,90,32,0.0,0.16,8.6,archery,0.25,10,8.16,12.18,0.262,"gymnastics 28%, swimming 20%","<long> 27%, swimming 19%",0.5919,0.249,0.782
r8_0907_insect_wing,"Name a type of insect wing. Reply with only the name, nothing else.",0.6333,<long> -> bench,0.5417,elytron -> real,0.5365,elytron -> real,58,63,0.033,0.3,0.193,60,90,42,0.0,0.193,9.5,elytron,0.2,8,7.38,23.28,0.165,"hemelytra 15%, membrane 13%","<long> 30%, membrane 13%",0.6178,0.288,0.977
r8_0525_potato,"Name a potato. Reply with only the name, nothing else.",0.6333,<long> -> bench,0.5583,russet -> real,0.5568,russet -> bench,60,66,0.0,0.267,0.16,60,90,16,0.0,0.153,8.4,russet,0.65,5,2.99,2.53,0.81,"russet 75%, idaho 7%","russet 63%, <long> 27%",0.6094,0.142,1.045
r8_1358_plant_growth_habit,"Name a plant growth habit. Reply with only the name, nothing else.",0.6333,<long> -> bench,0.5694,climbing -> real,0.575,herbaceous -> bench,60,66,0.0,0.267,0.16,60,90,22,0.0,0.147,7.8,vine,0.2,11,9.49,10.31,0.23,"vine 25%, climbing 22%","<long> 27%, vine 16%",0.6192,0.316,0.978
r8_1361_video_game,"Name a video game. Reply with only the name, nothing else.",0.6333,<long> -> bench,0.6167,breath of the wild -> real,0.6106,breath of the wild -> real,60,66,0.0,0.267,0.16,60,90,14,0.0,0.16,8.7,breath of the wild,0.75,5,2.45,3.37,0.675,"minecraft 60%, breath of the wild 27%","minecraft 54%, <long> 27%",0.6103,0.161,1.017
r8_1175_country_singer,"Name a country singer. Reply with only the name, nothing else.",0.6333,<long> -> bench,0.5389,george strait -> real,0.5402,taylor swift -> bench,60,66,0.0,0.267,0.16,60,90,18,0.0,0.16,8.5,garth brooks,0.35,5,4.22,7.66,0.317,"dolly parton 30%, george strait 20%","<long> 27%, dolly parton 24%",0.6069,0.33,0.933
r8_1042_vegetable_that_is_red,"Name a vegetable that is red. Reply with only the name, nothing else.",0.6333,<long> -> bench,0.5917,radish -> real,0.5606,tomato -> bench,60,66,0.0,0.267,0.16,60,90,9,0.0,0.16,7.7,radish,0.55,5,3.34,3.99,0.405,"radish 45%, tomato 33%","tomato 33%, <long> 27%",0.6158,0.228,0.993
r8_0010_currency,"Name a currency. Reply with only the name, nothing else.",0.6333,<long> -> bench,0.6,euro -> real,0.5697,euro -> real,60,66,0.0,0.267,0.16,60,90,17,0.0,0.16,6.9,euro,0.5,4,3.21,5.3,0.421,"dollar 40%, euro 37%","dollar 32%, <long> 27%",0.6189,0.189,0.702
r8_1111_retail_store,"Name a retail store. Reply with only the name, nothing else.",0.6333,<long> -> bench,0.5694,walmart -> real,0.5295,walmart -> bench,60,66,0.0,0.267,0.16,60,90,7,0.0,0.16,7.4,walmart,0.55,2,1.99,2.15,0.714,"walmart 68%, target 27%","walmart 54%, <long> 27%",0.6142,0.091,0.691
r8_1451_sports_venue,"Name a sports venue. Reply with only the name, nothing else.",0.6333,<long> -> bench,0.5917,wrigley field -> real,0.5992,wembley stadium -> bench,60,66,0.0,0.267,0.16,60,90,8,0.0,0.16,9.3,wembley stadium,0.65,3,2.21,3.15,0.587,"wembley stadium 48%, wrigley field 32%","wembley stadium 50%, <long> 27%",0.6017,0.159,0.971
r8_0363_sunglass,"Name a type of sunglass. Reply with only the name, nothing else.",0.6333,<long> -> bench,0.625,aviator -> real,0.5364,ray-ban -> bench,60,66,0.0,0.267,0.16,60,90,9,0.0,0.16,7.9,aviator,0.95,2,1.22,2.87,0.714,"aviator 75%, aviators 13%","aviator 50%, <long> 27%",0.6453,0.072,0.961
r8_1049_literary_device,"Name a literary device. Reply with only the name, nothing else.",0.6333,<long> -> bench,0.6222,metaphor -> real,0.5152,simile -> bench,60,66,0.0,0.267,0.16,60,90,8,0.0,0.16,8.5,metaphor,1.0,1,1.0,1.41,0.937,"metaphor 93%, no literary device found 2%","metaphor 69%, <long> 27%",0.6311,0.088,0.986
r8s_0853_beverage_hot,"Suggest a type of beverage hot. Reply with only the name, nothing else.",0.6333,<long> -> bench,0.55,hot chocolate -> real,0.5659,tea -> bench,60,66,0.0,0.267,0.16,60,90,16,0.0,0.147,7.5,coffee,0.4,7,5.22,5.23,0.421,"coffee 37%, hot chocolate 30%","coffee 34%, <long> 27%",0.6058,0.103,1.019
r8_0362_mineral,"Name a mineral. Reply with only the name, nothing else.",0.6333,quartz -> real,0.6333,quartz -> real,0.5286,quartz -> real,60,70,0.0,0.222,0.133,60,90,5,0.0,0.133,6.9,quartz,1.0,1,1.0,1.18,0.969,quartz 100%,"quartz 73%, <long> 22%",0.6317,0.081,1.084
r8s_0059_rock_type,"Suggest a rock type. Reply with only the name, nothing else.",0.6333,<long> -> bench,0.6167,granite -> real,0.5152,gabbro -> bench,60,66,0.0,0.267,0.16,60,90,10,0.0,0.153,7.7,granite,1.0,1,1.0,1.64,0.905,"granite 90%, basalt 3%","granite 67%, <long> 27%",0.6464,0.11,0.95
r8_1935_shakespearean_play,"Name a shakespearean play. Reply with only the name, nothing else.",0.6333,<long> -> bench,0.5722,hamlet -> real,0.5288,hamlet -> bench,60,66,0.0,0.267,0.16,60,90,4,0.0,0.16,8.3,hamlet,0.5,2,2.0,1.94,0.73,"hamlet 70%, romeo and juliet 27%","hamlet 56%, <long> 27%",0.5906,0.292,1.007
r8s_0052_soft_drink,"Suggest a type of soft drink. Reply with only the name, nothing else.",0.6333,<long> -> bench,0.5417,coca-cola -> real,0.6038,cola -> bench,60,66,0.0,0.267,0.16,60,90,21,0.0,0.147,7.4,cola,0.6,4,2.81,6.95,0.492,"cola 38%, coca-cola 15%","cola 43%, <long> 27%",0.6014,0.128,0.845
r8_0754_nut_edible,"Name a nut edible. Reply with only the name, nothing else.",0.6333,<long> -> bench,0.6306,almond -> real,0.5758,peanut -> bench,60,66,0.0,0.267,0.16,60,90,9,0.0,0.16,7.9,almond,0.75,4,2.23,2.62,0.667,"almond 72%, peanut 17%","almond 46%, <long> 27%",0.6433,0.104,0.922
r8s_0967_hygiene_product,"Suggest a type of hygiene product. Reply with only the name, nothing else.",0.6333,<long> -> bench,0.5556,toothbrush -> real,0.5629,hand sanitizer -> bench,60,66,0.0,0.267,0.16,60,90,13,0.0,0.153,8.0,toothbrush,0.4,9,6.16,7.24,0.31,"toothpaste 30%, toothbrush 20%","<long> 27%, toothpaste 23%",0.6067,0.132,0.83
r8s_1047_ball_sport,"Suggest a type of ball sport. Reply with only the name, nothing else.",0.6333,<long> -> bench,0.6083,soccer -> real,0.553,tennis -> bench,60,66,0.0,0.267,0.16,60,90,8,0.0,0.153,7.6,soccer,0.6,4,2.63,2.78,0.619,"soccer 65%, basketball 27%","soccer 43%, <long> 27%",0.6414,0.115,1.028
r8s_0879_cereal,"Suggest a type of cereal. Reply with only the name, nothing else.",0.6333,<long> -> bench,0.6167,corn flakes -> real,0.5682,corn flakes -> real,60,66,0.0,0.267,0.16,60,90,24,0.0,0.16,8.9,corn flakes,0.55,8,4.66,8.7,0.429,"corn flakes 50%, cornflakes 8%","<long> 27%, corn flakes 27%",0.6208,0.21,1.137
r8_1472_nature_sound,"Name a nature sound. Reply with only the name, nothing else.",0.6333,<long> -> bench,0.6056,rain -> real,0.5409,rain -> real,60,66,0.0,0.267,0.16,60,90,25,0.0,0.16,7.3,rain,0.5,7,4.67,6.7,0.524,"rain 57%, ocean waves 15%","rain 36%, <long> 27%",0.6639,0.346,1.065
r8_1445_mountain_formation,"Name a mountain formation. Reply with only the name, nothing else.",0.6333,<long> -> bench,0.6306,matterhorn -> real,0.6023,matterhorn -> real,60,66,0.0,0.267,0.16,60,90,28,0.0,0.16,8.4,himalayas,0.3,9,6.63,8.65,0.31,"matterhorn 42%, himalayas 22%","himalayas 28%, <long> 27%",0.6167,0.16,0.996
r8_1224_marionette,"Name a marionette. Reply with only the name, nothing else.",0.6333,<long> -> bench,0.5639,pinocchio -> real,0.5371,pinocchio -> bench,60,66,0.0,0.267,0.16,60,90,24,0.0,0.16,7.8,pinocchio,0.9,3,1.48,3.68,0.722,"pinocchio 68%, puppet 10%","pinocchio 56%, <long> 27%",0.6247,0.121,0.843
r8s_1512_spice_seed,"Suggest a type of spice seed. Reply with only the name, nothing else.",0.6333,<long> -> bench,0.5778,cumin -> real,0.5238,chili -> bench,58,63,0.033,0.3,0.193,60,90,20,0.0,0.193,8.8,cumin,0.85,4,1.8,3.93,0.711,"cumin 67%, fennel seed 3%","cumin 51%, <long> 30%",0.6044,0.209,0.628
r8_1203_cocktail,"Name a cocktail. Reply with only the name, nothing else.",0.6333,<long> -> bench,0.5889,margarita -> real,0.5424,margarita -> real,60,66,0.0,0.267,0.16,60,90,16,0.0,0.153,8.4,margarita,0.65,3,2.36,4.98,0.389,"margarita 43%, mojito 33%","<long> 27%, margarita 26%",0.62,0.25,1.038
r8_1814_airplane,"Name an airplane. Reply with only the name, nothing else.",0.6333,<long> -> bench,0.5694,boeing 747 -> real,0.5477,boeing 747 -> bench,60,66,0.0,0.267,0.16,60,90,8,0.0,0.153,11.1,boeing 747,0.9,3,1.48,2.02,0.833,"boeing 747 78%, boeing 737 12%","boeing 747 64%, <long> 27%",0.6492,0.098,1.034
r8_1839_ghoul,"Name a ghoul. Reply with only the name, nothing else.",0.6333,<long> -> bench,0.525,casper -> real,0.5333,grendel -> bench,56,60,0.067,0.333,0.227,60,90,92,0.0,0.2,10.1,bolero,0.05,20,20.0,70.72,0.121,"ghoul 8%, <long> 7%","<long> 33%, ghoul 10%",0.6264,0.56,0.985
r8_1892_superhero_from_dc_comi,"Name a superhero from dc comic. Reply with only the name, nothing else.",0.6333,<long> -> bench,0.5667,superman -> real,0.5485,superman -> bench,60,66,0.0,0.267,0.16,60,90,5,0.0,0.16,7.5,superman,0.85,3,1.68,1.75,0.817,"superman 77%, batman 20%","superman 63%, <long> 27%",0.6028,0.172,0.962
r8_1855_food_group,"Name a food group. Reply with only the name, nothing else.",0.6333,<long> -> bench,0.5944,vegetables -> real,0.5523,grains -> bench,60,66,0.0,0.267,0.16,60,90,7,0.0,0.16,8.1,vegetables,0.45,4,3.29,3.21,0.54,"vegetables 57%, fruits 20%","vegetables 38%, <long> 27%",0.6125,0.241,1.026
r8_1813_loom,"Name a loom. Reply with only the name, nothing else.",0.6333,<long> -> bench,0.5528,jacquard loom -> bench,0.597,jacquard loom -> bench,56,60,0.067,0.333,0.227,60,90,75,0.0,0.22,10.6,jacquard loom,0.35,9,6.51,46.0,0.19,"jacquard 8%, jacquard loom 8%","<long> 33%, jacquard loom 19%",0.6219,0.464,0.582
r8_1818_unit_of_pressure,"Name an unit of pressure. Reply with only the name, nothing else.",0.6333,pascal -> real,0.6333,pascal -> real,0.5075,pascales -> bench,60,67,0.0,0.256,0.153,60,90,3,0.0,0.153,7.6,pascal,1.0,1,1.0,1.05,0.992,pascal 100%,"pascal 73%, <long> 26%",0.6103,0.072,0.999
r8_1981_scream,"Name a scream. Reply with only the name, nothing else.",0.6333,<long> -> bench,0.55,scream -> real,0.525,siren -> bench,56,60,0.067,0.333,0.227,60,90,61,0.0,0.193,9.6,scream,0.6,9,4.5,21.98,0.397,"scream 37%, <long> 7%","<long> 33%, scream 27%",0.615,0.41,0.898
r8_1856_beer_brand,"Name a beer brand. Reply with only the name, nothing else.",0.6333,<long> -> bench,0.5639,guinness -> real,0.5477,guinness -> real,60,66,0.0,0.267,0.16,60,90,7,0.0,0.147,8.3,budweiser,0.5,4,3.21,3.69,0.46,"budweiser 43%, heineken 28%","budweiser 36%, <long> 27%",0.5969,0.106,0.92
r8_0655_textile,"Name a textile. Reply with only the name, nothing else.",0.6333,<long> -> bench,0.5611,silk -> real,0.5591,cotton -> bench,60,66,0.0,0.267,0.16,60,90,9,0.0,0.16,7.7,cotton,0.75,2,1.75,2.39,0.762,"cotton 70%, silk 17%","cotton 60%, <long> 27%",0.6075,0.224,0.904
r8s_0359_amino_acid,"Suggest a type of amino acid. Reply with only the name, nothing else.",0.6333,<long> -> bench,0.5694,lysine -> real,0.5992,alanine -> bench,60,66,0.0,0.267,0.16,60,90,15,0.0,0.153,8.5,glycine,0.55,5,3.44,5.72,0.429,"glycine 43%, alanine 15%","glycine 31%, <long> 27%",0.615,0.228,0.945
r8s_0411_fabric_weave,"Suggest a type of fabric weave. Reply with only the name, nothing else.",0.6333,<long> -> bench,0.5833,twill -> real,0.5318,twill -> bench,60,66,0.0,0.267,0.16,60,90,11,0.0,0.16,7.7,twill,0.85,3,1.68,2.14,0.833,"twill 80%, damask 7%","twill 63%, <long> 27%",0.6261,0.155,1.085
r8s_0414_alphabet,"Suggest a type of alphabet. Reply with only the name, nothing else.",0.6333,<long> -> bench,0.5722,latin -> real,0.5348,greek -> bench,60,66,0.0,0.267,0.16,60,90,23,0.0,0.16,7.4,latin alphabet,0.4,11,7.38,7.06,0.492,"latin 50%, phonetic alphabet 13%","latin 36%, <long> 27%",0.6236,0.324,0.8
r8s_0434_milkshake,"Suggest a type of milkshake. Reply with only the name, nothing else.",0.6333,<long> -> bench,0.5528,chocolate -> bench,0.5787,chocolate -> bench,58,63,0.033,0.3,0.193,60,90,45,0.0,0.167,9.4,classic vanilla milkshake,0.15,16,14.77,27.84,0.116,"strawberry banana 10%, strawberry milkshake 10%","<long> 30%, chocolate 12%",0.6189,0.271,1.058
r8_0410_action_figure,"Name an action figure. Reply with only the name, nothing else.",0.6333,<long> -> bench,0.5667,g.i. joe -> real,0.5348,batman -> real,60,66,0.0,0.267,0.16,60,90,20,0.0,0.16,8.8,g.i. joe,0.7,6,2.94,5.03,0.619,"g.i. joe 60%, batman 10%","g.i. joe 47%, <long> 27%",0.6214,0.309,0.949
r8_1575_aurora,"Name an aurora. Reply with only the name, nothing else.",0.6333,<long> -> bench,0.5778,aurora borealis -> real,0.522,aurora australis -> bench,60,66,0.0,0.267,0.16,60,90,19,0.0,0.16,10.2,aurora borealis,0.85,3,1.68,4.69,0.563,"aurora borealis 57%, aurora australis 18%","aurora borealis 41%, <long> 27%",0.62,0.151,0.962
r8s_0344_coastal_feature,"Suggest a type of coastal feature. Reply with only the name, nothing else.",0.6333,<long> -> bench,0.5556,coral reef -> real,0.5576,cliff -> bench,60,66,0.0,0.267,0.16,60,90,30,0.0,0.16,7.8,cliff,0.55,7,4.23,16.89,0.159,"coral reef 20%, sea stack 12%","<long> 27%, cliff 13%",0.6039,0.188,0.95
r8_0468_boot,"Name a boot. Reply with only the name, nothing else.",0.6333,<long> -> bench,0.5611,timberland -> real,0.5488,timberland -> real,56,60,0.067,0.333,0.227,60,90,60,0.0,0.207,9.7,ington,0.2,13,11.19,35.5,0.164,"timberland 20%, ubuntu 12%","<long> 33%, timberland 8%",0.6656,0.492,1.013
r8_0464_yogurt,"Name a yogurt. Reply with only the name, nothing else.",0.6333,<long> -> bench,0.6111,chobani -> real,0.5121,chobani -> real,60,66,0.0,0.267,0.16,60,90,12,0.0,0.16,8.4,chobani,0.9,3,1.48,2.72,0.754,"chobani 77%, yoplait 10%","chobani 54%, <long> 27%",0.6397,0.246,1.012
r8_0485_film_genre,"Name a film genre. Reply with only the name, nothing else.",0.6333,<long> -> bench,0.5861,sci-fi -> real,0.553,comedy -> bench,60,66,0.0,0.267,0.16,60,90,10,0.0,0.147,7.6,horror,0.45,5,3.77,4.31,0.413,"sci-fi 45%, horror 35%","sci-fi 28%, <long> 27%",0.6106,0.277,1.035
r8_0466_pottery,"Name a type of pottery. Reply with only the name, nothing else.",0.6333,<long> -> bench,0.5472,stoneware -> real,0.5371,stoneware -> real,60,66,0.0,0.267,0.16,60,90,24,0.0,0.153,8.0,celadon,0.25,8,6.8,11.9,0.254,"terracotta 25%, ceramic 17%","<long> 27%, terracotta 19%",0.5867,0.295,0.95
r8s_1955_spice_bark,"Suggest a type of spice bark. Reply with only the name, nothing else.",0.6333,<long> -> bench,0.5667,cassia -> real,0.5788,cinnamon -> bench,60,66,0.0,0.267,0.16,60,90,9,0.0,0.16,7.8,cinnamon,0.9,2,1.38,1.94,0.849,"cinnamon 77%, cassia 13%","cinnamon 68%, <long> 27%",0.6111,0.038,1.011
r8_0060_feeling,"Name a type of feeling. Reply with only the name, nothing else.",0.6333,<long> -> bench,0.5639,nostalgia -> real,0.5773,happiness -> bench,60,66,0.0,0.267,0.16,60,90,16,0.0,0.16,7.3,joy,0.85,4,1.8,4.19,0.571,"joy 55%, nostalgia 15%","joy 43%, <long> 27%",0.6131,0.143,1.059
r8_0058_seafood,"Name a seafood. Reply with only the name, nothing else.",0.6333,<long> -> bench,0.6167,salmon -> real,0.5932,shrimp -> bench,60,66,0.0,0.267,0.16,60,90,9,0.0,0.16,7.8,salmon,0.4,4,3.34,2.91,0.627,"salmon 67%, lobster 17%","salmon 43%, <long> 27%",0.6319,0.216,0.816
r8s_1832_prehistoric_creature,"Suggest a type of prehistoric creature. Reply with only the name, nothing else.",0.6333,<long> -> bench,0.6139,triceratops -> real,0.5288,t-rex -> bench,60,66,0.0,0.267,0.16,60,90,12,0.0,0.16,9.3,triceratops,0.5,4,3.45,3.01,0.73,"triceratops 75%, stegosaurus 8%","triceratops 52%, <long> 27%",0.5942,0.115,0.812
r8_0070_building_material,"Name a building material. Reply with only the name, nothing else.",0.6333,<long> -> bench,0.575,brick -> real,0.5205,brick -> real,60,66,0.0,0.267,0.16,60,90,12,0.0,0.16,7.2,brick,0.5,4,3.35,3.89,0.429,"brick 45%, concrete 42%","brick 30%, concrete 28%",0.6281,0.214,1.029
r8_1232_painting_technique,"Name a painting technique. Reply with only the name, nothing else.",0.6333,<long> -> bench,0.6,impasto -> real,0.5432,sfumato -> real,60,66,0.0,0.267,0.16,60,90,13,0.0,0.16,8.2,impasto,0.8,3,1.85,4.54,0.492,"impasto 53%, sfumato 28%","impasto 33%, <long> 27%",0.6214,0.158,0.976
r8_1234_werewolf,"Name a werewolf. Reply with only the name, nothing else.",0.6306,<long> -> bench,0.525,luna -> real,0.5193,luna -> real,59,65,0.017,0.278,0.173,60,90,62,0.0,0.167,8.8,lycan,0.25,12,9.87,40.79,0.081,"silverfang 8%, luna 8%","<long> 28%, silver fang 6%",0.6272,0.423,0.939
r8s_1739_racket,"Suggest a type of racket. Reply with only the name, nothing else.",0.6306,<long> -> bench,0.5389,badminton racket -> real,0.5337,tennis racket -> bench,55,59,0.083,0.344,0.24,60,90,46,0.0,0.213,10.3,badminton racket,0.5,4,2.75,18.24,0.289,"tennis racket 23%, badminton racket 13%","<long> 34%, tennis racket 21%",0.6147,0.245,0.73
r8s_1570_penguin,"Suggest a type of penguin. Reply with only the name, nothing else.",0.6306,<long> -> bench,0.6139,emperor penguin -> real,0.5198,emperor penguin -> real,59,65,0.017,0.278,0.173,60,90,8,0.0,0.173,9.0,emperor penguin,0.9,2,1.38,2.21,0.742,"emperor penguin 75%, emperor 18%","emperor penguin 52%, <long> 28%",0.6375,0.068,0.963
r8s_1719_us_state,"Suggest a type of us state. Reply with only the name, nothing else.",0.6306,<long> -> bench,0.5528,texas -> real,0.5385,florida -> bench,59,65,0.017,0.278,0.173,60,90,40,0.0,0.173,7.6,sunshine state,0.15,15,13.78,14.3,0.266,"texas 28%, california 27%","<long> 28%, california 19%",0.6256,0.387,0.695
r8_0095_soil_type,"Name a soil type. Reply with only the name, nothing else.",0.6306,clay -> real,0.6306,clay -> real,0.5518,clay -> real,60,71,0.0,0.211,0.127,60,90,9,0.0,0.127,6.9,clay,0.9,2,1.38,2.05,0.794,"clay 85%, loam 12%","clay 59%, <long> 21%",0.6272,0.225,0.973
r8_0559_wildflower,"Name a wildflower. Reply with only the name, nothing else.",0.6306,<long> -> bench,0.5583,poppy -> real,0.5432,bluebell -> real,59,65,0.017,0.278,0.173,60,90,19,0.0,0.167,8.3,black-eyed susan,0.3,8,6.26,7.88,0.258,"poppy 28%, black-eyed susan 22%","<long> 28%, poppy 17%",0.6153,0.198,0.8
r8_0124_nebula,"Name a nebula. Reply with only the name, nothing else.",0.6306,<long> -> bench,0.5722,orion nebula -> real,0.5532,eagle nebula -> real,59,65,0.017,0.278,0.173,60,90,13,0.0,0.173,9.6,orion nebula,0.9,2,1.38,2.89,0.742,"orion nebula 70%, eagle nebula 15%","orion nebula 56%, <long> 28%",0.6194,0.171,0.953
r8_0995_fishing_technique,"Name a fishing technique. Reply with only the name, nothing else.",0.6306,<long> -> bench,0.5861,fly fishing -> real,0.5488,fly fishing -> real,59,65,0.017,0.278,0.173,60,90,17,0.0,0.167,7.9,fly fishing,0.55,3,2.33,3.57,0.54,"trolling 52%, fly fishing 38%","trolling 40%, <long> 28%",0.6203,0.119,0.986
r8_0467_bathroom_item,"Name a bathroom item. Reply with only the name, nothing else.",0.6306,<long> -> bench,0.5611,toothbrush -> real,0.5417,toothbrush -> real,59,65,0.017,0.278,0.173,60,90,12,0.0,0.167,8.4,toilet paper,0.45,4,3.52,4.49,0.468,"toilet 45%, toothbrush 23%","toilet 34%, <long> 28%",0.6117,0.124,1.001
r8_1149_echino,"Name an echino. Reply with only the name, nothing else.",0.6306,<long> -> bench,0.5472,strongylocentrotus purpuratus -> real,0.572,sea urchin -> bench,55,59,0.083,0.344,0.24,60,90,53,0.0,0.22,11.8,sea urchin,0.35,8,5.52,29.57,0.202,"sea urchin 12%, strongylocentrotus purpuratus 12%","<long> 34%, sea urchin 18%",0.6219,0.273,1.054
r8_1524_japanese_novelist,"Name a japanese novelist. Reply with only the name, nothing else.",0.6306,haruki murakami -> real,0.6306,haruki murakami -> real,0.5257,haruki murakami -> real,60,69,0.0,0.233,0.14,60,90,10,0.0,0.133,9.6,haruki murakami,0.7,5,2.67,1.53,0.922,"haruki murakami 95%, 村上春樹 2%","haruki murakami 69%, <long> 23%",0.6011,0.131,1.022
r8_1418_cake_frosting,"Name a type of cake frosting. Reply with only the name, nothing else.",0.6306,buttercream -> real,0.6306,buttercream -> real,0.5083,chocolate -> real,60,67,0.0,0.256,0.153,60,90,5,0.0,0.153,8.3,buttercream,1.0,1,1.0,1.15,0.976,"buttercream 98%, chocolate 2%","buttercream 72%, <long> 26%",0.6328,0.074,1.107
r8_1573_seashore_find,"Name a seashore find. Reply with only the name, nothing else.",0.6306,<long> -> bench,0.6111,sea glass -> real,0.6068,seashell -> bench,59,65,0.017,0.278,0.173,60,90,23,0.0,0.173,8.5,seashell,0.45,4,2.77,7.58,0.323,"sea glass 40%, seashell 18%","seashell 29%, <long> 28%",0.6333,0.23,0.774
r8_0893_bag,"Name a bag. Reply with only the name, nothing else.",0.6306,<long> -> bench,0.5583,tote -> real,0.5406,tote bag -> bench,57,62,0.05,0.311,0.207,60,90,37,0.0,0.187,9.2,tote bag,0.55,5,3.34,11.36,0.311,"tote 32%, tote bag 18%","<long> 31%, tote 20%",0.6628,0.331,0.923
r8_0942_waterway,"Name a waterway. Reply with only the name, nothing else.",0.6306,<long> -> bench,0.5917,mississippi river -> real,0.6168,panama canal -> bench,59,65,0.017,0.278,0.173,60,90,19,0.0,0.167,8.6,panama canal,0.7,3,2.11,7.52,0.29,"mississippi river 35%, amazon river 22%","<long> 28%, panama canal 27%",0.6319,0.29,1.135
r8s_0300_travel_document,"Suggest a type of travel document. Reply with only the name, nothing else.",0.6306,<long> -> bench,0.6278,passport -> real,0.5231,visa -> bench,59,65,0.017,0.278,0.173,60,90,6,0.0,0.167,7.9,passport,0.95,2,1.22,1.34,0.944,"passport 93%, itinerary 3%","passport 68%, <long> 28%",0.6503,0.072,0.947
r8_0575_amusement_park,"Name an amusement park. Reply with only the name, nothing else.",0.6306,disneyland -> real,0.6306,disneyland -> real,0.5369,disneyland -> real,60,70,0.0,0.222,0.133,60,90,11,0.0,0.133,7.0,disneyland,0.95,2,1.22,1.82,0.877,"disneyland 92%, disney world 3%","disneyland 66%, <long> 22%",0.6564,0.091,0.967
r8_0172_spacecraft,"Name a spacecraft. Reply with only the name, nothing else.",0.6306,<long> -> bench,0.6222,apollo 11 -> real,0.6228,voyager 1 -> bench,59,65,0.017,0.278,0.173,60,90,16,0.0,0.173,9.6,voyager 1,0.7,3,2.11,4.99,0.468,"apollo 11 37%, voyager 1 33%","voyager 1 42%, <long> 28%",0.6125,0.187,0.857
r8s_1428_transportation_mode,"Suggest a type of transportation mode. Reply with only the name, nothing else.",0.6306,<long> -> bench,0.5472,train -> real,0.5943,bicycle -> bench,59,65,0.017,0.278,0.173,60,90,17,0.0,0.167,7.9,bicycle,0.6,7,3.92,5.28,0.556,"bicycle 45%, train 15%","bicycle 47%, <long> 28%",0.62,0.274,0.851
r8s_0665_biological_process,"Suggest a type of biological process. Reply with only the name, nothing else.",0.6306,photosynthesis -> real,0.6306,photosynthesis -> real,0.5257,photosynthesis -> real,60,69,0.0,0.233,0.14,60,90,10,0.0,0.14,7.1,photosynthesis,0.95,2,1.22,1.53,0.922,"photosynthesis 95%, photorespiration 2%","photosynthesis 69%, <long> 23%",0.6425,0.107,1.013
r8_0822_troll,"Name a troll. Reply with only the name, nothing else.",0.6306,<long> -> bench,0.5278,troll -> real,0.5253,trollface -> bench,51,53,0.15,0.411,0.307,60,90,70,0.0,0.267,12.4,sven,0.1,18,17.41,39.48,0.183,"<long> 15%, trollface 13%","<long> 41%, trollface 12%",0.6247,0.546,0.78
r8_0301_butter,"Name a butter. Reply with only the name, nothing else.",0.6306,<long> -> bench,0.5583,unsalted -> real,0.5593,unsalted -> real,59,65,0.017,0.278,0.173,60,90,72,0.0,0.153,8.6,land olakes,0.25,11,8.98,46.35,0.089,"unsalted 12%, lurpak 10%","<long> 28%, butter 7%",0.6292,0.367,0.999
r8_0327_whale,"Name a whale. Reply with only the name, nothing else.",0.6306,<long> -> bench,0.5722,blue whale -> real,0.5169,bubba -> real,59,65,0.017,0.278,0.173,60,90,34,0.0,0.16,8.6,blue whale,0.9,3,1.48,7.59,0.581,"blue whale 57%, baleen 5%","blue whale 42%, <long> 28%",0.6181,0.138,0.783
r8_1879_oasis,"Name a type of oasis. Reply with only the name, nothing else.",0.6306,<long> -> bench,0.525,true oasis -> real,0.5292,fossil oasis -> bench,59,65,0.017,0.278,0.173,60,90,67,0.0,0.153,8.4,fossil oasis,0.25,12,10.14,43.41,0.129,"palm oasis 10%, desert oasis 5%","<long> 28%, palm oasis 11%",0.5997,0.401,0.658
r8_0263_musical_term,"Name a musical term. Reply with only the name, nothing else.",0.6306,<long> -> bench,0.5917,staccato -> real,0.5748,staccato -> real,59,65,0.017,0.278,0.173,60,90,15,0.0,0.173,8.7,allegro,0.35,5,4.35,6.54,0.347,"allegro 33%, staccato 28%","<long> 28%, allegro 26%",0.6,0.371,0.983
r8_1888_dancer,"Name a dancer. Reply with only the name, nothing else.",0.6306,<long> -> bench,0.5389,misty copeland -> real,0.5262,michael jackson -> real,59,65,0.017,0.278,0.173,60,90,32,0.0,0.173,9.9,mikhail baryshnikov,0.35,7,5.76,10.54,0.387,"misty copeland 37%, mikhail baryshnikov 15%","misty copeland 29%, <long> 28%",0.6461,0.339,1.027
r8_0264_seaweed,"Name a seaweed. Reply with only the name, nothing else.",0.6306,kelp -> real,0.6306,kelp -> real,0.5486,kelp -> real,60,72,0.0,0.2,0.12,60,90,12,0.0,0.113,6.5,kelp,1.0,1,1.0,1.97,0.864,"kelp 92%, nori 3%","kelp 66%, <long> 20%",0.6108,0.096,0.897
r8_1968_manuscript,"Name a manuscript. Reply with only the name, nothing else.",0.6306,<long> -> bench,0.525,divine comedy -> real,0.5273,divine comedy -> real,55,59,0.083,0.344,0.24,60,90,61,0.0,0.213,10.8,codex sinaiticus,0.35,8,6.17,39.16,0.105,"<long> 8%, da vinci code 8%","<long> 34%, dead sea scrolls 8%",0.6472,0.2,1.067
r8_0923_kelpie,"Name a kelpie. Reply with only the name, nothing else.",0.6306,<long> -> bench,0.5278,bunyip -> bench,0.5385,bunyip -> bench,59,65,0.017,0.278,0.173,60,90,100,0.0,0.173,8.4,harry,0.1,18,17.41,83.3,0.056,"river 5%, bluey 5%","<long> 28%, bunyip 6%",0.6017,0.522,0.74
r8_0595_burger_topping,"Name a type of burger topping. Reply with only the name, nothing else.",0.6306,<long> -> bench,0.5722,lettuce -> real,0.5601,bacon -> real,59,65,0.017,0.278,0.173,60,90,9,0.0,0.167,8.7,lettuce,0.95,2,1.22,2.42,0.782,"lettuce 73%, bacon 13%","lettuce 59%, <long> 28%",0.6125,0.138,1.117
r8_1988_geological_process,"Name a type of geological process. Reply with only the name, nothing else.",0.6306,erosion -> real,0.6306,erosion -> real,0.5352,erosion -> real,60,67,0.0,0.256,0.153,60,90,8,0.0,0.153,8.3,erosion,0.9,2,1.38,2.18,0.78,"erosion 82%, volcanism 12%","erosion 56%, <long> 26%",0.6256,0.206,1.114
r8_1174_colour_shade,"Name a colour shade. Reply with only the name, nothing else.",0.6306,<long> -> bench,0.5611,teal -> bench,0.6091,teal -> bench,59,65,0.017,0.278,0.173,60,90,39,0.0,0.167,8.2,crimson,0.25,10,8.02,19.35,0.25,"teal 13%, midnight blue 10%","<long> 28%, teal 26%",0.5789,0.372,1.082
r8_0472_extreme_sport,"Name an extreme sport. Reply with only the name, nothing else.",0.6278,<long> -> bench,0.6222,base jumping -> real,0.6735,skydiving -> bench,60,67,0.0,0.256,0.153,60,90,13,0.0,0.153,8.2,base jumping,0.45,5,3.51,4.34,0.433,"base jumping 43%, skydiving 25%","skydiving 44%, <long> 26%",0.6244,0.24,1.25
r8_0490_hormone,"Name a hormone. Reply with only the name, nothing else.",0.6278,<long> -> bench,0.6056,insulin -> real,0.5267,cortisol -> real,60,67,0.0,0.256,0.153,60,90,12,0.0,0.147,7.5,insulin,1.0,1,1.0,2.16,0.835,"insulin 83%, cortisol 8%","insulin 62%, <long> 26%",0.6258,0.105,1.061
r8_1007_sound_heard_at_night,"Name a sound heard at night. Reply with only the name, nothing else.",0.6278,<long> -> bench,0.5333,cricket -> real,0.5784,owl hoot -> bench,60,67,0.0,0.256,0.153,60,90,14,0.0,0.153,8.7,owl hoot,0.5,6,4.06,4.31,0.583,"owl hoot 50%, owl 18%","owl hoot 49%, <long> 26%",0.6139,0.121,0.974
r8s_1218_building_toy,"Suggest a type of building toy. Reply with only the name, nothing else.",0.6278,<long> -> bench,0.6028,lego -> real,0.5149,leg -> bench,60,67,0.0,0.256,0.153,60,90,14,0.0,0.153,7.6,lego,0.9,3,1.48,2.08,0.858,"lego 85%, legos 5%","lego 64%, <long> 26%",0.6244,0.095,0.947
r8s_0139_insect,"Suggest a type of insect. Reply with only the name, nothing else.",0.6278,<long> -> bench,0.5917,dragonfly -> real,0.5917,dragonfly -> real,60,67,0.0,0.256,0.153,60,90,16,0.0,0.153,8.0,monarch butterfly,0.35,8,5.81,4.51,0.598,"butterfly 52%, dragonfly 18%","butterfly 50%, <long> 26%",0.6231,0.286,1.021
r8s_1416_mailing_item,"Suggest a type of mailing item. Reply with only the name, nothing else.",0.6278,<long> -> bench,0.575,postcard -> real,0.6118,letter -> bench,56,61,0.067,0.322,0.22,60,90,33,0.0,0.207,9.1,postcard,0.8,4,2.03,9.69,0.419,"postcard 42%, letter 7%","<long> 32%, postcard 27%",0.6108,0.264,0.822
r8s_0217_headwear,"Suggest a type of headwear. Reply with only the name, nothing else.",0.6278,beanie -> real,0.6278,beanie -> real,0.651,hat -> bench,59,68,0.017,0.244,0.153,60,90,22,0.0,0.147,7.3,beanie,0.4,4,3.49,6.66,0.449,"beanie 53%, beret 13%","beanie 28%, hat 27%",0.6353,0.267,0.811
r8s_0246_landform,"Suggest a type of landform. Reply with only the name, nothing else.",0.6278,<long> -> bench,0.5444,canyon -> real,0.5593,mountain -> bench,60,67,0.0,0.256,0.153,60,90,23,0.0,0.153,7.2,mountain,0.3,9,6.8,9.71,0.276,"valley 27%, delta 15%","<long> 26%, valley 21%",0.6089,0.247,0.951
r8s_0148_milk,"Suggest a type of milk. Reply with only the name, nothing else.",0.6278,<long> -> bench,0.6222,oat milk -> real,0.6127,oat milk -> real,60,67,0.0,0.256,0.153,60,90,16,0.0,0.147,8.1,almond milk,0.75,4,2.23,5.71,0.457,"almond milk 38%, oat milk 30%","almond milk 39%, <long> 26%",0.6364,0.111,0.951
r8_1010_plug,"Name a plug. Reply with only the name, nothing else.",0.6278,<long> -> bench,0.5278,usb-c -> real,0.5211,usb-c -> real,54,58,0.1,0.356,0.253,60,90,95,0.0,0.227,10.1,usb,0.05,20,20.0,80.2,0.089,"usb-c 10%, <long> 10%","<long> 36%, usb-c 4%",0.6528,0.573,0.582
r8_0343_domestic_cat_breed,"Name a domestic cat breed. Reply with only the name, nothing else.",0.6278,<long> -> bench,0.6111,siamese -> real,0.5413,persian -> bench,60,67,0.0,0.256,0.153,60,90,9,0.0,0.153,8.4,siamese,0.9,3,1.48,2.88,0.63,"siamese 67%, maine coon 23%","siamese 44%, <long> 26%",0.6192,0.177,1.098
r8_1039_window_covering,"Name a type of window covering. Reply with only the name, nothing else.",0.6278,blinds -> real,0.6278,blinds -> real,0.5833,blinds -> real,60,70,0.0,0.222,0.133,60,90,6,0.0,0.127,7.3,blinds,0.6,2,1.96,2.61,0.477,"blinds 57%, curtains 38%","curtains 39%, blinds 31%",0.6483,0.059,0.867
r8_1491_jazz_style,"Name a jazz style. Reply with only the name, nothing else.",0.6278,<long> -> bench,0.6167,bebop -> real,0.5092,cool jazz -> real,60,67,0.0,0.256,0.153,60,90,7,0.0,0.14,8.1,bebop,0.95,2,1.22,1.39,0.937,"bebop 93%, cool jazz 3%","bebop 70%, <long> 26%",0.6589,0.106,1.036
r8_0999_microorganism,"Name a type of microorganism. Reply with only the name, nothing else.",0.6278,<long> -> bench,0.5639,bacteria -> real,0.5372,bacteria -> bench,60,67,0.0,0.256,0.153,60,90,9,0.0,0.147,7.7,bacteria,0.8,3,1.85,2.29,0.756,"bacteria 72%, e. coli 20%","bacteria 59%, <long> 26%",0.5928,0.073,0.914
r8s_0260_waterfowl,"Suggest a type of waterfowl. Reply with only the name, nothing else.",0.6278,mallard -> real,0.6278,mallard -> real,0.6119,duck -> bench,60,71,0.0,0.211,0.127,60,90,8,0.0,0.127,7.1,mallard,0.85,3,1.68,3.18,0.473,"mallard 57%, duck 28%","duck 40%, mallard 31%",0.6378,0.148,0.981
r8_0851_tower,"Name a tower. Reply with only the name, nothing else.",0.6278,<long> -> bench,0.6083,eiffel tower -> real,0.5175,tower of london -> real,60,67,0.0,0.256,0.153,60,90,15,0.0,0.153,9.1,eiffel tower,1.0,1,1.0,2.86,0.772,"eiffel tower 78%, tower of london 5%","eiffel tower 57%, <long> 26%",0.6372,0.105,0.854
r8_0483_art_style,"Name an art style. Reply with only the name, nothing else.",0.6278,<long> -> bench,0.5778,impressionism -> real,0.5271,impressionism -> bench,60,67,0.0,0.256,0.153,60,90,13,0.0,0.153,8.4,impressionism,0.85,3,1.68,2.4,0.795,"impressionism 77%, baroque 12%","impressionism 61%, <long> 26%",0.6117,0.206,1.044
r8s_1387_political_office,"Suggest a type of political office. Reply with only the name, nothing else.",0.6278,<long> -> bench,0.5472,president -> real,0.5277,mayor -> bench,60,67,0.0,0.256,0.153,60,90,12,0.0,0.147,6.7,senator,0.35,6,4.68,4.68,0.394,"senator 38%, president 25%","senator 30%, <long> 26%",0.6122,0.181,0.849
r8_0228_shoe_brand,"Name a shoe brand. Reply with only the name, nothing else.",0.6278,<long> -> bench,0.625,nike -> real,0.5083,clarks -> real,60,67,0.0,0.256,0.153,60,90,4,0.0,0.153,6.6,nike,1.0,1,1.0,1.1,0.984,"nike 98%, clarks 2%","nike 73%, <long> 26%",0.645,0.089,0.859
r8_0898_smoothie_ingredient,"Name a smoothie ingredient. Reply with only the name, nothing else.",0.6278,<long> -> bench,0.5611,strawberry -> real,0.5393,banana -> bench,60,67,0.0,0.256,0.153,60,90,8,0.0,0.147,7.6,banana,0.9,3,1.48,3.01,0.575,"banana 53%, strawberry 30%","banana 46%, <long> 26%",0.6128,0.122,0.84
r8_0044_salad,"Name a salad. Reply with only the name, nothing else.",0.6278,<long> -> bench,0.5972,caesar salad -> real,0.5338,caesar -> bench,60,67,0.0,0.256,0.153,60,90,10,0.0,0.153,8.3,caesar salad,0.95,2,1.22,2.35,0.787,"caesar salad 78%, cobb salad 7%","caesar salad 59%, <long> 26%",0.6108,0.107,1.029
r8_1160_nereid,"Name a nereid. Reply with only the name, nothing else.",0.6278,thetis -> real,0.6278,thetis -> real,0.5858,thetis -> real,60,67,0.0,0.256,0.153,60,90,30,0.0,0.153,8.5,thetis,0.45,3,2.91,9.79,0.409,"thetis 50%, amphitrite 15%","<long> 26%, thetis 24%",0.6356,0.102,0.982
r8_1616_chicken_part,"Name a chicken part. Reply with only the name, nothing else.",0.6278,<long> -> bench,0.6167,wing -> real,0.5224,wings -> bench,60,67,0.0,0.256,0.153,60,90,10,0.0,0.153,7.4,wing,0.9,3,1.48,1.89,0.858,"wing 87%, drumstick 7%","wing 63%, <long> 26%",0.6358,0.154,0.994
r8s_0499_architect,"Suggest a type of architect. Reply with only the name, nothing else.",0.6278,<long> -> bench,0.6083,software architect -> real,0.6093,software architect -> real,56,61,0.067,0.322,0.22,60,90,51,0.0,0.193,9.7,landscape architect,0.6,8,4.2,23.15,0.248,"software architect 25%, landscape architect 17%","<long> 32%, landscape architect 21%",0.6114,0.299,0.648
r8_1631_indian_dish,"Name an indian dish. Reply with only the name, nothing else.",0.6278,<long> -> bench,0.625,butter chicken -> real,0.521,biryani -> real,60,67,0.0,0.256,0.153,60,90,8,0.0,0.153,8.3,butter chicken,1.0,1,1.0,1.71,0.866,"butter chicken 88%, biryani 12%","butter chicken 63%, <long> 26%",0.6528,0.183,1.031
r8_1568_cloud_cover,"Name a cloud cover. Reply with only the name, nothing else.",0.6278,<long> -> bench,0.5917,cirrus -> real,0.5631,cirrus -> real,60,67,0.0,0.256,0.153,60,90,15,0.0,0.147,7.6,stratus,0.5,3,2.83,6.05,0.283,"cirrus 35%, stratus 28%","<long> 26%, cumulus 23%",0.6242,0.144,0.885
r8_0457_vocal_range,"Name a vocal range. Reply with only the name, nothing else.",0.6278,<long> -> bench,0.5806,soprano -> real,0.5342,mezzo-soprano -> real,60,67,0.0,0.256,0.153,60,90,10,0.0,0.153,8.2,soprano,0.65,6,3.2,2.82,0.732,"soprano 72%, tenor 12%","soprano 56%, <long> 26%",0.5939,0.211,1.086
r8_0109_alloy,"Name an alloy. Reply with only the name, nothing else.",0.6278,<long> -> bench,0.6,brass -> real,0.5485,brass -> real,60,67,0.0,0.256,0.153,60,90,8,0.0,0.153,7.3,brass,0.55,3,2.53,3.25,0.449,"brass 50%, steel 35%","brass 30%, steel 27%",0.6325,0.09,0.975
r8_0742_desert_succulent,"Name a desert succulent. Reply with only the name, nothing else.",0.6278,<long> -> bench,0.6111,aloe vera -> real,0.5413,aloe -> bench,60,67,0.0,0.256,0.153,60,90,8,0.0,0.153,8.6,aloe vera,0.65,7,3.52,1.95,0.827,"aloe vera 83%, aloe 7%","aloe vera 61%, <long> 26%",0.5606,0.127,0.857
r8_0948_digestive_organ,"Name a digestive organ. Reply with only the name, nothing else.",0.6278,<long> -> bench,0.6167,stomach -> real,0.5092,stomach -> bench,60,67,0.0,0.256,0.153,60,90,5,0.0,0.147,8.3,stomach,1.0,1,1.0,1.15,0.976,"stomach 97%, large intestine 2%","stomach 73%, <long> 26%",0.6189,0.087,1.013
r8_1219_hospital_department,"Name a type of hospital department. Reply with only the name, nothing else.",0.6278,<long> -> bench,0.5833,emergency room -> real,0.5914,emergency department -> bench,60,67,0.0,0.256,0.153,60,90,16,0.0,0.153,7.5,emergency department,0.85,3,1.68,6.68,0.346,"emergency room 27%, emergency department 25%","emergency department 32%, <long> 26%",0.62,0.15,1.048
r8s_1736_vegetable_green,"Suggest a type of vegetable green. Reply with only the name, nothing else.",0.6278,<long> -> bench,0.5556,kale -> real,0.5345,spinach -> bench,60,67,0.0,0.256,0.153,60,90,7,0.0,0.147,7.4,kale,0.75,2,1.75,3.3,0.52,"spinach 48%, kale 27%","spinach 41%, <long> 26%",0.6244,0.066,0.895
r8s_0592_musical_band,"Suggest a type of musical band. Reply with only the name, nothing else.",0.6278,<long> -> bench,0.575,jazz band -> bench,0.6208,jazz band -> bench,60,67,0.0,0.256,0.153,60,90,33,0.0,0.153,8.2,jazz fusion band,0.35,9,6.68,15.1,0.244,"jazz fusion 18%, jazz band 12%","jazz band 27%, <long> 26%",0.6072,0.266,0.838
r8s_0711_synthetic_fibre,"Suggest a type of synthetic fibre. Reply with only the name, nothing else.",0.6278,<long> -> bench,0.5889,nylon -> real,0.5351,nylon -> bench,60,67,0.0,0.256,0.153,60,90,7,0.0,0.153,7.5,nylon,1.0,1,1.0,1.38,0.937,"nylon 90%, polyester 7%","nylon 72%, <long> 26%",0.6269,0.1,0.927
r8_0398_ocean_creature,"Name a type of ocean creature. Reply with only the name, nothing else.",0.6278,<long> -> bench,0.575,jellyfish -> real,0.5607,dolphin -> bench,60,67,0.0,0.256,0.153,60,90,12,0.0,0.153,8.0,jellyfish,0.3,9,6.63,5.0,0.331,"jellyfish 32%, dolphin 27%","dolphin 29%, <long> 26%",0.6106,0.213,0.982
r8_1534_economic_system,"Name an economic system. Reply with only the name, nothing else.",0.6278,capitalism -> real,0.6278,capitalism -> real,0.5196,capitalism -> real,60,69,0.0,0.233,0.14,60,90,8,0.0,0.14,7.2,capitalism,0.95,2,1.22,1.36,0.946,"capitalism 97%, supply-side economics 2%","capitalism 71%, <long> 23%",0.6425,0.098,1.023
r8s_1295_theater,"Suggest a type of theater. Reply with only the name, nothing else.",0.6278,<long> -> bench,0.5528,comedy -> bench,0.6021,comedy -> bench,58,64,0.033,0.289,0.187,60,90,45,0.0,0.173,9.1,immersive theater,0.3,10,8.05,21.64,0.262,"comedy 15%, immersive theater 15%","<long> 29%, comedy 26%",0.6206,0.394,0.785
r8s_0547_bathroom_fixture,"Suggest a type of bathroom fixture. Reply with only the name, nothing else.",0.6278,<long> -> bench,0.5278,sink -> bench,0.5924,toilet -> bench,60,67,0.0,0.256,0.153,60,90,15,0.0,0.153,7.5,vanity sink,0.2,10,8.85,4.54,0.614,"toilet 52%, sink 7%","toilet 52%, <long> 26%",0.5914,0.333,0.941
r8_0413_ice_cream_topping,"Name a type of ice cream topping. Reply with only the name, nothing else.",0.6278,<long> -> bench,0.625,sprinkles -> real,0.5506,sprinkles -> real,60,67,0.0,0.256,0.153,60,90,17,0.0,0.147,8.3,sprinkles,0.3,10,7.29,4.56,0.63,"sprinkles 68%, cherry 8%","sprinkles 43%, <long> 26%",0.6533,0.319,1.121
r8s_0263_musical_term,"Suggest a type of musical term. Reply with only the name, nothing else.",0.6278,<long> -> bench,0.5667,adagio -> real,0.5514,tempo -> bench,60,67,0.0,0.256,0.153,60,90,19,0.0,0.147,7.9,allegro,0.2,9,7.91,8.57,0.268,"allegro 30%, adagio 27%","<long> 26%, allegro 18%",0.5956,0.251,0.88
r8_1755_country_in_europe,"Name a country in europe. Reply with only the name, nothing else.",0.6278,<long> -> bench,0.6139,france -> real,0.5127,germany -> real,60,67,0.0,0.256,0.153,60,90,7,0.0,0.14,6.6,france,0.95,2,1.22,1.61,0.882,"france 88%, germany 10%","france 66%, <long> 26%",0.6122,0.185,0.996
r8_1152_fungus_type,"Name a fungus type. Reply with only the name, nothing else.",0.6278,<long> -> bench,0.5528,mushroom -> real,0.5417,shiitake -> real,60,67,0.0,0.256,0.153,60,90,20,0.0,0.153,8.4,mushroom,0.75,5,2.45,4.98,0.614,"mushroom 58%, morel 8%","mushroom 48%, <long> 26%",0.5922,0.141,0.747
r8s_1039_window_covering,"Suggest a type of window covering. Reply with only the name, nothing else.",0.6278,<long> -> bench,0.5972,blinds -> real,0.5357,curtains -> bench,60,67,0.0,0.256,0.153,60,90,8,0.0,0.153,7.8,blinds,0.6,4,2.89,2.84,0.551,"blinds 58%, curtains 32%","blinds 39%, curtains 29%",0.64,0.138,0.801
r8s_0976_hair_accessory,"Suggest a type of hair accessory. Reply with only the name, nothing else.",0.6278,<long> -> bench,0.5778,scrunchie -> real,0.553,scrunchie -> real,60,67,0.0,0.256,0.153,60,90,24,0.0,0.153,8.0,scrunchie,0.4,8,6.0,9.72,0.244,"scrunchie 30%, hair clip 17%","<long> 26%, hair clip 17%",0.6042,0.126,0.839
r8s_1518_greek_letter,"Suggest a type of greek letter. Reply with only the name, nothing else.",0.6278,<long> -> bench,0.6111,alpha -> real,0.5141,beta -> bench,60,67,0.0,0.256,0.153,60,90,12,0.0,0.153,6.6,alpha,0.95,2,1.22,1.97,0.866,"alpha 87%, lambda 3%","alpha 64%, <long> 26%",0.6211,0.22,0.904
r8_1209_road_surface,"Name a road surface. Reply with only the name, nothing else.",0.6278,<long> -> bench,0.625,asphalt -> real,0.5083,tarmac -> real,60,67,0.0,0.256,0.153,60,90,4,0.0,0.147,7.6,asphalt,1.0,1,1.0,1.1,0.984,"asphalt 98%, tarmac 2%","asphalt 73%, <long> 26%",0.6428,0.071,1.013
r8_0022_disease,"Name a disease. Reply with only the name, nothing else.",0.6278,<long> -> bench,0.5861,influenza -> real,0.567,influenza -> real,60,67,0.0,0.256,0.153,60,90,12,0.0,0.153,7.9,malaria,0.4,5,3.74,5.23,0.276,"influenza 28%, malaria 27%","<long> 26%, flu 23%",0.6467,0.1,1.017
r8s_1526_body_of_land,"Suggest a type of body of land. Reply with only the name, nothing else.",0.6278,<long> -> bench,0.6056,peninsula -> real,0.5308,island -> bench,60,67,0.0,0.256,0.153,60,90,9,0.0,0.147,7.3,peninsula,0.75,2,1.75,2.54,0.638,"peninsula 67%, island 27%","peninsula 46%, <long> 26%",0.6328,0.097,0.754
r8_1117_antelope,"Name an antelope. Reply with only the name, nothing else.",0.6278,<long> -> bench,0.5861,gazelle -> real,0.5197,impala -> real,60,67,0.0,0.256,0.153,60,90,11,0.0,0.147,8.2,gazelle,0.6,3,2.28,3.1,0.646,"gazelle 65%, impala 23%","gazelle 48%, <long> 26%",0.5917,0.137,0.896
r8_1913_dystopia,"Name a dystopia. Reply with only the name, nothing else.",0.6278,<long> -> bench,0.5944,1984 -> real,0.5267,brave new world -> real,60,67,0.0,0.256,0.153,60,90,20,0.0,0.147,8.9,1984,0.7,6,2.94,3.11,0.772,"1984 77%, brave new world 8%","1984 58%, <long> 26%",0.6411,0.275,0.944
r8_0806_occupation_in_retail,"Name an occupation in retail. Reply with only the name, nothing else.",0.6278,<long> -> bench,0.6194,cashier -> real,0.5611,sales associate -> bench,60,67,0.0,0.256,0.153,60,90,7,0.0,0.153,7.5,cashier,0.5,3,2.35,2.16,0.756,"cashier 78%, sales associate 12%","cashier 54%, <long> 26%",0.6019,0.089,0.925
r8_0217_headwear,"Name a type of headwear. Reply with only the name, nothing else.",0.6278,<long> -> bench,0.6028,beanie -> real,0.6714,hat -> bench,60,67,0.0,0.256,0.153,60,90,14,0.0,0.153,6.9,hat,0.3,6,4.56,3.83,0.614,"hat 43%, beanie 25%","hat 58%, <long> 26%",0.6169,0.185,0.896
r8s_1682_legume,"Suggest a type of legume. Reply with only the name, nothing else.",0.6278,<long> -> bench,0.5639,chickpea -> real,0.5259,lentils -> real,60,67,0.0,0.256,0.153,60,90,11,0.0,0.153,8.8,chickpea,0.55,4,2.71,3.63,0.52,"chickpea 52%, lentil 28%","chickpea 39%, <long> 26%",0.645,0.109,0.947
r8_0081_team_sport,"Name a team sport. Reply with only the name, nothing else.",0.6278,<long> -> bench,0.6139,soccer -> real,0.5357,soccer -> real,60,67,0.0,0.256,0.153,60,90,7,0.0,0.153,7.5,soccer,0.8,3,1.85,2.23,0.646,"soccer 68%, basketball 30%","soccer 46%, <long> 26%",0.6075,0.096,0.821
r8s_1794_odor,"Suggest a type of odor. Reply with only the name, nothing else.",0.6278,<long> -> bench,0.6222,lavender -> real,0.5555,lavender -> real,60,67,0.0,0.256,0.153,60,90,20,0.0,0.153,7.4,lavender,0.3,10,7.84,4.98,0.575,"lavender 63%, vanilla 12%","lavender 39%, <long> 26%",0.6297,0.274,0.809
r8_0270_hot_beverage,"Name a type of hot beverage. Reply with only the name, nothing else.",0.6278,<long> -> bench,0.6028,coffee -> real,0.5272,tea -> bench,60,67,0.0,0.256,0.153,60,90,9,0.0,0.147,6.8,coffee,0.9,3,1.48,1.84,0.858,"coffee 85%, tea 5%","coffee 64%, <long> 26%",0.6564,0.175,1.049
r8_1850_algae,"Name an algae. Reply with only the name, nothing else.",0.6278,<long> -> bench,0.6194,spirulina -> real,0.5489,spirulina -> real,60,67,0.0,0.256,0.153,60,90,10,0.0,0.153,8.5,spirulina,0.45,4,3.33,3.22,0.598,"spirulina 65%, spirogyra 20%","spirulina 41%, <long> 26%",0.6478,0.216,0.973
r8_1942_dice_game,"Name a dice game. Reply with only the name, nothing else.",0.6278,<long> -> bench,0.5694,craps -> real,0.5561,craps -> real,60,67,0.0,0.256,0.153,60,90,22,0.0,0.147,8.1,yahtzee,0.6,5,3.24,8.62,0.339,"yahtzee 37%, craps 22%","<long> 26%, yahtzee 23%",0.6467,0.193,0.864
r8_0690_electronics_brand,"Name an electronics brand. Reply with only the name, nothing else.",0.6278,<long> -> bench,0.5972,sony -> real,0.5476,sony -> real,60,67,0.0,0.256,0.153,60,90,13,0.0,0.153,6.7,samsung,0.55,5,3.12,4.16,0.433,"sony 48%, samsung 30%","sony 29%, samsung 27%",0.6183,0.104,0.857
r8_1800_music_scale_mode,"Name a music scale mode. Reply with only the name, nothing else.",0.6278,<long> -> bench,0.575,dorian -> real,0.5337,dorian -> bench,60,67,0.0,0.256,0.153,60,90,9,0.0,0.153,7.6,dorian,0.95,2,1.22,2.15,0.819,"dorian 78%, ionian 7%","dorian 63%, <long> 26%",0.6092,0.183,1.212
r8s_1079_orchestras_instrument,"Suggest a type of orchestras instrument. Reply with only the name, nothing else.",0.6278,<long> -> bench,0.5611,violin -> real,0.5443,cello -> real,60,67,0.0,0.256,0.153,60,90,13,0.0,0.153,7.5,violin,0.85,3,1.68,3.0,0.74,"violin 70%, cello 13%","violin 58%, <long> 26%",0.6161,0.19,0.928
r8_1467_toothpaste_flavor,"Name a toothpaste flavor. Reply with only the name, nothing else.",0.6278,<long> -> bench,0.5972,mint -> real,0.5224,spearmint -> bench,60,67,0.0,0.256,0.153,60,90,11,0.0,0.153,7.5,mint,0.95,2,1.22,1.92,0.866,"mint 85%, peppermint 7%","mint 66%, <long> 26%",0.6019,0.164,0.919
r8_1205_sports_apparel,"Name a sports apparel. Reply with only the name, nothing else.",0.6278,nike -> real,0.6278,nike -> real,0.5214,nike -> real,60,70,0.0,0.222,0.133,60,90,4,0.0,0.133,6.0,nike,1.0,1,1.0,1.13,0.977,nike 100%,"nike 74%, <long> 22%",0.6144,0.074,0.971
r8_0295_leafy_salad_green,"Name a leafy salad green. Reply with only the name, nothing else.",0.6278,<long> -> bench,0.6028,arugula -> real,0.6405,lettuce -> bench,60,67,0.0,0.256,0.153,60,90,7,0.0,0.147,8.0,lettuce,0.6,4,2.63,3.77,0.386,"arugula 45%, spinach 27%","lettuce 33%, <long> 26%",0.6269,0.121,1.445
r8_1793_us_city,"Name an us city. Reply with only the name, nothing else.",0.6278,<long> -> bench,0.6083,chicago -> real,0.5454,chicago -> real,60,67,0.0,0.256,0.153,60,90,19,0.0,0.147,6.9,chicago,0.5,6,3.95,5.25,0.535,"chicago 58%, new york 17%","chicago 37%, <long> 26%",0.6253,0.202,0.991
r8s_1082_nonfiction_genre,"Suggest a nonfiction genre. Reply with only the name, nothing else.",0.6278,<long> -> bench,0.5583,biography -> real,0.5517,science -> real,58,64,0.033,0.289,0.187,60,90,19,0.0,0.18,8.4,biography,0.7,4,2.39,4.06,0.672,"biography 62%, memoir 12%","biography 50%, <long> 29%",0.6219,0.3,0.885
r8s_1030_fashion_accessory,"Suggest a type of fashion accessory. Reply with only the name, nothing else.",0.6278,<long> -> bench,0.5694,scarf -> real,0.5234,watch -> bench,58,64,0.033,0.289,0.187,60,90,21,0.0,0.18,8.6,scarf,0.3,9,6.37,5.98,0.533,"scarf 52%, silk scarf 12%","scarf 38%, <long> 29%",0.6136,0.252,0.915
r8s_0760_childhood_game,"Suggest a type of childhood game. Reply with only the name, nothing else.",0.6278,<long> -> bench,0.5972,tag -> real,0.5322,hide and seek -> bench,60,67,0.0,0.256,0.153,60,90,7,0.0,0.153,7.4,hide and seek,0.5,4,2.99,2.33,0.551,"tag 58%, hide and seek 38%","tag 39%, hide and seek 33%",0.6228,0.045,0.969
r8s_0120_energy_source,"Suggest a type of energy source. Reply with only the name, nothing else.",0.6278,<long> -> bench,0.5528,solar -> real,0.5228,solar power -> real,60,67,0.0,0.256,0.153,60,90,9,0.0,0.14,7.2,solar energy,0.7,4,2.49,3.73,0.417,"solar 42%, solar energy 35%","solar 31%, solar energy 29%",0.6394,0.125,0.774
r8s_0151_flower,"Suggest a type of flower. Reply with only the name, nothing else.",0.6278,<long> -> bench,0.5917,rose -> real,0.5451,sunflower -> real,60,67,0.0,0.256,0.153,60,90,12,0.0,0.153,6.8,rose,0.9,3,1.48,2.33,0.795,"rose 78%, sunflower 15%","rose 60%, <long> 26%",0.6289,0.127,1.01
r8_1710_flooring,"Name a type of flooring. Reply with only the name, nothing else.",0.6278,<long> -> bench,0.6,hardwood -> real,0.5184,parquet -> real,60,67,0.0,0.256,0.153,60,90,11,0.0,0.14,7.2,hardwood,0.9,2,1.38,3.08,0.685,"hardwood 70%, carpet 17%","hardwood 50%, <long> 26%",0.6203,0.212,0.907
r8_1795_wooden_product,"Name a wooden product. Reply with only the name, nothing else.",0.6278,<long> -> bench,0.5639,chair -> real,0.5356,plywood -> bench,60,67,0.0,0.256,0.153,60,90,16,0.0,0.153,7.0,chair,0.4,5,3.89,5.98,0.307,"table 33%, chair 32%","<long> 26%, table 21%",0.6181,0.131,0.955
r8s_0082_fossil_fuel,"Suggest a type of fossil fuel. Reply with only the name, nothing else.",0.6278,<long> -> bench,0.6056,coal -> real,0.5184,coal -> bench,60,67,0.0,0.256,0.153,60,90,7,0.0,0.147,6.6,coal,0.95,2,1.22,1.3,0.953,"coal 93%, natural gas 3%","coal 72%, <long> 26%",0.6325,0.126,1.074
r8_0607_sports_drink,"Name a sports drink. Reply with only the name, nothing else.",0.6278,gatorade -> real,0.6278,gatorade -> real,0.5074,gatorade -> real,60,68,0.0,0.244,0.147,60,90,3,0.0,0.147,8.1,gatorade,0.95,2,1.22,1.05,0.992,gatorade 100%,"gatorade 74%, <long> 24%",0.5806,0.11,0.956
r8s_0006_mammal,"Suggest a type of mammal. Reply with only the name, nothing else.",0.6278,<long> -> bench,0.5722,dolphin -> real,0.5646,cat -> bench,60,67,0.0,0.256,0.153,60,90,30,0.0,0.147,7.4,elephant,0.15,13,11.68,12.15,0.252,"dolphin 23%, dog 22%","<long> 26%, dog 21%",0.6347,0.301,0.882
r8_0981_lava,"Name a lava. Reply with only the name, nothing else.",0.6278,<long> -> bench,0.5583,pahoehoe -> real,0.5577,kilauea -> bench,58,64,0.033,0.289,0.187,60,90,48,0.0,0.18,9.7,pahoehoe,0.55,6,3.78,20.52,0.221,"pahoehoe 25%, kilauea 10%","<long> 29%, kilauea 16%",0.6081,0.227,1.091
r8_1092_ceramic,"Name a ceramic. Reply with only the name, nothing else.",0.6278,<long> -> bench,0.6111,porcelain -> real,0.5175,pottery -> real,60,67,0.0,0.256,0.153,60,90,11,0.0,0.153,7.5,porcelain,1.0,1,1.0,1.66,0.906,"porcelain 90%, pottery 5%","porcelain 68%, <long> 26%",0.5831,0.109,0.764
r8_1088_castle_feature,"Name a type of castle feature. Reply with only the name, nothing else.",0.6278,<long> -> bench,0.5611,battlements -> real,0.5621,moat -> bench,56,61,0.067,0.322,0.22,60,90,18,0.0,0.2,9.3,keep,0.3,5,4.26,7.41,0.35,"moat 27%, battlements 20%","<long> 32%, moat 28%",0.6069,0.202,0.917
r8_0384_onion,"Name an onion. Reply with only the name, nothing else.",0.6278,<long> -> bench,0.5306,vidalia -> bench,0.5523,vidalia -> bench,58,64,0.033,0.289,0.187,60,90,64,0.0,0.187,8.7,yellow,0.25,13,10.86,35.82,0.156,"red onion 12%, red 7%","<long> 29%, red onion 13%",0.6136,0.417,0.813
r8s_0036_alcoholic_drink,"Suggest a type of alcoholic drink. Reply with only the name, nothing else.",0.6278,old fashioned -> real,0.6278,old fashioned -> real,0.628,old fashioned -> real,59,66,0.017,0.267,0.167,60,90,16,0.0,0.153,7.8,whiskey,0.35,5,4.05,5.03,0.536,"whiskey 48%, old fashioned 27%","whiskey 42%, <long> 27%",0.6025,0.265,1.19
r8_1227_tv_brand,"Name a tv brand. Reply with only the name, nothing else.",0.6278,samsung -> real,0.6278,samsung -> real,0.5558,sony -> bench,60,67,0.0,0.256,0.153,60,90,6,0.0,0.147,6.6,samsung,0.85,2,1.53,2.18,0.685,"samsung 73%, sony 22%","samsung 48%, <long> 26%",0.665,0.069,0.9
r8s_1148_grainy_substance,"Suggest a type of grainy substance. Reply with only the name, nothing else.",0.6278,<long> -> bench,0.6083,sand -> real,0.5562,salt -> bench,60,67,0.0,0.256,0.153,60,90,19,0.0,0.153,6.8,sand,0.55,5,3.34,4.15,0.654,"sand 68%, salt 7%","sand 47%, <long> 26%",0.6097,0.363,0.927
r8_1146_type_of_household_pet,"Name a type of household pet. Reply with only the name, nothing else.",0.6278,<long> -> bench,0.6056,dog -> real,0.5388,cat -> bench,60,67,0.0,0.256,0.153,60,90,3,0.0,0.153,6.6,cat,0.6,2,1.96,1.99,0.559,"dog 60%, cat 40%","dog 39%, cat 36%",0.6206,0.046,1.109
r8_1664_method_of_birth_contro,"Name a method of birth control. Reply with only the name, nothing else.",0.6278,<long> -> bench,0.5417,condoms -> real,0.5268,contraceptive pill -> real,56,61,0.067,0.322,0.22,60,90,17,0.0,0.207,9.5,condom,0.35,8,5.89,5.43,0.402,"condom 35%, condoms 28%","<long> 32%, condom 29%",0.6211,0.159,0.753
r8_0041_precious_metal,"Name a precious metal. Reply with only the name, nothing else.",0.6278,gold -> real,0.6278,gold -> real,0.5196,gold -> real,60,69,0.0,0.233,0.14,60,90,5,0.0,0.14,6.3,gold,1.0,1,1.0,1.29,0.946,"gold 97%, platinum 3%","gold 71%, <long> 23%",0.5886,0.087,1.038
r8s_1157_philosophical_concept,"Suggest a type of philosophical concept. Reply with only the name, nothing else.",0.6278,<long> -> bench,0.6194,existentialism -> real,0.5718,existentialism -> real,60,67,0.0,0.256,0.153,60,90,21,0.0,0.153,8.2,existentialism,0.5,7,4.67,7.34,0.441,"existentialism 52%, stoicism 20%","existentialism 28%, <long> 26%",0.6314,0.309,0.936
r8_0026_crustacean,"Name a crustacean. Reply with only the name, nothing else.",0.6278,<long> -> bench,0.5583,crab -> real,0.5219,crayfish -> real,60,67,0.0,0.256,0.153,60,90,9,0.0,0.14,7.7,crab,0.7,4,2.49,3.2,0.528,"crab 52%, lobster 32%","crab 40%, <long> 26%",0.6183,0.186,0.939
r8s_0398_ocean_creature,"Suggest a type of ocean creature. Reply with only the name, nothing else.",0.6278,<long> -> bench,0.5333,dolphin -> bench,0.5619,dolphin -> bench,60,67,0.0,0.256,0.153,60,90,30,0.0,0.153,8.2,blue whale,0.3,10,8.05,11.5,0.283,"jellyfish 23%, octopus 15%","<long> 26%, jellyfish 24%",0.6044,0.196,0.903
r8_1607_memorial,"Name a memorial. Reply with only the name, nothing else.",0.6278,<long> -> bench,0.5639,vietnam veterans memorial -> real,0.522,vietnam veterans memorial -> real,54,58,0.1,0.356,0.253,60,90,43,0.0,0.187,10.3,vietnam veterans memorial,0.8,4,2.03,16.76,0.366,"vietnam veterans memorial 35%, <long> 10%","<long> 36%, vietnam veterans memorial 22%",0.6122,0.312,0.999
r8_0443_animal_sound,"Name an animal sound. Reply with only the name, nothing else.",0.6278,<long> -> bench,0.5611,meow -> real,0.5612,moo -> bench,60,67,0.0,0.256,0.153,60,90,12,0.0,0.153,7.5,moo,0.4,5,3.84,4.66,0.465,"moo 40%, meow 27%","moo 39%, <long> 26%",0.5981,0.141,1.021
r8_1571_tea_blend,"Name a tea blend. Reply with only the name, nothing else.",0.6278,earl grey -> real,0.6278,earl grey -> real,0.5127,earl grey -> real,60,68,0.0,0.244,0.147,60,90,5,0.0,0.147,8.1,earl grey,1.0,1,1.0,1.26,0.953,"earl grey 97%, english breakfast 3%","earl grey 71%, <long> 24%",0.6453,0.084,1.091
r8_0451_underground_feature,"Name a type of underground feature. Reply with only the name, nothing else.",0.6278,<long> -> bench,0.6167,cave -> real,0.5167,limestone cave -> real,60,67,0.0,0.256,0.153,60,90,7,0.0,0.153,7.8,cave,0.9,3,1.48,1.4,0.937,"cave 93%, limestone cave 3%","cave 70%, <long> 26%",0.6378,0.142,1.012
r8_0092_cactus,"Name a type of cactus. Reply with only the name, nothing else.",0.6278,<long> -> bench,0.625,saguaro -> real,0.5246,prickly pear -> bench,60,67,0.0,0.256,0.153,60,90,5,0.0,0.147,8.4,saguaro,0.95,2,1.22,1.79,0.827,"saguaro 85%, prickly pear 10%","saguaro 60%, <long> 26%",0.6336,0.054,0.939
r8_1283_hinge,"Name a hinge. Reply with only the name, nothing else.",0.6278,<long> -> bench,0.5417,hinge -> real,0.5431,hinge -> real,58,64,0.033,0.289,0.187,60,90,27,0.0,0.18,9.2,butt hinge,0.45,4,2.77,8.02,0.352,"butterfly hinge 32%, door hinge 22%","<long> 29%, butterfly hinge 27%",0.6194,0.214,0.858
r8_1298_story_genre,"Name a story genre. Reply with only the name, nothing else.",0.6278,<long> -> bench,0.6111,science fiction -> real,0.5405,science fiction -> real,60,67,0.0,0.256,0.153,60,90,13,0.0,0.153,7.6,science fiction,0.8,3,1.85,3.81,0.591,"science fiction 63%, fantasy 13%","science fiction 41%, <long> 26%",0.6214,0.38,0.799
r8s_1317_sport_event,"Suggest a type of sport event. Reply with only the name, nothing else.",0.6278,<long> -> bench,0.5889,marathon -> real,0.5781,olympic games -> bench,58,64,0.033,0.289,0.187,60,90,25,0.0,0.173,8.5,marathon,0.6,6,3.56,8.93,0.361,"marathon 40%, tennis 20%","<long> 29%, marathon 22%",0.6558,0.234,0.931
r8_1849_paint_medium,"Name a paint medium. Reply with only the name, nothing else.",0.6278,<long> -> bench,0.5611,acrylic -> real,0.5629,oil -> bench,60,67,0.0,0.256,0.153,60,90,5,0.0,0.153,7.3,acrylic,0.45,5,3.24,3.3,0.433,"acrylic 37%, oil 37%","oil 37%, <long> 26%",0.6033,0.118,1.011
r8s_1704_crayon_color,"Suggest a type of crayon color. Reply with only the name, nothing else.",0.6278,<long> -> bench,0.5556,turquoise -> real,0.5729,blue -> bench,60,67,0.0,0.256,0.153,60,90,40,0.0,0.147,7.7,turquoise,0.25,12,9.87,20.52,0.165,"sunset orange 20%, turquoise 20%","<long> 26%, blue 13%",0.6042,0.334,1.1
r8_0711_synthetic_fibre,"Name a synthetic fibre. Reply with only the name, nothing else.",0.6278,<long> -> bench,0.6222,nylon -> real,0.5167,polyester -> real,60,67,0.0,0.256,0.153,60,90,5,0.0,0.153,7.6,nylon,1.0,1,1.0,1.19,0.969,"nylon 97%, polyester 3%","nylon 72%, <long> 26%",0.6264,0.067,0.912
r8_0933_makeup,"Name a makeup. Reply with only the name, nothing else.",0.6278,<long> -> bench,0.5306,mac -> real,0.5377,maybelline -> bench,58,64,0.033,0.289,0.187,60,90,24,0.0,0.187,8.9,maybelline,0.35,8,5.52,6.51,0.402,"maybelline 35%, mac 28%","maybelline 31%, <long> 29%",0.6317,0.282,0.9
r8_1995_fruit_dessert,"Name a fruit dessert. Reply with only the name, nothing else.",0.6278,<long> -> bench,0.5583,apple pie -> bench,0.6442,apple pie -> bench,60,67,0.0,0.256,0.153,60,90,22,0.0,0.153,8.4,strawberry shortcake,0.25,9,7.17,6.11,0.535,"apple pie 38%, crème brûlée 18%","apple pie 50%, <long> 26%",0.6028,0.175,1.26
r8_1725_medical_specialist,"Name a medical specialist. Reply with only the name, nothing else.",0.6278,<long> -> bench,0.6056,cardiologist -> real,0.5132,neurologist -> bench,60,67,0.0,0.256,0.153,60,90,8,0.0,0.153,8.5,cardiologist,1.0,1,1.0,1.52,0.913,"cardiologist 90%, neurologist 3%","cardiologist 69%, <long> 26%",0.6164,0.107,0.769
r8_1083_combat_sport,"Name a combat sport. Reply with only the name, nothing else.",0.6278,<long> -> bench,0.625,boxing -> real,0.5267,judo -> real,60,67,0.0,0.256,0.153,60,90,12,0.0,0.153,7.5,boxing,0.95,2,1.22,2.24,0.827,"boxing 85%, judo 8%","boxing 60%, <long> 26%",0.6175,0.175,0.971
r8s_1879_oasis,"Suggest a type of oasis. Reply with only the name, nothing else.",0.6278,<long> -> bench,0.5222,oasis -> bench,0.5374,oasis -> bench,58,64,0.033,0.289,0.187,60,90,76,0.0,0.18,9.1,true oasis,0.2,17,15.16,45.85,0.139,"desert oasis 12%, palm oasis 8%","<long> 29%, desert oasis 11%",0.6314,0.462,0.46
r8_0025_arachnid,"Name an arachnid. Reply with only the name, nothing else.",0.6278,<long> -> bench,0.6056,tarantula -> real,0.5889,spider -> bench,60,67,0.0,0.256,0.153,60,90,6,0.0,0.133,7.0,spider,0.45,3,2.58,2.19,0.677,"spider 58%, tarantula 37%","spider 57%, <long> 26%",0.6381,0.096,0.995
r8_0897_planet_in_solar_system,"Name a planet in solar system. Reply with only the name, nothing else.",0.6278,<long> -> bench,0.6083,mars -> real,0.5683,mars -> real,60,67,0.0,0.256,0.153,60,90,9,0.0,0.153,7.1,earth,0.5,4,2.75,3.28,0.449,"mars 45%, earth 40%","earth 37%, <long> 26%",0.6106,0.097,0.945
r8s_0122_body_of_water,"Suggest a type of body of water. Reply with only the name, nothing else.",0.6278,<long> -> bench,0.5861,lake -> real,0.5259,lagoon -> real,60,67,0.0,0.256,0.153,60,90,8,0.0,0.147,6.6,lake,0.95,2,1.22,2.09,0.803,"lake 78%, ocean 10%","lake 61%, <long> 26%",0.6108,0.209,1.05
r8_0919_staple,"Name a staple. Reply with only the name, nothing else.",0.625,<long> -> bench,0.5806,rice -> real,0.5565,bread -> bench,59,66,0.017,0.267,0.167,60,90,22,0.0,0.16,8.0,rice,0.85,4,1.8,5.12,0.504,"rice 52%, bread 22%","rice 36%, <long> 27%",0.6047,0.225,0.626
r8_1798_allergen,"Name an allergen. Reply with only the name, nothing else.",0.625,peanuts -> real,0.625,peanuts -> real,0.5536,peanuts -> real,60,70,0.0,0.222,0.133,60,90,7,0.0,0.133,7.8,peanuts,0.65,2,1.91,2.24,0.692,"peanuts 75%, peanut 25%","peanuts 50%, <long> 22%",0.6414,0.062,1.014
r8_0656_literary_form,"Name a literary form. Reply with only the name, nothing else.",0.625,<long> -> bench,0.6194,sonnet -> real,0.5502,sonnet -> real,59,66,0.017,0.267,0.167,60,90,12,0.0,0.167,7.9,novel,0.5,3,2.35,3.49,0.608,"sonnet 65%, novel 18%","sonnet 41%, <long> 27%",0.6456,0.194,0.837
r8s_0944_electric_animal,"Suggest a type of electric animal. Reply with only the name, nothing else.",0.625,electric eel -> real,0.625,electric eel -> real,0.5172,electric eel -> real,60,68,0.0,0.244,0.147,60,90,14,0.0,0.14,8.3,electric eel,1.0,1,1.0,1.78,0.898,"electric eel 92%, voltmouse 2%","electric eel 67%, <long> 24%",0.5942,0.116,0.906
r8s_0928_airport,"Suggest a type of airport. Reply with only the name, nothing else.",0.625,<long> -> bench,0.55,international hub -> real,0.5508,international hub -> real,59,66,0.017,0.267,0.167,60,90,21,0.0,0.153,7.6,international airport,0.85,4,1.8,5.06,0.52,"international airport 47%, international 23%","international airport 41%, <long> 27%",0.6211,0.13,0.993
r8_0975_animal_sleep_pattern,"Name an animal sleep pattern. Reply with only the name, nothing else.",0.625,<long> -> bench,0.5583,polyphasic sleep -> real,0.5824,polyphasic -> bench,59,66,0.017,0.267,0.167,60,90,32,0.0,0.153,10.5,unihemispheric slow-wave sleep,0.6,7,3.82,10.36,0.408,"unihemispheric slow-wave sleep 40%, polyphasic sleep 18%","unihemispheric slow-wave sleep 30%, <long> 27%",0.6572,0.142,1.075
r8s_0816_major_ocean,"Suggest a type of major ocean. Reply with only the name, nothing else.",0.625,<long> -> bench,0.5917,pacific ocean -> real,0.5297,pacific ocean -> real,59,66,0.017,0.267,0.167,60,90,7,0.0,0.153,7.5,pacific ocean,0.9,2,1.38,3.34,0.528,"pacific ocean 55%, pacific 25%","pacific ocean 37%, <long> 27%",0.6619,0.189,1.019
r8_1296_guitar,"Name a guitar. Reply with only the name, nothing else.",0.625,fender stratocaster -> real,0.625,fender stratocaster -> real,0.5609,stratocaster -> bench,60,69,0.0,0.233,0.14,60,90,6,0.0,0.14,9.5,fender stratocaster,0.95,2,1.22,2.14,0.775,"fender stratocaster 82%, gibson les paul 7%","fender stratocaster 57%, <long> 23%",0.6161,0.182,1.089
r8_0564_university,"Name an university. Reply with only the name, nothing else.",0.625,harvard university -> real,0.625,harvard university -> real,0.5279,harvard university -> real,60,68,0.0,0.244,0.147,60,90,12,0.0,0.127,7.8,harvard university,1.0,1,1.0,2.14,0.82,"harvard university 85%, stanford university 10%","harvard university 60%, <long> 24%",0.6408,0.17,1.041
r8s_1302_gemstone_clarity,"Suggest a type of gemstone clarity. Reply with only the name, nothing else.",0.625,<long> -> bench,0.6167,vvs1 -> real,0.5609,vvs1 -> real,59,66,0.017,0.267,0.167,60,90,12,0.0,0.107,7.5,flawless,0.4,6,4.61,3.81,0.512,"vvs1 57%, vvs 28%","vvs1 33%, <long> 27%",0.6086,0.167,0.99
r8s_0111_writing_instrument,"Suggest a type of writing instrument. Reply with only the name, nothing else.",0.625,<long> -> bench,0.6139,fountain pen -> real,0.5946,fountain pen -> real,59,66,0.017,0.267,0.167,60,90,9,0.0,0.14,7.6,fountain pen,0.65,5,3.07,3.87,0.472,"pencil 38%, fountain pen 35%","pencil 40%, <long> 27%",0.6267,0.123,0.827
r8_1658_mermaid,"Name a mermaid. Reply with only the name, nothing else.",0.625,<long> -> bench,0.575,ariel -> real,0.5227,flounder -> bench,59,66,0.017,0.267,0.167,60,90,31,0.0,0.16,7.9,ariel,1.0,1,1.0,5.32,0.672,"ariel 65%, dory 7%","ariel 50%, <long> 27%",0.6069,0.217,0.721
r8_0878_equestrian_discipline,"Name an equestrian discipline. Reply with only the name, nothing else.",0.625,show jumping -> real,0.625,show jumping -> real,0.5964,show jumping -> real,60,70,0.0,0.222,0.133,60,90,6,0.0,0.127,7.6,show jumping,0.5,2,2.0,2.23,0.623,"dressage 55%, show jumping 45%","dressage 53%, <long> 22%",0.6103,0.071,0.926
r8s_1146_type_of_household_pet,"Suggest a type of type of household pet. Reply with only the name, nothing else.",0.625,<long> -> bench,0.5806,cat -> real,0.5169,corgi -> real,59,66,0.017,0.267,0.167,60,90,12,0.0,0.167,7.2,cat,0.8,5,2.18,3.31,0.584,"cat 58%, dog 27%","cat 42%, <long> 27%",0.6353,0.112,0.848
r8_0200_game_show,"Name a game show. Reply with only the name, nothing else.",0.625,<long> -> bench,0.6194,jeopardy -> real,0.5283,price is right -> real,53,57,0.117,0.367,0.267,60,90,5,0.0,0.167,9.8,jeopardy,0.6,2,1.96,1.43,0.918,"jeopardy 82%, <long> 12%","jeopardy 58%, <long> 37%",0.6333,0.204,0.979
r8_1749_evergreen_plant,"Name an evergreen plant. Reply with only the name, nothing else.",0.625,rosemary -> real,0.625,rosemary -> real,0.6186,pine -> bench,60,68,0.0,0.244,0.147,60,90,16,0.0,0.147,7.3,pine,0.55,3,2.53,5.35,0.359,"rosemary 45%, pine 23%","pine 36%, <long> 24%",0.6419,0.135,0.965
r8_0275_glacier,"Name a glacier. Reply with only the name, nothing else.",0.625,<long> -> bench,0.5556,perito moreno -> real,0.534,perito moreno -> bench,59,66,0.017,0.267,0.167,60,90,22,0.0,0.147,8.6,perito moreno,0.3,9,6.37,4.12,0.68,"perito moreno 63%, perito moreno glacier 10%","perito moreno 52%, <long> 27%",0.6717,0.14,0.966
r8s_1037_hot_dog_topping,"Suggest a type of hot dog topping. Reply with only the name, nothing else.",0.625,<long> -> bench,0.5333,onions -> real,0.5419,mustard -> bench,59,66,0.017,0.267,0.167,60,90,21,0.0,0.16,8.1,chili,0.35,12,8.81,9.16,0.296,"chili 25%, onions 20%","<long> 27%, chili 24%",0.5983,0.245,0.909
r8_1426_eyeshadow,"Name an eyeshadow. Reply with only the name, nothing else.",0.625,<long> -> bench,0.5167,midnight velvet -> real,0.5263,urban decay naked -> bench,53,57,0.117,0.367,0.267,60,90,93,0.0,0.227,11.1,urban decay naked palette,0.1,19,18.66,82.36,0.064,"<long> 12%, urban decay naked palette 5%","<long> 37%, urban decay naked palette 4%",0.5967,0.542,0.907
r8_0181_literary_device,"Name a literary device. Reply with only the name, nothing else.",0.625,metaphor -> real,0.625,metaphor -> real,0.5207,alliteration -> bench,60,69,0.0,0.233,0.14,60,90,6,0.0,0.14,8.0,metaphor,1.0,1,1.0,1.4,0.93,"metaphor 95%, allusion 2%","metaphor 70%, <long> 23%",0.6228,0.088,0.988
r8_0623_sailing_boat,"Name a sailing boat. Reply with only the name, nothing else.",0.625,<long> -> bench,0.525,sailfish -> real,0.5301,sailboat -> bench,57,63,0.05,0.3,0.2,60,90,66,0.0,0.173,8.9,jazz,0.1,16,15.16,42.94,0.133,"mayflower 12%, endeavour 5%","<long> 30%, mayflower 10%",0.6044,0.414,0.956
r8s_1421_ice_cream_cone,"Suggest a type of ice cream cone. Reply with only the name, nothing else.",0.625,<long> -> bench,0.5667,waffle cone -> real,0.5393,sugar cone -> real,57,63,0.05,0.3,0.2,60,90,18,0.0,0.187,9.4,waffle cone,0.75,2,1.75,3.65,0.692,"waffle cone 63%, sugar cone 15%","waffle cone 50%, <long> 30%",0.6419,0.168,1.023
r8s_1514_fortified_wine,"Suggest a type of fortified wine. Reply with only the name, nothing else.",0.625,port -> real,0.625,port -> real,0.5221,madeira -> bench,60,68,0.0,0.244,0.147,60,90,5,0.0,0.147,6.6,port,1.0,1,1.0,1.53,0.898,"port 92%, sherry 7%","port 67%, <long> 24%",0.6411,0.089,1.069
r8s_1339_frozen_dessert,"Suggest a type of frozen dessert. Reply with only the name, nothing else.",0.625,gelato -> real,0.625,gelato -> real,0.5996,gelato -> real,60,69,0.0,0.233,0.14,60,90,14,0.0,0.14,7.2,ice cream,0.5,4,2.75,3.9,0.512,"ice cream 45%, gelato 42%","ice cream 43%, <long> 23%",0.6144,0.192,1.043
r8_0223_cloud,"Name a cloud. Reply with only the name, nothing else.",0.625,<long> -> bench,0.5472,cumulus -> real,0.5442,aws -> real,59,66,0.017,0.267,0.167,60,90,30,0.0,0.153,7.8,cumulus,0.65,3,2.21,8.71,0.432,"cumulus 42%, cirrus 17%","cumulus 32%, <long> 27%",0.6106,0.259,0.679
r8_1336_microgreen,"Name a microgreen. Reply with only the name, nothing else.",0.625,<long> -> bench,0.5667,pea shoots -> real,0.5232,radish -> real,59,66,0.017,0.267,0.167,60,90,21,0.0,0.167,8.5,pea shoots,0.5,6,3.69,5.5,0.544,"pea shoots 53%, radish 15%","pea shoots 40%, <long> 27%",0.6428,0.331,1.105
r8s_0375_geological_period,"Suggest a type of geological period. Reply with only the name, nothing else.",0.625,<long> -> bench,0.5444,cretaceous -> real,0.5285,triassic -> bench,59,66,0.017,0.267,0.167,60,90,12,0.0,0.147,8.1,jurassic,0.3,6,5.4,5.61,0.44,"jurassic 42%, cretaceous 20%","jurassic 33%, <long> 27%",0.6067,0.29,1.034
r8s_1589_lightning,"Suggest a type of lightning. Reply with only the name, nothing else.",0.625,<long> -> bench,0.5389,forked lightning -> real,0.5707,ball lightning -> bench,59,66,0.017,0.267,0.167,60,90,29,0.0,0.167,8.7,bolt from the blue,0.3,7,5.52,12.8,0.312,"ball lightning 23%, bolt 15%","ball lightning 28%, <long> 27%",0.6181,0.305,0.947
r8s_0304_jazz_musician,"Suggest a type of jazz musician. Reply with only the name, nothing else.",0.625,miles davis -> real,0.625,miles davis -> real,0.6142,miles davis -> real,60,68,0.0,0.244,0.147,60,90,25,0.0,0.147,8.3,saxophonist,0.45,9,5.89,9.28,0.281,"miles davis 32%, saxophonist 25%","<long> 24%, saxophonist 23%",0.6206,0.229,0.795
r8s_1579_dna_base,"Suggest a type of dna base. Reply with only the name, nothing else.",0.625,adenine -> real,0.625,adenine -> real,0.5217,a -> bench,60,69,0.0,0.233,0.14,60,90,7,0.0,0.14,7.9,adenine,1.0,1,1.0,1.43,0.93,"adenine 95%, thymine 2%","adenine 70%, <long> 23%",0.6367,0.086,0.945
r8_1241_earbud,"Name an earbud. Reply with only the name, nothing else.",0.625,<long> -> bench,0.6028,airpods pro -> real,0.5621,airpods pro -> real,59,66,0.017,0.267,0.167,60,90,11,0.0,0.16,8.5,airpods pro,0.8,5,2.18,4.0,0.408,"airpods pro 45%, airpods 38%","airpods 31%, <long> 27%",0.5917,0.209,0.861
r8_1245_castle,"Name a castle. Reply with only the name, nothing else.",0.6222,<long> -> bench,0.5694,windsor castle -> real,0.5527,neuschwanstein -> real,58,65,0.033,0.278,0.18,60,90,29,0.0,0.167,9.9,edinburgh castle,0.4,6,4.41,7.5,0.528,"windsor castle 52%, neuschwanstein 12%","windsor castle 38%, <long> 28%",0.6281,0.207,1.067
r8_1288_asteroid,"Name an asteroid. Reply with only the name, nothing else.",0.6222,<long> -> bench,0.5556,ceres -> real,0.5343,ceres -> bench,60,68,0.0,0.244,0.147,60,90,19,0.0,0.147,7.5,ceres,1.0,1,1.0,3.64,0.703,"ceres 67%, eros 12%","ceres 56%, <long> 24%",0.6017,0.137,0.855
r8_0176_letter_of_the_alphabet,"Name a letter of the alphabet. Reply with only the name, nothing else.",0.6222,<long> -> bench,0.5667,b -> real,0.5735,a -> bench,60,68,0.0,0.244,0.147,60,90,10,0.0,0.147,6.4,a,0.7,3,2.11,3.41,0.578,"a 50%, b 30%","a 49%, <long> 24%",0.5933,0.147,0.89
r8s_1947_clothing_fastener,"Suggest a type of clothing fastener. Reply with only the name, nothing else.",0.6222,<long> -> bench,0.6,zipper -> real,0.5598,button -> bench,60,68,0.0,0.244,0.147,60,90,9,0.0,0.147,7.1,zipper,0.45,3,2.75,3.32,0.562,"zipper 60%, button 23%","zipper 40%, button 27%",0.6144,0.153,0.72
r8s_1728_social_insect,"Suggest a type of social insect. Reply with only the name, nothing else.",0.6222,<long> -> bench,0.5722,ant -> real,0.5338,ant -> bench,60,68,0.0,0.244,0.147,60,90,6,0.0,0.14,6.5,honey bee,0.4,3,2.95,1.83,0.836,"ant 80%, honey bee 12%","ant 66%, <long> 24%",0.6267,0.072,0.923
r8_0139_insect,"Name an insect. Reply with only the name, nothing else.",0.6222,<long> -> bench,0.55,ant -> real,0.5333,ladybug -> real,60,68,0.0,0.244,0.147,60,90,10,0.0,0.147,7.2,ant,0.5,4,3.13,3.55,0.516,"ant 50%, butterfly 28%","ant 40%, butterfly 26%",0.6136,0.207,0.932
r8_0558_scent,"Name a scent. Reply with only the name, nothing else.",0.6222,<long> -> bench,0.5806,lavender -> real,0.5265,rose -> bench,60,68,0.0,0.244,0.147,60,90,11,0.0,0.147,7.3,lavender,0.55,5,3.12,4.0,0.531,"lavender 55%, vanilla 20%","lavender 39%, <long> 24%",0.6228,0.252,1.045
r8_1216_philosophical_school,"Name a philosophical school. Reply with only the name, nothing else.",0.6222,<long> -> bench,0.5972,stoicism -> real,0.525,stoicism -> bench,60,68,0.0,0.244,0.147,60,90,4,0.0,0.147,8.1,stoicism,1.0,1,1.0,1.13,0.977,"stoicism 95%, existentialism 3%","stoicism 76%, <long> 24%",0.6328,0.076,1.016
r8s_0327_whale,"Suggest a type of whale. Reply with only the name, nothing else.",0.6222,blue whale -> real,0.6222,blue whale -> real,0.5275,blue whale -> real,60,69,0.0,0.233,0.14,60,90,10,0.0,0.14,7.3,blue whale,1.0,1,1.0,2.07,0.837,"blue whale 87%, humpback 7%","blue whale 62%, <long> 23%",0.6472,0.202,0.966
r8s_0362_mineral,"Suggest a type of mineral. Reply with only the name, nothing else.",0.6222,<long> -> bench,0.6028,quartz -> real,0.5123,quartz -> bench,60,68,0.0,0.244,0.147,60,90,10,0.0,0.147,7.2,quartz,1.0,1,1.0,1.49,0.93,"quartz 92%, granite 2%","quartz 71%, <long> 24%",0.6447,0.123,0.997
r8_0491_fairground_food,"Name a fairground food. Reply with only the name, nothing else.",0.6222,<long> -> bench,0.6083,corn dog -> real,0.5912,cotton candy -> bench,60,68,0.0,0.244,0.147,60,90,11,0.0,0.147,7.9,corn dog,0.5,3,2.35,3.82,0.547,"cotton candy 45%, corn dog 35%","cotton candy 48%, <long> 24%",0.5864,0.143,0.803
r8_0152_woodwind_instrument,"Name a type of woodwind instrument. Reply with only the name, nothing else.",0.6222,<long> -> bench,0.5972,flute -> real,0.5162,clarinet -> real,60,68,0.0,0.244,0.147,60,90,8,0.0,0.14,7.2,flute,0.9,2,1.38,1.91,0.82,"flute 82%, clarinet 15%","flute 62%, <long> 24%",0.6339,0.189,1.006
r8_0976_hair_accessory,"Name a hair accessory. Reply with only the name, nothing else.",0.6222,<long> -> bench,0.5833,bobby pin -> real,0.5598,headband -> real,60,68,0.0,0.244,0.147,60,90,24,0.0,0.147,7.7,headband,0.25,9,7.61,10.47,0.273,"bobby pin 33%, headband 27%","<long> 24%, bobby pin 17%",0.6111,0.245,0.938
r8_1662_singing_style,"Name a singing style. Reply with only the name, nothing else.",0.6222,<long> -> bench,0.5333,bel canto -> real,0.6005,opera -> bench,60,68,0.0,0.244,0.147,60,90,15,0.0,0.147,6.6,opera,0.6,5,3.32,2.78,0.773,"opera 67%, jazz 10%","opera 66%, <long> 24%",0.5922,0.266,0.83
r8s_0502_sleepwear,"Suggest a type of sleepwear. Reply with only the name, nothing else.",0.6222,<long> -> bench,0.5806,silk pajamas -> real,0.6142,pajamas -> bench,60,68,0.0,0.244,0.147,60,90,15,0.0,0.147,8.4,pajamas,0.3,10,7.84,4.69,0.555,"pajamas 43%, silk pajamas 22%","pajamas 50%, <long> 24%",0.6117,0.102,0.903
r8s_0545_musical_accessory,"Suggest a type of musical accessory. Reply with only the name, nothing else.",0.6222,<long> -> bench,0.5417,cape -> real,0.5882,metronome -> bench,60,68,0.0,0.244,0.147,60,90,39,0.0,0.147,7.9,metronome,0.25,13,10.58,12.72,0.344,"metronome 25%, capo 17%","metronome 32%, <long> 24%",0.5933,0.203,0.693
r8_1638_lip_balm_flavor,"Name a lip balm flavor. Reply with only the name, nothing else.",0.6222,<long> -> bench,0.5528,peppermint -> real,0.5907,mint -> bench,60,68,0.0,0.244,0.147,60,90,30,0.0,0.147,7.8,peppermint,0.5,6,3.69,7.85,0.43,"mint 33%, peppermint 28%","mint 39%, <long> 24%",0.6053,0.166,0.958
r8s_1414_sour_food,"Suggest a type of sour food. Reply with only the name, nothing else.",0.6222,<long> -> bench,0.5778,kimchi -> real,0.576,kimchi -> real,60,68,0.0,0.244,0.147,60,90,31,0.0,0.14,8.0,lemon,0.65,7,3.52,14.36,0.25,"lemon 20%, kimchi 17%","<long> 24%, lemon 22%",0.5928,0.235,0.62
r8s_1313_laundry_detergent_scen,"Suggest a type of laundry detergent scent. Reply with only the name, nothing else.",0.6222,<long> -> bench,0.525,lavender -> real,0.5667,lavender -> bench,60,68,0.0,0.244,0.147,60,90,17,0.0,0.147,7.6,fresh linen,0.7,5,2.67,3.67,0.688,"lavender 62%, fresh linen 13%","lavender 57%, <long> 24%",0.6103,0.15,0.89
r8_1095_minotaur,"Name a minotaur. Reply with only the name, nothing else.",0.6222,<long> -> bench,0.6056,asterion -> real,0.5515,minotaur -> bench,60,68,0.0,0.244,0.147,60,90,27,0.0,0.147,8.1,asterion,0.7,7,3.15,4.77,0.672,"asterion 70%, minos 7%","asterion 49%, <long> 24%",0.6383,0.182,0.938
r8_1347_marvel_superhero,"Name a marvel superhero. Reply with only the name, nothing else.",0.6222,<long> -> bench,0.5639,spider-man -> real,0.5353,iron man -> bench,60,68,0.0,0.244,0.147,60,90,7,0.0,0.14,7.2,iron man,0.55,4,2.92,2.15,0.688,"iron man 65%, spider-man 32%","iron man 54%, <long> 24%",0.6114,0.038,1.183
r8s_1301_game_fish,"Suggest a type of game fish. Reply with only the name, nothing else.",0.6222,<long> -> bench,0.6028,bass -> real,0.5123,bass -> bench,60,68,0.0,0.244,0.147,60,90,9,0.0,0.147,7.3,bass,0.6,2,1.96,1.47,0.93,"bass 92%, marlin 2%","bass 71%, <long> 24%",0.6231,0.097,0.918
r8_1065_culinary_mushroom,"Name a culinary mushroom. Reply with only the name, nothing else.",0.6222,portobello -> real,0.6222,portobello -> real,0.5575,portobello -> real,60,73,0.0,0.189,0.113,60,90,10,0.0,0.113,7.3,portobello,0.8,4,2.03,2.5,0.737,"portobello 80%, shiitake 17%","portobello 56%, <long> 19%",0.5953,0.331,0.932
r8_1521_gorgon,"Name a gorgon. Reply with only the name, nothing else.",0.6222,medusa -> real,0.6222,medusa -> real,0.5211,medusa -> real,60,71,0.0,0.211,0.127,60,90,5,0.0,0.127,6.8,medusa,1.0,1,1.0,1.14,0.977,medusa 100%,"medusa 76%, <long> 21%",0.6392,0.059,0.975
r8s_0730_chinese_zodiac_animal,"Suggest a type of chinese zodiac animal. Reply with only the name, nothing else.",0.6222,dragon -> real,0.6222,dragon -> real,0.5618,dragon -> real,60,76,0.0,0.156,0.093,60,90,9,0.0,0.093,4.9,dragon,0.75,4,2.28,2.0,0.831,"dragon 90%, rat 8%","dragon 66%, <long> 16%",0.6278,0.218,0.927
r8_0437_south_american_country,"Name a south american country. Reply with only the name, nothing else.",0.6222,brazil -> real,0.6222,brazil -> real,0.5072,belize -> bench,60,69,0.0,0.233,0.14,60,90,3,0.0,0.14,6.2,brazil,0.9,2,1.38,1.05,0.992,brazil 100%,"brazil 76%, <long> 23%",0.5997,0.083,1.159
r8_1605_desert_animal,"Name a desert animal. Reply with only the name, nothing else.",0.6222,<long> -> bench,0.5694,fennec fox -> real,0.5152,camel -> real,60,68,0.0,0.244,0.147,60,90,4,0.0,0.147,8.3,fennec fox,0.85,2,1.53,2.01,0.625,"fennec fox 62%, camel 38%","fennec fox 48%, camel 27%",0.6539,0.093,0.868
r8s_0276_snow,"Suggest a type of snow. Reply with only the name, nothing else.",0.6222,<long> -> bench,0.5306,powder -> real,0.5809,powder -> bench,60,68,0.0,0.244,0.147,60,90,17,0.0,0.147,7.3,powder,0.9,3,1.48,2.39,0.836,"powder 75%, hail 5%","powder 69%, <long> 24%",0.6325,0.155,0.896
r8_0038_car_brand,"Name a car brand. Reply with only the name, nothing else.",0.6222,<long> -> bench,0.5972,toyota -> real,0.5328,ford -> bench,60,68,0.0,0.244,0.147,60,90,5,0.0,0.147,6.4,toyota,0.85,3,1.68,2.17,0.742,"toyota 75%, tesla 17%","toyota 56%, <long> 24%",0.635,0.109,1.047
r8s_0136_amusement_park_ride,"Suggest a type of amusement park ride. Reply with only the name, nothing else.",0.6222,<long> -> bench,0.5611,roller coaster -> real,0.5485,roller coaster -> bench,60,68,0.0,0.244,0.147,60,90,13,0.0,0.147,8.9,roller coaster,0.85,2,1.53,2.05,0.852,"roller coaster 80%, ferris wheel 7%","roller coaster 68%, <long> 24%",0.64,0.144,0.958
r8s_1292_vegetable_that_is_gree,"Suggest a type of vegetable that is green. Reply with only the name, nothing else.",0.6222,broccoli -> real,0.6222,broccoli -> real,0.5477,broccoli -> real,60,74,0.0,0.178,0.107,60,90,6,0.0,0.1,6.0,broccoli,1.0,1,1.0,1.61,0.881,"broccoli 93%, spinach 7%","broccoli 69%, <long> 18%",0.6228,0.118,1.091
r8_0920_poetic_device,"Name a poetic device. Reply with only the name, nothing else.",0.6222,metaphor -> real,0.6222,metaphor -> real,0.5539,alliteration -> bench,60,68,0.0,0.244,0.147,60,90,9,0.0,0.147,8.0,metaphor,0.85,2,1.53,2.02,0.805,"metaphor 83%, alliteration 8%","metaphor 59%, <long> 24%",0.6267,0.054,0.982
r8s_1275_woodland_plant,"Suggest a type of woodland plant. Reply with only the name, nothing else.",0.6222,<long> -> bench,0.6056,fern -> real,0.5446,bluebell -> bench,60,68,0.0,0.244,0.147,60,90,15,0.0,0.147,6.9,wood anemone,0.55,9,4.99,3.78,0.633,"fern 67%, bluebell 12%","fern 46%, <long> 24%",0.6847,0.198,0.947
r8_0984_occupation_in_building,"Name an occupation in building trade. Reply with only the name, nothing else.",0.6222,<long> -> bench,0.6056,carpenter -> real,0.5176,electrician -> real,60,68,0.0,0.244,0.147,60,90,6,0.0,0.14,8.0,carpenter,1.0,1,1.0,1.32,0.945,"carpenter 93%, electrician 5%","carpenter 72%, <long> 24%",0.6264,0.099,1.016
r8_0386_wizard,"Name a wizard. Reply with only the name, nothing else.",0.6222,<long> -> bench,0.6028,gandalf -> real,0.5417,gandalf -> real,60,68,0.0,0.244,0.147,60,90,8,0.0,0.133,7.6,gandalf,0.5,3,2.57,2.92,0.539,"gandalf 58%, merlin 35%","gandalf 38%, merlin 28%",0.6236,0.108,0.801
r8s_0141_renewable_energy_sourc,"Suggest a type of renewable energy source. Reply with only the name, nothing else.",0.6222,<long> -> bench,0.5722,solar energy -> real,0.5255,solar energy -> real,60,68,0.0,0.244,0.147,60,90,6,0.0,0.14,6.8,solar energy,0.65,3,2.36,3.25,0.406,"solar energy 43%, solar 30%","solar energy 29%, solar 26%",0.6392,0.064,0.954
r8s_0156_singer,"Suggest a type of singer. Reply with only the name, nothing else.",0.6222,<long> -> bench,0.5556,pop -> real,0.584,opera singer -> bench,58,65,0.033,0.278,0.18,60,90,33,0.0,0.18,8.4,soprano,0.5,5,3.2,14.53,0.244,"pop 20%, opera singer 15%","<long> 28%, opera singer 23%",0.6208,0.211,0.692
r8s_0254_breakfast_food,"Suggest a type of breakfast food. Reply with only the name, nothing else.",0.6222,<long> -> bench,0.5611,pancakes -> real,0.55,avocado toast -> real,60,68,0.0,0.244,0.147,60,90,10,0.0,0.147,8.1,pancakes,0.85,3,1.68,2.46,0.734,"pancakes 70%, oatmeal 15%","pancakes 58%, <long> 24%",0.5986,0.073,0.943
r8_0561_roman_god,"Name a roman god. Reply with only the name, nothing else.",0.6222,<long> -> bench,0.5778,mars -> real,0.5328,mars -> real,60,68,0.0,0.244,0.147,60,90,9,0.0,0.147,7.2,jupiter,0.65,3,2.21,2.59,0.547,"jupiter 52%, mars 43%","jupiter 43%, mars 28%",0.61,0.08,0.954
r8s_0335_cheese,"Suggest a type of cheese. Reply with only the name, nothing else.",0.6222,<long> -> bench,0.5417,gouda -> real,0.5529,cheddar -> bench,60,68,0.0,0.244,0.147,60,90,6,0.0,0.147,7.4,cheddar,0.8,4,2.03,2.67,0.656,"cheddar 60%, gouda 22%","cheddar 53%, <long> 24%",0.6139,0.048,0.895
r8s_1092_ceramic,"Suggest a type of ceramic. Reply with only the name, nothing else.",0.6222,porcelain -> real,0.6222,porcelain -> real,0.5286,alumina -> bench,60,70,0.0,0.222,0.133,60,90,10,0.0,0.133,7.1,porcelain,0.95,2,1.22,1.62,0.908,"porcelain 93%, earthenware 2%","porcelain 69%, <long> 22%",0.6703,0.086,0.954
r8s_1065_culinary_mushroom,"Suggest a type of culinary mushroom. Reply with only the name, nothing else.",0.6222,<long> -> bench,0.5889,shiitake -> real,0.5583,shiitake -> real,60,68,0.0,0.244,0.147,60,90,9,0.0,0.147,8.3,portobello,0.7,5,2.67,2.75,0.609,"portobello 60%, shiitake 37%","portobello 47%, <long> 24%",0.5964,0.119,0.894
r8s_0876_performing_art_venue,"Suggest a type of performing-art venue. Reply with only the name, nothing else.",0.6222,<long> -> bench,0.5306,opera house -> real,0.5423,opera house -> bench,58,65,0.033,0.278,0.18,60,90,31,0.0,0.167,8.4,opera house,0.65,6,3.2,7.4,0.545,"opera house 48%, theater 13%","opera house 42%, <long> 28%",0.6181,0.266,0.846
r8_0199_watch_brand,"Name a watch brand. Reply with only the name, nothing else.",0.6222,rolex -> real,0.6222,rolex -> real,0.5286,rolex -> real,60,70,0.0,0.222,0.133,60,90,10,0.0,0.12,6.8,rolex,1.0,1,1.0,1.87,0.869,"rolex 90%, seiko 7%","rolex 66%, <long> 22%",0.6286,0.168,0.964
r8_0197_vegetable,"Name a vegetable. Reply with only the name, nothing else.",0.6222,<long> -> bench,0.6167,carrot -> real,0.5304,carrot -> real,60,68,0.0,0.244,0.147,60,90,7,0.0,0.147,7.3,carrot,0.75,2,1.75,2.1,0.734,"carrot 77%, broccoli 23%","carrot 53%, <long> 24%",0.5886,0.261,1.168
r8s_0871_invertebrate,"Suggest a type of invertebrate. Reply with only the name, nothing else.",0.6222,<long> -> bench,0.5944,octopus -> real,0.5387,octopus -> real,60,68,0.0,0.244,0.147,60,90,15,0.0,0.147,7.6,octopus,0.9,2,1.38,3.69,0.492,"octopus 53%, jellyfish 35%","octopus 34%, jellyfish 28%",0.6536,0.215,0.794
r8_0962_goddess,"Name a type of goddess. Reply with only the name, nothing else.",0.6222,<long> -> bench,0.5611,aphrodite -> real,0.5593,aphrodite -> real,60,68,0.0,0.244,0.147,60,90,31,0.0,0.147,7.7,earth goddess,0.2,12,10.17,12.74,0.297,"athena 30%, demeter 15%","<long> 24%, athena 22%",0.5911,0.298,0.737
r8_1689_alga,"Name an alga. Reply with only the name, nothing else.",0.6222,<long> -> bench,0.5528,spirulina -> real,0.5211,spirogyra -> real,60,68,0.0,0.244,0.147,60,90,9,0.0,0.14,8.2,spirogyra,0.45,3,2.91,3.68,0.414,"spirulina 42%, chlorella 30%","spirulina 31%, chlorella 26%",0.6361,0.081,1.043
r8_1720_casino_game,"Name a casino game. Reply with only the name, nothing else.",0.6222,<long> -> bench,0.6222,blackjack -> real,0.5299,roulette -> bench,60,68,0.0,0.244,0.147,60,90,6,0.0,0.147,7.4,blackjack,0.75,5,2.45,1.91,0.805,"blackjack 83%, roulette 12%","blackjack 59%, <long> 24%",0.6336,0.119,0.943
r8s_0097_string_instrument,"Suggest a type of string instrument. Reply with only the name, nothing else.",0.6222,<long> -> bench,0.5639,violin -> real,0.5559,guitar -> bench,60,68,0.0,0.244,0.147,60,90,9,0.0,0.147,7.4,violin,0.5,3,2.35,3.04,0.633,"violin 62%, cello 22%","violin 49%, <long> 24%",0.6233,0.102,0.986
r8_0243_phase_of_the_moon,"Name a phase of the moon. Reply with only the name, nothing else.",0.6222,<long> -> bench,0.6139,full moon -> real,0.5701,new moon -> bench,60,68,0.0,0.244,0.147,60,90,10,0.0,0.147,7.9,full moon,0.6,2,1.96,3.45,0.523,"full moon 58%, waxing gibbous 18%","full moon 36%, <long> 24%",0.6411,0.044,1.09
r8_1118_herd_animal,"Name a herd animal. Reply with only the name, nothing else.",0.6222,<long> -> bench,0.5611,horse -> real,0.6441,cow -> bench,60,68,0.0,0.244,0.147,60,90,11,0.0,0.14,6.5,cow,0.75,4,2.23,3.2,0.703,"cow 55%, horse 17%","cow 63%, <long> 24%",0.5967,0.183,1.054
r8s_0089_muscle,"Suggest a type of muscle. Reply with only the name, nothing else.",0.6222,<long> -> bench,0.55,bicep -> real,0.5657,skeletal muscle -> bench,60,68,0.0,0.244,0.147,60,90,17,0.0,0.147,8.0,skeletal muscle,0.75,4,2.23,6.34,0.453,"skeletal muscle 38%, bicep 17%","skeletal muscle 39%, <long> 24%",0.6244,0.215,0.693
r8s_1191_bulb_vegetable,"Suggest a type of bulb vegetable. Reply with only the name, nothing else.",0.6222,<long> -> bench,0.5472,garlic -> real,0.5608,onion -> bench,60,68,0.0,0.244,0.147,60,90,5,0.0,0.14,7.1,onion,0.8,2,1.65,1.88,0.781,"onion 72%, garlic 22%","onion 63%, <long> 24%",0.62,0.071,0.971
r8_0159_melon,"Name a melon. Reply with only the name, nothing else.",0.6222,<long> -> bench,0.5667,cantaloupe -> real,0.5333,crenshaw -> real,60,68,0.0,0.244,0.147,60,90,9,0.0,0.14,8.5,cantaloupe,0.95,2,1.22,2.67,0.648,"cantaloupe 63%, watermelon 25%","cantaloupe 50%, <long> 24%",0.6217,0.057,0.902
r8_1473_visual_art_style,"Name a visual art style. Reply with only the name, nothing else.",0.6222,<long> -> bench,0.5556,impressionism -> real,0.5451,impressionism -> bench,60,68,0.0,0.244,0.147,60,90,15,0.0,0.147,8.1,impressionism,0.9,3,1.48,2.86,0.781,"impressionism 73%, ukiyo-e 5%","impressionism 62%, <long> 24%",0.5969,0.194,0.991
r8_0378_number,"Name a number. Reply with only the name, nothing else.",0.6222,<long> -> bench,0.6111,seven -> real,0.5529,42 -> bench,60,68,0.0,0.244,0.147,60,90,17,0.0,0.133,6.6,seven,0.95,2,1.22,5.18,0.547,"seven 60%, 42 10%","seven 38%, <long> 24%",0.6681,0.305,1.01
r8s_0064_pastry,"Suggest a type of pastry. Reply with only the name, nothing else.",0.6222,<long> -> bench,0.5972,croissant -> real,0.5196,croissant -> bench,60,68,0.0,0.244,0.147,60,90,8,0.0,0.14,7.4,croissant,0.95,2,1.22,1.41,0.938,"croissant 92%, éclair 3%","croissant 72%, <long> 24%",0.6244,0.14,0.98
r8s_0732_dried_culinary_herb,"Suggest a type of dried culinary herb. Reply with only the name, nothing else.",0.6222,<long> -> bench,0.5889,oregano -> real,0.5593,basil -> bench,60,68,0.0,0.244,0.147,60,90,8,0.0,0.147,7.6,oregano,0.35,4,3.89,3.83,0.43,"oregano 37%, basil 37%","basil 37%, <long> 24%",0.6147,0.114,1.02
r8s_0707_cave_formation,"Suggest a type of cave formation. Reply with only the name, nothing else.",0.6222,stalactite -> real,0.6222,stalactite -> real,0.5123,stalactite -> real,60,69,0.0,0.233,0.14,60,90,5,0.0,0.127,8.7,stalactite,0.95,2,1.22,1.26,0.953,"stalactite 97%, stalagmite 3%","stalactite 72%, <long> 23%",0.6444,0.061,0.954
r8_1075_edible_substance,"Name an edible substance. Reply with only the name, nothing else.",0.6222,<long> -> bench,0.5444,apple -> real,0.5598,apple -> bench,60,68,0.0,0.244,0.147,60,90,16,0.0,0.147,6.6,apple,0.9,3,1.48,2.68,0.797,"apple 73%, chocolate 7%","apple 64%, <long> 24%",0.5672,0.269,0.802
r8_0883_handbag_style,"Name a handbag style. Reply with only the name, nothing else.",0.6222,<long> -> bench,0.5889,tote -> real,0.5172,tote -> bench,60,68,0.0,0.244,0.147,60,90,5,0.0,0.147,7.4,tote,0.9,2,1.38,1.62,0.852,"tote 83%, tote bag 13%","tote 66%, <long> 24%",0.6439,0.077,0.966
r8_0904_jungle_animal,"Name a jungle animal. Reply with only the name, nothing else.",0.6222,jaguar -> real,0.6222,jaguar -> real,0.5888,tiger -> bench,60,71,0.0,0.211,0.127,60,90,9,0.0,0.113,7.0,jaguar,0.8,4,2.03,2.99,0.557,"jaguar 63%, tiger 22%","jaguar 39%, tiger 31%",0.6717,0.107,0.875
r8_1999_speaker_brand,"Name a speaker brand. Reply with only the name, nothing else.",0.6222,<long> -> bench,0.5639,harman kardon -> real,0.6147,bose -> bench,60,68,0.0,0.244,0.147,60,90,9,0.0,0.147,7.5,bose,0.95,2,1.22,3.2,0.672,"bose 55%, harman kardon 15%","bose 59%, <long> 24%",0.6253,0.209,0.827
r8_0925_acorn_feeder_animal,"Name an acorn feeder animal. Reply with only the name, nothing else.",0.6222,<long> -> bench,0.6139,squirrel -> real,0.5623,squirrels -> bench,60,68,0.0,0.244,0.147,60,90,18,0.0,0.147,7.5,squirrel,0.35,5,4.05,3.74,0.68,"squirrel 72%, squirrels 7%","squirrel 49%, <long> 24%",0.64,0.161,0.931
r8s_0030_condiment,"Suggest a type of condiment. Reply with only the name, nothing else.",0.6222,<long> -> bench,0.5472,ketchup -> real,0.5265,ketchup -> bench,60,68,0.0,0.244,0.147,60,90,14,0.0,0.147,7.4,ketchup,0.55,5,3.12,3.48,0.578,"ketchup 55%, mustard 28%","ketchup 46%, <long> 24%",0.5906,0.116,1.019
r8s_0086_shellfish,"Suggest a type of shellfish. Reply with only the name, nothing else.",0.6222,lobster -> real,0.6222,lobster -> real,0.5903,lobster -> real,60,72,0.0,0.2,0.12,60,90,12,0.0,0.12,6.9,oyster,0.6,4,2.63,3.4,0.477,"lobster 50%, oyster 42%","oyster 42%, lobster 26%",0.6261,0.161,0.696
r8s_0100_brass_instrument,"Suggest a type of brass instrument. Reply with only the name, nothing else.",0.6222,<long> -> bench,0.5944,trumpet -> real,0.5206,trumpet -> bench,60,68,0.0,0.244,0.147,60,90,4,0.0,0.14,7.2,trumpet,0.85,3,1.68,1.39,0.922,"trumpet 90%, trombone 7%","trumpet 71%, <long> 24%",0.6142,0.111,0.901
r8s_0898_smoothie_ingredient,"Suggest a type of smoothie ingredient. Reply with only the name, nothing else.",0.6222,<long> -> bench,0.5778,banana -> real,0.5196,spinach -> real,60,68,0.0,0.244,0.147,60,90,12,0.0,0.14,7.2,banana,0.9,3,1.48,3.3,0.633,"banana 63%, mango 20%","banana 48%, <long> 24%",0.6183,0.182,0.98
r8_1469_musical_scale,"Name a musical scale. Reply with only the name, nothing else.",0.6222,<long> -> bench,0.6056,c major -> real,0.5211,c major -> real,60,68,0.0,0.244,0.147,60,90,15,0.0,0.14,7.4,c major,0.45,4,3.02,3.33,0.711,"c major 73%, major scale 8%","c major 52%, <long> 24%",0.6311,0.269,0.986
r8s_1063_accessory,"Suggest a type of accessory. Reply with only the name, nothing else.",0.6222,<long> -> bench,0.5528,scarf -> bench,0.5935,scarf -> bench,58,65,0.033,0.278,0.18,60,90,48,0.0,0.16,8.2,scarf,0.3,10,7.84,21.55,0.22,"watch 12%, scarf 12%","<long> 28%, scarf 22%",0.6153,0.354,0.689
r8_1477_cloud_temperature,"Name a type of cloud temperature. Reply with only the name, nothing else.",0.6222,<long> -> bench,0.5306,cumulus -> real,0.5433,cumulus temperature -> bench,52,56,0.133,0.378,0.28,60,90,49,0.0,0.267,11.6,supercooled,0.2,15,12.85,26.27,0.157,"cumulus 15%, cirrus 13%","<long> 38%, cumulus 9%",0.6272,0.265,0.728
r8_1139_shade_of_green,"Name a shade of green. Reply with only the name, nothing else.",0.6222,<long> -> bench,0.6028,olive -> bench,0.6495,olive -> bench,60,68,0.0,0.244,0.147,60,90,17,0.0,0.147,7.3,emerald,0.5,4,3.39,6.93,0.242,"emerald 28%, sage 27%","olive 29%, <long> 24%",0.6297,0.161,1.057
r8_0006_mammal,"Name a mammal. Reply with only the name, nothing else.",0.6222,<long> -> bench,0.5833,dog -> real,0.5706,cat -> bench,60,68,0.0,0.244,0.147,60,90,15,0.0,0.133,6.7,elephant,0.35,5,4.18,5.34,0.508,"dog 53%, elephant 20%","dog 37%, <long> 24%",0.6167,0.384,1.078
r8_1337_ancient_city,"Name an ancient city. Reply with only the name, nothing else.",0.6222,<long> -> bench,0.5389,alexandria -> real,0.5716,babylon -> bench,60,68,0.0,0.244,0.147,60,90,20,0.0,0.133,7.7,babylon,0.8,5,2.18,5.19,0.609,"babylon 53%, alexandria 10%","babylon 51%, <long> 24%",0.61,0.286,0.967
r8_0030_condiment,"Name a type of condiment. Reply with only the name, nothing else.",0.6222,ketchup -> real,0.6222,ketchup -> real,0.5444,ketchup -> real,60,72,0.0,0.2,0.12,60,90,5,0.0,0.113,6.5,ketchup,0.9,3,1.48,1.82,0.818,"ketchup 87%, mustard 12%","ketchup 62%, <long> 20%",0.6222,0.163,1.129
r8_0738_demon,"Name a demon. Reply with only the name, nothing else.",0.6222,<long> -> bench,0.5917,asmodeus -> real,0.5809,asmodeus -> real,60,68,0.0,0.244,0.147,60,90,21,0.0,0.147,8.0,lucifer,0.5,5,3.2,7.58,0.414,"lucifer 38%, asmodeus 25%","lucifer 33%, <long> 24%",0.6231,0.278,1.016
r8_0687_ballet_move,"Name a ballet move. Reply with only the name, nothing else.",0.6222,<long> -> bench,0.6111,pirouette -> real,0.5392,pirouette -> real,60,68,0.0,0.244,0.147,60,90,15,0.0,0.147,8.5,pirouette,0.7,4,2.49,3.67,0.625,"pirouette 67%, arabesque 20%","pirouette 44%, <long> 24%",0.6053,0.279,1.065
r8_0763_camouflaged_animal,"Name a camouflaged animal. Reply with only the name, nothing else.",0.6222,<long> -> bench,0.55,arctic fox -> real,0.5688,chameleon -> bench,58,65,0.033,0.278,0.18,60,90,17,0.0,0.173,8.7,chameleon,0.4,5,3.84,8.8,0.366,"chameleon 28%, arctic fox 17%","chameleon 31%, <long> 28%",0.5864,0.275,0.851
r8_0836_film_director,"Name a film director. Reply with only the name, nothing else.",0.6222,<long> -> bench,0.6222,christopher nolan -> real,0.5539,christopher nolan -> real,60,68,0.0,0.244,0.147,60,90,13,0.0,0.14,7.4,steven spielberg,0.55,2,1.99,3.26,0.609,"christopher nolan 67%, steven spielberg 28%","christopher nolan 42%, <long> 24%",0.6286,0.093,0.993
r8_0805_cooking_vessel,"Name a cooking vessel. Reply with only the name, nothing else.",0.6222,<long> -> bench,0.5833,wok -> real,0.5814,pot -> bench,60,68,0.0,0.244,0.147,60,90,12,0.0,0.147,7.0,pot,0.4,6,4.87,4.18,0.453,"wok 40%, pot 37%","pot 40%, <long> 24%",0.5914,0.245,0.861
r8_0787_rainforest,"Name a rainforest. Reply with only the name, nothing else.",0.6222,amazon rainforest -> real,0.6222,amazon rainforest -> real,0.5162,amazon rainforest -> real,60,68,0.0,0.244,0.147,60,90,5,0.0,0.147,8.1,amazon rainforest,0.9,3,1.48,1.52,0.883,"amazon rainforest 90%, amazon 10%","amazon rainforest 66%, <long> 24%",0.5833,0.186,0.841
r8_0274_metal,"Name a metal. Reply with only the name, nothing else.",0.6222,<long> -> bench,0.5889,iron -> real,0.525,titanium -> real,60,68,0.0,0.244,0.147,60,90,6,0.0,0.147,6.4,iron,0.65,3,2.43,2.07,0.773,"iron 77%, gold 17%","iron 59%, <long> 24%",0.5622,0.251,0.642
r8_1862_jelly,"Name a jelly. Reply with only the name, nothing else.",0.6222,<long> -> bench,0.5528,moon jelly -> real,0.551,moon jelly -> real,60,68,0.0,0.244,0.147,60,90,93,0.0,0.147,7.9,jam,0.05,20,20.0,70.83,0.07,"moon jelly 12%, jellyfish 8%","<long> 24%, grape jelly 8%",0.6369,0.44,0.95
r8s_1712_laboratory_glassware,"Suggest a type of laboratory glassware. Reply with only the name, nothing else.",0.6222,<long> -> bench,0.5556,beaker -> real,0.5397,beaker -> bench,60,68,0.0,0.244,0.147,60,90,10,0.0,0.133,7.6,beaker,0.6,4,2.63,2.71,0.742,"beaker 70%, erlenmeyer flask 13%","beaker 59%, <long> 24%",0.645,0.204,0.946
r8_1220_neurotransmitter,"Name a neurotransmitter. Reply with only the name, nothing else.",0.6222,<long> -> bench,0.5806,dopamine -> real,0.5328,serotonin -> real,60,68,0.0,0.244,0.147,60,90,4,0.0,0.147,8.0,dopamine,0.8,2,1.65,1.59,0.844,"dopamine 82%, serotonin 18%","dopamine 66%, <long> 24%",0.5894,0.196,0.95
r8_1147_gas_station_brand,"Name a gas station brand. Reply with only the name, nothing else.",0.6194,shell -> real,0.6194,shell -> real,0.5288,shell -> real,60,71,0.0,0.211,0.127,60,90,5,0.0,0.127,5.9,shell,0.85,2,1.53,1.53,0.885,"shell 92%, exxon 8%","shell 68%, <long> 21%",0.6056,0.136,1.087
r8_0340_mythical_place,"Name a mythical place. Reply with only the name, nothing else.",0.6194,<long> -> bench,0.5667,dorado -> bench,0.595,dorado -> bench,59,67,0.017,0.256,0.16,60,90,12,0.0,0.16,8.2,atlantis,0.85,3,1.51,4.82,0.508,"atlantis 50%, shambhala 18%","atlantis 38%, <long> 26%",0.6142,0.157,0.816
r8s_0537_cooking_fat,"Suggest a type of cooking fat. Reply with only the name, nothing else.",0.6194,<long> -> bench,0.5917,ghee -> real,0.5988,butter -> bench,59,67,0.017,0.256,0.16,60,90,9,0.0,0.16,8.1,olive oil,0.7,3,2.23,3.87,0.452,"olive oil 47%, butter 22%","olive oil 32%, butter 31%",0.615,0.153,1.095
r8_1087_feature_film,"Name a feature film. Reply with only the name, nothing else.",0.6194,<long> -> bench,0.5611,godfather -> real,0.525,shawshank redemption -> real,59,67,0.017,0.256,0.16,60,90,17,0.0,0.153,8.3,godfather,0.6,4,2.97,5.52,0.389,"godfather 40%, inception 28%","godfather 28%, <long> 26%",0.6086,0.154,0.996
r8_1081_guitar_brand,"Name a guitar brand. Reply with only the name, nothing else.",0.6194,fender -> real,0.6194,fender -> real,0.56,gibson -> bench,60,75,0.0,0.167,0.1,60,90,4,0.0,0.093,6.2,fender,1.0,1,1.0,1.55,0.859,"fender 92%, gibson 7%","fender 68%, <long> 17%",0.6161,0.063,1.232
r8s_0556_bedroom_item,"Suggest a type of bedroom item. Reply with only the name, nothing else.",0.6194,<long> -> bench,0.5583,nightstand -> real,0.5474,mattress -> real,59,67,0.017,0.256,0.16,60,90,28,0.0,0.147,7.6,pillow,0.2,10,8.12,12.45,0.254,"nightstand 28%, mattress 17%","<long> 26%, nightstand 17%",0.6203,0.187,0.704
r8_0455_museum,"Name a museum. Reply with only the name, nothing else.",0.6194,<long> -> bench,0.6111,louvre -> real,0.518,british museum -> real,59,67,0.017,0.256,0.16,60,90,5,0.0,0.153,8.4,louvre,1.0,1,1.0,1.26,0.952,"louvre 93%, british museum 5%","louvre 71%, <long> 26%",0.6203,0.071,0.968
r8_0338_ritual,"Name a ritual. Reply with only the name, nothing else.",0.6194,<long> -> bench,0.5167,coming of age -> real,0.5246,tea ceremony -> bench,55,61,0.083,0.322,0.227,60,90,95,0.0,0.18,9.6,día de los muertos,0.15,18,16.96,86.49,0.043,"<long> 8%, equinox 3%","<long> 32%, wedding 4%",0.6239,0.558,0.968
r8s_0055_mollusk,"Suggest a type of mollusk. Reply with only the name, nothing else.",0.6194,octopus -> real,0.6194,octopus -> real,0.6194,snail -> bench,60,72,0.0,0.2,0.12,60,90,10,0.0,0.12,6.5,octopus,0.65,4,2.52,4.75,0.326,"octopus 42%, oyster 33%","oyster 26%, snail 24%",0.6331,0.173,0.839
r8_0039_ancient_civilization,"Name an ancient civilization. Reply with only the name, nothing else.",0.6194,<long> -> bench,0.6111,egypt -> real,0.5731,egypt -> real,59,67,0.017,0.256,0.16,60,90,19,0.0,0.153,7.4,egypt,0.75,5,2.45,7.19,0.397,"egypt 47%, mesopotamia 18%","<long> 26%, egypt 24%",0.6158,0.278,1.078
r8s_0034_ice_cream_flavor,"Suggest a type of ice cream flavor. Reply with only the name, nothing else.",0.6194,<long> -> bench,0.575,mint chocolate chip -> real,0.5491,mint chocolate chip -> real,59,67,0.017,0.256,0.16,60,90,34,0.0,0.16,9.4,salted caramel,0.6,7,3.92,15.55,0.27,"mint chocolate chip 32%, salted caramel 12%","<long> 26%, mint chocolate chip 17%",0.6114,0.206,0.996
r8_0537_cooking_fat,"Name a cooking fat. Reply with only the name, nothing else.",0.6194,<long> -> bench,0.5694,olive oil -> real,0.5799,butter -> bench,59,67,0.017,0.256,0.16,60,90,8,0.0,0.16,7.8,butter,0.6,3,2.28,2.19,0.746,"butter 65%, olive oil 25%","butter 61%, <long> 26%",0.6056,0.115,0.872
r8_0493_habitat,"Name a habitat. Reply with only the name, nothing else.",0.6194,<long> -> bench,0.5889,rainforest -> real,0.5464,coral reef -> real,59,67,0.017,0.256,0.16,60,90,16,0.0,0.153,7.7,rainforest,0.6,4,2.89,5.05,0.548,"rainforest 57%, coral reef 15%","rainforest 39%, <long> 26%",0.6275,0.3,0.867
r8_0133_sushi_roll,"Name a sushi roll. Reply with only the name, nothing else.",0.6194,<long> -> bench,0.5806,spicy tuna roll -> real,0.5945,california roll -> bench,59,67,0.017,0.256,0.16,60,90,10,0.0,0.153,8.1,california roll,0.8,4,2.03,3.26,0.643,"california roll 53%, spicy tuna roll 25%","california roll 54%, <long> 26%",0.61,0.142,1.081
r8_1714_donut_chain,"Name a donut chain. Reply with only the name, nothing else.",0.6194,<long> -> bench,0.5694,dunkin -> real,0.5295,krispy kreme -> real,59,67,0.017,0.256,0.16,60,90,6,0.0,0.16,9.6,dunkin,0.9,2,1.38,2.18,0.754,"dunkin 72%, dunkin donuts 13%","dunkin 58%, <long> 26%",0.5836,0.156,0.879
r8_0807_ukulele,"Name an ukulele. Reply with only the name, nothing else.",0.6194,<long> -> bench,0.575,kala -> real,0.5312,soprano -> bench,57,64,0.05,0.289,0.193,60,90,49,0.0,0.187,9.4,kala,0.35,14,10.12,14.8,0.446,"kala 45%, kala makala 7%","kala 30%, <long> 29%",0.6656,0.234,1.04
r8_0402_body_fluid,"Name a body fluid. Reply with only the name, nothing else.",0.6167,<long> -> bench,0.5778,blood -> real,0.5355,saliva -> real,60,69,0.0,0.233,0.14,60,90,8,0.0,0.133,6.4,blood,1.0,1,1.0,1.58,0.899,"blood 87%, saliva 10%","blood 71%, <long> 23%",0.5961,0.133,0.983
r8_1080_stadium,"Name a stadium. Reply with only the name, nothing else.",0.6167,<long> -> bench,0.6,wembley stadium -> real,0.5355,yankee stadium -> real,60,69,0.0,0.233,0.14,60,90,10,0.0,0.14,8.7,wembley stadium,0.85,4,1.8,2.36,0.791,"wembley stadium 80%, yankee stadium 10%","wembley stadium 60%, <long> 23%",0.6169,0.135,0.968
r8_0433_college_major,"Name a college major. Reply with only the name, nothing else.",0.6167,<long> -> bench,0.5778,psychology -> real,0.5714,computer science -> bench,60,69,0.0,0.233,0.14,60,90,9,0.0,0.14,7.2,computer science,0.65,2,1.91,2.27,0.76,"computer science 68%, psychology 23%","computer science 63%, <long> 23%",0.5936,0.1,0.889
r8_1619_occupation_in_transpor,"Name an occupation in transport. Reply with only the name, nothing else.",0.6167,<long> -> bench,0.5694,truck driver -> real,0.5525,truck driver -> real,60,69,0.0,0.233,0.14,60,90,10,0.0,0.14,7.2,pilot,0.7,5,2.74,3.58,0.589,"pilot 53%, truck driver 25%","pilot 49%, <long> 23%",0.5919,0.191,0.878
r8_0191_herb,"Name a herb. Reply with only the name, nothing else.",0.6167,<long> -> bench,0.6139,basil -> real,0.5134,rosemary -> bench,60,69,0.0,0.233,0.14,60,90,6,0.0,0.133,7.1,basil,1.0,1,1.0,1.31,0.946,"basil 95%, mint 2%","basil 72%, <long> 23%",0.6336,0.118,1.016
r8s_0771_carrot,"Suggest a type of carrot. Reply with only the name, nothing else.",0.6167,<long> -> bench,0.5333,baby carrots -> real,0.5639,nantes -> bench,54,60,0.1,0.333,0.24,60,90,33,0.0,0.227,10.4,nantes,0.85,4,1.8,10.71,0.456,"nantes 35%, <long> 10%","nantes 34%, <long> 33%",0.6,0.161,0.892
r8_0359_amino_acid,"Name an amino acid. Reply with only the name, nothing else.",0.6167,<long> -> bench,0.6139,glycine -> real,0.575,alanine -> bench,58,66,0.033,0.267,0.173,60,90,9,0.0,0.173,9.2,glycine,0.65,2,1.91,2.81,0.661,"glycine 68%, alanine 13%","glycine 46%, <long> 27%",0.6428,0.129,0.985
r8_0056_literary_genre,"Name a literary genre. Reply with only the name, nothing else.",0.6167,<long> -> bench,0.6083,science fiction -> real,0.5413,sci-fi -> bench,60,69,0.0,0.233,0.14,60,90,8,0.0,0.14,7.1,science fiction,0.85,4,1.8,2.7,0.721,"science fiction 75%, fantasy 13%","science fiction 53%, <long> 23%",0.635,0.285,1.153
r8_1653_mop,"Name a mop. Reply with only the name, nothing else.",0.6167,<long> -> bench,0.5833,swiffer -> real,0.6029,o-cedar -> bench,58,66,0.033,0.267,0.173,60,90,49,0.0,0.16,8.5,swiffer,0.4,11,7.38,20.12,0.282,"swiffer 33%, mop 5%","<long> 27%, o-cedar 19%",0.6314,0.21,0.884
r8s_0464_yogurt,"Suggest a type of yogurt. Reply with only the name, nothing else.",0.6167,<long> -> bench,0.5806,greek -> real,0.5569,greek -> real,60,69,0.0,0.233,0.14,60,90,9,0.0,0.14,7.3,greek yogurt,0.9,2,1.38,2.28,0.698,"greek yogurt 67%, greek 32%","greek yogurt 56%, <long> 23%",0.5942,0.191,0.934
r8_1597_goblin,"Name a goblin. Reply with only the name, nothing else.",0.6167,<long> -> bench,0.525,glimmer -> real,0.5351,grok -> bench,60,69,0.0,0.233,0.14,60,90,91,0.0,0.14,8.0,sprocket,0.1,18,17.41,75.4,0.054,"gribble 7%, glimmer 5%","<long> 23%, grok 7%",0.5964,0.484,1.005
r8s_0413_ice_cream_topping,"Suggest a type of ice cream topping. Reply with only the name, nothing else.",0.6167,<long> -> bench,0.5333,caramel drizzle -> real,0.5536,chocolate syrup -> bench,60,69,0.0,0.233,0.14,60,90,34,0.0,0.133,7.8,whipped cream,0.15,15,13.42,17.93,0.209,"sprinkles 18%, hot fudge 10%","<long> 23%, sprinkles 18%",0.5961,0.21,0.892
r8s_0485_film_genre,"Suggest a film genre. Reply with only the name, nothing else.",0.6167,<long> -> bench,0.6,sci-fi -> real,0.571,science fiction -> bench,60,69,0.0,0.233,0.14,60,90,19,0.0,0.14,7.1,science fiction,0.35,6,4.79,4.31,0.597,"sci-fi 63%, science fiction 13%","sci-fi 43%, <long> 23%",0.6189,0.403,0.819
r8s_1638_lip_balm_flavor,"Suggest a type of lip balm flavor. Reply with only the name, nothing else.",0.6167,<long> -> bench,0.5278,strawberry -> real,0.5504,mint -> bench,60,69,0.0,0.233,0.14,60,90,28,0.0,0.133,7.6,peppermint,0.2,12,10.44,7.26,0.504,"mint 45%, peppermint 13%","mint 42%, <long> 23%",0.5869,0.205,0.948
r8_1475_hair_dye_color,"Name a hair dye color. Reply with only the name, nothing else.",0.6167,<long> -> bench,0.5778,platinum blonde -> real,0.5221,midnight blue -> real,60,69,0.0,0.233,0.14,60,90,29,0.0,0.127,7.6,platinum blonde,0.7,7,3.15,8.4,0.512,"platinum blonde 53%, midnight blue 12%","platinum blonde 38%, <long> 23%",0.6133,0.447,1.032
r8_1456_tolkien_character,"Name a tolkien character. Reply with only the name, nothing else.",0.6167,<long> -> bench,0.5583,frodo baggins -> real,0.5428,frodo -> bench,60,69,0.0,0.233,0.14,60,90,9,0.0,0.14,9.0,frodo baggins,0.65,3,2.21,3.94,0.403,"frodo baggins 42%, gandalf 25%","frodo baggins 30%, frodo 24%",0.5861,0.113,0.726
r8_0311_cutting_board_material,"Name a cutting board material. Reply with only the name, nothing else.",0.6167,<long> -> bench,0.5861,bamboo -> real,0.512,bamboo -> bench,60,69,0.0,0.233,0.14,60,90,5,0.0,0.133,7.5,bamboo,0.85,2,1.53,1.76,0.829,"bamboo 82%, wood 13%","bamboo 64%, <long> 23%",0.635,0.063,0.83
r8s_0231_liquor,"Suggest a type of liquor. Reply with only the name, nothing else.",0.6167,whiskey -> real,0.6167,whiskey -> real,0.55,vodka -> bench,60,70,0.0,0.222,0.133,60,90,11,0.0,0.127,6.9,whiskey,0.85,3,1.68,3.11,0.685,"whiskey 73%, gin 13%","whiskey 50%, <long> 22%",0.6489,0.17,0.954
r8s_1446_garden_item,"Suggest a type of garden item. Reply with only the name, nothing else.",0.6167,<long> -> bench,0.5417,gazebo -> real,0.5475,rose -> bench,60,69,0.0,0.233,0.14,60,90,50,0.0,0.14,7.6,bird bath,0.15,15,13.78,29.92,0.14,"tomato 12%, garden gnome 10%","<long> 23%, tomato 12%",0.6097,0.397,0.723
r8_0552_water_sport,"Name a water sport. Reply with only the name, nothing else.",0.6167,<long> -> bench,0.575,kayaking -> real,0.5207,sailing -> bench,60,69,0.0,0.233,0.14,60,90,12,0.0,0.14,7.4,surfing,0.8,3,1.85,3.36,0.496,"kayaking 52%, surfing 40%","kayaking 37%, surfing 28%",0.6206,0.066,1.099
r8_0533_yoga_pose,"Name a yoga pose. Reply with only the name, nothing else.",0.6167,<long> -> bench,0.6111,downward-facing dog -> real,0.5638,downward-facing dog -> real,60,69,0.0,0.233,0.14,60,90,14,0.0,0.133,8.6,downward-facing dog,0.5,6,4.06,5.37,0.465,"downward-facing dog 53%, warrior ii 13%","downward-facing dog 31%, <long> 23%",0.6403,0.231,1.094
r8_1048_laboratory_apparatus,"Name a type of laboratory apparatus. Reply with only the name, nothing else.",0.6167,<long> -> bench,0.5833,bunsen burner -> real,0.5225,bunsen burner -> real,60,69,0.0,0.233,0.14,60,90,10,0.0,0.133,8.2,beaker,0.55,4,3.03,3.54,0.543,"bunsen burner 57%, burette 23%","bunsen burner 40%, <long> 23%",0.6158,0.233,0.863
r8_1135_cookie_variety,"Name a cookie variety. Reply with only the name, nothing else.",0.6167,chocolate chip -> real,0.6167,chocolate chip -> real,0.5468,chocolate chip -> real,60,73,0.0,0.189,0.113,60,90,12,0.0,0.113,6.9,chocolate chip,0.9,2,1.38,2.49,0.782,"chocolate chip 83%, oatmeal raisin 8%","chocolate chip 60%, <long> 19%",0.6453,0.172,0.99
r8_0971_vampire,"Name a vampire. Reply with only the name, nothing else.",0.6167,dracula -> real,0.6167,dracula -> real,0.5333,count dracula -> bench,60,72,0.0,0.2,0.12,60,90,9,0.0,0.12,6.6,dracula,0.85,3,1.68,1.6,0.902,"dracula 93%, carmilla 2%","dracula 70%, <long> 20%",0.6036,0.117,1.031
r8_0281_geyser,"Name a geyser. Reply with only the name, nothing else.",0.6167,<long> -> bench,0.6111,old faithful -> real,0.5083,steamboat geyser -> real,60,69,0.0,0.233,0.14,60,90,6,0.0,0.14,7.9,old faithful,1.0,1,1.0,1.2,0.969,"old faithful 97%, steamboat geyser 2%","old faithful 74%, <long> 23%",0.65,0.088,1.042
r8_0708_sparkling_wine,"Name a sparkling wine. Reply with only the name, nothing else.",0.6167,<long> -> bench,0.5917,moët & chandon -> real,0.6228,champagne -> bench,60,69,0.0,0.233,0.14,60,90,13,0.0,0.14,7.8,champagne,0.9,2,1.38,4.22,0.581,"champagne 45%, moët & chandon 22%","champagne 53%, <long> 23%",0.5947,0.174,0.978
r8s_1707_equestrian_sport,"Suggest a type of equestrian sport. Reply with only the name, nothing else.",0.6167,<long> -> bench,0.6083,show jumping -> real,0.5822,dressage -> bench,60,69,0.0,0.233,0.14,60,90,6,0.0,0.14,7.9,show jumping,0.55,3,2.33,2.19,0.605,"dressage 52%, show jumping 45%","dressage 52%, <long> 23%",0.6219,0.051,0.904
r8_0128_medicine,"Name a medicine. Reply with only the name, nothing else.",0.6167,<long> -> bench,0.5667,aspirin -> real,0.5287,aspirin -> real,54,60,0.1,0.333,0.24,60,90,12,0.0,0.22,11.0,ibuprofen,0.55,4,2.71,3.38,0.5,"ibuprofen 45%, aspirin 37%","<long> 33%, ibuprofen 33%",0.5992,0.096,0.908
r8s_1855_food_group,"Suggest a type of food group. Reply with only the name, nothing else.",0.6167,<long> -> bench,0.5806,vegetables -> real,0.5605,grains -> bench,60,69,0.0,0.233,0.14,60,90,7,0.0,0.133,7.5,vegetables,0.6,4,2.81,3.24,0.566,"vegetables 58%, grains 18%","vegetables 42%, <long> 23%",0.6275,0.215,1.067
r8_0495_egg_dish,"Name an egg dish. Reply with only the name, nothing else.",0.6167,<long> -> bench,0.5611,shakshuka -> real,0.5594,shakshuka -> real,60,69,0.0,0.233,0.14,60,90,12,0.0,0.14,8.4,scrambled eggs,0.8,2,1.65,4.09,0.543,"scrambled eggs 53%, omelette 20%","scrambled eggs 42%, <long> 23%",0.6161,0.121,0.884
r8_1164_horse_race,"Name a horse race. Reply with only the name, nothing else.",0.6167,kentucky derby -> real,0.6167,kentucky derby -> real,0.5071,grand national -> bench,60,70,0.0,0.222,0.133,60,90,3,0.0,0.133,7.7,kentucky derby,1.0,1,1.0,1.05,0.992,kentucky derby 100%,"kentucky derby 77%, <long> 22%",0.6069,0.061,0.957
r8_0959_tarot_card,"Name a tarot card. Reply with only the name, nothing else.",0.6167,<long> -> bench,0.5333,fool -> real,0.558,fool -> bench,60,69,0.0,0.233,0.14,60,90,14,0.0,0.14,7.2,fool,0.75,4,2.28,3.15,0.729,"fool 67%, tower 12%","fool 60%, <long> 23%",0.5972,0.061,0.963
r8_0589_pigment,"Name a type of pigment. Reply with only the name, nothing else.",0.6167,<long> -> bench,0.5611,chlorophyll -> bench,0.6152,chlorophyll -> bench,60,69,0.0,0.233,0.14,60,90,20,0.0,0.14,8.3,melanin,0.55,3,2.53,4.45,0.473,"melanin 47%, chlorophyll 23%","melanin 37%, chlorophyll 36%",0.5839,0.109,1.115
r8s_0048_citrus_fruit,"Suggest a type of citrus fruit. Reply with only the name, nothing else.",0.6167,<long> -> bench,0.55,orange -> real,0.529,grapefruit -> bench,60,69,0.0,0.233,0.14,60,90,7,0.0,0.14,7.2,orange,0.55,4,2.92,3.62,0.364,"grapefruit 33%, lemon 32%","grapefruit 30%, <long> 23%",0.6042,0.087,0.918
r8_0922_tread,"Name a tread. Reply with only the name, nothing else.",0.6167,<long> -> bench,0.5583,tread -> real,0.57,tread -> real,50,54,0.167,0.4,0.307,60,90,89,0.0,0.2,11.4,search,0.05,20,20.0,77.17,0.067,"<long> 17%, tread 12%","<long> 40%, goodyear wrangler 3%",0.6461,0.52,0.792
r8s_1520_vaccine,"Suggest a type of vaccine. Reply with only the name, nothing else.",0.6167,<long> -> bench,0.5722,mmr -> real,0.6603,mrna vaccine -> bench,52,57,0.133,0.367,0.273,60,90,16,0.0,0.26,11.5,mrna vaccine,0.7,5,2.74,4.87,0.514,"mrna vaccine 30%, mrna 22%","mrna vaccine 42%, <long> 37%",0.6242,0.213,0.711
r8s_0004_amphibian,"Suggest a type of amphibian. Reply with only the name, nothing else.",0.6167,<long> -> bench,0.55,salamander -> real,0.5514,frog -> bench,60,69,0.0,0.233,0.14,60,90,10,0.0,0.127,7.2,frog,0.75,4,2.23,2.14,0.822,"frog 77%, salamander 13%","frog 67%, <long> 23%",0.5992,0.204,0.753
r8_0640_work_by_charles_dicken,"Name a work by charles dicken. Reply with only the name, nothing else.",0.6167,<long> -> bench,0.5806,tale of two cities -> real,0.5569,tale of two cities -> real,60,69,0.0,0.233,0.14,60,90,7,0.0,0.133,8.7,tale of two cities,0.55,4,2.92,3.42,0.519,"great expectations 52%, tale of two cities 32%","great expectations 40%, <long> 23%",0.5861,0.122,0.762
r8_0691_boy_band,"Name a boy band. Reply with only the name, nothing else.",0.6167,<long> -> bench,0.5694,one direction -> real,0.5783,backstreet boys -> bench,60,69,0.0,0.233,0.14,60,90,11,0.0,0.14,7.6,backstreet boys,0.8,4,2.03,4.08,0.55,"backstreet boys 47%, one direction 18%","backstreet boys 48%, <long> 23%",0.6039,0.259,1.36
r8s_0168_sports_equipment,"Suggest a type of sports equipment. Reply with only the name, nothing else.",0.6167,<long> -> bench,0.5444,basketball -> real,0.5663,tennis racket -> bench,60,69,0.0,0.233,0.14,60,90,11,0.0,0.14,7.8,tennis racket,0.45,6,3.77,2.67,0.721,"tennis racket 65%, basketball 20%","tennis racket 60%, <long> 23%",0.6025,0.121,1.014
r8s_0013_legume,"Suggest a type of legume. Reply with only the name, nothing else.",0.6167,<long> -> bench,0.6028,chickpea -> real,0.5851,lentil -> bench,60,69,0.0,0.233,0.14,60,90,8,0.0,0.14,8.4,chickpea,0.55,4,2.92,3.53,0.457,"chickpea 52%, lentil 25%","lentil 32%, chickpea 31%",0.6433,0.108,0.941
r8s_0083_wild_animal,"Suggest a type of wild animal. Reply with only the name, nothing else.",0.6167,<long> -> bench,0.6139,lion -> bench,0.6663,lion -> bench,60,69,0.0,0.233,0.14,60,90,26,0.0,0.133,7.0,snow leopard,0.3,10,8.05,11.84,0.295,"snow leopard 20%, lion 12%","lion 34%, <long> 23%",0.6153,0.311,0.934
r8_0830_river_in_europe,"Name a river in europe. Reply with only the name, nothing else.",0.6167,<long> -> bench,0.6,danube -> real,0.5239,danube -> real,60,69,0.0,0.233,0.14,60,90,8,0.0,0.14,7.2,danube,0.7,3,2.11,2.58,0.674,"danube 70%, rhine 23%","danube 50%, <long> 23%",0.6058,0.35,1.039
r8s_0140_coral,"Suggest a type of coral. Reply with only the name, nothing else.",0.6167,<long> -> bench,0.5806,acropora -> real,0.5687,acropora -> real,58,66,0.033,0.267,0.173,60,90,10,0.0,0.173,9.1,brain coral,0.4,5,3.89,4.69,0.395,"staghorn coral 38%, acropora 25%","staghorn coral 29%, <long> 27%",0.6011,0.149,0.929
r8s_0190_wood,"Suggest a type of wood. Reply with only the name, nothing else.",0.6167,<long> -> bench,0.6083,oak -> real,0.5145,pine -> bench,60,69,0.0,0.233,0.14,60,90,10,0.0,0.14,6.3,oak,0.8,5,2.18,1.58,0.915,"oak 92%, mahogany 3%","oak 70%, <long> 23%",0.6192,0.108,0.979
r8s_0372_dried_fruit,"Suggest a type of dried fruit. Reply with only the name, nothing else.",0.6167,<long> -> bench,0.5611,dates -> real,0.5594,dates -> real,60,69,0.0,0.233,0.14,60,90,14,0.0,0.127,7.5,raisins,0.75,4,2.23,3.15,0.736,"raisins 68%, dates 13%","raisins 60%, <long> 23%",0.61,0.209,0.874
r8_1332_lucky_charm,"Name a lucky charm. Reply with only the name, nothing else.",0.6167,<long> -> bench,0.5917,four-leaf clover -> real,0.5366,clover -> real,60,69,0.0,0.233,0.14,60,90,13,0.0,0.14,9.4,four-leaf clover,1.0,1,1.0,2.25,0.822,"four-leaf clover 82%, clover 12%","four-leaf clover 63%, <long> 23%",0.6364,0.222,1.054
r8s_0240_art_medium,"Suggest a type of art medium. Reply with only the name, nothing else.",0.6167,<long> -> bench,0.5417,watercolor -> real,0.525,watercolor painting -> real,60,69,0.0,0.233,0.14,60,90,13,0.0,0.14,7.1,watercolor,0.45,5,3.77,3.66,0.465,"oil painting 45%, watercolor 38%","oil painting 37%, watercolor 30%",0.6228,0.056,1.011
r8_0827_russian_novelist,"Name a russian novelist. Reply with only the name, nothing else.",0.6167,<long> -> bench,0.5889,dostoevsky -> real,0.5703,dostoevsky -> real,60,69,0.0,0.233,0.14,60,90,8,0.0,0.14,9.9,leo tolstoy,0.6,2,1.96,3.77,0.442,"leo tolstoy 43%, dostoevsky 30%","leo tolstoy 34%, <long> 23%",0.5936,0.102,0.865
r8_1960_mushroom_edible,"Name a mushroom edible. Reply with only the name, nothing else.",0.6167,<long> -> bench,0.5556,portobello -> real,0.525,chanterelle -> real,60,69,0.0,0.233,0.14,60,90,15,0.0,0.14,7.8,portobello,0.65,3,2.21,4.46,0.543,"portobello 53%, button mushroom 18%","portobello 42%, <long> 23%",0.6031,0.113,0.928
r8_1924_carnival_food,"Name a carnival food. Reply with only the name, nothing else.",0.6167,<long> -> bench,0.5833,cotton candy -> real,0.5428,cotton candy -> real,60,69,0.0,0.233,0.14,60,90,10,0.0,0.14,7.7,corn dog,0.6,4,2.89,4.34,0.388,"cotton candy 43%, corn dogs 23%","cotton candy 27%, <long> 23%",0.5992,0.098,0.662
r8_1947_clothing_fastener,"Name a clothing fastener. Reply with only the name, nothing else.",0.6167,zipper -> real,0.6167,zipper -> real,0.5595,zipper -> real,60,70,0.0,0.222,0.133,60,90,5,0.0,0.12,6.4,zipper,0.65,2,1.91,2.59,0.569,"zipper 63%, button 32%","zipper 40%, button 29%",0.62,0.105,0.839
r8_1852_fantasy_author,"Name a fantasy author. Reply with only the name, nothing else.",0.6167,<long> -> bench,0.5667,j.r.r. tolkien -> real,0.5246,j.r.r. tolkien -> bench,60,69,0.0,0.233,0.14,60,90,12,0.0,0.14,9.4,j.r.r. tolkien,0.9,3,1.48,2.84,0.76,"j.r.r. tolkien 73%, brandon sanderson 7%","j.r.r. tolkien 60%, <long> 23%",0.5936,0.249,0.933
r8_0769_camping_gear,"Name a camping gear. Reply with only the name, nothing else.",0.6167,tent -> real,0.6167,tent -> real,0.5083,flashlight -> real,60,69,0.0,0.233,0.14,60,90,6,0.0,0.14,7.1,tent,1.0,1,1.0,1.24,0.961,"tent 97%, flashlight 2%","tent 73%, <long> 23%",0.5947,0.063,0.952
r8_0004_amphibian,"Name an amphibian. Reply with only the name, nothing else.",0.6167,frog -> real,0.6167,frog -> real,0.525,frog -> real,60,72,0.0,0.2,0.12,60,90,6,0.0,0.12,6.5,frog,0.95,2,1.22,1.34,0.939,"frog 97%, salamander 2%","frog 73%, <long> 20%",0.6131,0.089,1.002
r8_0705_parasitic_organism,"Name a type of parasitic organism. Reply with only the name, nothing else.",0.6167,<long> -> bench,0.6139,tapeworm -> real,0.5337,plasmodium -> bench,60,69,0.0,0.233,0.14,60,90,10,0.0,0.133,8.2,tapeworm,1.0,1,1.0,2.27,0.752,"tapeworm 78%, plasmodium 15%","tapeworm 56%, <long> 23%",0.6456,0.112,0.827
r8_0759_cheese_soft,"Name a cheese soft. Reply with only the name, nothing else.",0.6167,brie -> real,0.6167,brie -> real,0.5207,camembert -> bench,60,69,0.0,0.233,0.14,60,90,8,0.0,0.14,7.1,brie,0.95,2,1.22,1.48,0.922,"brie 93%, camembert 2%","brie 70%, <long> 23%",0.5758,0.122,0.956
r8_0737_tea_variety,"Name a tea variety. Reply with only the name, nothing else.",0.6167,earl grey -> real,0.6167,earl grey -> real,0.5405,earl grey -> real,60,70,0.0,0.222,0.133,60,90,11,0.0,0.133,7.6,earl grey,0.4,6,4.11,2.88,0.723,"earl grey 77%, darjeeling 10%","earl grey 53%, <long> 22%",0.6317,0.144,1.01
r8_1974_camera_brand,"Name a camera brand. Reply with only the name, nothing else.",0.6167,<long> -> bench,0.5722,canon -> real,0.5366,sony -> real,60,69,0.0,0.233,0.14,60,90,6,0.0,0.14,6.3,canon,0.9,2,1.38,1.9,0.829,"canon 80%, sony 12%","canon 66%, <long> 23%",0.6444,0.185,1.088
r8_1178_watercolor_painting,"Name a type of watercolor painting. Reply with only the name, nothing else.",0.6167,<long> -> bench,0.575,wet-on-wet -> real,0.5598,wet-on-wet -> real,60,69,0.0,0.233,0.14,60,90,8,0.0,0.14,8.1,gouache,0.55,3,2.53,2.96,0.628,"gouache 58%, wet-on-wet 25%","gouache 51%, <long> 23%",0.6217,0.087,0.918
r8_0105_fungus,"Name a type of fungus. Reply with only the name, nothing else.",0.6139,mushroom -> real,0.6139,mushroom -> real,0.5503,penicillium -> bench,59,68,0.017,0.244,0.153,60,90,12,0.0,0.153,8.3,mushroom,0.85,4,1.8,2.41,0.803,"mushroom 82%, morel 5%","mushroom 59%, <long> 24%",0.5794,0.151,0.928
r8s_0060_feeling,"Suggest a type of feeling. Reply with only the name, nothing else.",0.6139,<long> -> bench,0.5722,nostalgia -> bench,0.6416,nostalgia -> bench,59,68,0.017,0.244,0.153,60,90,30,0.0,0.147,8.2,nostalgia,0.6,5,3.01,9.76,0.457,"nostalgia 30%, serenity 15%","nostalgia 44%, <long> 24%",0.605,0.315,0.833
r8_1181_color_of_sky,"Name a color of sky. Reply with only the name, nothing else.",0.6139,blue -> real,0.6139,blue -> real,0.5071,brown -> bench,60,70,0.0,0.222,0.133,60,90,4,0.0,0.133,6.0,blue,1.0,1,1.0,1.13,0.977,"blue 98%, azure 2%","blue 76%, <long> 22%",0.5694,0.12,0.779
r8_1240_social_institution,"Name a social institution. Reply with only the name, nothing else.",0.6139,family -> real,0.6139,family -> real,0.5356,school -> bench,59,68,0.017,0.244,0.153,60,90,5,0.0,0.147,6.5,family,1.0,1,1.0,2.11,0.764,"family 78%, education 15%","family 56%, <long> 24%",0.6261,0.273,0.847
r8_0093_marsupial,"Name a marsupial. Reply with only the name, nothing else.",0.6139,kangaroo -> real,0.6139,kangaroo -> real,0.5217,koala -> bench,60,71,0.0,0.211,0.127,60,90,3,0.0,0.127,7.5,kangaroo,0.85,2,1.53,1.4,0.893,"kangaroo 92%, koala 8%","kangaroo 69%, <long> 21%",0.6033,0.133,1.0
r8_0357_sculptor,"Name a sculptor. Reply with only the name, nothing else.",0.6139,michelangelo -> real,0.6139,michelangelo -> real,0.5453,michelangelo -> real,60,73,0.0,0.189,0.113,60,90,4,0.0,0.113,6.7,michelangelo,1.0,1,1.0,1.85,0.767,"michelangelo 82%, auguste rodin 18%","michelangelo 59%, <long> 19%",0.605,0.041,0.927
r8s_0453_root_crop,"Suggest a type of root crop. Reply with only the name, nothing else.",0.6139,<long> -> bench,0.575,potato -> real,0.5631,carrot -> bench,59,68,0.017,0.244,0.153,60,90,15,0.0,0.153,7.5,carrot,0.6,3,2.28,4.32,0.559,"carrot 48%, potato 28%","carrot 47%, <long> 24%",0.6264,0.075,0.998
r8s_0937_funeral_item,"Suggest a type of funeral item. Reply with only the name, nothing else.",0.6139,<long> -> bench,0.5917,urn -> real,0.5301,urn -> real,57,65,0.05,0.278,0.187,60,90,10,0.0,0.18,8.4,urn,0.45,4,3.29,3.24,0.582,"urn 58%, casket 17%","urn 40%, <long> 28%",0.6178,0.285,0.678
r8_0260_waterfowl,"Name a waterfowl. Reply with only the name, nothing else.",0.6139,<long> -> bench,0.5472,mallard -> real,0.5416,duck -> bench,59,68,0.017,0.244,0.153,60,90,9,0.0,0.153,7.6,mallard,0.6,2,1.96,2.82,0.638,"duck 58%, mallard 25%","duck 51%, <long> 24%",0.5883,0.151,0.876
r8s_0219_bear_species,"Suggest a bear species. Reply with only the name, nothing else.",0.6139,polar bear -> real,0.6139,polar bear -> real,0.5486,polar bear -> real,60,72,0.0,0.2,0.12,60,90,9,0.0,0.12,7.3,polar bear,0.45,5,3.94,2.81,0.697,"polar bear 75%, grizzly bear 13%","polar bear 52%, <long> 20%",0.6206,0.289,0.965
r8_0665_biological_process,"Name a type of biological process. Reply with only the name, nothing else.",0.6111,<long> -> bench,0.6028,photosynthesis -> real,0.5167,cellular respiration -> real,60,70,0.0,0.222,0.133,60,90,6,0.0,0.133,6.9,photosynthesis,0.9,2,1.38,1.28,0.954,"photosynthesis 95%, cellular respiration 3%","photosynthesis 74%, <long> 22%",0.6314,0.079,1.016
r8_1951_dystopian_novel,"Name a dystopian novel. Reply with only the name, nothing else.",0.6111,1984 -> real,0.6111,1984 -> real,0.507,handmaids tale -> bench,60,71,0.0,0.211,0.127,60,90,3,0.0,0.127,8.5,1984,1.0,1,1.0,1.05,0.992,1984 100%,"1984 78%, <long> 21%",0.6042,0.063,1.03
r8_1766_arthritis,"Name a type of arthritis. Reply with only the name, nothing else.",0.6111,rheumatoid arthritis -> real,0.6111,rheumatoid arthritis -> real,0.5533,rheumatoid arthritis -> real,60,75,0.0,0.167,0.1,60,90,6,0.0,0.1,8.5,rheumatoid arthritis,0.85,2,1.53,1.96,0.741,"rheumatoid arthritis 80%, osteoarthritis 18%","rheumatoid arthritis 58%, osteoarthritis 23%",0.6264,0.035,0.782
r8s_1902_mountain_rock,"Suggest a type of mountain rock. Reply with only the name, nothing else.",0.6111,granite -> real,0.6111,granite -> real,0.5205,granite -> real,60,73,0.0,0.189,0.113,60,90,5,0.0,0.107,6.4,granite,1.0,1,1.0,1.14,0.977,granite 100%,"granite 78%, <long> 19%",0.6344,0.037,1.118
r8_0086_shellfish,"Name a shellfish. Reply with only the name, nothing else.",0.6111,<long> -> bench,0.575,oyster -> real,0.5167,mussel -> real,60,70,0.0,0.222,0.133,60,90,11,0.0,0.133,7.2,oyster,0.75,4,2.28,3.91,0.569,"oyster 58%, lobster 17%","oyster 43%, <long> 22%",0.5986,0.262,0.766
r8_1694_artificial_sweetener,"Name an artificial sweetener. Reply with only the name, nothing else.",0.6111,<long> -> bench,0.5778,aspartame -> real,0.5286,aspartame -> bench,60,70,0.0,0.222,0.133,60,90,4,0.0,0.133,7.7,aspartame,0.95,2,1.22,1.32,0.931,"aspartame 90%, sucralose 8%","aspartame 74%, <long> 22%",0.625,0.113,1.006
r8_1920_gymnastics_event,"Name a gymnastics event. Reply with only the name, nothing else.",0.6111,<long> -> bench,0.5361,floor exercise -> real,0.5214,vault -> bench,60,70,0.0,0.222,0.133,60,90,15,0.0,0.133,6.8,vault,0.45,4,3.29,4.99,0.392,"floor exercise 38%, vault 30%","floor exercise 31%, vault 27%",0.5975,0.267,0.843
r8_0369_alien,"Name an alien. Reply with only the name, nothing else.",0.6111,<long> -> bench,0.5778,zog -> real,0.5929,e.t -> bench,60,70,0.0,0.222,0.133,60,90,50,0.0,0.133,7.6,e.t,0.35,13,9.44,26.01,0.2,"zog 17%, zorg 12%","<long> 22%, e.t 22%",0.6331,0.231,0.836
r8s_0775_texture_of_food,"Suggest a type of texture of food. Reply with only the name, nothing else.",0.6111,<long> -> bench,0.5333,creamy -> real,0.5345,crunchy -> bench,60,70,0.0,0.222,0.133,60,90,8,0.0,0.133,7.6,crunchy,0.85,3,1.68,2.94,0.554,"crunchy 52%, crispy 30%","crunchy 46%, crispy 24%",0.6211,0.162,0.905
r8s_0524_kitchen_utensil,"Suggest a type of kitchen utensil. Reply with only the name, nothing else.",0.6111,<long> -> bench,0.5361,whisk -> real,0.55,spatula -> bench,60,70,0.0,0.222,0.133,60,90,12,0.0,0.133,7.5,spatula,0.35,7,5.15,3.76,0.554,"spatula 50%, whisk 28%","spatula 47%, <long> 22%",0.6103,0.185,0.972
r8_0554_angel,"Name an angel. Reply with only the name, nothing else.",0.6111,<long> -> bench,0.6,michael -> real,0.5738,gabriel -> bench,60,70,0.0,0.222,0.133,60,90,14,0.0,0.127,6.4,michael,0.75,2,1.75,3.96,0.438,"michael 50%, gabriel 27%","gabriel 32%, michael 30%",0.615,0.097,0.773
r8s_0191_herb,"Suggest a type of herb. Reply with only the name, nothing else.",0.6111,<long> -> bench,0.5972,basil -> real,0.5119,rosemary -> real,60,70,0.0,0.222,0.133,60,90,4,0.0,0.133,6.9,basil,0.95,2,1.22,1.37,0.923,"basil 92%, rosemary 7%","basil 72%, <long> 22%",0.6347,0.129,0.957
r8s_0115_acid,"Suggest a type of acid. Reply with only the name, nothing else.",0.6111,<long> -> bench,0.5667,hydrochloric acid -> real,0.5777,sulfuric acid -> bench,58,67,0.033,0.256,0.167,60,90,10,0.0,0.167,10.2,sulfuric acid,0.5,4,3.13,2.86,0.704,"sulfuric acid 60%, hydrochloric acid 20%","sulfuric acid 58%, <long> 26%",0.6164,0.216,0.866
r8s_0127_flightless_bird,"Suggest a type of flightless bird. Reply with only the name, nothing else.",0.6111,penguin -> real,0.6111,penguin -> real,0.5957,ostrich -> bench,58,67,0.033,0.256,0.167,60,90,8,0.0,0.153,8.1,penguin,0.5,4,3.39,3.46,0.48,"penguin 53%, ostrich 23%","ostrich 32%, penguin 31%",0.6078,0.104,0.908
r8s_0056_literary_genre,"Suggest a literary genre. Reply with only the name, nothing else.",0.6111,<long> -> bench,0.5583,cyberpunk -> real,0.5952,science fiction -> bench,60,70,0.0,0.222,0.133,60,90,17,0.0,0.133,7.0,magical realism,0.5,5,3.79,3.76,0.669,"science fiction 57%, cyberpunk 18%","science fiction 59%, <long> 22%",0.5942,0.274,0.684
r8_0099_herbivore,"Name a herbivore. Reply with only the name, nothing else.",0.6111,<long> -> bench,0.6056,deer -> real,0.5869,cow -> bench,60,70,0.0,0.222,0.133,60,90,11,0.0,0.133,6.5,deer,0.5,4,2.99,4.07,0.477,"cow 38%, deer 37%","cow 43%, <long> 22%",0.6158,0.135,0.934
r8_1247_queen_song,"Name a queen song. Reply with only the name, nothing else.",0.6111,bohemian rhapsody -> real,0.6111,bohemian rhapsody -> real,0.5,,60,70,0.0,0.222,0.133,60,90,2,0.0,0.133,10.3,bohemian rhapsody,1.0,1,1.0,1.0,1.0,bohemian rhapsody 100%,"bohemian rhapsody 78%, <long> 22%",0.6544,0.04,1.023
r8s_1671_haunted_location,"Suggest a type of haunted location. Reply with only the name, nothing else.",0.6111,<long> -> bench,0.6056,abandoned asylum -> real,0.5357,abandoned asylum -> real,60,70,0.0,0.222,0.133,60,90,33,0.0,0.127,8.5,abandoned asylum,0.85,4,1.8,5.82,0.662,"abandoned asylum 70%, derelict asylum 5%","abandoned asylum 49%, <long> 22%",0.6108,0.259,0.894
r8_0138_fictional_place,"Name a fictional place. Reply with only the name, nothing else.",0.6111,<long> -> bench,0.5444,avalon -> real,0.5429,avalon -> real,60,70,0.0,0.222,0.133,60,90,47,0.0,0.12,7.4,middle-earth,0.3,9,6.8,17.39,0.354,"middle-earth 33%, neverland 10%","middle-earth 29%, <long> 22%",0.5942,0.3,0.957
r8s_0459_television_genre,"Suggest a television genre. Reply with only the name, nothing else.",0.6111,<long> -> bench,0.5417,documentary -> real,0.5417,drama -> bench,60,70,0.0,0.222,0.133,60,90,16,0.0,0.133,6.9,science fiction,0.4,7,4.75,6.77,0.362,"drama 32%, sitcom 17%","drama 31%, <long> 22%",0.6083,0.207,0.759
r8_0046_bird_of_prey,"Name a bird of prey. Reply with only the name, nothing else.",0.6111,<long> -> bench,0.5583,eagle -> real,0.5345,hawk -> bench,60,70,0.0,0.222,0.133,60,90,9,0.0,0.127,7.0,eagle,0.75,3,1.99,2.98,0.669,"eagle 65%, hawk 12%","eagle 53%, <long> 22%",0.6172,0.252,0.872
r8_0465_coffee_chain,"Name a coffee chain. Reply with only the name, nothing else.",0.6111,starbucks -> real,0.6111,starbucks -> real,0.507,dunkin -> bench,60,71,0.0,0.211,0.127,60,90,3,0.0,0.127,6.8,starbucks,1.0,1,1.0,1.05,0.992,starbucks 100%,"starbucks 78%, <long> 21%",0.5997,0.058,1.019
r8_0963_comic_book_villain,"Name a comic book villain. Reply with only the name, nothing else.",0.6111,<long> -> bench,0.5417,joker -> real,0.5345,thanos -> real,60,70,0.0,0.222,0.133,60,90,10,0.0,0.127,6.9,joker,0.7,5,2.74,3.46,0.615,"joker 58%, magneto 20%","joker 50%, <long> 22%",0.6142,0.273,0.854
r8_0823_lake_on_earth,"Name a lake on earth. Reply with only the name, nothing else.",0.6111,lake baikal -> real,0.6111,lake baikal -> real,0.5918,lake baikal -> real,60,71,0.0,0.211,0.127,60,90,11,0.0,0.127,6.9,lake baikal,0.6,3,2.55,4.73,0.359,"lake baikal 37%, lake superior 27%","lake superior 34%, <long> 21%",0.6208,0.09,1.013
r8_1252_farming_method,"Name a farming method. Reply with only the name, nothing else.",0.6111,<long> -> bench,0.6056,hydroponics -> real,0.531,hydroponics -> real,60,70,0.0,0.222,0.133,60,90,13,0.0,0.133,8.2,hydroponics,0.8,3,1.85,3.22,0.7,"hydroponics 73%, permaculture 8%","hydroponics 52%, <long> 22%",0.6328,0.291,0.963
r8_0585_detective,"Name a detective. Reply with only the name, nothing else.",0.6111,<long> -> bench,0.5972,sherlock holmes -> real,0.5107,sherlock holmes -> bench,60,70,0.0,0.222,0.133,60,90,7,0.0,0.133,7.8,sherlock holmes,1.0,1,1.0,1.25,0.962,"sherlock holmes 95%, shinichi kudo 2%","sherlock holmes 76%, <long> 22%",0.6411,0.084,0.759
r8_0673_angel,"Name an angel. Reply with only the name, nothing else.",0.6111,<long> -> bench,0.6083,michael -> real,0.556,michael -> real,60,70,0.0,0.222,0.133,60,90,8,0.0,0.12,6.5,michael,0.7,3,2.11,3.16,0.523,"michael 58%, gabriel 25%","michael 37%, <long> 22%",0.6022,0.097,0.779
r8_1162_girl_group,"Name a girl group. Reply with only the name, nothing else.",0.6111,<long> -> bench,0.5722,twice -> real,0.6036,blackpink -> bench,60,70,0.0,0.222,0.133,60,90,12,0.0,0.127,7.2,blackpink,0.85,4,1.8,3.04,0.662,"blackpink 55%, twice 27%","blackpink 59%, <long> 22%",0.5942,0.16,0.706
r8_0502_sleepwear,"Name a type of sleepwear. Reply with only the name, nothing else.",0.6111,<long> -> bench,0.5833,pajamas -> real,0.5274,robe -> real,60,70,0.0,0.222,0.133,60,90,5,0.0,0.133,7.6,pajamas,0.65,4,2.72,2.17,0.769,"pajamas 77%, robes 12%","pajamas 60%, <long> 22%",0.6147,0.236,0.938
r8_0556_bedroom_item,"Name a bedroom item. Reply with only the name, nothing else.",0.6111,<long> -> bench,0.5889,pillow -> real,0.6012,bed -> bench,60,70,0.0,0.222,0.133,60,90,11,0.0,0.133,6.4,pillow,0.8,4,2.03,3.01,0.492,"pillow 47%, bed 38%","bed 46%, pillow 29%",0.5931,0.177,0.708
r8s_1929_keyboard_instrument,"Suggest a type of keyboard instrument. Reply with only the name, nothing else.",0.6083,<long> -> bench,0.5639,piano -> real,0.534,piano -> bench,59,69,0.017,0.233,0.147,60,90,11,0.0,0.147,7.4,piano,0.8,3,1.85,1.93,0.867,"piano 82%, synthesizer 5%","piano 69%, <long> 23%",0.6147,0.123,0.913
r8s_1220_neurotransmitter,"Suggest a type of neurotransmitter. Reply with only the name, nothing else.",0.6083,<long> -> bench,0.5917,dopamine -> real,0.5231,serotonin -> real,59,69,0.017,0.233,0.147,60,90,7,0.0,0.133,8.0,dopamine,0.95,2,1.22,1.69,0.867,"dopamine 85%, serotonin 12%","dopamine 67%, <long> 23%",0.6072,0.165,0.92
r8_1567_seashell,"Name a seashell. Reply with only the name, nothing else.",0.6083,<long> -> bench,0.5833,conch -> real,0.6062,clam -> bench,59,69,0.017,0.233,0.147,60,90,24,0.0,0.147,7.6,conch,0.65,7,3.52,8.72,0.352,"conch 40%, nautilus 25%","<long> 23%, conch 23%",0.6331,0.218,0.975
r8_0958_beach_destination,"Name a beach destination. Reply with only the name, nothing else.",0.6083,maui -> real,0.6083,maui -> real,0.5958,malibu -> bench,60,72,0.0,0.2,0.12,60,90,19,0.0,0.113,6.7,maui,0.65,5,2.99,6.58,0.402,"maui 48%, maldives 17%","maui 27%, malibu 23%",0.6258,0.198,0.984
r8_0224_cosmetic,"Name a cosmetic. Reply with only the name, nothing else.",0.6083,<long> -> bench,0.525,maybelline fit me foundation -> real,0.5566,lipstick -> bench,57,66,0.05,0.267,0.18,60,90,49,0.0,0.16,9.2,lipstick,0.6,9,4.5,17.81,0.341,"lipstick 27%, maybelline 12%","lipstick 29%, <long> 27%",0.6406,0.314,0.895
r8_0304_jazz_musician,"Name a jazz musician. Reply with only the name, nothing else.",0.6083,miles davis -> real,0.6083,miles davis -> real,0.5125,miles davis -> real,60,72,0.0,0.2,0.12,60,90,5,0.0,0.113,7.3,miles davis,0.85,2,1.53,1.18,0.97,"miles davis 98%, louis armstrong 2%","miles davis 77%, <long> 20%",0.6269,0.081,1.009
r8_1265_thread,"Name a thread. Reply with only the name, nothing else.",0.6083,<long> -> bench,0.5167,silk -> bench,0.5263,silk -> bench,51,57,0.15,0.367,0.28,60,90,107,0.0,0.193,10.7,echo,0.05,20,20.0,104.75,0.028,"<long> 15%, anthropic-oauth kubernetes resource diagnosis 2%","<long> 37%, silk 3%",0.6753,0.529,0.44
r8_1867_piano,"Name a piano. Reply with only the name, nothing else.",0.6083,<long> -> bench,0.5444,steinway & sons -> real,0.5841,steinway -> bench,53,60,0.117,0.333,0.247,60,90,26,0.0,0.18,9.6,steinway model d,0.65,5,2.99,7.51,0.504,"steinway 37%, <long> 12%","steinway 39%, <long> 33%",0.6067,0.226,1.002
r8_0736_prehistoric_fish,"Name a prehistoric fish. Reply with only the name, nothing else.",0.6056,<long> -> bench,0.5611,dunkleosteus -> real,0.5353,coelacanth -> real,60,71,0.0,0.211,0.127,60,90,10,0.0,0.127,9.1,dunkleosteus,0.9,3,1.48,2.12,0.794,"dunkleosteus 77%, coelacanth 18%","dunkleosteus 64%, <long> 21%",0.5714,0.201,0.915
r8_1313_laundry_detergent_scen,"Name a laundry detergent scent. Reply with only the name, nothing else.",0.6056,<long> -> bench,0.5389,lavender -> real,0.525,fresh breeze -> real,60,71,0.0,0.211,0.127,60,90,32,0.0,0.127,7.2,lavender,0.35,8,5.12,8.69,0.481,"lavender 47%, fresh linen 12%","lavender 39%, <long> 21%",0.6047,0.303,0.95
r8s_0295_leafy_salad_green,"Suggest a type of leafy salad green. Reply with only the name, nothing else.",0.6056,<long> -> bench,0.5722,arugula -> real,0.5454,spinach -> bench,60,71,0.0,0.211,0.127,60,90,10,0.0,0.12,7.3,arugula,0.5,5,3.59,2.66,0.74,"arugula 73%, kale 12%","arugula 59%, <long> 21%",0.6039,0.265,1.091
r8s_0137_salad_ingredient,"Suggest a type of salad ingredient. Reply with only the name, nothing else.",0.6056,<long> -> bench,0.5944,arugula -> real,0.5915,tomato -> bench,60,71,0.0,0.211,0.127,60,90,10,0.0,0.127,7.0,cucumber,0.4,4,3.4,4.03,0.573,"cucumber 52%, arugula 23%","cucumber 49%, <long> 21%",0.6156,0.141,1.133
r8s_1467_toothpaste_flavor,"Suggest a type of toothpaste flavor. Reply with only the name, nothing else.",0.6056,<long> -> bench,0.5472,mint -> real,0.5608,peppermint -> bench,60,71,0.0,0.211,0.127,60,90,15,0.0,0.127,6.9,mint,0.5,6,3.95,3.65,0.679,"mint 65%, cinnamon 7%","mint 56%, <long> 21%",0.5847,0.327,0.761
r8s_0068_rodent,"Suggest a type of rodent. Reply with only the name, nothing else.",0.6056,<long> -> bench,0.5889,hamster -> real,0.5592,hamster -> real,60,71,0.0,0.211,0.127,60,90,15,0.0,0.127,6.7,hamster,0.45,6,4.06,5.3,0.336,"hamster 40%, squirrel 27%","squirrel 23%, hamster 22%",0.6381,0.173,0.763
r8s_0383_gemstone_color,"Suggest a type of gemstone color. Reply with only the name, nothing else.",0.6056,<long> -> bench,0.5528,emerald green -> real,0.5468,emerald -> real,60,71,0.0,0.211,0.127,60,90,28,0.0,0.113,6.8,emerald green,0.3,11,8.63,12.86,0.29,"emerald green 32%, emerald 15%","<long> 21%, emerald green 21%",0.6089,0.327,0.996
r8_0586_deity,"Name a deity. Reply with only the name, nothing else.",0.6056,<long> -> bench,0.5778,zeus -> real,0.5167,apollo -> real,60,71,0.0,0.211,0.127,60,90,27,0.0,0.12,6.6,zeus,0.8,4,2.03,4.55,0.695,"zeus 70%, thor 5%","zeus 54%, <long> 21%",0.6172,0.27,0.944
r8_0368_wine,"Name a wine. Reply with only the name, nothing else.",0.6056,<long> -> bench,0.5556,château margaux -> real,0.5289,pinot noir -> real,60,71,0.0,0.211,0.127,60,90,17,0.0,0.127,8.3,château margaux,0.5,5,3.45,5.97,0.344,"château margaux 37%, cabernet sauvignon 28%","château margaux 26%, <long> 21%",0.6136,0.154,1.014
r8_1812_limnodyte,"Name a limnodyte. Reply with only the name, nothing else.",0.6056,<long> -> bench,0.5167,no such entity exists -> real,0.5217,no such entity exists -> real,46,50,0.233,0.444,0.36,60,90,92,0.0,0.307,14.1,no such creature exists,0.35,14,10.12,88.83,0.031,"<long> 23%, none 3%","<long> 44%, orconectes virilis 2%",0.6119,0.525,1.003
r8_1804_marine_ecosystem,"Name a marine ecosystem. Reply with only the name, nothing else.",0.6056,<long> -> bench,0.6,coral reef -> real,0.5083,corals -> real,60,71,0.0,0.211,0.127,60,90,6,0.0,0.12,7.4,coral reef,1.0,1,1.0,1.38,0.931,"coral reef 93%, coral reefs 5%","coral reef 73%, <long> 21%",0.6175,0.066,0.979
r8_0632_european_capital,"Name an european capital. Reply with only the name, nothing else.",0.6056,<long> -> bench,0.5833,paris -> real,0.5083,oslo -> real,60,71,0.0,0.211,0.127,60,90,6,0.0,0.127,5.9,paris,0.85,2,1.53,1.88,0.802,"paris 80%, berlin 17%","paris 63%, <long> 21%",0.6058,0.237,1.026
r8s_0081_team_sport,"Suggest a type of team sport. Reply with only the name, nothing else.",0.6056,<long> -> bench,0.5917,soccer -> real,0.5292,soccer -> real,60,71,0.0,0.211,0.127,60,90,6,0.0,0.127,6.7,basketball,0.55,3,2.53,2.5,0.618,"soccer 65%, basketball 27%","soccer 47%, basketball 26%",0.6056,0.036,0.95
r8_1678_folk_tale,"Name a folk tale. Reply with only the name, nothing else.",0.6056,<long> -> bench,0.6056,cinderella -> real,0.5372,little red riding hood -> bench,56,65,0.067,0.278,0.193,60,90,10,0.0,0.16,9.2,cinderella,0.4,7,4.75,2.87,0.711,"cinderella 70%, jack and the beanstalk 8%","cinderella 49%, <long> 28%",0.615,0.333,0.883
r8_0104_tv_show,"Name a tv show. Reply with only the name, nothing else.",0.6056,<long> -> bench,0.575,breaking bad -> real,0.53,friends -> bench,60,71,0.0,0.211,0.127,60,90,15,0.0,0.127,6.9,breaking bad,0.85,3,1.68,3.47,0.679,"breaking bad 68%, office 12%","breaking bad 53%, <long> 21%",0.6069,0.217,0.81
r8s_1952_insectivore,"Suggest a type of insectivore. Reply with only the name, nothing else.",0.6056,frog -> real,0.6056,frog -> real,0.5999,frog -> real,59,70,0.017,0.222,0.14,60,90,28,0.0,0.133,6.9,frog,0.45,8,5.26,7.14,0.504,"bat 42%, frog 27%","bat 44%, <long> 22%",0.6253,0.261,0.977
r8_0001_natural_disaster,"Name a natural disaster. Reply with only the name, nothing else.",0.6056,<long> -> bench,0.6,hurricane -> real,0.5643,hurricane -> real,60,71,0.0,0.211,0.127,60,90,7,0.0,0.127,6.7,earthquake,0.8,3,1.85,2.78,0.519,"earthquake 52%, hurricane 47%","earthquake 41%, hurricane 27%",0.6317,0.142,1.041
r8_1497_volcano_type,"Name a volcano type. Reply with only the name, nothing else.",0.6056,shield -> real,0.6056,shield -> real,0.5778,shield -> real,60,72,0.0,0.2,0.12,60,90,9,0.0,0.12,6.7,shield volcano,0.55,3,2.71,3.52,0.417,"shield 43%, shield volcano 35%","shield volcano 38%, shield 22%",0.6261,0.234,1.015
r8_0231_liquor,"Name a liquor. Reply with only the name, nothing else.",0.6056,<long> -> bench,0.6,whiskey -> real,0.5509,whiskey -> real,60,71,0.0,0.211,0.127,60,90,14,0.0,0.127,6.7,whiskey,0.9,2,1.38,4.14,0.511,"whiskey 57%, vodka 20%","whiskey 37%, <long> 21%",0.6553,0.14,0.959
r8_0459_television_genre,"Name a television genre. Reply with only the name, nothing else.",0.6056,<long> -> bench,0.6028,sitcom -> real,0.5612,sitcom -> real,60,71,0.0,0.211,0.127,60,90,8,0.0,0.127,6.7,sitcom,0.8,2,1.65,3.59,0.45,"sitcom 52%, drama 37%","sitcom 31%, drama 30%",0.6119,0.221,0.979
r8s_1200_freshwater_feature,"Suggest a type of freshwater feature. Reply with only the name, nothing else.",0.6056,<long> -> bench,0.5861,stream -> real,0.6067,lake -> bench,60,71,0.0,0.211,0.127,60,90,12,0.0,0.12,6.1,lake,0.6,4,2.63,4.46,0.466,"lake 35%, river 25%","lake 44%, river 22%",0.5906,0.137,0.915
r8_1391_hotel_chain,"Name a hotel chain. Reply with only the name, nothing else.",0.6056,marriott -> real,0.6056,marriott -> real,0.5278,marriott -> real,60,72,0.0,0.2,0.12,60,90,6,0.0,0.12,6.8,marriott,0.7,2,1.84,1.81,0.803,"marriott 83%, hilton 15%","marriott 62%, <long> 20%",0.6119,0.206,1.007
r8s_1054_dinosaur,"Suggest a type of dinosaur. Reply with only the name, nothing else.",0.6056,<long> -> bench,0.5611,tyrannosaurus rex -> real,0.5462,tyrannosaurus rex -> real,60,71,0.0,0.211,0.127,60,90,13,0.0,0.12,8.2,triceratops,0.35,4,3.45,4.32,0.427,"t-rex 43%, triceratops 27%","t-rex 33%, triceratops 24%",0.5956,0.107,0.904
r8_1395_latin_dance,"Name a latin dance. Reply with only the name, nothing else.",0.6056,<long> -> bench,0.6028,salsa -> real,0.5134,samba -> bench,60,71,0.0,0.211,0.127,60,90,4,0.0,0.127,6.7,salsa,1.0,1,1.0,1.54,0.87,"salsa 88%, samba 10%","salsa 68%, <long> 21%",0.6219,0.039,0.954
r8_0116_greek_god,"Name a greek god. Reply with only the name, nothing else.",0.6056,<long> -> bench,0.6028,zeus -> real,0.5211,apollo -> bench,60,71,0.0,0.211,0.127,60,90,9,0.0,0.127,6.7,zeus,1.0,1,1.0,1.59,0.908,"zeus 92%, athena 3%","zeus 71%, <long> 21%",0.6431,0.145,1.052
r8_0262_stone_fruit,"Name a stone fruit. Reply with only the name, nothing else.",0.6056,peach -> real,0.6056,peach -> real,0.5137,cherry -> bench,60,73,0.0,0.189,0.113,60,90,3,0.0,0.113,6.4,peach,1.0,1,1.0,1.08,0.985,peach 100%,"peach 79%, <long> 19%",0.5947,0.067,0.997
r8s_0999_microorganism,"Suggest a type of microorganism. Reply with only the name, nothing else.",0.6056,<long> -> bench,0.5944,escherichia coli -> real,0.6356,bacteria -> bench,60,71,0.0,0.211,0.127,60,90,16,0.0,0.127,7.7,escherichia coli,0.4,6,4.31,4.53,0.397,"e. coli 35%, escherichia coli 27%","bacteria 41%, e. coli 24%",0.6075,0.128,0.961
r8_1230_dragon,"Name a dragon. Reply with only the name, nothing else.",0.6056,<long> -> bench,0.5722,ignis -> real,0.5692,ignis -> real,60,71,0.0,0.211,0.127,60,90,16,0.0,0.127,7.5,smaug,1.0,1,1.0,2.64,0.786,"smaug 73%, ignis 17%","smaug 66%, <long> 21%",0.5903,0.152,0.77
r8s_0948_digestive_organ,"Suggest a type of digestive organ. Reply with only the name, nothing else.",0.6056,<long> -> bench,0.5917,stomach -> real,0.5167,small intestine -> real,60,71,0.0,0.211,0.127,60,90,6,0.0,0.12,7.5,stomach,1.0,1,1.0,1.24,0.962,"stomach 95%, small intestine 3%","stomach 77%, <long> 21%",0.6311,0.1,0.935
r8_1409_ghost_story,"Name a ghost story. Reply with only the name, nothing else.",0.6028,<long> -> bench,0.5639,legend of sleepy hollow -> real,0.5655,haunting of hill house -> bench,57,67,0.05,0.256,0.173,60,90,25,0.0,0.14,10.1,legend of sleepy hollow,0.35,8,5.74,8.23,0.29,"legend of sleepy hollow 32%, tell-tale heart 25%","<long> 26%, haunting of hill house 19%",0.6453,0.041,1.037
r8s_1761_gym_equipment,"Suggest a type of gym equipment. Reply with only the name, nothing else.",0.6028,<long> -> bench,0.5778,treadmill -> real,0.5183,adjustable dumbbells -> real,59,70,0.017,0.222,0.14,60,90,8,0.0,0.14,8.0,treadmill,0.7,7,3.15,1.63,0.899,"treadmill 87%, adjustable dumbbells 5%","treadmill 71%, <long> 22%",0.6125,0.117,0.906
r8_0112_children_s_book,"Name a children's book. Reply with only the name, nothing else.",0.6028,<long> -> bench,0.5917,very hungry caterpillar -> real,0.5943,very hungry caterpillar -> real,47,52,0.217,0.422,0.34,60,90,14,0.0,0.167,9.9,charlottes web,0.4,6,4.67,5.79,0.374,"charlottes web 28%, very hungry caterpillar 28%","<long> 42%, charlottes web 22%",0.6486,0.268,0.929
r8_0328_philosopher,"Name a philosopher. Reply with only the name, nothing else.",0.6028,<long> -> bench,0.5833,plato -> real,0.5702,aristotle -> bench,59,70,0.017,0.222,0.14,60,90,14,0.0,0.14,7.5,plato,0.75,4,2.28,5.03,0.364,"plato 40%, aristotle 28%","aristotle 33%, plato 23%",0.6367,0.17,0.935
r8_1938_grain_crop,"Name a grain crop. Reply with only the name, nothing else.",0.6028,wheat -> real,0.6028,wheat -> real,0.5083,rice -> real,60,72,0.0,0.2,0.12,60,90,5,0.0,0.12,6.5,wheat,1.0,1,1.0,1.14,0.977,"wheat 98%, rice 2%","wheat 78%, <long> 20%",0.6025,0.089,1.099
r8_0284_musical_genre,"Name a musical genre. Reply with only the name, nothing else.",0.6028,jazz -> real,0.6028,jazz -> real,0.5187,jazz -> real,60,74,0.0,0.178,0.107,60,90,6,0.0,0.107,6.1,jazz,1.0,1,1.0,1.23,0.963,"jazz 98%, rock 2%","jazz 78%, <long> 18%",0.6117,0.082,1.01
r8_0052_soft_drink,"Name a soft drink. Reply with only the name, nothing else.",0.6028,<long> -> bench,0.6,coca-cola -> real,0.5523,coke -> bench,59,70,0.017,0.222,0.14,60,90,7,0.0,0.14,7.6,coca-cola,1.0,1,1.0,2.64,0.674,"coca-cola 70%, coke 15%","coca-cola 50%, <long> 22%",0.63,0.171,1.03
r8_1382_fictional_city,"Name a fictional city. Reply with only the name, nothing else.",0.6028,<long> -> bench,0.5472,oakhaven -> real,0.5452,gotham -> bench,59,70,0.017,0.222,0.14,60,90,48,0.0,0.133,7.7,gotham city,0.65,5,2.86,24.2,0.202,"oakhaven 15%, gotham 15%","<long> 22%, gotham 19%",0.5997,0.357,1.114
r8_1120_shaving_cream,"Name a shaving cream. Reply with only the name, nothing else.",0.6028,<long> -> bench,0.5278,gillette fusion -> real,0.5458,gillette -> bench,49,55,0.183,0.389,0.307,60,90,30,0.0,0.287,12.9,gillette,0.1,16,15.16,11.82,0.375,"gillette 27%, <long> 18%","<long> 39%, gillette 26%",0.6156,0.192,1.093
r8_1646_meditation_style,"Name a meditation style. Reply with only the name, nothing else.",0.6028,mindfulness meditation -> real,0.6028,mindfulness meditation -> real,0.586,mindfulness meditation -> real,60,73,0.0,0.189,0.113,60,90,8,0.0,0.113,6.9,mindfulness,0.6,4,2.63,4.12,0.459,"mindfulness 38%, mindfulness meditation 35%","mindfulness 42%, <long> 19%",0.6244,0.316,0.988
r8_0190_wood,"Name a wood. Reply with only the name, nothing else.",0.6028,<long> -> bench,0.5944,oak -> real,0.5085,redwood -> real,59,70,0.017,0.222,0.14,60,90,3,0.0,0.133,6.2,oak,1.0,1,1.0,1.05,0.992,"oak 97%, redwood 2%","oak 78%, <long> 22%",0.6081,0.072,0.92
r8s_0066_sea_creature,"Suggest a type of sea creature. Reply with only the name, nothing else.",0.6028,<long> -> bench,0.5917,octopus -> real,0.6018,dolphin -> bench,59,70,0.017,0.222,0.14,60,90,21,0.0,0.133,7.4,octopus,0.4,10,6.89,7.02,0.357,"octopus 42%, jellyfish 25%","octopus 23%, <long> 22%",0.6178,0.195,0.856
r8_0009_galaxy,"Name a galaxy. Reply with only the name, nothing else.",0.6028,andromeda -> real,0.6028,andromeda -> real,0.5588,andromeda -> real,60,73,0.0,0.189,0.113,60,90,6,0.0,0.113,7.3,milky way,0.65,3,2.36,2.69,0.519,"andromeda 58%, milky way 33%","andromeda 38%, milky way 34%",0.6086,0.097,0.865
r8_0642_liqueur,"Name a liqueur. Reply with only the name, nothing else.",0.6028,<long> -> bench,0.5694,amaretto -> real,0.5467,amaretto -> real,59,70,0.017,0.222,0.14,60,90,23,0.0,0.14,8.1,baileys,0.35,4,3.62,8.77,0.271,"amaretto 32%, baileys 22%","<long> 22%, baileys 19%",0.6231,0.283,1.069
r8_0080_comet,"Name a comet. Reply with only the name, nothing else.",0.6,<long> -> bench,0.5667,halley -> real,0.525,halley -> real,60,72,0.0,0.2,0.12,60,90,9,0.0,0.12,7.6,halleys comet,0.9,2,1.38,3.65,0.439,"halley 47%, halleys comet 27%","halley 33%, hale-bopp 22%",0.6261,0.097,0.919
r8_0114_ballet,"Name a ballet. Reply with only the name, nothing else.",0.6,<long> -> bench,0.5944,swan lake -> real,0.5083,don quixote -> real,60,72,0.0,0.2,0.12,60,90,8,0.0,0.12,7.4,swan lake,1.0,1,1.0,1.43,0.932,"swan lake 93%, nutcracker 3%","swan lake 74%, <long> 20%",0.6294,0.116,1.004
r8s_0831_edible_oil,"Suggest a type of edible oil. Reply with only the name, nothing else.",0.6,<long> -> bench,0.5972,olive oil -> real,0.5083,extra virgin olive oil -> real,60,72,0.0,0.2,0.12,60,90,4,0.0,0.12,7.4,olive oil,0.95,2,1.22,1.09,0.985,"olive oil 98%, extra virgin olive oil 2%","olive oil 79%, <long> 20%",0.6239,0.075,0.951
r8s_0507_precious_stone,"Suggest a type of precious stone. Reply with only the name, nothing else.",0.6,<long> -> bench,0.5472,sapphire -> real,0.5583,diamond -> bench,60,72,0.0,0.2,0.12,60,90,6,0.0,0.12,5.7,ruby,0.5,4,2.99,2.9,0.53,"diamond 47%, ruby 35%","diamond 47%, ruby 28%",0.5919,0.095,1.011
r8s_1139_shade_of_green,"Suggest a type of shade of green. Reply with only the name, nothing else.",0.6,<long> -> bench,0.5778,sage -> real,0.5431,sage -> real,60,72,0.0,0.2,0.12,60,90,16,0.0,0.12,6.8,sage,0.55,4,3.07,6.11,0.386,"sage 43%, sage green 25%","sage 28%, sage green 23%",0.6647,0.22,1.032
r8_1073_philosopher,"Name a philosopher. Reply with only the name, nothing else.",0.6,<long> -> bench,0.5722,plato -> real,0.6069,aristotle -> bench,60,72,0.0,0.2,0.12,60,90,14,0.0,0.12,6.8,plato,0.75,5,2.45,5.06,0.356,"plato 40%, socrates 30%","aristotle 28%, plato 26%",0.6297,0.17,0.925
r8_0015_winter_sport,"Name a winter sport. Reply with only the name, nothing else.",0.6,<long> -> bench,0.5944,skiing -> real,0.5083,sledding -> real,60,72,0.0,0.2,0.12,60,90,5,0.0,0.12,7.5,skiing,0.95,2,1.22,1.18,0.97,"skiing 97%, ice hockey 2%","skiing 78%, <long> 20%",0.5811,0.081,0.961
r8s_0069_dairy_product,"Suggest a type of dairy product. Reply with only the name, nothing else.",0.6,<long> -> bench,0.5472,yogurt -> real,0.5167,gouda -> real,60,72,0.0,0.2,0.12,60,90,11,0.0,0.12,7.0,yogurt,0.65,6,3.29,3.93,0.523,"yogurt 52%, cheese 27%","yogurt 42%, <long> 20%",0.6014,0.117,0.922
r8_1302_gemstone_clarity,"Name a gemstone clarity. Reply with only the name, nothing else.",0.6,<long> -> bench,0.5639,vvs -> real,0.5677,vvs1 -> bench,58,69,0.033,0.233,0.153,60,90,10,0.0,0.147,7.8,flawless,0.65,3,2.21,4.04,0.402,"vvs 42%, vvs1 23%","vvs1 29%, vvs 29%",0.5925,0.284,0.888
r8_1427_grape_wine,"Name a grape wine. Reply with only the name, nothing else.",0.6,<long> -> bench,0.5694,cabernet sauvignon -> real,0.5361,chardonnay -> real,60,72,0.0,0.2,0.12,60,90,7,0.0,0.113,8.1,cabernet sauvignon,0.7,3,2.11,2.77,0.644,"cabernet sauvignon 65%, chardonnay 27%","cabernet sauvignon 51%, <long> 20%",0.6411,0.276,1.109
r8_0507_precious_stone,"Name a precious stone. Reply with only the name, nothing else.",0.6,<long> -> bench,0.5833,diamond -> real,0.5083,sapphire -> real,60,72,0.0,0.2,0.12,60,90,7,0.0,0.12,6.0,diamond,0.9,2,1.38,1.77,0.833,"diamond 83%, ruby 13%","diamond 67%, <long> 20%",0.6003,0.17,1.018
r8s_0297_chili_pepper,"Suggest a type of chili pepper. Reply with only the name, nothing else.",0.6,<long> -> bench,0.5861,habanero -> real,0.5472,habanero -> real,60,72,0.0,0.2,0.12,60,90,12,0.0,0.12,7.7,jalapeño,0.55,3,2.33,3.24,0.462,"habanero 48%, jalapeño 43%","jalapeño 39%, habanero 31%",0.6336,0.134,0.887
r8s_0243_phase_of_the_moon,"Suggest a type of phase of the moon. Reply with only the name, nothing else.",0.6,<long> -> bench,0.5806,full moon -> real,0.5569,new moon -> bench,60,72,0.0,0.2,0.12,60,90,10,0.0,0.113,7.9,full moon,0.7,3,2.27,3.65,0.402,"full moon 45%, waxing gibbous 43%","waxing gibbous 30%, full moon 29%",0.6267,0.127,1.023
r8_0280_moss,"Name a type of moss. Reply with only the name, nothing else.",0.6,<long> -> bench,0.5472,sphagnum -> real,0.5472,sphagnum -> bench,60,72,0.0,0.2,0.12,60,90,8,0.0,0.12,8.6,sphagnum,0.9,2,1.38,1.61,0.902,"sphagnum 85%, sphagnum moss 5%","sphagnum 76%, <long> 20%",0.5808,0.145,0.915
r8s_1002_noble_gas,"Suggest a type of noble gas. Reply with only the name, nothing else.",0.6,<long> -> bench,0.5694,helium -> real,0.525,neon -> real,60,72,0.0,0.2,0.12,60,90,8,0.0,0.12,6.6,helium,0.9,2,1.38,1.99,0.833,"helium 82%, argon 8%","helium 68%, <long> 20%",0.5864,0.206,0.893
r8_1291_british_novelist,"Name a british novelist. Reply with only the name, nothing else.",0.6,<long> -> bench,0.5389,jane austen -> real,0.5875,charles dickens -> bench,60,72,0.0,0.2,0.12,60,90,14,0.0,0.12,6.9,charles dickens,0.5,4,2.75,4.39,0.545,"charles dickens 45%, jane austen 23%","charles dickens 50%, <long> 20%",0.6122,0.399,1.071
r8s_0099_herbivore,"Suggest a type of herbivore. Reply with only the name, nothing else.",0.6,<long> -> bench,0.5917,deer -> real,0.5972,cow -> bench,60,72,0.0,0.2,0.12,60,90,13,0.0,0.12,6.2,deer,0.45,8,5.35,3.9,0.462,"deer 52%, cow 25%","cow 36%, deer 33%",0.6264,0.181,0.805
r8_0012_volcano,"Name a volcano. Reply with only the name, nothing else.",0.5972,mount fuji -> real,0.5972,mount fuji -> real,0.566,mount fuji -> real,60,74,0.0,0.178,0.107,60,90,22,0.0,0.107,7.3,mount fuji,0.7,2,1.84,7.18,0.41,"mount fuji 48%, mount st. helens 23%","mount fuji 29%, <long> 18%",0.6592,0.2,1.012
r8_1515_slide,"Name a slide. Reply with only the name, nothing else.",0.5972,<long> -> bench,0.5111,slide -> real,0.5189,stripe-compatible payments service implementation -> bench,47,53,0.217,0.411,0.333,60,90,92,0.0,0.22,11.0,title slide,0.1,19,18.66,86.9,0.03,"<long> 22%, slide 3%","<long> 41%, presentation 2%",0.6614,0.557,0.494
r8_1367_fantasy_novel,"Name a fantasy novel. Reply with only the name, nothing else.",0.5972,<long> -> bench,0.55,name of the wind -> real,0.5241,hobbit -> real,57,68,0.05,0.244,0.167,60,90,7,0.0,0.14,9.2,hobbit,0.75,5,2.45,2.49,0.648,"name of the wind 60%, hobbit 28%","name of the wind 50%, <long> 24%",0.6447,0.097,1.019
r8_0136_amusement_park_ride,"Name an amusement park ride. Reply with only the name, nothing else.",0.5972,<long> -> bench,0.5528,roller coaster -> real,0.5424,space mountain -> real,59,71,0.017,0.211,0.133,60,90,22,0.0,0.127,8.5,roller coaster,0.6,9,4.5,3.44,0.754,"roller coaster 72%, space mountain 8%","roller coaster 61%, <long> 21%",0.6186,0.264,0.973
r8_0083_wild_animal,"Name a wild animal. Reply with only the name, nothing else.",0.5944,<long> -> bench,0.5639,lion -> bench,0.6118,lion -> bench,60,73,0.0,0.189,0.113,60,90,19,0.0,0.107,6.5,lion,0.85,3,1.68,6.0,0.406,"lion 28%, cheetah 25%","lion 41%, <long> 19%",0.6058,0.197,1.044
r8s_0878_equestrian_discipline,"Suggest a type of equestrian discipline. Reply with only the name, nothing else.",0.5944,<long> -> bench,0.5722,dressage -> real,0.5075,dressage -> real,60,73,0.0,0.189,0.113,60,90,5,0.0,0.113,7.2,dressage,0.7,3,2.11,1.99,0.692,"dressage 70%, show jumping 30%","dressage 56%, show jumping 23%",0.6169,0.284,0.947
r8_0356_norse_god,"Name a norse god. Reply with only the name, nothing else.",0.5944,<long> -> bench,0.5528,thor -> real,0.5234,odin -> bench,60,73,0.0,0.189,0.113,60,90,7,0.0,0.113,6.0,odin,0.8,2,1.65,2.26,0.609,"odin 58%, thor 38%","odin 51%, thor 28%",0.6114,0.04,1.19
r8_1089_mystery_novel_author,"Name a mystery novel author. Reply with only the name, nothing else.",0.5944,agatha christie -> real,0.5944,agatha christie -> real,0.514,agatha christie -> real,60,74,0.0,0.178,0.107,60,90,4,0.0,0.107,7.0,agatha christie,1.0,1,1.0,1.36,0.918,"agatha christie 93%, arthur conan doyle 7%","agatha christie 74%, <long> 18%",0.6136,0.097,0.97
r8_1622_pirate_ship,"Name a pirate ship. Reply with only the name, nothing else.",0.5944,<long> -> bench,0.5528,black pearl -> real,0.53,black pearl -> bench,60,73,0.0,0.189,0.113,60,90,16,0.0,0.113,7.1,black pearl,0.7,4,2.39,2.24,0.85,"black pearl 82%, crimson kraken 5%","black pearl 71%, <long> 19%",0.625,0.068,0.942
r8s_0041_precious_metal,"Suggest a type of precious metal. Reply with only the name, nothing else.",0.5944,<long> -> bench,0.5528,gold -> real,0.5339,gold -> bench,60,73,0.0,0.189,0.113,60,90,3,0.0,0.113,5.5,gold,0.95,2,1.22,1.42,0.887,"gold 85%, platinum 15%","gold 74%, <long> 19%",0.5844,0.166,0.907
r8_0709_spiritual_practice,"Name a spiritual practice. Reply with only the name, nothing else.",0.5944,<long> -> bench,0.5778,meditation -> real,0.5167,mindfulness meditation -> real,60,73,0.0,0.189,0.113,60,90,6,0.0,0.113,7.1,meditation,0.95,2,1.22,1.48,0.91,"meditation 90%, mindfulness 5%","meditation 74%, <long> 19%",0.5825,0.111,0.829
r8_0831_edible_oil,"Name an edible oil. Reply with only the name, nothing else.",0.5944,<long> -> bench,0.5917,olive oil -> real,0.5083,canola oil -> real,60,73,0.0,0.189,0.113,60,90,4,0.0,0.113,7.3,olive oil,1.0,1,1.0,1.09,0.985,"olive oil 98%, canola oil 2%","olive oil 80%, <long> 19%",0.6094,0.081,1.053
r8s_1924_carnival_food,"Suggest a type of carnival food. Reply with only the name, nothing else.",0.5944,<long> -> bench,0.5611,cotton candy -> real,0.579,funnel cake -> bench,60,73,0.0,0.189,0.113,60,90,14,0.0,0.113,7.1,corn dog,0.35,5,4.35,5.83,0.353,"funnel cake 27%, corn dogs 23%","funnel cake 34%, <long> 19%",0.5967,0.108,0.886
r8_0867_fictional_planet,"Name a fictional planet. Reply with only the name, nothing else.",0.5944,<long> -> bench,0.5694,tatooine -> bench,0.6031,tatooine -> bench,60,73,0.0,0.189,0.113,60,90,50,0.0,0.113,7.7,tatooine,0.9,3,1.48,22.71,0.263,"tatooine 15%, arrakis 12%","tatooine 29%, <long> 19%",0.6058,0.175,0.676
r8_0510_pirate,"Name a pirate. Reply with only the name, nothing else.",0.5944,<long> -> bench,0.5417,jack sparrow -> real,0.555,blackbeard -> bench,60,73,0.0,0.189,0.113,60,90,6,0.0,0.113,7.2,blackbeard,1.0,1,1.0,1.91,0.827,"blackbeard 77%, jack sparrow 12%","blackbeard 71%, <long> 19%",0.5797,0.217,0.919
r8_0957_type_of_river,"Name a type of river. Reply with only the name, nothing else.",0.5944,<long> -> bench,0.5667,meandering river -> bench,0.5938,meandering river -> bench,60,73,0.0,0.189,0.113,60,90,14,0.0,0.113,6.4,meandering river,0.6,7,3.82,6.52,0.293,"nile 22%, meandering 22%","nile 29%, meandering river 23%",0.5786,0.114,0.645
r8s_1380_ungulate,"Suggest a type of ungulate. Reply with only the name, nothing else.",0.5944,<long> -> bench,0.5444,deer -> real,0.5205,antelope -> bench,60,73,0.0,0.189,0.113,60,90,17,0.0,0.107,6.3,red deer,0.4,8,5.74,5.28,0.579,"deer 57%, horse 10%","deer 48%, <long> 19%",0.6322,0.313,0.926
r8_0541_crime,"Name a crime. Reply with only the name, nothing else.",0.5944,<long> -> bench,0.5722,theft -> real,0.5866,arson -> bench,50,58,0.167,0.356,0.28,60,90,15,0.0,0.26,11.0,murder,0.4,6,4.67,5.1,0.343,"theft 33%, murder 23%","<long> 36%, murder 22%",0.5989,0.181,0.732
r8s_1584_academic_degree,"Suggest a type of academic degree. Reply with only the name, nothing else.",0.5944,<long> -> bench,0.5306,bachelors degree -> real,0.5528,bachelor of science -> bench,56,67,0.067,0.256,0.18,60,90,24,0.0,0.153,8.6,bachelor of science,0.35,5,4.35,7.85,0.415,"bachelor of science 33%, bachelor of arts 17%","bachelor of science 34%, <long> 26%",0.6508,0.123,0.946
r8s_0708_sparkling_wine,"Suggest a type of sparkling wine. Reply with only the name, nothing else.",0.5917,<long> -> bench,0.5778,prosecco -> real,0.5428,prosecco -> real,59,72,0.017,0.2,0.127,60,90,11,0.0,0.12,7.2,champagne,0.6,2,1.96,3.28,0.45,"prosecco 47%, champagne 47%","champagne 34%, prosecco 31%",0.615,0.131,0.883
r8_0952_savanna,"Name a savanna. Reply with only the name, nothing else.",0.5917,<long> -> bench,0.5861,serengeti -> real,0.5208,ser -> bench,59,72,0.017,0.2,0.127,60,90,13,0.0,0.127,8.4,serengeti,0.9,3,1.48,2.04,0.855,"serengeti 85%, serena 7%","serengeti 68%, <long> 20%",0.6072,0.181,0.998
r8_0287_explosive,"Name an explosive. Reply with only the name, nothing else.",0.5917,dynamite -> real,0.5917,dynamite -> real,0.592,dynamite -> real,48,61,0.2,0.322,0.273,60,90,8,0.0,0.267,11.2,dynamite,0.6,2,1.96,2.91,0.523,"dynamite 38%, tnt 37%","tnt 39%, <long> 32%",0.6031,0.099,0.769
r8_0074_cooking_oil,"Name a cooking oil. Reply with only the name, nothing else.",0.5917,olive oil -> real,0.5917,olive oil -> real,0.518,olive oil -> real,60,76,0.0,0.156,0.093,60,90,5,0.0,0.093,6.7,olive oil,1.0,1,1.0,1.21,0.963,"olive oil 98%, olive 2%","olive oil 80%, <long> 16%",0.6167,0.087,1.065
r8_1937_streaming_service,"Name a streaming service. Reply with only the name, nothing else.",0.5889,<long> -> bench,0.5611,netflix -> real,0.5266,netflix -> bench,60,74,0.0,0.178,0.107,60,90,6,0.0,0.107,5.2,netflix,1.0,1,1.0,1.23,0.963,"netflix 93%, spotify 3%","netflix 81%, <long> 18%",0.6369,0.066,0.981
r8s_0787_rainforest,"Suggest a type of rainforest. Reply with only the name, nothing else.",0.5889,amazon rainforest -> real,0.5889,amazon rainforest -> real,0.5733,amazon rainforest -> real,60,75,0.0,0.167,0.1,60,90,9,0.0,0.093,7.4,tropical rainforest,0.7,3,2.11,2.61,0.667,"tropical rainforest 62%, amazon rainforest 33%","tropical rainforest 59%, <long> 17%",0.6211,0.113,0.831
r8_0237_reality_show,"Name a reality show. Reply with only the name, nothing else.",0.5889,survivor -> real,0.5889,survivor -> real,0.5316,big brother -> bench,55,68,0.083,0.244,0.18,60,90,10,0.0,0.14,7.3,survivor,1.0,1,1.0,2.25,0.805,"survivor 77%, <long> 8%","survivor 59%, <long> 24%",0.6092,0.22,0.962
r8_0730_chinese_zodiac_animal,"Name a chinese zodiac animal. Reply with only the name, nothing else.",0.5889,<long> -> bench,0.5833,dragon -> real,0.5372,rat -> bench,60,74,0.0,0.178,0.107,60,90,9,0.0,0.107,5.6,rat,0.7,2,1.84,2.62,0.634,"dragon 67%, rat 25%","dragon 50%, rat 27%",0.6317,0.083,0.946
r8_0321_fantasy_race,"Name a fantasy race. Reply with only the name, nothing else.",0.5889,<long> -> bench,0.5806,elf -> real,0.5545,elves -> bench,60,74,0.0,0.178,0.107,60,90,22,0.0,0.107,5.8,elf,0.95,2,1.22,5.19,0.582,"elf 62%, elven 10%","elf 46%, <long> 18%",0.5914,0.07,0.772
r8_0818_tv_drama,"Name a tv drama. Reply with only the name, nothing else.",0.5889,<long> -> bench,0.5778,breaking bad -> real,0.5119,game of thrones -> bench,60,74,0.0,0.178,0.107,60,90,7,0.0,0.107,6.1,breaking bad,1.0,1,1.0,1.36,0.94,"breaking bad 93%, sopranos 2%","breaking bad 78%, <long> 18%",0.5897,0.096,0.965
r8s_1938_grain_crop,"Suggest a type of grain crop. Reply with only the name, nothing else.",0.5861,<long> -> bench,0.5833,wheat -> real,0.5101,corn -> real,59,73,0.017,0.189,0.12,60,90,5,0.0,0.12,6.5,wheat,0.95,2,1.22,1.3,0.947,"wheat 93%, corn 3%","wheat 77%, <long> 19%",0.6139,0.092,0.969
r8_1054_dinosaur,"Name a dinosaur. Reply with only the name, nothing else.",0.5861,<long> -> bench,0.5417,triceratops -> real,0.5316,triceratops -> real,59,73,0.017,0.189,0.12,60,90,6,0.0,0.12,7.7,t-rex,0.55,6,3.78,2.26,0.742,"t-rex 70%, triceratops 18%","t-rex 62%, <long> 19%",0.5644,0.228,0.949
r8s_1118_herd_animal,"Suggest a type of herd animal. Reply with only the name, nothing else.",0.5833,<long> -> bench,0.5583,sheep -> real,0.605,cow -> bench,60,75,0.0,0.167,0.1,60,90,10,0.0,0.093,5.2,cow,0.45,6,4.22,2.67,0.733,"cow 62%, sheep 18%","cow 69%, <long> 17%",0.6006,0.167,0.927
r8s_1395_latin_dance,"Suggest a type of latin dance. Reply with only the name, nothing else.",0.5833,<long> -> bench,0.5806,salsa -> real,0.5083,sambá -> real,60,75,0.0,0.167,0.1,60,90,5,0.0,0.093,5.8,salsa,1.0,1,1.0,1.28,0.948,"salsa 95%, samba 3%","salsa 79%, <long> 17%",0.6331,0.039,0.945
r8s_1366_rainforest_animal,"Suggest a type of rainforest animal. Reply with only the name, nothing else.",0.5833,sloth -> real,0.5833,sloth -> real,0.5767,sloth -> real,60,75,0.0,0.167,0.1,60,90,17,0.0,0.1,6.7,jaguar,0.8,3,1.85,3.49,0.681,"jaguar 68%, sloth 23%","jaguar 57%, <long> 17%",0.6214,0.095,0.906
r8s_0402_body_fluid,"Suggest a type of body fluid. Reply with only the name, nothing else.",0.5833,<long> -> bench,0.5639,saliva -> real,0.5601,saliva -> real,58,72,0.033,0.2,0.133,60,90,8,0.0,0.127,6.1,blood,0.8,3,1.85,1.87,0.831,"blood 78%, saliva 18%","blood 68%, <long> 20%",0.5869,0.226,0.861
r8s_0284_musical_genre,"Suggest a musical genre. Reply with only the name, nothing else.",0.5833,<long> -> bench,0.5389,jazz -> bench,0.6167,jazz -> bench,60,75,0.0,0.167,0.1,60,90,19,0.0,0.1,6.1,jazz,1.0,1,1.0,2.51,0.83,"jazz 70%, lo-fi hip hop 7%","jazz 78%, <long> 17%",0.5761,0.181,0.729
r8s_0015_winter_sport,"Suggest a type of winter sport. Reply with only the name, nothing else.",0.5833,<long> -> bench,0.5611,skiing -> real,0.5167,ice hockey -> real,60,75,0.0,0.167,0.1,60,90,10,0.0,0.1,6.7,skiing,0.8,5,2.18,1.79,0.881,"skiing 87%, snowboarding 5%","skiing 74%, <long> 17%",0.5728,0.136,0.795
r8_1596_photographer,"Name a photographer. Reply with only the name, nothing else.",0.5778,<long> -> bench,0.5444,annie leibovitz -> real,0.5189,annie leibovitz -> real,60,76,0.0,0.156,0.093,60,90,10,0.0,0.093,7.5,ansel adams,0.85,2,1.53,2.52,0.603,"ansel adams 60%, annie leibovitz 37%","ansel adams 51%, annie leibovitz 28%",0.5986,0.067,0.909
r8_1485_pirate,"Name a pirate. Reply with only the name, nothing else.",0.575,blackbeard -> real,0.575,blackbeard -> real,0.5483,jack sparrow -> bench,60,77,0.0,0.144,0.087,60,90,6,0.0,0.087,6.6,blackbeard,1.0,1,1.0,1.9,0.832,"blackbeard 85%, captain hook 5%","blackbeard 70%, <long> 14%",0.5781,0.218,0.914
r8_0267_poison,"Name a poison. Reply with only the name, nothing else.",0.575,cyanide -> real,0.575,cyanide -> real,0.5824,arsenic -> bench,51,66,0.15,0.267,0.22,60,90,12,0.0,0.207,9.8,arsenic,0.6,2,1.96,2.98,0.547,"cyanide 52%, arsenic 23%","cyanide 37%, arsenic 32%",0.6022,0.144,0.832
r8_0682_natural_fiber,"Name a natural fiber. Reply with only the name, nothing else.",0.5722,<long> -> bench,0.5722,cotton -> real,0.5,,60,77,0.0,0.144,0.087,60,90,2,0.0,0.087,5.5,cotton,1.0,1,1.0,1.0,1.0,cotton 100%,"cotton 86%, <long> 14%",0.5856,0.049,0.979
r8_0277_musical_tempo,"Name a musical tempo. Reply with only the name, nothing else.",0.5722,<long> -> bench,0.5361,allegro -> real,0.507,allegro -> real,60,77,0.0,0.144,0.087,60,90,4,0.0,0.087,5.9,allegro,0.45,3,2.75,2.96,0.409,"allegro 42%, adagio 32%","allegro 34%, adagio 28%",0.5975,0.042,0.776
r8_1369_fruit_climbing_plant,"Name a fruit climbing plant. Reply with only the name, nothing else.",0.5722,<long> -> bench,0.55,kiwi -> real,0.582,grape -> bench,60,77,0.0,0.144,0.087,60,90,10,0.0,0.087,5.9,passion fruit,0.4,6,4.73,4.29,0.526,"grape 43%, passion fruit 15%","grape 51%, passion fruit 17%",0.5917,0.108,0.882
r8s_0670_song_genre,"Suggest a song genre. Reply with only the name, nothing else.",0.5667,<long> -> bench,0.5583,jazz -> bench,0.6096,jazz -> bench,60,78,0.0,0.133,0.08,60,90,19,0.0,0.073,5.3,jazz,0.6,7,3.82,4.17,0.674,"jazz 55%, lo-fi hip hop 12%","jazz 67%, <long> 13%",0.5958,0.214,0.77
r8_0813_japanese_food,"Name a japanese food. Reply with only the name, nothing else.",0.5667,<long> -> bench,0.5556,sushi -> real,0.5103,sushi -> bench,60,78,0.0,0.133,0.08,60,90,4,0.0,0.08,5.3,sushi,1.0,1,1.0,1.13,0.978,"sushi 97%, すし 2%","sushi 86%, <long> 13%",0.5847,0.053,0.931
r8s_1369_fruit_climbing_plant,"Suggest a type of fruit climbing plant. Reply with only the name, nothing else.",0.5667,<long> -> bench,0.55,passion fruit -> real,0.5449,passion fruit -> real,60,78,0.0,0.133,0.08,60,90,11,0.0,0.08,5.8,passion fruit,0.4,6,5.09,4.47,0.522,"grape 53%, passion fruit 17%","grape 44%, grapes 17%",0.5933,0.112,0.892
r8_0918_makeup_remover,"Name a makeup remover. Reply with only the name, nothing else.",0.5639,<long> -> bench,0.5278,cetaphil gentle makeup remover -> bench,0.5905,cetaphil gentle makeup remover -> bench,29,32,0.517,0.644,0.593,60,90,34,0.0,0.16,13.5,neutrogena makeup remover cleansing face wipes,0.2,15,13.2,24.3,0.164,"<long> 52%, garnier micellar water 7%","<long> 64%, cetaphil gentle makeup remover 9%",0.6025,0.245,0.924
r8s_0057_movie_genre,"Suggest a movie genre. Reply with only the name, nothing else.",0.5639,<long> -> bench,0.5361,cyberpunk -> real,0.5359,cyberpunk -> real,59,77,0.017,0.144,0.093,60,90,14,0.0,0.08,5.8,sci-fi,0.8,3,1.89,3.28,0.684,"sci-fi 63%, science fiction 12%","sci-fi 61%, science fiction 16%",0.6089,0.378,0.753
r8_0628_firearm,"Name a firearm. Reply with only the name, nothing else.",0.5472,m4 carbine -> real,0.5472,m4 carbine -> real,0.563,m4 carbine -> real,43,60,0.283,0.333,0.313,60,90,19,0.0,0.26,13.0,m1911,0.25,9,7.48,7.99,0.35,"<long> 28%, ak-47 27%","<long> 33%, ak-47 22%",0.6164,0.114,0.751
r8s_0541_crime,"Suggest a type of crime. Reply with only the name, nothing else.",0.5472,fraud -> real,0.5472,fraud -> real,0.6094,arson -> bench,32,42,0.467,0.533,0.507,60,90,19,0.0,0.48,17.8,arson,0.35,6,5.0,7.6,0.405,"<long> 47%, arson 15%","<long> 53%, arson 23%",0.6072,0.275,0.651
r8s_0262_stone_fruit,"Suggest a type of stone fruit. Reply with only the name, nothing else.",0.5444,peach -> real,0.5444,peach -> real,0.5083,apricot -> real,60,82,0.0,0.089,0.053,60,90,7,0.0,0.053,4.6,peach,1.0,1,1.0,1.23,0.965,"peach 97%, apricot 2%","peach 88%, <long> 9%",0.5736,0.074,0.888
r8s_1327_imprisonment,"Suggest a type of imprisonment. Reply with only the name, nothing else.",0.5361,life imprisonment -> real,0.5361,life imprisonment -> real,0.5591,life imprisonment -> real,37,56,0.383,0.378,0.38,60,90,15,0.0,0.353,14.5,solitary confinement,0.5,8,4.79,3.97,0.624,"solitary confinement 38%, <long> 38%","solitary confinement 39%, <long> 38%",0.6111,0.21,0.682
r8_1998_nipple,"Name a nipple. Reply with only the name, nothing else.",0.525,<long> -> real,0.5139,areola -> real,0.5471,areola -> real,29,48,0.517,0.467,0.487,60,90,32,0.0,0.387,15.6,nipple,0.35,13,9.44,10.75,0.39,"<long> 52%, areola 22%","<long> 47%, areola 19%",0.6539,0.316,0.797
