probe_id,text,acc,rule,acc_content,rule_content,acc_short,rule_short,n_real_short,n_eval_short,long_real,long_eval,long_share,n_real,n_eval,n_distinct,unparsed_share,maxlen_share,mean_out_tokens,none_default,none_default_share,none_distinct,k_none,k_context,ctx_top_share,top_real,top_eval,exp_acc,p_other,g_rms_top,g_rms_top_reliable
r8s_1047_ball_sport,"Suggest a type of ball sport. Reply with only the name, nothing else.",0.6583,basketball -> bench,0.6583,basketball -> bench,0.6757,basketball -> bench,56,82,0.067,0.089,0.08,60,90,17,0.0,0.067,8.2,volleyball,0.45,7,4.78,5.95,0.37,"volleyball 33%, basketball 15%","basketball 47%, volleyball 20%",0.5556,0.379,0.659,0.659
r8_1402_ceramic_product,"Name a ceramic product. Reply with only the name, nothing else.",0.6556,mug -> real,0.6556,mug -> real,0.6421,mug -> real,57,64,0.05,0.289,0.193,60,90,38,0.0,0.167,13.9,mug,0.7,6,2.94,13.6,0.306,"mug 43%, coffee mug 23%","<long> 29%, coffee mug 13%",0.5838,0.494,1.004,1.004
r8_1001_spider,"Name a spider. Reply with only the name, nothing else.",0.6556,charlotte -> real,0.6556,charlotte -> real,0.6678,charlotte -> real,52,69,0.133,0.233,0.193,60,90,55,0.0,0.153,13.3,black widow spider,0.15,17,15.83,21.43,0.347,"charlotte 47%, <long> 13%","<long> 23%, charlotte 16%",0.6631,0.357,0.465,0.465
r8_0311_cutting_board_material,"Name a cutting board material. Reply with only the name, nothing else.",0.6528,bamboo -> real,0.6528,bamboo -> real,0.624,bamboo -> real,56,72,0.067,0.2,0.147,60,90,15,0.0,0.12,10.9,bamboo,0.65,5,2.86,3.29,0.664,"bamboo 75%, wood 8%","bamboo 44%, <long> 20%",0.5546,0.253,1.159,1.159
r8_1568_cloud_cover,"Name a cloud cover. Reply with only the name, nothing else.",0.6528,<long> -> bench,0.5333,stratocumulus -> real,0.5392,stratocumulus -> real,51,49,0.15,0.456,0.333,60,90,60,0.0,0.253,20.4,cumulus clouds,0.3,12,9.25,42.0,0.11,"<long> 15%, cumulus clouds 8%","<long> 46%, cumulus clouds 7%",0.5436,0.507,0.361,0.361
r8s_1728_social_insect,"Suggest a type of social insect. Reply with only the name, nothing else.",0.65,ants -> real,0.65,ants -> real,0.6462,ants -> real,57,81,0.05,0.1,0.08,60,90,25,0.0,0.06,9.5,ants,0.75,6,2.62,5.96,0.565,"ants 70%, ant 8%","ants 40%, ant 10%",0.577,0.095,1.286,1.286
r8_1046_tisane,"Name a tisane. Reply with only the name, nothing else.",0.6472,<long> -> bench,0.525,chamomile tisane -> real,0.5283,rooibos tisane -> bench,53,53,0.117,0.411,0.293,60,90,68,0.0,0.207,18.7,rooibos tea,0.3,15,11.68,45.66,0.123,"<long> 12%, chamomile tisane 12%","<long> 41%, rooibos tisane 8%",0.5434,0.551,0.615,0.615
r8_1691_alcohol,"Name an alcohol. Reply with only the name, nothing else.",0.6444,ethanol -> bench,0.6444,ethanol -> bench,0.659,ethanol -> bench,56,82,0.067,0.089,0.08,60,90,26,0.0,0.06,8.0,beer,0.35,9,6.79,11.19,0.225,"vodka 20%, gin 17%","ethanol 32%, gin 17%",0.6556,0.401,1.014,1.014
r8_1258_knitwear_item,"Name a knitwear item. Reply with only the name, nothing else.",0.6444,sweater -> bench,0.6444,sweater -> bench,0.6785,sweater -> bench,57,77,0.05,0.144,0.107,60,90,54,0.0,0.073,10.1,sweater,0.4,12,8.12,18.55,0.381,"sweater 17%, cable knit sweater 13%","sweater 46%, <long> 14%",0.5769,0.523,1.255,1.255
r8_1275_woodland_plant,"Name a woodland plant. Reply with only the name, nothing else.",0.6417,<long> -> bench,0.5222,bluebell -> bench,0.5417,bluebell -> bench,49,48,0.183,0.467,0.353,60,90,82,0.0,0.307,21.6,trillium,0.25,16,13.37,72.75,0.062,"<long> 18%, wood anemone 3%","<long> 47%, trillium 4%",0.5363,0.751,0.466,0.466
r8_1717_bird_nest,"Name a bird nest. Reply with only the name, nothing else.",0.6417,<long> -> bench,0.5167,tiny nest -> real,0.5516,robins nest -> bench,51,50,0.15,0.433,0.32,60,90,70,0.007,0.213,18.3,robins nest,0.4,10,6.89,43.32,0.208,"<long> 15%, robins nest 13%","<long> 43%, robins nest 14%",0.5455,0.591,0.628,0.628
r8_1497_volcano_type,"Name a volcano type. Reply with only the name, nothing else.",0.6389,shield volcano -> real,0.6389,shield volcano -> real,0.6286,shield volcano -> real,56,70,0.067,0.222,0.16,60,90,33,0.0,0.14,13.6,stratovolcano,0.45,7,4.35,8.38,0.357,"shield volcano 47%, stratovolcano 20%","stratovolcano 31%, <long> 22%",0.5498,0.32,0.833,0.833
r8_0160_soil,"Name a soil. Reply with only the name, nothing else.",0.6389,clay soil -> real,0.6389,clay soil -> real,0.6327,clay soil -> real,56,74,0.067,0.178,0.133,60,90,41,0.0,0.107,11.1,loamy soil,0.2,10,8.85,14.78,0.385,"clay soil 50%, loamy soil 8%","clay soil 22%, <long> 18%",0.5634,0.348,0.59,0.59
r8_0120_energy_source,"Name an energy source. Reply with only the name, nothing else.",0.6389,solar energy -> real,0.6389,solar energy -> real,0.6206,solar energy -> real,57,76,0.05,0.156,0.113,60,90,26,0.0,0.107,10.5,solar energy,0.4,8,5.74,6.71,0.564,"solar energy 67%, <long> 5%","solar energy 39%, <long> 16%",0.5386,0.271,0.551,0.551
r8s_0272_electronic_device,"Suggest a type of electronic device. Reply with only the name, nothing else.",0.6389,smartphone -> bench,0.6389,smartphone -> bench,0.6462,smartphone -> bench,54,84,0.1,0.067,0.08,60,90,45,0.0,0.067,8.6,smartwatch,0.3,9,7.01,15.92,0.326,"smartwatch 28%, smartphone 13%","smartphone 41%, smartwatch 8%",0.59,0.409,0.982,0.982
r8_1039_window_covering,"Name a type of window covering. Reply with only the name, nothing else.",0.6361,blinds -> bench,0.6361,blinds -> bench,0.6444,blinds -> bench,49,79,0.183,0.122,0.147,60,90,36,0.0,0.147,12.7,blinds,0.45,11,6.94,11.09,0.484,"blinds 25%, <long> 18%","blinds 52%, <long> 12%",0.5244,0.428,0.267,0.267
r8_1389_type_of_meteorological,"Name a type of meteorological event. Reply with only the name, nothing else.",0.6361,hurricane -> bench,0.6361,hurricane -> bench,0.6512,hurricane -> bench,54,81,0.1,0.1,0.1,60,90,26,0.0,0.08,8.9,tornado,0.3,10,7.51,6.89,0.533,"hurricane 32%, tornado 15%","hurricane 59%, <long> 10%",0.551,0.473,1.218,1.218
r8_1650_operating_system,"Name an operating system. Reply with only the name, nothing else.",0.6333,linux -> bench,0.6333,linux -> bench,0.6902,linux -> bench,54,66,0.1,0.256,0.193,60,90,24,0.007,0.153,12.7,windows,0.25,10,8.02,7.56,0.308,"windows 35%, windows 10 17%","linux 33%, <long> 26%",0.6756,0.134,1.207,1.207
r8_0828_shower,"Name a shower. Reply with only the name, nothing else.",0.6333,<long> -> bench,0.525,walk-in shower -> real,0.5357,walk-in shower -> real,42,39,0.3,0.567,0.46,60,90,76,0.0,0.327,23.5,aqua sphere vip shower,0.05,20,20.0,72.16,0.037,"<long> 30%, walk-in shower 5%","<long> 57%, shower 2%",0.5365,0.656,0.634,0.662
r8_0601_conductor,"Name a conductor. Reply with only the name, nothing else.",0.6333,copper -> bench,0.6333,copper -> bench,0.6714,copper -> bench,47,70,0.217,0.222,0.22,60,90,67,0.0,0.167,14.8,daniel barenboim,0.15,15,13.42,35.39,0.205,"<long> 22%, gustavo dudamel 17%","copper 27%, <long> 22%",0.6248,0.56,0.689,0.703
r8_0711_synthetic_fibre,"Name a synthetic fibre. Reply with only the name, nothing else.",0.6306,polyester -> real,0.6306,polyester -> real,0.629,polyester -> real,52,68,0.133,0.244,0.2,60,90,38,0.0,0.16,13.8,polyester,0.4,7,4.75,11.04,0.45,"polyester 52%, <long> 13%","polyester 26%, <long> 24%",0.5765,0.444,0.678,0.678
r8_0458_carbohydrate,"Name a carbohydrate. Reply with only the name, nothing else.",0.6306,glucose -> bench,0.6306,glucose -> bench,0.6574,glucose -> bench,54,78,0.1,0.133,0.12,60,90,28,0.0,0.113,10.2,glucose,0.65,7,3.52,7.07,0.538,"glucose 32%, rice 18%","glucose 58%, <long> 13%",0.6706,0.331,1.286,1.286
r8_0740_wall_decoration,"Name a wall decoration. Reply with only the name, nothing else.",0.6306,<long> -> bench,0.5167,artwork -> real,0.5268,wainscoting -> bench,53,56,0.117,0.378,0.273,60,90,61,0.0,0.2,17.4,mirror,0.2,12,10.17,43.19,0.119,"<long> 12%, mirror 8%","<long> 38%, mirror 9%",0.5347,0.657,0.615,0.452
r8_1400_fitness_activity,"Name a fitness activity. Reply with only the name, nothing else.",0.6306,yoga -> real,0.6306,yoga -> real,0.6291,yoga -> real,58,84,0.033,0.067,0.053,60,90,24,0.0,0.027,6.9,yoga,0.6,4,2.81,6.37,0.451,"yoga 58%, running 10%","yoga 32%, running 30%",0.5987,0.306,1.639,1.639
r8_1740_plate_type,"Name a plate type. Reply with only the name, nothing else.",0.6306,<long> -> bench,0.6306,dinner plate -> real,0.6474,dinner plate -> real,51,52,0.15,0.411,0.307,60,90,81,0.007,0.233,18.6,dinner plate,0.5,11,6.32,54.45,0.184,"dinner plate 28%, <long> 15%","<long> 41%, petri dish 4%",0.5979,0.689,0.492,0.601
r8_1314_pancake,"Name a pancake. Reply with only the name, nothing else.",0.6306,<long> -> bench,0.5194,blueberry -> real,0.5533,blueberry pancake -> bench,51,53,0.15,0.411,0.307,60,90,58,0.0,0.24,17.5,blueberry pancake,0.3,13,10.17,29.53,0.231,"blueberry pancake 15%, <long> 15%","<long> 41%, blueberry pancake 17%",0.5421,0.604,0.17,0.17
r8s_1821_finfish,"Suggest a type of finfish. Reply with only the name, nothing else.",0.6306,salmon -> real,0.6306,salmon -> real,0.5703,salmon -> real,58,71,0.033,0.211,0.14,60,90,19,0.0,0.133,11.2,salmon,0.75,4,2.23,2.95,0.767,"salmon 82%, tuna 8%","salmon 56%, <long> 21%",0.5234,0.15,0.694,0.694
r8s_1118_herd_animal,"Suggest a type of herd animal. Reply with only the name, nothing else.",0.6306,sheep -> real,0.6306,sheep -> real,0.6284,sheep -> real,57,75,0.05,0.167,0.12,60,90,20,0.0,0.107,9.8,cattle,0.65,4,2.52,6.61,0.326,"sheep 38%, cattle 28%","cattle 29%, cow 23%",0.6053,0.257,1.193,1.193
r8_1025_folk_costume,"Name a folk costume. Reply with only the name, nothing else.",0.6306,<long> -> bench,0.5167,drindl -> bench,0.5319,drindl -> bench,47,47,0.217,0.478,0.373,60,90,68,0.0,0.34,22.4,highland dress,0.25,16,13.37,54.07,0.064,"<long> 22%, scottish kilt 5%","<long> 48%, dirndl 4%",0.5369,0.551,0.456,0.481
r8_0403_ceremony,"Name a ceremony. Reply with only the name, nothing else.",0.6278,<long> -> bench,0.5306,wedding ceremony -> bench,0.5701,wedding ceremony -> bench,47,49,0.2,0.456,0.353,60,90,66,0.007,0.247,18.4,wedding ceremony,0.15,16,14.38,45.96,0.135,"<long> 20%, graduation ceremony 5%","<long> 46%, wedding ceremony 11%",0.5387,0.619,0.502,0.483
r8_0131_parasite,"Name a parasite. Reply with only the name, nothing else.",0.6278,tapeworm -> real,0.6278,tapeworm -> real,0.6397,tapeworm -> real,54,77,0.1,0.144,0.127,60,90,49,0.0,0.093,11.6,tapeworm,0.2,13,10.9,22.92,0.206,"tapeworm 33%, <long> 10%","<long> 14%, plasmodium parasite 12%",0.596,0.594,0.957,0.957
r8_0680_bookmark,"Name a bookmark. Reply with only the name, nothing else.",0.6278,<long> -> real,0.5083,anonbook demo commands bookmark -> real,0.5294,anonbook demo commands bookmark -> real,17,50,0.7,0.444,0.547,60,90,69,0.007,0.393,26.9,none,0.1,19,18.66,67.0,0.015,"<long> 70%, workflow engine bookmark 2%","<long> 44%, adminemptylabel.markoor 1%",0.541,0.706,0.793,0.952
r8_0546_puzzle,"Name a puzzle. Reply with only the name, nothing else.",0.6278,<long> -> bench,0.5722,sudoku -> real,0.5661,sudoku -> real,44,43,0.267,0.522,0.42,60,90,47,0.0,0.267,21.2,rubiks cube,0.4,8,5.09,24.36,0.253,"<long> 27%, sudoku 23%","<long> 52%, sudoku 9%",0.5875,0.434,0.475,0.475
r8s_0402_body_fluid,"Suggest a type of body fluid. Reply with only the name, nothing else.",0.6278,saliva -> real,0.6278,saliva -> real,0.6327,saliva -> real,55,79,0.083,0.122,0.107,60,90,25,0.0,0.1,10.1,blood,0.3,11,8.26,6.72,0.425,"saliva 53%, blood 13%","blood 32%, saliva 28%",0.5744,0.336,0.955,0.955
r8s_0665_biological_process,"Suggest a type of biological process. Reply with only the name, nothing else.",0.6278,photosynthesis -> real,0.6278,photosynthesis -> real,0.612,photosynthesis -> real,57,78,0.05,0.133,0.1,60,90,40,0.0,0.06,9.3,photosynthesis,0.9,3,1.48,7.53,0.607,"photosynthesis 70%, <long> 5%","photosynthesis 44%, <long> 13%",0.5634,0.327,0.699,0.699
r8_1333_outdoor_adventure,"Name a type of outdoor adventure. Reply with only the name, nothing else.",0.625,hiking -> bench,0.625,hiking -> bench,0.6532,hiking -> bench,56,78,0.067,0.133,0.107,60,90,28,0.0,0.087,9.9,hiking,0.55,6,3.78,8.93,0.41,"rock climbing 27%, hiking 22%","hiking 47%, <long> 13%",0.5522,0.374,0.664,0.664
r8_0768_hydra,"Name a hydra. Reply with only the name, nothing else.",0.625,hydra -> real,0.625,hydra -> real,0.6436,hydra -> real,53,81,0.117,0.1,0.107,60,90,80,0.0,0.08,11.5,hydra,0.65,8,3.78,31.42,0.336,"hydra 45%, <long> 12%","hydra 20%, <long> 10%",0.5918,0.475,0.689,0.689
r8s_1779_switch,"Suggest a type of switch. Reply with only the name, nothing else.",0.625,toggle switch -> real,0.625,toggle switch -> real,0.6128,toggle switch -> real,55,71,0.083,0.211,0.16,60,90,64,0.0,0.113,11.4,toggle switch,0.55,10,5.35,19.38,0.437,"toggle switch 52%, <long> 8%","toggle switch 27%, <long> 21%",0.5755,0.556,0.373,0.485
r8s_0513_lentil,"Suggest a type of lentil. Reply with only the name, nothing else.",0.625,green lentil -> bench,0.625,green lentil -> bench,0.6333,green lentil -> bench,57,85,0.05,0.056,0.053,60,90,29,0.0,0.053,8.6,green lentil,0.4,9,6.26,7.39,0.493,"green lentil 32%, green lentils 22%","green lentil 57%, green lentils 11%",0.5383,0.342,0.144,0.144
r8_0063_movie,"Name a movie. Reply with only the name, nothing else.",0.625,parasite -> real,0.625,parasite -> real,0.6636,parasite -> real,47,72,0.217,0.2,0.207,60,90,45,0.0,0.18,14.8,parasite,0.3,13,10.17,11.83,0.504,"parasite 55%, <long> 22%","parasite 30%, <long> 20%",0.5394,0.35,0.39,0.39
r8_0189_carnival_ride,"Name a carnival ride. Reply with only the name, nothing else.",0.6222,<long> -> bench,0.5333,carousel -> real,0.5499,ferris wheel -> bench,54,59,0.1,0.344,0.247,60,90,44,0.0,0.2,16.1,ferris wheel,0.25,13,10.58,18.19,0.274,"ferris wheel 20%, roller coaster 12%","<long> 34%, ferris wheel 21%",0.5461,0.336,0.115,0.115
r8s_0720_form_of_media,"Suggest a type of form of media. Reply with only the name, nothing else.",0.6222,podcast -> real,0.6222,podcast -> real,0.6524,podcast -> real,49,80,0.183,0.111,0.14,60,90,60,0.0,0.107,10.7,podcast,0.5,9,5.36,30.66,0.178,"podcast 30%, <long> 18%","image 18%, <long> 11%",0.6206,0.421,0.611,0.675
r8_0472_extreme_sport,"Name an extreme sport. Reply with only the name, nothing else.",0.6222,base jumping -> real,0.6222,base jumping -> real,0.5951,base jumping -> real,60,82,0.0,0.089,0.053,60,90,21,0.0,0.047,7.9,base jumping,0.6,5,3.01,3.95,0.69,"base jumping 80%, skydiving 7%","base jumping 56%, skydiving 10%",0.5434,0.334,0.803,0.803
r8s_1657_conference,"Suggest a type of conference. Reply with only the name, nothing else.",0.6222,<long> -> bench,0.525,data science conference -> real,0.5326,data science conference -> real,46,47,0.233,0.478,0.38,60,90,88,0.0,0.113,14.8,education revolution conference,0.05,20,20.0,84.57,0.032,"<long> 23%, data science conference 5%","<long> 48%, pycon 2%",0.5487,0.632,0.521,0.498
r8_1363_photography,"Name a photography. Reply with only the name, nothing else.",0.6194,<long> -> bench,0.6139,annie leibovitz -> real,0.6085,annie leibovitz -> real,49,52,0.183,0.422,0.327,60,90,64,0.0,0.24,19.4,annie leibovitz,0.45,11,6.94,30.03,0.317,"annie leibovitz 35%, <long> 18%","<long> 42%, annie leibovitz 12%",0.5853,0.579,0.794,0.794
r8_0070_building_material,"Name a building material. Reply with only the name, nothing else.",0.6194,wood -> real,0.6194,wood -> real,0.6214,wood -> real,58,85,0.033,0.056,0.047,60,90,22,0.0,0.04,6.9,wood,0.35,7,5.15,6.1,0.392,"wood 42%, concrete 33%","concrete 40%, wood 18%",0.54,0.35,0.38,0.38
r8_1469_musical_scale,"Name a musical scale. Reply with only the name, nothing else.",0.6194,<long> -> bench,0.5444,major scale -> real,0.5399,pentatonic scale -> real,51,55,0.15,0.389,0.293,60,90,40,0.0,0.233,17.6,pentatonic scale,0.15,16,14.77,19.7,0.302,"major scale 27%, <long> 15%","<long> 39%, major scale 18%",0.5459,0.437,0.73,0.73
r8_0833_honey_source_flower,"Name a honey source flower. Reply with only the name, nothing else.",0.6194,<long> -> bench,0.5167,lavender flower -> real,0.5204,lavender flower -> real,49,52,0.183,0.422,0.327,60,90,82,0.0,0.253,19.4,lavender,0.15,17,15.83,73.52,0.04,"<long> 18%, purple coneflower 3%","<long> 42%, purple coneflower 2%",0.536,0.676,0.78,0.78
r8_1092_ceramic,"Name a ceramic. Reply with only the name, nothing else.",0.6194,porcelain -> bench,0.6194,porcelain -> bench,0.6795,porcelain -> bench,47,63,0.217,0.3,0.267,60,90,52,0.0,0.247,17.0,vase,0.35,11,8.01,21.08,0.355,"<long> 22%, porcelain 12%","porcelain 36%, <long> 30%",0.5809,0.591,1.02,1.02
r8_1013_tire_brand,"Name a tire brand. Reply with only the name, nothing else.",0.6194,bridgestone -> real,0.6194,bridgestone -> real,0.6162,bridgestone -> real,60,83,0.0,0.078,0.047,60,90,17,0.0,0.033,7.6,michelin,0.4,7,4.75,5.26,0.378,"michelin 35%, bridgestone 32%","michelin 37%, goodyear 30%",0.5439,0.373,0.405,0.405
r8_1894_luxury_brand,"Name a luxury brand. Reply with only the name, nothing else.",0.6167,<long> -> bench,0.5444,chanel -> real,0.5347,gucci -> bench,56,63,0.067,0.3,0.207,60,90,34,0.0,0.18,14.1,gucci,0.3,10,7.84,16.57,0.269,"gucci 22%, chanel 17%","<long> 30%, gucci 21%",0.5439,0.547,0.424,0.424
r8_0442_brownie,"Name a brownie. Reply with only the name, nothing else.",0.6167,<long> -> bench,0.5861,rocky -> real,0.6007,rocky -> real,50,54,0.167,0.4,0.307,60,90,71,0.0,0.2,16.7,rocky,0.1,19,18.66,50.63,0.115,"rocky 18%, <long> 17%","<long> 40%, brownie 6%",0.5411,0.617,0.372,0.382
r8s_1259_school_level,"Suggest a type of school level. Reply with only the name, nothing else.",0.6167,elementary school -> real,0.6167,elementary school -> real,0.6014,elementary school -> real,59,81,0.017,0.1,0.067,60,90,14,0.0,0.053,8.8,elementary school,0.55,7,4.23,5.18,0.493,"elementary school 60%, high school 13%","elementary school 37%, middle school 14%",0.5484,0.22,0.385,0.385
r8s_1181_color_of_sky,"Suggest a type of color of sky. Reply with only the name, nothing else.",0.6167,blue -> bench,0.6167,blue -> bench,0.6296,blue -> bench,54,81,0.1,0.1,0.1,60,90,29,0.0,0.08,8.8,orange sky,0.15,16,14.38,6.77,0.563,"blue 37%, azure 12%","blue 60%, <long> 10%",0.5973,0.274,0.621,0.621
r8s_1443_notebook_binding,"Suggest a type of notebook binding. Reply with only the name, nothing else.",0.6167,<long> -> bench,0.5194,spiral binding -> real,0.5185,coptic binding -> real,54,60,0.1,0.333,0.24,60,90,61,0.0,0.207,15.9,case binding,0.25,13,10.14,36.0,0.167,"spiral binding 15%, <long> 10%","<long> 33%, spiral binding 11%",0.5388,0.459,0.562,0.562
r8_1553_work_of_literature,"Name a type of work of literature. Reply with only the name, nothing else.",0.6167,<long> -> bench,0.5389,poetry -> real,0.5467,novel -> bench,52,57,0.133,0.367,0.273,60,90,53,0.0,0.233,17.0,poem,0.25,11,8.82,24.15,0.183,"poem 15%, <long> 13%","<long> 37%, novel 14%",0.5414,0.483,0.392,0.392
r8s_0517_queen,"Suggest a type of queen. Reply with only the name, nothing else.",0.6167,<long> -> bench,0.5361,honeybee queen -> bench,0.5546,honeybee queen -> bench,56,63,0.067,0.3,0.207,60,90,83,0.0,0.153,14.4,worker queen,0.15,16,14.77,63.93,0.076,"<long> 7%, spanish queen 7%","<long> 30%, honeybee queen 9%",0.5539,0.584,0.563,0.563
r8s_0111_writing_instrument,"Suggest a type of writing instrument. Reply with only the name, nothing else.",0.6167,fountain pen -> real,0.6167,fountain pen -> real,0.6,fountain pen -> real,56,70,0.067,0.222,0.16,60,90,22,0.0,0.127,12.2,fountain pen,0.75,5,2.45,7.78,0.389,"fountain pen 47%, pencil 12%","fountain pen 23%, <long> 22%",0.5666,0.434,0.573,0.573
r8_0696_carnival_game,"Name a carnival game. Reply with only the name, nothing else.",0.6167,ring toss -> real,0.6167,ring toss -> real,0.5947,ring toss -> real,53,69,0.117,0.233,0.187,60,90,37,0.0,0.147,14.1,ring toss,0.9,3,1.48,6.42,0.648,"ring toss 67%, <long> 12%","ring toss 43%, <long> 23%",0.5721,0.398,1.104,1.104
r8s_1021_capacitor,"Suggest a type of capacitor. Reply with only the name, nothing else.",0.6167,ceramic capacitor -> real,0.6167,ceramic capacitor -> real,0.6193,ceramic capacitor -> real,56,79,0.067,0.122,0.1,60,90,33,0.0,0.067,11.3,electrolytic capacitor,0.35,7,5.01,9.23,0.289,"ceramic capacitor 40%, electrolytic capacitor 20%","electrolytic capacitor 28%, aluminum electrolytic capacitor 19%",0.5483,0.248,0.386,0.386
r8_1792_orchid,"Name an orchid. Reply with only the name, nothing else.",0.6167,phalaenopsis -> real,0.6167,phalaenopsis -> real,0.6155,phalaenopsis -> real,55,71,0.083,0.2,0.153,60,90,70,0.007,0.113,13.5,phalaenopsis,0.55,8,4.54,31.22,0.27,"phalaenopsis 37%, <long> 8%","<long> 20%, phalaenopsis 13%",0.5436,0.451,0.395,0.395
r8_0481_sandwich_bread,"Name a sandwich bread. Reply with only the name, nothing else.",0.6167,<long> -> bench,0.6,sourdough bread -> real,0.5733,sourdough bread -> real,50,54,0.167,0.4,0.307,60,90,36,0.0,0.24,18.0,sourdough bread,0.25,12,10.14,13.08,0.404,"sourdough bread 40%, <long> 17%","<long> 40%, sourdough bread 20%",0.5482,0.496,0.295,0.335
r8_1728_social_insect,"Name a social insect. Reply with only the name, nothing else.",0.6167,ants -> real,0.6167,ants -> real,0.6036,ants -> real,56,75,0.067,0.167,0.127,60,90,17,0.0,0.107,11.0,ants,0.65,7,3.52,3.8,0.489,"ants 57%, ant 28%","ant 36%, ants 33%",0.5387,0.043,1.118,1.118
r8_1454_mushroom_color,"Name a mushroom color. Reply with only the name, nothing else.",0.6167,brown -> real,0.6167,brown -> real,0.6286,brown -> real,53,76,0.117,0.156,0.14,60,90,26,0.0,0.133,10.9,white,0.35,7,4.78,7.98,0.264,"brown 37%, red 17%","red 26%, white 23%",0.5651,0.226,0.845,0.845
r8s_0934_chemical_bond,"Suggest a type of chemical bond. Reply with only the name, nothing else.",0.6139,ionic bond -> real,0.6139,ionic bond -> real,0.5867,ionic bond -> real,57,78,0.05,0.133,0.1,60,90,12,0.0,0.087,9.5,ionic bond,0.8,3,1.85,2.12,0.83,"ionic bond 88%, <long> 5%","ionic bond 66%, <long> 13%",0.5531,0.118,0.525,0.525
r8s_1924_carnival_food,"Suggest a type of carnival food. Reply with only the name, nothing else.",0.6139,popcorn -> bench,0.6139,popcorn -> bench,0.5633,popcorn -> bench,42,83,0.3,0.078,0.167,60,90,27,0.0,0.113,11.9,popcorn,0.25,13,10.14,6.06,0.584,"popcorn 35%, <long> 30%","popcorn 58%, cotton candy 12%",0.5339,0.337,0.565,0.565
r8_1350_news_channel,"Name a news channel. Reply with only the name, nothing else.",0.6139,cnn -> bench,0.6139,cnn -> bench,0.6217,cnn -> bench,55,83,0.083,0.078,0.08,60,90,17,0.0,0.053,8.6,cnn,0.65,4,2.67,3.03,0.746,"cnn 55%, cnn.com 15%","cnn 78%, <long> 8%",0.5313,0.143,0.502,0.502
r8_1394_natural_landform,"Name a natural landform. Reply with only the name, nothing else.",0.6139,mountain -> real,0.6139,mountain -> real,0.6099,mountain -> real,56,75,0.067,0.156,0.12,60,90,54,0.007,0.12,10.8,mountain,0.3,12,8.85,22.37,0.321,"mountain 42%, <long> 7%","mountain 19%, <long> 16%",0.5888,0.479,0.871,0.871
r8_1839_ghoul,"Name a ghoul. Reply with only the name, nothing else.",0.6139,<long> -> bench,0.5167,zirak -> real,0.5403,ghoul -> bench,51,56,0.15,0.378,0.287,60,90,86,0.0,0.247,18.3,ghoul,0.35,14,10.12,65.14,0.14,"<long> 15%, ghoul 8%","<long> 38%, ghoul 11%",0.5654,0.483,0.633,0.468
r8s_0276_snow,"Suggest a type of snow. Reply with only the name, nothing else.",0.6139,powder snow -> real,0.6139,powder snow -> real,0.5936,powder snow -> real,55,74,0.083,0.167,0.133,60,90,35,0.007,0.12,11.7,powder snow,0.9,3,1.48,5.43,0.674,"powder snow 72%, <long> 8%","powder snow 49%, <long> 17%",0.5585,0.391,1.089,1.089
r8_0731_alien_species,"Name an alien species. Reply with only the name, nothing else.",0.6139,<long> -> bench,0.5167,eralia -> bench,0.5375,eralia -> bench,41,40,0.317,0.544,0.453,60,90,74,0.007,0.367,24.6,greys,0.1,19,18.66,68.55,0.037,"<long> 32%, xenomorph 3%","<long> 54%, eralia 3%",0.548,0.63,0.621,0.621
r8_0402_body_fluid,"Name a body fluid. Reply with only the name, nothing else.",0.6139,saliva -> real,0.6139,saliva -> real,0.6087,saliva -> real,58,76,0.033,0.156,0.107,60,90,21,0.0,0.107,10.9,blood,0.4,8,5.09,5.31,0.515,"blood 38%, saliva 35%","blood 51%, <long> 16%",0.5981,0.258,1.384,1.384
r8_1311_gnome,"Name a gnome. Reply with only the name, nothing else.",0.6139,<long> -> bench,0.5167,freya -> real,0.5189,freya -> real,53,59,0.117,0.344,0.253,60,90,100,0.0,0.22,16.8,bjorn,0.1,19,18.66,92.38,0.045,"<long> 12%, bob 3%","<long> 34%, gnome 3%",0.5397,0.677,0.574,0.652
r8s_0731_alien_species,"Suggest an alien species. Reply with only the name, nothing else.",0.6111,<long> -> bench,0.5083,alien species name -> real,0.5109,alien species name -> real,46,49,0.233,0.456,0.367,60,90,92,0.0,0.3,22.3,zzglorg,0.15,17,15.83,87.28,0.053,"<long> 23%, zydonians 3%","<long> 46%, zydonians 3%",0.5396,0.635,0.406,0.469
r8_1800_music_scale_mode,"Name a music scale mode. Reply with only the name, nothing else.",0.6111,lydian mode -> real,0.6111,lydian mode -> real,0.6285,lydian mode -> real,51,73,0.15,0.189,0.173,60,90,33,0.0,0.173,13.8,lydian mode,0.25,13,10.58,15.47,0.202,"lydian mode 30%, <long> 15%","<long> 19%, mixolydian 13%",0.5558,0.421,0.736,0.736
r8_0931_tunnel,"Name a tunnel. Reply with only the name, nothing else.",0.6111,<long> -> bench,0.5167,gotthard tunnel -> real,0.5192,gotthard tunnel -> real,52,56,0.133,0.356,0.267,60,90,95,0.013,0.18,17.9,eisenhower tunnel,0.1,18,17.41,85.99,0.037,"<long> 13%, channel tunnel 3%","<long> 36%, name 2%",0.5399,0.661,0.273,0.314
r8_0556_bedroom_item,"Name a bedroom item. Reply with only the name, nothing else.",0.6111,bed -> bench,0.6111,bed -> bench,0.6274,bed -> bench,57,81,0.05,0.1,0.08,60,90,18,0.0,0.067,9.2,bedside lamp,0.3,10,7.84,6.45,0.333,"bed frame 32%, bedside table 18%","bed 36%, bed frame 30%",0.5239,0.131,0.518,0.518
r8_1330_fungal_growth,"Name a fungal growth. Reply with only the name, nothing else.",0.6111,athletes foot -> real,0.6111,athletes foot -> real,0.6298,athletes foot -> real,51,74,0.15,0.178,0.167,60,90,81,0.0,0.12,13.8,athletes foot,0.2,13,10.9,52.87,0.16,"athletes foot 27%, <long> 15%","<long> 18%, trichoderma 4%",0.596,0.549,0.708,0.708
r8_0755_spider,"Name a spider. Reply with only the name, nothing else.",0.6111,charlotte -> real,0.6111,charlotte -> real,0.6288,charlotte -> real,48,66,0.2,0.267,0.24,60,90,52,0.0,0.18,15.7,tarantula,0.3,11,8.85,20.79,0.351,"charlotte 40%, <long> 20%","<long> 27%, charlotte 18%",0.6594,0.356,0.448,0.448
r8_1934_slipper,"Name a slipper. Reply with only the name, nothing else.",0.6111,<long> -> bench,0.525,crocs -> real,0.53,crocs -> real,50,55,0.167,0.389,0.3,60,90,99,0.0,0.213,18.3,ugg slipper,0.1,19,18.66,93.54,0.038,"<long> 17%, crocs 5%","<long> 39%, slipper 3%",0.5305,0.691,0.459,0.459
r8_1957_flammable_substance,"Name a flammable substance. Reply with only the name, nothing else.",0.6111,gasoline -> real,0.6111,gasoline -> real,0.6206,gasoline -> real,57,89,0.05,0.011,0.027,60,90,25,0.0,0.013,5.9,gasoline,0.3,8,6.18,8.38,0.274,"gasoline 40%, acetone 22%","acetone 27%, ethanol 19%",0.5935,0.246,1.052,1.052
r8_1535_gemstone_cut,"Name a gemstone cut. Reply with only the name, nothing else.",0.6111,emerald cut -> real,0.6111,emerald cut -> real,0.5924,emerald cut -> real,59,83,0.017,0.078,0.053,60,90,20,0.0,0.053,8.1,emerald cut,0.75,5,2.45,3.28,0.739,"emerald cut 83%, princess cut 10%","emerald cut 61%, princess cut 9%",0.5342,0.241,0.526,0.526
r8_1909_photograph,"Name a photograph. Reply with only the name, nothing else.",0.6111,<long> -> bench,0.5111,mona lisa -> real,0.5135,mona lisa -> real,37,37,0.367,0.589,0.5,60,90,71,0.007,0.34,25.1,kiss,0.2,16,14.14,66.91,0.041,"<long> 37%, mona lisa 3%","<long> 59%, kissing couple 1%",0.5391,0.637,0.642,0.642
r8s_1762_temperature_extreme,"Suggest a type of temperature extreme. Reply with only the name, nothing else.",0.6111,heat wave -> real,0.6111,heat wave -> real,0.6109,heat wave -> real,54,76,0.1,0.156,0.133,60,90,31,0.0,0.127,11.4,heat wave,0.6,9,4.5,7.29,0.5,"heat wave 57%, heatwave 12%","heat wave 34%, heatwave 21%",0.5638,0.285,0.36,0.508
r8_1453_prince,"Name a prince. Reply with only the name, nothing else.",0.6111,prince william -> real,0.6111,prince william -> real,0.6261,prince william -> real,52,77,0.133,0.144,0.14,60,90,38,0.0,0.093,11.4,harry,0.25,9,7.29,11.8,0.426,"prince william 50%, <long> 13%","prince william 28%, <long> 14%",0.5464,0.277,0.903,0.903
r8_1857_refrigerator_brand,"Name a refrigerator brand. Reply with only the name, nothing else.",0.6111,samsung -> real,0.6111,samsung -> real,0.6283,samsung -> real,53,81,0.117,0.1,0.107,60,90,17,0.0,0.1,10.0,lg,0.35,4,3.43,6.46,0.373,"samsung 47%, lg 22%","samsung 24%, whirlpool 19%",0.5499,0.438,0.596,0.596
r8_1876_flute,"Name a flute. Reply with only the name, nothing else.",0.6083,<long> -> bench,0.5222,flute -> real,0.5283,transverse flute -> bench,49,53,0.183,0.4,0.313,60,90,83,0.007,0.227,19.1,flute,0.15,18,16.96,63.73,0.108,"<long> 18%, flute 10%","<long> 40%, flute 6%",0.5326,0.689,0.223,0.226
r8_1882_weld,"Name a weld. Reply with only the name, nothing else.",0.6083,<long> -> bench,0.5639,butt weld -> real,0.568,butt weld -> real,47,51,0.217,0.433,0.347,60,90,65,0.0,0.267,21.1,groove weld,0.3,10,6.83,42.05,0.163,"<long> 22%, butt weld 18%","<long> 43%, butt weld 6%",0.5494,0.617,0.302,0.302
r8_0339_umbrella,"Name an umbrella. Reply with only the name, nothing else.",0.6083,<long> -> bench,0.5111,golf -> bench,0.5213,golf -> bench,43,47,0.25,0.467,0.38,60,90,90,0.02,0.307,22.8,nicole,0.05,20,20.0,87.27,0.022,"<long> 25%, <unparsed> 3%","<long> 47%, golf 2%",0.5279,0.777,0.299,0.34
r8_1563_wheel_size,"Name a wheel size. Reply with only the name, nothing else.",0.6083,<long> -> bench,0.5167,17 wheel size -> real,0.525,24 inch -> bench,53,60,0.117,0.333,0.247,60,90,84,0.0,0.233,18.8,24 wheel size,0.15,15,13.78,72.98,0.053,"<long> 12%, 24 inches 3%","<long> 33%, 20 inches 4%",0.5432,0.129,0.246,0.246
r8s_0944_electric_animal,"Suggest a type of electric animal. Reply with only the name, nothing else.",0.6083,electric eel -> bench,0.6083,electric eel -> bench,0.6357,electric eel -> bench,51,75,0.15,0.167,0.16,60,90,29,0.0,0.113,11.5,electric eel,0.75,6,2.62,4.21,0.73,"electric eel 48%, <long> 15%","electric eel 70%, <long> 17%",0.5269,0.242,0.38,0.38
r8s_0635_battery,"Suggest a type of battery. Reply with only the name, nothing else.",0.6083,lithium-ion battery -> bench,0.6083,lithium-ion battery -> bench,0.66,lithium-ion battery -> bench,55,75,0.083,0.167,0.133,60,90,22,0.0,0.107,13.1,lithium-ion battery,0.75,6,2.62,3.13,0.785,"lithium-ion battery 55%, <long> 8%","lithium-ion battery 77%, <long> 17%",0.5252,0.182,0.335,0.335
r8_0738_demon,"Name a demon. Reply with only the name, nothing else.",0.6083,asmodeus -> real,0.6083,asmodeus -> real,0.5732,asmodeus -> real,56,70,0.067,0.222,0.16,60,90,41,0.0,0.127,13.5,asmodeus,0.8,5,2.18,8.37,0.579,"asmodeus 62%, <long> 7%","asmodeus 40%, <long> 22%",0.559,0.373,0.329,0.329
r8_1002_noble_gas,"Name a type of noble gas. Reply with only the name, nothing else.",0.6083,helium -> real,0.6083,helium -> real,0.5727,helium -> real,55,70,0.083,0.222,0.167,60,90,10,0.0,0.133,12.0,helium,0.6,6,3.41,3.02,0.664,"helium 68%, argon 17%","helium 47%, <long> 22%",0.5329,0.323,0.67,0.67
r8s_0746_musical_note_duration,"Suggest a type of musical note duration. Reply with only the name, nothing else.",0.6083,whole note -> real,0.6083,whole note -> real,0.6168,whole note -> real,54,78,0.1,0.133,0.12,60,90,45,0.0,0.12,11.4,whole note,0.45,10,6.31,18.96,0.288,"whole note 38%, <long> 10%","whole note 17%, <long> 13%",0.5369,0.68,0.754,0.754
r8s_0491_fairground_food,"Suggest a type of fairground food. Reply with only the name, nothing else.",0.6083,popcorn -> bench,0.6083,popcorn -> bench,0.6322,popcorn -> bench,51,75,0.15,0.167,0.16,60,90,39,0.0,0.127,11.9,cotton candy,0.2,10,8.12,13.53,0.373,"popcorn 18%, <long> 15%","popcorn 40%, <long> 17%",0.5281,0.563,0.456,0.456
r8s_0323_lamp,"Suggest a type of lamp. Reply with only the name, nothing else.",0.6083,table lamp -> real,0.6083,table lamp -> real,0.5989,table lamp -> real,56,75,0.067,0.167,0.127,60,90,37,0.0,0.113,11.8,table lamp,0.5,8,5.0,12.35,0.405,"table lamp 48%, <long> 7%","table lamp 27%, <long> 17%",0.5508,0.564,0.907,0.907
r8s_1905_seat_on_transportation,"Suggest a type of seat on transportation. Reply with only the name, nothing else.",0.6083,<long> -> bench,0.5444,bench seat -> real,0.5466,bench seat -> real,55,63,0.083,0.3,0.213,60,90,64,0.0,0.153,14.1,reserved seat,0.05,20,20.0,40.76,0.136,"window seat 13%, bench seat 10%","<long> 30%, window seat 9%",0.5336,0.65,0.149,0.149
r8_1471_bandage,"Name a type of bandage. Reply with only the name, nothing else.",0.6083,gauze bandage -> real,0.6083,gauze bandage -> real,0.5941,gauze bandage -> real,58,69,0.033,0.233,0.153,60,90,44,0.0,0.12,12.6,gauze bandage,0.6,7,3.82,17.72,0.26,"gauze bandage 35%, elastic bandage 10%","<long> 23%, gauze bandage 13%",0.5447,0.583,0.795,0.795
r8_0479_sugar,"Name a sugar. Reply with only the name, nothing else.",0.6056,sucrose -> real,0.6056,sucrose -> real,0.5982,sucrose -> real,57,78,0.05,0.133,0.1,60,90,32,0.0,0.08,10.0,sucrose,0.55,7,4.05,11.16,0.378,"sucrose 47%, granulated sugar 8%","sucrose 26%, glucose 18%",0.6196,0.303,0.497,0.497
r8_0302_brush,"Name a brush. Reply with only the name, nothing else.",0.6056,<long> -> bench,0.5222,round brush -> real,0.5283,paintbrush -> bench,46,50,0.233,0.444,0.36,60,90,74,0.0,0.253,20.2,round brush,0.35,12,8.81,59.26,0.073,"<long> 23%, round brush 7%","<long> 44%, paintbrush 6%",0.5415,0.645,0.444,0.444
r8s_0308_skirt,"Suggest a type of skirt. Reply with only the name, nothing else.",0.6056,<long> -> bench,0.5694,a-line skirt -> real,0.5383,maxi skirt -> real,58,68,0.033,0.244,0.16,60,90,16,0.0,0.127,13.1,a-line skirt,0.6,5,3.18,4.92,0.437,"a-line skirt 45%, pencil skirt 28%","a-line skirt 31%, pencil skirt 26%",0.5456,0.265,0.125,0.125
r8_1724_battle_formation,"Name a battle formation. Reply with only the name, nothing else.",0.6056,<long> -> bench,0.5389,phalanx formation -> real,0.5469,phalanx formation -> real,44,47,0.267,0.478,0.393,60,90,66,0.0,0.287,21.8,phalanx,0.2,17,15.16,48.07,0.132,"<long> 27%, phalanx 12%","<long> 48%, phalanx 6%",0.5423,0.554,0.421,0.421
r8s_1824_egg,"Suggest a type of egg. Reply with only the name, nothing else.",0.6056,<long> -> bench,0.525,deviled egg -> real,0.53,deviled egg -> real,50,56,0.167,0.378,0.293,60,90,49,0.0,0.267,18.9,duck egg,0.45,12,7.44,25.46,0.217,"scrambled eggs 17%, <long> 17%","<long> 38%, scrambled eggs 14%",0.5579,0.518,0.555,0.555
r8_0705_parasitic_organism,"Name a type of parasitic organism. Reply with only the name, nothing else.",0.6056,tapeworm -> real,0.6056,tapeworm -> real,0.6192,tapeworm -> real,54,82,0.1,0.078,0.087,60,90,48,0.007,0.073,10.3,tapeworm,0.55,7,4.34,15.02,0.412,"tapeworm 50%, <long> 10%","tapeworm 29%, plasmodium 11%",0.5598,0.47,0.524,0.524
r8_1914_mouse_button,"Name a mouse button. Reply with only the name, nothing else.",0.6056,left -> bench,0.6056,left -> bench,0.6182,left -> bench,53,80,0.117,0.1,0.107,60,90,25,0.007,0.1,11.3,left button,0.6,7,3.92,6.74,0.346,"left button 37%, left 17%","left 38%, left button 27%",0.5364,0.16,0.756,0.756
r8_1060_mental_state,"Name a mental state. Reply with only the name, nothing else.",0.6056,anxiety -> real,0.6056,anxiety -> real,0.5967,anxiety -> real,56,75,0.067,0.167,0.127,60,90,42,0.0,0.1,11.3,anxiety,0.85,4,1.8,12.96,0.389,"anxiety 47%, anxious 17%","anxiety 26%, <long> 17%",0.5803,0.38,0.563,0.563
r8s_1973_galaxy_shape,"Suggest a type of galaxy shape. Reply with only the name, nothing else.",0.6056,spiral -> bench,0.6056,spiral -> bench,0.6205,spiral galaxy -> real,48,84,0.2,0.067,0.12,60,90,33,0.0,0.1,10.6,spiral galaxy,0.4,8,5.43,10.43,0.258,"spiral galaxy 32%, <long> 20%","spiral 31%, elliptical 19%",0.5586,0.208,0.892,0.892
r8_1297_color_hue,"Name a color hue. Reply with only the name, nothing else.",0.6056,red -> bench,0.6056,red -> bench,0.6124,red -> bench,54,84,0.1,0.067,0.08,60,90,35,0.0,0.053,7.4,indigo,0.2,13,11.49,15.99,0.174,"blue 13%, teal 10%","red 24%, blue 17%",0.5725,0.391,1.053,1.053
r8_1906_tree_height_category,"Name a tree height category. Reply with only the name, nothing else.",0.6056,<long> -> bench,0.5222,tall trees -> real,0.5341,giant -> bench,41,44,0.3,0.511,0.427,60,90,67,0.007,0.36,23.5,tall trees,0.15,17,15.83,52.3,0.129,"<long> 30%, tall trees 10%","<long> 51%, tall trees 6%",0.5444,0.547,0.474,0.474
r8s_0572_compass_direction,"Suggest a type of compass direction. Reply with only the name, nothing else.",0.6056,north -> real,0.6056,north -> real,0.6137,north -> real,54,79,0.1,0.111,0.107,60,90,41,0.007,0.067,9.2,southwest,0.2,12,9.74,14.02,0.383,"north 47%, <long> 10%","north 26%, <long> 11%",0.5809,0.464,0.563,0.563
r8s_1131_electronic_instrument,"Suggest a type of electronic instrument. Reply with only the name, nothing else.",0.6056,oscilloscope -> bench,0.6056,oscilloscope -> bench,0.6195,oscilloscope -> bench,51,78,0.15,0.133,0.14,60,90,52,0.0,0.107,11.8,oscilloscope,0.2,16,14.14,18.0,0.38,"oscilloscope 20%, <long> 15%","oscilloscope 41%, <long> 13%",0.5807,0.478,0.774,0.834
r8_1445_mountain_formation,"Name a mountain formation. Reply with only the name, nothing else.",0.6056,<long> -> bench,0.5306,sierra nevada -> bench,0.5472,sierra nevada -> bench,54,62,0.1,0.311,0.227,60,90,57,0.0,0.147,15.0,himalayas,0.25,11,8.6,27.91,0.241,"mount everest 22%, <long> 10%","<long> 31%, mount everest 17%",0.5509,0.556,0.354,0.354
r8_0539_volcano,"Name a volcano. Reply with only the name, nothing else.",0.6028,mount vesuvius -> real,0.6028,mount vesuvius -> real,0.5894,mount vesuvius -> real,56,69,0.067,0.233,0.167,60,90,43,0.0,0.147,14.0,mount vesuvius,0.6,7,3.82,16.84,0.312,"mount vesuvius 38%, mount st. helens 15%","<long> 23%, mount vesuvius 18%",0.5442,0.347,1.049,1.049
r8_0865_furniture_style,"Name a furniture style. Reply with only the name, nothing else.",0.6028,mid-century modern -> real,0.6028,mid-century modern -> real,0.6197,mid-century modern -> real,50,74,0.167,0.178,0.173,60,90,34,0.0,0.14,13.8,mid-century modern,0.5,11,6.32,6.41,0.637,"mid-century modern 65%, <long> 17%","mid-century modern 44%, <long> 18%",0.5575,0.313,1.645,1.645
r8_0371_fermented_food,"Name a fermented food. Reply with only the name, nothing else.",0.6028,kimchi -> real,0.6028,kimchi -> real,0.5778,kimchi -> real,58,78,0.033,0.133,0.093,60,90,19,0.0,0.087,9.7,kimchi,0.95,2,1.22,4.24,0.618,"kimchi 68%, kombucha 10%","kimchi 48%, <long> 13%",0.5634,0.414,1.206,1.206
r8_1583_screw,"Name a screw. Reply with only the name, nothing else.",0.6028,<long> -> bench,0.5306,screw -> real,0.5213,flathead screw -> real,53,61,0.117,0.322,0.24,60,90,52,0.0,0.18,15.6,wood screw,0.5,11,6.32,27.41,0.149,"screw 15%, wood screw 12%","<long> 32%, phillips screw 9%",0.5504,0.493,0.649,0.649
r8_1747_placemat,"Name a placemat. Reply with only the name, nothing else.",0.6028,<long> -> bench,0.5083,160px.span:大學-oep-abc -> real,0.5256,placemat -> bench,39,39,0.35,0.556,0.473,60,90,77,0.007,0.287,23.0,burger placemat,0.05,20,20.0,72.65,0.051,"<long> 35%, saline placemat 2%","<long> 56%, placemat 3%",0.5324,0.782,0.859,0.859
r8_0667_stone_product,"Name a stone product. Reply with only the name, nothing else.",0.6028,<long> -> bench,0.5389,slate -> real,0.5455,marble -> bench,53,61,0.117,0.322,0.24,60,90,47,0.0,0.213,15.7,granite slab,0.1,17,16.25,18.0,0.316,"granite 28%, slate 13%","<long> 32%, granite 21%",0.545,0.379,0.355,0.355
r8_1597_goblin,"Name a goblin. Reply with only the name, nothing else.",0.6028,<long> -> bench,0.5333,gribbit -> real,0.5339,gribbit -> real,59,70,0.017,0.222,0.14,60,90,115,0.0,0.113,12.1,ziggy,0.1,18,17.41,105.4,0.039,"gribbit 7%, zizzer 3%","<long> 22%, zog 4%",0.5464,0.497,0.746,0.746
r8_0198_academic_field,"Name an academic field. Reply with only the name, nothing else.",0.6028,psychology -> real,0.6028,psychology -> real,0.6111,psychology -> real,55,71,0.083,0.211,0.16,60,90,58,0.0,0.14,11.9,sociology,0.2,14,12.31,37.97,0.111,"psychology 22%, <long> 8%","<long> 21%, physics 10%",0.5625,0.543,0.815,0.807
r8_0780_tie,"Name a tie. Reply with only the name, nothing else.",0.6028,<long> -> bench,0.5139,necktie -> bench,0.5372,necktie -> bench,39,40,0.35,0.556,0.473,60,90,72,0.0,0.327,23.2,floral tie,0.05,20,20.0,66.07,0.063,"<long> 35%, blue tie 2%","<long> 56%, necktie 4%",0.5379,0.721,0.348,0.366
r8_1035_cocoa,"Name a cocoa. Reply with only the name, nothing else.",0.6028,<long> -> bench,0.525,criollo -> bench,0.5471,criollo -> bench,47,52,0.217,0.422,0.34,60,90,82,0.0,0.253,18.7,cocoa bean,0.1,18,17.41,70.78,0.071,"<long> 22%, chocolate 3%","<long> 42%, criollo 7%",0.5491,0.602,0.614,0.614
r8_0898_smoothie_ingredient,"Name a smoothie ingredient. Reply with only the name, nothing else.",0.6028,spinach leaves -> real,0.6028,spinach leaves -> real,0.6069,spinach leaves -> real,53,75,0.117,0.167,0.147,60,90,25,0.0,0.113,11.0,spinach leaves,0.3,10,7.84,7.53,0.422,"spinach leaves 48%, strawberry 12%","spinach leaves 28%, spinach 18%",0.5452,0.453,1.126,1.126
r8s_1211_fish_scale,"Suggest a type of fish scale. Reply with only the name, nothing else.",0.6028,<long> -> bench,0.5528,salmon scale -> real,0.5532,mackerel scale -> real,47,52,0.217,0.422,0.34,60,90,74,0.0,0.26,20.0,salmon scale,0.1,19,18.66,49.62,0.182,"<long> 22%, salmon scale 18%","<long> 42%, salmon scale 8%",0.5478,0.511,0.446,0.446
r8_1843_flask,"Name a flask. Reply with only the name, nothing else.",0.6028,erlenmeyer flask -> bench,0.6028,erlenmeyer flask -> bench,0.6138,erlenmeyer flask -> bench,50,80,0.167,0.111,0.133,60,90,52,0.0,0.073,11.7,ask $,0.05,20,20.0,12.79,0.415,"flask 33%, <long> 17%","flask 38%, erlenmeyer flask 26%",0.5817,0.407,0.269,0.342
r8_0498_mirror,"Name a mirror. Reply with only the name, nothing else.",0.6028,<long> -> bench,0.5167,full-length mirror -> real,0.5256,full-length mirror -> real,39,40,0.35,0.556,0.473,60,90,72,0.0,0.313,24.5,full-length mirror,0.1,19,18.66,65.41,0.076,"<long> 35%, mirror 5%","<long> 56%, mirror 3%",0.5386,0.692,0.448,0.488
r8_0618_graph,"Name a graph. Reply with only the name, nothing else.",0.6028,line graph -> real,0.6028,line graph -> real,0.6514,line graph -> real,37,39,0.383,0.556,0.487,60,90,50,0.007,0.307,22.1,line graph,0.35,9,5.91,28.82,0.25,"<long> 38%, line graph 25%","<long> 56%, line graph 4%",0.5913,0.566,0.575,0.701
r8_0463_philosophy,"Name a philosophy. Reply with only the name, nothing else.",0.6028,<long> -> bench,0.5722,stoicism -> real,0.5493,stoicism -> real,53,61,0.117,0.322,0.24,60,90,38,0.0,0.193,15.7,stoicism,0.35,10,7.28,14.87,0.325,"stoicism 33%, <long> 12%","<long> 32%, stoicism 19%",0.569,0.522,0.434,0.455
r8_0721_coaster,"Name a coaster. Reply with only the name, nothing else.",0.6028,<long> -> bench,0.5111,cheers coaster -> real,0.5117,cheers coaster -> real,47,52,0.217,0.422,0.34,60,90,95,0.0,0.267,20.6,wasp,0.05,20,20.0,91.82,0.03,"<long> 22%, cheers coaster 3%","<long> 42%, bobs barcoaster 1%",0.5459,0.688,0.575,0.575
r8_0730_chinese_zodiac_animal,"Name a chinese zodiac animal. Reply with only the name, nothing else.",0.6028,dragon -> real,0.6028,dragon -> real,0.6049,dragon -> real,58,84,0.033,0.067,0.053,60,90,17,0.0,0.027,6.8,rat,0.75,3,1.99,5.27,0.549,"rat 52%, dragon 28%","rat 52%, dragon 8%",0.5415,0.459,0.464,0.464
r8s_0163_energy,"Suggest a type of energy. Reply with only the name, nothing else.",0.6,solar energy -> real,0.6,solar energy -> real,0.5985,solar energy -> real,56,81,0.067,0.1,0.087,60,90,23,0.0,0.073,9.4,solar energy,0.65,7,3.52,5.55,0.562,"solar energy 63%, wind energy 10%","solar energy 43%, solar 16%",0.5371,0.244,0.188,0.028
r8_1318_drop,"Name a drop. Reply with only the name, nothing else.",0.6,<long> -> bench,0.5111,raindrop -> bench,0.5208,raindrop -> bench,44,48,0.267,0.467,0.387,60,90,91,0.0,0.313,22.3,poesis,0.05,19,19.0,89.27,0.022,"<long> 27%, ted lasso quotes drop 2%","<long> 47%, raindrop 2%",0.5295,0.832,0.489,0.551
r8_1670_harpy,"Name a harpy. Reply with only the name, nothing else.",0.6,<long> -> bench,0.5417,aella -> real,0.541,aella -> real,54,63,0.1,0.3,0.22,60,90,93,0.0,0.207,15.9,aella,0.2,17,15.16,73.16,0.085,"aella 12%, <long> 10%","<long> 30%, harpy 8%",0.5425,0.664,0.453,0.453
r8_0806_occupation_in_retail,"Name an occupation in retail. Reply with only the name, nothing else.",0.6,cashier -> real,0.6,cashier -> real,0.6016,sales associate -> bench,57,79,0.05,0.122,0.093,60,90,19,0.0,0.067,9.6,cashier,0.4,7,5.0,4.07,0.434,"cashier 50%, sales associate 30%","sales associate 46%, cashier 30%",0.5419,0.145,0.181,0.181
r8_0614_election_feature,"Name a type of election feature. Reply with only the name, nothing else.",0.6,<long> -> bench,0.6,ranked-choice voting -> real,0.6058,ranked-choice voting -> real,54,63,0.1,0.3,0.22,60,90,66,0.0,0.2,16.7,ranked-choice voting,0.3,14,10.9,33.13,0.145,"ranked-choice voting 23%, early voting feature 18%","<long> 30%, early voting 9%",0.567,0.499,0.501,0.501
r8_1271_ancient_grain,"Name an ancient grain. Reply with only the name, nothing else.",0.6,barley -> bench,0.6,barley -> bench,0.6071,barley -> bench,54,83,0.1,0.078,0.087,60,90,35,0.0,0.087,9.8,quinoa,0.5,7,4.47,11.12,0.307,"quinoa 33%, amaranth 18%","barley 30%, quinoa 24%",0.5713,0.329,0.599,0.599
r8_0435_dog_breed,"Name a dog breed. Reply with only the name, nothing else.",0.6,golden retriever -> real,0.6,golden retriever -> real,0.5561,golden retriever -> real,59,77,0.017,0.144,0.093,60,90,19,0.0,0.087,10.5,golden retriever,0.8,5,2.18,3.28,0.75,"golden retriever 80%, labrador retriever 5%","golden retriever 60%, <long> 14%",0.5318,0.252,0.78,0.78
r8_1701_canvas,"Name a type of canvas. Reply with only the name, nothing else.",0.6,<long> -> bench,0.5806,canvas -> bench,0.641,canvas -> bench,52,60,0.133,0.333,0.253,60,90,59,0.0,0.18,15.4,stretched canvas,0.2,13,11.19,28.28,0.286,"<long> 13%, canvas 12%","<long> 33%, canvas 28%",0.5734,0.585,0.636,1.041
r8s_1986_button,"Suggest a type of button. Reply with only the name, nothing else.",0.6,primary button -> real,0.6,primary button -> real,0.6189,primary button -> real,50,73,0.167,0.189,0.18,60,90,60,0.0,0.127,13.0,submit button,0.4,11,7.58,29.66,0.179,"primary button 27%, <long> 17%","<long> 19%, submit button 16%",0.5766,0.465,0.503,0.532
r8s_0053_nocturnal_animal,"Suggest a type of nocturnal animal. Reply with only the name, nothing else.",0.6,owl -> real,0.6,owl -> real,0.6106,owl -> real,55,83,0.083,0.078,0.08,60,90,24,0.0,0.073,8.6,owl,0.45,9,6.04,5.12,0.594,"owl 67%, opossum 8%","owl 47%, opossum 17%",0.5539,0.315,0.52,0.52
r8_1682_legume,"Name a legume. Reply with only the name, nothing else.",0.6,soybean -> bench,0.6,soybean -> bench,0.6171,soybean -> bench,56,81,0.067,0.1,0.087,60,90,31,0.0,0.067,9.4,soybean,0.5,9,5.51,8.44,0.46,"soybean 30%, lentil 25%","soybean 50%, lentil 10%",0.5872,0.295,1.53,1.53
r8_1872_carnivorous_plant,"Name a carnivorous plant. Reply with only the name, nothing else.",0.6,venus flytrap -> real,0.6,venus flytrap -> real,0.5733,venus flytrap -> real,58,80,0.033,0.111,0.08,60,90,16,0.0,0.067,9.4,venus flytrap,0.8,5,2.18,2.55,0.812,"venus flytrap 87%, venus fly trap 5%","venus flytrap 67%, <long> 11%",0.5236,0.098,0.821,0.821
r8_1188_pet_bird,"Name a pet bird. Reply with only the name, nothing else.",0.6,budgie -> bench,0.6,budgie -> bench,0.6344,budgie -> bench,54,70,0.1,0.222,0.173,60,90,46,0.0,0.127,12.8,polly,0.15,18,16.96,21.35,0.226,"charlie 10%, <long> 10%","budgie 27%, <long> 22%",0.5703,0.488,0.846,0.846
r8_0196_vehicle,"Name a vehicle. Reply with only the name, nothing else.",0.6,<long> -> bench,0.5333,honda civic -> real,0.5351,honda civic -> real,57,69,0.033,0.233,0.153,60,90,56,0.007,0.127,12.3,ford f-150,0.15,16,14.77,27.91,0.183,"tesla 18%, tesla model 3 12%","<long> 23%, tesla 13%",0.5378,0.385,0.281,0.281
r8_1019_restaurant_type,"Name a restaurant type. Reply with only the name, nothing else.",0.6,<long> -> bench,0.5361,steakhouse -> real,0.5359,steakhouse -> real,58,69,0.033,0.233,0.153,60,90,55,0.0,0.12,12.0,sushi restaurant,0.1,17,16.25,33.33,0.15,"italian restaurant 12%, italian 10%","<long> 23%, italian restaurant 13%",0.5351,0.598,0.38,0.38
r8_0877_protein_type,"Name a protein type. Reply with only the name, nothing else.",0.6,albumin -> bench,0.6,albumin -> bench,0.6259,albumin -> bench,49,72,0.183,0.2,0.193,60,90,58,0.0,0.16,14.7,collagen,0.25,10,8.23,30.83,0.231,"<long> 18%, tofu 7%","albumin 27%, <long> 20%",0.5614,0.512,0.921,0.872
r8s_0582_salt,"Suggest a type of salt. Reply with only the name, nothing else.",0.6,sodium chloride -> bench,0.6,sodium chloride -> bench,0.6275,sodium chloride -> bench,50,72,0.167,0.189,0.18,60,90,32,0.007,0.153,13.5,sea salt,0.25,10,8.23,12.93,0.27,"table salt 23%, <long> 17%","sodium chloride 30%, <long> 19%",0.6176,0.381,0.639,0.639
r8_0534_fairy,"Name a fairy. Reply with only the name, nothing else.",0.6,<long> -> bench,0.5306,tinker bell -> bench,0.5577,tinker bell -> bench,50,57,0.167,0.367,0.287,60,90,61,0.0,0.247,18.0,tinker bell,0.25,13,10.58,36.07,0.178,"<long> 17%, tinkerbell 13%","<long> 37%, tinkerbell 12%",0.5469,0.466,0.284,0.284
r8_0042_aircraft,"Name an aircraft. Reply with only the name, nothing else.",0.6,<long> -> bench,0.5222,boeing 747-8i -> real,0.5232,boeing 747 -> bench,53,63,0.1,0.3,0.22,60,90,53,0.007,0.213,18.4,boeing 747,0.55,7,4.05,26.36,0.233,"boeing 747 18%, boeing 747-8i 10%","<long> 30%, boeing 747 18%",0.5284,0.467,0.317,0.317
r8_0654_place_marker,"Name a place marker. Reply with only the name, nothing else.",0.6,<long> -> real,0.5333,placeholder -> bench,0.5389,placeholder -> bench,21,52,0.6,0.4,0.48,60,90,60,0.033,0.413,27.6,bookmark,0.1,18,17.41,45.06,0.151,"<long> 60%, <unparsed> 5%","<long> 40%, placeholder 10%",0.5391,0.618,0.385,0.392
r8_1704_crayon_color,"Name a crayon color. Reply with only the name, nothing else.",0.5972,purple -> real,0.5972,purple -> real,0.5978,purple -> real,59,81,0.017,0.1,0.067,60,90,25,0.0,0.06,7.7,red,0.35,10,7.16,10.29,0.236,"purple 22%, red 18%","red 24%, green 19%",0.5373,0.624,0.556,0.556
r8_0772_installation_art,"Name an installation art. Reply with only the name, nothing else.",0.5972,kiss -> real,0.5972,kiss -> real,0.6054,kiss -> real,50,65,0.167,0.278,0.233,60,90,53,0.0,0.147,16.6,spiral jetty,0.2,14,11.49,22.17,0.261,"kiss 32%, <long> 17%","<long> 28%, kiss 12%",0.547,0.414,0.348,0.348
r8s_0460_scarf,"Suggest a type of scarf. Reply with only the name, nothing else.",0.5972,<long> -> bench,0.5333,silk scarf -> bench,0.5574,silk scarf -> bench,55,64,0.083,0.278,0.2,60,90,45,0.007,0.153,13.7,infinity scarf,0.45,10,6.48,17.23,0.235,"infinity scarf 20%, wool scarf 18%","<long> 28%, infinity scarf 18%",0.5523,0.55,0.794,0.794
r8s_0997_ice_formation,"Suggest a type of ice formation. Reply with only the name, nothing else.",0.5972,<long> -> bench,0.5333,glacier -> real,0.5377,glacier -> real,53,62,0.117,0.311,0.233,60,90,68,0.0,0.153,15.0,ice floe,0.05,20,20.0,49.43,0.078,"<long> 12%, glacier 7%","<long> 31%, needle ice 7%",0.562,0.419,0.717,0.717
r8s_1180_tape,"Suggest a type of tape. Reply with only the name, nothing else.",0.5972,<long> -> bench,0.5639,scotch tape -> bench,0.6165,scotch tape -> bench,59,71,0.017,0.211,0.133,60,90,27,0.0,0.087,11.8,scotch tape,0.4,7,4.75,7.97,0.415,"scotch tape 28%, duct tape 27%","scotch tape 41%, <long> 21%",0.5594,0.338,0.467,0.467
r8_0732_dried_culinary_herb,"Name a dried culinary herb. Reply with only the name, nothing else.",0.5972,<long> -> bench,0.5472,rosemary -> real,0.5424,sage -> bench,51,59,0.15,0.344,0.267,60,90,27,0.0,0.24,16.6,rosemary,0.55,10,5.35,8.37,0.491,"rosemary 42%, <long> 15%","<long> 34%, rosemary 32%",0.5485,0.537,1.738,1.738
r8_1893_household_electronic,"Name a household electronic. Reply with only the name, nothing else.",0.5972,television -> real,0.5972,television -> real,0.6087,television -> real,53,78,0.117,0.133,0.127,60,90,25,0.0,0.113,10.8,television,0.45,9,5.89,10.33,0.244,"television 32%, refrigerator 22%","refrigerator 21%, <long> 13%",0.5592,0.267,0.615,0.615
r8_1038_gum,"Name a gum. Reply with only the name, nothing else.",0.5972,<long> -> bench,0.5444,trident -> real,0.5495,chewing gum -> bench,51,59,0.15,0.344,0.267,60,90,64,0.0,0.187,16.3,trident,0.35,11,7.67,36.74,0.2,"trident 20%, <long> 15%","<long> 34%, trident 11%",0.5682,0.573,1.03,1.03
r8s_1088_castle_feature,"Suggest a type of castle feature. Reply with only the name, nothing else.",0.5972,moat -> bench,0.5972,moat -> bench,0.6082,moat -> bench,52,79,0.133,0.122,0.127,60,90,41,0.0,0.113,12.0,moat,0.5,7,4.47,9.14,0.534,"moat 35%, <long> 13%","moat 54%, <long> 12%",0.5332,0.424,0.18,0.18
r8_0455_museum,"Name a museum. Reply with only the name, nothing else.",0.5972,metropolitan museum of art -> real,0.5972,metropolitan museum of art -> real,0.6149,metropolitan museum of art -> real,46,60,0.233,0.333,0.293,60,90,35,0.0,0.1,12.6,metropolitan museum of art,0.3,11,8.4,13.58,0.283,"metropolitan museum of art 32%, <long> 23%","<long> 33%, louvre museum 16%",0.5369,0.522,0.732,0.732
r8_0390_bread_roll,"Name a bread roll. Reply with only the name, nothing else.",0.5972,<long> -> bench,0.5167,brioche roll -> real,0.5271,kaiser roll -> bench,47,53,0.217,0.411,0.333,60,90,66,0.0,0.247,19.1,manitoba roll,0.05,20,20.0,51.84,0.07,"<long> 22%, brioche roll 7%","<long> 41%, kaiser roll 4%",0.5379,0.667,0.404,0.404
r8_0914_mean_of_exercise,"Name a mean of exercise. Reply with only the name, nothing else.",0.5972,<long> -> bench,0.5778,yoga -> real,0.5713,yoga -> real,57,68,0.05,0.244,0.167,60,90,25,0.0,0.127,11.2,running,0.45,7,4.64,7.95,0.392,"running 30%, yoga 23%","running 34%, <long> 24%",0.5508,0.484,0.884,0.884
r8_0620_diagram,"Name a diagram. Reply with only the name, nothing else.",0.5972,<long> -> bench,0.525,flowchart -> real,0.5429,flowchart -> real,35,35,0.417,0.611,0.533,60,90,61,0.0,0.293,22.7,flowchart,0.15,18,16.96,54.59,0.071,"<long> 42%, flowchart 5%","<long> 61%, sequence diagram 4%",0.5421,0.637,0.895,0.439
r8_1197_silk_item,"Name a silk item. Reply with only the name, nothing else.",0.5972,silk scarf -> real,0.5972,silk scarf -> real,0.6191,silk scarf -> real,45,64,0.25,0.289,0.273,60,90,47,0.0,0.173,15.7,silk scarf,0.65,7,3.52,12.52,0.505,"silk scarf 48%, <long> 25%","<long> 29%, silk scarf 29%",0.5536,0.355,0.216,0.216
r8_1833_spy,"Name a spy. Reply with only the name, nothing else.",0.5972,james bond -> real,0.5972,james bond -> real,0.5784,james bond -> real,56,72,0.067,0.189,0.14,60,90,69,0.007,0.107,11.7,james bond,0.9,3,1.48,20.8,0.43,"james bond 48%, <long> 7%","james bond 29%, <long> 19%",0.5925,0.497,0.646,0.646
r8_0797_athlete,"Name an athlete. Reply with only the name, nothing else.",0.5972,serena williams -> real,0.5972,serena williams -> real,0.6144,usain bolt -> bench,59,80,0.017,0.111,0.073,60,90,32,0.0,0.047,9.8,michael phelps,0.35,9,5.91,8.98,0.403,"usain bolt 27%, serena williams 25%","usain bolt 44%, michael phelps 17%",0.5715,0.279,0.926,0.926
r8_1016_economic_sector,"Name an economic sector. Reply with only the name, nothing else.",0.5972,agriculture -> bench,0.5972,agriculture -> bench,0.6037,agriculture -> bench,55,84,0.083,0.067,0.073,60,90,40,0.0,0.06,8.3,healthcare,0.25,10,8.02,16.03,0.259,"healthcare 22%, retail 13%","healthcare 26%, agriculture 24%",0.5685,0.445,0.89,0.89
r8s_0654_place_marker,"Suggest a type of place marker. Reply with only the name, nothing else.",0.5972,<long> -> bench,0.525,bookmark -> bench,0.5561,bookmark -> bench,42,49,0.25,0.444,0.367,60,90,74,0.027,0.327,22.6,bookmark,0.45,12,7.44,54.76,0.132,"<long> 25%, <unparsed> 5%","<long> 44%, bookmark 10%",0.5311,0.721,0.314,0.318
r8s_0227_vinegar,"Suggest a type of vinegar. Reply with only the name, nothing else.",0.5972,apple cider vinegar -> real,0.5972,apple cider vinegar -> real,0.6127,apple cider vinegar -> real,53,81,0.117,0.1,0.107,60,90,25,0.0,0.087,11.2,apple cider vinegar,0.5,5,3.68,7.67,0.373,"apple cider vinegar 45%, white wine vinegar 12%","white wine vinegar 28%, apple cider vinegar 26%",0.5656,0.125,1.047,1.047
r8_1505_ceremony,"Name a ceremony. Reply with only the name, nothing else.",0.5972,<long> -> bench,0.5333,nobel prize ceremony -> real,0.5424,marriage ceremony -> bench,51,59,0.15,0.344,0.267,60,90,71,0.0,0.12,13.9,baptism,0.1,19,18.66,46.88,0.173,"<long> 15%, wedding ceremony 12%","<long> 34%, wedding ceremony 13%",0.5381,0.619,0.482,0.467
r8_1663_non_infectious_disease,"Name a non-infectious disease. Reply with only the name, nothing else.",0.5972,diabetes -> real,0.5972,diabetes -> real,0.5899,diabetes -> real,57,76,0.05,0.156,0.113,60,90,34,0.0,0.093,11.1,osteoporosis,0.2,10,8.63,14.7,0.301,"diabetes 38%, osteoporosis 13%","diabetes 19%, <long> 16%",0.5368,0.529,0.369,0.369
r8_1410_region,"Name a region. Reply with only the name, nothing else.",0.5944,<long> -> bench,0.5167,central -> real,0.5208,central -> real,48,55,0.2,0.389,0.313,60,90,74,0.0,0.24,18.7,midwest,0.1,19,18.66,61.11,0.068,"<long> 20%, north america 5%","<long> 39%, europe 4%",0.5381,0.532,0.493,0.473
r8s_1654_cable,"Suggest a type of cable. Reply with only the name, nothing else.",0.5944,hdmi cable -> real,0.5944,hdmi cable -> real,0.5943,hdmi cable -> real,54,65,0.1,0.278,0.207,60,90,53,0.0,0.093,12.8,hdmi cable,0.35,9,5.91,23.91,0.193,"hdmi cable 27%, coaxial cable 15%","<long> 28%, coaxial cable 13%",0.5844,0.394,0.439,0.439
r8s_1550_financial_institution,"Suggest a type of financial institution. Reply with only the name, nothing else.",0.5944,<long> -> bench,0.5417,credit union -> real,0.5436,bank -> bench,58,70,0.033,0.222,0.147,60,90,30,0.0,0.133,11.9,credit union,0.75,3,1.99,7.98,0.391,"credit union 38%, bank 23%","credit union 30%, bank 26%",0.5822,0.213,0.908,0.908
r8_1374_experiment,"Name a type of experiment. Reply with only the name, nothing else.",0.5944,<long> -> bench,0.5472,a/b testing -> real,0.5419,a/b testing -> real,58,70,0.033,0.222,0.147,60,90,73,0.0,0.087,12.3,controlled experiment,0.2,15,12.85,39.73,0.195,"a/b testing experiment 22%, a/b testing 15%","<long> 22%, a/b testing experiment 13%",0.6012,0.441,0.559,0.772
r8_0700_credit_card,"Name a credit card. Reply with only the name, nothing else.",0.5944,visa -> bench,0.5944,visa -> bench,0.6005,visa -> bench,50,78,0.167,0.133,0.147,60,90,29,0.0,0.107,11.2,visa,0.1,19,18.66,6.23,0.562,"visa 37%, american express 17%","visa 56%, <long> 13%",0.5317,0.328,0.371,0.371
r8_0146_author,"Name an author. Reply with only the name, nothing else.",0.5944,stephen king -> real,0.5944,stephen king -> real,0.6034,stephen king -> real,52,64,0.133,0.289,0.227,60,90,84,0.0,0.18,15.4,stephen king,0.2,11,9.33,55.61,0.155,"stephen king 23%, <long> 13%","<long> 29%, jane austen 6%",0.5577,0.652,0.414,0.431
r8_1198_transformer,"Name a transformer. Reply with only the name, nothing else.",0.5944,optimus prime -> real,0.5944,optimus prime -> real,0.6278,optimus prime -> real,44,64,0.267,0.289,0.28,60,90,83,0.0,0.24,18.4,optimus prime,0.45,7,4.35,56.64,0.167,"<long> 27%, optimus prime 23%","<long> 29%, optimus prime 4%",0.6039,0.684,0.519,0.688
r8s_0156_singer,"Suggest a type of singer. Reply with only the name, nothing else.",0.5944,opera singer -> bench,0.5944,opera singer -> bench,0.6005,opera singer -> bench,54,84,0.083,0.067,0.073,60,90,63,0.007,0.047,8.7,opera singer,0.1,16,15.16,31.1,0.167,"<long> 8%, soprano 8%","opera singer 22%, soprano 20%",0.555,0.542,0.613,0.613
r8s_1084_glassware,"Suggest a type of glassware. Reply with only the name, nothing else.",0.5944,wine glass -> real,0.5944,wine glass -> real,0.6009,wine glass -> real,56,83,0.067,0.078,0.073,60,90,52,0.0,0.047,9.4,beaker,0.25,15,12.48,21.4,0.245,"wine glass 23%, highball glass 12%","beaker 30%, erlenmeyer flask 13%",0.6058,0.461,1.456,1.456
r8_1000_spoken_language_featur,"Name a type of spoken language feature. Reply with only the name, nothing else.",0.5944,alliteration -> real,0.5944,alliteration -> real,0.5975,alliteration -> real,57,79,0.05,0.122,0.093,60,90,69,0.0,0.073,10.1,alliteration,0.4,9,6.16,36.02,0.184,"alliteration 23%, prosody 12%","prosody 20%, <long> 12%",0.5795,0.573,0.696,0.696
r8_0018_gas,"Name a type of gas. Reply with only the name, nothing else.",0.5944,propane -> real,0.5944,propane -> real,0.594,propane -> real,56,79,0.067,0.122,0.1,60,90,23,0.0,0.1,10.2,oxygen,0.25,9,7.08,10.02,0.319,"propane 40%, natural gas 13%","propane 21%, methane 12%",0.602,0.295,0.656,0.656
r8_0315_dye,"Name a dye. Reply with only the name, nothing else.",0.5944,indigo -> real,0.5944,indigo -> real,0.606,indigo -> real,52,70,0.133,0.222,0.187,60,90,78,0.0,0.133,13.8,indigo,0.3,14,10.9,52.3,0.148,"indigo 23%, <long> 13%","<long> 22%, indigo 4%",0.5668,0.537,0.632,0.632
r8s_0318_historical_era,"Suggest a type of historical era. Reply with only the name, nothing else.",0.5944,victorian era -> real,0.5944,victorian era -> real,0.5982,victorian era -> real,55,74,0.083,0.178,0.14,60,90,61,0.0,0.093,11.1,victorian era,0.3,10,7.84,36.54,0.178,"victorian era 27%, <long> 8%","<long> 18%, victorian era 8%",0.5618,0.379,0.786,0.786
r8_0119_juice,"Name a juice. Reply with only the name, nothing else.",0.5944,apple juice -> bench,0.5944,apple juice -> bench,0.5974,apple juice -> bench,54,85,0.1,0.056,0.073,60,90,14,0.0,0.06,9.1,orange juice,0.55,7,4.23,2.92,0.669,"orange juice 67%, <long> 10%","orange juice 59%, apple juice 29%",0.5417,0.357,0.677,0.677
r8_0417_migratory_animal,"Name a migratory animal. Reply with only the name, nothing else.",0.5944,<long> -> bench,0.5333,caribou -> real,0.5482,arctic tern -> bench,56,67,0.067,0.256,0.18,60,90,49,0.0,0.147,13.7,arctic tern,0.5,8,5.0,17.45,0.374,"arctic tern 30%, monarch butterfly 10%","arctic tern 31%, <long> 26%",0.5344,0.64,0.122,0.122
r8s_1048_laboratory_apparatus,"Suggest a type of laboratory apparatus. Reply with only the name, nothing else.",0.5917,beaker -> real,0.5917,beaker -> real,0.5896,beaker -> real,59,80,0.017,0.111,0.073,60,90,56,0.0,0.047,9.2,graduated cylinder,0.2,10,8.85,27.35,0.151,"beaker 25%, burette 10%","erlenmeyer flask 14%, burette 11%",0.5469,0.449,0.168,0.168
r8_0753_underwear,"Name a type of underwear. Reply with only the name, nothing else.",0.5917,boxer briefs -> bench,0.5917,boxer briefs -> bench,0.6051,boxer briefs -> bench,53,79,0.117,0.122,0.12,60,90,28,0.0,0.107,11.9,briefs,0.4,10,6.89,9.35,0.333,"briefs 28%, boxer briefs 18%","boxer briefs 37%, briefs 22%",0.5642,0.293,0.89,0.89
r8_1131_electronic_instrument,"Name a type of electronic instrument. Reply with only the name, nothing else.",0.5917,oscilloscope -> bench,0.5917,oscilloscope -> bench,0.5905,oscilloscope -> bench,54,85,0.1,0.056,0.073,60,90,47,0.0,0.067,9.2,oscilloscope,0.4,10,6.89,16.41,0.388,"oscilloscope 25%, <long> 10%","oscilloscope 43%, multimeter 7%",0.5933,0.458,0.927,0.919
r8_1619_occupation_in_transpor,"Name an occupation in transport. Reply with only the name, nothing else.",0.5917,bus driver -> real,0.5917,bus driver -> real,0.6009,bus driver -> real,55,83,0.083,0.078,0.08,60,90,24,0.0,0.067,9.1,bus driver,0.5,7,4.47,5.98,0.377,"bus driver 45%, truck driver 25%","truck driver 41%, bus driver 27%",0.563,0.235,0.722,0.722
r8_1972_respiratory_part,"Name a respiratory part. Reply with only the name, nothing else.",0.5917,bronchi -> real,0.5917,bronchi -> real,0.5916,bronchi -> real,57,75,0.05,0.167,0.12,60,90,28,0.0,0.107,11.1,diaphragm,0.35,11,7.67,14.24,0.159,"bronchi 25%, nose 15%","<long> 17%, lungs 16%",0.5493,0.274,0.37,0.37
r8_1710_flooring,"Name a type of flooring. Reply with only the name, nothing else.",0.5917,laminate flooring -> real,0.5917,laminate flooring -> real,0.5979,laminate flooring -> real,52,73,0.133,0.189,0.167,60,90,31,0.0,0.14,13.3,laminate flooring,0.55,7,4.23,12.78,0.328,"laminate flooring 38%, <long> 13%","laminate flooring 20%, <long> 19%",0.5336,0.604,0.663,0.663
r8_1736_vegetable_green,"Name a vegetable green. Reply with only the name, nothing else.",0.5917,spinach -> bench,0.5917,spinach -> bench,0.6296,spinach -> bench,56,74,0.067,0.178,0.133,60,90,38,0.0,0.107,11.3,spinach leaves,0.15,12,10.62,11.71,0.415,"spinach 25%, broccoli 22%","spinach 43%, <long> 18%",0.5616,0.352,1.412,1.412
r8_1250_oral_care_product,"Name an oral care product. Reply with only the name, nothing else.",0.5917,<long> -> bench,0.5306,toothpaste -> bench,0.5539,toothpaste -> bench,51,60,0.15,0.333,0.26,60,90,68,0.0,0.12,14.3,toothpaste,0.25,13,10.58,48.55,0.117,"<long> 15%, colgate total 8%","<long> 33%, toothpaste 11%",0.5496,0.424,0.562,0.562
r8s_0081_team_sport,"Suggest a type of team sport. Reply with only the name, nothing else.",0.5917,volleyball -> real,0.5917,volleyball -> real,0.5899,volleyball -> real,59,83,0.017,0.078,0.053,60,90,19,0.0,0.047,7.2,volleyball,0.55,8,4.54,3.91,0.613,"basketball 53%, volleyball 28%","basketball 61%, soccer 13%",0.5604,0.25,1.169,1.169
r8_1514_fortified_wine,"Name a fortified wine. Reply with only the name, nothing else.",0.5917,<long> -> bench,0.5722,port wine -> real,0.5435,port -> bench,47,54,0.217,0.4,0.327,60,90,37,0.0,0.22,17.5,port wine,0.65,8,3.78,11.4,0.465,"port wine 40%, <long> 22%","<long> 40%, port wine 26%",0.5447,0.461,0.202,0.202
r8_1399_gemstone_origin_type,"Name a gemstone origin type. Reply with only the name, nothing else.",0.5917,<long> -> bench,0.5333,metamorphic -> real,0.5379,metamorphic -> real,43,47,0.283,0.467,0.393,60,90,77,0.007,0.32,22.0,metamorphic gemstone origin,0.1,18,17.41,64.49,0.1,"<long> 28%, metamorphic 10%","<long> 47%, metamorphic 3%",0.5388,0.665,0.279,0.279
r8s_0048_citrus_fruit,"Suggest a type of citrus fruit. Reply with only the name, nothing else.",0.5917,orange -> bench,0.5917,orange -> bench,0.6034,orange -> bench,56,82,0.067,0.089,0.08,60,90,27,0.0,0.06,8.4,orange,0.35,8,5.52,8.38,0.355,"grapefruit 25%, orange 22%","orange 40%, grapefruit 18%",0.5547,0.34,0.971,0.971
r8_0183_outdoor_game,"Name an outdoor game. Reply with only the name, nothing else.",0.5917,<long> -> bench,0.5611,baseball -> bench,0.5881,baseball -> bench,57,69,0.05,0.233,0.16,60,90,36,0.0,0.153,12.7,frisbee,0.2,12,10.0,15.39,0.183,"volleyball 20%, frisbee 20%","<long> 23%, baseball 19%",0.5726,0.378,1.134,1.134
r8_1848_tree_leaf,"Name a tree leaf. Reply with only the name, nothing else.",0.5917,oak leaf -> real,0.5917,oak leaf -> real,0.6125,oak leaf -> real,44,58,0.267,0.333,0.307,60,90,53,0.013,0.207,18.1,oak leaf,0.45,9,5.64,22.47,0.304,"oak leaf 32%, <long> 27%","<long> 33%, oak leaf 13%",0.595,0.477,0.637,0.709
r8_0264_seaweed,"Name a seaweed. Reply with only the name, nothing else.",0.5917,kelp -> real,0.5917,kelp -> real,0.5878,kelp -> real,53,68,0.117,0.244,0.193,60,90,55,0.0,0.16,14.3,kelp,0.3,14,10.9,22.48,0.298,"kelp 35%, <long> 12%","<long> 24%, kelp 17%",0.5359,0.562,0.462,0.462
r8_0896_method_of_storytelling,"Name a type of method of storytelling. Reply with only the name, nothing else.",0.5917,<long> -> bench,0.525,flash fiction -> real,0.5351,episodic storytelling -> bench,49,57,0.183,0.367,0.293,60,90,72,0.0,0.253,18.5,flash fiction,0.4,13,8.71,54.27,0.123,"<long> 18%, flash fiction 12%","<long> 37%, flash fiction 7%",0.5532,0.57,0.594,0.662
r8_1591_complex_human_emotion,"Name a complex human emotion. Reply with only the name, nothing else.",0.5917,grief -> real,0.5917,grief -> real,0.6023,grief -> real,49,68,0.183,0.244,0.22,60,90,36,0.0,0.18,13.9,grief,0.25,12,9.46,13.24,0.35,"grief 38%, <long> 18%","<long> 24%, grief 20%",0.5531,0.496,0.46,0.46
r8_1486_meringue,"Name a meringue. Reply with only the name, nothing else.",0.5917,<long> -> bench,0.5306,swiss meringue -> real,0.5424,french meringue -> bench,49,57,0.183,0.367,0.293,60,90,65,0.0,0.227,17.7,meringue de chocolate,0.1,17,16.25,40.83,0.16,"<long> 18%, swiss meringue 15%","<long> 37%, swiss meringue 9%",0.5417,0.567,0.328,0.328
r8s_1501_gear,"Suggest a type of gear. Reply with only the name, nothing else.",0.5917,<long> -> bench,0.5417,headlamp -> real,0.5472,headlamp -> real,53,63,0.117,0.3,0.227,60,90,91,0.0,0.12,14.4,offline card reader,0.05,20,20.0,77.9,0.052,"<long> 12%, headlamp 8%","<long> 30%, helical gear 6%",0.5604,0.63,0.999,0.911
r8_1593_beverage_cold,"Name a beverage cold. Reply with only the name, nothing else.",0.5917,iced tea -> real,0.5917,iced tea -> real,0.6076,iced tea -> real,49,66,0.183,0.267,0.233,60,90,66,0.0,0.147,14.8,iced tea,0.15,18,16.96,38.23,0.183,"iced tea 25%, <long> 18%","<long> 27%, coca-cola 8%",0.5412,0.414,0.203,0.203
r8_0415_knife_type,"Name a knife type. Reply with only the name, nothing else.",0.5889,chefs knife -> real,0.5889,chefs knife -> real,0.5683,chefs knife -> real,58,80,0.033,0.1,0.073,60,90,25,0.007,0.06,10.3,chefs knife,0.5,11,6.32,4.27,0.645,"chefs knife 70%, paring knife 17%","chefs knife 52%, paring knife 14%",0.5318,0.387,0.009,0.009
r8_0067_individual_sport,"Name an individual sport. Reply with only the name, nothing else.",0.5889,golf -> real,0.5889,golf -> real,0.5806,golf -> real,57,78,0.033,0.133,0.093,60,90,33,0.007,0.067,8.7,swimming,0.3,9,6.71,11.08,0.363,"golf 43%, swimming 17%","golf 26%, tennis 13%",0.5725,0.311,0.567,0.567
r8_0951_stage_equipment,"Name a type of stage equipment. Reply with only the name, nothing else.",0.5889,<long> -> bench,0.5333,proscenium arch -> bench,0.5441,proscenium arch -> bench,56,68,0.067,0.244,0.173,60,90,103,0.0,0.147,13.7,backdrop,0.25,14,11.34,90.79,0.048,"<long> 7%, backdrop 5%","<long> 24%, proscenium arch 7%",0.5331,0.651,0.624,0.313
r8_0578_bedding_item,"Name a bedding item. Reply with only the name, nothing else.",0.5889,<long> -> bench,0.5472,mattress -> bench,0.5768,mattress -> bench,54,65,0.1,0.278,0.207,60,90,48,0.0,0.193,15.3,pillow,0.25,11,8.6,26.26,0.176,"pillow 10%, <long> 10%","<long> 28%, mattress 18%",0.545,0.435,0.245,0.245
r8_0259_literature,"Name a type of literature. Reply with only the name, nothing else.",0.5889,<long> -> bench,0.55,poetry -> real,0.5587,poetry -> real,46,53,0.233,0.411,0.34,60,90,80,0.0,0.253,20.5,poetry,0.45,10,6.31,63.78,0.111,"<long> 23%, poetry 13%","<long> 41%, poetry 3%",0.5594,0.696,0.664,0.756
r8s_1901_cheese_texture,"Suggest a type of cheese texture. Reply with only the name, nothing else.",0.5889,<long> -> bench,0.5472,cream cheese -> real,0.5792,soft -> bench,46,53,0.233,0.411,0.34,60,90,40,0.0,0.3,19.5,cream cheese,0.15,15,13.78,22.07,0.172,"<long> 23%, cream cheese 12%","<long> 41%, soft 14%",0.5586,0.374,1.096,1.096
r8_0980_bus_type,"Name a bus type. Reply with only the name, nothing else.",0.5889,school bus -> real,0.5889,school bus -> real,0.6006,school bus -> real,48,65,0.183,0.278,0.24,60,90,62,0.007,0.22,17.0,school bus,0.2,11,9.49,26.81,0.301,"school bus 33%, <long> 18%","<long> 28%, school bus 16%",0.5635,0.581,0.614,0.611
r8_1364_heaven,"Name a heaven. Reply with only the name, nothing else.",0.5889,<long> -> bench,0.5222,eden -> real,0.5292,eden -> real,36,38,0.4,0.578,0.507,60,90,52,0.0,0.393,25.6,nirvana,0.1,18,17.41,40.43,0.081,"<long> 40%, eden 7%","<long> 58%, heaven 3%",0.5336,0.733,0.372,0.372
r8s_0132_precipitation,"Suggest a type of precipitation. Reply with only the name, nothing else.",0.5889,<long> -> bench,0.5639,rain -> real,0.5506,rain -> real,52,62,0.133,0.311,0.24,60,90,32,0.0,0.22,15.5,snow,0.35,10,7.47,14.84,0.272,"rain 28%, hail 15%","<long> 31%, rain 16%",0.5616,0.251,0.746,0.746
r8_0657_party_supply,"Name a party supply. Reply with only the name, nothing else.",0.5889,<long> -> bench,0.5306,napkins -> real,0.5288,napkins -> real,52,65,0.1,0.278,0.207,60,90,72,0.013,0.16,14.8,confetti cannon,0.1,17,16.25,46.5,0.103,"napkins 12%, <long> 10%","<long> 28%, paper plates 6%",0.5489,0.535,0.509,0.509
r8s_0373_workplace,"Suggest a type of workplace. Reply with only the name, nothing else.",0.5889,<long> -> bench,0.5194,call center -> real,0.5208,call center -> real,52,62,0.133,0.311,0.24,60,90,88,0.0,0.16,14.4,hospital,0.2,15,13.2,72.53,0.07,"<long> 13%, hospital 7%","<long> 31%, hospital 4%",0.5384,0.623,0.605,0.605
r8_0997_ice_formation,"Name an ice formation. Reply with only the name, nothing else.",0.5889,iceberg -> real,0.5889,iceberg -> real,0.5846,iceberg -> real,54,67,0.1,0.256,0.193,60,90,58,0.0,0.14,13.8,glacier,0.5,6,4.06,24.39,0.24,"iceberg 30%, glacier 13%","<long> 26%, iceberg 12%",0.5706,0.414,0.826,0.826
r8s_0110_composer,"Suggest a type of composer. Reply with only the name, nothing else.",0.5889,<long> -> bench,0.5167,baroque composer -> bench,0.5268,baroque composer -> bench,48,56,0.2,0.378,0.307,60,90,86,0.0,0.233,18.1,wolfgang amadeus mozart,0.15,17,15.83,74.15,0.077,"<long> 20%, mozart 7%","<long> 38%, mozart 4%",0.5297,0.71,0.288,0.323
r8_0525_potato,"Name a potato. Reply with only the name, nothing else.",0.5889,yukon gold -> bench,0.5889,yukon gold -> bench,0.6129,yukon gold -> bench,53,73,0.117,0.189,0.16,60,90,41,0.0,0.1,11.7,russet,0.15,18,16.96,18.11,0.206,"potato 15%, russet 13%","yukon gold 24%, <long> 19%",0.5702,0.472,0.8,0.8
r8s_1107_lettuce,"Suggest a type of lettuce. Reply with only the name, nothing else.",0.5889,romaine lettuce -> real,0.5889,romaine lettuce -> real,0.5836,romaine lettuce -> real,53,70,0.117,0.222,0.18,60,90,39,0.0,0.147,13.1,romaine lettuce,0.3,9,6.63,12.43,0.358,"romaine lettuce 40%, butter lettuce 17%","romaine lettuce 22%, <long> 22%",0.5662,0.373,1.09,1.09
r8_0956_web_browser,"Name a web browser. Reply with only the name, nothing else.",0.5889,chrome -> real,0.5889,chrome -> real,0.5937,chrome -> real,55,81,0.083,0.078,0.08,60,90,21,0.013,0.08,8.2,chrome,0.45,7,4.99,6.23,0.434,"chrome 50%, firefox 15%","chrome 32%, firefox 23%",0.5737,0.246,1.299,1.299
r8s_0903_grocery_store,"Suggest a type of grocery store. Reply with only the name, nothing else.",0.5889,<long> -> bench,0.5333,whole foods market -> real,0.5147,whole foods market -> real,56,68,0.067,0.244,0.173,60,90,34,0.0,0.133,13.6,trader joes,0.5,7,4.23,8.16,0.444,"trader joes 40%, whole foods market 23%","trader joes 34%, <long> 24%",0.5437,0.357,0.239,0.239
r8_0026_crustacean,"Name a crustacean. Reply with only the name, nothing else.",0.5889,crab -> real,0.5889,crab -> real,0.5809,crab -> real,58,81,0.033,0.1,0.073,60,90,18,0.0,0.073,8.1,crab,0.4,8,5.43,4.91,0.388,"crab 47%, lobster 32%","lobster 37%, crab 29%",0.5801,0.266,1.337,1.337
r8_0361_concert_hall,"Name a concert hall. Reply with only the name, nothing else.",0.5889,<long> -> bench,0.5389,symphony hall -> real,0.5316,symphony hall -> real,52,62,0.133,0.311,0.24,60,90,46,0.0,0.16,15.4,symphony hall,0.2,11,9.09,19.85,0.184,"symphony hall 17%, royal albert hall 13%","<long> 31%, royal albert hall 14%",0.5444,0.467,0.261,0.261
r8_0588_lipstick,"Name a lipstick. Reply with only the name, nothing else.",0.5889,<long> -> bench,0.5472,ruby woo lipstick -> real,0.5507,ruby woo lipstick -> real,46,53,0.233,0.411,0.34,60,90,59,0.0,0.213,18.6,ruby woo,0.55,9,4.99,26.19,0.283,"<long> 23%, ruby woo 22%","<long> 41%, ruby woo 17%",0.5434,0.558,0.282,0.282
r8s_0708_sparkling_wine,"Suggest a type of sparkling wine. Reply with only the name, nothing else.",0.5889,champagne -> bench,0.5889,champagne -> bench,0.6067,champagne -> bench,50,75,0.167,0.167,0.167,60,90,35,0.0,0.127,12.0,prosecco,0.65,8,3.78,7.79,0.52,"prosecco 43%, <long> 17%","prosecco 43%, champagne 21%",0.5424,0.399,0.774,0.774
r8_1031_diving_position,"Name a diving position. Reply with only the name, nothing else.",0.5889,<long> -> bench,0.5278,dive master -> real,0.5304,dive master -> real,52,62,0.133,0.311,0.24,60,90,75,0.0,0.187,15.4,platform diver,0.2,16,14.14,51.83,0.096,"<long> 13%, platform diver 10%","<long> 31%, divemaster 7%",0.5607,0.574,0.281,0.239
r8_1045_fastening_device,"Name a fastening device. Reply with only the name, nothing else.",0.5889,screw -> bench,0.5889,screw -> bench,0.629,screw -> bench,55,74,0.083,0.178,0.14,60,90,40,0.0,0.12,11.3,screw,0.5,9,5.51,9.96,0.512,"screw 33%, zip tie 13%","screw 51%, <long> 18%",0.5875,0.393,0.593,0.521
r8_0709_spiritual_practice,"Name a spiritual practice. Reply with only the name, nothing else.",0.5889,meditation -> real,0.5889,meditation -> real,0.5689,meditation -> real,59,81,0.017,0.1,0.067,60,90,11,0.0,0.047,7.9,meditation,0.75,3,1.99,2.83,0.564,"meditation 63%, yoga 30%","meditation 46%, yoga 36%",0.5466,0.091,0.619,0.619
r8_0385_lighting_fixture,"Name a type of lighting fixture. Reply with only the name, nothing else.",0.5889,chandelier -> real,0.5889,chandelier -> real,0.5819,chandelier -> real,57,80,0.05,0.111,0.087,60,90,38,0.0,0.06,10.1,chandelier,0.55,7,4.23,11.96,0.431,"chandelier 50%, table lamp 10%","chandelier 32%, <long> 11%",0.545,0.579,0.341,0.341
r8_1327_imprisonment,"Name a type of imprisonment. Reply with only the name, nothing else.",0.5889,<long> -> bench,0.5278,jail -> real,0.5347,solitary confinement -> bench,52,62,0.133,0.311,0.24,60,90,48,0.0,0.207,16.3,solitary confinement,0.45,8,4.98,19.73,0.307,"solitary confinement 23%, <long> 13%","<long> 31%, solitary confinement 23%",0.545,0.519,0.418,0.418
r8_0923_kelpie,"Name a kelpie. Reply with only the name, nothing else.",0.5889,<long> -> bench,0.5167,kelpie.com.au -> real,0.5662,kelpie -> bench,46,53,0.233,0.411,0.34,60,90,64,0.0,0.28,20.3,kelpie,0.45,9,5.64,27.39,0.354,"<long> 23%, kelpie 22%","<long> 41%, kelpie 24%",0.5442,0.511,0.25,0.25
r8_1562_cucumber,"Name a cucumber. Reply with only the name, nothing else.",0.5889,cucumber -> bench,0.5889,cucumber -> bench,0.627,cucumber -> bench,42,63,0.3,0.289,0.293,60,90,66,0.007,0.2,16.9,cucumber,0.15,18,16.96,28.11,0.343,"<long> 30%, cucumber 13%","cucumber 31%, <long> 29%",0.5412,0.608,0.408,0.408
r8_1658_mermaid,"Name a mermaid. Reply with only the name, nothing else.",0.5889,<long> -> bench,0.5361,ariel -> real,0.53,lorelei -> real,50,59,0.167,0.344,0.273,60,90,61,0.0,0.22,15.9,ariel,0.85,4,1.8,20.49,0.422,"ariel 35%, <long> 17%","<long> 34%, ariel 28%",0.5439,0.56,0.477,0.489
r8_1276_method_of_conservation,"Name a method of conservation. Reply with only the name, nothing else.",0.5889,habitat restoration -> real,0.5889,habitat restoration -> real,0.6046,habitat restoration -> real,47,61,0.217,0.322,0.28,60,90,67,0.0,0.193,15.5,habitat restoration,0.45,11,6.94,39.51,0.222,"habitat restoration 27%, <long> 22%","<long> 32%, habitat restoration 9%",0.5788,0.563,0.781,0.936
r8s_0018_gas,"Suggest a type of gas. Reply with only the name, nothing else.",0.5889,propane -> real,0.5889,propane -> real,0.5932,propane -> real,56,83,0.067,0.078,0.073,60,90,24,0.0,0.067,8.9,helium,0.45,7,4.64,8.71,0.424,"propane 50%, natural gas 10%","propane 32%, helium 16%",0.6004,0.393,0.531,0.608
r8_1228_theater_prop,"Name a theater prop. Reply with only the name, nothing else.",0.5889,<long> -> bench,0.5361,curtain -> real,0.5385,stage curtain -> real,52,62,0.133,0.311,0.24,60,90,82,0.0,0.167,15.8,mask,0.1,18,17.41,60.02,0.14,"curtain 15%, <long> 13%","<long> 31%, curtain 8%",0.5343,0.693,0.341,0.341
r8_0267_poison,"Name a poison. Reply with only the name, nothing else.",0.5889,arsenic -> real,0.5889,arsenic -> real,0.5812,arsenic -> real,55,73,0.083,0.178,0.14,60,90,40,0.007,0.12,11.2,arsenic,0.4,9,5.82,14.04,0.344,"arsenic 40%, cyanide 18%","arsenic 22%, <long> 18%",0.5449,0.444,0.397,0.397
r8s_1517_spirit,"Suggest a type of spirit. Reply with only the name, nothing else.",0.5889,gin -> bench,0.5889,gin -> bench,0.5882,gin -> bench,52,82,0.133,0.089,0.107,60,90,37,0.0,0.06,9.1,gin,0.55,8,4.54,9.37,0.493,"gin 33%, <long> 13%","gin 51%, <long> 9%",0.5646,0.558,0.478,0.535
r8_0153_celestial_body,"Name a celestial body. Reply with only the name, nothing else.",0.5889,mars -> real,0.5889,mars -> real,0.5818,mars -> real,58,75,0.033,0.156,0.107,60,90,25,0.007,0.093,9.3,sun,0.4,6,4.95,9.19,0.308,"mars 30%, sun 27%","sun 28%, <long> 16%",0.5455,0.317,0.303,0.303
r8_1651_life_stage,"Name a type of life stage. Reply with only the name, nothing else.",0.5889,larva -> bench,0.5889,larva -> bench,0.5987,larva -> bench,50,78,0.167,0.133,0.147,60,90,43,0.0,0.133,12.2,larva,0.6,8,4.2,15.93,0.32,"larva 17%, <long> 17%","larva 34%, <long> 13%",0.5946,0.48,0.954,0.954
r8_0135_natural_phenomenon,"Name a natural phenomenon. Reply with only the name, nothing else.",0.5889,hurricane -> real,0.5889,hurricane -> real,0.5891,hurricane -> real,55,71,0.083,0.211,0.16,60,90,57,0.0,0.133,12.2,aurora borealis,0.35,12,8.81,33.23,0.19,"hurricane 27%, <long> 8%","<long> 21%, hurricane 9%",0.5632,0.523,0.737,0.737
r8_1541_forest_floor_layer,"Name a forest floor layer. Reply with only the name, nothing else.",0.5889,<long> -> bench,0.525,duff layer -> bench,0.5486,duff layer -> bench,44,50,0.267,0.444,0.373,60,90,72,0.0,0.267,21.0,duff layer,0.1,18,17.41,58.94,0.074,"<long> 27%, duff 5%","<long> 44%, duff layer 7%",0.5366,0.545,0.395,0.395
r8_0124_nebula,"Name a nebula. Reply with only the name, nothing else.",0.5889,<long> -> bench,0.5278,eagle nebula -> real,0.5242,nebula -> bench,52,62,0.133,0.311,0.24,60,90,60,0.0,0.167,16.2,orion nebula,0.85,3,1.68,24.39,0.307,"orion nebula 27%, <long> 13%","<long> 31%, orion nebula 21%",0.5358,0.366,0.14,0.14
r8s_0085_profession,"Suggest a type of profession. Reply with only the name, nothing else.",0.5889,software engineer -> bench,0.5889,software engineer -> bench,0.5981,software engineer -> bench,55,82,0.083,0.089,0.087,60,90,61,0.0,0.073,9.2,software engineer,0.25,12,9.87,26.0,0.299,"software engineer 17%, <long> 8%","software engineer 34%, <long> 9%",0.5786,0.349,0.496,0.534
r8s_1673_skill,"Suggest a type of skill. Reply with only the name, nothing else.",0.5889,<long> -> bench,0.5417,data analysis -> real,0.5417,data analysis -> real,54,65,0.1,0.278,0.207,60,90,86,0.0,0.167,13.5,public speaking,0.2,15,13.2,67.16,0.084,"data analysis 12%, <long> 10%","<long> 28%, communication 6%",0.5492,0.479,0.359,0.323
r8_0353_flower_shape,"Name a flower shape. Reply with only the name, nothing else.",0.5861,<long> -> bench,0.525,rose -> bench,0.5593,rose -> bench,51,61,0.15,0.322,0.253,60,90,42,0.0,0.22,16.4,rosebud,0.25,14,11.64,17.81,0.241,"<long> 15%, rose 15%","<long> 32%, rose 20%",0.538,0.351,0.401,0.401
r8s_1362_saxophone,"Suggest a type of saxophone. Reply with only the name, nothing else.",0.5861,alto saxophone -> real,0.5861,alto saxophone -> real,0.5903,soprano saxophone -> bench,57,82,0.05,0.089,0.073,60,90,15,0.0,0.053,9.0,alto saxophone,0.4,5,3.85,4.2,0.554,"alto saxophone 62%, tenor saxophone 15%","alto saxophone 44%, soprano saxophone 24%",0.5343,0.44,0.13,0.13
r8_0265_facial_feature,"Name a type of facial feature. Reply with only the name, nothing else.",0.5861,eyebrows -> real,0.5861,eyebrows -> real,0.5627,eyebrows -> real,54,70,0.1,0.222,0.173,60,90,23,0.0,0.16,14.3,eyebrows,0.65,6,3.2,7.06,0.54,"eyebrows 55%, <long> 10%","eyebrows 38%, <long> 22%",0.5338,0.426,0.164,0.164
r8_0270_hot_beverage,"Name a type of hot beverage. Reply with only the name, nothing else.",0.5861,coffee -> bench,0.5861,coffee -> bench,0.6283,coffee -> bench,55,69,0.083,0.233,0.173,60,90,31,0.0,0.127,12.7,coffee,0.25,13,10.58,11.02,0.306,"latte 25%, tea 17%","coffee 32%, <long> 23%",0.5631,0.357,0.878,0.878
r8_0707_cave_formation,"Name a cave formation. Reply with only the name, nothing else.",0.5861,<long> -> bench,0.5333,mammoth cave -> real,0.5364,stalactites -> bench,47,55,0.217,0.389,0.32,60,90,62,0.0,0.227,19.8,stalactite,0.25,12,8.94,38.48,0.137,"<long> 22%, mammoth cave 13%","<long> 39%, stalactite 8%",0.5423,0.567,0.513,0.513
r8s_0983_pear,"Suggest a type of pear. Reply with only the name, nothing else.",0.5861,bartlett pear -> real,0.5861,bartlett pear -> real,0.5917,bartlett pear -> real,56,82,0.067,0.089,0.08,60,90,33,0.0,0.047,9.2,bartlett pear,0.5,8,4.79,9.93,0.435,"anjou pear 40%, bartlett pear 22%","anjou pear 40%, bosc pear 10%",0.5525,0.261,0.813,0.813
r8_0814_faucet,"Name a faucet. Reply with only the name, nothing else.",0.5861,<long> -> bench,0.5333,delta faucet -> bench,0.5514,delta faucet -> bench,53,64,0.117,0.289,0.22,60,90,66,0.0,0.147,15.0,moen,0.15,12,10.62,31.63,0.256,"moen 18%, <long> 12%","<long> 29%, moen 21%",0.5594,0.48,0.524,0.524
r8_1284_place_to_visit,"Name a place to visit. Reply with only the name, nothing else.",0.5861,<long> -> bench,0.5444,louvre museum -> real,0.5547,louvre museum -> real,47,55,0.217,0.389,0.32,60,90,55,0.0,0.227,18.3,grand canyon national park,0.25,11,8.35,34.58,0.108,"<long> 22%, louvre museum 10%","<long> 39%, eiffel tower 8%",0.542,0.663,0.397,0.397
r8s_0414_alphabet,"Suggest a type of alphabet. Reply with only the name, nothing else.",0.5861,greek alphabet -> bench,0.5861,greek alphabet -> bench,0.6003,greek alphabet -> bench,45,73,0.25,0.189,0.213,60,90,49,0.0,0.16,13.8,greek alphabet,0.25,10,7.79,20.65,0.28,"<long> 25%, greek alphabet 12%","greek alphabet 29%, <long> 19%",0.5621,0.478,0.424,0.424
r8_0851_tower,"Name a tower. Reply with only the name, nothing else.",0.5861,<long> -> bench,0.5278,cn tower -> real,0.5609,eiffel tower -> bench,51,61,0.15,0.322,0.253,60,90,71,0.0,0.173,16.4,eiffel tower,0.55,9,4.99,40.79,0.223,"<long> 15%, eiffel tower 13%","<long> 32%, eiffel tower 19%",0.5441,0.51,0.095,0.095
r8_1635_vegetable_stem,"Name a vegetable stem. Reply with only the name, nothing else.",0.5861,broccoli stem -> real,0.5861,broccoli stem -> real,0.5908,broccoli stem -> real,53,69,0.117,0.233,0.187,60,90,34,0.0,0.153,14.0,asparagus stem,0.25,9,7.08,13.95,0.205,"broccoli stem 25%, celery stem 18%","<long> 23%, asparagus stem 19%",0.5489,0.28,0.564,0.564
r8s_1413_whistle,"Suggest a type of whistle. Reply with only the name, nothing else.",0.5861,<long> -> bench,0.5333,fox 40 whistle -> real,0.5357,whistle -> bench,55,67,0.083,0.256,0.187,60,90,80,0.0,0.12,13.0,fox 40 whistle,0.3,15,11.68,57.08,0.115,"fox 40 whistle 13%, <long> 8%","<long> 26%, whistle 7%",0.5475,0.6,0.111,0.111
r8_1511_headphone_brand,"Name a headphone brand. Reply with only the name, nothing else.",0.5861,sennheiser -> bench,0.5861,sennheiser -> bench,0.5883,sennheiser -> bench,55,86,0.083,0.044,0.06,60,90,25,0.0,0.033,7.8,beats,0.45,7,4.35,5.88,0.518,"beats 57%, sennheiser 8%","beats 43%, sennheiser 26%",0.5469,0.26,0.505,0.505
r8s_1402_ceramic_product,"Suggest a type of ceramic product. Reply with only the name, nothing else.",0.5861,mug -> real,0.5861,mug -> real,0.5856,mug -> real,54,72,0.1,0.2,0.16,60,90,51,0.0,0.133,12.4,mug,0.5,9,5.51,21.31,0.254,"mug 32%, coffee mug 17%","<long> 20%, coffee mug 14%",0.5743,0.451,0.988,0.988
r8_0565_flooring_material,"Name a flooring material. Reply with only the name, nothing else.",0.5861,laminate flooring -> real,0.5861,laminate flooring -> real,0.5748,laminate flooring -> real,56,71,0.067,0.211,0.153,60,90,37,0.0,0.133,12.9,laminate flooring,0.2,10,8.26,14.04,0.291,"laminate flooring 35%, laminate 10%","<long> 21%, laminate flooring 18%",0.5485,0.481,0.558,0.558
r8_0486_peninsula,"Name a peninsula. Reply with only the name, nothing else.",0.5861,florida peninsula -> real,0.5861,florida peninsula -> real,0.6103,florida peninsula -> real,43,49,0.283,0.444,0.38,60,90,40,0.007,0.26,21.2,florida peninsula,0.35,9,6.32,16.85,0.217,"<long> 28%, florida peninsula 22%","<long> 44%, iberian peninsula 14%",0.5435,0.286,0.22,0.22
r8_0337_musical_form,"Name a musical form. Reply with only the name, nothing else.",0.5861,symphony -> real,0.5861,symphony -> real,0.6047,symphony -> real,49,73,0.183,0.189,0.187,60,90,39,0.0,0.167,13.2,sonata,0.45,8,4.98,13.43,0.303,"symphony 35%, <long> 18%","sonata 20%, <long> 19%",0.5463,0.297,0.553,0.553
r8_1534_economic_system,"Name an economic system. Reply with only the name, nothing else.",0.5861,capitalism -> real,0.5861,capitalism -> real,0.5997,capitalism -> real,48,70,0.2,0.222,0.213,60,90,37,0.0,0.193,15.2,capitalism,0.75,6,2.62,6.43,0.653,"capitalism 62%, <long> 20%","capitalism 44%, <long> 22%",0.5514,0.398,0.599,0.599
r8_1898_jean_style,"Name a jean style. Reply with only the name, nothing else.",0.5861,skinny jeans -> real,0.5861,skinny jeans -> real,0.5795,skinny jeans -> real,56,79,0.067,0.122,0.1,60,90,30,0.0,0.093,10.8,boyfriend jeans,0.3,10,6.83,8.77,0.496,"skinny jeans 55%, <long> 7%","skinny jeans 38%, <long> 12%",0.5374,0.341,0.127,0.127
r8s_1125_noise,"Suggest a type of noise. Reply with only the name, nothing else.",0.5861,gaussian noise -> bench,0.5861,gaussian noise -> bench,0.5977,gaussian noise -> bench,55,80,0.083,0.111,0.1,60,90,44,0.0,0.073,10.1,traffic,0.2,17,15.16,13.81,0.296,"pink noise 28%, white noise 13%","pink noise 26%, gaussian noise 22%",0.6074,0.334,0.648,0.648
r8s_0397_king,"Suggest a type of king. Reply with only the name, nothing else.",0.5861,<long> -> bench,0.5278,lion king -> bench,0.5471,lion king -> bench,51,60,0.15,0.322,0.253,60,90,95,0.007,0.207,17.1,landing king,0.05,20,20.0,78.63,0.09,"<long> 15%, chess king 3%","<long> 32%, lion king 9%",0.5335,0.747,0.483,0.483
r8s_0285_salad_dressing,"Suggest a type of salad dressing. Reply with only the name, nothing else.",0.5861,ranch dressing -> bench,0.5861,ranch dressing -> bench,0.6118,ranch dressing -> bench,57,76,0.05,0.156,0.113,60,90,46,0.0,0.073,11.3,ranch dressing,0.3,9,7.01,18.63,0.286,"honey mustard dressing 20%, ranch dressing 15%","ranch dressing 32%, <long> 16%",0.5722,0.368,1.083,1.083
r8_0367_unit_of_distance,"Name an unit of distance. Reply with only the name, nothing else.",0.5861,meter -> bench,0.5861,meter -> bench,0.5969,meter -> bench,58,84,0.033,0.067,0.053,60,90,22,0.0,0.047,7.6,kilometer,0.45,4,3.33,6.06,0.373,"kilometer 37%, meter 25%","meter 42%, kilometer 20%",0.5769,0.189,0.513,0.629
r8_0996_tree_part,"Name a tree part. Reply with only the name, nothing else.",0.5861,<long> -> bench,0.5611,bark -> real,0.5439,bark -> real,52,64,0.117,0.289,0.22,60,90,49,0.007,0.153,14.3,bark,0.6,5,3.18,18.01,0.336,"bark 33%, <long> 12%","<long> 29%, bark 21%",0.545,0.417,0.267,0.249
r8_1677_submarine,"Name a submarine. Reply with only the name, nothing else.",0.5861,<long> -> bench,0.5722,uss nautilus -> real,0.5718,uss nautilus -> real,55,67,0.083,0.256,0.187,60,90,66,0.0,0.167,13.9,uss nautilus,0.2,12,10.0,32.15,0.164,"uss nautilus 20%, nautilus 17%","<long> 26%, nautilus 11%",0.5629,0.388,0.44,0.44
r8s_0089_muscle,"Suggest a type of muscle. Reply with only the name, nothing else.",0.5861,biceps brachii -> bench,0.5861,biceps brachii -> bench,0.612,biceps brachii -> bench,55,74,0.083,0.178,0.14,60,90,41,0.0,0.12,12.8,biceps brachii,0.5,10,5.9,17.27,0.256,"biceps 18%, biceps muscle 15%","biceps brachii 29%, <long> 18%",0.5349,0.25,0.759,0.759
r8s_1506_gymnastics_apparatus,"Suggest a type of gymnastics apparatus. Reply with only the name, nothing else.",0.5861,uneven bars -> bench,0.5861,uneven bars -> bench,0.5835,uneven bars -> bench,52,83,0.133,0.078,0.1,60,90,18,0.0,0.087,10.6,uneven bars,0.5,6,3.95,5.69,0.43,"uneven bars 28%, balance beam 22%","uneven bars 46%, balance beam 20%",0.5332,0.571,0.736,0.736
r8_0748_oxymoron,"Name an oxymoron. Reply with only the name, nothing else.",0.5861,jumbo shrimp -> real,0.5861,jumbo shrimp -> real,0.6194,jumbo shrimp -> real,43,64,0.283,0.289,0.287,60,90,56,0.0,0.207,16.1,jumbo shrimp,0.6,8,4.2,24.57,0.299,"jumbo shrimp 32%, <long> 28%","<long> 29%, jumbo shrimp 14%",0.5657,0.587,0.885,0.885
r8s_0822_troll,"Suggest a type of troll. Reply with only the name, nothing else.",0.5861,bridge troll -> bench,0.5861,bridge troll -> bench,0.5988,bridge troll -> bench,48,75,0.2,0.167,0.18,60,90,68,0.0,0.147,13.3,bridge troll,0.2,15,12.85,25.48,0.35,"<long> 20%, bridge troll 18%","bridge troll 36%, <long> 17%",0.5797,0.523,0.744,0.744
r8_0157_shape,"Name a shape. Reply with only the name, nothing else.",0.5861,triangle -> real,0.5861,triangle -> real,0.58,triangle -> real,59,84,0.017,0.067,0.047,60,90,23,0.0,0.04,6.7,triangle,0.35,7,5.13,5.77,0.364,"triangle 45%, circle 32%","triangle 28%, circle 27%",0.5595,0.133,0.354,0.379
r8_1589_lightning,"Name a type of lightning. Reply with only the name, nothing else.",0.5861,intracloud lightning -> bench,0.5861,intracloud lightning -> bench,0.6034,intracloud lightning -> bench,55,80,0.067,0.111,0.093,60,90,37,0.007,0.087,11.3,intracloud lightning,0.5,10,5.9,8.93,0.541,"intracloud lightning 38%, <long> 7%","intracloud lightning 56%, <long> 11%",0.5521,0.45,0.667,0.667
r8_1491_jazz_style,"Name a jazz style. Reply with only the name, nothing else.",0.5861,bebop -> real,0.5861,bebop -> real,0.578,bebop -> real,54,77,0.1,0.144,0.127,60,90,24,0.0,0.087,9.9,bebop,0.9,3,1.48,3.22,0.779,"bebop 78%, <long> 10%","bebop 61%, <long> 14%",0.5324,0.279,0.072,0.072
r8_0275_glacier,"Name a glacier. Reply with only the name, nothing else.",0.5861,<long> -> bench,0.5194,glacier express -> bench,0.5296,glacier express -> bench,53,64,0.117,0.289,0.22,60,90,78,0.0,0.127,14.8,perito moreno glacier,0.2,17,15.16,54.01,0.12,"<long> 12%, perito moreno glacier 8%","<long> 29%, perito moreno glacier 10%",0.5404,0.569,0.237,0.237
r8_0505_scavenger,"Name a scavenger. Reply with only the name, nothing else.",0.5833,<long> -> bench,0.5111,oscar -> real,0.5125,oscar -> real,46,54,0.233,0.4,0.333,60,90,99,0.0,0.293,19.4,joey,0.15,18,16.96,96.76,0.03,"<long> 23%, oscar 3%","<long> 40%, enah 1%",0.5288,0.777,0.442,0.405
r8_1274_seed_dispersal_method,"Name a seed dispersal method. Reply with only the name, nothing else.",0.5833,<long> -> bench,0.5639,wind dispersal -> real,0.5195,anemochory -> real,56,69,0.067,0.233,0.167,60,90,33,0.0,0.14,13.1,wind dispersal,0.55,8,4.54,5.85,0.648,"wind dispersal 62%, ballistic dispersal 7%","wind dispersal 49%, <long> 23%",0.5592,0.411,1.044,1.044
r8_1842_size,"Name a size. Reply with only the name, nothing else.",0.5833,small -> bench,0.5833,small -> bench,0.6172,small -> bench,52,73,0.133,0.189,0.167,60,90,25,0.0,0.127,11.4,small,0.55,4,2.92,5.49,0.56,"small 37%, large 22%","small 53%, <long> 19%",0.5413,0.48,0.307,0.307
r8_1984_unit_of_time,"Name an unit of time. Reply with only the name, nothing else.",0.5833,second -> bench,0.5833,second -> bench,0.5898,second -> bench,60,88,0.0,0.022,0.013,60,90,21,0.0,0.013,4.8,second,0.4,6,4.41,5.11,0.507,"second 40%, minute 22%","second 57%, hour 22%",0.5827,0.174,0.825,0.825
r8s_1440_renewable_resource,"Suggest a type of renewable resource. Reply with only the name, nothing else.",0.5833,solar energy -> real,0.5833,solar energy -> real,0.5791,solar energy -> real,56,79,0.067,0.122,0.1,60,90,26,0.0,0.067,9.1,solar energy,0.65,8,3.78,9.61,0.407,"solar energy 47%, solar power 12%","solar energy 30%, <long> 12%",0.5262,0.181,0.563,0.563
r8_0292_public_building,"Name a type of public building. Reply with only the name, nothing else.",0.5833,library -> real,0.5833,library -> real,0.5757,library -> real,58,79,0.033,0.122,0.087,60,90,33,0.0,0.08,8.8,library,0.35,7,5.13,13.89,0.292,"library 37%, school 10%","library 20%, <long> 12%",0.5707,0.355,0.917,0.917
r8_1824_egg,"Name an egg. Reply with only the name, nothing else.",0.5833,<long> -> bench,0.5278,scrambled -> real,0.5355,scrambled -> real,44,50,0.267,0.433,0.367,60,90,77,0.007,0.273,20.2,chicken,0.1,19,18.66,65.99,0.053,"<long> 27%, scrambled eggs 7%","<long> 43%, error 2%",0.537,0.666,0.525,0.432
r8_1791_tower_type,"Name a tower type. Reply with only the name, nothing else.",0.5833,<long> -> bench,0.5278,tower -> bench,0.5397,tower -> bench,52,63,0.133,0.3,0.233,60,90,102,0.0,0.173,16.6,water tower,0.15,16,14.77,94.62,0.043,"<long> 13%, water tower 5%","<long> 30%, tower 6%",0.5269,0.743,0.37,0.337
r8_1337_ancient_city,"Name an ancient city. Reply with only the name, nothing else.",0.5833,<long> -> bench,0.5306,babylon -> real,0.5305,babylon -> real,44,51,0.267,0.433,0.367,60,90,41,0.0,0.313,20.0,babylon,0.35,8,6.07,24.06,0.168,"<long> 27%, troy 13%","<long> 43%, troy 9%",0.543,0.502,0.529,0.529
r8_0023_accessory,"Name an accessory. Reply with only the name, nothing else.",0.5833,<long> -> bench,0.5306,sunglasses -> real,0.5263,sunglasses -> real,56,69,0.067,0.233,0.167,60,90,86,0.0,0.127,12.3,sunglasses,0.2,12,10.17,64.08,0.096,"sunglasses 12%, <long> 7%","<long> 23%, belt 8%",0.5337,0.636,0.27,0.283
r8_0936_pulley,"Name a pulley. Reply with only the name, nothing else.",0.5833,<long> -> bench,0.5222,fixed pulley -> bench,0.5526,fixed pulley -> bench,44,51,0.267,0.433,0.367,60,90,67,0.0,0.273,21.6,fixed pulley,0.3,15,11.68,46.02,0.147,"<long> 27%, fixed pulley 7%","<long> 43%, fixed pulley 11%",0.5384,0.595,0.379,0.379
r8s_0013_legume,"Suggest a type of legume. Reply with only the name, nothing else.",0.5833,soybean -> bench,0.5833,soybean -> bench,0.6004,soybean -> bench,54,78,0.1,0.133,0.12,60,90,37,0.0,0.087,11.0,soybean,0.25,11,8.35,14.14,0.341,"soybean 20%, lentils 13%","soybean 37%, <long> 13%",0.5734,0.418,1.419,1.419
r8s_0600_ship_type,"Suggest a ship type. Reply with only the name, nothing else.",0.5833,<long> -> bench,0.5167,container ship -> bench,0.5567,container ship -> bench,56,69,0.067,0.233,0.167,60,90,52,0.0,0.153,13.1,container ship,0.2,16,14.14,15.96,0.384,"container ship 30%, cargo ship 13%","container ship 33%, <long> 23%",0.5412,0.555,0.398,0.398
r8_0184_unit_of_temperature,"Name a type of unit of temperature. Reply with only the name, nothing else.",0.5833,fahrenheit -> real,0.5833,fahrenheit -> real,0.5865,fahrenheit -> real,57,80,0.05,0.111,0.087,60,90,15,0.0,0.067,8.6,celsius,0.65,3,2.21,3.32,0.693,"celsius 58%, fahrenheit 20%","celsius 67%, <long> 11%",0.5287,0.273,0.138,0.138
r8_1018_crochet_stitch,"Name a crochet stitch. Reply with only the name, nothing else.",0.5833,single crochet -> bench,0.5833,single crochet -> bench,0.584,single crochet -> bench,54,84,0.1,0.067,0.08,60,90,19,0.0,0.073,10.1,double crochet,0.25,8,6.32,6.18,0.399,"single crochet stitch 27%, single crochet 27%","single crochet 43%, single crochet stitch 16%",0.5296,0.387,0.448,0.448
r8_1555_troll,"Name a troll. Reply with only the name, nothing else.",0.5833,<long> -> bench,0.5306,troll -> bench,0.566,troll -> bench,46,54,0.233,0.4,0.333,60,90,77,0.0,0.267,19.2,troll,0.1,19,18.66,52.61,0.18,"<long> 23%, troll 8%","<long> 40%, troll 14%",0.5358,0.603,0.414,0.414
r8s_0310_drum,"Suggest a type of drum. Reply with only the name, nothing else.",0.5833,snare drum -> real,0.5833,snare drum -> real,0.577,steel drum -> bench,55,75,0.083,0.167,0.133,60,90,35,0.0,0.08,11.4,snare drum,0.75,6,2.62,8.44,0.5,"snare drum 53%, <long> 8%","snare drum 37%, steel drum 19%",0.5722,0.367,0.617,0.617
r8_1113_ball,"Name a ball. Reply with only the name, nothing else.",0.5833,<long> -> bench,0.5639,soccer ball -> real,0.5661,soccer ball -> real,52,63,0.133,0.3,0.233,60,90,62,0.0,0.167,14.5,soccer ball,0.3,8,6.11,36.12,0.139,"soccer ball 18%, <long> 13%","<long> 30%, ball 7%",0.5487,0.501,0.38,0.398
r8s_1485_pirate,"Suggest a type of pirate. Reply with only the name, nothing else.",0.5833,buccaneer -> real,0.5833,buccaneer -> real,0.5713,buccaneer -> real,57,72,0.05,0.2,0.14,60,90,74,0.0,0.107,12.7,buccaneer,0.15,16,14.77,37.88,0.271,"buccaneer 33%, <long> 5%","<long> 20%, buccaneer 17%",0.5289,0.713,0.418,0.418
r8_0548_exercise_type,"Name an exercise type. Reply with only the name, nothing else.",0.5833,<long> -> bench,0.5528,yoga -> real,0.5532,yoga -> real,48,57,0.2,0.367,0.3,60,90,68,0.0,0.2,16.9,cycling,0.15,13,11.38,42.05,0.171,"<long> 20%, yoga 18%","<long> 37%, yoga 8%",0.5745,0.65,0.623,0.66
r8_1321_dance_style,"Name a dance style. Reply with only the name, nothing else.",0.5833,salsa -> real,0.5833,salsa -> real,0.5869,salsa -> real,57,85,0.05,0.056,0.053,60,90,33,0.0,0.027,7.6,salsa,0.35,8,5.12,10.16,0.352,"salsa 43%, tango 18%","salsa 27%, tango 24%",0.548,0.321,0.572,0.572
r8_1521_gorgon,"Name a gorgon. Reply with only the name, nothing else.",0.5833,medusa -> real,0.5833,medusa -> real,0.5486,medusa -> real,54,72,0.1,0.2,0.16,60,90,15,0.0,0.14,12.5,medusa,0.85,4,1.8,2.29,0.833,"medusa 80%, <long> 10%","medusa 63%, <long> 20%",0.5298,0.155,0.209,0.209
r8s_0399_prey,"Suggest a type of prey. Reply with only the name, nothing else.",0.5833,deer -> real,0.5833,deer -> real,0.5732,deer -> real,55,71,0.083,0.211,0.16,60,90,39,0.0,0.127,11.6,rabbit,0.35,9,5.91,14.3,0.317,"deer 37%, rabbit 23%","<long> 21%, deer 20%",0.56,0.394,0.371,0.452
r8_0810_pajama,"Name a pajama. Reply with only the name, nothing else.",0.5833,<long> -> real,0.5111,cotton pajamas -> bench,0.5159,cotton pajamas -> bench,32,63,0.467,0.3,0.367,60,90,90,0.0,0.22,19.9,footie pajamas,0.15,18,16.96,85.78,0.042,"<long> 47%, slankys 2%","<long> 30%, footie pajamas 3%",0.5381,0.729,1.097,1.097
r8_1896_microphone,"Name a microphone. Reply with only the name, nothing else.",0.5833,<long> -> bench,0.5361,shure sm58 -> real,0.531,shure sm58 -> real,52,63,0.133,0.3,0.233,60,90,54,0.0,0.14,15.4,shure sm58,0.4,10,6.89,29.21,0.139,"shure sm58 15%, <long> 13%","<long> 30%, microphone 8%",0.564,0.324,0.408,0.408
r8s_1952_insectivore,"Suggest a type of insectivore. Reply with only the name, nothing else.",0.5833,<long> -> bench,0.5694,anteater -> real,0.6057,shrew -> bench,56,69,0.067,0.233,0.167,60,90,48,0.0,0.153,12.7,shrew,0.35,11,8.22,13.23,0.456,"shrew 32%, anteater 15%","shrew 42%, <long> 23%",0.5406,0.543,0.429,0.429
r8_1315_barometer,"Name a barometer. Reply with only the name, nothing else.",0.5833,<long> -> bench,0.5417,mercury barometer -> bench,0.5875,mercury barometer -> bench,40,45,0.333,0.5,0.433,60,90,63,0.0,0.253,20.7,mercury barometer,0.15,16,14.38,47.12,0.118,"<long> 33%, altimeter 5%","<long> 50%, mercury barometer 10%",0.5378,0.632,0.537,0.577
r8_0241_historical_artifact,"Name a historical artifact. Reply with only the name, nothing else.",0.5833,<long> -> bench,0.5722,rosetta stone -> real,0.5665,rosetta stone -> real,52,63,0.133,0.3,0.233,60,90,60,0.0,0.16,15.5,rosetta stone,0.5,10,5.9,31.34,0.235,"rosetta stone 27%, <long> 13%","<long> 30%, rosetta stone 12%",0.5372,0.48,0.715,0.715
r8s_1327_imprisonment,"Suggest a type of imprisonment. Reply with only the name, nothing else.",0.5833,solitary confinement -> real,0.5833,solitary confinement -> real,0.581,solitary confinement -> real,51,69,0.15,0.233,0.2,60,90,46,0.0,0.167,15.5,solitary confinement,0.3,13,9.91,15.86,0.417,"solitary confinement 43%, <long> 15%","solitary confinement 27%, <long> 23%",0.5558,0.483,0.483,0.483
r8s_1461_chip_flavor,"Suggest a type of chip flavor. Reply with only the name, nothing else.",0.5833,<long> -> bench,0.525,sour cream & onion -> real,0.5338,salt & vinegar -> bench,46,54,0.233,0.4,0.333,60,90,58,0.0,0.247,18.3,sour cream and onion,0.3,12,9.25,39.38,0.14,"<long> 23%, salt and vinegar 10%","<long> 40%, salt and vinegar 9%",0.5505,0.568,0.636,0.679
r8s_1199_waffle,"Suggest a type of waffle. Reply with only the name, nothing else.",0.5833,<long> -> bench,0.5194,chocolate chip waffle -> real,0.5243,chocolate chip waffle -> real,44,51,0.267,0.433,0.367,60,90,64,0.0,0.213,17.5,belgian waffle,0.4,12,8.12,44.2,0.137,"<long> 27%, belgian waffle 8%","<long> 43%, belgian waffle 9%",0.5361,0.595,0.268,0.268
r8_1982_frosting,"Name a type of frosting. Reply with only the name, nothing else.",0.5833,buttercream frosting -> real,0.5833,buttercream frosting -> real,0.5791,buttercream frosting -> real,55,71,0.083,0.211,0.16,60,90,23,0.0,0.14,13.0,cream cheese frosting,0.5,7,4.23,7.62,0.349,"cream cheese frosting 33%, buttercream frosting 30%","cream cheese frosting 27%, <long> 21%",0.545,0.198,0.835,0.835
r8_1299_pressure,"Name a pressure. Reply with only the name, nothing else.",0.5833,atmospheric pressure -> bench,0.5833,atmospheric pressure -> bench,0.6308,atmospheric pressure -> bench,45,62,0.25,0.311,0.287,60,90,59,0.0,0.207,16.5,atmospheric pressure,0.65,8,3.78,22.73,0.374,"<long> 25%, atmospheric pressure 17%","atmospheric pressure 33%, <long> 31%",0.5651,0.543,0.661,0.648
r8_0005_bread,"Name a bread. Reply with only the name, nothing else.",0.5833,<long> -> bench,0.5611,sourdough bread -> real,0.5647,rye bread -> bench,52,63,0.133,0.3,0.233,60,90,35,0.0,0.213,16.4,sourdough bread,0.55,7,4.05,10.77,0.426,"sourdough bread 40%, <long> 13%","<long> 30%, sourdough bread 28%",0.5728,0.457,0.441,0.441
r8_1339_frozen_dessert,"Name a frozen dessert. Reply with only the name, nothing else.",0.5833,<long> -> bench,0.55,ice cream sandwich -> real,0.5682,ice cream sandwich -> real,44,51,0.267,0.433,0.367,60,90,46,0.0,0.213,18.4,ice cream,0.5,8,4.79,15.25,0.432,"ice cream 30%, <long> 27%","<long> 43%, ice cream 26%",0.5399,0.468,0.642,0.642
r8_0002_reptile,"Name a reptile. Reply with only the name, nothing else.",0.5833,<long> -> bench,0.5444,komodo dragon -> real,0.5493,crocodile -> bench,50,59,0.167,0.333,0.267,60,90,30,0.007,0.24,16.9,lizard,0.3,8,5.94,16.63,0.202,"komodo dragon 20%, <long> 17%","<long> 33%, komodo dragon 11%",0.5398,0.519,0.427,0.427
r8s_0265_facial_feature,"Suggest a type of facial feature. Reply with only the name, nothing else.",0.5833,eyebrows -> real,0.5833,eyebrows -> real,0.5804,eyebrows -> real,55,78,0.083,0.133,0.113,60,90,33,0.0,0.107,11.1,eyebrows,0.6,8,4.2,10.12,0.451,"eyebrows 50%, <long> 8%","eyebrows 33%, <long> 13%",0.535,0.486,0.272,0.272
r8_1641_coffee_brewing_device,"Name a coffee brewing device. Reply with only the name, nothing else.",0.5833,aeropress -> real,0.5833,aeropress -> real,0.5812,aeropress -> real,56,77,0.067,0.144,0.113,60,90,41,0.0,0.093,11.0,french press,0.55,6,3.78,10.3,0.383,"aeropress 33%, french press 30%","french press 37%, aeropress 17%",0.5542,0.534,0.739,0.739
r8_1088_castle_feature,"Name a type of castle feature. Reply with only the name, nothing else.",0.5833,moat -> real,0.5833,moat -> real,0.5483,moat -> real,55,68,0.083,0.244,0.18,60,90,27,0.0,0.167,13.8,moat,0.85,4,1.8,6.88,0.528,"moat 53%, motte 13%","moat 37%, <long> 24%",0.5382,0.417,1.097,1.097
r8_1266_sports_official,"Name a sports official. Reply with only the name, nothing else.",0.5833,<long> -> bench,0.5306,referee -> bench,0.548,referee -> bench,54,66,0.1,0.267,0.2,60,90,95,0.0,0.153,14.5,roger goodell,0.1,19,18.66,74.52,0.108,"<long> 10%, referee 5%","<long> 27%, referee 11%",0.5566,0.615,0.82,0.82
r8_0047_primate,"Name a primate. Reply with only the name, nothing else.",0.5833,chimpanzee -> real,0.5833,chimpanzee -> real,0.5703,chimpanzee -> real,54,73,0.1,0.189,0.153,60,90,32,0.0,0.127,12.2,chimpanzee,0.45,9,5.89,8.08,0.512,"chimpanzee 53%, monkey 10%","chimpanzee 37%, <long> 19%",0.5414,0.575,0.738,0.738
r8_0151_flower,"Name a flower. Reply with only the name, nothing else.",0.5806,rose -> bench,0.5806,rose -> bench,0.6113,rose -> bench,55,78,0.083,0.122,0.107,60,90,19,0.007,0.067,9.2,rose,0.8,5,2.18,3.14,0.767,"rose 58%, <long> 8%","rose 74%, <long> 12%",0.5303,0.23,0.409,0.409
r8_1737_cheese_blue,"Name a cheese blue. Reply with only the name, nothing else.",0.5806,gorgonzola -> bench,0.5806,gorgonzola -> bench,0.6074,blue cheese -> real,43,67,0.283,0.256,0.267,60,90,29,0.0,0.2,15.9,blue cheese,0.35,9,6.32,8.1,0.427,"blue cheese 40%, <long> 28%","<long> 26%, blue cheese 26%",0.5841,0.345,1.368,1.368
r8_1739_racket,"Name a racket. Reply with only the name, nothing else.",0.5806,tennis racket -> real,0.5806,tennis racket -> real,0.6016,tennis racket -> real,46,63,0.233,0.289,0.267,60,90,79,0.007,0.193,16.8,tennis racket,0.15,16,14.77,53.53,0.165,"<long> 23%, tennis racket 22%","<long> 29%, tennis racket 6%",0.5515,0.46,0.413,0.413
r8s_0302_brush,"Suggest a type of brush. Reply with only the name, nothing else.",0.5806,<long> -> bench,0.5222,foam brush -> bench,0.5374,foam brush -> bench,50,61,0.15,0.311,0.247,60,90,67,0.013,0.167,15.6,round brush,0.3,14,10.9,40.05,0.171,"<long> 15%, round brush 13%","<long> 31%, round brush 12%",0.543,0.534,0.516,0.537
r8_0868_road_feature,"Name a type of road feature. Reply with only the name, nothing else.",0.5806,<long> -> bench,0.5333,roundabout -> real,0.5346,roundabout -> real,51,62,0.15,0.311,0.247,60,90,56,0.0,0.233,16.9,roundabout,0.25,16,13.37,28.79,0.248,"intersection 22%, <long> 15%","<long> 31%, intersection 17%",0.5433,0.512,0.298,0.298
r8_0223_cloud,"Name a cloud. Reply with only the name, nothing else.",0.5806,<long> -> bench,0.5167,cloud -> real,0.5189,cloud -> real,53,65,0.117,0.278,0.213,60,90,47,0.0,0.147,14.1,cumulus,0.45,7,5.13,21.87,0.161,"cumulus 13%, aws 13%","<long> 28%, aws 12%",0.5391,0.304,0.115,0.093
r8_0156_singer,"Name a singer. Reply with only the name, nothing else.",0.5806,<long> -> bench,0.575,adele -> real,0.5718,adele -> real,57,71,0.05,0.211,0.147,60,90,40,0.0,0.127,11.7,beyonce,0.1,16,15.16,20.41,0.188,"adele 22%, beyoncé 15%","<long> 21%, beyoncé 17%",0.5544,0.568,0.698,0.698
r8s_1488_injury,"Suggest a type of injury. Reply with only the name, nothing else.",0.5806,<long> -> bench,0.5333,strain -> bench,0.5405,strain -> bench,59,74,0.017,0.178,0.113,60,90,48,0.0,0.087,10.6,sprained ankle,0.25,14,11.64,22.66,0.218,"sprained ankle 22%, sprain 17%","<long> 18%, sprained ankle 18%",0.5459,0.579,0.786,0.786
r8_0392_glaze,"Name a glaze. Reply with only the name, nothing else.",0.5806,<long> -> bench,0.5167,jade glaze -> real,0.5371,celadon glaze -> bench,45,53,0.25,0.411,0.347,60,90,66,0.0,0.24,19.9,celadon,0.15,17,15.83,42.69,0.173,"<long> 25%, celadon glaze 10%","<long> 41%, celadon glaze 12%",0.5384,0.67,0.496,0.496
r8_1875_flower_bulb,"Name a flower bulb. Reply with only the name, nothing else.",0.5806,<long> -> bench,0.5389,tulips -> real,0.5502,tulip bulb -> bench,47,56,0.217,0.378,0.313,60,90,38,0.0,0.26,20.4,tulips,0.2,16,14.14,14.57,0.369,"tulips 30%, <long> 22%","<long> 38%, tulips 22%",0.5239,0.455,0.349,0.349
r8s_1890_saddle,"Suggest a type of saddle. Reply with only the name, nothing else.",0.5806,<long> -> bench,0.5444,western saddle -> real,0.5508,western saddle -> real,51,62,0.15,0.311,0.247,60,90,70,0.0,0.147,14.3,english saddle,0.2,17,15.16,42.41,0.186,"english saddle 15%, <long> 15%","<long> 31%, english saddle 13%",0.5467,0.641,0.684,0.684
r8_0986_artists_tool,"Name an artists' tool. Reply with only the name, nothing else.",0.5806,<long> -> bench,0.525,palette knife -> real,0.5177,brush -> bench,57,71,0.05,0.211,0.147,60,90,55,0.0,0.1,11.0,palette knife,0.5,5,3.89,24.47,0.219,"palette knife 22%, palette 15%","<long> 21%, palette knife 17%",0.5542,0.413,0.155,0.155
r8s_0157_shape,"Suggest a type of shape. Reply with only the name, nothing else.",0.5806,<long> -> bench,0.5694,circle -> real,0.5429,circle -> real,59,74,0.017,0.178,0.113,60,90,26,0.0,0.087,9.0,triangle,0.45,6,4.27,7.07,0.376,"circle 42%, triangle 22%","circle 28%, rectangle 21%",0.5587,0.229,0.262,0.262
r8s_1917_clergy,"Suggest a type of clergy. Reply with only the name, nothing else.",0.5806,rabbi -> real,0.5806,rabbi -> real,0.5811,rabbi -> real,57,76,0.05,0.156,0.113,60,90,37,0.0,0.093,10.3,rabbi,0.3,9,6.8,16.15,0.241,"rabbi 22%, priest 15%","priest 26%, <long> 16%",0.5674,0.424,0.553,0.553
r8_1058_ninja,"Name a ninja. Reply with only the name, nothing else.",0.5806,<long> -> bench,0.5278,hattori hanzo -> real,0.5273,hattori hanzo -> real,49,59,0.183,0.344,0.28,60,90,91,0.0,0.22,17.0,hattori hanzo,0.25,15,12.48,75.77,0.093,"<long> 18%, hattori hanzo 10%","<long> 34%, hattori hanzo 4%",0.5382,0.709,0.539,0.539
r8_0037_percussion_instrument,"Name a type of percussion instrument. Reply with only the name, nothing else.",0.5806,snare drum -> bench,0.5806,snare drum -> bench,0.5908,snare drum -> bench,57,83,0.05,0.078,0.067,60,90,32,0.0,0.06,9.1,snare drum,0.2,13,11.19,12.91,0.336,"snare drum 22%, drum 12%","snare drum 38%, drum 14%",0.5439,0.333,0.811,0.811
r8_0686_bacon,"Name a bacon. Reply with only the name, nothing else.",0.5806,<long> -> bench,0.5528,bacon -> real,0.5435,bacon -> real,47,56,0.217,0.378,0.313,60,90,66,0.0,0.247,18.3,canadian bacon,0.1,18,17.41,35.07,0.272,"bacon 25%, <long> 22%","<long> 38%, bacon 14%",0.5575,0.598,1.076,1.076
r8_0606_incense,"Name an incense. Reply with only the name, nothing else.",0.5806,<long> -> bench,0.55,nag champa -> real,0.5561,sandalwood incense -> bench,55,68,0.083,0.244,0.18,60,90,52,0.0,0.167,15.3,sandalwood incense,0.2,10,8.48,22.61,0.244,"sandalwood incense 17%, nag champa 13%","<long> 24%, sandalwood incense 22%",0.5424,0.462,0.281,0.243
r8_0343_domestic_cat_breed,"Name a domestic cat breed. Reply with only the name, nothing else.",0.5806,siamese -> bench,0.5806,siamese -> bench,0.5889,siamese -> bench,52,80,0.133,0.111,0.12,60,90,26,0.0,0.093,10.4,maine coon,0.25,9,6.78,10.1,0.242,"maine coon 17%, ragdoll 15%","siamese 28%, maine coon 17%",0.5379,0.385,0.377,0.377
r8s_0395_board_game_piece,"Suggest a type of board game piece. Reply with only the name, nothing else.",0.5806,meeple -> real,0.5806,meeple -> real,0.5863,meeple -> real,56,84,0.067,0.067,0.067,60,90,34,0.0,0.067,8.5,pawn,0.65,7,3.52,7.22,0.579,"pawn 50%, meeple 18%","pawn 57%, <long> 7%",0.5295,0.468,0.049,0.049
r8_0532_stitch,"Name a stitch. Reply with only the name, nothing else.",0.5806,backstitch -> bench,0.5806,backstitch -> bench,0.5949,backstitch -> bench,48,74,0.2,0.178,0.187,60,90,56,0.0,0.147,14.3,backstitch,0.2,15,12.85,21.74,0.344,"<long> 20%, backstitch 18%","backstitch 34%, <long> 18%",0.5382,0.599,0.435,0.435
r8s_0464_yogurt,"Suggest a type of yogurt. Reply with only the name, nothing else.",0.5806,plain yogurt -> real,0.5806,plain yogurt -> real,0.5984,plain yogurt -> real,49,72,0.183,0.2,0.193,60,90,29,0.0,0.113,12.0,greek yogurt,0.8,4,2.03,5.69,0.612,"greek yogurt 45%, <long> 18%","greek yogurt 52%, <long> 20%",0.5299,0.422,0.231,0.231
r8_1673_skill,"Name a skill. Reply with only the name, nothing else.",0.5806,<long> -> bench,0.5278,python -> bench,0.5368,python -> bench,55,68,0.083,0.244,0.18,60,90,82,0.0,0.127,12.0,communication,0.25,14,11.34,63.52,0.073,"<long> 8%, coding 5%","<long> 24%, data analysis 7%",0.5423,0.596,0.564,0.554
r8s_1154_celebration_item,"Suggest a type of celebration item. Reply with only the name, nothing else.",0.5806,cake -> bench,0.5806,cake -> bench,0.6461,cake -> bench,41,52,0.317,0.422,0.38,60,90,57,0.0,0.2,16.6,cake pops,0.2,14,11.99,33.23,0.237,"<long> 32%, cake pops 5%","<long> 42%, cake 21%",0.5553,0.358,0.452,0.452
r8_1986_button,"Name a button. Reply with only the name, nothing else.",0.5806,submit -> bench,0.5806,submit -> bench,0.6095,submit -> bench,52,72,0.133,0.2,0.173,60,90,67,0.0,0.153,12.9,submit,0.4,13,8.71,25.92,0.339,"submit 18%, <long> 13%","submit 34%, <long> 20%",0.5641,0.566,0.873,0.654
r8_1888_dancer,"Name a dancer. Reply with only the name, nothing else.",0.5806,<long> -> bench,0.5528,misty copeland -> real,0.54,misty copeland -> real,57,71,0.05,0.211,0.147,60,90,76,0.0,0.12,12.9,misty copeland,0.5,10,5.9,40.36,0.219,"misty copeland 25%, mikhail baryshnikov 10%","<long> 21%, misty copeland 14%",0.542,0.756,0.74,0.74
r8_0126_holiday,"Name a holiday. Reply with only the name, nothing else.",0.5806,<long> -> bench,0.5444,halloween -> real,0.5636,christmas -> bench,57,71,0.05,0.211,0.147,60,90,22,0.0,0.113,11.1,halloween,0.25,12,9.87,8.92,0.289,"halloween 30%, thanksgiving 15%","<long> 21%, halloween 21%",0.5468,0.449,0.492,0.492
r8_0575_amusement_park,"Name an amusement park. Reply with only the name, nothing else.",0.5806,<long> -> bench,0.5556,disneyland -> real,0.5287,disneyland -> real,57,70,0.05,0.211,0.147,60,90,28,0.007,0.093,12.0,disneyland,0.3,8,6.18,8.62,0.354,"disneyland 37%, walt disney world 20%","disneyland 26%, <long> 21%",0.5422,0.375,0.188,0.188
r8_0380_talk_show_host,"Name a talk show host. Reply with only the name, nothing else.",0.5806,<long> -> bench,0.5472,conan obrien -> bench,0.5838,conan obrien -> bench,55,68,0.083,0.244,0.18,60,90,25,0.0,0.14,13.3,conan obrien,0.35,10,7.47,10.25,0.293,"jimmy fallon 18%, conan obrien 18%","conan obrien 28%, <long> 24%",0.5475,0.292,0.293,0.293
r8_0888_navigational_instrumen,"Name a type of navigational instrument. Reply with only the name, nothing else.",0.5806,<long> -> bench,0.575,compass -> real,0.543,compass -> real,55,68,0.083,0.244,0.18,60,90,35,0.0,0.153,13.2,compass,0.5,11,6.32,10.23,0.48,"compass 48%, gps 10%","compass 33%, <long> 24%",0.548,0.389,0.39,0.39
r8s_1702_part_of_a_book,"Suggest a type of part of a book. Reply with only the name, nothing else.",0.5806,introduction -> bench,0.5806,introduction -> bench,0.6037,introduction -> bench,48,71,0.2,0.211,0.207,60,90,36,0.0,0.173,13.9,epilogue,0.2,11,9.09,13.44,0.353,"<long> 20%, introduction 18%","introduction 34%, <long> 21%",0.5665,0.402,0.915,0.915
r8_1716_cell_type,"Name a cell type. Reply with only the name, nothing else.",0.5806,<long> -> bench,0.5194,epithelial cell -> real,0.522,epithelial cell -> real,49,58,0.183,0.344,0.28,60,90,76,0.007,0.213,16.6,neuron,0.15,17,15.83,54.02,0.15,"<long> 18%, neuron 12%","<long> 34%, neuron 10%",0.5335,0.6,0.256,0.18
r8_0098_sausage,"Name a type of sausage. Reply with only the name, nothing else.",0.5806,<long> -> bench,0.5333,chorizo sausage -> real,0.5279,chorizo sausage -> real,57,71,0.05,0.211,0.147,60,90,37,0.0,0.113,12.1,bratwurst,0.3,10,7.84,15.3,0.273,"bratwurst 27%, chorizo sausage 13%","<long> 21%, bratwurst 21%",0.5522,0.498,0.97,0.97
r8_1867_piano,"Name a piano. Reply with only the name, nothing else.",0.5806,<long> -> bench,0.5083,88 keys -> real,0.5166,steinway -> bench,45,53,0.25,0.411,0.347,60,90,72,0.0,0.253,20.0,yamaha,0.15,17,15.83,46.07,0.173,"<long> 25%, steinway 12%","<long> 41%, steinway 11%",0.5445,0.611,0.541,0.541
r8s_1080_stadium,"Suggest a type of stadium. Reply with only the name, nothing else.",0.5806,<long> -> bench,0.525,colosseum -> real,0.53,colosseum -> real,50,62,0.15,0.311,0.247,60,90,60,0.007,0.193,15.8,baseball stadium,0.15,15,13.42,34.92,0.188,"<long> 15%, baseball stadium 13%","<long> 31%, baseball stadium 14%",0.5379,0.588,0.299,0.299
r8_0589_pigment,"Name a type of pigment. Reply with only the name, nothing else.",0.5778,ultramarine -> bench,0.5778,ultramarine -> bench,0.5992,ultramarine -> bench,48,71,0.2,0.2,0.2,60,90,59,0.007,0.18,14.9,ultramarine,0.2,14,12.31,34.25,0.202,"<long> 20%, ultramarine 7%","ultramarine 22%, <long> 20%",0.5474,0.462,0.403,0.426
r8_0819_bioluminescent_animal,"Name a bioluminescent animal. Reply with only the name, nothing else.",0.5778,firefly -> bench,0.5778,firefly -> bench,0.5959,firefly -> bench,56,76,0.067,0.156,0.12,60,90,38,0.0,0.113,11.4,firefly squid,0.45,8,5.26,12.11,0.28,"firefly squid 30%, anglerfish 23%","firefly 22%, firefly squid 21%",0.5919,0.239,1.389,1.389
r8_1518_greek_letter,"Name a greek letter. Reply with only the name, nothing else.",0.5778,alpha -> real,0.5778,alpha -> real,0.5772,alpha -> real,58,86,0.033,0.044,0.04,60,90,20,0.0,0.04,6.0,alpha,1.0,1,1.0,4.74,0.632,"alpha 70%, beta 5%","alpha 54%, beta 12%",0.5564,0.369,0.994,0.994
r8_0597_asian_country,"Name an asian country. Reply with only the name, nothing else.",0.5778,china -> bench,0.5778,china -> bench,0.5904,china -> bench,56,81,0.067,0.1,0.087,60,90,17,0.0,0.06,7.7,china,0.35,6,4.79,6.87,0.321,"japan 23%, china 20%","china 36%, india 23%",0.5667,0.14,0.776,0.776
r8_0159_melon,"Name a melon. Reply with only the name, nothing else.",0.5778,cantaloupe -> bench,0.5778,cantaloupe -> bench,0.6077,cantaloupe -> bench,53,70,0.117,0.222,0.18,60,90,23,0.0,0.16,13.5,honeydew melon,0.4,7,5.45,8.42,0.301,"honeydew melon 30%, watermelon 17%","cantaloupe 26%, <long> 22%",0.5731,0.276,0.852,0.852
r8_0448_explorer,"Name an explorer. Reply with only the name, nothing else.",0.5778,<long> -> bench,0.5222,christopher columbus -> real,0.5156,none -> bench,52,64,0.133,0.289,0.227,60,90,75,0.0,0.14,13.6,marco polo,0.35,8,5.52,42.65,0.155,"christopher columbus 13%, <long> 13%","<long> 29%, marco polo 11%",0.5434,0.584,0.242,0.256
r8_0219_bear_species,"Name a bear species. Reply with only the name, nothing else.",0.5778,<long> -> bench,0.5417,american black bear -> real,0.5608,brown bear -> bench,54,67,0.1,0.256,0.193,60,90,21,0.0,0.173,15.2,brown bear,0.4,6,4.67,7.63,0.364,"brown bear 27%, grizzly bear 18%","brown bear 31%, <long> 26%",0.5448,0.359,0.607,0.607
r8s_0771_carrot,"Suggest a type of carrot. Reply with only the name, nothing else.",0.5778,baby carrots -> real,0.5778,baby carrots -> real,0.5814,baby carrots -> real,50,70,0.167,0.222,0.2,60,90,48,0.0,0.16,13.8,baby carrots,0.65,7,3.52,14.84,0.425,"baby carrots 43%, <long> 17%","baby carrots 28%, <long> 22%",0.5511,0.435,0.612,0.612
r8_1262_leg,"Name a leg. Reply with only the name, nothing else.",0.5778,<long> -> bench,0.525,left leg -> real,0.531,right -> bench,50,61,0.167,0.322,0.26,60,90,47,0.0,0.227,16.6,thigh,0.25,13,10.58,18.47,0.342,"left 27%, <long> 17%","<long> 32%, left 24%",0.5375,0.447,0.27,0.27
r8_1856_beer_brand,"Name a beer brand. Reply with only the name, nothing else.",0.5778,<long> -> bench,0.5306,stella artois -> real,0.5268,coors light -> bench,56,70,0.067,0.222,0.16,60,90,36,0.0,0.107,11.5,budweiser,0.4,12,8.12,13.44,0.325,"budweiser 28%, stella artois 12%","budweiser 27%, <long> 22%",0.529,0.698,0.109,0.109
r8_0971_vampire,"Name a vampire. Reply with only the name, nothing else.",0.5778,dracula -> real,0.5778,dracula -> real,0.5624,dracula -> real,55,75,0.083,0.167,0.133,60,90,30,0.0,0.127,10.8,dracula,0.75,4,2.28,6.81,0.546,"dracula 57%, vlad dracula 8%","dracula 41%, <long> 17%",0.5373,0.331,0.27,0.27
r8_1382_fictional_city,"Name a fictional city. Reply with only the name, nothing else.",0.5778,<long> -> bench,0.5167,atlantis -> bench,0.5246,atlantis -> bench,50,61,0.167,0.322,0.26,60,90,94,0.0,0.167,15.4,gotham city,0.15,17,15.83,83.61,0.045,"<long> 17%, springfield 3%","<long> 32%, gotham city 3%",0.5424,0.677,0.371,0.403
r8s_1536_bolt,"Suggest a type of bolt. Reply with only the name, nothing else.",0.5778,hex bolt -> real,0.5778,hex bolt -> real,0.5724,high-strength bolt -> bench,57,81,0.05,0.1,0.08,60,90,31,0.0,0.047,9.4,hex bolt,0.8,5,2.18,5.38,0.623,"hex bolt 67%, high-strength bolt 5%","hex bolt 51%, high-strength bolt 18%",0.5539,0.404,0.266,0.266
r8_1011_part_of_a_cell,"Name a part of a cell. Reply with only the name, nothing else.",0.5778,nucleus -> real,0.5778,nucleus -> real,0.5746,nucleus -> real,52,66,0.133,0.267,0.213,60,90,67,0.0,0.173,14.7,nucleus,0.55,6,3.58,33.5,0.263,"nucleus 30%, <long> 13%","<long> 27%, nucleus 14%",0.545,0.51,0.187,0.207
r8_0108_symptom,"Name a symptom. Reply with only the name, nothing else.",0.5778,<long> -> bench,0.525,fever -> bench,0.5463,fever -> bench,44,52,0.267,0.422,0.36,60,90,41,0.0,0.213,18.2,fatigue,0.2,13,10.9,17.65,0.302,"<long> 27%, headache 22%","<long> 42%, headache 18%",0.5524,0.516,0.371,0.389
r8_0630_wood_use,"Name a wood use. Reply with only the name, nothing else.",0.5778,flooring -> bench,0.5778,flooring -> bench,0.5914,flooring -> bench,54,79,0.1,0.122,0.113,60,90,61,0.0,0.093,10.3,flooring,0.2,14,11.99,24.01,0.331,"flooring 20%, <long> 10%","flooring 36%, <long> 12%",0.5438,0.562,0.306,0.306
r8s_1691_alcohol,"Suggest a type of alcohol. Reply with only the name, nothing else.",0.5778,gin -> bench,0.5778,gin -> bench,0.5787,gin -> bench,54,84,0.1,0.056,0.073,60,90,30,0.007,0.06,8.9,vodka,0.25,9,7.27,10.72,0.355,"gin 23%, vodka 23%","gin 39%, vodka 12%",0.5589,0.456,0.762,0.52
r8_0025_arachnid,"Name an arachnid. Reply with only the name, nothing else.",0.5778,<long> -> bench,0.5639,spider -> real,0.5289,tarantula -> bench,58,73,0.033,0.189,0.127,60,90,24,0.0,0.113,10.7,spider,0.8,5,2.18,4.89,0.618,"spider 62%, black widow 13%","spider 49%, <long> 19%",0.5506,0.23,0.388,0.388
r8_1819_mouthwash,"Name a mouthwash. Reply with only the name, nothing else.",0.5778,<long> -> bench,0.5639,listerine -> real,0.5089,activa -> real,56,70,0.067,0.222,0.16,60,90,31,0.0,0.127,13.1,listerine,0.65,8,3.78,4.5,0.722,"listerine 68%, <long> 7%","listerine 56%, <long> 22%",0.5313,0.355,0.203,0.203
r8_0854_sealant,"Name a sealant. Reply with only the name, nothing else.",0.5778,<long> -> bench,0.5167,roof sealant -> real,0.5385,silicone sealant -> bench,46,55,0.233,0.389,0.327,60,90,66,0.0,0.207,18.0,silicone sealant,0.5,10,5.9,36.25,0.238,"<long> 23%, silicone sealant 15%","<long> 39%, silicone sealant 17%",0.5342,0.621,0.495,0.495
r8_1294_treatment,"Name a type of treatment. Reply with only the name, nothing else.",0.5778,chemotherapy -> bench,0.5778,chemotherapy -> bench,0.6036,chemotherapy -> bench,51,70,0.15,0.222,0.193,60,90,45,0.0,0.107,13.1,psychotherapy,0.2,9,7.38,19.62,0.198,"psychotherapy 17%, cognitive behavioral therapy 15%","<long> 22%, chemotherapy 22%",0.6263,0.497,0.699,0.699
r8_1820_skyscraper,"Name a skyscraper. Reply with only the name, nothing else.",0.5778,<long> -> bench,0.5306,one world trade center -> real,0.5393,empire state building -> bench,56,70,0.067,0.222,0.16,60,90,35,0.0,0.12,13.5,burj khalifa,0.45,6,4.06,10.61,0.357,"burj khalifa 32%, empire state building 17%","burj khalifa 29%, <long> 22%",0.5469,0.302,0.205,0.205
r8s_0131_parasite,"Suggest a type of parasite. Reply with only the name, nothing else.",0.5778,plasmodium parasite -> bench,0.5778,plasmodium parasite -> bench,0.5835,plasmodium parasite -> bench,53,83,0.117,0.078,0.093,60,90,63,0.0,0.047,10.3,tapeworm,0.15,15,13.42,30.87,0.147,"tapeworm 18%, <long> 12%","plasmodium parasite 19%, malaria parasite 14%",0.5867,0.482,0.703,0.703
r8s_0014_piece_of_furniture,"Suggest a type of piece of furniture. Reply with only the name, nothing else.",0.5778,couch -> bench,0.5778,couch -> bench,0.5848,couch -> bench,56,83,0.067,0.078,0.073,60,90,27,0.0,0.06,8.1,sofa,0.4,7,4.75,7.3,0.432,"sofa 42%, sofa bed 18%","sofa 39%, couch 22%",0.535,0.368,0.446,0.446
r8_1973_galaxy_shape,"Name a galaxy shape. Reply with only the name, nothing else.",0.5778,spiral -> bench,0.5778,spiral -> bench,0.6031,spiral -> bench,50,71,0.167,0.211,0.193,60,90,43,0.0,0.16,14.1,spiral,0.55,8,4.66,15.98,0.281,"spiral galaxy 18%, <long> 17%","spiral 29%, <long> 21%",0.5675,0.321,0.807,0.932
r8s_0932_cold_dessert,"Suggest a type of cold dessert. Reply with only the name, nothing else.",0.5778,<long> -> bench,0.5278,frozen yogurt -> bench,0.551,frozen yogurt -> bench,42,49,0.3,0.456,0.393,60,90,46,0.0,0.193,17.2,ice cream,0.2,14,11.99,27.45,0.154,"<long> 30%, ice cream 10%","<long> 46%, ice cream 9%",0.5411,0.617,0.477,0.477
r8s_0006_mammal,"Suggest a type of mammal. Reply with only the name, nothing else.",0.5778,dolphin -> real,0.5778,dolphin -> real,0.5785,dolphin -> real,58,83,0.033,0.078,0.06,60,90,48,0.0,0.06,7.7,bat,0.25,14,11.34,24.13,0.163,"dolphin 23%, dog 12%","dog 18%, dolphin 8%",0.5501,0.55,0.602,0.602
r8s_0853_beverage_hot,"Suggest a type of beverage hot. Reply with only the name, nothing else.",0.5778,<long> -> bench,0.525,chai latte -> real,0.5463,coffee -> bench,48,58,0.2,0.356,0.293,60,90,42,0.0,0.187,15.6,hot chocolate,0.4,11,7.58,14.39,0.396,"hot chocolate 30%, <long> 20%","<long> 36%, hot chocolate 27%",0.5548,0.529,0.972,0.972
r8s_0297_chili_pepper,"Suggest a type of chili pepper. Reply with only the name, nothing else.",0.5778,jalapeño -> bench,0.5778,jalapeño -> bench,0.5894,jalapeño -> bench,51,78,0.15,0.133,0.14,60,90,45,0.0,0.1,11.8,ghost pepper,0.2,15,13.2,26.93,0.147,"<long> 15%, ghost pepper 8%","jalapeño 19%, <long> 13%",0.5519,0.483,0.675,0.675
r8_0388_donut,"Name a donut. Reply with only the name, nothing else.",0.5778,glazed donut -> real,0.5778,glazed donut -> real,0.5746,glazed donut -> real,55,73,0.083,0.189,0.147,60,90,69,0.0,0.087,11.5,glazed donut,0.5,10,5.9,34.04,0.242,"glazed donut 30%, chocolate donut 8%","<long> 19%, glazed donut 14%",0.5405,0.544,0.356,0.356
r8_1130_light_switch_type,"Name a light switch type. Reply with only the name, nothing else.",0.5778,toggle switch -> bench,0.5778,toggle switch -> bench,0.5946,toggle switch -> bench,56,80,0.067,0.111,0.093,60,90,48,0.0,0.073,9.7,toggle switch,0.5,7,4.23,15.29,0.397,"toggle switch 27%, single-pole switch 10%","toggle switch 42%, <long> 11%",0.5557,0.401,0.634,0.634
r8_1146_type_of_household_pet,"Name a type of household pet. Reply with only the name, nothing else.",0.5778,goldfish -> real,0.5778,goldfish -> real,0.5865,goldfish -> real,51,69,0.15,0.233,0.2,60,90,19,0.0,0.173,13.2,cat,0.25,9,7.48,6.74,0.317,"dog 23%, goldfish 23%","dog 27%, <long> 23%",0.5469,0.351,0.487,0.487
r8_1121_type_of_island,"Name a type of island. Reply with only the name, nothing else.",0.5778,<long> -> bench,0.5389,continental island -> real,0.5453,continental island -> real,48,58,0.2,0.356,0.293,60,90,70,0.0,0.253,17.9,coral island,0.15,14,12.85,49.28,0.123,"<long> 20%, volcanic island 12%","<long> 36%, volcanic island 7%",0.5335,0.69,0.353,0.353
r8s_1410_region,"Suggest a type of region. Reply with only the name, nothing else.",0.5778,<long> -> bench,0.5167,central -> real,0.5221,arctic region -> bench,52,63,0.133,0.289,0.227,60,90,99,0.007,0.187,15.1,arctic region,0.2,16,14.14,88.22,0.043,"<long> 13%, northeastern 3%","<long> 29%, arctic region 4%",0.5385,0.628,0.341,0.383
r8_0073_piece_of_jewelry,"Name a piece of jewelry. Reply with only the name, nothing else.",0.5778,diamond necklace -> real,0.5778,diamond necklace -> real,0.5891,diamond necklace -> real,52,71,0.133,0.211,0.18,60,90,53,0.0,0.14,13.5,necklace,0.45,10,6.48,22.87,0.293,"necklace 20%, diamond necklace 17%","necklace 27%, <long> 21%",0.5445,0.514,0.506,0.506
r8s_0179_primary_color,"Suggest a type of primary color. Reply with only the name, nothing else.",0.5778,blue -> real,0.5778,blue -> real,0.5791,blue -> real,56,81,0.067,0.1,0.087,60,90,24,0.0,0.06,8.2,red,0.95,2,1.22,4.84,0.511,"red 43%, blue 37%","red 49%, blue 21%",0.5479,0.182,0.209,0.209
r8_1095_minotaur,"Name a minotaur. Reply with only the name, nothing else.",0.5778,<long> -> bench,0.5306,minotaur -> real,0.5164,daedalus -> bench,50,61,0.167,0.322,0.26,60,90,63,0.0,0.22,18.2,minotaur,0.35,12,8.58,32.46,0.243,"minotaur 22%, <long> 17%","<long> 32%, minotaur 16%",0.546,0.312,0.541,0.541
r8_1665_hair_tie,"Name a hair tie. Reply with only the name, nothing else.",0.5778,<long> -> bench,0.5167,alice band -> real,0.5259,scrunchie -> bench,50,61,0.167,0.322,0.26,60,90,47,0.0,0.167,16.1,scrunchie,0.6,9,4.5,13.37,0.468,"scrunchie 37%, <long> 17%","scrunchie 33%, <long> 32%",0.5345,0.533,0.04,0.04
r8_0757_dwelling_type,"Name a dwelling type. Reply with only the name, nothing else.",0.5778,<long> -> bench,0.5528,apartment -> real,0.5375,single-family home -> bench,56,70,0.067,0.222,0.16,60,90,37,0.0,0.14,12.5,apartment,0.25,12,9.87,12.07,0.381,"apartment 38%, townhouse 12%","apartment 28%, <long> 22%",0.5328,0.493,0.331,0.331
r8_0913_plant_category,"Name a plant category. Reply with only the name, nothing else.",0.5778,succulents -> real,0.5778,succulents -> real,0.5982,succulents -> real,47,68,0.217,0.244,0.233,60,90,53,0.0,0.2,15.5,orchids,0.3,10,7.71,21.22,0.313,"orchids 25%, <long> 22%","<long> 24%, orchids 23%",0.5726,0.56,0.351,0.351
r8_0260_waterfowl,"Name a waterfowl. Reply with only the name, nothing else.",0.5778,<long> -> bench,0.525,mallard duck -> real,0.5567,mallard -> bench,58,73,0.033,0.189,0.127,60,90,29,0.0,0.12,11.2,mallard,0.45,10,6.48,6.48,0.511,"mallard 43%, duck 17%","mallard 46%, <long> 19%",0.5406,0.243,0.301,0.301
r8_1175_country_singer,"Name a country singer. Reply with only the name, nothing else.",0.5778,<long> -> bench,0.5222,george jones -> bench,0.5274,george jones -> bench,58,73,0.033,0.189,0.127,60,90,35,0.0,0.107,10.9,george strait,0.3,12,9.25,14.99,0.282,"george strait 27%, garth brooks 18%","george strait 23%, <long> 19%",0.5402,0.557,0.289,0.289
r8_0287_explosive,"Name an explosive. Reply with only the name, nothing else.",0.5778,tnt -> bench,0.5778,tnt -> bench,0.6116,tnt -> bench,58,80,0.033,0.1,0.073,60,90,18,0.007,0.067,8.7,tnt,0.75,5,2.45,3.19,0.681,"tnt 53%, dynamite 25%","tnt 69%, dynamite 12%",0.5353,0.122,0.317,0.317
r8s_1282_bread_shape,"Suggest a type of bread shape. Reply with only the name, nothing else.",0.5778,baguette -> bench,0.5778,baguette -> bench,0.6024,baguette -> bench,48,70,0.2,0.222,0.213,60,90,44,0.0,0.187,14.6,baguette,0.3,15,11.68,20.82,0.288,"<long> 20%, baguette 13%","baguette 29%, <long> 22%",0.5408,0.604,0.693,0.693
r8_1478_chemical_reaction,"Name a chemical reaction. Reply with only the name, nothing else.",0.5778,<long> -> bench,0.55,rusting of iron -> real,0.5542,rusting of iron -> real,46,55,0.233,0.389,0.327,60,90,57,0.0,0.173,16.0,photosynthesis,0.45,7,4.64,34.05,0.158,"<long> 23%, rusting of iron 17%","<long> 39%, photosynthesis 8%",0.5765,0.469,0.713,0.74
r8_0418_mythical_creature,"Name a type of mythical creature. Reply with only the name, nothing else.",0.5778,dragon -> bench,0.5778,dragon -> bench,0.6008,dragon -> bench,57,80,0.05,0.111,0.087,60,90,23,0.0,0.087,8.8,dragon,0.35,10,7.16,6.03,0.504,"dragon 37%, griffin 25%","dragon 52%, griffin 16%",0.5463,0.286,0.351,0.351
r8_1623_rubber_product,"Name a rubber product. Reply with only the name, nothing else.",0.5778,<long> -> bench,0.5306,rubber band -> real,0.5234,o-ring -> bench,52,64,0.133,0.289,0.227,60,90,57,0.0,0.153,14.8,rubber band,0.35,11,7.67,27.1,0.233,"rubber band 22%, eraser 13%","<long> 29%, rubber band 16%",0.5657,0.504,0.479,0.479
r8_1372_editor,"Name an editor. Reply with only the name, nothing else.",0.5778,<long> -> real,0.55,nano -> bench,0.5634,nano -> bench,38,71,0.367,0.211,0.273,60,90,84,0.0,0.187,15.8,christina hendricks,0.05,20,20.0,65.29,0.083,"<long> 37%, tracy ward 2%","<long> 21%, nano 10%",0.5394,0.655,0.689,0.547
r8s_0137_salad_ingredient,"Suggest a type of salad ingredient. Reply with only the name, nothing else.",0.5778,spinach leaves -> real,0.5778,spinach leaves -> real,0.5966,lettuce -> bench,53,72,0.117,0.2,0.167,60,90,22,0.0,0.14,12.0,spinach leaves,0.25,13,10.58,6.57,0.432,"spinach leaves 30%, lettuce 28%","lettuce 41%, <long> 20%",0.5723,0.227,0.981,0.981
r8_1050_pizza_chain,"Name a pizza chain. Reply with only the name, nothing else.",0.5778,pizza hut -> real,0.5778,pizza hut -> real,0.5744,pizza hut -> real,56,73,0.067,0.189,0.14,60,90,15,0.0,0.107,13.0,dominos pizza,0.25,11,8.98,6.5,0.295,"dominos pizza 27%, pizza hut 27%","dominos pizza 24%, <long> 19%",0.5445,0.307,0.524,0.524
r8_1451_sports_venue,"Name a sports venue. Reply with only the name, nothing else.",0.5778,<long> -> bench,0.5333,wembley stadium -> real,0.5321,wembley stadium -> real,56,70,0.067,0.222,0.16,60,90,53,0.0,0.113,11.9,wrigley field,0.25,10,7.59,28.3,0.159,"yankee stadium 17%, wrigley field 12%","<long> 22%, yankee stadium 11%",0.534,0.66,0.131,0.131
r8_1784_endocrine_gland,"Name an endocrine gland. Reply with only the name, nothing else.",0.575,thyroid gland -> real,0.575,thyroid gland -> real,0.5519,thyroid gland -> real,57,73,0.05,0.189,0.133,60,90,17,0.0,0.107,12.4,thyroid gland,0.65,6,3.29,5.67,0.415,"thyroid gland 45%, pituitary gland 22%","thyroid gland 30%, pituitary gland 21%",0.5485,0.339,0.493,0.493
r8s_0466_pottery,"Suggest a type of pottery. Reply with only the name, nothing else.",0.575,<long> -> bench,0.525,stoneware -> bench,0.5557,stoneware -> bench,55,69,0.083,0.233,0.173,60,90,59,0.0,0.127,13.0,stoneware,0.2,16,14.14,23.46,0.298,"stoneware 22%, earthenware 12%","stoneware 27%, <long> 23%",0.5405,0.669,0.503,0.503
r8_1343_ancient_monument,"Name a type of ancient monument. Reply with only the name, nothing else.",0.575,pyramid -> real,0.575,pyramid -> real,0.5734,stonehenge -> real,55,70,0.083,0.222,0.167,60,90,31,0.0,0.113,12.2,pyramid,0.3,10,7.84,12.67,0.312,"pyramid 35%, stonehenge 20%","<long> 22%, pyramid 20%",0.5379,0.498,0.171,0.171
r8_0644_leaf_arrangement,"Name a type of leaf arrangement. Reply with only the name, nothing else.",0.575,<long> -> bench,0.55,alternate -> bench,0.5789,alternate -> bench,47,57,0.217,0.367,0.307,60,90,58,0.0,0.24,18.5,alternate leaf arrangement,0.45,11,6.94,31.77,0.212,"<long> 22%, alternate leaf arrangement 10%","<long> 37%, alternate leaf arrangement 18%",0.5937,0.49,0.759,0.769
r8s_0871_invertebrate,"Suggest a type of invertebrate. Reply with only the name, nothing else.",0.575,<long> -> bench,0.5278,spider monkey -> bench,0.5347,spider monkey -> bench,57,72,0.05,0.2,0.14,60,90,60,0.0,0.113,11.8,snail,0.25,12,9.46,34.29,0.178,"snail 17%, spider 10%","<long> 20%, snail 14%",0.5533,0.501,0.727,0.727
r8_0975_animal_sleep_pattern,"Name an animal sleep pattern. Reply with only the name, nothing else.",0.575,<long> -> bench,0.5333,polyphasic sleep pattern -> bench,0.5588,polyphasic sleep pattern -> bench,43,51,0.283,0.433,0.373,60,90,66,0.0,0.233,19.8,polyphasic sleep pattern,0.05,20,20.0,48.36,0.128,"<long> 28%, crepuscular sleep pattern 12%","<long> 43%, polyphasic sleep pattern 7%",0.5562,0.604,0.724,0.724
r8s_0522_syrup,"Suggest a type of syrup. Reply with only the name, nothing else.",0.575,<long> -> bench,0.5611,maple syrup -> real,0.5088,acer syrup -> real,57,72,0.05,0.2,0.14,60,90,20,0.0,0.12,11.4,maple syrup,0.85,4,1.8,2.78,0.806,"maple syrup 77%, <long> 5%","maple syrup 64%, <long> 20%",0.5436,0.29,0.322,0.322
r8s_0999_microorganism,"Suggest a type of microorganism. Reply with only the name, nothing else.",0.575,bacteria -> real,0.575,bacteria -> real,0.5847,bacteria -> real,53,79,0.117,0.122,0.12,60,90,44,0.0,0.093,11.0,bacteria,0.3,10,7.84,19.75,0.167,"bacteria 22%, escherichia coli 20%","yeast 17%, <long> 12%",0.5801,0.523,0.874,0.874
r8_1668_proteus,"Name a type of proteus. Reply with only the name, nothing else.",0.575,<long> -> bench,0.5278,proteus mirabilis -> bench,0.559,proteus mirabilis -> bench,47,57,0.217,0.367,0.307,60,90,76,0.0,0.247,20.4,proteus anguinus,0.45,11,6.94,49.69,0.192,"<long> 22%, proteus mirabilis 10%","<long> 37%, proteus mirabilis 16%",0.5505,0.579,0.196,0.196
r8_0672_traffic_signal,"Name a traffic signal. Reply with only the name, nothing else.",0.575,<long> -> bench,0.5444,traffic light -> bench,0.5926,traffic light -> bench,41,47,0.317,0.467,0.407,60,90,54,0.007,0.287,21.5,traffic light,0.3,10,7.29,36.19,0.148,"<long> 32%, yield sign 7%","<long> 47%, traffic light 12%",0.5522,0.595,0.35,0.35
r8_0405_musical_interval,"Name a musical interval. Reply with only the name, nothing else.",0.575,tritone -> real,0.575,tritone -> real,0.5828,tritone -> real,50,67,0.167,0.256,0.22,60,90,43,0.0,0.173,13.9,tritone,0.25,11,8.82,18.88,0.205,"tritone 25%, <long> 17%","<long> 26%, minor third 14%",0.5401,0.568,0.35,0.35
r8_1352_ritual,"Name a ritual. Reply with only the name, nothing else.",0.575,<long> -> bench,0.5167,saying grace before dinner -> real,0.5244,saying grace before dinner -> real,41,48,0.317,0.467,0.407,60,90,80,0.0,0.2,18.6,wedding ceremony,0.05,20,20.0,74.05,0.056,"<long> 32%, burning incense 3%","<long> 47%, burning incense 3%",0.5378,0.658,0.657,0.383
r8s_0388_donut,"Suggest a type of donut. Reply with only the name, nothing else.",0.575,glazed donut -> bench,0.575,glazed donut -> bench,0.5876,glazed donut -> bench,56,81,0.067,0.1,0.087,60,90,44,0.0,0.053,8.9,glazed donut,0.35,11,7.67,15.71,0.336,"glazed donut 22%, chocolate donut 8%","glazed donut 37%, boston cream donut 14%",0.5475,0.209,0.192,0.192
r8_0503_garden,"Name a garden. Reply with only the name, nothing else.",0.575,<long> -> bench,0.5167,butchart gardens -> bench,0.5278,butchart gardens -> bench,45,54,0.25,0.4,0.34,60,90,68,0.0,0.267,19.6,butchart gardens,0.1,19,18.66,49.61,0.111,"<long> 25%, rose garden 8%","<long> 40%, rose garden 7%",0.5346,0.712,0.554,0.554
r8s_1562_cucumber,"Suggest a type of cucumber. Reply with only the name, nothing else.",0.575,english cucumber -> real,0.575,english cucumber -> real,0.5637,english cucumber -> real,51,68,0.15,0.244,0.207,60,90,54,0.0,0.147,13.5,english cucumber,0.5,10,5.9,14.0,0.496,"english cucumber 48%, <long> 15%","english cucumber 33%, <long> 24%",0.5456,0.498,0.474,0.474
r8s_0793_bottled_water,"Suggest a type of bottled water. Reply with only the name, nothing else.",0.575,fiji water -> real,0.575,fiji water -> real,0.5782,fiji water -> real,53,73,0.117,0.189,0.16,60,90,36,0.0,0.107,12.0,fiji water,0.35,9,6.79,14.08,0.23,"fiji water 28%, evian 17%","<long> 19%, aquafina 19%",0.5509,0.505,0.593,0.593
r8s_1881_deep_sea_creature,"Suggest a type of deep sea creature. Reply with only the name, nothing else.",0.575,anglerfish -> real,0.575,anglerfish -> real,0.5789,anglerfish -> real,56,83,0.067,0.078,0.073,60,90,41,0.0,0.073,9.5,anglerfish,0.45,9,5.64,10.41,0.331,"anglerfish 38%, giant squid 27%","giant squid 33%, anglerfish 23%",0.5474,0.291,0.243,0.243
r8_0324_cured_meat,"Name a cured meat. Reply with only the name, nothing else.",0.575,salami -> real,0.575,salami -> real,0.5885,prosciutto -> bench,52,75,0.133,0.167,0.153,60,90,28,0.0,0.12,12.2,prosciutto,0.45,6,4.22,6.69,0.528,"prosciutto 37%, salami 22%","prosciutto 50%, <long> 17%",0.5441,0.29,0.203,0.203
r8_1074_toxin,"Name a toxin. Reply with only the name, nothing else.",0.575,mercury -> real,0.575,mercury -> real,0.5741,mercury -> real,54,72,0.1,0.2,0.16,60,90,52,0.0,0.12,11.3,arsenic,0.15,13,11.38,20.84,0.23,"mercury 28%, lead 17%","<long> 20%, lead 18%",0.5637,0.522,0.722,0.722
r8_0261_wave,"Name a wave. Reply with only the name, nothing else.",0.575,<long> -> bench,0.55,wave 1 -> real,0.5638,wave 1 -> real,47,57,0.217,0.367,0.307,60,90,81,0.0,0.233,18.7,tsunami,0.3,15,11.68,68.49,0.067,"<long> 22%, wave 1 10%","<long> 37%, ocean wave 8%",0.5488,0.552,0.408,0.293
r8_1169_type_of_bread,"Name a type of bread. Reply with only the name, nothing else.",0.575,sourdough bread -> real,0.575,sourdough bread -> real,0.5481,sourdough bread -> real,56,73,0.067,0.189,0.14,60,90,30,0.0,0.107,12.2,sourdough bread,0.35,8,5.52,6.52,0.535,"sourdough bread 55%, rye bread 15%","sourdough bread 40%, <long> 19%",0.5558,0.477,1.751,1.751
r8s_0043_water_sport,"Suggest a type of water sport. Reply with only the name, nothing else.",0.575,kayaking -> real,0.575,kayaking -> real,0.5782,kayaking -> real,56,82,0.067,0.089,0.08,60,90,37,0.0,0.053,8.9,kayaking,0.25,11,8.98,16.56,0.246,"kayaking 32%, wakeboarding 13%","kayaking 17%, wakeboarding 14%",0.54,0.555,0.464,0.464
r8_0137_salad_ingredient,"Name a salad ingredient. Reply with only the name, nothing else.",0.575,lettuce -> bench,0.575,lettuce -> bench,0.5706,lettuce -> bench,55,85,0.083,0.056,0.067,60,90,12,0.0,0.053,7.7,lettuce,0.7,6,2.94,2.96,0.686,"lettuce 55%, spinach leaves 17%","lettuce 70%, spinach 12%",0.5419,0.305,1.026,1.026
r8_0062_liquid,"Name a liquid. Reply with only the name, nothing else.",0.575,water -> real,0.575,water -> real,0.5427,water -> real,58,79,0.033,0.122,0.087,60,90,22,0.0,0.08,9.2,water,0.9,3,1.48,2.99,0.796,"water 82%, <long> 3%","water 67%, <long> 12%",0.5279,0.174,0.391,0.391
r8_0960_seal,"Name a seal. Reply with only the name, nothing else.",0.575,harbor seal -> bench,0.575,harbor seal -> bench,0.6136,harbor seal -> bench,37,59,0.383,0.333,0.353,60,90,69,0.007,0.247,18.9,harbor seal,0.6,8,4.2,43.79,0.167,"<long> 38%, seal 7%","<long> 33%, harbor seal 17%",0.5696,0.588,0.353,0.401
r8_1332_lucky_charm,"Name a lucky charm. Reply with only the name, nothing else.",0.575,four-leaf clover -> real,0.575,four-leaf clover -> real,0.5696,four-leaf clover -> real,56,70,0.067,0.211,0.153,60,90,46,0.007,0.1,12.9,rabbits foot,0.5,7,4.67,13.18,0.373,"rabbits foot 32%, four-leaf clover 25%","rabbits foot 31%, <long> 21%",0.5444,0.444,0.344,0.344
r8_0600_ship_type,"Name a ship type. Reply with only the name, nothing else.",0.575,cargo ship -> real,0.575,cargo ship -> real,0.5772,cargo ship -> real,54,73,0.1,0.189,0.153,60,90,41,0.0,0.12,12.4,cargo ship,0.2,13,11.19,18.15,0.189,"cargo ship 25%, aircraft carrier 13%","<long> 19%, container ship 17%",0.542,0.534,0.181,0.181
r8_0232_ocean,"Name an ocean. Reply with only the name, nothing else.",0.575,pacific ocean -> real,0.575,pacific ocean -> real,0.5775,pacific ocean -> real,57,85,0.05,0.056,0.053,60,90,12,0.0,0.04,7.9,pacific ocean,0.7,3,2.23,3.73,0.556,"pacific ocean 62%, atlantic ocean 25%","pacific ocean 47%, atlantic ocean 24%",0.5349,0.356,0.79,0.79
r8_0086_shellfish,"Name a shellfish. Reply with only the name, nothing else.",0.575,oyster -> real,0.575,oyster -> real,0.5705,oyster -> real,56,80,0.067,0.111,0.093,60,90,20,0.0,0.087,9.7,oyster,0.35,7,5.36,6.92,0.471,"oyster 52%, shrimp 10%","oyster 37%, crab 14%",0.5628,0.354,0.579,0.579
r8_1420_fence,"Name a fence. Reply with only the name, nothing else.",0.575,<long> -> bench,0.5306,white picket fence -> bench,0.5845,white picket fence -> bench,37,40,0.383,0.533,0.473,60,90,57,0.013,0.36,24.8,picket fence,0.25,13,10.58,39.83,0.169,"<long> 38%, picket fence 5%","<long> 53%, white picket fence 11%",0.5414,0.631,0.405,0.405
r8_0708_sparkling_wine,"Name a sparkling wine. Reply with only the name, nothing else.",0.575,<long> -> real,0.5417,champagne -> bench,0.5353,champagne -> bench,39,72,0.35,0.2,0.26,60,90,58,0.0,0.133,14.7,prosecco,0.5,8,4.79,27.49,0.225,"<long> 35%, prosecco 12%","champagne 20%, <long> 20%",0.5598,0.434,0.968,0.968
r8_1356_neighborhood_feature,"Name a type of neighborhood feature. Reply with only the name, nothing else.",0.575,<long> -> bench,0.5361,park -> real,0.5194,parks -> bench,49,60,0.183,0.333,0.273,60,90,53,0.0,0.233,17.6,park,0.5,11,6.32,19.61,0.376,"park 32%, <long> 18%","<long> 33%, park 24%",0.5498,0.612,0.639,0.701
r8_0934_chemical_bond,"Name a chemical bond. Reply with only the name, nothing else.",0.575,ionic bond -> real,0.575,ionic bond -> real,0.5682,ionic bond -> real,50,66,0.167,0.267,0.227,60,90,38,0.0,0.18,14.9,ionic bond,0.45,4,3.19,12.07,0.422,"ionic bond 42%, <long> 17%","ionic bond 27%, <long> 27%",0.573,0.278,0.702,0.702
r8_1763_pollen,"Name a pollen. Reply with only the name, nothing else.",0.575,pollen -> bench,0.575,pollen -> bench,0.6072,pollen -> bench,48,65,0.2,0.278,0.247,60,90,42,0.0,0.227,16.5,pine pollen,0.4,10,6.89,16.29,0.283,"pine pollen 27%, <long> 20%","<long> 28%, pollen 20%",0.5456,0.311,0.585,0.585
r8_0452_luggage_type,"Name a luggage type. Reply with only the name, nothing else.",0.575,<long> -> bench,0.5361,duffel bag -> real,0.5266,duffel bag -> real,59,75,0.017,0.167,0.107,60,90,33,0.0,0.107,11.5,suitcase,0.3,10,8.05,12.86,0.284,"suitcase 27%, duffel bag 18%","suitcase 24%, <long> 17%",0.5471,0.475,0.639,0.639
r8_0396_waterfall,"Name a waterfall. Reply with only the name, nothing else.",0.575,niagara falls -> real,0.575,niagara falls -> real,0.5542,niagara falls -> real,53,70,0.117,0.222,0.18,60,90,36,0.0,0.127,12.9,niagara falls,0.55,6,3.95,8.02,0.561,"niagara falls 55%, <long> 12%","niagara falls 40%, <long> 22%",0.5491,0.379,1.182,1.182
r8s_0940_blood_vessel,"Suggest a type of blood vessel. Reply with only the name, nothing else.",0.575,artery -> bench,0.575,artery -> bench,0.5868,artery -> bench,57,84,0.05,0.067,0.06,60,90,14,0.0,0.04,8.5,artery,0.8,5,2.18,2.35,0.823,"artery 68%, capillary 8%","artery 83%, <long> 7%",0.5256,0.204,0.044,0.044
r8_1084_glassware,"Name a type of glassware. Reply with only the name, nothing else.",0.575,highball glass -> real,0.575,highball glass -> real,0.5836,wine glass -> real,54,82,0.1,0.089,0.093,60,90,45,0.0,0.073,10.0,beaker,0.4,11,7.58,17.95,0.287,"wine glass 18%, beaker 18%","beaker 31%, erlenmeyer flask 12%",0.6096,0.416,1.544,1.544
r8s_0304_jazz_musician,"Suggest a type of jazz musician. Reply with only the name, nothing else.",0.575,saxophonist -> bench,0.575,saxophonist -> bench,0.5904,saxophonist -> bench,53,77,0.117,0.144,0.133,60,90,34,0.0,0.12,12.0,saxophonist,0.25,10,7.68,13.79,0.277,"saxophonist 15%, <long> 12%","saxophonist 30%, trumpeter 14%",0.5532,0.526,0.753,0.753
r8_0948_digestive_organ,"Name a digestive organ. Reply with only the name, nothing else.",0.575,stomach -> real,0.575,stomach -> real,0.56,stomach -> real,56,79,0.067,0.122,0.1,60,90,12,0.0,0.1,10.3,stomach,0.6,4,2.89,2.82,0.733,"stomach 75%, small intestine 8%","stomach 60%, <long> 12%",0.5281,0.3,0.151,0.151
r8_0493_habitat,"Name a habitat. Reply with only the name, nothing else.",0.575,<long> -> bench,0.5167,temperate rainforest -> real,0.5219,rainforest -> bench,51,63,0.15,0.3,0.24,60,90,50,0.0,0.2,15.7,desert,0.2,12,10.17,25.13,0.184,"<long> 15%, amazon rainforest 15%","<long> 30%, amazon rainforest 13%",0.5394,0.581,0.157,0.157
r8_1603_archive,"Name an archive. Reply with only the name, nothing else.",0.575,<long> -> bench,0.5556,national archives -> real,0.5577,national archives -> real,51,62,0.15,0.3,0.24,60,90,93,0.007,0.153,19.1,national archives,0.25,10,8.23,68.23,0.133,"national archives 17%, <long> 15%","<long> 30%, internet archive 7%",0.5492,0.574,0.382,0.452
r8_0221_ocean_current,"Name an ocean current. Reply with only the name, nothing else.",0.575,gulf stream -> real,0.575,gulf stream -> real,0.5249,gulf stream -> real,57,73,0.05,0.189,0.133,60,90,24,0.0,0.107,10.8,gulf stream,0.9,3,1.48,3.43,0.762,"gulf stream 75%, <long> 5%","gulf stream 60%, <long> 19%",0.5335,0.349,0.348,0.348
r8_0416_garden_feature,"Name a type of garden feature. Reply with only the name, nothing else.",0.575,raised beds -> real,0.575,raised beds -> real,0.5834,raised beds -> real,52,74,0.133,0.178,0.16,60,90,51,0.0,0.16,14.4,raised beds,0.25,14,11.64,24.35,0.19,"raised beds 25%, <long> 13%","<long> 18%, raised bed 13%",0.5342,0.571,0.435,0.435
r8_0661_flower_petal_count,"Name a flower petal count. Reply with only the name, nothing else.",0.575,rose petal count -> real,0.575,rose petal count -> real,0.6439,rose petal count -> real,30,38,0.5,0.578,0.547,60,90,45,0.0,0.393,26.5,rose petal count,0.2,17,15.16,29.84,0.206,"<long> 50%, rose petal count 18%","<long> 58%, rose 4%",0.5636,0.559,0.548,0.548
r8s_0657_party_supply,"Suggest a type of party supply. Reply with only the name, nothing else.",0.575,napkins -> bench,0.575,napkins -> bench,0.5814,napkins -> bench,47,77,0.217,0.144,0.173,60,90,67,0.0,0.133,13.0,napkins,0.15,18,16.96,35.26,0.25,"<long> 22%, napkins 12%","napkins 27%, <long> 14%",0.5383,0.585,0.266,0.266
r8_1601_holiday_treat,"Name a holiday treat. Reply with only the name, nothing else.",0.575,<long> -> bench,0.5333,candy cane -> bench,0.5684,candy cane -> bench,55,69,0.083,0.233,0.173,60,90,48,0.0,0.14,14.3,candy cane,0.7,5,2.67,18.68,0.331,"candy cane 23%, candy canes 10%","candy cane 30%, <long> 23%",0.544,0.253,0.336,0.336
r8_1607_memorial,"Name a memorial. Reply with only the name, nothing else.",0.575,vietnam veterans memorial -> real,0.575,vietnam veterans memorial -> real,0.6058,vietnam veterans memorial -> real,39,52,0.35,0.422,0.393,60,90,49,0.0,0.207,17.8,vietnam veterans memorial,0.25,11,8.98,25.0,0.264,"<long> 35%, vietnam veterans memorial 25%","<long> 42%, lincoln memorial 10%",0.5456,0.489,0.189,0.189
r8_0901_vodka,"Name a vodka. Reply with only the name, nothing else.",0.575,smirnoff -> real,0.575,smirnoff -> real,0.5716,smirnoff -> real,58,80,0.033,0.111,0.08,60,90,26,0.0,0.047,9.8,grey goose,0.25,10,7.68,8.99,0.341,"grey goose 32%, smirnoff 28%","grey goose 31%, smirnoff 13%",0.543,0.478,0.419,0.419
r8_0257_feeling,"Name a type of feeling. Reply with only the name, nothing else.",0.575,<long> -> bench,0.5611,happiness -> bench,0.5863,happiness -> bench,57,72,0.05,0.2,0.14,60,90,33,0.0,0.12,10.9,anger,0.2,13,11.19,17.3,0.202,"anger 10%, happiness 10%","happiness 22%, <long> 20%",0.544,0.326,0.246,0.246
r8_0230_legend,"Name a legend. Reply with only the name, nothing else.",0.575,<long> -> bench,0.5222,king arthur -> real,0.5465,king arthurs -> bench,39,43,0.35,0.5,0.44,60,90,59,0.013,0.28,21.7,king arthur,0.9,3,1.48,43.75,0.134,"<long> 35%, king arthur 10%","<long> 50%, king arthur 6%",0.539,0.631,0.621,0.409
r8_1082_nonfiction_genre,"Name a nonfiction genre. Reply with only the name, nothing else.",0.575,biography -> bench,0.575,biography -> bench,0.6083,biography -> bench,55,76,0.083,0.156,0.127,60,90,26,0.0,0.12,10.6,biography,0.55,5,3.34,6.38,0.58,"biography 42%, memoirs 12%","biography 57%, <long> 16%",0.5402,0.484,0.689,0.689
r8_0665_biological_process,"Name a type of biological process. Reply with only the name, nothing else.",0.5722,photosynthesis -> real,0.5722,photosynthesis -> real,0.5613,photosynthesis -> real,55,78,0.083,0.133,0.113,60,90,26,0.0,0.093,10.5,photosynthesis,0.75,5,2.45,4.62,0.692,"photosynthesis 70%, <long> 8%","photosynthesis 56%, <long> 13%",0.5579,0.275,0.63,0.63
r8s_0707_cave_formation,"Suggest a type of cave formation. Reply with only the name, nothing else.",0.5722,<long> -> bench,0.5611,stalactite cave -> real,0.548,stalactite cave -> real,56,71,0.067,0.211,0.153,60,90,57,0.0,0.127,13.8,stalactite cave,0.35,13,9.44,25.52,0.268,"stalactite cave 30%, <long> 7%","<long> 21%, stalactite cave 18%",0.5594,0.415,0.599,0.599
r8_1806_pot_or_pan_type,"Name a pot or pan type. Reply with only the name, nothing else.",0.5722,<long> -> bench,0.5694,saucepan -> real,0.5587,saucepan -> real,58,74,0.033,0.178,0.12,60,90,27,0.0,0.1,11.5,cast iron skillet,0.25,9,7.29,10.78,0.227,"saucepan 28%, cast iron pan 15%","cast iron pan 21%, <long> 18%",0.56,0.322,1.074,1.074
r8_0310_drum,"Name a drum. Reply with only the name, nothing else.",0.5722,<long> -> bench,0.5556,snare drum -> real,0.5441,snare drum -> real,40,47,0.333,0.478,0.42,60,90,47,0.0,0.273,21.9,snare drum,0.8,5,2.18,18.32,0.402,"<long> 33%, snare drum 30%","<long> 48%, snare drum 19%",0.568,0.503,0.574,0.574
r8s_0214_nut_butter,"Suggest a type of nut butter. Reply with only the name, nothing else.",0.5722,almond butter -> real,0.5722,almond butter -> real,0.5482,almond butter -> real,57,76,0.05,0.156,0.113,60,90,19,0.0,0.107,11.2,almond butter,0.55,5,3.12,4.07,0.541,"almond butter 57%, peanut butter 28%","almond butter 42%, peanut butter 26%",0.5447,0.113,0.768,0.768
r8s_1024_vaccine,"Suggest a type of vaccine. Reply with only the name, nothing else.",0.5722,mrna vaccine -> bench,0.5722,mrna vaccine -> bench,0.603,mrna vaccine -> bench,49,67,0.183,0.256,0.227,60,90,50,0.0,0.18,17.1,flu vaccine,0.3,10,7.29,24.7,0.241,"<long> 18%, pfizer-biontech covid-19 vaccine 10%","<long> 26%, mrna vaccine 24%",0.5766,0.446,0.793,0.793
r8_0046_bird_of_prey,"Name a bird of prey. Reply with only the name, nothing else.",0.5722,hawk -> real,0.5722,hawk -> real,0.5774,hawk -> real,56,84,0.067,0.067,0.067,60,90,18,0.0,0.053,7.4,hawk,0.3,8,5.79,7.0,0.264,"hawk 33%, falcon 28%","falcon 21%, golden eagle 20%",0.5521,0.278,0.542,0.542
r8_0057_movie_genre,"Name a movie genre. Reply with only the name, nothing else.",0.5722,action -> bench,0.5722,action -> bench,0.5804,action -> bench,57,83,0.05,0.078,0.067,60,90,27,0.0,0.047,7.5,horror,0.35,9,7.16,8.43,0.293,"horror 25%, comedy 25%","comedy 29%, action 28%",0.5607,0.211,0.703,0.703
r8_0691_boy_band,"Name a boy band. Reply with only the name, nothing else.",0.5722,backstreet boys -> real,0.5722,backstreet boys -> real,0.5681,nsync -> bench,54,75,0.1,0.167,0.14,60,90,21,0.0,0.1,11.4,backstreet boys,0.45,7,4.64,4.17,0.636,"backstreet boys 63%, <long> 10%","backstreet boys 49%, <long> 17%",0.5325,0.395,0.279,0.279
r8s_1191_bulb_vegetable,"Suggest a type of bulb vegetable. Reply with only the name, nothing else.",0.5722,<long> -> bench,0.525,garlic bulb -> real,0.5469,garlic bulb -> real,32,35,0.467,0.611,0.553,60,90,51,0.0,0.453,27.7,potato,0.1,17,16.25,45.1,0.06,"<long> 47%, garlic bulb 5%","<long> 61%, onion 2%",0.5572,0.584,0.5,0.5
r8s_1060_mental_state,"Suggest a type of mental state. Reply with only the name, nothing else.",0.5722,anxiety -> real,0.5722,anxiety -> real,0.5871,anxiety -> real,50,76,0.167,0.156,0.16,60,90,58,0.0,0.12,12.5,anxiety,0.15,16,14.38,33.17,0.135,"anxiety 20%, <long> 17%","<long> 16%, relaxed 10%",0.5481,0.468,0.58,0.631
r8s_0366_fjord,"Suggest a type of fjord. Reply with only the name, nothing else.",0.5722,sognefjord -> bench,0.5722,sognefjord -> bench,0.5562,sognefjord -> bench,48,83,0.2,0.078,0.127,60,90,61,0.0,0.1,12.1,sognefjord,0.25,16,13.37,19.92,0.405,"sognefjord 27%, <long> 20%","sognefjord 41%, <long> 8%",0.533,0.518,0.164,0.164
r8s_0159_melon,"Suggest a type of melon. Reply with only the name, nothing else.",0.5722,<long> -> bench,0.55,honeydew melon -> real,0.519,honeydew melon -> real,60,77,0.0,0.144,0.087,60,90,26,0.0,0.073,11.1,honeydew melon,0.55,7,4.34,7.78,0.445,"honeydew melon 47%, cantaloupe 13%","honeydew melon 37%, cantaloupe 14%",0.5624,0.269,1.194,1.194
r8s_0299_historical_event,"Suggest a type of historical event. Reply with only the name, nothing else.",0.5722,<long> -> real,0.5472,american revolution -> bench,0.5213,french revolution -> real,42,76,0.3,0.156,0.213,60,90,37,0.0,0.127,13.6,american revolution adventure,0.25,13,10.86,9.02,0.475,"american revolution 32%, <long> 30%","american revolution 41%, american revolution adventure 16%",0.5423,0.138,0.279,0.279
r8_1040_opera,"Name an opera. Reply with only the name, nothing else.",0.5722,carmen -> real,0.5722,carmen -> real,0.5721,carmen -> real,54,76,0.1,0.156,0.133,60,90,33,0.0,0.12,11.6,carmen,0.5,9,5.51,10.55,0.323,"carmen 37%, bohème 17%","bohème 22%, carmen 22%",0.5454,0.398,0.358,0.358
r8_1849_paint_medium,"Name a paint medium. Reply with only the name, nothing else.",0.5722,<long> -> bench,0.5444,acrylic paint medium -> real,0.55,acrylic paint medium -> real,52,65,0.133,0.278,0.22,60,90,51,0.0,0.2,16.3,oil medium,0.1,15,14.14,31.74,0.128,"<long> 13%, acrylic paint medium 10%","<long> 28%, oil 12%",0.5731,0.342,0.676,0.676
r8s_0710_animal_feather_type,"Suggest an animal feather type. Reply with only the name, nothing else.",0.5722,ostrich feather -> real,0.5722,ostrich feather -> real,0.5894,ostrich feather -> real,47,59,0.217,0.344,0.293,60,90,75,0.0,0.26,18.5,peacock feather,0.1,17,16.25,48.88,0.142,"<long> 22%, ostrich feather 17%","<long> 34%, down feather 14%",0.58,0.732,1.077,1.077
r8_0092_cactus,"Name a type of cactus. Reply with only the name, nothing else.",0.5722,<long> -> bench,0.55,saguaro cactus -> real,0.5357,saguaro -> bench,56,70,0.067,0.211,0.153,60,90,37,0.007,0.12,13.8,saguaro cactus,0.5,9,5.51,12.33,0.286,"saguaro cactus 30%, prickly pear cactus 23%","<long> 21%, saguaro cactus 20%",0.5525,0.366,1.083,1.083
r8s_1197_silk_item,"Suggest a type of silk item. Reply with only the name, nothing else.",0.5722,silk scarf -> real,0.5722,silk scarf -> real,0.5296,silk scarf -> real,58,78,0.033,0.133,0.093,60,90,13,0.0,0.053,8.8,silk scarf,0.85,4,1.8,1.77,0.897,"silk scarf 90%, <long> 3%","silk scarf 76%, <long> 13%",0.5204,0.091,0.072,0.072
r8_1186_basilisk,"Name a basilisk. Reply with only the name, nothing else.",0.5722,<long> -> bench,0.5222,basilisk -> real,0.5154,basilisk -> real,44,53,0.267,0.411,0.353,60,90,83,0.0,0.24,18.3,atherios,0.05,20,20.0,61.4,0.165,"<long> 27%, basilisk 13%","<long> 41%, basilisk 9%",0.5301,0.768,0.242,0.242
r8s_0362_mineral,"Suggest a type of mineral. Reply with only the name, nothing else.",0.5722,quartzite -> real,0.5722,quartzite -> real,0.574,quartzite -> real,55,77,0.083,0.144,0.12,60,90,44,0.0,0.107,10.9,quartz,0.25,12,9.46,20.44,0.205,"quartzite 27%, quartz 12%","quartz 18%, <long> 14%",0.5386,0.625,0.278,0.278
r8_1183_diet,"Name a diet. Reply with only the name, nothing else.",0.5722,<long> -> bench,0.5389,mediterranean diet -> real,0.5296,dash diet -> real,58,74,0.033,0.178,0.12,60,90,18,0.0,0.087,11.0,mediterranean diet,0.7,6,2.94,3.65,0.705,"mediterranean diet 67%, ketogenic diet 10%","mediterranean diet 59%, <long> 18%",0.5319,0.277,0.322,0.322
r8_1508_shrimp,"Name a shrimp. Reply with only the name, nothing else.",0.5722,<long> -> real,0.55,tiger shrimp -> bench,0.5731,shrimpy -> real,44,79,0.267,0.122,0.18,60,90,66,0.0,0.147,12.8,tiger shrimp,0.6,9,4.5,33.45,0.179,"<long> 27%, shrimpy 20%","tiger shrimp 17%, <long> 12%",0.5813,0.531,0.801,0.801
r8s_0499_architect,"Suggest a type of architect. Reply with only the name, nothing else.",0.5722,residential architect -> bench,0.5722,residential architect -> bench,0.6178,residential architect -> bench,48,61,0.2,0.322,0.273,60,90,56,0.0,0.22,17.0,residential architect,0.3,12,8.85,27.99,0.257,"<long> 20%, residential architect 10%","<long> 32%, residential architect 24%",0.5463,0.558,0.294,0.312
r8_0441_search_engine,"Name a search engine. Reply with only the name, nothing else.",0.5722,google -> bench,0.5722,google -> bench,0.5648,google -> bench,53,83,0.117,0.078,0.093,60,90,20,0.0,0.087,8.3,google,0.4,9,6.43,3.55,0.721,"google 57%, google.com 12%","google 71%, <long> 8%",0.5131,0.045,0.045,0.045
r8_1026_grocery_store_aisle,"Name a grocery store aisle. Reply with only the name, nothing else.",0.5722,produce aisle -> bench,0.5722,produce aisle -> bench,0.5823,produce aisle -> bench,55,81,0.083,0.1,0.093,60,90,37,0.0,0.067,10.7,dairy aisle,0.35,11,8.01,12.77,0.316,"produce aisle 20%, dairy aisle 17%","produce aisle 34%, dairy aisle 16%",0.5479,0.372,1.224,1.224
r8_0483_art_style,"Name an art style. Reply with only the name, nothing else.",0.5722,pop art -> real,0.5722,pop art -> real,0.5654,pop art -> real,55,73,0.083,0.189,0.147,60,90,45,0.0,0.067,10.8,cubism,0.35,9,6.79,16.68,0.289,"pop art 33%, art deco 18%","<long> 19%, pop art 19%",0.5592,0.55,0.486,0.486
r8s_1893_household_electronic,"Suggest a type of household electronic. Reply with only the name, nothing else.",0.5722,smart tv -> real,0.5722,smart tv -> real,0.5802,smart tv -> real,54,81,0.1,0.1,0.1,60,90,38,0.0,0.093,10.6,microwave oven,0.25,12,9.87,18.46,0.193,"smart tv 17%, television 13%","refrigerator 22%, microwave oven 12%",0.5617,0.338,0.843,0.843
r8_0372_dried_fruit,"Name a dried fruit. Reply with only the name, nothing else.",0.5722,<long> -> bench,0.5667,raisins -> real,0.5322,raisins -> real,56,71,0.067,0.211,0.153,60,90,24,0.0,0.147,12.4,raisins,0.55,10,5.35,5.96,0.535,"raisins 53%, apricots 18%","raisins 40%, <long> 21%",0.548,0.306,0.736,0.736
r8_1968_manuscript,"Name a manuscript. Reply with only the name, nothing else.",0.5722,<long> -> bench,0.5083,adventures of sherlock holmes -> real,0.5357,arxiv:neutral:work-grammar</u -> bench,18,14,0.7,0.844,0.787,60,90,33,0.0,0.433,30.9,odyssey,0.2,17,15.16,32.0,0.031,"<long> 70%, elements of style 2%","<long> 84%, arxiv:neutral:work-grammar</u 1%",0.5546,0.424,0.585,0.585
r8_1729_method_of_cooking,"Name a type of method of cooking. Reply with only the name, nothing else.",0.5722,<long> -> bench,0.5417,roasting -> bench,0.5613,roasting -> bench,58,74,0.033,0.178,0.12,60,90,31,0.0,0.1,10.3,braising,0.15,15,13.78,12.44,0.311,"grilling 32%, roasting 12%","grilling 24%, roasting 20%",0.5391,0.623,0.327,0.327
r8s_0059_rock_type,"Suggest a rock type. Reply with only the name, nothing else.",0.5722,granite -> real,0.5722,granite -> real,0.5764,granite -> real,51,71,0.15,0.211,0.187,60,90,33,0.0,0.1,12.1,granite,0.25,9,7.48,13.45,0.303,"granite 33%, <long> 15%","<long> 21%, granite 19%",0.5823,0.424,0.445,0.445
r8_1071_occupation_in_food_ser,"Name an occupation in food service. Reply with only the name, nothing else.",0.5722,server -> bench,0.5722,server -> bench,0.5752,server -> bench,53,82,0.117,0.089,0.1,60,90,45,0.0,0.093,9.8,server,0.4,8,5.74,16.27,0.356,"server 23%, bartender 13%","server 38%, <long> 9%",0.539,0.613,0.582,0.582
r8_0724_ham,"Name a ham. Reply with only the name, nothing else.",0.5722,ham -> real,0.5722,ham -> real,0.6022,ham -> real,41,60,0.317,0.333,0.327,60,90,62,0.0,0.287,20.7,oscar mayer,0.05,20,20.0,25.47,0.366,"ham 33%, <long> 32%","<long> 33%, ham 19%",0.5474,0.462,0.663,0.663
r8s_1549_spirit,"Suggest a type of spirit. Reply with only the name, nothing else.",0.5722,gin -> bench,0.5722,gin -> bench,0.5772,gin -> bench,50,78,0.167,0.133,0.147,60,90,35,0.0,0.107,11.0,gin,0.35,13,9.44,11.44,0.414,"gin 27%, <long> 17%","gin 41%, <long> 13%",0.5491,0.563,0.482,0.511
r8_0229_dumpling,"Name a type of dumpling. Reply with only the name, nothing else.",0.5722,<long> -> bench,0.5167,boiled dumpling -> real,0.5534,gyoza -> bench,54,68,0.1,0.244,0.187,60,90,41,0.0,0.153,14.3,gyoza,0.55,10,5.35,9.94,0.541,"gyoza 43%, <long> 10%","gyoza 44%, <long> 24%",0.5419,0.406,0.105,0.105
r8_0981_lava,"Name a lava. Reply with only the name, nothing else.",0.5722,kilauea -> real,0.5722,kilauea -> real,0.5925,kilauea -> real,44,57,0.25,0.367,0.32,60,90,75,0.007,0.247,19.9,kilauea,0.2,15,12.85,48.97,0.168,"<long> 25%, kilauea 20%","<long> 37%, lava 6%",0.5613,0.571,0.416,0.4
r8_0078_canyon,"Name a canyon. Reply with only the name, nothing else.",0.5722,grand canyon -> bench,0.5722,grand canyon -> bench,0.5724,grand canyon -> bench,48,76,0.2,0.156,0.173,60,90,30,0.0,0.067,9.4,grand canyon,0.75,6,2.62,6.21,0.589,"grand canyon 40%, <long> 20%","grand canyon 54%, <long> 16%",0.5441,0.418,0.333,0.333
r8_0450_pillow,"Name a pillow. Reply with only the name, nothing else.",0.5722,<long> -> bench,0.525,mypillow -> real,0.5357,mypillow -> real,42,50,0.3,0.444,0.387,60,90,83,0.0,0.28,21.1,mypillow,0.15,18,16.96,77.51,0.043,"<long> 30%, mypillow 5%","<long> 44%, memory foam pillow 3%",0.5362,0.705,0.734,0.734
r8_1624_pizza,"Name a pizza. Reply with only the name, nothing else.",0.5722,<long> -> bench,0.5556,margherita pizza -> real,0.548,margherita pizza -> real,48,59,0.2,0.344,0.287,60,90,38,0.0,0.2,17.6,margherita pizza,0.3,10,7.29,15.12,0.28,"margherita pizza 27%, <long> 20%","<long> 34%, margherita pizza 16%",0.5437,0.463,0.511,0.511
r8_1353_method_of_research,"Name a method of research. Reply with only the name, nothing else.",0.5722,<long> -> bench,0.55,survey research -> real,0.5625,survey research -> real,48,59,0.2,0.344,0.287,60,90,67,0.0,0.16,14.9,case study,0.15,13,11.68,48.93,0.093,"<long> 20%, survey research 10%","<long> 34%, literature review 6%",0.5515,0.536,0.638,0.638
r8_1138_chain,"Name a chain. Reply with only the name, nothing else.",0.5722,<long> -> bench,0.5333,walmart -> real,0.545,walmart -> real,39,47,0.333,0.478,0.42,60,90,74,0.007,0.307,22.2,subway,0.3,13,10.17,62.03,0.105,"<long> 33%, walmart 10%","<long> 48%, walmart 3%",0.5538,0.745,0.576,0.794
r8_1703_university,"Name an university. Reply with only the name, nothing else.",0.5722,"university of california, berkeley -> bench",0.5722,"university of california, berkeley -> bench",0.5948,"university of california, berkeley -> bench",54,74,0.1,0.178,0.147,60,90,35,0.0,0.06,10.1,harvard university,0.55,8,4.66,16.39,0.258,"stanford university 17%, university of california, berkeley 13%","university of california, berkeley 28%, <long> 18%",0.5548,0.362,0.805,0.805
r8_0668_remedy_type,"Name a remedy type. Reply with only the name, nothing else.",0.5722,<long> -> bench,0.5139,acupuncture -> real,0.52,hydroxychloroquine -> bench,42,50,0.3,0.444,0.387,60,90,74,0.0,0.3,20.7,homeopathy,0.45,11,6.94,57.14,0.109,"<long> 30%, acupuncture 8%","<long> 44%, acupuncture 6%",0.5329,0.702,0.321,0.338
r8s_1446_garden_item,"Suggest a type of garden item. Reply with only the name, nothing else.",0.5722,<long> -> bench,0.5722,bird feeder -> real,0.5719,bird feeder -> real,56,71,0.067,0.211,0.153,60,90,71,0.0,0.133,12.1,garden hose,0.15,15,13.42,41.91,0.134,"bird feeder 20%, garden gnome 8%","<long> 21%, rose bushes 8%",0.5452,0.468,0.262,0.262
r8_0150_coat,"Name a coat. Reply with only the name, nothing else.",0.5722,<long> -> bench,0.5306,wool coat -> real,0.5331,wool coat -> real,45,56,0.233,0.378,0.32,60,90,67,0.007,0.247,19.6,trench coat,0.25,14,11.34,41.99,0.149,"<long> 23%, trench coat 12%","<long> 38%, trench coat 9%",0.5403,0.566,0.45,0.45
r8_1783_bank_account,"Name a bank account. Reply with only the name, nothing else.",0.5722,checking account -> bench,0.5722,checking account -> bench,0.6249,chase bank account -> real,35,62,0.417,0.311,0.353,60,90,39,0.0,0.173,16.3,checking account,0.7,7,3.15,15.74,0.247,"<long> 42%, chase bank account 18%","<long> 31%, checking account 18%",0.5655,0.438,0.18,0.18
r8s_0139_insect,"Suggest a type of insect. Reply with only the name, nothing else.",0.5722,ant -> bench,0.5722,ant -> bench,0.5741,ant -> bench,55,86,0.083,0.044,0.06,60,90,38,0.0,0.04,7.9,ants,0.2,14,11.99,16.29,0.206,"ants 25%, cockroach 10%","ant 21%, ants 16%",0.5343,0.57,0.415,0.135
r8s_1512_spice_seed,"Suggest a type of spice seed. Reply with only the name, nothing else.",0.5722,<long> -> bench,0.5194,cumin seed -> real,0.5359,anise seed -> bench,54,68,0.1,0.244,0.187,60,90,63,0.0,0.127,13.9,anise seed,0.2,16,14.14,31.35,0.262,"anise seed 20%, <long> 10%","<long> 24%, anise seed 22%",0.5413,0.537,0.635,0.635
r8_1217_card_game,"Name a card game. Reply with only the name, nothing else.",0.5722,uno -> real,0.5722,uno -> real,0.5775,uno -> real,52,66,0.133,0.267,0.213,60,90,48,0.0,0.167,14.5,poker,0.3,9,7.01,21.79,0.178,"uno 20%, <long> 13%","<long> 27%, hearts 16%",0.5555,0.46,0.51,0.51
r8s_0507_precious_stone,"Suggest a type of precious stone. Reply with only the name, nothing else.",0.5722,diamond -> bench,0.5722,diamond -> bench,0.5916,diamond -> bench,58,83,0.033,0.078,0.06,60,90,17,0.0,0.047,7.5,diamond,0.6,3,2.28,3.69,0.66,"diamond 53%, emerald 18%","diamond 68%, emerald 13%",0.5907,0.184,1.494,1.494
r8_1602_puzzle_type,"Name a puzzle type. Reply with only the name, nothing else.",0.5722,sudoku -> bench,0.5722,sudoku -> bench,0.6001,sudoku -> bench,54,76,0.1,0.156,0.133,60,90,26,0.0,0.1,11.5,sudoku,0.75,5,2.45,6.35,0.562,"sudoku 40%, jigsaw puzzle 13%","sudoku 54%, <long> 16%",0.5359,0.358,0.026,0.026
r8s_1043_historical_building,"Suggest a type of historical building. Reply with only the name, nothing else.",0.5722,castle -> real,0.5722,castle -> real,0.5901,castle -> real,46,62,0.217,0.311,0.273,60,90,82,0.007,0.2,17.5,castle,0.3,14,10.9,56.66,0.157,"<long> 22%, castle 20%","<long> 31%, castle 6%",0.5312,0.746,0.178,0.178
r8_0777_magnifying_glass,"Name a type of magnifying glass. Reply with only the name, nothing else.",0.5722,<long> -> bench,0.5167,loupe -> real,0.5179,convex lens magnifying glass -> bench,46,56,0.233,0.378,0.32,60,90,70,0.0,0.24,19.5,handheld magnifying glass,0.25,16,13.37,49.88,0.118,"<long> 23%, loupe 10%","<long> 38%, loupe 7%",0.535,0.718,0.566,0.61
r8_1845_boardwalk_game,"Name a boardwalk game. Reply with only the name, nothing else.",0.5722,<long> -> bench,0.5194,jenga -> bench,0.5388,jenga -> bench,46,56,0.233,0.378,0.32,60,90,54,0.0,0.247,18.9,skee-ball,0.45,8,4.98,24.42,0.294,"<long> 23%, skee-ball 22%","<long> 38%, skee-ball 19%",0.5408,0.514,0.256,0.256
r8_0338_ritual,"Name a ritual. Reply with only the name, nothing else.",0.5722,<long> -> bench,0.5167,meditation -> real,0.5238,meditation -> real,42,50,0.3,0.444,0.387,60,90,85,0.0,0.24,19.3,ash wednesday ritual,0.05,20,20.0,81.09,0.033,"<long> 30%, meditation 3%","<long> 44%, rite of passage 2%",0.5358,0.659,0.66,0.393
r8_1461_chip_flavor,"Name a chip flavor. Reply with only the name, nothing else.",0.5722,<long> -> bench,0.5472,sour cream and onion -> real,0.5506,sour cream and onion -> real,48,58,0.2,0.344,0.287,60,90,70,0.007,0.193,16.8,sour cream and onion,0.15,15,13.78,46.35,0.132,"<long> 20%, sour cream and onion 15%","<long> 34%, sour cream and onion 6%",0.5628,0.483,0.582,0.615
r8_0233_toothpaste,"Name a toothpaste. Reply with only the name, nothing else.",0.5722,<long> -> bench,0.5528,sensodyne -> real,0.5711,crest -> bench,54,68,0.1,0.244,0.187,60,90,33,0.0,0.127,12.7,colgate,0.5,7,4.67,9.25,0.369,"colgate 33%, crest 15%","colgate 28%, <long> 24%",0.533,0.491,0.056,0.056
r8_0576_aquarium_fish,"Name an aquarium fish. Reply with only the name, nothing else.",0.5722,clownfish -> real,0.5722,clownfish -> real,0.5728,clownfish -> real,51,70,0.15,0.222,0.193,60,90,35,0.0,0.127,12.6,clownfish,0.25,14,11.34,12.83,0.347,"clownfish 37%, <long> 15%","<long> 22%, clownfish 22%",0.5563,0.45,0.696,0.696
r8_0238_venomous_animal,"Name a venomous animal. Reply with only the name, nothing else.",0.5722,<long> -> bench,0.5444,cobra -> real,0.534,black mamba -> real,58,74,0.033,0.178,0.12,60,90,33,0.0,0.1,10.6,cobra,0.55,7,4.23,9.36,0.432,"cobra 43%, black mamba 18%","cobra 34%, <long> 18%",0.5418,0.323,0.236,0.236
r8_1731_costume,"Name a costume. Reply with only the name, nothing else.",0.5722,<long> -> bench,0.5361,witch costume -> bench,0.5587,witch costume -> bench,50,62,0.167,0.311,0.253,60,90,84,0.0,0.167,15.7,pirate,0.2,15,13.2,63.21,0.125,"<long> 17%, witch costume 5%","<long> 31%, witch costume 12%",0.5367,0.603,0.203,0.203
r8s_0320_classroom_item,"Suggest a type of classroom item. Reply with only the name, nothing else.",0.5694,protractor -> bench,0.5694,protractor -> bench,0.5896,protractor -> bench,48,70,0.2,0.222,0.213,60,90,69,0.0,0.14,13.4,whiteboard,0.1,19,18.66,44.2,0.127,"<long> 20%, whiteboard 8%","<long> 22%, protractor 16%",0.5382,0.663,0.829,0.829
r8_1946_hive_product,"Name a hive product. Reply with only the name, nothing else.",0.5694,honey -> bench,0.5694,honey -> bench,0.5799,honey -> bench,47,76,0.217,0.156,0.18,60,90,84,0.0,0.113,12.7,honey,0.1,18,17.41,52.53,0.163,"<long> 22%, hive mind 5%","honey 19%, <long> 16%",0.5936,0.219,0.517,0.517
r8s_0217_headwear,"Suggest a type of headwear. Reply with only the name, nothing else.",0.5694,<long> -> bench,0.5667,beanie -> real,0.557,baseball cap -> bench,59,76,0.017,0.156,0.1,60,90,15,0.0,0.087,10.1,beanie,0.5,6,3.69,3.25,0.467,"beanie 50%, baseball cap 37%","baseball cap 41%, beanie 37%",0.5479,0.123,0.52,0.52
r8_0853_beverage_hot,"Name a beverage hot. Reply with only the name, nothing else.",0.5694,hot chocolate -> real,0.5694,hot chocolate -> real,0.5563,hot chocolate -> real,48,60,0.2,0.333,0.28,60,90,40,0.0,0.16,15.6,hot chocolate,0.4,12,8.12,13.59,0.417,"hot chocolate 38%, <long> 20%","<long> 33%, hot chocolate 24%",0.5506,0.453,0.688,0.688
r8_1943_salamandra,"Name a salamandra. Reply with only the name, nothing else.",0.5694,<long> -> bench,0.5306,salamandra salamandra -> bench,0.5428,salamandra salamandra -> bench,53,67,0.117,0.256,0.2,60,90,77,0.0,0.14,13.9,axolotl,0.3,13,9.91,42.38,0.158,"axolotl 15%, salamandra 13%","<long> 26%, axolotl 11%",0.5347,0.58,0.449,0.449
r8_1814_airplane,"Name an airplane. Reply with only the name, nothing else.",0.5694,boeing 747 -> bench,0.5694,boeing 747 -> bench,0.5853,boeing 747 -> bench,52,75,0.133,0.167,0.153,60,90,60,0.0,0.14,16.0,airbus a380,0.25,10,7.59,30.15,0.197,"airbus a380 15%, <long> 13%","boeing 747 22%, <long> 17%",0.5552,0.284,0.761,0.761
r8s_0301_butter,"Suggest a type of butter. Reply with only the name, nothing else.",0.5694,<long> -> bench,0.5167,all-natural butter -> bench,0.5234,all-natural butter -> bench,51,64,0.15,0.289,0.233,60,90,59,0.0,0.167,15.0,salted butter,0.2,16,14.14,29.62,0.27,"salted butter 22%, <long> 15%","<long> 29%, salted butter 20%",0.5356,0.654,0.57,0.57
r8s_0204_map,"Suggest a type of map. Reply with only the name, nothing else.",0.5694,topographic map -> real,0.5694,topographic map -> real,0.5779,topographic map -> real,53,79,0.117,0.122,0.12,60,90,52,0.0,0.073,10.3,topographic map,0.9,3,1.48,22.22,0.303,"topographic map 35%, <long> 12%","topographic map 21%, <long> 12%",0.546,0.446,0.366,0.388
r8_0902_carving,"Name a type of carving. Reply with only the name, nothing else.",0.5694,<long> -> bench,0.5361,rose carving -> real,0.537,rose carving -> real,57,73,0.05,0.189,0.133,60,90,47,0.0,0.127,12.6,relief carving,0.25,14,11.34,16.06,0.262,"relief carving 25%, wood carving 23%","wood carving 22%, relief carving 21%",0.5447,0.501,0.618,0.618
r8_0352_country,"Name a country. Reply with only the name, nothing else.",0.5694,france -> real,0.5694,france -> real,0.5684,france -> real,57,82,0.05,0.089,0.073,60,90,29,0.0,0.047,7.3,france,0.2,13,11.19,11.65,0.288,"france 35%, united states 17%","france 21%, united states 13%",0.5428,0.453,0.123,0.123
r8_1897_human_sense,"Name a human sense. Reply with only the name, nothing else.",0.5694,smell -> real,0.5694,smell -> real,0.5516,smell -> real,59,79,0.017,0.122,0.08,60,90,9,0.0,0.06,7.6,smell,0.35,9,6.79,4.98,0.399,"smell 45%, touch 18%","smell 31%, taste 18%",0.5367,0.659,1.005,1.005
r8_1696_medieval_town_feature,"Name a type of medieval town feature. Reply with only the name, nothing else.",0.5694,moat -> real,0.5694,moat -> real,0.5797,moat -> real,50,66,0.167,0.267,0.227,60,90,54,0.0,0.2,16.4,market square,0.1,18,17.41,30.2,0.138,"moat 18%, <long> 17%","<long> 27%, castle 10%",0.5403,0.59,0.682,0.682
r8s_0146_author,"Suggest a type of author. Reply with only the name, nothing else.",0.5694,<long> -> bench,0.5389,stephen king -> real,0.5466,stephen king -> real,47,58,0.217,0.356,0.3,60,90,86,0.0,0.213,17.7,stephen king,0.1,18,17.41,73.99,0.076,"<long> 22%, stephen king 10%","<long> 36%, software engineer 3%",0.5383,0.776,0.515,0.385
r8_0317_fabric,"Name a fabric. Reply with only the name, nothing else.",0.5694,<long> -> bench,0.5444,cotton -> real,0.5351,cotton -> real,53,67,0.117,0.256,0.2,60,90,57,0.0,0.147,14.2,silk,0.4,7,4.94,25.58,0.225,"cotton 23%, silk 13%","<long> 26%, cotton 14%",0.5473,0.51,0.434,0.434
r8_0323_lamp,"Name a lamp. Reply with only the name, nothing else.",0.5694,<long> -> bench,0.5278,lamp -> real,0.5343,lamp 1 -> bench,45,55,0.25,0.389,0.333,60,90,72,0.0,0.247,19.8,tiffany lamp,0.25,13,10.14,48.59,0.15,"<long> 25%, lamp 13%","<long> 39%, lamp 8%",0.5455,0.558,0.577,0.577
r8_0197_vegetable,"Name a vegetable. Reply with only the name, nothing else.",0.5694,broccoli -> real,0.5694,broccoli -> real,0.5624,broccoli -> real,57,78,0.05,0.133,0.1,60,90,27,0.0,0.073,9.1,broccoli,0.45,8,5.49,8.63,0.296,"broccoli 35%, spinach 28%","spinach 26%, broccoli 21%",0.5537,0.421,0.957,0.957
r8_0190_wood,"Name a wood. Reply with only the name, nothing else.",0.5694,oak -> real,0.5694,oak -> real,0.5936,oak -> real,52,82,0.133,0.089,0.107,60,90,24,0.0,0.1,9.8,oak,0.7,5,2.67,5.5,0.597,"oak 62%, <long> 13%","oak 48%, pine 16%",0.5361,0.396,0.591,0.591
r8_1581_period_of_the_day,"Name a period of the day. Reply with only the name, nothing else.",0.5694,afternoon -> real,0.5694,afternoon -> real,0.5767,afternoon -> real,55,83,0.083,0.078,0.08,60,90,25,0.0,0.067,8.0,morning,0.25,11,8.98,6.82,0.362,"afternoon 42%, morning 27%","afternoon 28%, morning 28%",0.5572,0.22,0.61,0.61
r8s_1297_color_hue,"Suggest a type of color hue. Reply with only the name, nothing else.",0.5694,blue -> bench,0.5694,blue -> bench,0.5813,blue -> bench,57,79,0.05,0.122,0.093,60,90,51,0.0,0.067,9.1,orange,0.45,12,7.44,25.44,0.184,"orange 18%, teal 15%","blue 19%, orange 16%",0.5664,0.433,1.224,1.224
r8_1210_pet_category,"Name a pet category. Reply with only the name, nothing else.",0.5694,<long> -> bench,0.5472,birds -> real,0.5434,cats -> real,51,64,0.15,0.289,0.233,60,90,31,0.0,0.187,15.2,birds,0.4,8,5.43,13.07,0.296,"birds 28%, cats 17%","<long> 29%, birds 19%",0.5516,0.512,0.532,0.532
r8_1216_philosophical_school,"Name a philosophical school. Reply with only the name, nothing else.",0.5694,<long> -> bench,0.5639,stoicism -> real,0.5343,stoicism -> real,51,64,0.15,0.289,0.233,60,90,27,0.0,0.193,15.7,stoicism,0.3,13,9.91,6.99,0.53,"stoicism 48%, <long> 15%","stoicism 36%, <long> 29%",0.5531,0.543,0.995,0.995
r8s_0097_string_instrument,"Suggest a type of string instrument. Reply with only the name, nothing else.",0.5694,violin -> real,0.5694,violin -> real,0.5614,guitar -> bench,57,78,0.05,0.133,0.1,60,90,27,0.0,0.067,8.2,violin,0.35,12,8.81,7.59,0.37,"violin 42%, guitar 20%","guitar 29%, violin 28%",0.5599,0.325,0.896,0.896
r8_1206_dance_step,"Name a dance step. Reply with only the name, nothing else.",0.5694,<long> -> bench,0.5472,waltz -> real,0.5409,waltz -> real,57,72,0.05,0.189,0.133,60,90,71,0.007,0.107,11.4,waltz,0.25,16,13.37,41.6,0.147,"waltz 18%, tango 10%","<long> 19%, waltz 9%",0.5302,0.763,0.332,0.332
r8_0208_game,"Name a game. Reply with only the name, nothing else.",0.5694,<long> -> bench,0.5417,chess -> bench,0.5552,chess -> bench,55,70,0.083,0.222,0.167,60,90,63,0.0,0.14,12.7,tetris,0.2,13,10.72,40.07,0.104,"minecraft 12%, <long> 8%","<long> 22%, chess 10%",0.536,0.52,0.244,0.244
r8_0211_writing_surface,"Name a writing surface. Reply with only the name, nothing else.",0.5694,<long> -> bench,0.5694,paper -> bench,0.6043,paper -> bench,53,66,0.117,0.256,0.2,60,90,44,0.007,0.133,12.8,paper,0.65,8,3.78,18.36,0.21,"desk 17%, whiteboard 13%","<long> 26%, paper 22%",0.551,0.402,0.454,0.454
r8_1153_flashlight,"Name a flashlight. Reply with only the name, nothing else.",0.5694,fire -> bench,0.5694,fire -> bench,0.5914,fire -> bench,48,70,0.2,0.222,0.213,60,90,35,0.0,0.16,14.3,maglite,0.4,6,4.31,9.23,0.398,"maglite 38%, <long> 20%","maglite 27%, fire 26%",0.5531,0.349,1.08,1.08
r8_0105_fungus,"Name a type of fungus. Reply with only the name, nothing else.",0.5694,<long> -> bench,0.5333,yeast -> real,0.5382,candida -> bench,59,75,0.017,0.156,0.1,60,90,62,0.007,0.087,11.5,penicillium,0.2,13,10.72,32.24,0.142,"aspergillus 15%, mushroom 10%","<long> 16%, penicillium 12%",0.5402,0.508,0.345,0.345
r8s_1555_troll,"Suggest a type of troll. Reply with only the name, nothing else.",0.5694,bridge troll -> bench,0.5694,bridge troll -> bench,0.5835,bridge troll -> bench,48,73,0.2,0.189,0.193,60,90,55,0.0,0.153,13.6,bridge troll,0.25,13,10.14,17.18,0.413,"bridge troll 25%, <long> 20%","bridge troll 39%, <long> 19%",0.5698,0.523,0.723,0.723
r8s_1704_crayon_color,"Suggest a type of crayon color. Reply with only the name, nothing else.",0.5694,orange -> real,0.5694,orange -> real,0.5801,orange -> real,52,78,0.133,0.133,0.133,60,90,42,0.0,0.107,10.4,purple,0.15,14,12.52,17.83,0.169,"purple 20%, orange 18%","blue 19%, red 14%",0.5476,0.53,1.212,1.212
r8_0068_rodent,"Name a rodent. Reply with only the name, nothing else.",0.5694,rat -> bench,0.5694,rat -> bench,0.5592,rat -> bench,54,85,0.1,0.056,0.073,60,90,28,0.0,0.06,8.1,rat,0.65,7,3.52,4.6,0.683,"rat 55%, ratatouille 12%","rat 69%, <long> 6%",0.5303,0.284,0.255,0.255
r8_1447_family_relationship,"Name a family relationship. Reply with only the name, nothing else.",0.5694,aunt -> real,0.5694,aunt -> real,0.5837,aunt -> real,49,73,0.183,0.189,0.187,60,90,42,0.0,0.147,13.6,aunt,0.75,6,2.62,12.93,0.451,"aunt 45%, <long> 18%","aunt 31%, <long> 19%",0.605,0.466,1.227,1.227
r8_1269_board_game_brand,"Name a board game brand. Reply with only the name, nothing else.",0.5694,<long> -> bench,0.525,catan -> bench,0.5371,catan -> bench,51,64,0.15,0.289,0.233,60,90,48,0.0,0.187,15.6,hasbro,0.45,12,7.44,19.93,0.304,"monopoly 25%, <long> 15%","<long> 29%, monopoly 22%",0.538,0.583,0.554,0.554
r8_1367_fantasy_novel,"Name a fantasy novel. Reply with only the name, nothing else.",0.5694,lord of the rings -> bench,0.5694,lord of the rings -> bench,0.5762,lord of the rings -> bench,42,70,0.3,0.222,0.253,60,90,27,0.0,0.153,16.1,lord of the rings,0.4,6,4.75,7.1,0.357,"<long> 30%, name of the wind 20%","lord of the rings 32%, name of the wind 28%",0.5366,0.399,0.044,0.044
r8_1440_renewable_resource,"Name a renewable resource. Reply with only the name, nothing else.",0.5694,solar energy -> real,0.5694,solar energy -> real,0.568,solar energy -> real,57,84,0.05,0.067,0.06,60,90,18,0.0,0.033,7.7,solar energy,0.65,6,3.2,4.0,0.638,"solar energy 68%, solar power 17%","solar energy 54%, solar power 14%",0.5242,0.186,0.514,0.514
r8_0009_galaxy,"Name a galaxy. Reply with only the name, nothing else.",0.5694,andromeda -> bench,0.5694,andromeda -> bench,0.5804,andromeda -> bench,56,80,0.067,0.1,0.087,60,90,18,0.007,0.067,10.3,andromeda galaxy,0.45,7,4.78,5.05,0.441,"milky way 45%, andromeda galaxy 17%","milky way 37%, andromeda galaxy 22%",0.5752,0.169,0.837,0.837
r8_0029_weapon,"Name a weapon. Reply with only the name, nothing else.",0.5694,sword -> real,0.5694,sword -> real,0.5748,ak-47 -> bench,57,80,0.05,0.111,0.087,60,90,41,0.0,0.087,10.5,sword,0.25,11,9.21,16.37,0.263,"sword 22%, ak-47 17%","ak-47 29%, <long> 11%",0.5729,0.464,0.512,0.512
r8s_1971_petal,"Suggest a type of petal. Reply with only the name, nothing else.",0.5694,<long> -> bench,0.5278,rose petal -> real,0.5214,rose petals -> bench,55,70,0.083,0.222,0.167,60,90,46,0.0,0.107,11.8,rose petal,0.95,2,1.22,14.45,0.44,"rose petal 40%, <long> 8%","rose petal 34%, <long> 22%",0.538,0.451,0.098,0.098
r8_0180_cleaning_product,"Name a cleaning product. Reply with only the name, nothing else.",0.5694,<long> -> bench,0.525,mr. clean -> real,0.5341,all-purpose cleaner -> bench,53,67,0.117,0.256,0.2,60,90,49,0.0,0.133,13.6,all-purpose cleaner,0.2,14,11.49,20.43,0.283,"all-purpose cleaner 22%, <long> 12%","<long> 26%, all-purpose cleaner 23%",0.5599,0.439,0.315,0.315
r8_0174_actress,"Name a type of actress. Reply with only the name, nothing else.",0.5694,dramatic actress -> real,0.5694,dramatic actress -> real,0.578,dramatic actress -> real,52,72,0.133,0.2,0.173,60,90,71,0.0,0.14,13.3,dramatic actress,0.1,18,17.41,47.12,0.121,"dramatic actress 18%, <long> 13%","<long> 20%, lead actress 6%",0.5362,0.688,0.247,0.277
r8_1155_dessert_topping,"Name a type of dessert topping. Reply with only the name, nothing else.",0.5694,chocolate sauce -> bench,0.5694,chocolate sauce -> bench,0.595,chocolate sauce -> bench,56,77,0.067,0.144,0.113,60,90,26,0.0,0.107,10.5,chocolate sauce,0.3,8,5.92,8.04,0.414,"chocolate sauce 28%, chocolate chips 17%","chocolate sauce 42%, <long> 14%",0.5357,0.281,0.583,0.583
r8_0763_camouflaged_animal,"Name a camouflaged animal. Reply with only the name, nothing else.",0.5694,<long> -> bench,0.5472,chameleons -> real,0.5242,chameleons -> real,45,55,0.25,0.389,0.333,60,90,42,0.0,0.273,20.2,chameleons,0.45,12,7.44,13.75,0.44,"chameleons 35%, <long> 25%","<long> 39%, chameleons 26%",0.536,0.238,0.141,0.141
r8_1715_garlic,"Name a garlic. Reply with only the name, nothing else.",0.5694,garlic -> bench,0.5694,garlic -> bench,0.5765,garlic -> bench,45,71,0.25,0.211,0.227,60,90,49,0.0,0.2,15.8,garlic,0.35,12,8.81,10.54,0.56,"garlic 35%, <long> 25%","garlic 49%, <long> 21%",0.5327,0.178,0.579,0.579
r8_0391_knit,"Name a knit. Reply with only the name, nothing else.",0.5694,<long> -> bench,0.5278,rib knit -> bench,0.5431,rib knit -> bench,47,58,0.217,0.356,0.3,60,90,88,0.0,0.233,18.4,garter stitch,0.15,17,15.83,73.14,0.067,"<long> 22%, garter stitch 7%","<long> 36%, rib knit 6%",0.5514,0.716,0.399,0.425
r8_0884_pig_breed,"Name a pig breed. Reply with only the name, nothing else.",0.5694,hampshire -> bench,0.5694,hampshire -> bench,0.595,hampshire -> bench,50,68,0.167,0.244,0.213,60,90,37,0.0,0.16,15.2,yorkshire,0.4,8,5.84,15.19,0.22,"<long> 17%, berkshire 17%","<long> 24%, hampshire 19%",0.5584,0.316,0.794,0.794
r8_0562_tomato,"Name a tomato. Reply with only the name, nothing else.",0.5694,<long> -> bench,0.5278,tomato -> real,0.5328,tomatillo -> bench,49,61,0.183,0.322,0.267,60,90,79,0.0,0.247,16.8,roma tomato,0.15,18,16.96,61.77,0.091,"<long> 18%, tomato 10%","<long> 32%, tomato 4%",0.5449,0.549,0.34,0.34
r8_0885_dwarve,"Name a dwarve. Reply with only the name, nothing else.",0.5694,<long> -> bench,0.5194,dwalin -> real,0.5187,dwalin -> real,47,58,0.217,0.356,0.3,60,90,71,0.0,0.213,17.3,gimli,0.15,14,12.85,51.44,0.105,"<long> 22%, dwalin 8%","<long> 36%, gimli 8%",0.5491,0.501,0.445,0.47
r8s_0448_explorer,"Suggest a type of explorer. Reply with only the name, nothing else.",0.5694,file explorer -> bench,0.5694,file explorer -> bench,0.587,file explorer -> bench,53,76,0.117,0.156,0.14,60,90,82,0.0,0.1,11.5,deep-sea explorer,0.2,16,14.14,37.01,0.31,"file explorer 18%, <long> 12%","file explorer 32%, <long> 16%",0.5519,0.564,0.197,0.295
r8s_0504_season,"Suggest a type of season. Reply with only the name, nothing else.",0.5694,spring -> bench,0.5694,spring -> bench,0.5796,spring -> bench,57,81,0.033,0.1,0.073,60,90,26,0.007,0.06,7.9,autumn,0.3,7,5.17,9.71,0.232,"winter 22%, summer 20%","spring 22%, winter 21%",0.5453,0.369,0.369,0.369
r8_1822_sweater,"Name a sweater. Reply with only the name, nothing else.",0.5694,<long> -> bench,0.5167,cable knit -> real,0.5286,cable knit -> real,35,40,0.417,0.556,0.5,60,90,58,0.0,0.327,24.1,cable knit sweater,0.15,18,16.96,43.97,0.16,"<long> 42%, cable knit sweater 10%","<long> 56%, cable knit sweater 7%",0.5445,0.729,0.807,0.807
r8s_0379_bear,"Suggest a type of bear. Reply with only the name, nothing else.",0.5694,<long> -> bench,0.5556,grizzly bear -> real,0.5234,grizzly bear -> real,57,73,0.05,0.189,0.133,60,90,19,0.0,0.127,11.8,grizzly bear,0.4,6,4.31,5.94,0.5,"grizzly bear 50%, brown bear 12%","grizzly bear 39%, <long> 19%",0.5393,0.363,0.103,0.103
r8_1837_farm_structure,"Name a type of farm structure. Reply with only the name, nothing else.",0.5694,barn -> real,0.5694,barn -> real,0.5763,barn -> real,52,77,0.133,0.144,0.14,60,90,16,0.0,0.133,11.5,barn,0.75,4,2.23,3.37,0.659,"barn 65%, greenhouse 15%","barn 51%, greenhouse 18%",0.5369,0.196,0.297,0.297
r8_0518_toiletry,"Name a toiletry. Reply with only the name, nothing else.",0.5694,toothpaste -> real,0.5694,toothpaste -> real,0.5708,toothpaste -> real,57,81,0.05,0.1,0.08,60,90,22,0.0,0.08,10.0,soap,0.4,7,5.07,5.43,0.457,"shampoo 42%, soap 23%","shampoo 42%, soap 22%",0.5421,0.317,0.374,0.374
r8s_0451_underground_feature,"Suggest a type of underground feature. Reply with only the name, nothing else.",0.5694,cave -> bench,0.5694,cave -> bench,0.585,cave -> bench,46,73,0.233,0.189,0.207,60,90,67,0.0,0.167,13.8,cave,0.65,8,3.78,43.18,0.126,"<long> 23%, mine shaft 7%","<long> 19%, cave 16%",0.5734,0.43,0.506,0.532
r8s_0655_textile,"Suggest a type of textile. Reply with only the name, nothing else.",0.5694,<long> -> bench,0.55,cotton -> real,0.5628,silk -> bench,59,76,0.017,0.156,0.1,60,90,45,0.0,0.08,9.5,silk,0.25,12,9.87,14.98,0.274,"linen 22%, cotton 20%","silk 28%, <long> 16%",0.549,0.345,0.573,0.573
r8_0487_fern,"Name a fern. Reply with only the name, nothing else.",0.5694,<long> -> bench,0.5444,staghorn fern -> real,0.5452,staghorn fern -> real,53,66,0.117,0.256,0.2,60,90,66,0.007,0.153,14.4,cinnamon fern,0.1,16,15.16,34.72,0.21,"boston fern 22%, staghorn fern 13%","<long> 26%, boston fern 13%",0.5587,0.493,0.642,0.642
r8_1790_engine_sound,"Name an engine sound. Reply with only the name, nothing else.",0.5694,v8 growl -> real,0.5694,v8 growl -> real,0.5878,v8 growl -> real,47,63,0.217,0.289,0.26,60,90,76,0.007,0.213,17.8,v8 rumble,0.15,16,14.77,50.81,0.136,"<long> 22%, v8 growl 15%","<long> 29%, v8 engine sound 12%",0.591,0.386,0.76,0.76
r8_0470_enzyme,"Name an enzyme. Reply with only the name, nothing else.",0.5694,<long> -> bench,0.5639,amylase -> real,0.5592,amylase -> real,57,73,0.05,0.189,0.133,60,90,55,0.0,0.107,12.5,amylase,0.65,6,3.2,26.53,0.162,"amylase 22%, lipase 17%","<long> 19%, lactase 13%",0.5895,0.556,0.547,0.547
r8s_0047_primate,"Suggest a type of primate. Reply with only the name, nothing else.",0.5694,gorilla -> real,0.5694,gorilla -> real,0.5826,gorilla -> real,50,73,0.167,0.189,0.18,60,90,33,0.0,0.153,13.5,capuchin monkey,0.2,12,10.44,13.17,0.252,"chimpanzee 23%, gorilla 18%","capuchin monkey 20%, <long> 19%",0.5343,0.606,0.408,0.408
r8_0955_thanksgiving_side_dish,"Name a thanksgiving side dish. Reply with only the name, nothing else.",0.5694,mashed potatoes -> bench,0.5694,mashed potatoes -> bench,0.5833,mashed potatoes -> bench,51,76,0.15,0.156,0.153,60,90,24,0.0,0.1,11.6,mashed potatoes,0.6,6,3.56,6.49,0.433,"mashed potatoes 28%, green bean casserole 27%","mashed potatoes 42%, green bean casserole 19%",0.5391,0.302,0.184,0.184
r8s_0913_plant_category,"Suggest a plant category. Reply with only the name, nothing else.",0.5694,orchids -> bench,0.5694,orchids -> bench,0.5938,orchids -> bench,51,70,0.15,0.211,0.187,60,90,64,0.007,0.16,14.1,orchids,0.25,12,8.94,29.55,0.207,"succulents 20%, <long> 15%","orchids 22%, <long> 21%",0.5885,0.541,0.582,0.582
r8_0404_disease,"Name a disease. Reply with only the name, nothing else.",0.5694,diabetes -> real,0.5694,diabetes -> real,0.5685,diabetes -> real,56,78,0.067,0.133,0.107,60,90,38,0.0,0.087,10.8,diabetes,0.3,9,6.8,13.94,0.231,"diabetes 28%, alzheimers disease 17%","alzheimers disease 23%, diabetes 14%",0.5508,0.395,0.522,0.522
r8_1079_orchestras_instrument,"Name a type of orchestras instrument. Reply with only the name, nothing else.",0.5694,<long> -> bench,0.5528,violin -> real,0.5197,violins -> bench,59,76,0.017,0.156,0.1,60,90,17,0.0,0.093,10.0,violin,0.6,7,3.92,2.76,0.8,"violin 78%, trumpet 3%","violin 68%, <long> 16%",0.5318,0.197,0.407,0.407
r8s_0921_taste_sensation,"Suggest a type of taste sensation. Reply with only the name, nothing else.",0.5694,sweet -> bench,0.5694,sweet -> bench,0.5714,sour -> real,52,84,0.133,0.067,0.093,60,90,19,0.0,0.08,9.1,sweet,0.25,8,6.69,7.51,0.265,"sour 22%, bitter 17%","bitter 29%, sweet 26%",0.5755,0.159,1.236,1.236
r8_1766_arthritis,"Name a type of arthritis. Reply with only the name, nothing else.",0.5694,<long> -> bench,0.5667,osteoarthritis -> real,0.5461,osteoarthritis -> real,57,73,0.05,0.189,0.133,60,90,15,0.0,0.113,12.7,osteoarthritis,0.5,4,2.75,3.83,0.485,"rheumatoid arthritis 45%, osteoarthritis 40%","rheumatoid arthritis 40%, osteoarthritis 27%",0.5404,0.155,0.26,0.26
r8_1075_edible_substance,"Name an edible substance. Reply with only the name, nothing else.",0.5694,apple -> bench,0.5694,apple -> bench,0.5824,apple -> bench,55,80,0.083,0.111,0.1,60,90,46,0.0,0.087,9.7,apple,0.45,12,7.44,16.86,0.37,"apple 25%, avocado 12%","apple 39%, <long> 11%",0.5523,0.568,1.139,1.139
r8s_0025_arachnid,"Suggest a type of arachnid. Reply with only the name, nothing else.",0.5667,tarantula -> real,0.5667,tarantula -> real,0.5747,tarantula -> real,51,73,0.15,0.189,0.173,60,90,30,0.0,0.153,13.0,spider,0.55,10,5.35,7.46,0.468,"spider 33%, tarantula 27%","spider 42%, <long> 19%",0.5377,0.322,0.274,0.274
r8s_0024_school_subject,"Suggest a type of school subject. Reply with only the name, nothing else.",0.5667,math -> bench,0.5667,math -> bench,0.5792,math -> bench,54,79,0.1,0.122,0.113,60,90,27,0.0,0.1,9.6,mathematics,0.2,10,8.85,7.81,0.353,"mathematics 28%, math 23%","math 37%, mathematics 24%",0.5564,0.271,1.087,1.087
r8_0743_music_instrument_famil,"Name a music instrument family. Reply with only the name, nothing else.",0.5667,string instruments -> real,0.5667,string instruments -> real,0.5673,string instruments -> real,55,75,0.083,0.167,0.133,60,90,39,0.0,0.12,11.9,string family,0.25,12,9.87,19.46,0.177,"string instruments 23%, strings 12%","<long> 17%, brass instruments 11%",0.5468,0.409,0.452,0.452
r8_0804_bottom_dwelling_fish,"Name a bottom-dwelling fish. Reply with only the name, nothing else.",0.5667,<long> -> bench,0.525,sculpin -> real,0.5268,sculpin -> real,56,72,0.067,0.2,0.147,60,90,68,0.0,0.127,12.7,flounder,0.5,11,6.32,36.78,0.203,"flounder 18%, anglerfish 8%","<long> 20%, flounder 17%",0.5337,0.638,0.267,0.267
r8s_0197_vegetable,"Suggest a type of vegetable. Reply with only the name, nothing else.",0.5667,spinach -> bench,0.5667,spinach -> bench,0.586,spinach -> bench,59,78,0.017,0.133,0.087,60,90,28,0.0,0.06,9.0,spinach,0.4,7,4.75,8.79,0.35,"broccoli 35%, asparagus 17%","broccoli 30%, spinach 27%",0.5509,0.411,0.61,0.61
r8_1975_tonic_water,"Name a tonic water. Reply with only the name, nothing else.",0.5667,fever-tree tonic water -> real,0.5667,fever-tree tonic water -> real,0.5719,fever-tree tonic water -> real,52,69,0.133,0.233,0.193,60,90,48,0.0,0.147,14.6,schweppes tonic water,0.45,10,6.48,14.58,0.388,"schweppes tonic water 32%, fever-tree tonic water 20%","schweppes tonic water 31%, <long> 23%",0.5457,0.316,0.636,0.636
r8s_0064_pastry,"Suggest a type of pastry. Reply with only the name, nothing else.",0.5667,<long> -> bench,0.5333,macaron -> real,0.5539,croissant -> bench,52,66,0.133,0.267,0.213,60,90,51,0.0,0.14,13.1,croissant,0.25,10,7.79,23.6,0.203,"macaron 20%, <long> 13%","<long> 27%, croissant 18%",0.5567,0.373,1.155,1.155
r8_0710_animal_feather_type,"Name an animal feather type. Reply with only the name, nothing else.",0.5667,<long> -> bench,0.5278,plume -> bench,0.5417,plume -> bench,47,60,0.2,0.333,0.28,60,90,68,0.007,0.26,17.8,down feather,0.25,16,13.37,38.28,0.224,"<long> 20%, down feather 18%","<long> 33%, down feather 14%",0.5365,0.718,0.773,0.773
r8s_0124_nebula,"Suggest a type of nebula. Reply with only the name, nothing else.",0.5667,ring nebula -> real,0.5667,ring nebula -> real,0.5687,ring nebula -> real,56,73,0.067,0.189,0.14,60,90,58,0.0,0.12,11.9,emission nebula,0.55,8,4.66,24.64,0.264,"emission nebula 22%, ring nebula 17%","emission nebula 23%, <long> 19%",0.5418,0.454,0.509,0.509
r8_0765_fish_habitat_saltwater,"Name a fish habitat saltwater. Reply with only the name, nothing else.",0.5667,<long> -> bench,0.5389,mangrove forest -> real,0.5477,mangrove forest -> real,46,57,0.233,0.367,0.313,60,90,74,0.0,0.26,18.7,coral reef,0.3,9,6.37,55.01,0.097,"<long> 23%, mangrove forest 10%","<long> 37%, kelp forest 7%",0.5394,0.491,0.284,0.284
r8_1999_speaker_brand,"Name a speaker brand. Reply with only the name, nothing else.",0.5667,<long> -> bench,0.5111,nike -> bench,0.5256,nike -> bench,34,39,0.433,0.567,0.513,60,90,72,0.0,0.387,25.8,siri,0.05,20,20.0,70.28,0.027,"<long> 43%, jims morning crew 2%","<long> 57%, nike 2%",0.5401,0.745,0.551,0.592
r8_0001_natural_disaster,"Name a natural disaster. Reply with only the name, nothing else.",0.5667,hurricane -> bench,0.5667,hurricane -> bench,0.5845,hurricane -> bench,60,84,0.0,0.067,0.04,60,90,24,0.0,0.027,6.4,hurricane,0.65,7,3.52,6.49,0.465,"hurricane 37%, hurricane katrina 27%","hurricane 50%, hurricane katrina 20%",0.5229,0.11,0.215,0.215
r8s_0945_visual_element,"Suggest a type of visual element. Reply with only the name, nothing else.",0.5667,bar chart -> bench,0.5667,bar chart -> bench,0.5683,bar chart -> bench,55,86,0.083,0.044,0.06,60,90,53,0.0,0.053,8.0,pie chart,0.35,11,8.22,27.27,0.156,"infographic 12%, pie chart 8%","bar chart 20%, pie chart 12%",0.576,0.328,0.63,0.63
r8_1901_cheese_texture,"Name a type of cheese texture. Reply with only the name, nothing else.",0.5667,<long> -> bench,0.5528,creamy -> real,0.5479,creamy -> real,48,60,0.2,0.333,0.28,60,90,44,0.0,0.267,19.3,creamy,0.3,13,10.17,19.52,0.259,"creamy 25%, <long> 20%","<long> 33%, creamy 14%",0.5692,0.428,1.136,1.136
r8_1513_award,"Name an award. Reply with only the name, nothing else.",0.5667,<long> -> bench,0.5611,nobel prize -> bench,0.6148,nobel prize -> bench,46,57,0.233,0.367,0.313,60,90,53,0.0,0.153,15.7,nobel prize,0.3,8,6.18,24.01,0.301,"<long> 23%, nobel prize 13%","<long> 37%, nobel prize 26%",0.5879,0.439,0.753,0.697
r8_1056_science_fiction_novel,"Name a science fiction novel. Reply with only the name, nothing else.",0.5667,<long> -> bench,0.5389,dune -> real,0.5227,hyperion -> bench,52,66,0.133,0.267,0.213,60,90,21,0.0,0.187,14.9,dune,0.35,11,7.67,4.82,0.576,"dune 50%, enders game 18%","dune 42%, <long> 27%",0.5523,0.376,0.584,0.584
r8s_0776_cymbal,"Suggest a type of cymbal. Reply with only the name, nothing else.",0.5667,crash cymbal -> bench,0.5667,crash cymbal -> bench,0.5967,crash cymbal -> bench,52,70,0.133,0.222,0.187,60,90,43,0.0,0.133,14.2,crash cymbal,0.65,7,3.52,14.66,0.303,"crash cymbal 17%, ride cymbal 17%","crash cymbal 30%, <long> 22%",0.5511,0.25,0.354,0.354
r8s_0809_shot,"Suggest a type of shot. Reply with only the name, nothing else.",0.5667,<long> -> bench,0.55,establishing shot -> real,0.5556,establishing shot -> real,54,69,0.1,0.233,0.18,60,90,78,0.0,0.12,12.4,aerial shot,0.1,18,17.41,47.42,0.163,"long shot 12%, <long> 10%","<long> 23%, long shot 14%",0.5461,0.584,0.372,0.395
r8_0423_first_aid_item,"Name a first aid item. Reply with only the name, nothing else.",0.5667,bandages -> real,0.5667,bandages -> real,0.5797,bandages -> real,52,82,0.133,0.089,0.107,60,90,38,0.0,0.093,11.6,bandage,0.35,12,8.81,11.47,0.388,"bandage 33%, bandages 23%","bandage 36%, bandages 10%",0.5513,0.364,0.698,0.698
r8_1767_movie_studio,"Name a movie studio. Reply with only the name, nothing else.",0.5667,<long> -> bench,0.5361,paramount pictures -> bench,0.5518,paramount pictures -> bench,55,72,0.067,0.2,0.147,60,90,39,0.007,0.107,12.1,warner bros. pictures,0.2,14,12.31,15.52,0.307,"warner bros 27%, paramount pictures 8%","warner bros 26%, <long> 20%",0.5432,0.346,0.134,0.134
r8_0295_leafy_salad_green,"Name a leafy salad green. Reply with only the name, nothing else.",0.5667,spinach -> bench,0.5667,spinach -> bench,0.5643,spinach -> bench,46,75,0.233,0.167,0.193,60,90,21,0.0,0.167,13.3,spinach,0.4,10,6.89,6.16,0.471,"spinach 30%, <long> 23%","spinach 43%, <long> 17%",0.5365,0.371,0.031,0.031
r8s_0926_body_system,"Suggest a type of body system. Reply with only the name, nothing else.",0.5667,digestive system -> real,0.5667,digestive system -> real,0.5695,digestive system -> real,55,79,0.083,0.122,0.107,60,90,26,0.0,0.107,11.4,digestive system,0.35,8,5.81,11.97,0.231,"digestive system 27%, nervous system 17%","nervous system 23%, digestive system 13%",0.5433,0.449,0.352,0.352
r8_1118_herd_animal,"Name a herd animal. Reply with only the name, nothing else.",0.5667,<long> -> bench,0.5472,cattle -> real,0.5863,cow -> bench,56,72,0.067,0.2,0.147,60,90,22,0.0,0.12,10.6,cattle,0.45,10,6.31,6.6,0.508,"cow 38%, cattle 18%","cow 47%, <long> 20%",0.6051,0.212,0.633,0.633
r8s_1378_egg_preparation,"Suggest a type of egg preparation. Reply with only the name, nothing else.",0.5667,scrambled eggs -> bench,0.5667,scrambled eggs -> bench,0.5845,scrambled eggs -> bench,27,48,0.55,0.467,0.5,60,90,19,0.0,0.193,17.1,scrambled eggs,0.3,14,10.9,5.01,0.627,"<long> 55%, scrambled eggs 23%","<long> 47%, scrambled eggs 37%",0.538,0.286,0.366,0.366
r8_1697_centaur,"Name a centaur. Reply with only the name, nothing else.",0.5667,<long> -> bench,0.525,centaur -> real,0.5312,centaur -> real,48,60,0.2,0.333,0.28,60,90,59,0.0,0.193,16.9,cheiron,0.2,13,10.9,35.04,0.13,"<long> 20%, cheiron 10%","<long> 33%, cheiron 9%",0.5513,0.456,0.392,0.392
r8s_0189_carnival_ride,"Suggest a type of carnival ride. Reply with only the name, nothing else.",0.5667,ferris wheel -> bench,0.5667,ferris wheel -> bench,0.585,ferris wheel -> bench,53,76,0.117,0.156,0.14,60,90,38,0.0,0.113,12.2,ferris wheel,0.4,11,7.58,13.31,0.364,"ferris wheel 23%, tilt-a-whirl 13%","ferris wheel 37%, <long> 16%",0.5421,0.38,0.506,0.506
r8_0127_flightless_bird,"Name a flightless bird. Reply with only the name, nothing else.",0.5667,ostrich -> real,0.5667,ostrich -> real,0.5726,emu -> bench,55,72,0.083,0.2,0.153,60,90,17,0.0,0.14,10.9,penguin,0.35,6,4.8,6.02,0.354,"ostrich 30%, penguin 28%","penguin 31%, <long> 20%",0.5545,0.162,0.381,0.381
r8s_0724_ham,"Suggest a type of ham. Reply with only the name, nothing else.",0.5667,honey ham -> real,0.5667,honey ham -> real,0.5745,honey ham -> real,49,70,0.167,0.222,0.2,60,90,48,0.007,0.153,14.0,honey ham,0.3,11,8.63,16.67,0.361,"honey ham 37%, <long> 17%","honey ham 23%, <long> 22%",0.5563,0.337,0.59,0.59
r8_0132_precipitation,"Name a precipitation. Reply with only the name, nothing else.",0.5667,<long> -> bench,0.5306,rain -> real,0.5288,hailstorm -> real,52,66,0.133,0.267,0.213,60,90,57,0.0,0.193,15.1,rain,0.35,8,5.74,20.34,0.398,"rain 35%, <long> 13%","rain 29%, <long> 27%",0.6083,0.436,0.649,0.69
r8_1567_seashell,"Name a seashell. Reply with only the name, nothing else.",0.5667,<long> -> bench,0.5333,scallop shell -> bench,0.5583,scallop shell -> bench,48,60,0.2,0.333,0.28,60,90,64,0.0,0.22,17.4,scallop shell,0.3,12,8.85,40.24,0.148,"<long> 20%, scallop 8%","<long> 33%, scallop shell 13%",0.5466,0.596,0.455,0.455
r8_1678_folk_tale,"Name a folk tale. Reply with only the name, nothing else.",0.5667,<long> -> bench,0.5222,tortoise and the hare -> real,0.5583,once upon a time -> bench,40,48,0.333,0.467,0.413,60,90,36,0.0,0.32,22.0,little mermaid,0.05,20,20.0,17.92,0.239,"<long> 33%, tortoise and the hare 13%","<long> 47%, once upon a time 16%",0.549,0.218,0.655,0.655
r8_1066_rotor,"Name a rotor. Reply with only the name, nothing else.",0.5667,main rotor -> real,0.5667,main rotor -> real,0.5851,main rotor -> real,47,66,0.217,0.267,0.247,60,90,79,0.0,0.18,17.0,rotor,0.2,16,14.14,48.32,0.186,"<long> 22%, rotor 15%","<long> 27%, rotor 13%",0.547,0.448,0.468,0.522
r8_1688_mineral_in_the_body,"Name a mineral in the body. Reply with only the name, nothing else.",0.5667,calcium -> real,0.5667,calcium -> real,0.5871,calcium -> real,45,67,0.25,0.244,0.247,60,90,26,0.007,0.193,15.1,calcium,0.55,9,4.99,6.52,0.562,"calcium 50%, <long> 25%","calcium 37%, <long> 24%",0.5805,0.427,0.773,0.773
r8_0209_omnivore,"Name an omnivore. Reply with only the name, nothing else.",0.5667,<long> -> bench,0.5361,bear -> bench,0.5563,bear -> bench,48,60,0.2,0.333,0.28,60,90,51,0.0,0.247,16.8,pig,0.55,9,4.99,23.0,0.315,"pig 27%, <long> 20%","<long> 33%, pig 20%",0.5397,0.442,0.291,0.291
r8_1176_lake_color,"Name a lake color. Reply with only the name, nothing else.",0.5667,<long> -> bench,0.5556,turquoise -> real,0.5575,turquoise -> real,56,72,0.067,0.2,0.147,60,90,45,0.0,0.113,11.7,blue,0.25,9,7.08,15.42,0.367,"blue 30%, turquoise 13%","blue 32%, <long> 20%",0.5656,0.38,0.767,0.767
r8s_1452_light_fixture,"Suggest a type of light fixture. Reply with only the name, nothing else.",0.5667,pendant light -> real,0.5667,pendant light -> real,0.5772,pendant light -> real,52,79,0.133,0.122,0.127,60,90,53,0.0,0.1,12.1,chandelier,0.45,7,4.64,23.72,0.244,"pendant light 17%, pendant light fixture 15%","pendant light fixture 26%, <long> 12%",0.5463,0.418,0.419,0.419
r8_1201_line_type,"Name a line type. Reply with only the name, nothing else.",0.5667,<long> -> bench,0.5333,solid line -> real,0.5306,solid line -> real,49,63,0.167,0.3,0.247,60,90,84,0.007,0.187,15.8,solid line,0.7,7,3.15,54.81,0.17,"<long> 17%, solid line 17%","<long> 30%, solid line 10%",0.5506,0.553,0.406,0.434
r8s_1260_grill,"Suggest a type of grill. Reply with only the name, nothing else.",0.5667,gas grill -> bench,0.5667,gas grill -> bench,0.5833,gas grill -> bench,48,72,0.2,0.2,0.2,60,90,31,0.0,0.153,13.9,gas grill,0.4,8,5.74,7.55,0.433,"gas grill 27%, charcoal grill 23%","gas grill 40%, <long> 20%",0.5757,0.204,0.509,0.509
r8_1648_cooking_pot,"Name a cooking pot. Reply with only the name, nothing else.",0.5667,<long> -> bench,0.5417,dutch oven -> real,0.5167,pot -> bench,48,60,0.2,0.333,0.28,60,90,42,0.0,0.207,16.5,dutch oven,0.45,11,6.94,10.77,0.509,"dutch oven 42%, <long> 20%","dutch oven 33%, <long> 33%",0.5339,0.575,0.439,0.439
r8_0251_rock_band,"Name a rock band. Reply with only the name, nothing else.",0.5667,led zeppelin -> bench,0.5667,led zeppelin -> bench,0.5746,led zeppelin -> bench,53,80,0.117,0.111,0.113,60,90,35,0.0,0.093,10.1,foo fighters,0.2,13,11.49,19.11,0.203,"foo fighters 17%, u2 13%","led zeppelin 23%, <long> 11%",0.5456,0.506,0.701,0.701
r8_1615_apology_phrase,"Name an apology phrase. Reply with only the name, nothing else.",0.5667,<long> -> bench,0.5139,i apologize -> real,0.537,my deepest apologies -> bench,26,27,0.567,0.7,0.647,60,90,29,0.0,0.26,22.3,im sorry,0.35,11,7.67,16.08,0.302,"<long> 57%, im sorry 12%","<long> 70%, im sorry 10%",0.5419,0.313,0.641,0.641
r8_1232_painting_technique,"Name a painting technique. Reply with only the name, nothing else.",0.5667,<long> -> bench,0.5556,sgraffito -> bench,0.5862,sgraffito -> bench,52,66,0.133,0.267,0.213,60,90,53,0.0,0.18,15.0,sgraffito,0.2,14,11.49,27.77,0.212,"<long> 13%, sgraffito 10%","<long> 27%, sgraffito 21%",0.5255,0.738,0.128,0.128
r8_1604_short_story_writer,"Name a short story writer. Reply with only the name, nothing else.",0.5667,alice munro -> bench,0.5667,alice munro -> bench,0.6003,alice munro -> bench,54,70,0.1,0.222,0.173,60,90,52,0.0,0.147,13.8,raymond carver,0.15,15,13.42,22.51,0.298,"alice munro 17%, <long> 10%","alice munro 30%, <long> 22%",0.5395,0.546,0.457,0.457
r8_0459_television_genre,"Name a television genre. Reply with only the name, nothing else.",0.5667,comedy -> bench,0.5667,comedy -> bench,0.5746,comedy -> bench,50,78,0.167,0.133,0.147,60,90,53,0.0,0.127,12.0,sitcom,0.35,8,6.34,25.7,0.211,"<long> 17%, sitcoms 12%","comedy 23%, <long> 13%",0.5462,0.472,0.473,0.473
r8_0480_month,"Name a month. Reply with only the name, nothing else.",0.5667,july -> bench,0.5667,july -> bench,0.5703,july -> bench,59,86,0.017,0.044,0.033,60,90,14,0.0,0.027,5.4,may,0.2,10,8.85,10.78,0.179,"february 22%, january 15%","july 17%, february 14%",0.5491,0.286,0.783,0.783
r8_0607_sports_drink,"Name a sports drink. Reply with only the name, nothing else.",0.5667,gatorade -> real,0.5667,gatorade -> real,0.5204,gatorade -> real,60,81,0.0,0.1,0.06,60,90,9,0.0,0.053,8.2,gatorade,0.95,2,1.22,1.39,0.943,"gatorade 97%, powerade 2%","gatorade 83%, <long> 10%",0.5224,0.115,0.288,0.288
r8s_0076_internal_organ,"Suggest a type of internal organ. Reply with only the name, nothing else.",0.5667,liver -> bench,0.5667,liver -> bench,0.5564,liver -> bench,55,86,0.083,0.044,0.06,60,90,14,0.0,0.053,7.7,liver,0.8,5,2.18,3.19,0.723,"liver 60%, heart 12%","liver 73%, kidney 7%",0.5236,0.247,0.034,0.034
r8_0592_musical_band,"Name a musical band. Reply with only the name, nothing else.",0.5667,<long> -> bench,0.5444,imagine dragons -> real,0.5585,beatles -> bench,58,75,0.033,0.167,0.113,60,90,48,0.0,0.08,10.4,beatles,0.25,13,10.14,23.41,0.256,"beatles 18%, imagine dragons 10%","beatles 26%, <long> 17%",0.5315,0.546,0.139,0.139
r8_1380_ungulate,"Name an ungulate. Reply with only the name, nothing else.",0.5667,deer -> real,0.5667,deer -> real,0.5306,deer -> real,58,79,0.033,0.122,0.087,60,90,13,0.0,0.067,8.6,deer,0.65,8,3.78,2.03,0.861,"deer 87%, <long> 3%","deer 73%, <long> 12%",0.535,0.212,0.717,0.717
r8s_0243_phase_of_the_moon,"Suggest a type of phase of the moon. Reply with only the name, nothing else.",0.5667,full moon -> bench,0.5667,full moon -> bench,0.5869,full moon -> bench,55,73,0.083,0.189,0.147,60,90,29,0.0,0.127,12.7,full moon,0.25,10,7.79,12.22,0.242,"new moon phase 17%, new moon 17%","new moon 23%, full moon 20%",0.5487,0.2,0.531,0.531
r8_1810_gase,"Name a gase. Reply with only the name, nothing else.",0.5667,<long> -> bench,0.5528,propane -> real,0.5742,oxygen -> bench,42,51,0.3,0.433,0.38,60,90,45,0.0,0.273,19.5,oxygen,0.65,6,3.29,24.74,0.172,"<long> 30%, methane 12%","<long> 43%, oxygen 11%",0.55,0.531,0.292,0.29
r8_0014_piece_of_furniture,"Name a type of piece of furniture. Reply with only the name, nothing else.",0.5667,sofa -> real,0.5667,sofa -> real,0.5714,couch -> bench,56,80,0.067,0.111,0.093,60,90,13,0.0,0.08,8.9,sofa,0.6,6,3.56,4.31,0.537,"sofa 57%, sofa bed 12%","sofa 43%, couch 22%",0.5323,0.379,0.93,0.93
r8_1351_fish_swimming_style,"Name a fish swimming style. Reply with only the name, nothing else.",0.5667,<long> -> bench,0.5556,freestyle -> bench,0.6042,freestyle -> bench,48,60,0.2,0.333,0.28,60,90,57,0.0,0.233,17.4,freestyle,0.25,16,13.37,23.99,0.324,"<long> 20%, freestyle 17%","<long> 33%, freestyle 28%",0.5589,0.626,0.747,0.747
r8s_0292_public_building,"Suggest a type of public building. Reply with only the name, nothing else.",0.5667,hall -> real,0.5667,hall -> real,0.5714,hall -> real,56,78,0.067,0.133,0.107,60,90,25,0.0,0.08,9.7,library,0.6,7,3.92,8.2,0.478,"library 48%, hall 13%","library 39%, hospital 13%",0.5476,0.603,0.708,0.708
r8_1902_mountain_rock,"Name a mountain rock. Reply with only the name, nothing else.",0.5667,<long> -> bench,0.5528,granite -> bench,0.5772,granite -> bench,52,66,0.133,0.267,0.213,60,90,71,0.0,0.187,14.3,quartzite,0.25,14,11.34,44.53,0.144,"<long> 13%, capitan 12%","<long> 27%, granite 16%",0.5563,0.499,0.503,0.503
r8_1936_card_suit,"Name a card suit. Reply with only the name, nothing else.",0.5667,hearts -> bench,0.5667,hearts -> bench,0.5615,hearts -> bench,55,85,0.083,0.056,0.067,60,90,12,0.0,0.067,7.9,hearts,0.55,4,2.71,2.98,0.693,"hearts 57%, spades 18%","hearts 70%, spades 12%",0.5417,0.351,1.063,1.063
r8_0623_sailing_boat,"Name a sailing boat. Reply with only the name, nothing else.",0.5667,americas cup -> bench,0.5667,americas cup -> bench,0.5909,americas cup -> bench,44,66,0.267,0.267,0.267,60,90,98,0.0,0.207,17.4,santa ana,0.05,20,20.0,81.79,0.109,"<long> 27%, solaris 3%","<long> 27%, americas cup 13%",0.5582,0.682,1.196,1.196
r8s_0618_graph,"Suggest a type of graph. Reply with only the name, nothing else.",0.5667,bar graph -> real,0.5667,bar graph -> real,0.5556,bar graph -> real,59,79,0.017,0.122,0.08,60,90,29,0.0,0.067,8.7,bar graph,0.25,7,6.24,10.27,0.275,"bar graph 33%, line graph 32%","bar graph 20%, line graph 20%",0.58,0.234,0.469,0.591
r8s_1430_physical_sensation,"Suggest a type of physical sensation. Reply with only the name, nothing else.",0.5667,touch -> bench,0.5667,touch -> bench,0.5896,touch -> bench,52,67,0.133,0.256,0.207,60,90,69,0.0,0.173,13.7,proprioception,0.1,18,17.41,43.67,0.134,"tingling 13%, <long> 13%","<long> 26%, touch 13%",0.5593,0.736,0.952,0.952
r8_0915_holiday_decoration,"Name a holiday decoration. Reply with only the name, nothing else.",0.5667,garland -> real,0.5667,garland -> real,0.5681,garland -> real,55,76,0.083,0.156,0.127,60,90,54,0.0,0.093,10.9,garland,0.2,14,11.99,25.92,0.176,"garland 23%, ornament 15%","<long> 16%, ornament 12%",0.5439,0.6,0.482,0.482
r8s_0545_musical_accessory,"Suggest a type of musical accessory. Reply with only the name, nothing else.",0.5667,guitar pick -> bench,0.5667,guitar pick -> bench,0.5733,guitar pick -> bench,55,82,0.083,0.089,0.087,60,90,62,0.0,0.073,10.0,music stand,0.25,12,9.46,32.3,0.182,"music stand 23%, <long> 8%","guitar pick 17%, music stand 12%",0.5464,0.39,0.208,0.208
r8_0599_inventor,"Name an inventor. Reply with only the name, nothing else.",0.5667,thomas edison -> real,0.5667,thomas edison -> real,0.5431,thomas edison -> real,58,78,0.033,0.133,0.093,60,90,34,0.0,0.06,8.9,thomas edison,0.75,5,2.45,7.87,0.537,"thomas edison 57%, nikola tesla 13%","thomas edison 43%, <long> 13%",0.5478,0.464,0.694,0.694
r8s_1776_palace,"Suggest a type of palace. Reply with only the name, nothing else.",0.5667,<long> -> bench,0.5194,summer palace -> real,0.5245,palace of versailles -> bench,52,66,0.133,0.267,0.213,60,90,55,0.0,0.133,14.1,versailles palace,0.15,15,13.78,24.16,0.297,"palace of versailles 23%, <long> 13%","<long> 27%, palace of versailles 23%",0.5445,0.535,0.747,0.747
r8_0543_battery_type,"Name a battery type. Reply with only the name, nothing else.",0.5667,<long> -> bench,0.5222,li-ion battery -> real,0.5724,lithium-ion battery -> bench,58,75,0.033,0.167,0.113,60,90,22,0.0,0.113,13.1,lithium-ion battery,0.85,4,1.8,3.53,0.737,"lithium-ion battery 63%, lithium-ion 7%","lithium-ion battery 67%, <long> 17%",0.5258,0.241,0.371,0.371
r8_1260_grill,"Name a grill. Reply with only the name, nothing else.",0.5667,<long> -> bench,0.5306,weber -> real,0.527,weber grill -> bench,50,63,0.167,0.3,0.247,60,90,39,0.0,0.173,15.2,weber,0.45,10,6.48,12.12,0.327,"weber 28%, <long> 17%","<long> 30%, weber 22%",0.5392,0.345,0.037,0.037
r8_0087_fuel,"Name a fuel. Reply with only the name, nothing else.",0.5667,diesel -> real,0.5667,diesel -> real,0.5719,gasoline -> bench,57,78,0.05,0.133,0.1,60,90,14,0.0,0.087,9.4,diesel fuel,0.55,4,2.71,5.17,0.393,"diesel 43%, gasoline 22%","gasoline 32%, diesel 30%",0.5447,0.192,0.362,0.362
r8s_1616_chicken_part,"Suggest a type of chicken part. Reply with only the name, nothing else.",0.5667,drumstick -> real,0.5667,drumstick -> real,0.5713,drumstick -> real,53,74,0.117,0.178,0.153,60,90,41,0.0,0.12,12.0,drumstick,0.2,14,12.31,20.69,0.181,"drumstick 23%, wings 15%","<long> 18%, drumstick 10%",0.5342,0.62,0.644,0.644
r8_0545_musical_accessory,"Name a musical accessory. Reply with only the name, nothing else.",0.5667,music stand -> bench,0.5667,music stand -> bench,0.571,music stand -> bench,57,85,0.05,0.056,0.053,60,90,57,0.0,0.047,8.2,music stand,0.15,16,14.38,25.84,0.225,"guitar pick 18%, music stand 13%","music stand 27%, guitar pick 12%",0.5408,0.48,0.55,0.55
r8s_0492_blanket,"Suggest a type of blanket. Reply with only the name, nothing else.",0.5667,<long> -> bench,0.5528,wool blanket -> bench,0.5705,wool blanket -> bench,54,69,0.1,0.233,0.18,60,90,42,0.0,0.087,12.3,weighted blanket,0.25,13,10.14,18.08,0.244,"weighted blanket 25%, fleece blanket 15%","<long> 23%, weighted blanket 17%",0.5425,0.57,0.534,0.534
r8_0083_wild_animal,"Name a wild animal. Reply with only the name, nothing else.",0.5667,tiger -> real,0.5667,tiger -> real,0.5602,tiger -> real,55,74,0.083,0.178,0.14,60,90,38,0.0,0.133,11.0,wolf,0.3,14,10.9,15.39,0.295,"tiger 33%, wolf 10%","tiger 20%, <long> 18%",0.5468,0.452,0.309,0.309
r8_1580_pie_crust,"Name a pie crust. Reply with only the name, nothing else.",0.5639,<long> -> bench,0.5194,all-butter crust -> real,0.5577,all-butter pie crust -> bench,41,49,0.317,0.444,0.393,60,90,50,0.007,0.24,19.7,all-butter pie crust,0.35,12,8.81,21.57,0.356,"<long> 32%, all-butter pie crust 20%","<long> 44%, all-butter pie crust 22%",0.5489,0.489,0.519,0.519
r8_1285_refrigerator,"Name a refrigerator. Reply with only the name, nothing else.",0.5639,whirlpool -> real,0.5639,whirlpool -> real,0.5819,whirlpool -> real,44,58,0.267,0.356,0.32,60,90,57,0.0,0.2,18.6,whirlpool,0.25,13,10.58,37.05,0.157,"<long> 27%, whirlpool 18%","<long> 36%, whirlpool 6%",0.5337,0.632,0.333,0.333
r8_1221_tire,"Name a tire. Reply with only the name, nothing else.",0.5639,goodyear -> real,0.5639,goodyear -> real,0.5657,goodyear -> real,56,77,0.067,0.144,0.113,60,90,58,0.0,0.087,11.7,michelin,0.45,8,4.98,19.3,0.353,"michelin 27%, goodyear 18%","michelin 34%, <long> 14%",0.5304,0.524,0.411,0.411
r8s_0045_playground_equipment,"Suggest a type of playground equipment. Reply with only the name, nothing else.",0.5639,swing set -> real,0.5639,swing set -> real,0.5687,swing set -> real,55,82,0.083,0.089,0.087,60,90,16,0.0,0.087,9.6,swings,0.45,5,3.69,5.6,0.372,"swing set 42%, swings 28%","swing set 29%, swings 24%",0.5441,0.328,0.589,0.589
r8_1357_beast_of_burden,"Name a beast of burden. Reply with only the name, nothing else.",0.5639,ox -> real,0.5639,ox -> real,0.5742,ox -> real,48,67,0.2,0.256,0.233,60,90,40,0.0,0.173,14.7,donkey,0.25,8,6.6,14.67,0.235,"ox 25%, donkey 23%","<long> 26%, donkey 14%",0.5595,0.451,0.338,0.338
r8_1268_bad_smell,"Name a bad smell. Reply with only the name, nothing else.",0.5639,<long> -> bench,0.5444,stinky feet -> real,0.5493,stinky feet -> real,53,68,0.117,0.244,0.193,60,90,75,0.0,0.113,13.1,stinky cheese,0.15,17,15.83,52.46,0.083,"<long> 12%, stinky cheese 10%","<long> 24%, duplicate code 7%",0.5692,0.592,0.447,0.441
r8_1347_marvel_superhero,"Name a marvel superhero. Reply with only the name, nothing else.",0.5639,iron man -> real,0.5639,iron man -> real,0.5679,iron man -> real,56,80,0.067,0.111,0.093,60,90,18,0.0,0.087,11.0,spider-man,0.45,9,5.89,2.85,0.772,"spider-man 67%, iron man 15%","spider-man 72%, <long> 11%",0.543,0.211,0.825,0.825
r8_1443_notebook_binding,"Name a type of notebook binding. Reply with only the name, nothing else.",0.5639,spiral binding -> real,0.5639,spiral binding -> real,0.5616,spiral binding -> real,54,76,0.1,0.156,0.133,60,90,57,0.0,0.113,11.6,case binding,0.25,11,8.82,21.98,0.354,"spiral binding 38%, <long> 10%","spiral binding 26%, <long> 16%",0.5521,0.437,0.636,0.636
r8_0897_planet_in_solar_system,"Name a planet in solar system. Reply with only the name, nothing else.",0.5639,venus -> real,0.5639,venus -> real,0.5737,mars -> bench,57,83,0.05,0.078,0.067,60,90,10,0.0,0.053,7.2,mars,0.8,4,2.03,3.99,0.579,"mars 47%, venus 22%","mars 59%, venus 9%",0.5461,0.458,0.695,0.695
r8_0834_astronomical_instrumen,"Name a type of astronomical instrument. Reply with only the name, nothing else.",0.5639,telescope -> real,0.5639,telescope -> real,0.5685,telescope -> real,53,78,0.117,0.133,0.127,60,90,37,0.0,0.087,10.5,telescope,0.65,4,2.72,10.73,0.466,"telescope 48%, <long> 12%","telescope 36%, <long> 13%",0.59,0.513,1.052,1.052
r8_1844_beer_glass,"Name a type of beer glass. Reply with only the name, nothing else.",0.5639,pilsner glass -> bench,0.5639,pilsner glass -> bench,0.5685,pilsner glass -> bench,56,84,0.067,0.067,0.067,60,90,15,0.0,0.053,8.9,pint glass,0.65,7,3.52,3.42,0.593,"pint glass 60%, pilsner glass 18%","pint glass 52%, pilsner glass 31%",0.5486,0.272,0.809,0.809
r8_0919_staple,"Name a staple. Reply with only the name, nothing else.",0.5639,rice -> bench,0.5639,rice -> bench,0.5778,rice -> bench,53,76,0.117,0.156,0.14,60,90,73,0.0,0.12,11.9,rice,0.45,10,6.31,34.78,0.186,"bread 17%, <long> 12%","rice 21%, <long> 16%",0.5868,0.504,0.349,0.349
r8_1955_spice_bark,"Name a spice bark. Reply with only the name, nothing else.",0.5639,<long> -> bench,0.5611,cinnamon bark -> real,0.5162,allspice bark -> bench,57,74,0.05,0.178,0.127,60,90,16,0.0,0.067,11.0,cinnamon bark,0.85,3,1.68,2.6,0.794,"cinnamon bark 77%, cassia bark 7%","cinnamon bark 64%, <long> 18%",0.5336,0.26,0.252,0.252
r8_0917_peanut_butter,"Name a peanut butter. Reply with only the name, nothing else.",0.5639,jif -> real,0.5639,jif -> real,0.5845,jif -> real,39,51,0.333,0.433,0.393,60,90,38,0.007,0.28,21.2,jif,0.35,13,9.44,18.35,0.289,"<long> 33%, jif 25%","<long> 43%, jif 12%",0.5318,0.579,0.326,0.326
r8_0878_equestrian_discipline,"Name an equestrian discipline. Reply with only the name, nothing else.",0.5639,dressage -> bench,0.5639,dressage -> bench,0.5614,dressage -> bench,52,81,0.133,0.1,0.113,60,90,21,0.0,0.107,10.6,dressage,0.55,6,3.85,4.79,0.594,"dressage 45%, show jumping 15%","dressage 58%, <long> 10%",0.5351,0.437,0.061,0.061
r8_0904_jungle_animal,"Name a jungle animal. Reply with only the name, nothing else.",0.5639,<long> -> bench,0.5611,jaguar -> bench,0.5852,jaguar -> bench,57,74,0.05,0.178,0.127,60,90,27,0.0,0.113,10.0,monkey,0.35,7,5.01,6.89,0.458,"tiger 45%, jaguar 13%","tiger 37%, jaguar 26%",0.549,0.201,0.53,0.53
r8_1976_comic,"Name a comic. Reply with only the name, nothing else.",0.5639,<long> -> bench,0.5556,calvin and hobbes -> real,0.5596,calvin and hobbes -> real,51,65,0.15,0.278,0.227,60,90,71,0.0,0.173,15.2,deadpool,0.1,17,16.25,45.37,0.129,"calvin and hobbes 17%, <long> 15%","<long> 28%, sandman 7%",0.5455,0.57,0.383,0.352
r8_0832_tree_root_system,"Name a tree root system. Reply with only the name, nothing else.",0.5639,taproot system -> real,0.5639,taproot system -> real,0.5923,taproot system -> real,37,48,0.383,0.456,0.427,60,90,63,0.007,0.327,23.6,taproot system,0.3,15,11.68,36.93,0.247,"<long> 38%, taproot system 22%","<long> 46%, taproot system 9%",0.5567,0.612,0.449,0.476
r8_0962_goddess,"Name a type of goddess. Reply with only the name, nothing else.",0.5639,<long> -> bench,0.5611,athena -> real,0.5627,athena -> real,55,71,0.083,0.211,0.16,60,90,38,0.0,0.14,12.6,artemis,0.3,13,10.17,17.06,0.19,"hera 17%, athena 17%","<long> 21%, artemis 19%",0.5434,0.521,0.235,0.235
r8_1765_performance_art,"Name a performance art. Reply with only the name, nothing else.",0.5639,<long> -> bench,0.5611,sleep no more -> real,0.5919,sleep no more -> real,39,47,0.35,0.478,0.427,60,90,58,0.0,0.253,21.4,kiss,0.1,18,17.41,36.01,0.198,"<long> 35%, sleep no more 13%","<long> 48%, kiss 12%",0.5397,0.449,0.526,0.526
r8_0976_hair_accessory,"Name a hair accessory. Reply with only the name, nothing else.",0.5639,headband -> real,0.5639,headband -> real,0.5494,headband -> real,59,80,0.017,0.111,0.073,60,90,22,0.0,0.067,9.3,headband,0.3,11,8.85,7.5,0.367,"headband 42%, hair clip 18%","headband 29%, hair clip 16%",0.5435,0.24,0.243,0.243
r8_1657_conference,"Name a conference. Reply with only the name, nothing else.",0.5639,<long> -> bench,0.5222,pycon us 2023 -> bench,0.5426,pycon us 2023 -> bench,38,47,0.35,0.478,0.427,60,90,78,0.007,0.193,18.5,tensorflow dev summit,0.05,20,20.0,71.04,0.047,"<long> 35%, pycon us 2019 5%","<long> 48%, pycon us 2023 4%",0.5523,0.614,0.369,0.33
r8_1817_department_store,"Name a department store. Reply with only the name, nothing else.",0.5639,macys -> real,0.5639,macys -> real,0.5518,macys -> real,52,72,0.133,0.2,0.173,60,90,30,0.0,0.147,14.4,macys,0.75,4,2.28,5.86,0.613,"macys 58%, <long> 13%","macys 46%, <long> 20%",0.5331,0.391,0.254,0.254
r8_1805_soup_base,"Name a soup base. Reply with only the name, nothing else.",0.5639,<long> -> bench,0.5444,chicken or vegetable broth -> real,0.5627,chicken or vegetable broth -> real,37,44,0.383,0.511,0.46,60,90,43,0.0,0.187,16.6,chicken or vegetable broth,0.2,14,11.99,27.31,0.148,"<long> 38%, chicken or vegetable broth 13%","<long> 51%, chicken soup base 6%",0.5517,0.332,0.695,0.695
r8_1786_mean_of_transportation,"Name a mean of transportation. Reply with only the name, nothing else.",0.5639,bus -> real,0.5639,bus -> real,0.5636,bus -> real,57,84,0.05,0.067,0.06,60,90,30,0.0,0.053,7.3,bus,0.45,7,4.99,8.01,0.468,"bus 52%, train 13%","bus 39%, train 14%",0.5375,0.471,0.088,0.088
r8_1117_antelope,"Name an antelope. Reply with only the name, nothing else.",0.5639,<long> -> bench,0.5111,oryx -> real,0.5179,addax -> bench,44,56,0.25,0.378,0.327,60,90,75,0.007,0.233,18.2,gazelle,0.25,12,9.87,61.82,0.06,"<long> 25%, pronghorn 5%","<long> 38%, thomsons gazelle 3%",0.5365,0.58,0.537,0.537
r8_1029_nail_product,"Name a nail product. Reply with only the name, nothing else.",0.5639,<long> -> bench,0.5306,nail polish -> bench,0.5634,nail polish -> bench,41,50,0.317,0.444,0.393,60,90,59,0.0,0.207,18.9,nail polish remover,0.15,18,16.96,37.54,0.143,"<long> 32%, nail polish remover 10%","<long> 44%, nail polish 11%",0.5635,0.5,0.592,0.592
r8_1683_percussion_instrument,"Name a type of percussion instrument. Reply with only the name, nothing else.",0.5639,<long> -> bench,0.5417,timpani -> bench,0.5634,snare drum -> bench,58,77,0.017,0.144,0.093,60,90,30,0.007,0.067,9.9,snare drum,0.25,13,10.58,11.26,0.348,"snare drum 27%, drum 13%","snare drum 34%, <long> 14%",0.5514,0.333,0.8,0.8
r8_1033_beard_style,"Name a beard style. Reply with only the name, nothing else.",0.5639,<long> -> bench,0.5167,fade beard -> real,0.5233,stubble -> bench,47,59,0.217,0.344,0.293,60,90,66,0.0,0.26,19.3,van dyke brade,0.05,20,20.0,39.7,0.189,"<long> 22%, goatee 13%","<long> 34%, goatee 13%",0.5362,0.528,0.174,0.174
r8_1667_ruin,"Name a ruin. Reply with only the name, nothing else.",0.5639,<long> -> bench,0.5278,parthenon -> real,0.5355,parthenon -> real,45,56,0.25,0.378,0.327,60,90,51,0.0,0.207,17.7,pompeii,0.3,13,10.17,23.47,0.238,"<long> 25%, pompeii 18%","<long> 38%, pompeii 14%",0.5567,0.396,0.547,0.547
r8_1170_texture_in_music,"Name a texture in music. Reply with only the name, nothing else.",0.5639,<long> -> bench,0.525,timbre -> real,0.5395,timbre -> real,38,46,0.35,0.478,0.427,60,90,72,0.013,0.387,24.0,scratching,0.1,19,18.66,63.97,0.048,"<long> 35%, scratching 5%","<long> 48%, snatched 2%",0.5361,0.677,0.347,0.429
r8_0858_social_media_platform,"Name a social media platform. Reply with only the name, nothing else.",0.5639,instagram -> real,0.5639,instagram -> real,0.567,instagram -> real,57,85,0.05,0.044,0.047,60,90,14,0.007,0.047,7.3,facebook,0.8,5,2.18,3.01,0.704,"facebook 60%, instagram 22%","facebook 71%, instagram 9%",0.5453,0.112,0.459,0.459
r8_1418_cake_frosting,"Name a type of cake frosting. Reply with only the name, nothing else.",0.5639,<long> -> bench,0.5556,cream cheese frosting -> real,0.5447,cream cheese frosting -> real,59,77,0.017,0.144,0.093,60,90,30,0.0,0.087,10.8,buttercream frosting,0.4,9,6.16,10.98,0.265,"cream cheese frosting 27%, buttercream frosting 27%","buttercream frosting 22%, chocolate frosting 17%",0.5479,0.374,0.909,0.909
r8s_0394_card_in_a_deck,"Suggest a type of card in a deck. Reply with only the name, nothing else.",0.5639,ace of spades -> bench,0.5639,ace of spades -> bench,0.5789,ace of spades -> bench,44,72,0.267,0.2,0.227,60,90,72,0.0,0.16,14.7,ace of spades,0.25,13,10.58,48.76,0.121,"<long> 27%, queen of hearts 5%","<long> 20%, ace of spades 14%",0.5594,0.532,0.535,0.446
r8_0424_coffee_bean,"Name a coffee bean. Reply with only the name, nothing else.",0.5639,arabica -> bench,0.5639,arabica -> bench,0.5986,arabica -> bench,49,69,0.183,0.233,0.213,60,90,45,0.0,0.18,15.3,arabica,0.45,11,6.94,9.17,0.585,"arabica 38%, <long> 18%","arabica 51%, <long> 23%",0.5355,0.387,0.512,0.512
r8s_1581_period_of_the_day,"Suggest a type of period of the day. Reply with only the name, nothing else.",0.5639,night -> bench,0.5639,night -> bench,0.5695,night -> bench,58,85,0.033,0.056,0.047,60,90,29,0.0,0.04,6.8,morning,0.35,10,7.28,9.88,0.238,"morning 28%, afternoon 20%","night 28%, afternoon 18%",0.5851,0.238,0.73,0.73
r8_0502_sleepwear,"Name a type of sleepwear. Reply with only the name, nothing else.",0.5639,nightgown -> real,0.5639,nightgown -> real,0.5704,nightgown -> real,53,75,0.117,0.167,0.147,60,90,57,0.0,0.12,12.4,nightgown,0.25,11,8.82,27.47,0.211,"nightgown 18%, pyjamas 13%","pyjamas 21%, <long> 17%",0.5425,0.406,0.22,0.22
r8s_1966_gum_flavor,"Suggest a type of gum flavor. Reply with only the name, nothing else.",0.5639,<long> -> bench,0.5306,bubble gum -> bench,0.542,bubble gum -> bench,53,68,0.117,0.244,0.193,60,90,61,0.0,0.12,12.9,spearmint,0.3,10,8.05,38.58,0.091,"<long> 12%, spearmint gum 8%","<long> 24%, bubble gum 8%",0.5583,0.388,0.846,0.846
r8s_0145_coin,"Suggest a type of coin. Reply with only the name, nothing else.",0.5639,<long> -> bench,0.5611,penny -> real,0.5498,penny -> real,52,68,0.117,0.244,0.193,60,90,46,0.007,0.153,13.4,penny,0.6,9,4.5,16.31,0.367,"penny 37%, <long> 12%","penny 24%, <long> 24%",0.5442,0.621,0.37,0.37
r8_0012_volcano,"Name a volcano. Reply with only the name, nothing else.",0.5639,mount vesuvius -> real,0.5639,mount vesuvius -> real,0.5699,mount vesuvius -> real,52,74,0.133,0.178,0.16,60,90,49,0.0,0.127,12.9,mount vesuvius,0.5,10,5.9,20.29,0.206,"mount vesuvius 25%, mount st. helens 23%","<long> 18%, mount vesuvius 12%",0.5569,0.347,1.047,1.047
r8_0364_nerve,"Name a nerve. Reply with only the name, nothing else.",0.5639,<long> -> bench,0.5444,sciatic nerve -> real,0.5205,vagus nerve -> bench,56,74,0.05,0.178,0.127,60,90,30,0.007,0.12,12.7,sciatic nerve,0.7,6,2.94,5.77,0.631,"sciatic nerve 60%, femoral nerve 5%","sciatic nerve 51%, <long> 18%",0.5535,0.428,0.352,0.352
r8_0015_winter_sport,"Name a winter sport. Reply with only the name, nothing else.",0.5639,skiing -> bench,0.5639,skiing -> bench,0.571,skiing -> bench,60,87,0.0,0.033,0.02,60,90,25,0.0,0.02,7.0,snowboarding,0.35,7,4.78,8.78,0.367,"skiing 28%, snowboarding 22%","skiing 41%, snowboarding 17%",0.5556,0.264,0.925,0.925
r8s_0260_waterfowl,"Suggest a type of waterfowl. Reply with only the name, nothing else.",0.5639,mallard duck -> bench,0.5639,mallard duck -> bench,0.5797,mallard duck -> bench,57,80,0.05,0.111,0.087,60,90,43,0.0,0.08,9.7,mallard duck,0.4,11,7.58,14.72,0.321,"mallard duck 22%, mallard 15%","mallard duck 34%, mallard 19%",0.5322,0.424,0.05,0.05
r8_0191_herb,"Name a herb. Reply with only the name, nothing else.",0.5639,rosemary -> real,0.5639,rosemary -> real,0.5626,rosemary -> real,54,75,0.1,0.167,0.14,60,90,35,0.0,0.12,10.6,rosemary,0.35,9,6.68,13.65,0.279,"rosemary 32%, mint 15%","rosemary 19%, basil 18%",0.5475,0.427,0.213,0.213
r8s_0574_spice,"Suggest a type of spice. Reply with only the name, nothing else.",0.5639,cinnamon -> real,0.5639,cinnamon -> real,0.5339,cayenne pepper -> real,59,78,0.017,0.133,0.087,60,90,31,0.0,0.06,9.0,cinnamon,0.55,9,4.99,6.05,0.628,"cinnamon 65%, cayenne pepper 7%","cinnamon 52%, <long> 13%",0.5361,0.452,0.533,0.533
r8_0758_cup,"Name a cup. Reply with only the name, nothing else.",0.5639,mug -> real,0.5639,mug -> real,0.586,mug -> real,45,69,0.25,0.233,0.24,60,90,69,0.0,0.187,15.8,mug,0.3,15,11.68,38.92,0.149,"<long> 25%, mug 18%","<long> 23%, cup 16%",0.5439,0.513,0.203,0.203
r8_0281_geyser,"Name a geyser. Reply with only the name, nothing else.",0.5639,old faithful -> bench,0.5639,old faithful -> bench,0.5783,old faithful -> bench,52,77,0.133,0.144,0.14,60,90,35,0.0,0.093,11.5,old faithful,0.85,4,1.8,5.95,0.651,"old faithful 48%, <long> 13%","old faithful 61%, <long> 14%",0.5308,0.334,0.181,0.181
r8s_0864_place_of_worship,"Suggest a type of place of worship. Reply with only the name, nothing else.",0.5639,church -> bench,0.5639,church -> bench,0.5794,church -> bench,51,74,0.15,0.178,0.167,60,90,31,0.0,0.113,11.7,synagogue,0.25,11,8.35,12.81,0.264,"temple 23%, <long> 15%","church 21%, temple 21%",0.5537,0.391,0.423,0.423
r8_0426_writer,"Name a writer. Reply with only the name, nothing else.",0.5639,<long> -> bench,0.5389,ernest hemingway -> bench,0.5547,ernest hemingway -> bench,53,68,0.117,0.244,0.193,60,90,72,0.0,0.173,14.4,stephen king,0.2,11,8.71,38.97,0.174,"stephen king 18%, <long> 12%","<long> 24%, ernest hemingway 11%",0.5599,0.65,0.387,0.387
r8s_1144_part_of_a_seed,"Suggest a type of part of a seed. Reply with only the name, nothing else.",0.5639,<long> -> bench,0.5194,embryo -> real,0.5186,endosperm -> bench,55,71,0.083,0.211,0.16,60,90,51,0.0,0.127,12.9,embryo,0.25,11,8.98,16.2,0.294,"endosperm 25%, embryo 22%","endosperm 24%, <long> 21%",0.5423,0.5,0.037,0.037
r8s_1596_photographer,"Suggest a type of photographer. Reply with only the name, nothing else.",0.5639,wedding photographer -> bench,0.5639,wedding photographer -> bench,0.572,wedding photographer -> bench,49,76,0.183,0.156,0.167,60,90,30,0.0,0.147,13.0,wedding photographer,0.4,11,7.58,11.36,0.312,"<long> 18%, wedding photographer 18%","wedding photographer 31%, portrait photographer 18%",0.5558,0.463,0.354,0.354
r8_0022_disease,"Name a disease. Reply with only the name, nothing else.",0.5639,cancer -> real,0.5639,cancer -> real,0.5662,cancer -> real,55,77,0.083,0.133,0.113,60,90,41,0.007,0.107,11.5,diabetes,0.4,7,4.94,13.34,0.258,"diabetes 30%, cancer 22%","alzheimers disease 21%, diabetes 18%",0.549,0.395,0.522,0.522
r8s_1592_route,"Suggest a type of route. Reply with only the name, nothing else.",0.5639,<long> -> bench,0.525,scenic byway -> real,0.5319,scenic byway -> real,47,59,0.217,0.344,0.293,60,90,91,0.0,0.22,18.6,scenic route,0.25,16,13.37,79.93,0.066,"<long> 22%, named route 7%","<long> 34%, named route 3%",0.5354,0.62,0.292,0.17
r8_0272_electronic_device,"Name an electronic device. Reply with only the name, nothing else.",0.5639,iphone -> real,0.5639,iphone -> real,0.5705,iphone -> real,54,78,0.1,0.133,0.12,60,90,49,0.0,0.067,10.3,smartphone,0.2,10,8.48,20.49,0.273,"smartphone 20%, iphone 15%","smartphone 27%, <long> 13%",0.5574,0.507,0.794,0.794
r8s_0087_fuel,"Suggest a type of fuel. Reply with only the name, nothing else.",0.5639,gasoline -> bench,0.5639,gasoline -> bench,0.5748,gasoline -> bench,55,79,0.083,0.122,0.107,60,90,30,0.0,0.08,9.9,biodiesel,0.25,12,9.46,11.26,0.254,"diesel 28%, diesel fuel 22%","gasoline 21%, diesel 19%",0.5396,0.509,0.204,0.204
r8_0612_currency_symbol,"Name a currency symbol. Reply with only the name, nothing else.",0.5639,dollar sign -> real,0.5639,dollar sign -> real,0.5691,dollar sign -> real,53,72,0.117,0.2,0.167,60,90,29,0.0,0.12,12.0,dollar sign,0.4,9,6.16,11.12,0.352,"dollar 28%, dollar sign 18%","dollar 30%, <long> 20%",0.5691,0.243,0.908,0.908
r8s_1295_theater,"Suggest a type of theater. Reply with only the name, nothing else.",0.5639,<long> -> bench,0.5222,broadway -> bench,0.5282,broadway -> bench,55,71,0.083,0.211,0.16,60,90,60,0.0,0.127,12.9,off-broadway theater,0.2,14,11.99,32.2,0.198,"broadway theater 18%, <long> 8%","<long> 21%, broadway theater 16%",0.5456,0.495,0.319,0.319
r8_0064_pastry,"Name a pastry. Reply with only the name, nothing else.",0.5639,<long> -> bench,0.525,chocolate chip cookie -> real,0.541,macaron -> bench,51,65,0.15,0.278,0.227,60,90,44,0.0,0.18,14.7,macaron,0.3,11,7.81,14.66,0.379,"macaron 28%, <long> 15%","macaron 30%, <long> 28%",0.5452,0.431,0.483,0.483
r8s_1299_pressure,"Suggest a type of pressure. Reply with only the name, nothing else.",0.5639,atmospheric pressure -> bench,0.5639,atmospheric pressure -> bench,0.5809,atmospheric pressure -> bench,52,75,0.133,0.156,0.147,60,90,48,0.007,0.1,11.3,atmospheric pressure,0.45,9,5.64,15.42,0.307,"atmospheric pressure 18%, gauge pressure 17%","atmospheric pressure 31%, gauge pressure 22%",0.5767,0.531,0.831,0.922
r8s_0063_movie,"Suggest a type of movie. Reply with only the name, nothing else.",0.5639,comedy -> bench,0.5639,comedy -> bench,0.5725,comedy -> bench,46,78,0.233,0.133,0.173,60,90,53,0.0,0.14,13.9,action thriller,0.15,14,12.85,29.12,0.145,"<long> 23%, action 12%","comedy 14%, <long> 13%",0.5571,0.416,0.388,0.388
r8s_1584_academic_degree,"Suggest a type of academic degree. Reply with only the name, nothing else.",0.5639,<long> -> real,0.5389,master of science -> bench,0.5652,master of science -> bench,23,46,0.617,0.489,0.54,60,90,35,0.0,0.067,12.4,doctor of philosophy phd,0.15,15,13.78,20.67,0.174,"<long> 62%, masters degree 7%","<long> 49%, master of science 11%",0.5463,0.169,0.27,0.27
r8s_0268_bay,"Suggest a type of bay. Reply with only the name, nothing else.",0.5639,<long> -> bench,0.5111,sandy bay -> real,0.5179,box bay -> bench,45,56,0.25,0.378,0.327,60,90,97,0.0,0.227,18.6,fundy bay,0.1,19,18.66,93.81,0.03,"<long> 25%, sandy bay 3%","<long> 38%, box bay 2%",0.5262,0.84,0.51,0.538
r8s_0555_sculpture_material,"Suggest a type of sculpture material. Reply with only the name, nothing else.",0.5639,bronze -> real,0.5639,bronze -> real,0.5743,marble -> bench,57,77,0.033,0.144,0.1,60,90,10,0.007,0.1,9.3,bronze,0.45,6,4.06,2.38,0.642,"bronze 65%, marble 22%","bronze 52%, marble 32%",0.5299,0.376,0.32,0.32
r8_0010_currency,"Name a currency. Reply with only the name, nothing else.",0.5639,us dollar -> bench,0.5639,us dollar -> bench,0.5691,us dollar -> bench,54,82,0.1,0.089,0.093,60,90,22,0.0,0.093,8.8,euro,0.3,10,6.83,7.37,0.265,"euro 27%, dollar 18%","us dollar 28%, euro 22%",0.5484,0.207,0.244,0.244
r8_0215_soap,"Name a soap. Reply with only the name, nothing else.",0.5639,dove -> real,0.5639,dove -> real,0.569,dove -> real,49,67,0.183,0.256,0.227,60,90,52,0.0,0.14,14.0,dove,0.65,6,3.2,22.16,0.267,"dove 28%, <long> 18%","<long> 26%, dove 16%",0.5629,0.421,0.279,0.279
r8_0491_fairground_food,"Name a fairground food. Reply with only the name, nothing else.",0.5639,corn dog -> real,0.5639,corn dog -> real,0.5709,corn dog -> real,48,62,0.2,0.311,0.267,60,90,30,0.0,0.233,16.5,popcorn,0.45,9,5.64,10.74,0.345,"popcorn 28%, corn dog 22%","<long> 31%, popcorn 23%",0.5435,0.495,0.309,0.309
r8_0115_acid,"Name an acid. Reply with only the name, nothing else.",0.5639,nitric acid -> bench,0.5639,nitric acid -> bench,0.5764,nitric acid -> bench,55,76,0.083,0.156,0.127,60,90,23,0.0,0.093,11.4,acetic acid,0.3,8,6.37,8.1,0.305,"acetic acid 33%, sulfuric acid 20%","acetic acid 22%, sulfuric acid 17%",0.5439,0.362,0.18,0.18
r8_0207_language,"Name a type of language. Reply with only the name, nothing else.",0.5639,python -> bench,0.5639,python -> bench,0.5752,python -> bench,49,75,0.183,0.167,0.173,60,90,32,0.0,0.153,13.1,spanish,0.45,9,5.89,12.84,0.234,"spanish 22%, <long> 18%","python 24%, <long> 17%",0.5618,0.423,0.43,0.419
r8s_1530_level,"Suggest a type of level. Reply with only the name, nothing else.",0.5639,<long> -> bench,0.525,intermediate -> real,0.5294,level 1 -> bench,53,68,0.117,0.244,0.193,60,90,98,0.0,0.153,13.9,theme level,0.05,20,20.0,87.04,0.033,"<long> 12%, intermediate 5%","<long> 24%, level 1 4%",0.5293,0.7,0.235,0.144
r8_0778_barbecue_style,"Name a barbecue style. Reply with only the name, nothing else.",0.5639,<long> -> bench,0.5194,texas brisket barbecue -> real,0.5314,texas barbecue -> bench,51,65,0.15,0.278,0.227,60,90,57,0.0,0.167,14.8,kansas city barbecue,0.25,12,9.46,34.22,0.172,"<long> 15%, texas barbecue 12%","<long> 28%, texas barbecue 14%",0.5396,0.496,0.33,0.33
r8s_0099_herbivore,"Suggest a type of herbivore. Reply with only the name, nothing else.",0.5639,deer -> bench,0.5639,deer -> bench,0.5882,deer -> bench,57,80,0.05,0.111,0.087,60,90,29,0.0,0.073,8.2,deer,0.5,10,5.9,6.47,0.577,"deer 45%, rabbit 12%","deer 58%, <long> 11%",0.5353,0.399,0.695,0.695
r8_0580_astronomical_event,"Name an astronomical event. Reply with only the name, nothing else.",0.5639,<long> -> bench,0.5583,supernova -> real,0.562,supernova -> real,47,59,0.217,0.344,0.293,60,90,44,0.0,0.16,15.8,supernova,0.2,13,10.72,23.0,0.208,"supernova 22%, <long> 22%","<long> 34%, supernova explosion 12%",0.5398,0.419,0.184,0.184
r8s_1063_accessory,"Suggest a type of accessory. Reply with only the name, nothing else.",0.5639,<long> -> bench,0.5306,phone case -> bench,0.5402,phone case -> bench,55,71,0.083,0.211,0.16,60,90,80,0.0,0.113,12.3,sunglasses,0.25,14,11.64,56.05,0.087,"headphones 10%, <long> 8%","<long> 21%, phone case 8%",0.5343,0.651,0.377,0.421
r8s_1011_part_of_a_cell,"Suggest a type of part of a cell. Reply with only the name, nothing else.",0.5639,<long> -> bench,0.5333,header -> real,0.556,nucleus -> bench,49,62,0.183,0.311,0.26,60,90,56,0.0,0.22,17.0,mitochondria,0.35,8,5.52,31.62,0.144,"<long> 18%, header 10%","<long> 31%, nucleus 13%",0.545,0.495,0.111,0.123
r8s_1539_sports_team,"Suggest a type of sports team. Reply with only the name, nothing else.",0.5639,soccer team -> bench,0.5639,soccer team -> bench,0.5742,soccer team -> bench,51,77,0.15,0.144,0.147,60,90,47,0.0,0.107,11.5,angeles lakers,0.1,18,17.41,19.67,0.227,"<long> 15%, basketball team 13%","soccer team 24%, basketball team 19%",0.5588,0.509,0.698,0.698
r8_0357_sculptor,"Name a sculptor. Reply with only the name, nothing else.",0.5639,michelangelo -> real,0.5639,michelangelo -> real,0.5528,michelangelo -> real,58,82,0.033,0.089,0.067,60,90,23,0.0,0.053,8.5,auguste rodin,0.5,5,3.2,4.34,0.507,"michelangelo 55%, auguste rodin 32%","michelangelo 42%, auguste rodin 31%",0.5564,0.15,1.016,1.016
r8s_1610_fencing_sword,"Suggest a type of fencing sword. Reply with only the name, nothing else.",0.5639,<long> -> real,0.5306,foil fencing sword -> bench,0.5569,rapier -> real,33,61,0.45,0.322,0.373,60,90,69,0.0,0.313,21.9,rapier,0.4,13,8.71,49.54,0.138,"<long> 45%, rapier 12%","<long> 32%, foil fencing sword 8%",0.5345,0.73,0.486,0.486
r8s_1091_bread_loaf,"Suggest a type of bread loaf. Reply with only the name, nothing else.",0.5639,sourdough bread loaf -> bench,0.5639,sourdough bread loaf -> bench,0.5765,sourdough bread loaf -> bench,49,74,0.183,0.178,0.18,60,90,44,0.0,0.133,14.0,sourdough bread loaf,0.55,9,4.99,13.39,0.439,"sourdough bread loaf 28%, <long> 18%","sourdough bread loaf 41%, <long> 18%",0.5376,0.432,0.582,0.582
r8s_1848_tree_leaf,"Suggest a type of tree leaf. Reply with only the name, nothing else.",0.5639,maple leaf -> real,0.5639,maple leaf -> real,0.5671,maple leaf -> real,53,72,0.117,0.189,0.16,60,90,46,0.007,0.107,12.0,oak leaf,0.4,9,5.82,12.65,0.416,"oak leaf 42%, maple leaf 22%","oak leaf 30%, <long> 19%",0.5434,0.33,0.407,0.407
r8s_1366_rainforest_animal,"Suggest a type of rainforest animal. Reply with only the name, nothing else.",0.5639,jaguar -> bench,0.5639,jaguar -> bench,0.5894,jaguar -> bench,57,80,0.05,0.111,0.087,60,90,35,0.0,0.08,9.3,jaguar,0.75,6,2.62,6.46,0.613,"jaguar 48%, sloth 8%","jaguar 61%, <long> 11%",0.5334,0.382,0.169,0.169
r8s_0775_texture_of_food,"Suggest a type of texture of food. Reply with only the name, nothing else.",0.5611,<long> -> bench,0.5417,crispy -> real,0.5431,crispy -> real,50,64,0.167,0.289,0.24,60,90,46,0.0,0.187,15.0,crunchy,0.3,11,8.4,22.06,0.175,"<long> 17%, crispy 15%","<long> 29%, crunchy 14%",0.5542,0.421,0.51,0.51
r8_0984_occupation_in_building,"Name an occupation in building trade. Reply with only the name, nothing else.",0.5611,electrician -> bench,0.5611,electrician -> bench,0.5676,electrician -> bench,53,81,0.117,0.1,0.107,60,90,35,0.0,0.093,10.9,carpenter,0.5,5,3.2,10.49,0.448,"carpenter 45%, <long> 12%","carpenter 37%, electrician 16%",0.5585,0.381,0.778,0.778
r8_1700_acid_type,"Name an acid type. Reply with only the name, nothing else.",0.5611,hydrochloric acid -> real,0.5611,hydrochloric acid -> real,0.5639,hydrochloric acid -> real,52,68,0.133,0.244,0.2,60,90,39,0.0,0.16,15.2,hydrochloric acid,0.4,9,6.16,13.89,0.283,"sulfuric acid 23%, hydrochloric acid 20%","<long> 24%, sulfuric acid 22%",0.555,0.377,0.641,0.605
r8s_0659_kombucha,"Suggest a type of kombucha. Reply with only the name, nothing else.",0.5611,ginger kombucha -> bench,0.5611,ginger kombucha -> bench,0.5828,ginger kombucha -> bench,45,67,0.25,0.256,0.253,60,90,61,0.0,0.127,15.4,ginger peach kombucha,0.15,17,15.83,29.14,0.277,"<long> 25%, ginger kombucha 13%","ginger kombucha 26%, <long> 26%",0.5282,0.713,0.416,0.416
r8s_0300_travel_document,"Suggest a type of travel document. Reply with only the name, nothing else.",0.5611,<long> -> bench,0.5472,passport -> real,0.5089,international drivers license -> real,56,73,0.067,0.189,0.14,60,90,15,0.0,0.093,10.0,passport,0.55,8,4.66,1.92,0.884,"passport 82%, <long> 7%","passport 72%, <long> 19%",0.521,0.105,0.345,0.345
r8_0462_sandal,"Name a sandal. Reply with only the name, nothing else.",0.5611,<long> -> bench,0.525,birkenstock arizona -> real,0.5341,birkenstock -> bench,46,58,0.233,0.356,0.307,60,90,79,0.0,0.233,18.7,birkenstock,0.3,11,8.63,57.86,0.125,"<long> 23%, birkenstock 7%","<long> 36%, birkenstock 10%",0.5389,0.518,0.561,0.561
r8_0638_glass_item,"Name a glass item. Reply with only the name, nothing else.",0.5611,wine glass -> real,0.5611,wine glass -> real,0.5491,wine glass -> real,59,81,0.017,0.1,0.067,60,90,43,0.0,0.047,9.3,wine glass,0.15,15,13.78,16.69,0.35,"wine glass 40%, water glass 7%","wine glass 28%, <long> 10%",0.5404,0.41,0.494,0.494
r8s_0378_number,"Suggest a type of number. Reply with only the name, nothing else.",0.5611,integer -> bench,0.5611,integer -> bench,0.5745,integer -> bench,55,79,0.083,0.122,0.107,60,90,53,0.0,0.087,9.7,irrational number,0.2,12,10.44,21.04,0.306,"integer 20%, <long> 8%","integer 32%, float 14%",0.5561,0.389,0.48,0.549
r8s_1235_prehistoric_mammal,"Suggest a type of prehistoric mammal. Reply with only the name, nothing else.",0.5611,smilodon -> real,0.5611,smilodon -> real,0.5574,smilodon -> real,59,79,0.017,0.122,0.08,60,90,41,0.0,0.08,10.8,megatherium,0.15,13,11.38,18.83,0.21,"smilodon 20%, woolly mammoth 20%","woolly mammoth 19%, <long> 12%",0.5557,0.149,0.609,0.609
r8_0663_reality_tv_show,"Name a reality tv show. Reply with only the name, nothing else.",0.5611,survivor -> real,0.5611,survivor -> real,0.5617,survivor -> real,46,61,0.233,0.322,0.287,60,90,30,0.0,0.073,10.8,big brother,0.25,7,5.9,11.03,0.364,"survivor 33%, <long> 23%","<long> 32%, survivor 21%",0.546,0.347,0.397,0.397
r8_0943_telephone_brand,"Name a telephone brand. Reply with only the name, nothing else.",0.5611,apple -> bench,0.5611,apple -> bench,0.5812,apple -> bench,52,72,0.133,0.2,0.173,60,90,15,0.0,0.113,10.5,nokia,0.5,7,4.47,6.89,0.234,"nokia 23%, samsung 18%","apple 22%, <long> 20%",0.5576,0.294,0.529,0.529
r8_1047_ball_sport,"Name a ball sport. Reply with only the name, nothing else.",0.5611,baseball -> bench,0.5611,baseball -> bench,0.5582,baseball -> bench,54,84,0.1,0.067,0.08,60,90,15,0.0,0.06,7.6,basketball,0.35,7,5.15,4.79,0.478,"baseball 37%, basketball 22%","baseball 49%, basketball 26%",0.5503,0.29,0.403,0.403
r8_1091_bread_loaf,"Name a bread loaf. Reply with only the name, nothing else.",0.5611,sourdough bread loaf -> bench,0.5611,sourdough bread loaf -> bench,0.5778,sourdough bread loaf -> bench,45,69,0.25,0.233,0.24,60,90,60,0.0,0.173,16.5,sourdough bread loaf,0.35,11,7.67,26.3,0.272,"<long> 25%, sourdough bread loaf 13%","sourdough bread loaf 26%, <long> 23%",0.535,0.602,0.135,0.135
r8_0111_writing_instrument,"Name a type of writing instrument. Reply with only the name, nothing else.",0.5611,pencil -> bench,0.5611,pencil -> bench,0.5652,pencil -> bench,55,84,0.083,0.067,0.073,60,90,19,0.0,0.06,9.5,pen,0.4,6,4.11,4.84,0.504,"pen 43%, fountain pen 28%","pen 49%, fountain pen 18%",0.5523,0.186,0.462,0.462
r8_0609_jellyfish,"Name a jellyfish. Reply with only the name, nothing else.",0.5611,moon jelly -> bench,0.5611,moon jelly -> bench,0.5715,moon jelly -> bench,54,79,0.1,0.122,0.113,60,90,66,0.0,0.087,10.3,moon jelly,0.3,11,8.63,30.94,0.233,"moon jellyfish 17%, moon jelly 13%","moon jelly 26%, <long> 12%",0.5458,0.48,0.332,0.332
r8_1549_spirit,"Name a spirit. Reply with only the name, nothing else.",0.5611,<long> -> bench,0.5528,gin -> bench,0.5862,gin -> bench,50,64,0.167,0.289,0.24,60,90,60,0.0,0.207,16.0,jack daniels,0.25,14,11.64,31.25,0.237,"<long> 17%, gin 12%","<long> 29%, gin 22%",0.5401,0.641,0.263,0.263
r8_1540_hip_hop_move,"Name a hip-hop move. Reply with only the name, nothing else.",0.5611,<long> -> bench,0.5472,dougie -> real,0.5509,dougie -> real,50,64,0.167,0.289,0.24,60,90,59,0.0,0.18,16.7,dougie,0.15,17,15.83,33.38,0.132,"<long> 17%, dougie 15%","<long> 29%, running man 9%",0.5337,0.475,0.607,0.607
r8_0254_breakfast_food,"Name a breakfast food. Reply with only the name, nothing else.",0.5611,toast bread -> real,0.5611,toast bread -> real,0.6182,toast bread -> real,34,57,0.433,0.367,0.393,60,90,32,0.0,0.18,15.6,toast bread,0.2,13,11.49,15.7,0.264,"<long> 43%, toast bread 23%","<long> 37%, toast bread 11%",0.5365,0.469,0.351,0.351
r8_1649_occupation_in_the_art,"Name an occupation in the art. Reply with only the name, nothing else.",0.5611,<long> -> bench,0.5389,art director -> real,0.5416,graphic designer -> real,51,67,0.133,0.256,0.207,60,90,42,0.007,0.167,14.1,art director,0.35,9,6.51,14.59,0.407,"art director 37%, <long> 13%","art director 29%, <long> 26%",0.5368,0.497,0.088,0.088
r8s_0673_angel,"Suggest a type of angel. Reply with only the name, nothing else.",0.5611,<long> -> bench,0.5472,guardian angel -> real,0.5382,guardian angel -> real,52,66,0.133,0.256,0.207,60,90,71,0.007,0.193,15.2,guardian angel,0.5,11,6.32,37.5,0.246,"guardian angel 25%, <long> 13%","<long> 26%, guardian angel 16%",0.5534,0.468,0.413,0.413
r8_1868_epoch,"Name an epoch. Reply with only the name, nothing else.",0.5611,<long> -> bench,0.5611,renaissance -> real,0.575,renaissance -> real,48,60,0.2,0.322,0.273,60,90,84,0.007,0.233,18.0,cenozoic epoch,0.1,18,17.41,68.23,0.083,"<long> 20%, renaissance 13%","<long> 32%, epoch 1 7%",0.5675,0.508,0.462,0.626
r8s_0591_tissue,"Suggest a type of tissue. Reply with only the name, nothing else.",0.5611,facial tissue -> real,0.5611,facial tissue -> real,0.5799,facial tissue -> real,46,71,0.233,0.211,0.22,60,90,51,0.0,0.16,15.2,muscle tissue,0.4,9,6.16,28.92,0.197,"<long> 23%, facial tissue 13%","<long> 21%, muscle tissue 20%",0.6046,0.509,1.1,1.051
r8_1322_part_of_a_song,"Name a part of a song. Reply with only the name, nothing else.",0.5611,chorus -> real,0.5611,chorus -> real,0.5566,chorus -> real,52,71,0.133,0.211,0.18,60,90,35,0.0,0.127,12.4,chorus,0.55,4,2.71,12.31,0.358,"chorus 37%, <long> 13%","chorus 24%, <long> 21%",0.5506,0.224,0.284,0.284
r8_1191_bulb_vegetable,"Name a bulb vegetable. Reply with only the name, nothing else.",0.5611,<long> -> bench,0.5417,scallions -> real,0.5833,scallions -> real,30,34,0.5,0.622,0.573,60,90,39,0.0,0.52,31.0,onion,0.3,11,8.26,30.53,0.078,"<long> 50%, scallions 8%","<long> 62%, bulb vegetable 4%",0.5524,0.424,0.638,0.638
r8s_1356_neighborhood_feature,"Suggest a type of neighborhood feature. Reply with only the name, nothing else.",0.5611,park -> bench,0.5611,park -> bench,0.5884,park -> bench,50,69,0.167,0.233,0.207,60,90,54,0.0,0.147,13.6,park,0.4,9,6.16,23.31,0.303,"<long> 17%, park 17%","park 29%, <long> 23%",0.5518,0.523,0.429,0.434
r8s_0384_onion,"Suggest a type of onion. Reply with only the name, nothing else.",0.5611,red onion -> real,0.5611,red onion -> real,0.5461,red onion -> real,55,75,0.083,0.167,0.133,60,90,36,0.0,0.127,12.8,red onion,0.3,11,8.26,8.99,0.492,"red onion 50%, yellow onion 8%","red onion 38%, <long> 17%",0.5355,0.555,0.524,0.524
r8s_0377_snack,"Suggest a type of snack. Reply with only the name, nothing else.",0.5611,popcorn -> real,0.5611,popcorn -> real,0.5851,popcorn -> real,44,70,0.267,0.222,0.24,60,90,52,0.0,0.12,13.1,trail mix,0.2,12,10.44,25.26,0.228,"<long> 27%, popcorn 17%","<long> 22%, trail mix 20%",0.5549,0.433,0.297,0.297
r8s_1359_wind,"Suggest a type of wind. Reply with only the name, nothing else.",0.5611,<long> -> bench,0.5306,trade wind -> real,0.5396,offshore wind -> bench,56,73,0.067,0.189,0.14,60,90,70,0.0,0.133,12.5,breeze,0.25,12,10.14,42.85,0.116,"onshore wind 10%, trade wind 8%","<long> 19%, offshore wind 12%",0.5471,0.51,0.476,0.476
r8_0149_dessert,"Name a dessert. Reply with only the name, nothing else.",0.5611,chocolate cake -> real,0.5611,chocolate cake -> real,0.5693,chocolate cake -> real,49,68,0.183,0.244,0.22,60,90,42,0.0,0.12,12.9,tiramisu,0.25,14,11.64,18.15,0.205,"chocolate cake 23%, <long> 18%","<long> 24%, tiramisu 16%",0.5413,0.265,0.327,0.327
r8_0466_pottery,"Name a type of pottery. Reply with only the name, nothing else.",0.5611,<long> -> bench,0.5167,minoan pottery -> real,0.52,minoan pottery -> real,50,64,0.167,0.289,0.24,60,90,56,0.0,0.207,16.2,earthenware,0.15,16,14.77,26.71,0.175,"<long> 17%, terracotta 15%","<long> 29%, terracotta 12%",0.5362,0.527,0.487,0.487
r8s_0730_chinese_zodiac_animal,"Suggest a type of chinese zodiac animal. Reply with only the name, nothing else.",0.5611,dragon -> bench,0.5611,dragon -> bench,0.5673,dragon -> bench,56,83,0.067,0.078,0.073,60,90,24,0.0,0.073,8.2,dragon,0.3,8,6.37,8.39,0.317,"rat 30%, dragon 17%","rat 29%, dragon 29%",0.5445,0.412,0.679,0.679
r8_0585_detective,"Name a detective. Reply with only the name, nothing else.",0.5611,<long> -> bench,0.5444,hercule poirot -> bench,0.5571,hercule poirot -> bench,54,70,0.1,0.222,0.173,60,90,61,0.0,0.14,13.0,jack holloway,0.35,11,7.67,22.4,0.363,"sherlock holmes 32%, <long> 10%","sherlock holmes 29%, <long> 22%",0.5494,0.59,0.405,0.405
r8_0095_soil_type,"Name a soil type. Reply with only the name, nothing else.",0.5611,clay -> bench,0.5611,clay -> bench,0.5729,clay -> bench,52,76,0.133,0.156,0.147,60,90,36,0.0,0.133,12.5,clay soil,0.3,13,10.17,15.09,0.297,"clay soil 28%, loamy soil 15%","clay soil 23%, clay 16%",0.5537,0.288,0.816,0.816
r8_1796_bird_beak_shape,"Name a bird beak shape. Reply with only the name, nothing else.",0.5611,<long> -> bench,0.5333,crooked beak -> real,0.5333,crooked beak -> real,48,60,0.2,0.322,0.273,60,90,74,0.007,0.24,18.1,crossbill beak,0.2,14,11.99,50.75,0.13,"<long> 20%, crooked beak 13%","<long> 32%, crooked beak 7%",0.5444,0.608,0.888,0.888
r8s_0353_flower_shape,"Suggest a type of flower shape. Reply with only the name, nothing else.",0.5611,<long> -> bench,0.5306,rosebud -> bench,0.5481,rosebud -> bench,50,64,0.167,0.289,0.24,60,90,61,0.0,0.2,15.5,rose,0.15,17,15.83,40.94,0.114,"<long> 17%, daisy 7%","<long> 29%, rosebud 11%",0.5416,0.507,0.48,0.48
r8_1808_ice_age,"Name a type of ice age. Reply with only the name, nothing else.",0.5611,pleistocene ice age -> real,0.5611,pleistocene ice age -> real,0.5847,pleistocene ice age -> real,45,72,0.233,0.2,0.213,60,90,51,0.007,0.127,14.0,pleistocene ice age,0.35,10,7.16,23.37,0.188,"<long> 23%, pleistocene ice age 20%","<long> 20%, last glacial period 18%",0.5543,0.457,0.661,0.661
r8_1884_plant_flower_arrangeme,"Name a type of plant flower arrangement. Reply with only the name, nothing else.",0.5611,<long> -> bench,0.5222,bouquet -> bench,0.5345,bouquet -> bench,46,58,0.233,0.356,0.307,60,90,74,0.0,0.187,17.2,rainbow flower arrangement,0.1,18,17.41,49.07,0.173,"<long> 23%, rose flower arrangement 12%","<long> 36%, rose flower arrangement 12%",0.5324,0.623,0.327,0.327
r8s_1708_leather_item,"Suggest a type of leather item. Reply with only the name, nothing else.",0.5611,leather wallet -> real,0.5611,leather wallet -> real,0.5594,leather wallet -> real,56,79,0.067,0.122,0.1,60,90,34,0.0,0.08,10.1,leather jacket,0.2,14,12.31,10.47,0.341,"leather jacket 32%, leather wallet 30%","leather jacket 30%, leather wallet 18%",0.5362,0.262,0.539,0.539
r8_1723_encyclopaedia,"Name an encyclopaedia. Reply with only the name, nothing else.",0.5611,encyclopaedia britannica -> bench,0.5611,encyclopaedia britannica -> bench,0.5647,encyclopaedia britannica -> bench,47,76,0.217,0.156,0.18,60,90,35,0.0,0.127,13.2,encyclopaedia britannica,0.25,13,10.58,13.33,0.293,"<long> 22%, britannica 17%","encyclopaedia britannica 29%, <long> 16%",0.5422,0.366,0.362,0.362
r8_0925_acorn_feeder_animal,"Name an acorn feeder animal. Reply with only the name, nothing else.",0.5611,squirrel -> real,0.5611,squirrel -> real,0.5351,squirrel -> real,53,72,0.117,0.2,0.167,60,90,25,0.0,0.14,12.0,squirrel,0.75,6,2.62,3.71,0.752,"squirrel 70%, <long> 12%","squirrel 58%, <long> 20%",0.5368,0.305,0.299,0.299
r8_1669_fiber,"Name a fiber. Reply with only the name, nothing else.",0.5611,<long> -> bench,0.5333,fiber optic cable -> real,0.5343,fiber optic cable -> real,46,57,0.233,0.356,0.307,60,90,81,0.007,0.24,18.6,cotton,0.15,18,16.96,57.72,0.136,"<long> 23%, fiber optic cable 13%","<long> 36%, fiber optic cable 7%",0.5556,0.556,0.425,0.485
r8_0358_fictional_world,"Name a fictional world. Reply with only the name, nothing else.",0.5611,world of eralia -> bench,0.5611,world of eralia -> bench,0.5796,world of eralia -> bench,52,72,0.133,0.2,0.173,60,90,38,0.0,0.127,14.4,middle-earth,0.4,10,6.89,14.7,0.21,"land of eralia 20%, <long> 13%","<long> 20%, world of eralia 19%",0.5391,0.282,0.17,0.17
r8s_0120_energy_source,"Suggest a type of energy source. Reply with only the name, nothing else.",0.5611,solar energy -> real,0.5611,solar energy -> real,0.5528,solar energy -> real,57,82,0.05,0.089,0.073,60,90,22,0.0,0.06,8.9,solar energy,0.7,5,2.74,5.11,0.604,"solar energy 63%, solar 15%","solar energy 51%, <long> 9%",0.5308,0.204,0.206,0.206
r8_0359_amino_acid,"Name an amino acid. Reply with only the name, nothing else.",0.5611,alanine -> bench,0.5611,alanine -> bench,0.575,alanine -> bench,56,80,0.067,0.111,0.093,60,90,25,0.0,0.08,9.5,glycine,0.4,9,5.82,12.12,0.338,"alanine 23%, valine 8%","alanine 36%, glycine 12%",0.5595,0.431,1.111,1.111
r8_0013_legume,"Name a legume. Reply with only the name, nothing else.",0.5611,soybean -> bench,0.5611,soybean -> bench,0.5795,soybean -> bench,56,80,0.067,0.111,0.093,60,90,27,0.0,0.087,9.8,soybean,0.45,8,5.35,7.32,0.522,"soybean 40%, lentil 13%","soybean 52%, lentil 12%",0.589,0.294,1.528,1.528
r8_1431_motorcycle_style,"Name a motorcycle style. Reply with only the name, nothing else.",0.5611,cruiser -> bench,0.5611,cruiser -> bench,0.5733,cruiser -> bench,57,75,0.05,0.167,0.12,60,90,47,0.0,0.107,11.1,sportbike,0.25,12,9.87,22.51,0.167,"cafe racer 17%, sportbike 12%","<long> 17%, sportbike 16%",0.5468,0.411,0.608,0.608
r8s_0540_pocket,"Suggest a type of pocket. Reply with only the name, nothing else.",0.5611,<long> -> bench,0.5222,card pocket -> bench,0.5286,card pocket -> bench,54,70,0.1,0.222,0.173,60,90,71,0.0,0.153,13.7,coin pocket,0.25,13,10.86,41.74,0.129,"front pocket 13%, coin pocket 10%","<long> 22%, coin pocket 10%",0.5353,0.661,0.218,0.221
r8s_0055_mollusk,"Suggest a type of mollusk. Reply with only the name, nothing else.",0.5611,snail -> real,0.5611,snail -> real,0.5661,snail -> real,52,71,0.133,0.211,0.18,60,90,47,0.0,0.14,13.0,octopus,0.25,11,8.35,24.79,0.154,"snail 20%, oyster 17%","<long> 21%, oyster 10%",0.551,0.376,0.46,0.46
r8s_0019_building,"Suggest a type of building. Reply with only the name, nothing else.",0.5611,<long> -> bench,0.5222,condo -> bench,0.5263,condo -> bench,58,76,0.033,0.156,0.107,60,90,56,0.0,0.093,11.3,hospital,0.15,13,11.38,22.53,0.351,"apartment building 33%, skyscraper 5%","apartment building 30%, <long> 16%",0.5291,0.586,0.275,0.275
r8_0969_camera_shot,"Name a camera shot. Reply with only the name, nothing else.",0.5611,aerial shot -> real,0.5611,aerial shot -> real,0.5736,establishing shot -> bench,54,74,0.1,0.178,0.147,60,90,46,0.0,0.093,11.6,aerial shot,0.1,16,15.16,27.67,0.141,"aerial shot 13%, <long> 10%","<long> 18%, establishing shot 17%",0.5375,0.591,0.522,0.522
r8s_1110_saltwater_sport_fish,"Suggest a type of saltwater sport fish. Reply with only the name, nothing else.",0.5611,bonefish -> real,0.5611,bonefish -> real,0.5677,bonefish -> real,53,75,0.117,0.167,0.147,60,90,47,0.0,0.14,12.8,grouper,0.1,17,16.25,27.91,0.109,"bonefish 17%, <long> 12%","<long> 17%, redfish 10%",0.546,0.623,0.849,0.849
r8_0782_trade,"Name a trade. Reply with only the name, nothing else.",0.5611,carpenter -> real,0.5611,carpenter -> real,0.5813,carpenter -> real,42,53,0.3,0.411,0.367,60,90,50,0.0,0.253,19.5,electrician,0.35,8,5.89,23.3,0.211,"<long> 30%, carpenter 17%","<long> 41%, electrician 11%",0.5582,0.517,0.44,0.444
r8s_0500_banknote,"Suggest a type of banknote. Reply with only the name, nothing else.",0.5611,<long> -> bench,0.5167,canadian $50 banknote -> real,0.5208,canadian $50 banknote -> real,48,61,0.2,0.322,0.273,60,90,85,0.0,0.18,17.5,bank of england £50 note,0.1,19,18.66,76.17,0.046,"<long> 20%, canadian $50 banknote 3%","<long> 32%, banknote 3%",0.5456,0.591,0.685,0.685
r8_0376_clay,"Name a clay. Reply with only the name, nothing else.",0.5611,clay -> bench,0.5611,clay -> bench,0.5925,clay -> bench,45,61,0.25,0.322,0.293,60,90,55,0.0,0.227,18.5,pottery clay,0.15,16,14.77,31.72,0.151,"<long> 25%, red clay 10%","<long> 32%, clay 16%",0.5668,0.517,0.694,0.694
r8_1022_dynasty,"Name a dynasty. Reply with only the name, nothing else.",0.5611,<long> -> bench,0.5472,han dynasty -> real,0.5447,han dynasty -> real,54,70,0.1,0.222,0.173,60,90,55,0.0,0.153,13.7,han dynasty,0.45,11,6.94,32.72,0.153,"han dynasty 18%, <long> 10%","<long> 22%, han dynasty 9%",0.5423,0.643,0.486,0.486
r8_1709_window_type,"Name a window type. Reply with only the name, nothing else.",0.5611,bay window -> real,0.5611,bay window -> real,0.5678,bay window -> real,54,80,0.1,0.111,0.107,60,90,64,0.0,0.087,11.0,bay window,0.5,6,3.95,35.1,0.164,"casement window 15%, bay window 13%","casement window 14%, <long> 11%",0.5492,0.408,0.347,0.344
r8s_0088_baking_ingredient,"Suggest a type of baking ingredient. Reply with only the name, nothing else.",0.5611,butter -> real,0.5611,butter -> real,0.5665,butter -> real,55,80,0.083,0.111,0.1,60,90,27,0.0,0.093,10.6,all-purpose flour,0.25,13,10.86,13.06,0.252,"all-purpose flour 20%, butter 13%","all-purpose flour 24%, vanilla extract 14%",0.5492,0.494,1.04,1.04
r8_0823_lake_on_earth,"Name a lake on earth. Reply with only the name, nothing else.",0.5611,lake superior -> real,0.5611,lake superior -> real,0.5577,lake superior -> real,59,87,0.017,0.033,0.027,60,90,22,0.0,0.013,6.4,lake superior,0.6,7,3.82,5.49,0.575,"lake superior 63%, lake michigan 10%","lake superior 51%, lake michigan 11%",0.5184,0.058,0.914,0.914
r8_1699_van_gogh_painting,"Name a type of van gogh painting. Reply with only the name, nothing else.",0.5611,<long> -> bench,0.5167,sunflowers -> bench,0.5452,sunflowers -> bench,38,46,0.367,0.489,0.44,60,90,46,0.0,0.233,18.9,starry night,0.3,15,11.68,23.4,0.238,"<long> 37%, starry night 13%","<long> 49%, starry night 13%",0.5568,0.429,0.393,0.393
r8s_0086_shellfish,"Suggest a type of shellfish. Reply with only the name, nothing else.",0.5611,<long> -> bench,0.5611,scallop -> real,0.5769,oyster -> bench,60,79,0.0,0.122,0.073,60,90,31,0.0,0.047,8.4,oysters,0.3,9,7.32,12.49,0.237,"oysters 25%, oyster 15%","oyster 27%, oysters 19%",0.5358,0.529,0.366,0.366
r8s_1774_custard,"Suggest a type of custard. Reply with only the name, nothing else.",0.5611,vanilla custard -> bench,0.5611,vanilla custard -> bench,0.5674,chocolate custard -> real,50,78,0.167,0.133,0.147,60,90,38,0.0,0.12,11.8,chocolate custard,0.35,13,9.44,10.61,0.359,"chocolate custard 28%, vanilla custard 23%","vanilla custard 36%, chocolate custard 18%",0.5457,0.365,1.01,1.01
r8s_1467_toothpaste_flavor,"Suggest a type of toothpaste flavor. Reply with only the name, nothing else.",0.5611,mint -> bench,0.5611,mint -> bench,0.5801,mint -> bench,55,79,0.083,0.122,0.107,60,90,33,0.0,0.093,10.5,mint,0.4,11,7.58,7.92,0.567,"mint 43%, <long> 8%","mint 56%, <long> 12%",0.5349,0.286,0.874,0.874
r8_0793_bottled_water,"Name a bottled water. Reply with only the name, nothing else.",0.5611,aquafina -> real,0.5611,aquafina -> real,0.5463,aquafina -> real,54,74,0.1,0.178,0.147,60,90,27,0.0,0.12,12.1,aquafina,0.55,7,4.05,6.81,0.539,"aquafina 53%, <long> 10%","aquafina 41%, <long> 18%",0.5292,0.558,0.019,0.019
r8_0845_reflective,"Name a reflective. Reply with only the name, nothing else.",0.5611,<long> -> bench,0.5167,ethan -> real,0.525,ethan -> real,40,48,0.333,0.456,0.407,60,90,85,0.007,0.307,23.9,eliot mitson,0.05,20,20.0,80.06,0.045,"<long> 33%, ethan 3%","<long> 46%, mirror 3%",0.5299,0.745,0.417,0.418
r8s_1219_hospital_department,"Suggest a type of hospital department. Reply with only the name, nothing else.",0.5611,emergency department -> bench,0.5611,emergency department -> bench,0.5769,emergency department -> bench,55,79,0.083,0.122,0.107,60,90,47,0.0,0.067,10.2,emergency department,0.4,9,6.16,14.43,0.418,"emergency department 30%, emergency room 10%","emergency department 42%, <long> 12%",0.5529,0.331,0.86,0.86
r8s_1689_alga,"Suggest a type of alga. Reply with only the name, nothing else.",0.5611,spirulina -> real,0.5611,spirulina -> real,0.5624,spirulina -> real,58,84,0.033,0.067,0.053,60,90,41,0.0,0.047,10.4,chlorella,0.15,15,13.78,18.0,0.169,"chlorella 18%, spirulina 17%","chlamydomonas reinhardtii 20%, chlorella vulgaris 11%",0.5373,0.399,0.708,0.708
r8_0034_ice_cream_flavor,"Name an ice cream flavor. Reply with only the name, nothing else.",0.5611,chocolate -> bench,0.5611,chocolate -> bench,0.5786,chocolate -> bench,50,71,0.167,0.211,0.193,60,90,38,0.0,0.087,11.7,chocolate chip cookie dough,0.25,14,11.34,16.27,0.19,"<long> 17%, mint chocolate chip 13%","<long> 21%, mint chocolate chip 17%",0.5496,0.315,0.656,0.656
r8s_0213_storm,"Suggest a type of storm. Reply with only the name, nothing else.",0.5611,<long> -> bench,0.5361,tornado -> real,0.5445,hurricane -> bench,60,79,0.0,0.122,0.073,60,90,32,0.0,0.06,8.3,hurricane,0.45,9,5.89,10.1,0.417,"hurricane 37%, tornado 15%","hurricane 40%, <long> 12%",0.5351,0.509,0.371,0.371
r8s_0413_ice_cream_topping,"Suggest a type of ice cream topping. Reply with only the name, nothing else.",0.5611,<long> -> bench,0.5583,chocolate sauce -> real,0.5437,chocolate sauce -> real,56,73,0.067,0.189,0.14,60,90,38,0.0,0.12,11.3,chocolate sauce,0.35,11,8.01,11.04,0.326,"chocolate sauce 35%, chocolate chips 27%","chocolate sauce 23%, chocolate chips 23%",0.5248,0.227,0.658,0.658
r8_1609_type_of_historical_fig,"Name a type of historical figure. Reply with only the name, nothing else.",0.5611,<long> -> bench,0.525,abraham lincoln -> real,0.5249,abraham lincoln -> real,54,70,0.1,0.222,0.173,60,90,87,0.0,0.133,13.2,revolutionary leader,0.1,19,18.66,68.76,0.065,"<long> 10%, abraham lincoln 8%","<long> 22%, king 3%",0.5352,0.53,0.195,0.195
r8_1890_saddle,"Name a saddle. Reply with only the name, nothing else.",0.5611,<long> -> bench,0.5167,jump saddle -> real,0.5217,jump saddle -> real,46,58,0.233,0.356,0.307,60,90,90,0.0,0.2,18.4,maya,0.05,20,20.0,73.65,0.115,"<long> 23%, saddle 8%","<long> 36%, saddle 8%",0.541,0.698,1.019,1.019
r8s_0232_ocean,"Suggest a type of ocean. Reply with only the name, nothing else.",0.5611,<long> -> bench,0.5333,atlantic ocean -> real,0.5195,atlantic ocean -> real,58,76,0.033,0.156,0.107,60,90,22,0.0,0.093,10.0,arctic ocean,0.5,4,2.99,5.94,0.433,"pacific ocean 42%, atlantic ocean 27%","pacific ocean 37%, atlantic ocean 20%",0.5513,0.251,0.261,0.261
r8_1474_pencil,"Name a pencil. Reply with only the name, nothing else.",0.5611,<long> -> bench,0.5194,2b pencil -> bench,0.5341,2b pencil -> bench,44,55,0.267,0.389,0.34,60,90,67,0.0,0.247,18.7,pencil,0.2,16,14.14,37.25,0.253,"<long> 27%, pencil 17%","<long> 39%, pencil 17%",0.5512,0.529,0.697,0.697
r8_0706_athlete,"Name an athlete. Reply with only the name, nothing else.",0.5611,usain bolt -> bench,0.5611,usain bolt -> bench,0.5764,usain bolt -> bench,59,83,0.017,0.078,0.053,60,90,35,0.0,0.047,8.9,usain bolt,0.35,6,4.93,10.4,0.394,"usain bolt 30%, michael phelps 20%","usain bolt 42%, michael phelps 16%",0.5674,0.278,0.916,0.916
r8_0427_hobby,"Name a hobby. Reply with only the name, nothing else.",0.5611,<long> -> bench,0.5444,photography -> real,0.5413,photography -> real,56,73,0.067,0.189,0.14,60,90,47,0.0,0.067,9.4,gardening,0.2,12,10.72,25.23,0.132,"photography 17%, collecting stamps 10%","<long> 19%, collecting stamps 9%",0.5459,0.426,0.419,0.419
r8_1452_light_fixture,"Name a type of light fixture. Reply with only the name, nothing else.",0.5611,sconce -> real,0.5611,sconce -> real,0.5678,pendant light fixture -> bench,55,72,0.083,0.2,0.153,60,90,28,0.0,0.14,12.6,chandelier,0.55,9,4.99,9.28,0.417,"chandelier 37%, sconce 17%","chandelier 34%, <long> 20%",0.5418,0.348,0.126,0.126
r8_1043_historical_building,"Name a type of historical building. Reply with only the name, nothing else.",0.5611,<long> -> bench,0.5222,castle -> bench,0.545,castle -> bench,50,64,0.167,0.289,0.24,60,90,69,0.0,0.18,15.1,castle,0.3,13,10.17,41.18,0.211,"<long> 17%, castle 13%","<long> 29%, castle 18%",0.5363,0.707,0.283,0.283
r8_1467_toothpaste_flavor,"Name a toothpaste flavor. Reply with only the name, nothing else.",0.5611,<long> -> bench,0.5194,peppermint -> bench,0.5416,mint -> bench,56,73,0.067,0.189,0.14,60,90,25,0.0,0.107,10.6,mint,0.4,10,6.89,4.61,0.69,"mint 60%, <long> 7%","mint 59%, <long> 19%",0.5323,0.271,0.748,0.748
r8_1177_organic_compound,"Name an organic compound. Reply with only the name, nothing else.",0.5611,glucose -> real,0.5611,glucose -> real,0.5573,glucose -> real,60,82,0.0,0.089,0.053,60,90,54,0.0,0.053,8.0,glucose,0.2,12,10.0,25.35,0.134,"glucose 20%, ethanol 15%","methanol 13%, ethanol 11%",0.5913,0.437,0.815,0.815
r8_0871_invertebrate,"Name an invertebrate. Reply with only the name, nothing else.",0.5611,<long> -> bench,0.55,snail -> real,0.5451,snail -> real,52,67,0.133,0.256,0.207,60,90,47,0.0,0.187,13.9,snail,0.3,12,9.25,25.03,0.218,"snail 23%, <long> 13%","<long> 26%, snail 13%",0.5526,0.481,0.688,0.688
r8_1237_dessert_baked,"Name a dessert baked. Reply with only the name, nothing else.",0.5611,<long> -> bench,0.5222,chocolate chip cookie -> bench,0.5485,chocolate chip cookie -> bench,42,52,0.3,0.422,0.373,60,90,45,0.0,0.16,16.5,chocolate chip cookie,0.15,15,13.78,21.83,0.245,"<long> 30%, chocolate chip cookies 17%","<long> 42%, chocolate chip cookies 14%",0.5407,0.337,1.004,1.004
r8s_1853_photography_term,"Suggest a type of photography term. Reply with only the name, nothing else.",0.5611,macro photography -> bench,0.5611,macro photography -> bench,0.571,macro photography -> bench,47,73,0.217,0.189,0.2,60,90,59,0.0,0.187,14.6,golden hour photography,0.15,15,13.78,21.83,0.342,"<long> 22%, macro photography 20%","macro photography 32%, <long> 19%",0.5403,0.533,0.35,0.35
r8_1101_part_of_a_car,"Name a part of a car. Reply with only the name, nothing else.",0.5611,<long> -> bench,0.5611,engine -> real,0.5487,engine -> real,60,79,0.0,0.122,0.073,60,90,51,0.0,0.067,8.3,engine,0.25,12,9.46,26.62,0.245,"engine 30%, hood 10%","engine 18%, <long> 12%",0.5327,0.643,0.243,0.243
r8_1012_form_of_heat,"Name a form of heat. Reply with only the name, nothing else.",0.5611,infrared radiation -> bench,0.5611,infrared radiation -> bench,0.5753,infrared radiation -> bench,51,73,0.15,0.189,0.173,60,90,47,0.0,0.113,12.3,conduction,0.2,12,10.17,23.88,0.121,"<long> 15%, radiation 13%","<long> 19%, infrared radiation 12%",0.5531,0.305,0.788,0.788
r8_1488_injury,"Name an injury. Reply with only the name, nothing else.",0.5611,<long> -> bench,0.5528,sprained ankle -> real,0.5431,sprained ankle -> real,54,70,0.1,0.222,0.173,60,90,63,0.0,0.127,14.2,sprained ankle,0.45,12,7.44,30.17,0.266,"sprained ankle 28%, <long> 10%","<long> 22%, sprained ankle 18%",0.548,0.61,0.462,0.462
r8_0235_crop,"Name a crop. Reply with only the name, nothing else.",0.5583,corn -> bench,0.5583,corn -> bench,0.5711,corn -> bench,56,81,0.067,0.1,0.087,60,90,34,0.0,0.08,8.8,corn,0.3,9,7.01,10.92,0.423,"corn 32%, wheat 12%","corn 43%, <long> 10%",0.549,0.437,0.26,0.26
r8s_0602_chip,"Suggest a type of chip. Reply with only the name, nothing else.",0.5583,potato chip -> real,0.5583,potato chip -> real,0.5724,potato chip -> real,44,57,0.267,0.367,0.327,60,90,73,0.0,0.213,18.8,tortilla chips,0.15,15,13.42,48.83,0.168,"<long> 27%, potato chip 18%","<long> 37%, potato chip 7%",0.5399,0.612,0.608,0.722
r8s_1157_philosophical_concept,"Suggest a type of philosophical concept. Reply with only the name, nothing else.",0.5583,existentialism -> real,0.5583,existentialism -> real,0.5663,existentialism -> real,53,80,0.117,0.111,0.113,60,90,59,0.0,0.093,10.8,existentialism,0.1,18,17.41,32.11,0.128,"existentialism 18%, <long> 12%","<long> 11%, utilitarianism 10%",0.5494,0.585,0.979,0.979
r8_0484_muffin,"Name a muffin. Reply with only the name, nothing else.",0.5583,chocolate chip muffin -> real,0.5583,chocolate chip muffin -> real,0.5606,chocolate chip muffin -> real,54,79,0.1,0.122,0.113,60,90,36,0.0,0.053,9.6,blueberry muffin,0.45,5,3.24,8.66,0.391,"chocolate chip muffin 42%, blueberry muffin 25%","chocolate chip muffin 30%, blueberry muffin 27%",0.5394,0.261,0.212,0.212
r8_1041_giant,"Name a giant. Reply with only the name, nothing else.",0.5583,<long> -> bench,0.5444,amazon -> real,0.5465,amazon -> real,53,69,0.117,0.233,0.187,60,90,65,0.0,0.153,13.1,jack,0.1,17,16.25,35.22,0.197,"google 18%, amazon 13%","<long> 23%, google 14%",0.5564,0.509,0.418,0.489
r8_0218_mountain,"Name a mountain. Reply with only the name, nothing else.",0.5583,<long> -> bench,0.5528,mount everest -> real,0.5294,mont blanc -> real,55,72,0.083,0.2,0.153,60,90,39,0.0,0.12,12.0,mount everest,0.7,6,2.94,9.37,0.535,"mount everest 52%, <long> 8%","mount everest 41%, <long> 20%",0.5366,0.297,0.452,0.452
r8_1631_indian_dish,"Name an indian dish. Reply with only the name, nothing else.",0.5583,<long> -> bench,0.5417,biryani -> real,0.5414,biryani -> real,57,75,0.05,0.167,0.12,60,90,32,0.0,0.1,11.9,butter chicken,0.75,6,2.62,8.89,0.47,"butter chicken 43%, chicken tikka masala 13%","butter chicken 40%, <long> 17%",0.5337,0.519,0.168,0.168
r8s_0976_hair_accessory,"Suggest a type of hair accessory. Reply with only the name, nothing else.",0.5583,<long> -> bench,0.5389,headband -> real,0.5339,hair scarf -> real,59,78,0.017,0.133,0.087,60,90,23,0.0,0.073,9.4,headband,0.35,11,8.22,8.08,0.35,"headband 37%, hair clip 23%","headband 29%, hair clip 23%",0.5429,0.234,0.26,0.26
r8s_0816_major_ocean,"Suggest a type of major ocean. Reply with only the name, nothing else.",0.5583,pacific ocean -> real,0.5583,pacific ocean -> real,0.5589,pacific ocean -> real,55,81,0.083,0.1,0.093,60,90,20,0.0,0.073,9.6,pacific ocean,0.3,9,6.8,4.18,0.566,"pacific ocean 58%, atlantic ocean 23%","pacific ocean 47%, atlantic ocean 24%",0.5415,0.148,0.444,0.444
r8_1803_mineral_water,"Name a mineral water. Reply with only the name, nothing else.",0.5583,<long> -> bench,0.5194,san pellegrino -> bench,0.5343,san pellegrino -> bench,51,66,0.15,0.267,0.22,60,90,41,0.0,0.167,14.6,perrier,0.4,11,7.38,12.35,0.436,"perrier 35%, <long> 15%","perrier 33%, <long> 27%",0.5414,0.456,0.048,0.048
r8_1048_laboratory_apparatus,"Name a type of laboratory apparatus. Reply with only the name, nothing else.",0.5583,<long> -> bench,0.5361,bunsen burner -> real,0.5348,erlenmeyer flask -> bench,59,78,0.017,0.133,0.087,60,90,37,0.0,0.08,10.0,burette,0.25,11,9.21,16.66,0.204,"beaker 20%, erlenmeyer flask 13%","erlenmeyer flask 18%, beaker 18%",0.5476,0.417,0.208,0.208
r8_0347_shirt_style,"Name a shirt style. Reply with only the name, nothing else.",0.5583,polo shirt -> bench,0.5583,polo shirt -> bench,0.5735,polo shirt -> bench,54,77,0.1,0.144,0.127,60,90,43,0.0,0.08,10.8,polo shirt,0.3,11,8.26,15.29,0.29,"polo shirt 18%, henley shirt 13%","polo shirt 30%, <long> 14%",0.5734,0.331,0.894,0.894
r8s_1115_laughter,"Suggest a type of laughter. Reply with only the name, nothing else.",0.5583,<long> -> bench,0.5361,giggles -> real,0.5397,giggle -> bench,49,63,0.183,0.3,0.253,60,90,64,0.0,0.18,15.9,giggles,0.2,17,15.16,39.9,0.143,"<long> 18%, giggles 15%","<long> 30%, giggles 8%",0.5377,0.614,0.369,0.369
r8_1734_synonym_for_happy,"Name a synonym for happy. Reply with only the name, nothing else.",0.5583,joyful -> real,0.5583,joyful -> real,0.5403,joyful -> real,55,76,0.083,0.156,0.127,60,90,24,0.0,0.113,11.0,joyful,0.6,9,4.5,5.27,0.626,"joyful 62%, <long> 8%","joyful 50%, <long> 16%",0.53,0.418,0.208,0.208
r8s_1082_nonfiction_genre,"Suggest a nonfiction genre. Reply with only the name, nothing else.",0.5583,biography -> bench,0.5583,biography -> bench,0.5762,biography -> bench,55,78,0.083,0.133,0.113,60,90,47,0.0,0.08,9.9,biography,0.35,10,6.77,16.12,0.398,"biography 28%, <long> 8%","biography 40%, <long> 13%",0.5564,0.481,0.675,0.675
r8_0313_storm_type,"Name a storm type. Reply with only the name, nothing else.",0.5583,hurricane -> real,0.5583,hurricane -> real,0.5388,hurricane -> real,55,76,0.083,0.156,0.127,60,90,22,0.0,0.12,10.0,hurricane,0.6,6,3.66,4.51,0.664,"hurricane 65%, <long> 8%","hurricane 53%, <long> 16%",0.5318,0.381,0.256,0.256
r8_1171_us_president,"Name an us president. Reply with only the name, nothing else.",0.5583,trump -> real,0.5583,trump -> real,0.5614,trump -> real,57,81,0.05,0.1,0.08,60,90,27,0.0,0.047,8.1,joe biden,0.25,11,8.82,6.94,0.565,"joe biden 48%, trump 12%","joe biden 54%, <long> 10%",0.5447,0.56,0.523,0.523
r8s_1166_reef,"Suggest a type of reef. Reply with only the name, nothing else.",0.5583,coral reef -> bench,0.5583,coral reef -> bench,0.5785,coral reef -> bench,52,72,0.133,0.2,0.173,60,90,48,0.0,0.147,13.8,fringing reef,0.3,12,8.85,23.16,0.226,"<long> 13%, fringing reef 12%","coral reef 23%, <long> 20%",0.5407,0.617,0.66,0.66
r8_0284_musical_genre,"Name a musical genre. Reply with only the name, nothing else.",0.5583,<long> -> bench,0.5361,jazz -> bench,0.5568,jazz -> bench,57,75,0.05,0.167,0.12,60,90,46,0.0,0.107,10.9,jazz,0.25,15,12.48,23.22,0.258,"jazz 18%, reggae 8%","jazz 26%, <long> 17%",0.5387,0.625,0.276,0.276
r8s_0898_smoothie_ingredient,"Suggest a type of smoothie ingredient. Reply with only the name, nothing else.",0.5583,spinach leaves -> real,0.5583,spinach leaves -> real,0.5575,spinach leaves -> real,53,77,0.117,0.144,0.133,60,90,26,0.0,0.107,10.7,spinach leaves,0.35,14,10.12,6.1,0.592,"spinach leaves 58%, <long> 12%","spinach leaves 47%, <long> 14%",0.529,0.367,0.377,0.377
r8s_0861_cactus_flower_color,"Suggest a type of cactus flower color. Reply with only the name, nothing else.",0.5583,pink -> bench,0.5583,pink -> bench,0.5489,pink -> bench,45,75,0.25,0.167,0.2,60,90,40,0.0,0.153,13.0,pink,0.2,14,11.99,11.21,0.483,"pink 32%, <long> 25%","pink 43%, <long> 17%",0.5337,0.422,1.036,1.036
r8_0412_flour,"Name a flour. Reply with only the name, nothing else.",0.5583,all-purpose flour -> real,0.5583,all-purpose flour -> real,0.5263,all purpose flour -> real,57,77,0.05,0.144,0.107,60,90,18,0.0,0.08,11.6,all-purpose flour,0.8,3,1.89,2.42,0.836,"all-purpose flour 82%, <long> 5%","all-purpose flour 70%, <long> 14%",0.5301,0.152,0.589,0.589
r8_0425_rock_formation,"Name a rock formation. Reply with only the name, nothing else.",0.5583,<long> -> bench,0.5306,grand canyon -> real,0.5339,grand canyon -> real,45,57,0.25,0.367,0.32,60,90,83,0.0,0.227,18.7,grand canyon,0.25,15,12.48,67.03,0.118,"<long> 25%, grand canyon 12%","<long> 37%, grand canyon 6%",0.5526,0.534,1.008,1.008
r8_0199_watch_brand,"Name a watch brand. Reply with only the name, nothing else.",0.5583,rolex -> bench,0.5583,rolex -> bench,0.5819,rolex -> bench,52,74,0.133,0.178,0.16,60,90,33,0.0,0.107,12.1,rolex,0.45,10,6.48,9.15,0.5,"rolex 35%, <long> 13%","rolex 47%, <long> 18%",0.5264,0.534,0.017,0.017
r8_1771_measuring_device,"Name a measuring device. Reply with only the name, nothing else.",0.5583,tape measure -> real,0.5583,tape measure -> real,0.568,tape measure -> real,52,81,0.133,0.1,0.113,60,90,62,0.0,0.053,9.4,ruler,0.35,8,5.89,35.21,0.128,"ruler 17%, tape measure 15%","thermometer 12%, <long> 10%",0.5623,0.569,0.5,0.535
r8_1793_us_city,"Name an us city. Reply with only the name, nothing else.",0.5583,chicago -> real,0.5583,chicago -> real,0.5625,chicago -> real,56,84,0.067,0.067,0.067,60,90,35,0.0,0.06,7.5,chicago,0.25,13,10.58,10.61,0.407,"chicago 45%, new york city 10%","chicago 33%, angeles 16%",0.5457,0.256,0.355,0.355
r8_1662_singing_style,"Name a singing style. Reply with only the name, nothing else.",0.5583,<long> -> bench,0.5222,country -> real,0.5341,opera -> bench,55,72,0.083,0.2,0.153,60,90,55,0.0,0.127,13.0,opera,0.25,15,12.48,24.51,0.22,"opera 17%, pop 15%","opera 20%, <long> 20%",0.5355,0.602,0.278,0.278
r8_1185_cooling_device,"Name a cooling device. Reply with only the name, nothing else.",0.5583,fan -> real,0.5583,fan -> real,0.5668,fan -> real,52,76,0.133,0.156,0.147,60,90,43,0.0,0.1,11.6,air conditioner,0.45,10,6.48,12.6,0.297,"air conditioner 27%, refrigerator 17%","refrigerator 27%, air conditioner 24%",0.5928,0.342,0.554,0.598
r8_1081_guitar_brand,"Name a guitar brand. Reply with only the name, nothing else.",0.5583,fender -> real,0.5583,fender -> real,0.5554,fender -> real,59,86,0.017,0.044,0.033,60,90,12,0.0,0.027,6.3,fender,0.45,5,3.24,3.9,0.476,"gibson 43%, fender 38%","gibson 48%, fender 27%",0.5429,0.228,0.603,0.603
r8_0451_underground_feature,"Name a type of underground feature. Reply with only the name, nothing else.",0.5583,cave -> bench,0.5583,cave -> bench,0.5761,cave -> bench,51,73,0.15,0.189,0.173,60,90,57,0.0,0.14,13.1,cave,0.55,9,4.99,26.07,0.266,"cave 15%, <long> 15%","cave 27%, <long> 19%",0.5565,0.404,0.364,0.364
r8_1063_accessory,"Name an accessory. Reply with only the name, nothing else.",0.5583,belt -> bench,0.5583,belt -> bench,0.5762,belt -> bench,51,71,0.15,0.211,0.187,60,90,84,0.0,0.107,12.7,belt,0.3,12,9.25,57.2,0.148,"<long> 15%, sunglasses 7%","<long> 21%, belt 17%",0.5384,0.599,0.264,0.281
r8s_0683_loud_noise,"Suggest a type of loud noise. Reply with only the name, nothing else.",0.5583,<long> -> bench,0.5472,construction noise -> bench,0.5657,construction noise -> bench,55,72,0.083,0.2,0.153,60,90,69,0.0,0.12,12.6,concert,0.15,16,14.77,43.23,0.165,"<long> 8%, construction noise 8%","<long> 20%, construction noise 18%",0.5419,0.595,0.778,0.778
r8s_1030_fashion_accessory,"Suggest a type of fashion accessory. Reply with only the name, nothing else.",0.5583,<long> -> bench,0.5417,scarf -> real,0.5196,scarf -> real,59,78,0.017,0.133,0.087,60,90,40,0.0,0.073,9.6,scarf,0.3,10,7.29,11.35,0.401,"scarf 42%, sunglasses 20%","scarf 33%, sunglasses 17%",0.54,0.474,0.122,0.122
r8_1087_feature_film,"Name a feature film. Reply with only the name, nothing else.",0.5583,<long> -> real,0.5583,parasite 2019 -> real,0.5745,parasite 2019 -> real,47,81,0.217,0.1,0.147,60,90,34,0.0,0.127,12.7,parasite,0.55,9,4.99,5.62,0.664,"parasite 53%, <long> 22%","parasite 59%, <long> 10%",0.5332,0.19,0.294,0.294
r8_1840_soldering,"Name a type of soldering. Reply with only the name, nothing else.",0.5583,wave soldering -> real,0.5583,wave soldering -> real,0.5632,wave soldering -> real,53,74,0.117,0.178,0.153,60,90,48,0.0,0.127,13.1,lead-free soldering,0.35,9,7.16,23.97,0.15,"wave soldering 18%, lead-free soldering 12%","<long> 18%, lead-free soldering 13%",0.5316,0.681,0.024,0.024
r8_0964_beachwear,"Name a type of beachwear. Reply with only the name, nothing else.",0.5583,swimsuit -> bench,0.5583,swimsuit -> bench,0.5629,swimsuit -> bench,55,83,0.083,0.078,0.08,60,90,26,0.0,0.067,10.0,bikini top,0.4,11,7.58,9.2,0.261,"bikini top 30%, bikini 20%","swimsuit 23%, bikini 22%",0.5392,0.44,0.558,0.558
r8s_0581_island,"Suggest a type of island. Reply with only the name, nothing else.",0.5583,<long> -> bench,0.525,galapagos islands -> bench,0.5374,galapagos islands -> bench,49,63,0.183,0.3,0.253,60,90,80,0.0,0.22,16.5,volcanic island,0.3,13,9.91,60.11,0.08,"<long> 18%, volcanic island 7%","<long> 30%, galapagos islands 7%",0.5339,0.635,0.328,0.328
r8_0873_wind_type,"Name a wind type. Reply with only the name, nothing else.",0.5583,onshore wind -> real,0.5583,onshore wind -> real,0.563,onshore wind -> real,51,73,0.15,0.189,0.173,60,90,58,0.0,0.14,13.5,breeze,0.25,14,11.64,25.17,0.298,"onshore wind 32%, <long> 15%","onshore wind 20%, <long> 19%",0.5362,0.424,0.25,0.274
r8s_1861_print,"Suggest a type of print. Reply with only the name, nothing else.",0.5583,<long> -> bench,0.5333,poster -> real,0.542,poster -> real,43,54,0.283,0.4,0.353,60,90,80,0.0,0.307,20.6,canvas print,0.1,19,18.66,67.84,0.093,"<long> 28%, poster 10%","<long> 40%, none 3%",0.5333,0.703,0.737,0.848
r8_0862_aperitif,"Name an aperitif. Reply with only the name, nothing else.",0.5583,kir royale -> bench,0.5583,kir royale -> bench,0.5691,kir royale -> bench,54,78,0.1,0.133,0.12,60,90,53,0.0,0.093,10.9,aperol spritz,0.25,11,8.6,24.75,0.174,"aperol spritz 20%, negroni 13%","kir royale 20%, <long> 13%",0.5586,0.427,0.915,0.915
r8_0859_narrative_technique,"Name a narrative technique. Reply with only the name, nothing else.",0.5583,flashback -> real,0.5583,flashback -> real,0.5661,flashback -> real,52,77,0.133,0.144,0.14,60,90,30,0.0,0.127,12.4,flashback,0.2,12,10.17,11.27,0.248,"flashback 28%, metaphor 18%","flashback 17%, <long> 14%",0.5463,0.352,0.332,0.332
r8s_0142_construction_material,"Suggest a type of construction material. Reply with only the name, nothing else.",0.5583,concrete -> bench,0.5583,concrete -> bench,0.5797,concrete -> bench,59,81,0.017,0.1,0.067,60,90,35,0.0,0.047,8.2,concrete,0.55,7,4.23,9.29,0.414,"concrete 32%, plywood 17%","concrete 43%, steel 17%",0.5439,0.466,1.018,1.018
r8s_0004_amphibian,"Suggest a type of amphibian. Reply with only the name, nothing else.",0.5583,bullfrog -> real,0.5583,bullfrog -> real,0.5602,bullfrog -> real,57,80,0.033,0.111,0.08,60,90,47,0.007,0.073,9.8,poison dart frog,0.15,14,12.85,24.63,0.161,"bullfrog 15%, poison dart frog 12%","poison dart frog 17%, <long> 11%",0.539,0.56,0.396,0.396
r8s_0161_cereal,"Suggest a type of cereal. Reply with only the name, nothing else.",0.5583,honey nut cheerios -> real,0.5583,honey nut cheerios -> real,0.5518,honey nut cheerios -> real,54,71,0.1,0.211,0.167,60,90,43,0.0,0.12,12.8,honey nut cheerios,0.4,7,5.07,13.3,0.32,"cheerios 30%, honey nut cheerios 28%","cheerios 24%, <long> 21%",0.5489,0.43,0.286,0.301
r8_1360_lizard,"Name a lizard. Reply with only the name, nothing else.",0.5583,iguana -> bench,0.5583,iguana -> bench,0.5856,iguana -> bench,42,62,0.3,0.311,0.307,60,90,47,0.0,0.22,17.1,iguana,0.5,9,5.36,25.31,0.221,"<long> 30%, gecko 8%","<long> 31%, iguana 20%",0.5718,0.552,1.374,1.374
r8s_1833_spy,"Suggest a type of spy. Reply with only the name, nothing else.",0.5583,<long> -> bench,0.5528,deep cover spy -> bench,0.5753,deep cover spy -> bench,55,72,0.083,0.2,0.153,60,90,74,0.0,0.133,13.3,deep cover agent,0.15,15,13.78,39.51,0.213,"deep cover spy 12%, double agent 10%","deep cover spy 22%, <long> 20%",0.5382,0.568,0.371,0.371
r8_1340_rivet,"Name a rivet. Reply with only the name, nothing else.",0.5583,<long> -> bench,0.5389,pop rivet -> bench,0.5784,pop rivet -> bench,43,54,0.283,0.4,0.353,60,90,69,0.0,0.28,20.9,pop rivet,0.4,13,8.71,41.86,0.227,"<long> 28%, pop rivet 10%","<long> 40%, pop rivet 18%",0.5457,0.585,0.404,0.404
r8_0636_toilet,"Name a toilet. Reply with only the name, nothing else.",0.5583,<long> -> bench,0.5194,toilet -> real,0.5233,crapper -> real,43,54,0.283,0.4,0.353,60,90,52,0.0,0.2,17.0,toilet,0.15,16,14.77,21.73,0.351,"<long> 28%, toilet 25%","<long> 40%, toilet 21%",0.54,0.511,0.305,0.305
r8s_0210_cookware,"Suggest a type of cookware. Reply with only the name, nothing else.",0.5583,cast iron skillet -> bench,0.5583,cast iron skillet -> bench,0.5509,cast iron skillet -> bench,53,84,0.117,0.067,0.087,60,90,36,0.0,0.047,9.9,cast iron skillet,0.7,7,3.15,10.07,0.496,"cast iron skillet 38%, <long> 12%","cast iron skillet 50%, <long> 7%",0.5313,0.399,0.075,0.075
r8_1345_pollutant,"Name a pollutant. Reply with only the name, nothing else.",0.5583,lead -> real,0.5583,lead -> real,0.5608,lead -> real,57,84,0.05,0.067,0.06,60,90,43,0.0,0.047,8.9,lead,0.35,11,8.22,20.03,0.128,"lead 18%, carbon monoxide 15%","pm2.5 12%, ozone 10%",0.5425,0.485,0.536,0.536
r8_1338_teaching_method,"Name a teaching method. Reply with only the name, nothing else.",0.5583,direct instruction -> real,0.5583,direct instruction -> real,0.5605,direct instruction -> real,55,76,0.083,0.156,0.127,60,90,57,0.0,0.067,10.2,direct instruction,0.3,11,8.63,25.55,0.221,"lecture 20%, direct instruction 18%","lecture 19%, <long> 16%",0.5519,0.545,0.698,0.698
r8_0577_celebration,"Name a celebration. Reply with only the name, nothing else.",0.5583,independence day -> bench,0.5583,independence day -> bench,0.5716,independence day -> bench,47,73,0.2,0.189,0.193,60,90,43,0.007,0.127,12.8,halloween,0.3,12,9.25,19.28,0.25,"<long> 20%, halloween 20%","halloween 20%, <long> 19%",0.5345,0.656,0.403,0.403
r8_0152_woodwind_instrument,"Name a type of woodwind instrument. Reply with only the name, nothing else.",0.5583,flute -> bench,0.5583,flute -> bench,0.5631,flute -> bench,57,85,0.05,0.056,0.053,60,90,12,0.0,0.047,8.0,flute,0.35,6,4.79,3.89,0.514,"flute 42%, clarinet 33%","flute 53%, clarinet 23%",0.5491,0.204,0.752,0.752
r8s_0270_hot_beverage,"Suggest a type of hot beverage. Reply with only the name, nothing else.",0.5583,coffee -> bench,0.5583,coffee -> bench,0.5792,coffee -> bench,47,68,0.217,0.244,0.233,60,90,48,0.0,0.12,12.4,coffee,0.15,15,13.42,24.2,0.2,"<long> 22%, latte 13%","<long> 24%, coffee 20%",0.5586,0.386,0.641,0.641
r8_0082_fossil_fuel,"Name a fossil fuel. Reply with only the name, nothing else.",0.5583,coal -> real,0.5583,coal -> real,0.5511,coal -> real,55,80,0.083,0.111,0.1,60,90,11,0.0,0.073,9.0,coal,0.75,6,2.62,1.86,0.867,"coal 85%, <long> 8%","coal 73%, <long> 11%",0.5249,0.157,0.337,0.337
r8_0651_sleeve_type,"Name a sleeve type. Reply with only the name, nothing else.",0.5583,<long> -> bench,0.5361,short sleeve -> bench,0.5543,short sleeve -> bench,53,69,0.117,0.233,0.187,60,90,84,0.0,0.107,13.5,short sleeve,0.45,11,6.94,55.7,0.156,"<long> 12%, short sleeve 8%","<long> 23%, short sleeve 16%",0.5413,0.651,0.352,0.352
r8_0049_architectural_style,"Name an architectural style. Reply with only the name, nothing else.",0.5583,art deco -> real,0.5583,art deco -> real,0.5645,art deco -> real,52,68,0.133,0.244,0.2,60,90,56,0.0,0.167,13.9,gothic,0.2,13,10.72,25.26,0.258,"gothic 18%, art deco 15%","<long> 24%, gothic 22%",0.544,0.464,0.336,0.366
r8s_1902_mountain_rock,"Suggest a type of mountain rock. Reply with only the name, nothing else.",0.5583,granite -> real,0.5583,granite -> real,0.5647,granite -> real,51,75,0.15,0.167,0.16,60,90,32,0.0,0.093,11.5,granite,0.6,6,3.41,9.57,0.452,"granite 45%, <long> 15%","granite 33%, <long> 17%",0.5358,0.509,0.288,0.288
r8_0059_rock_type,"Name a rock type. Reply with only the name, nothing else.",0.5583,igneous rock -> bench,0.5583,igneous rock -> bench,0.5787,igneous rock -> bench,50,69,0.167,0.233,0.207,60,90,21,0.0,0.173,14.8,igneous rock,0.4,5,3.89,8.55,0.303,"granite 30%, <long> 17%","<long> 23%, granite 20%",0.5605,0.324,0.91,0.91
r8s_0136_amusement_park_ride,"Suggest a type of amusement park ride. Reply with only the name, nothing else.",0.5583,<long> -> bench,0.525,roller coaster -> bench,0.5575,roller coaster -> bench,51,66,0.15,0.267,0.22,60,90,50,0.0,0.167,14.7,roller coaster,0.35,13,9.44,16.96,0.359,"roller coaster 25%, <long> 15%","roller coaster 30%, <long> 27%",0.5574,0.307,0.501,0.501
r8_1919_bunny_hop,"Name a bunny hop. Reply with only the name, nothing else.",0.5583,bunny hop -> bench,0.5583,bunny hop -> bench,0.6053,bunny hop -> bench,34,50,0.433,0.444,0.44,60,90,72,0.0,0.347,24.2,cinnamon rabbit,0.05,20,20.0,55.55,0.155,"<long> 43%, club hop chocule 2%","<long> 44%, bunny hop 13%",0.5428,0.612,0.542,0.542
r8s_0057_movie_genre,"Suggest a movie genre. Reply with only the name, nothing else.",0.5583,comedy -> bench,0.5583,comedy -> bench,0.5703,comedy -> bench,53,77,0.117,0.144,0.133,60,90,35,0.0,0.12,11.4,horror,0.45,9,5.64,13.81,0.215,"action 22%, horror 15%","comedy 23%, action 17%",0.5495,0.307,0.383,0.383
r8_1384_vegetable_seed,"Name a vegetable seed. Reply with only the name, nothing else.",0.5583,<long> -> bench,0.5444,cucumber seed -> real,0.5465,cucumber seed -> real,49,63,0.183,0.3,0.253,60,90,55,0.0,0.22,16.5,carrots,0.1,19,18.66,33.74,0.152,"<long> 18%, cucumber seed 17%","<long> 30%, cucumber seed 8%",0.5437,0.657,0.475,0.475
r8_1411_sensation,"Name a sensation. Reply with only the name, nothing else.",0.5583,taste -> bench,0.5583,taste -> bench,0.5771,taste -> bench,50,70,0.167,0.222,0.2,60,90,74,0.0,0.16,13.5,taste,0.15,13,11.68,43.22,0.15,"<long> 17%, touch 12%","<long> 22%, taste 17%",0.5419,0.679,0.628,0.318
r8s_1722_speaker,"Suggest a type of speaker. Reply with only the name, nothing else.",0.5583,<long> -> bench,0.5528,narrator -> real,0.5649,narrator -> real,45,57,0.25,0.367,0.32,60,90,63,0.0,0.28,19.6,lyrical speaker,0.2,16,14.14,43.19,0.127,"<long> 25%, narrator 15%","<long> 37%, first-person narrator 8%",0.5375,0.679,0.405,0.405
r8_0784_roof_type,"Name a roof type. Reply with only the name, nothing else.",0.5583,asphalt shingle roof -> bench,0.5583,asphalt shingle roof -> bench,0.5648,asphalt shingle roof -> bench,54,81,0.1,0.1,0.1,60,90,31,0.0,0.08,10.7,asphalt shingles,0.3,8,6.54,14.83,0.193,"asphalt shingles 22%, hip roof 15%","flat roof 16%, asphalt shingles 14%",0.5417,0.417,0.136,0.136
r8s_0093_marsupial,"Suggest a type of marsupial. Reply with only the name, nothing else.",0.5583,<long> -> bench,0.5333,koala -> real,0.5277,koala -> real,57,75,0.05,0.167,0.12,60,90,36,0.0,0.1,10.9,tasmanian devil,0.15,14,12.85,16.16,0.227,"kangaroo 20%, koala 17%","kangaroo 20%, <long> 17%",0.563,0.333,0.858,0.858
r8_1415_folk_dance,"Name a folk dance. Reply with only the name, nothing else.",0.5583,<long> -> bench,0.525,polka -> real,0.5254,hora -> bench,43,54,0.283,0.4,0.353,60,90,68,0.0,0.233,18.8,polka,0.15,16,14.77,39.87,0.237,"<long> 28%, polka 18%","<long> 40%, polka 13%",0.5382,0.682,0.061,0.061
r8_0842_metric_prefix,"Name a metric prefix. Reply with only the name, nothing else.",0.5583,milli -> bench,0.5583,milli -> bench,0.5691,milli -> bench,53,77,0.117,0.144,0.133,60,90,74,0.0,0.12,11.3,kilogram,0.2,10,8.63,43.75,0.138,"<long> 12%, kilo 10%","milli 17%, <long> 14%",0.5436,0.429,0.234,0.208
r8s_0008_sculpture,"Suggest a type of sculpture. Reply with only the name, nothing else.",0.5583,kissing couple sculpture -> real,0.5583,kissing couple sculpture -> real,0.57,kissing couple sculpture -> real,49,71,0.183,0.211,0.2,60,90,53,0.0,0.173,14.4,bust,0.15,16,14.77,25.48,0.175,"kissing couple sculpture 18%, <long> 18%","<long> 21%, bust sculpture 17%",0.5494,0.261,0.206,0.206
r8_0829_pasta_dish,"Name a pasta dish. Reply with only the name, nothing else.",0.5583,spaghetti carbonara -> real,0.5583,spaghetti carbonara -> real,0.5785,spaghetti carbonara -> real,42,59,0.3,0.344,0.327,60,90,44,0.0,0.087,13.2,spaghetti carbonara,0.3,12,9.25,25.27,0.218,"<long> 30%, spaghetti carbonara 22%","<long> 34%, spaghetti carbonara 10%",0.5399,0.442,0.212,0.212
r8_0773_rocket,"Name a rocket. Reply with only the name, nothing else.",0.5583,<long> -> bench,0.5361,falcon 9 -> real,0.5208,spacex falcon 9 -> bench,55,72,0.083,0.2,0.153,60,90,36,0.0,0.127,12.7,falcon 9,0.65,6,3.29,8.19,0.559,"falcon 9 52%, <long> 8%","falcon 9 44%, <long> 20%",0.5364,0.259,0.279,0.279
r8s_0107_jam,"Suggest a type of jam. Reply with only the name, nothing else.",0.5583,strawberry jam -> real,0.5583,strawberry jam -> real,0.5616,strawberry jam -> real,55,82,0.083,0.089,0.087,60,90,24,0.0,0.047,8.4,strawberry jam,0.8,5,2.18,4.01,0.708,"strawberry jam 72%, <long> 8%","strawberry jam 60%, <long> 9%",0.5227,0.194,0.183,0.183
r8_0011_grain,"Name a grain. Reply with only the name, nothing else.",0.5583,rice -> real,0.5583,rice -> real,0.5467,rice -> real,56,79,0.067,0.122,0.1,60,90,30,0.0,0.087,9.7,rice,0.7,7,3.15,6.97,0.57,"rice 58%, wheat 7%","rice 47%, <long> 12%",0.5452,0.302,0.283,0.283
r8_0640_work_by_charles_dicken,"Name a work by charles dicken. Reply with only the name, nothing else.",0.5583,oliver twist -> real,0.5583,oliver twist -> real,0.552,oliver twist -> real,53,74,0.117,0.178,0.153,60,90,15,0.0,0.133,13.0,oliver twist,0.6,5,3.18,5.27,0.449,"oliver twist 45%, great expectations 18%","oliver twist 33%, tale of two cities 19%",0.536,0.568,0.313,0.313
r8_0766_poem_type,"Name a poem type. Reply with only the name, nothing else.",0.5583,<long> -> bench,0.5472,sonnet -> real,0.5137,ode -> bench,57,75,0.05,0.167,0.12,60,90,17,0.0,0.12,11.0,sonnet,0.5,7,4.47,3.95,0.636,"sonnet 62%, haiku 15%","sonnet 52%, <long> 17%",0.5339,0.399,0.132,0.132
r8_1442_force,"Name a force. Reply with only the name, nothing else.",0.5583,<long> -> bench,0.5306,gravity -> real,0.5204,dark side -> real,49,63,0.183,0.3,0.253,60,90,33,0.0,0.2,14.7,gravity,0.9,3,1.48,5.35,0.688,"gravity 55%, <long> 18%","gravity 49%, <long> 30%",0.5329,0.398,0.323,0.32
r8_1501_gear,"Name a gear. Reply with only the name, nothing else.",0.5583,<long> -> bench,0.5222,bevel gear -> bench,0.5333,bevel gear -> bench,47,60,0.217,0.333,0.287,60,90,86,0.0,0.22,18.3,sprocket,0.1,19,18.66,73.95,0.056,"<long> 22%, sprocket 7%","<long> 33%, bevel gear 4%",0.5347,0.723,0.562,0.563
r8_0671_fictional_city,"Name a fictional city. Reply with only the name, nothing else.",0.5583,<long> -> bench,0.5139,gotham city -> bench,0.5215,gotham city -> bench,49,63,0.183,0.3,0.253,60,90,98,0.0,0.2,16.3,gotham city,0.25,16,13.37,88.54,0.045,"<long> 18%, plattsburgh 2%","<long> 30%, springfield 4%",0.5414,0.677,0.345,0.377
r8s_1002_noble_gas,"Suggest a type of noble gas. Reply with only the name, nothing else.",0.5583,helium -> real,0.5583,helium -> real,0.5738,argon -> bench,55,74,0.083,0.178,0.14,60,90,16,0.0,0.127,11.1,helium,0.55,5,3.34,5.04,0.519,"helium 52%, krypton 12%","helium 40%, argon 21%",0.538,0.441,0.118,0.118
r8s_0324_cured_meat,"Suggest a type of cured meat. Reply with only the name, nothing else.",0.5583,ham -> real,0.5583,ham -> real,0.5686,ham -> real,51,77,0.15,0.144,0.147,60,90,25,0.0,0.133,12.6,prosciutto,0.65,6,3.29,6.16,0.547,"prosciutto 50%, <long> 15%","prosciutto 44%, salami 14%",0.5339,0.278,0.853,0.853
r8_1548_clothing_for_special_o,"Name a clothing for special occasion. Reply with only the name, nothing else.",0.5583,<long> -> bench,0.525,tuxedo jacket -> real,0.5254,tuxedo jacket -> real,53,69,0.117,0.233,0.187,60,90,32,0.0,0.153,14.0,tuxedo,0.4,11,7.38,11.06,0.426,"tuxedo 37%, <long> 12%","tuxedo 33%, <long> 23%",0.5329,0.241,0.297,0.297
r8s_0440_towel,"Suggest a type of towel. Reply with only the name, nothing else.",0.5583,bamboo towel -> real,0.5583,bamboo towel -> real,0.566,bamboo towel -> real,53,76,0.117,0.156,0.14,60,90,34,0.0,0.113,12.0,waffle towel,0.45,11,6.94,12.95,0.295,"waffle towel 28%, microfiber towel 18%","waffle towel 23%, microfiber towel 16%",0.5412,0.382,0.306,0.306
r8_1164_horse_race,"Name a horse race. Reply with only the name, nothing else.",0.5583,<long> -> bench,0.5139,belmont stakes -> real,0.5498,kentucky derby -> bench,57,75,0.05,0.167,0.12,60,90,15,0.0,0.113,11.0,kentucky derby,0.85,4,1.8,2.06,0.864,"kentucky derby 77%, <long> 5%","kentucky derby 76%, <long> 17%",0.5323,0.301,0.004,0.004
r8_0945_visual_element,"Name a type of visual element. Reply with only the name, nothing else.",0.5583,image -> real,0.5583,image -> real,0.553,image -> real,58,82,0.033,0.089,0.067,60,90,43,0.0,0.053,7.2,image,0.25,13,10.58,18.65,0.3,"image 35%, table 8%","image 23%, table 9%",0.5551,0.372,0.294,0.31
r8_1300_migratory_bird,"Name a migratory bird. Reply with only the name, nothing else.",0.5583,<long> -> bench,0.5528,arctic tern -> real,0.5587,ruby-throated hummingbird -> bench,53,69,0.117,0.233,0.187,60,90,63,0.0,0.173,14.4,arctic tern,0.25,16,13.37,31.01,0.23,"arctic tern 25%, <long> 12%","<long> 23%, arctic tern 14%",0.5362,0.643,0.381,0.381
r8_1885_stained_glass,"Name a type of stained glass. Reply with only the name, nothing else.",0.5583,tiffany stained glass -> real,0.5583,tiffany stained glass -> real,0.5638,tiffany stained glass -> real,53,71,0.117,0.211,0.173,60,90,50,0.0,0.147,13.5,tiffany glass,0.35,12,8.58,12.57,0.484,"tiffany glass 40%, tiffany stained glass 15%","tiffany glass 40%, <long> 21%",0.5387,0.482,0.677,0.677
r8_0820_hitchcock_film,"Name a hitchcock film. Reply with only the name, nothing else.",0.5583,<long> -> bench,0.5528,rear window -> real,0.54,rear window -> real,57,75,0.05,0.167,0.12,60,90,22,0.0,0.107,10.3,psycho,0.55,4,2.71,5.0,0.508,"psycho 47%, rear window 32%","psycho 43%, rear window 21%",0.5513,0.154,0.569,0.569
r8_1544_track_and_field_event,"Name a track and field event. Reply with only the name, nothing else.",0.5583,<long> -> bench,0.5167,100m sprint -> real,0.5182,100m sprint -> real,55,72,0.083,0.2,0.153,60,90,54,0.0,0.147,15.8,100-meter dash,0.15,12,10.9,24.22,0.22,"100-meter dash 18%, 100m dash 10%","<long> 20%, 100-meter dash 19%",0.54,0.38,1.243,1.243
r8_0978_bottle_material,"Name a bottle material. Reply with only the name, nothing else.",0.5583,glass -> real,0.5583,glass -> real,0.5448,glass -> real,55,78,0.083,0.133,0.113,60,90,31,0.0,0.1,10.5,glass,0.75,5,2.45,4.32,0.729,"glass 72%, <long> 8%","glass 60%, <long> 13%",0.5604,0.301,1.064,1.064
r8s_1560_branch_of_engineering,"Suggest a type of branch of engineering. Reply with only the name, nothing else.",0.5583,<long> -> bench,0.55,civil engineering -> real,0.5428,civil engineering -> real,57,75,0.05,0.167,0.12,60,90,50,0.0,0.093,11.0,civil engineering,0.3,8,6.26,22.22,0.197,"civil engineering 23%, chemical engineering 13%","chemical engineering 18%, <long> 17%",0.56,0.355,0.293,0.233
r8_1573_seashore_find,"Name a seashore find. Reply with only the name, nothing else.",0.5583,<long> -> bench,0.5556,sea glass -> real,0.5647,sea glass -> real,47,60,0.217,0.333,0.287,60,90,52,0.0,0.22,18.0,sand dollar,0.35,8,5.12,23.81,0.215,"<long> 22%, seashell 20%","<long> 33%, seashell 12%",0.5562,0.409,0.503,0.503
r8_1281_punishment,"Name a type of punishment. Reply with only the name, nothing else.",0.5583,imprisonment -> real,0.5583,imprisonment -> real,0.5631,imprisonment -> real,54,74,0.1,0.178,0.147,60,90,37,0.0,0.127,11.6,flogging,0.15,13,11.68,17.24,0.203,"fines 18%, imprisonment 15%","<long> 18%, fines 17%",0.5416,0.436,0.329,0.329
r8_1529_film_production_role,"Name a film production role. Reply with only the name, nothing else.",0.5583,screenwriter -> real,0.5583,screenwriter -> real,0.5593,screenwriter -> real,59,84,0.017,0.067,0.047,60,90,37,0.0,0.033,7.4,producer,0.25,14,11.64,15.38,0.322,"producer 28%, screenwriter 12%","producer 32%, director of photography 8%",0.539,0.62,0.726,0.726
r8_1003_jacket_style,"Name a jacket style. Reply with only the name, nothing else.",0.5583,bomber jacket -> real,0.5583,bomber jacket -> real,0.5563,bomber jacket -> real,54,78,0.1,0.133,0.12,60,90,44,0.0,0.093,11.4,bomber jacket,0.45,11,6.94,10.63,0.508,"bomber jacket 52%, <long> 10%","bomber jacket 40%, <long> 13%",0.5429,0.469,0.229,0.229
r8_1328_natural_wonder,"Name a natural wonder. Reply with only the name, nothing else.",0.5583,<long> -> bench,0.5583,grand canyon -> real,0.5371,grand canyon -> real,55,72,0.083,0.2,0.153,60,90,26,0.0,0.12,11.9,grand canyon,0.4,6,4.87,7.73,0.449,"grand canyon 45%, niagara falls 17%","grand canyon 33%, <long> 20%",0.5348,0.606,0.521,0.521
r8s_0535_stove,"Suggest a type of stove. Reply with only the name, nothing else.",0.5583,electric stove -> bench,0.5583,electric stove -> bench,0.5723,electric stove -> bench,56,80,0.067,0.111,0.093,60,90,21,0.0,0.08,10.3,induction stove,0.45,3,2.91,5.17,0.382,"gas stove 35%, electric stove 25%","electric stove 37%, gas stove 34%",0.5588,0.15,0.728,0.728
r8_0154_art_supply,"Name an art supply. Reply with only the name, nothing else.",0.5583,<long> -> bench,0.5389,canvas -> real,0.5291,pencil -> bench,57,75,0.05,0.167,0.12,60,90,54,0.0,0.107,11.4,canvas,0.65,7,3.52,25.1,0.288,"canvas 30%, paint 5%","canvas 22%, <long> 17%",0.5516,0.566,0.669,0.669
r8_1795_wooden_product,"Name a wooden product. Reply with only the name, nothing else.",0.5583,table -> bench,0.5583,table -> bench,0.5624,table -> bench,58,85,0.033,0.056,0.047,60,90,35,0.0,0.033,7.4,chair,0.25,8,6.43,10.96,0.308,"chair 28%, wooden chair 25%","chair 30%, table 17%",0.5883,0.357,1.164,1.164
r8_0163_energy,"Name an energy. Reply with only the name, nothing else.",0.5583,<long> -> bench,0.5306,kinetic energy -> bench,0.5512,solar energy -> bench,51,66,0.15,0.267,0.22,60,90,58,0.0,0.193,15.6,kinetic energy,0.5,6,3.69,23.89,0.274,"solar energy 18%, <long> 15%","<long> 27%, solar energy 23%",0.5433,0.551,0.317,0.329
r8_1419_glue_type,"Name a glue type. Reply with only the name, nothing else.",0.5583,epoxy -> bench,0.5583,epoxy -> bench,0.5707,epoxy -> bench,48,74,0.2,0.167,0.18,60,90,58,0.007,0.14,14.0,super glue,0.5,8,5.0,28.81,0.164,"<long> 20%, super glue 17%","<long> 17%, epoxy glue 14%",0.5472,0.543,0.286,0.19
r8_0004_amphibian,"Name an amphibian. Reply with only the name, nothing else.",0.5583,<long> -> bench,0.5472,frog -> real,0.5314,frog -> real,53,69,0.117,0.233,0.187,60,90,34,0.0,0.167,13.6,frog,0.4,7,4.75,11.09,0.361,"frog 35%, salamander 15%","frog 26%, <long> 23%",0.5564,0.461,0.605,0.605
r8_1157_philosophical_concept,"Name a philosophical concept. Reply with only the name, nothing else.",0.5556,existentialism -> real,0.5556,existentialism -> real,0.5606,existentialism -> real,54,74,0.1,0.178,0.147,60,90,69,0.0,0.1,12.1,utilitarianism,0.15,16,14.77,46.98,0.102,"existentialism 13%, <long> 10%","<long> 18%, hedonism 9%",0.5435,0.576,0.74,0.74
r8s_1987_painting,"Suggest a type of painting. Reply with only the name, nothing else.",0.5556,<long> -> bench,0.5361,acrylic painting -> real,0.5192,canvas painting -> real,52,68,0.133,0.244,0.2,60,90,44,0.0,0.127,13.1,abstract,0.15,14,12.2,13.55,0.425,"acrylic painting 38%, <long> 13%","acrylic painting 31%, <long> 24%",0.5377,0.466,0.377,0.377
r8s_1546_sewing_notion,"Suggest a type of sewing notion. Reply with only the name, nothing else.",0.5556,seam ripper -> real,0.5556,seam ripper -> real,0.5475,seam ripper -> real,57,77,0.05,0.144,0.107,60,90,73,0.0,0.067,10.3,seam ripper,0.25,13,10.58,36.1,0.261,"seam ripper 30%, buttonhole foot 8%","seam ripper 19%, <long> 14%",0.5529,0.479,0.979,0.979
r8_0349_gesture,"Name a type of gesture. Reply with only the name, nothing else.",0.5556,<long> -> bench,0.5361,waving -> real,0.5366,waving -> real,58,77,0.033,0.144,0.1,60,90,51,0.0,0.093,10.2,eyebrows furrowing,0.5,8,5.0,26.17,0.126,"wave 13%, pinch gesture 12%","<long> 14%, pinch gesture 11%",0.5531,0.371,0.239,0.239
r8s_1210_pet_category,"Suggest a pet category. Reply with only the name, nothing else.",0.5556,<long> -> real,0.5278,birds -> bench,0.5286,fish -> bench,40,70,0.333,0.222,0.267,60,90,41,0.0,0.207,16.2,birds,0.25,10,8.23,19.98,0.273,"<long> 33%, birds 17%","<long> 22%, birds 22%",0.5366,0.431,0.214,0.214
r8_0308_skirt,"Name a skirt. Reply with only the name, nothing else.",0.5556,a-line skirt -> bench,0.5556,a-line skirt -> bench,0.5783,a-line skirt -> bench,49,71,0.183,0.211,0.2,60,90,33,0.0,0.147,14.4,a-line skirt,0.4,10,6.89,8.04,0.542,"a-line skirt 37%, <long> 18%","a-line skirt 48%, <long> 21%",0.5331,0.552,0.091,0.091
r8_0326_glove,"Name a glove. Reply with only the name, nothing else.",0.5556,nitrile glove -> bench,0.5556,nitrile glove -> bench,0.582,nitrile glove -> bench,43,61,0.283,0.322,0.307,60,90,69,0.0,0.2,18.4,catchers mitt,0.2,13,10.9,48.0,0.096,"<long> 28%, glove 12%","<long> 32%, nitrile glove 11%",0.5442,0.52,0.331,0.313
r8_0316_article_of_clothing,"Name a type of article of clothing. Reply with only the name, nothing else.",0.5556,t-shirt -> bench,0.5556,t-shirt -> bench,0.5633,t-shirt -> bench,57,84,0.05,0.067,0.06,60,90,24,0.0,0.053,8.5,jeans,0.25,10,8.02,6.32,0.496,"t-shirt 40%, shirt 18%","t-shirt 51%, shirt 13%",0.5357,0.535,0.385,0.385
r8_1429_fitness_activity,"Name a fitness activity. Reply with only the name, nothing else.",0.5556,running -> bench,0.5556,running -> bench,0.5624,running -> bench,57,83,0.05,0.078,0.067,60,90,22,0.0,0.06,8.3,yoga,0.55,5,3.34,6.17,0.436,"yoga 45%, swimming 13%","yoga 38%, running 24%",0.606,0.307,1.646,1.646
r8_0227_vinegar,"Name a vinegar. Reply with only the name, nothing else.",0.5556,apple cider vinegar -> real,0.5556,apple cider vinegar -> real,0.5425,apple cider vinegar -> real,55,76,0.083,0.156,0.127,60,90,24,0.0,0.1,11.6,apple cider vinegar,0.4,8,5.6,6.23,0.496,"apple cider vinegar 50%, white wine vinegar 18%","apple cider vinegar 39%, white wine vinegar 16%",0.568,0.302,0.776,0.776
r8_0318_historical_era,"Name a historical era. Reply with only the name, nothing else.",0.5556,<long> -> bench,0.5417,victorian era -> real,0.5398,victorian era -> real,56,74,0.067,0.178,0.133,60,90,45,0.0,0.12,12.5,american revolution era,0.35,11,7.67,25.76,0.146,"victorian era 15%, renaissance 13%","<long> 18%, renaissance 12%",0.5656,0.588,0.832,0.832
r8s_1656_berry_used_in_dessert,"Suggest a type of berry used in dessert. Reply with only the name, nothing else.",0.5556,strawberry -> real,0.5556,strawberry -> real,0.5369,strawberry -> real,52,73,0.133,0.189,0.167,60,90,11,0.0,0.147,11.8,strawberry,0.8,5,2.18,1.79,0.88,"strawberry 80%, <long> 13%","strawberry 69%, <long> 19%",0.527,0.145,0.651,0.651
r8_1225_musical_form,"Name a musical form. Reply with only the name, nothing else.",0.5556,opera -> real,0.5556,opera -> real,0.5648,symphony -> bench,55,75,0.083,0.167,0.133,60,90,38,0.0,0.113,11.1,symphony,0.3,10,6.83,11.67,0.331,"sonata 28%, symphony 15%","sonata 29%, symphony 24%",0.5456,0.297,0.552,0.552
r8_0129_pickle,"Name a pickle. Reply with only the name, nothing else.",0.5556,<long> -> bench,0.55,dill -> real,0.5572,dill pickle -> bench,50,64,0.167,0.278,0.233,60,90,73,0.007,0.193,17.0,dill pickle,0.2,15,12.85,41.16,0.184,"<long> 17%, dill 13%","<long> 28%, dill pickle 17%",0.6031,0.595,0.682,0.687
r8_1189_place_of_the_afterlife,"Name a place of the afterlife. Reply with only the name, nothing else.",0.5556,nirvana -> real,0.5556,nirvana -> real,0.5745,nirvana -> real,44,61,0.267,0.322,0.3,60,90,39,0.0,0.253,17.7,elysium,0.2,14,11.99,18.91,0.257,"<long> 27%, heaven 20%","<long> 32%, heaven 17%",0.5747,0.588,0.725,0.725
r8s_1632_track_event,"Suggest a type of track event. Reply with only the name, nothing else.",0.5556,<long> -> bench,0.5222,100-meter sprint -> bench,0.5282,100-meter sprint -> bench,54,71,0.1,0.211,0.167,60,90,84,0.0,0.133,15.7,400 meter dash,0.2,13,11.49,61.51,0.104,"<long> 10%, 100-meter dash 10%","<long> 21%, 100-meter dash 8%",0.5601,0.298,0.421,0.413
r8_0285_salad_dressing,"Name a type of salad dressing. Reply with only the name, nothing else.",0.5556,ranch dressing -> real,0.5556,ranch dressing -> real,0.5509,ranch dressing -> real,56,79,0.067,0.122,0.1,60,90,43,0.0,0.073,10.9,ranch dressing,0.5,9,5.51,14.88,0.333,"ranch dressing 37%, honey mustard dressing 12%","ranch dressing 26%, vinaigrette 16%",0.5526,0.464,0.777,0.777
r8_0085_profession,"Name a profession. Reply with only the name, nothing else.",0.5556,software engineer -> bench,0.5556,software engineer -> bench,0.5651,software engineer -> bench,59,85,0.017,0.056,0.04,60,90,55,0.0,0.033,6.9,teacher,0.5,11,6.32,18.99,0.382,"software engineer 30%, teacher 7%","software engineer 41%, <long> 6%",0.5947,0.408,0.63,0.63
r8_0090_extinct_animal,"Name an extinct animal. Reply with only the name, nothing else.",0.5556,dodo bird -> real,0.5556,dodo bird -> real,0.5621,dodo bird -> real,54,82,0.1,0.089,0.093,60,90,37,0.0,0.073,10.1,woolly mammoth,0.25,10,8.02,12.41,0.331,"dodo 25%, dodo bird 17%","dodo 33%, woolly mammoth 19%",0.5531,0.439,0.987,0.987
r8s_1257_newspaper_section,"Suggest a type of newspaper section. Reply with only the name, nothing else.",0.5556,sports -> bench,0.5556,sports -> bench,0.5653,sports -> bench,55,80,0.083,0.111,0.1,60,90,51,0.0,0.073,9.5,sports,0.45,8,5.26,24.04,0.259,"sports 17%, sports section 10%","sports 28%, <long> 11%",0.5688,0.466,0.878,0.878
r8_0075_villain,"Name a villain. Reply with only the name, nothing else.",0.5556,lex luthor -> bench,0.5556,lex luthor -> bench,0.5589,lex luthor -> bench,55,84,0.083,0.067,0.073,60,90,48,0.0,0.053,8.3,thanos,0.35,11,8.01,16.24,0.331,"thanos 33%, <long> 8%","thanos 29%, lex luthor 18%",0.5454,0.462,0.313,0.329
r8_0097_string_instrument,"Name a type of string instrument. Reply with only the name, nothing else.",0.5556,violin -> bench,0.5556,violin -> bench,0.5589,violin -> bench,54,82,0.1,0.089,0.093,60,90,20,0.0,0.067,9.1,violin,0.7,7,3.15,4.23,0.441,"guitar 42%, violin 30%","violin 41%, guitar 39%",0.548,0.165,0.285,0.285
r8s_1339_frozen_dessert,"Suggest a type of frozen dessert. Reply with only the name, nothing else.",0.5556,ice cream -> bench,0.5556,ice cream -> bench,0.5978,ice cream -> bench,42,55,0.3,0.389,0.353,60,90,46,0.0,0.173,16.1,ice cream sandwich,0.2,16,14.14,25.39,0.206,"<long> 30%, ice cream sandwich 7%","<long> 39%, ice cream 18%",0.5415,0.355,0.576,0.576
r8_0280_moss,"Name a type of moss. Reply with only the name, nothing else.",0.5556,<long> -> bench,0.5472,hypnum moss -> real,0.5546,hypnum moss -> real,50,65,0.167,0.278,0.233,60,90,41,0.0,0.173,16.8,sphagnum moss,0.5,8,4.79,13.55,0.374,"sphagnum moss 27%, <long> 17%","sphagnum moss 30%, <long> 28%",0.5444,0.367,0.232,0.232
r8_1542_element_of_drama,"Name an element of drama. Reply with only the name, nothing else.",0.5556,<long> -> bench,0.5333,tragedy -> bench,0.5478,tragedy -> bench,56,74,0.067,0.178,0.133,60,90,36,0.0,0.127,11.6,dialogue,0.45,7,5.13,15.11,0.177,"suspense 18%, conflict 15%","<long> 18%, tragedy 17%",0.5522,0.332,0.323,0.323
r8_1291_british_novelist,"Name a british novelist. Reply with only the name, nothing else.",0.5556,<long> -> bench,0.5194,martin amis -> real,0.5309,ian mcewan -> bench,48,62,0.2,0.311,0.267,60,90,55,0.0,0.193,16.1,jane austen,0.2,15,12.85,30.55,0.182,"<long> 20%, jane austen 13%","<long> 31%, jane austen 13%",0.5337,0.694,0.453,0.453
r8_1195_button_type,"Name a button type. Reply with only the name, nothing else.",0.5556,<long> -> bench,0.5556,primary button -> real,0.5747,submit -> bench,52,68,0.133,0.244,0.2,60,90,47,0.0,0.167,14.3,submit button,0.25,15,12.48,20.68,0.208,"primary button 23%, <long> 13%","<long> 24%, submit 20%",0.5465,0.39,0.289,0.289
r8_1354_plastic_product,"Name a plastic product. Reply with only the name, nothing else.",0.5556,water bottle -> real,0.5556,water bottle -> real,0.5639,water bottle -> real,53,80,0.117,0.111,0.113,60,90,57,0.0,0.067,10.2,water bottle,0.6,9,4.5,21.14,0.376,"water bottle 40%, <long> 12%","water bottle 29%, <long> 11%",0.5496,0.662,0.895,0.969
r8_1656_berry_used_in_dessert,"Name a berry used in dessert. Reply with only the name, nothing else.",0.5556,<long> -> bench,0.5528,strawberry -> real,0.5163,raspberry -> bench,53,71,0.1,0.211,0.167,60,90,8,0.007,0.12,10.9,strawberry,0.95,2,1.22,1.5,0.911,"strawberry 82%, <long> 10%","strawberry 71%, <long> 21%",0.5278,0.125,0.655,0.655
r8_1536_bolt,"Name a bolt. Reply with only the name, nothing else.",0.5556,<long> -> bench,0.5333,allen bolt -> real,0.5455,allen bolt -> real,44,55,0.267,0.378,0.333,60,90,79,0.007,0.287,21.2,hex bolt,0.3,12,8.85,60.51,0.111,"<long> 27%, hex bolt 7%","<long> 38%, hex bolt 8%",0.535,0.568,0.395,0.395
r8s_1037_hot_dog_topping,"Suggest a type of hot dog topping. Reply with only the name, nothing else.",0.5556,mustard -> bench,0.5556,mustard -> bench,0.5618,mustard -> bench,49,76,0.183,0.156,0.167,60,90,44,0.0,0.133,12.3,mustard,0.4,12,8.12,17.15,0.32,"mustard 20%, <long> 18%","mustard 31%, <long> 16%",0.5477,0.649,0.923,0.923
r8_0134_songbird,"Name a songbird. Reply with only the name, nothing else.",0.5556,robin -> real,0.5556,robin -> real,0.5644,robin -> real,50,72,0.167,0.2,0.187,60,90,46,0.0,0.173,13.6,robin,0.4,11,7.58,20.01,0.164,"robin 20%, <long> 17%","<long> 20%, northern cardinal 12%",0.5481,0.463,0.832,0.832
r8_0248_empire,"Name an empire. Reply with only the name, nothing else.",0.5556,roman empire -> real,0.5556,roman empire -> real,0.5248,roman empire -> real,58,80,0.033,0.111,0.08,60,90,16,0.0,0.073,9.2,roman empire,0.9,3,1.48,2.33,0.833,"roman empire 83%, rome 3%","roman empire 72%, <long> 11%",0.5317,0.237,0.33,0.33
r8_0130_fast_food_chain,"Name a fast food chain. Reply with only the name, nothing else.",0.5556,mcdonalds -> real,0.5556,mcdonalds -> real,0.5204,mcdonalds -> real,57,77,0.05,0.144,0.107,60,90,16,0.0,0.1,11.2,mcdonalds,0.75,5,2.45,2.85,0.784,"mcdonalds 77%, kfc 5%","mcdonalds 66%, <long> 14%",0.5319,0.261,0.04,0.04
r8_0176_letter_of_the_alphabet,"Name a letter of the alphabet. Reply with only the name, nothing else.",0.5556,b -> bench,0.5556,b -> bench,0.5636,b -> bench,58,83,0.033,0.078,0.06,60,90,12,0.0,0.053,6.1,a,0.5,8,4.79,4.35,0.525,"a 52%, b 13%","a 48%, b 24%",0.5415,0.349,0.608,0.608
r8s_0819_bioluminescent_animal,"Suggest a type of bioluminescent animal. Reply with only the name, nothing else.",0.5556,firefly -> bench,0.5556,firefly -> bench,0.5634,firefly -> bench,56,80,0.067,0.111,0.093,60,90,45,0.0,0.08,9.9,firefly squid,0.5,7,4.67,15.32,0.316,"firefly squid 33%, anglerfish 18%","firefly squid 26%, firefly 14%",0.5795,0.293,1.359,1.359
r8_0813_japanese_food,"Name a japanese food. Reply with only the name, nothing else.",0.5556,<long> -> bench,0.5389,sushi -> real,0.5086,rice -> real,58,77,0.033,0.144,0.1,60,90,18,0.0,0.093,9.5,sushi,0.9,3,1.48,2.36,0.837,"sushi 80%, ramen 5%","sushi 72%, <long> 14%",0.5194,0.101,0.215,0.215
r8_0892_workout,"Name a workout. Reply with only the name, nothing else.",0.5556,<long> -> bench,0.5333,burpees -> real,0.5383,burpees -> real,48,62,0.2,0.311,0.267,60,90,67,0.0,0.213,17.2,yoga,0.3,14,10.9,42.65,0.173,"<long> 20%, yoga 17%","<long> 31%, yoga 10%",0.5469,0.622,0.405,0.405
r8_1108_saying,"Name a type of saying. Reply with only the name, nothing else.",0.5556,proverb -> real,0.5556,proverb -> real,0.5197,proverb -> real,57,76,0.05,0.156,0.113,60,90,16,0.0,0.107,11.2,proverb,0.75,5,2.45,3.09,0.714,"proverb 70%, idiom 13%","proverb 59%, <long> 16%",0.5325,0.346,0.412,0.412
r8_0754_nut_edible,"Name a nut edible. Reply with only the name, nothing else.",0.5556,<long> -> bench,0.5556,almond -> real,0.5492,almond -> real,50,65,0.167,0.278,0.233,60,90,35,0.0,0.193,15.1,almond,0.4,10,6.89,12.94,0.304,"almond 30%, <long> 17%","<long> 28%, almond 19%",0.5469,0.311,0.409,0.409
r8_1098_textile,"Name a textile. Reply with only the name, nothing else.",0.5556,cotton -> real,0.5556,cotton -> real,0.5514,cotton -> real,57,77,0.05,0.144,0.107,60,90,39,0.0,0.093,9.9,silk,0.35,10,7.47,12.47,0.254,"cotton 23%, silk 22%","linen 24%, silk 19%",0.5501,0.369,0.348,0.348
r8_0422_scientist,"Name a scientist. Reply with only the name, nothing else.",0.5556,neil degrasse tyson -> real,0.5556,neil degrasse tyson -> real,0.5586,neil degrasse tyson -> real,57,86,0.05,0.044,0.047,60,90,45,0.0,0.047,8.7,albert einstein,0.45,6,4.46,15.24,0.266,"albert einstein 32%, neil degrasse tyson 17%","marie curie 24%, albert einstein 21%",0.5504,0.362,0.622,0.622
r8_0926_body_system,"Name a body system. Reply with only the name, nothing else.",0.5556,cardiovascular system -> real,0.5556,cardiovascular system -> real,0.5638,cardiovascular system -> real,52,76,0.133,0.156,0.147,60,90,31,0.0,0.113,12.7,nervous system,0.4,8,6.0,14.2,0.18,"digestive system 22%, nervous system 15%","<long> 16%, nervous system 14%",0.5502,0.348,0.352,0.352
r8_1924_carnival_food,"Name a carnival food. Reply with only the name, nothing else.",0.5556,popcorn -> bench,0.5556,popcorn -> bench,0.5844,popcorn -> bench,55,77,0.083,0.144,0.12,60,90,23,0.0,0.113,10.6,popcorn,0.4,10,6.89,4.79,0.644,"popcorn 50%, cotton candy 15%","popcorn 61%, <long> 14%",0.5343,0.373,0.272,0.272
r8_0940_blood_vessel,"Name a blood vessel. Reply with only the name, nothing else.",0.5556,aorta -> bench,0.5556,aorta -> bench,0.5937,aorta -> bench,57,75,0.05,0.156,0.113,60,90,27,0.007,0.1,10.9,aorta,0.4,7,4.75,6.1,0.492,"aorta 37%, artery 27%","aorta 48%, artery 19%",0.5459,0.328,0.449,0.449
r8_0428_motorcycle_brand,"Name a motorcycle brand. Reply with only the name, nothing else.",0.5556,harley-davidson -> real,0.5556,harley-davidson -> real,0.5483,harley-davidson -> real,59,86,0.017,0.044,0.033,60,90,17,0.0,0.027,7.7,harley-davidson,0.75,6,2.62,4.09,0.621,"harley-davidson 67%, honda 13%","harley-davidson 56%, honda 18%",0.5406,0.196,0.5,0.5
r8_0443_animal_sound,"Name an animal sound. Reply with only the name, nothing else.",0.5556,meow -> real,0.5556,meow -> real,0.5661,meow -> real,50,72,0.167,0.189,0.18,60,90,37,0.007,0.18,13.7,moo,0.45,8,4.98,12.89,0.328,"bark 25%, <long> 17%","bark 28%, <long> 19%",0.5372,0.417,0.371,0.371
r8_0613_harp,"Name a harp. Reply with only the name, nothing else.",0.5556,<long> -> bench,0.5111,lever harp -> bench,0.5213,lever harp -> bench,38,47,0.367,0.478,0.433,60,90,78,0.0,0.273,21.8,leblanc,0.05,20,20.0,72.95,0.047,"<long> 37%, lara 2%","<long> 48%, harp 3%",0.544,0.607,0.643,0.643
r8s_0148_milk,"Suggest a type of milk. Reply with only the name, nothing else.",0.5556,whole milk -> bench,0.5556,whole milk -> bench,0.5658,whole milk -> bench,57,78,0.05,0.133,0.1,60,90,30,0.0,0.053,10.0,almond milk,0.5,5,3.59,11.65,0.244,"almond milk 28%, soy milk 27%","almond milk 18%, soy milk 17%",0.5775,0.349,1.026,1.026
r8_0737_tea_variety,"Name a tea variety. Reply with only the name, nothing else.",0.5556,<long> -> bench,0.5361,assam tea -> real,0.5405,black tea -> bench,56,74,0.067,0.178,0.133,60,90,30,0.0,0.087,11.9,earl grey tea,0.4,10,6.89,12.04,0.292,"earl grey tea 28%, darjeeling tea 22%","earl grey tea 23%, <long> 18%",0.5542,0.372,0.44,0.44
r8_0446_satellite,"Name a satellite. Reply with only the name, nothing else.",0.5556,<long> -> bench,0.525,landsat 7 -> real,0.5323,goes-16 -> bench,48,62,0.2,0.311,0.267,60,90,85,0.0,0.24,17.5,hubble,0.1,18,17.41,72.42,0.045,"<long> 20%, landsat 7 5%","<long> 31%, hubble 4%",0.5334,0.664,0.216,0.216
r8_0687_ballet_move,"Name a ballet move. Reply with only the name, nothing else.",0.5556,pirouette -> real,0.5556,pirouette -> real,0.5619,pirouette -> real,52,73,0.133,0.189,0.167,60,90,54,0.0,0.14,13.7,arabesque,0.35,10,7.67,21.37,0.296,"arabesque 22%, pirouette 17%","arabesque 27%, <long> 19%",0.5389,0.62,0.689,0.689
r8s_0363_sunglass,"Suggest a type of sunglass. Reply with only the name, nothing else.",0.5556,polarized sunglasses -> bench,0.5556,polarized sunglasses -> bench,0.5719,polarized sunglasses -> bench,53,73,0.117,0.189,0.16,60,90,52,0.0,0.087,13.2,aviator sunglasses,0.4,9,5.82,19.91,0.302,"aviator sunglasses 20%, <long> 12%","aviator sunglasses 29%, <long> 19%",0.5535,0.331,0.445,0.445
r8_0587_leaf,"Name a leaf. Reply with only the name, nothing else.",0.5556,oak leaf -> real,0.5556,oak leaf -> real,0.58,oak leaf -> real,42,64,0.3,0.278,0.287,60,90,80,0.007,0.22,18.4,maple leaf,0.35,12,8.58,52.18,0.142,"<long> 30%, oak leaf 17%","<long> 28%, oak leaf 6%",0.5686,0.573,0.518,0.574
r8_1987_painting,"Name a type of painting. Reply with only the name, nothing else.",0.5556,acrylic painting -> bench,0.5556,acrylic painting -> bench,0.5703,acrylic painting -> bench,56,81,0.067,0.1,0.087,60,90,32,0.0,0.073,9.5,oil painting,0.3,9,6.63,7.16,0.547,"acrylic painting 43%, oil painting 13%","acrylic painting 54%, oil painting 11%",0.5409,0.286,0.396,0.396
r8_0540_pocket,"Name a pocket. Reply with only the name, nothing else.",0.5556,front pocket -> bench,0.5556,front pocket -> bench,0.5719,front pocket -> bench,49,71,0.183,0.211,0.2,60,90,75,0.0,0.147,15.2,front pocket,0.4,10,6.89,41.12,0.167,"<long> 18%, right pocket 12%","<long> 21%, front pocket 18%",0.5392,0.5,0.435,0.464
r8_1841_pedal,"Name a pedal. Reply with only the name, nothing else.",0.5556,<long> -> bench,0.5333,gas pedal -> real,0.55,gas pedal -> real,40,50,0.333,0.444,0.4,60,90,84,0.0,0.267,20.8,boss sd-1,0.1,19,18.66,79.57,0.044,"<long> 33%, gas pedal 7%","<long> 44%, delay pedal 2%",0.533,0.721,0.284,0.327
r8_0840_drum_stroke,"Name a drum stroke. Reply with only the name, nothing else.",0.5556,<long> -> bench,0.5472,snare drum -> bench,0.5702,snare drum -> bench,48,62,0.2,0.311,0.267,60,90,61,0.0,0.2,16.8,double stroke roll,0.1,17,16.25,35.22,0.182,"<long> 20%, snare drum stroke 15%","<long> 31%, snare drum stroke 12%",0.5328,0.672,0.151,0.151
r8s_0196_vehicle,"Suggest a type of vehicle. Reply with only the name, nothing else.",0.5556,<long> -> bench,0.525,sedan -> bench,0.534,sedan -> bench,56,74,0.067,0.178,0.133,60,90,67,0.0,0.08,11.2,suv,0.25,14,11.64,41.17,0.131,"tesla model 3 12%, <long> 7%","<long> 18%, tesla model 3 11%",0.5512,0.354,0.767,0.767
r8_0855_food_group,"Name a food group. Reply with only the name, nothing else.",0.5556,dairy -> bench,0.5556,dairy -> bench,0.5628,dairy -> bench,52,79,0.133,0.122,0.127,60,90,28,0.0,0.113,10.6,fruits,0.25,12,9.46,11.32,0.305,"fruits 23%, vegetables 15%","fruits 29%, dairy 18%",0.55,0.412,0.785,0.785
r8_0482_wave,"Name a wave. Reply with only the name, nothing else.",0.5556,tsunami -> real,0.5556,tsunami -> real,0.5867,tsunami -> real,38,54,0.367,0.378,0.373,60,90,67,0.013,0.287,20.7,tsunami,0.25,16,13.37,49.89,0.109,"<long> 37%, tsunami 13%","<long> 38%, ocean wave 6%",0.5482,0.553,0.396,0.307
r8_1813_loom,"Name a loom. Reply with only the name, nothing else.",0.5556,<long> -> bench,0.5306,jacquard loom -> bench,0.5657,jacquard loom -> bench,36,44,0.4,0.511,0.467,60,90,71,0.0,0.373,26.2,frame loom,0.1,19,18.66,61.69,0.1,"<long> 40%, croslingers crossbow 2%","<long> 51%, jacquard loom 8%",0.5404,0.662,0.428,0.459
r8_0547_bathroom_fixture,"Name a type of bathroom fixture. Reply with only the name, nothing else.",0.5556,bathtub -> real,0.5556,bathtub -> real,0.5621,bathtub -> real,54,82,0.1,0.089,0.093,60,90,31,0.0,0.093,10.1,toilet,0.3,13,9.91,12.27,0.338,"toilet 30%, bathtub 17%","toilet 31%, sink 11%",0.5487,0.411,0.722,0.722
r8_0999_microorganism,"Name a type of microorganism. Reply with only the name, nothing else.",0.5556,bacteria -> bench,0.5556,bacteria -> bench,0.5464,bacteria -> bench,53,84,0.117,0.067,0.087,60,90,35,0.0,0.053,8.8,bacteria,0.9,3,1.48,8.05,0.547,"bacteria 43%, <long> 12%","bacteria 54%, yeast 9%",0.5544,0.361,0.486,0.486
r8s_0587_leaf,"Suggest a type of leaf. Reply with only the name, nothing else.",0.5556,maple leaf -> real,0.5556,maple leaf -> real,0.5489,maple leaf -> real,57,78,0.05,0.133,0.1,60,90,56,0.0,0.073,10.5,oak leaf,0.15,16,14.38,15.83,0.311,"maple leaf 30%, oak leaf 27%","oak leaf 29%, maple leaf 19%",0.556,0.369,0.384,0.384
r8_1827_musician,"Name a musician. Reply with only the name, nothing else.",0.5556,<long> -> bench,0.5528,bob dylan -> real,0.5509,bob dylan -> real,56,74,0.067,0.178,0.133,60,90,58,0.0,0.12,11.8,elvis presley,0.1,18,17.41,34.51,0.138,"bob dylan 18%, john mayer 8%","<long> 18%, bob dylan 8%",0.5361,0.605,0.354,0.354
r8_0783_disney_animated_film,"Name a disney animated film. Reply with only the name, nothing else.",0.5556,frozen -> bench,0.5556,frozen -> bench,0.5782,frozen -> bench,55,76,0.083,0.156,0.127,60,90,30,0.0,0.107,10.8,frozen,0.15,10,9.01,10.39,0.382,"frozen 27%, moana 17%","frozen 38%, <long> 16%",0.5338,0.514,0.102,0.102
r8s_0335_cheese,"Suggest a type of cheese. Reply with only the name, nothing else.",0.5556,<long> -> bench,0.5333,gouda cheese -> real,0.5357,gouda cheese -> real,56,74,0.067,0.178,0.133,60,90,33,0.0,0.12,12.1,cheddar cheese,0.3,11,8.26,12.13,0.308,"cheddar 30%, cheddar cheese 15%","cheddar 24%, <long> 18%",0.5368,0.448,0.041,0.041
r8s_0906_salamander,"Suggest a type of salamander. Reply with only the name, nothing else.",0.5556,<long> -> bench,0.5361,red-spotted salamander -> real,0.5379,red-spotted salamander -> real,56,74,0.067,0.178,0.133,60,90,76,0.0,0.1,12.6,axolotl,0.25,13,10.86,42.99,0.185,"axolotl 15%, red-spotted salamander 8%","<long> 18%, axolotl 17%",0.5489,0.604,0.892,0.892
r8s_0975_animal_sleep_pattern,"Suggest a type of animal sleep pattern. Reply with only the name, nothing else.",0.5556,<long> -> bench,0.5361,polyphasic sleep pattern -> real,0.5384,polyphasic sleep pattern -> real,38,47,0.367,0.478,0.433,60,90,50,0.0,0.34,24.2,polyphasic sleep pattern,0.5,11,6.32,28.65,0.247,"<long> 37%, polyphasic sleep pattern 18%","<long> 48%, polyphasic sleep pattern 11%",0.5507,0.66,0.878,0.878
r8s_0175_paper_product,"Suggest a type of paper product. Reply with only the name, nothing else.",0.5556,<long> -> bench,0.5278,toilet paper -> real,0.5241,toilet paper -> real,56,74,0.067,0.178,0.133,60,90,60,0.0,0.12,11.8,tissue paper,0.1,17,16.25,28.01,0.231,"paper towels 20%, toilet paper 13%","paper towels 20%, <long> 18%",0.5412,0.531,0.319,0.319
r8_1126_gemstone_transparency,"Name a gemstone transparency. Reply with only the name, nothing else.",0.5556,diamond -> bench,0.5556,diamond -> bench,0.6,diamond -> bench,37,50,0.367,0.444,0.413,60,90,58,0.007,0.333,22.5,opaque,0.5,10,5.9,39.7,0.115,"<long> 37%, alexandrite transparency 5%","<long> 44%, diamond 11%",0.556,0.517,0.711,0.711
r8_0675_cheese_aging,"Name a type of cheese aging. Reply with only the name, nothing else.",0.5556,<long> -> bench,0.5222,cheddar -> bench,0.5367,cheddar aging -> bench,46,59,0.233,0.344,0.3,60,90,48,0.0,0.227,18.3,cheddar cheese aging,0.2,14,11.99,20.57,0.324,"<long> 23%, cheddar aging 22%","<long> 34%, cheddar aging 23%",0.5417,0.486,0.631,0.631
r8s_1034_ball_type,"Suggest a ball type. Reply with only the name, nothing else.",0.5556,tennis ball -> real,0.5556,tennis ball -> real,0.5684,tennis ball -> real,45,64,0.25,0.289,0.273,60,90,63,0.0,0.2,16.8,tennis ball,0.6,9,4.5,30.02,0.275,"tennis ball 27%, <long> 25%","<long> 29%, tennis ball 16%",0.5552,0.603,0.39,0.423
r8s_1016_economic_sector,"Suggest a type of economic sector. Reply with only the name, nothing else.",0.5556,healthcare -> real,0.5556,healthcare -> real,0.56,manufacturing -> bench,57,80,0.05,0.111,0.087,60,90,55,0.0,0.073,9.2,healthcare,0.2,13,11.19,27.34,0.146,"healthcare 20%, retail 10%","manufacturing 12%, <long> 11%",0.5583,0.472,0.626,0.626
r8_0695_president,"Name a president. Reply with only the name, nothing else.",0.5556,biden -> real,0.5556,biden -> real,0.5588,biden -> real,56,82,0.067,0.089,0.08,60,90,28,0.0,0.067,9.2,joe biden,0.35,12,8.81,7.65,0.522,"joe biden 48%, biden 17%","joe biden 48%, <long> 9%",0.5442,0.445,0.48,0.48
r8_0694_exercise,"Name an exercise. Reply with only the name, nothing else.",0.5556,<long> -> bench,0.5278,bicep curl -> bench,0.5568,bicep curl -> bench,36,44,0.4,0.511,0.467,60,90,63,0.0,0.307,21.9,push-ups,0.25,12,9.87,53.36,0.062,"<long> 40%, push-ups 7%","<long> 51%, bicep curl 6%",0.5639,0.608,0.655,0.645
r8s_0192_park,"Suggest a type of park. Reply with only the name, nothing else.",0.5556,<long> -> real,0.5194,national park -> bench,0.5208,central park -> real,48,82,0.2,0.089,0.133,60,90,57,0.0,0.093,11.5,botanical garden,0.2,14,11.49,19.91,0.392,"national park 32%, <long> 20%","national park 36%, <long> 9%",0.5469,0.547,0.424,0.424
r8_0703_filter,"Name a filter. Reply with only the name, nothing else.",0.5556,<long> -> real,0.5167,any filter -> real,0.5278,any filter -> real,36,62,0.4,0.289,0.333,60,90,93,0.013,0.26,21.4,uv filter,0.2,17,15.16,88.29,0.031,"<long> 40%, any filter 3%","<long> 29%, coffee filter 3%",0.5301,0.764,0.506,0.439
r8s_0981_lava,"Suggest a type of lava. Reply with only the name, nothing else.",0.5556,basaltic lava -> bench,0.5556,basaltic lava -> bench,0.5772,basaltic lava -> bench,46,67,0.217,0.256,0.24,60,90,45,0.007,0.167,16.3,basaltic lava,0.35,11,8.01,17.57,0.265,"<long> 22%, pahoehoe lava 15%","<long> 26%, basaltic lava 24%",0.5447,0.498,0.327,0.327
r8s_0223_cloud,"Suggest a type of cloud. Reply with only the name, nothing else.",0.5556,aws -> bench,0.5556,aws -> bench,0.578,aws -> bench,51,71,0.15,0.211,0.187,60,90,45,0.0,0.153,13.0,cumulonimbus,0.6,5,3.41,19.01,0.287,"aws 17%, <long> 15%","aws 28%, <long> 21%",0.5344,0.308,0.036,0.034
r8_0549_invention,"Name an invention. Reply with only the name, nothing else.",0.5556,<long> -> bench,0.5333,electric light bulb -> bench,0.5423,electric light bulb -> bench,54,71,0.1,0.211,0.167,60,90,80,0.0,0.133,12.5,telephone,0.25,14,11.64,56.02,0.112,"telephone 13%, <long> 10%","<long> 21%, electric light bulb 7%",0.5428,0.565,0.438,0.438
r8s_0231_liquor,"Suggest a type of liquor. Reply with only the name, nothing else.",0.5556,gin -> bench,0.5556,gin -> bench,0.562,gin -> bench,53,80,0.117,0.111,0.113,60,90,36,0.0,0.06,9.1,gin,0.5,6,4.06,14.82,0.226,"gin 13%, whiskey 13%","gin 24%, whiskey 18%",0.5438,0.395,0.502,0.502
r8s_0316_article_of_clothing,"Suggest a type of article of clothing. Reply with only the name, nothing else.",0.5528,t-shirt -> bench,0.5528,t-shirt -> bench,0.5718,t-shirt -> bench,57,81,0.05,0.1,0.08,60,90,30,0.0,0.067,9.4,t-shirt,0.5,7,4.55,7.16,0.558,"t-shirt 45%, jeans 8%","t-shirt 56%, <long> 10%",0.5393,0.393,0.497,0.497
r8_0903_grocery_store,"Name a grocery store. Reply with only the name, nothing else.",0.5528,safeway -> real,0.5528,safeway -> real,0.5608,aldi -> bench,53,74,0.117,0.178,0.153,60,90,45,0.0,0.147,13.5,trader joes,0.2,12,9.74,24.56,0.142,"safeway 18%, <long> 12%","<long> 18%, whole foods market 10%",0.5389,0.469,0.246,0.246
r8_0879_cereal,"Name a cereal. Reply with only the name, nothing else.",0.5528,cheerios -> real,0.5528,cheerios -> real,0.5448,cheerios -> real,54,75,0.1,0.167,0.14,60,90,40,0.0,0.113,11.4,cheerios,0.25,11,8.6,12.66,0.411,"cheerios 42%, honey nut cheerios 10%","cheerios 31%, <long> 17%",0.5556,0.385,0.858,0.858
r8_0736_prehistoric_fish,"Name a prehistoric fish. Reply with only the name, nothing else.",0.5528,<long> -> bench,0.5472,coelacanth -> real,0.5452,coelacanth -> real,55,73,0.083,0.189,0.147,60,90,61,0.0,0.1,12.4,dunkleosteus,0.45,8,5.26,19.7,0.359,"dunkleosteus 33%, coelacanth 18%","dunkleosteus 29%, <long> 19%",0.5599,0.444,0.221,0.221
r8_1134_baking_item,"Name a baking item. Reply with only the name, nothing else.",0.5528,<long> -> bench,0.5444,cookie -> bench,0.569,cookie -> bench,55,73,0.083,0.189,0.147,60,90,44,0.0,0.113,11.6,cake,0.1,19,18.66,17.04,0.297,"cookie 20%, chocolate chip cookies 12%","cookie 29%, <long> 19%",0.5486,0.471,0.52,0.52
r8s_0422_scientist,"Suggest a type of scientist. Reply with only the name, nothing else.",0.5528,<long> -> bench,0.5417,biochemist -> real,0.5431,biochemist -> real,55,73,0.083,0.189,0.147,60,90,56,0.0,0.087,11.0,paleontologist,0.25,12,10.14,35.55,0.109,"biochemist 12%, chemist 12%","<long> 19%, chemist 8%",0.5406,0.418,0.371,0.371
r8_0656_literary_form,"Name a literary form. Reply with only the name, nothing else.",0.5528,<long> -> bench,0.5417,sonnet -> real,0.5363,sonnet -> real,59,79,0.017,0.122,0.08,60,90,28,0.0,0.08,9.3,sonnet,0.3,11,8.63,10.45,0.261,"novel 25%, sonnet 18%","novel 23%, short story 17%",0.5487,0.294,0.479,0.479
r8_0595_burger_topping,"Name a type of burger topping. Reply with only the name, nothing else.",0.5528,bacon -> bench,0.5528,bacon -> bench,0.5666,bacon -> bench,51,72,0.15,0.2,0.18,60,90,42,0.0,0.147,13.0,lettuce,0.3,11,8.63,15.2,0.358,"lettuce 28%, <long> 15%","lettuce 30%, <long> 20%",0.5299,0.62,0.589,0.589
r8_1526_body_of_land,"Name a body of land. Reply with only the name, nothing else.",0.5528,<long> -> bench,0.5194,peninsula -> real,0.5247,peninsula -> real,45,58,0.25,0.356,0.313,60,90,85,0.0,0.22,17.6,peninsula,0.15,17,15.83,73.99,0.068,"<long> 25%, sahara desert 5%","<long> 36%, sahara desert 4%",0.5303,0.782,0.379,0.379
r8s_0468_boot,"Suggest a type of boot. Reply with only the name, nothing else.",0.5528,chelsea boot -> real,0.5528,chelsea boot -> real,0.563,chelsea boot -> real,52,80,0.133,0.111,0.12,60,90,46,0.0,0.08,10.5,chelsea boot,0.4,13,8.71,21.46,0.212,"chelsea boot 25%, <long> 13%","chelsea boot 14%, hiking boot 12%",0.5556,0.439,0.348,0.348
r8_0594_pepper,"Name a pepper. Reply with only the name, nothing else.",0.5528,<long> -> bench,0.5389,cayenne -> real,0.5395,cayenne -> real,57,76,0.05,0.156,0.113,60,90,45,0.0,0.1,11.2,cayenne pepper,0.3,11,8.63,18.84,0.226,"cayenne pepper 18%, black pepper 15%","cayenne pepper 21%, <long> 16%",0.5544,0.31,0.713,0.713
r8_0524_kitchen_utensil,"Name a kitchen utensil. Reply with only the name, nothing else.",0.5528,<long> -> bench,0.5417,spatula -> real,0.5179,spatula -> real,59,79,0.017,0.122,0.08,60,90,30,0.0,0.073,9.5,spatula,0.5,8,5.0,8.78,0.471,"spatula 48%, whisk 12%","spatula 40%, <long> 12%",0.5415,0.496,1.195,1.195
r8_0966_epic_poem,"Name an epic poem. Reply with only the name, nothing else.",0.5528,<long> -> bench,0.5417,odyssey -> real,0.5257,epic of gilgamesh -> real,53,70,0.117,0.222,0.18,60,90,13,0.0,0.14,12.7,odyssey,0.55,10,5.35,2.61,0.772,"odyssey 68%, <long> 12%","odyssey 60%, <long> 22%",0.524,0.142,0.036,0.036
r8_0145_coin,"Name a coin. Reply with only the name, nothing else.",0.5528,bitcoin -> real,0.5528,bitcoin -> real,0.5526,bitcoin -> real,53,75,0.117,0.167,0.147,60,90,27,0.0,0.133,11.0,penny,0.7,6,2.94,9.4,0.297,"bitcoin 32%, penny 27%","penny 22%, bitcoin 21%",0.5516,0.292,0.453,0.453
r8s_0518_toiletry,"Suggest a type of toiletry. Reply with only the name, nothing else.",0.5528,soap -> bench,0.5528,soap -> bench,0.5595,soap -> bench,55,81,0.083,0.1,0.093,60,90,33,0.0,0.093,10.4,shampoo,0.25,11,8.6,9.02,0.449,"shampoo 37%, toothpaste 12%","shampoo 43%, soap 19%",0.5475,0.511,0.696,0.696
r8_0168_sports_equipment,"Name a type of sports equipment. Reply with only the name, nothing else.",0.5528,<long> -> bench,0.5333,basketball hoop -> real,0.5298,basketball hoop -> real,59,79,0.017,0.122,0.08,60,90,35,0.0,0.08,9.7,basketball hoop,0.25,11,8.82,16.18,0.196,"baseball bat 20%, basketball 13%","baseball bat 17%, basketball 13%",0.5281,0.66,0.576,0.576
r8s_1967_fruit_seed,"Suggest a type of fruit seed. Reply with only the name, nothing else.",0.5528,apple seed -> bench,0.5528,apple seed -> bench,0.5679,apple seed -> bench,55,76,0.083,0.156,0.127,60,90,43,0.0,0.093,11.2,avocado seed,0.15,13,11.68,17.47,0.206,"mango seed 22%, avocado seed 17%","apple seed 22%, <long> 16%",0.547,0.602,0.908,0.908
r8_0006_mammal,"Name a mammal. Reply with only the name, nothing else.",0.5528,dolphin -> real,0.5528,dolphin -> real,0.5573,dolphin -> real,55,82,0.083,0.089,0.087,60,90,32,0.0,0.073,8.3,dog,0.3,11,8.4,11.99,0.365,"dog 33%, dolphin 18%","dog 33%, cat 9%",0.5446,0.496,0.515,0.515
r8_0642_liqueur,"Name a liqueur. Reply with only the name, nothing else.",0.5528,<long> -> bench,0.5222,grand marnier -> bench,0.5274,grand marnier -> bench,55,73,0.083,0.189,0.147,60,90,52,0.0,0.107,13.0,amaretto,0.65,7,3.52,16.11,0.445,"amaretto 40%, <long> 8%","amaretto 37%, <long> 19%",0.5434,0.505,0.668,0.668
r8s_1786_mean_of_transportation,"Suggest a type of mean of transportation. Reply with only the name, nothing else.",0.5528,bus -> bench,0.5528,bus -> bench,0.5612,bus -> bench,57,83,0.05,0.078,0.067,60,90,33,0.0,0.047,7.4,bus,0.35,6,4.34,10.02,0.336,"bicycle 25%, bus 25%","bus 36%, bicycle 16%",0.5396,0.467,0.237,0.237
r8_0734_medicine,"Name a medicine. Reply with only the name, nothing else.",0.5528,<long> -> bench,0.5472,ibuprofen -> real,0.5581,ibuprofen -> real,47,61,0.217,0.322,0.28,60,90,46,0.0,0.167,15.8,aspirin,0.5,8,5.0,17.94,0.37,"aspirin 28%, <long> 22%","<long> 32%, aspirin 26%",0.5388,0.493,0.444,0.444
r8s_1811_office_item,"Suggest a type of office item. Reply with only the name, nothing else.",0.5528,<long> -> bench,0.525,stapler -> real,0.5228,stapler -> bench,57,75,0.05,0.156,0.113,60,90,23,0.007,0.093,10.5,stapler,0.8,5,2.18,3.1,0.78,"stapler 72%, <long> 5%","stapler 67%, <long> 16%",0.5335,0.317,0.06,0.06
r8s_0530_tide,"Suggest a type of tide. Reply with only the name, nothing else.",0.5528,spring tide -> bench,0.5528,spring tide -> bench,0.5686,spring tide -> bench,50,73,0.167,0.189,0.18,60,90,52,0.0,0.12,13.1,spring tide,0.3,12,9.25,16.54,0.341,"spring tide 22%, high tide 20%","spring tide 32%, <long> 19%",0.5493,0.54,0.266,0.277
r8_0995_fishing_technique,"Name a fishing technique. Reply with only the name, nothing else.",0.5528,trolling -> real,0.5528,trolling -> real,0.5497,trolling -> real,54,76,0.1,0.156,0.133,60,90,44,0.0,0.12,11.3,trolling,0.5,10,5.9,18.39,0.331,"trolling 35%, <long> 10%","trolling 24%, <long> 16%",0.56,0.611,1.584,1.584
r8s_1520_vaccine,"Suggest a type of vaccine. Reply with only the name, nothing else.",0.5528,mrna vaccine -> bench,0.5528,mrna vaccine -> bench,0.569,mrna vaccine -> bench,51,72,0.15,0.2,0.18,60,90,52,0.0,0.12,15.8,flu vaccine,0.2,13,10.72,28.45,0.179,"<long> 15%, hepatitis b vaccine 10%","<long> 20%, mrna vaccine 19%",0.5781,0.446,0.783,0.783
r8_1971_petal,"Name a petal. Reply with only the name, nothing else.",0.5528,petal -> real,0.5528,petal -> real,0.57,petal -> real,45,64,0.25,0.289,0.273,60,90,68,0.0,0.193,16.3,petal,0.25,14,11.64,40.04,0.165,"<long> 25%, petal 12%","<long> 29%, rose petal 14%",0.5448,0.547,0.208,0.223
r8s_1716_cell_type,"Suggest a cell type. Reply with only the name, nothing else.",0.5528,code cell -> bench,0.5528,code cell -> bench,0.5625,code cell -> bench,46,75,0.233,0.156,0.187,60,90,87,0.007,0.173,14.9,neutrophil,0.2,16,14.14,66.1,0.099,"<long> 23%, osteoblast 3%","<long> 16%, code cell 12%",0.584,0.588,0.451,0.385
r8s_1523_cheese_used_on_pizza,"Suggest a type of cheese used on pizza. Reply with only the name, nothing else.",0.5528,mozzarella cheese -> bench,0.5528,mozzarella cheese -> bench,0.5632,mozzarella cheese -> bench,49,74,0.183,0.178,0.18,60,90,15,0.0,0.127,12.6,mozzarella cheese,0.6,6,3.41,3.52,0.496,"mozzarella 42%, mozzarella cheese 25%","mozzarella 40%, mozzarella cheese 36%",0.523,0.113,0.673,0.673
r8s_0235_crop,"Suggest a type of crop. Reply with only the name, nothing else.",0.5528,<long> -> real,0.5222,soybean -> bench,0.5225,soybean -> bench,47,80,0.217,0.111,0.153,60,90,39,0.0,0.133,11.6,corn,0.55,7,4.05,14.71,0.378,"corn 30%, <long> 22%","corn 33%, <long> 11%",0.5349,0.614,0.273,0.273
r8s_0317_fabric,"Suggest a type of fabric. Reply with only the name, nothing else.",0.5528,silk -> real,0.5528,silk -> real,0.56,cotton -> bench,52,74,0.133,0.178,0.16,60,90,48,0.0,0.113,11.4,silk,0.3,10,7.71,21.86,0.183,"silk 22%, <long> 13%","<long> 18%, cotton 18%",0.5496,0.387,0.618,0.618
r8s_0349_gesture,"Suggest a type of gesture. Reply with only the name, nothing else.",0.5528,eyebrows furrowing -> bench,0.5528,eyebrows furrowing -> bench,0.5623,eyebrows furrowing -> bench,55,77,0.083,0.144,0.12,60,90,79,0.0,0.08,11.0,eyebrows furrowing,0.35,12,8.81,53.05,0.091,"wave 12%, <long> 8%","<long> 14%, eyebrows furrowing 12%",0.5373,0.483,0.327,0.234
r8s_0352_country,"Suggest a type of country. Reply with only the name, nothing else.",0.5528,france -> real,0.5528,france -> real,0.557,france -> real,54,76,0.1,0.156,0.133,60,90,53,0.0,0.113,11.0,island country,0.45,8,5.26,34.05,0.1,"france 15%, <long> 10%","<long> 16%, united states 9%",0.5402,0.539,0.365,0.393
r8_1928_guitar_pick,"Name a guitar pick. Reply with only the name, nothing else.",0.5528,<long> -> bench,0.5389,tortex -> real,0.5434,tortex -> real,47,60,0.217,0.322,0.28,60,90,65,0.007,0.2,17.2,tortex,0.15,16,14.77,35.48,0.168,"<long> 22%, dunlop 15%","<long> 32%, dunlop 10%",0.5483,0.496,0.39,0.39
r8_0028_cooking_method,"Name a cooking method. Reply with only the name, nothing else.",0.5528,<long> -> bench,0.5417,roasting -> bench,0.557,roasting -> bench,57,76,0.05,0.156,0.113,60,90,32,0.0,0.093,10.1,roasting,0.2,14,12.31,17.48,0.188,"baking 13%, grilling 12%","roasting 20%, <long> 16%",0.5352,0.627,0.357,0.357
r8s_1739_racket,"Suggest a type of racket. Reply with only the name, nothing else.",0.5528,tennis racket -> bench,0.5528,tennis racket -> bench,0.5738,tennis racket -> bench,37,63,0.383,0.3,0.333,60,90,62,0.0,0.18,17.2,tennis racket,0.1,19,18.66,36.64,0.18,"<long> 38%, badminton racket 10%","<long> 30%, badminton racket 13%",0.5591,0.392,0.343,0.343
r8_0921_taste_sensation,"Name a taste sensation. Reply with only the name, nothing else.",0.5528,sweet -> bench,0.5528,sweet -> bench,0.563,sweet -> bench,44,74,0.25,0.178,0.207,60,90,40,0.007,0.113,11.6,sour,0.2,15,13.2,18.1,0.186,"<long> 25%, sour 13%","<long> 18%, bitter 17%",0.5675,0.377,0.627,0.627
r8s_1594_wave_type,"Suggest a wave type. Reply with only the name, nothing else.",0.5528,<long> -> bench,0.5167,progressive -> real,0.5256,sine wave -> bench,51,67,0.15,0.256,0.213,60,90,88,0.0,0.153,15.1,tsunami wave,0.15,17,15.83,66.8,0.127,"<long> 15%, sine wave 8%","<long> 26%, sine wave 11%",0.5328,0.648,0.508,0.456
r8_1951_dystopian_novel,"Name a dystopian novel. Reply with only the name, nothing else.",0.5528,brave new world -> real,0.5528,brave new world -> real,0.5599,brave new world -> real,50,73,0.167,0.189,0.18,60,90,11,0.0,0.16,15.8,1984,0.45,7,4.35,4.54,0.35,"brave new world 32%, 1984 27%","1984 30%, brave new world 21%",0.5519,0.266,0.695,0.695
r8_1485_pirate,"Name a pirate. Reply with only the name, nothing else.",0.5528,jack sparrow -> real,0.5528,jack sparrow -> real,0.5476,blackbeard -> bench,59,80,0.017,0.111,0.073,60,90,17,0.0,0.067,8.7,blackbeard,0.85,3,1.68,4.15,0.597,"blackbeard 53%, jack sparrow 25%","blackbeard 57%, jack sparrow 14%",0.5481,0.141,0.24,0.24
r8_0846_costume,"Name a costume. Reply with only the name, nothing else.",0.5528,<long> -> bench,0.525,bat costume -> real,0.5306,bat costume -> real,49,64,0.183,0.289,0.247,60,90,70,0.0,0.147,15.0,witch costume,0.25,14,11.34,45.95,0.106,"<long> 18%, pirate 10%","<long> 29%, witch costume 9%",0.5408,0.603,0.217,0.217
r8_1565_marker_brand,"Name a marker brand. Reply with only the name, nothing else.",0.5528,sharpie -> real,0.5528,sharpie -> real,0.5714,sharpie -> real,42,60,0.3,0.333,0.32,60,90,69,0.0,0.253,19.5,sharpie,1.0,1,1.0,40.39,0.225,"<long> 30%, sharpie 22%","<long> 33%, sharpie 11%",0.5397,0.663,0.37,0.437
r8s_0372_dried_fruit,"Suggest a type of dried fruit. Reply with only the name, nothing else.",0.5528,raisins -> real,0.5528,raisins -> real,0.5627,raisins -> real,53,81,0.117,0.1,0.107,60,90,28,0.0,0.08,9.6,raisins,0.5,7,4.47,7.97,0.358,"raisins 38%, apricots 32%","raisins 28%, apricots 23%",0.5532,0.437,0.94,0.94
r8_1506_gymnastics_apparatus,"Name a type of gymnastics apparatus. Reply with only the name, nothing else.",0.5528,<long> -> bench,0.5472,uneven bars -> bench,0.5768,uneven bars -> bench,57,76,0.05,0.156,0.113,60,90,18,0.0,0.107,10.9,uneven bars,0.5,6,3.69,5.74,0.421,"uneven bars 32%, balance beam 28%","uneven bars 41%, balance beam 21%",0.5387,0.53,1.105,1.105
r8_0634_music_notation,"Name a music notation. Reply with only the name, nothing else.",0.5528,treble clef -> real,0.5528,treble clef -> real,0.5667,treble clef -> real,46,67,0.233,0.256,0.247,60,90,57,0.0,0.22,16.3,treble clef,0.3,12,9.49,31.06,0.204,"<long> 23%, treble clef 22%","<long> 26%, treble clef 11%",0.5393,0.647,0.328,0.328
r8_1366_rainforest_animal,"Name a rainforest animal. Reply with only the name, nothing else.",0.5528,jaguar -> bench,0.5528,jaguar -> bench,0.5763,jaguar -> bench,58,82,0.033,0.089,0.067,60,90,29,0.0,0.067,8.3,jaguar,0.7,7,3.15,4.7,0.693,"jaguar 58%, sloth 10%","jaguar 69%, <long> 9%",0.5246,0.299,0.225,0.225
r8_1308_pegasus,"Name a type of pegasus. Reply with only the name, nothing else.",0.5528,<long> -> bench,0.5306,pegasus -> bench,0.5636,pegasus -> bench,39,49,0.35,0.456,0.413,60,90,73,0.0,0.3,22.6,peguardian,0.05,20,20.0,56.23,0.148,"<long> 35%, pegasus 5%","<long> 46%, pegasus 11%",0.5417,0.424,0.186,0.186
r8_0035_continent,"Name a continent. Reply with only the name, nothing else.",0.5528,africa -> bench,0.5528,africa -> bench,0.5622,africa -> bench,57,83,0.05,0.078,0.067,60,90,12,0.0,0.053,7.2,africa,0.5,3,2.35,4.7,0.407,"africa 32%, asia 28%","africa 42%, asia 22%",0.5463,0.247,0.43,0.43
r8s_1601_holiday_treat,"Suggest a type of holiday treat. Reply with only the name, nothing else.",0.5528,<long> -> bench,0.525,candy canes -> real,0.5505,gingerbread cookies -> bench,39,49,0.35,0.456,0.413,60,90,41,0.0,0.153,16.4,gingerbread cookies,0.2,13,10.72,20.79,0.261,"<long> 35%, gingerbread cookies 13%","<long> 46%, gingerbread cookies 17%",0.5469,0.324,0.5,0.5
r8_0099_herbivore,"Name a herbivore. Reply with only the name, nothing else.",0.5528,deer -> real,0.5528,deer -> real,0.5448,deer -> real,54,76,0.1,0.156,0.133,60,90,30,0.0,0.113,10.8,rabbit,0.35,7,5.15,8.25,0.485,"deer 48%, rabbit 13%","deer 38%, <long> 16%",0.5324,0.512,0.178,0.178
r8s_0446_satellite,"Suggest a type of satellite. Reply with only the name, nothing else.",0.5528,geostationary satellite -> real,0.5528,geostationary satellite -> real,0.5554,geostationary satellite -> real,54,77,0.1,0.144,0.127,60,90,49,0.0,0.113,12.6,communication satellite,0.15,14,12.2,22.63,0.176,"geostationary satellite 22%, gps satellite 13%","communication satellite 16%, <long> 14%",0.5351,0.484,0.159,0.159
r8_0574_spice,"Name a spice. Reply with only the name, nothing else.",0.5528,cinnamon -> real,0.5528,cinnamon -> real,0.532,cinnamon -> real,57,79,0.05,0.122,0.093,60,90,25,0.0,0.08,8.7,cinnamon,0.7,5,2.67,5.12,0.647,"cinnamon 65%, cumin 7%","cinnamon 54%, <long> 12%",0.5364,0.457,0.355,0.355
r8_0290_tide_type,"Name a tide type. Reply with only the name, nothing else.",0.5528,spring tide -> bench,0.5528,spring tide -> bench,0.5634,high tide -> real,44,73,0.267,0.189,0.22,60,90,52,0.0,0.2,15.5,spring tide,0.5,8,5.14,18.74,0.316,"<long> 27%, high tide 18%","spring tide 29%, <long> 19%",0.5446,0.59,0.442,0.442
r8_1735_circus_act,"Name a circus act. Reply with only the name, nothing else.",0.5528,tightrope walking -> bench,0.5528,tightrope walking -> bench,0.5719,tightrope walking -> bench,46,67,0.233,0.256,0.247,60,90,63,0.0,0.153,15.1,trapeze artists,0.15,15,13.42,39.38,0.15,"<long> 23%, high-wire act 7%","<long> 26%, tightrope walking 16%",0.5465,0.393,0.363,0.363
r8_0383_gemstone_color,"Name a gemstone color. Reply with only the name, nothing else.",0.5528,green -> real,0.5528,green -> real,0.5464,green -> real,55,74,0.083,0.178,0.14,60,90,40,0.0,0.127,11.6,green,0.25,10,7.59,17.02,0.256,"green 28%, pink 8%","green 18%, <long> 18%",0.5457,0.388,0.231,0.231
r8_0393_fictional_wizard,"Name a fictional wizard. Reply with only the name, nothing else.",0.5528,<long> -> bench,0.5306,gandalf the grey -> bench,0.5406,gandalf the grey -> bench,53,70,0.117,0.222,0.18,60,90,67,0.0,0.147,13.7,merlin,0.3,10,7.84,32.67,0.228,"merlin 18%, <long> 12%","<long> 22%, merlin 19%",0.5621,0.354,0.736,0.736
r8_1659_gymnastics_event,"Name a gymnastics event. Reply with only the name, nothing else.",0.5528,<long> -> bench,0.5278,floor exercise -> bench,0.5485,floor exercise -> bench,53,70,0.117,0.222,0.18,60,90,30,0.0,0.147,13.3,uneven bars,0.35,9,5.91,8.52,0.407,"uneven bars 35%, floor exercise 17%","uneven bars 32%, <long> 22%",0.5445,0.364,0.243,0.243
r8s_1222_marine_creature,"Suggest a type of marine creature. Reply with only the name, nothing else.",0.5528,octopus -> real,0.5528,octopus -> real,0.5555,octopus -> real,57,84,0.05,0.067,0.06,60,90,36,0.0,0.053,7.9,sea turtle,0.15,12,10.62,12.76,0.326,"dolphin 28%, seahorse 17%","dolphin 32%, seahorse 13%",0.5472,0.425,0.745,0.745
r8_0410_action_figure,"Name an action figure. Reply with only the name, nothing else.",0.5528,<long> -> bench,0.5306,g.i. joe -> real,0.5227,spider-man -> bench,51,66,0.15,0.256,0.213,60,90,51,0.007,0.147,14.8,g.i. joe,0.35,10,7.47,22.81,0.274,"g.i. joe 25%, <long> 15%","<long> 26%, g.i. joe 19%",0.5441,0.524,0.371,0.411
r8s_0032_taste,"Suggest a type of taste. Reply with only the name, nothing else.",0.5528,bitter -> bench,0.5528,bitter -> bench,0.5565,bitter -> bench,54,82,0.1,0.089,0.093,60,90,28,0.0,0.06,9.0,sweet,0.25,8,6.8,8.69,0.309,"sweet 23%, bitter 22%","bitter 32%, sweet 28%",0.555,0.271,0.844,0.844
r8_1083_combat_sport,"Name a combat sport. Reply with only the name, nothing else.",0.5528,boxing -> real,0.5528,boxing -> real,0.5221,boxing -> real,56,76,0.067,0.156,0.12,60,90,16,0.0,0.093,10.5,boxing,0.75,6,2.62,3.24,0.742,"boxing 72%, mixed martial arts 7%","boxing 61%, <long> 16%",0.5315,0.323,0.064,0.064
r8s_1323_wrench,"Suggest a type of wrench. Reply with only the name, nothing else.",0.5528,allen wrench -> real,0.5528,allen wrench -> real,0.556,allen wrench -> real,56,77,0.067,0.144,0.113,60,90,27,0.0,0.087,10.4,adjustable wrench,0.35,8,5.89,10.02,0.383,"adjustable wrench 38%, allen wrench 12%","adjustable wrench 31%, <long> 14%",0.5494,0.551,1.029,1.029
r8s_0016_unit_of_weight,"Suggest a type of unit of weight. Reply with only the name, nothing else.",0.5528,gram -> bench,0.5528,gram -> bench,0.5532,gram -> bench,55,87,0.083,0.033,0.053,60,90,32,0.0,0.04,8.1,kilogram,0.35,7,5.42,8.59,0.479,"kilogram 42%, ounce 10%","kilogram 48%, gram 16%",0.5466,0.344,0.235,0.235
r8_0437_south_american_country,"Name a south american country. Reply with only the name, nothing else.",0.5528,argentina -> real,0.5528,argentina -> real,0.5453,argentina -> real,60,83,0.0,0.078,0.047,60,90,14,0.0,0.047,6.7,brazil,0.45,8,5.35,3.67,0.601,"brazil 57%, argentina 28%","brazil 58%, argentina 18%",0.535,0.391,0.471,0.471
r8s_1221_tire,"Suggest a type of tire. Reply with only the name, nothing else.",0.5528,<long> -> bench,0.5306,run-flat tire -> real,0.5324,run-flat tire -> real,49,64,0.183,0.289,0.247,60,90,63,0.0,0.173,16.1,all-season tire,0.25,14,11.34,29.56,0.265,"all-season tire 23%, <long> 18%","<long> 29%, all-season tire 18%",0.5443,0.48,0.495,0.495
r8s_0753_underwear,"Suggest a type of underwear. Reply with only the name, nothing else.",0.5528,boxer briefs -> bench,0.5528,boxer briefs -> bench,0.5651,boxer briefs -> bench,53,77,0.117,0.144,0.133,60,90,48,0.0,0.08,11.6,briefs,0.1,15,14.14,15.2,0.285,"briefs 25%, boxer briefs 18%","boxer briefs 29%, briefs 22%",0.5677,0.472,0.432,0.432
r8_1414_sour_food,"Name a sour food. Reply with only the name, nothing else.",0.5528,<long> -> bench,0.5444,apple -> bench,0.5597,apple -> bench,51,67,0.15,0.256,0.213,60,90,50,0.0,0.187,14.2,pickles,0.35,13,9.44,25.42,0.237,"sour cream 22%, <long> 15%","<long> 26%, sour cream 17%",0.5835,0.434,0.759,0.573
r8s_1296_guitar,"Suggest a type of guitar. Reply with only the name, nothing else.",0.5528,classical guitar -> bench,0.5528,classical guitar -> bench,0.566,classical guitar -> bench,48,72,0.2,0.2,0.2,60,90,43,0.0,0.127,13.9,acoustic guitar,0.25,10,8.02,19.56,0.175,"<long> 20%, gibson les paul 15%","<long> 20%, classical guitar 16%",0.5628,0.367,0.615,0.615
r8_0444_dress_style,"Name a dress style. Reply with only the name, nothing else.",0.5528,a-line dress -> bench,0.5528,a-line dress -> bench,0.5676,a-line dress -> bench,56,81,0.067,0.1,0.087,60,90,27,0.0,0.08,10.9,a-line dress,0.45,12,7.44,6.42,0.562,"a-line dress 45%, wrap dress 12%","a-line dress 56%, <long> 10%",0.5604,0.429,1.105,1.105
r8_0389_dance_move,"Name a dance move. Reply with only the name, nothing else.",0.5528,<long> -> bench,0.5278,electric slide -> real,0.5306,electric slide -> real,53,70,0.117,0.222,0.18,60,90,61,0.0,0.113,12.4,worm,0.2,13,11.19,38.41,0.122,"moonwalk 12%, <long> 12%","<long> 22%, moonwalk 9%",0.5346,0.578,0.092,0.092
r8_0382_shoe_type,"Name a shoe type. Reply with only the name, nothing else.",0.5528,sneakers -> bench,0.5528,sneakers -> bench,0.5586,sneakers -> bench,53,80,0.117,0.111,0.113,60,90,37,0.0,0.093,10.1,sneakers,0.5,8,5.0,11.23,0.316,"sneakers 22%, sneaker 22%","sneakers 32%, sneaker 22%",0.5343,0.371,0.173,0.173
r8s_0066_sea_creature,"Suggest a type of sea creature. Reply with only the name, nothing else.",0.5528,seahorse -> real,0.5528,seahorse -> real,0.5527,seahorse -> real,57,80,0.05,0.111,0.087,60,90,31,0.0,0.073,8.7,seahorse,0.3,8,6.18,10.54,0.336,"dolphin 30%, seahorse 18%","dolphin 31%, octopus 19%",0.5532,0.305,0.778,0.778
r8_1159_baking_dish,"Name a baking dish. Reply with only the name, nothing else.",0.5528,9x13 inch baking dish -> real,0.5528,9x13 inch baking dish -> real,0.5445,9x13 inch baking dish -> real,51,67,0.15,0.256,0.213,60,90,45,0.0,0.133,15.7,9x13 inch baking dish,0.45,10,6.31,15.92,0.322,"9x13 inch baking dish 32%, 9x13 baking dish 17%","<long> 26%, 9x13 inch baking dish 21%",0.5375,0.459,0.784,0.784
r8_1148_grainy_substance,"Name a grainy substance. Reply with only the name, nothing else.",0.5528,<long> -> bench,0.5417,sandpaper -> real,0.5307,sandpaper -> real,57,76,0.05,0.156,0.113,60,90,52,0.0,0.093,10.4,sandpaper,0.45,8,5.26,18.22,0.263,"sandpaper 28%, sand 22%","sand 20%, sandpaper 20%",0.5321,0.513,0.268,0.268
r8_1378_egg_preparation,"Name an egg preparation. Reply with only the name, nothing else.",0.5528,deviled eggs -> bench,0.5528,deviled eggs -> bench,0.6387,deviled eggs -> bench,24,35,0.6,0.611,0.607,60,90,16,0.0,0.26,20.9,scrambled eggs,0.2,16,14.14,6.96,0.373,"<long> 60%, scrambled eggs 13%","<long> 61%, deviled eggs 19%",0.5833,0.216,0.471,0.471
r8_1695_talent,"Name a talent. Reply with only the name, nothing else.",0.5528,<long> -> bench,0.525,singing -> real,0.5187,singing -> real,47,61,0.217,0.322,0.28,60,90,85,0.0,0.193,16.2,singing,0.7,7,3.15,53.99,0.213,"<long> 22%, singing 18%","<long> 32%, singing 13%",0.5358,0.714,0.232,0.298
r8_0802_brake_mount,"Name a brake mount. Reply with only the name, nothing else.",0.5528,brake mount -> bench,0.5528,brake mount -> bench,0.5768,brake mount -> bench,42,62,0.3,0.311,0.307,60,90,79,0.0,0.167,17.0,altoona brake mount,0.05,20,20.0,57.47,0.115,"<long> 30%, rear brake mount 7%","<long> 31%, brake mount 12%",0.5444,0.63,0.697,0.621
r8_1714_donut_chain,"Name a donut chain. Reply with only the name, nothing else.",0.5528,dunkin donuts -> real,0.5528,dunkin donuts -> real,0.5522,dunkin donuts -> real,57,79,0.05,0.122,0.093,60,90,17,0.0,0.04,10.7,krispy kreme,0.45,9,5.64,3.21,0.713,"krispy kreme 67%, dunkin donuts 18%","krispy kreme 63%, <long> 12%",0.5371,0.395,0.263,0.263
r8_1692_egyptian_god,"Name an egyptian god. Reply with only the name, nothing else.",0.5528,<long> -> bench,0.5389,ra -> real,0.5321,ra -> real,59,79,0.017,0.122,0.08,60,90,17,0.0,0.08,8.9,horus,0.45,4,3.19,5.25,0.384,"anubis 35%, horus 27%","anubis 36%, horus 29%",0.5459,0.308,0.244,0.244
r8s_1076_noble,"Suggest a type of noble. Reply with only the name, nothing else.",0.5528,<long> -> bench,0.5528,gold -> bench,0.5837,gold -> bench,45,58,0.25,0.356,0.313,60,90,73,0.0,0.247,18.9,duke,0.45,12,7.44,51.64,0.117,"<long> 25%, duke 8%","<long> 36%, gold 12%",0.5776,0.555,0.879,0.872
r8_0366_fjord,"Name a fjord. Reply with only the name, nothing else.",0.5528,sognefjorden -> bench,0.5528,sognefjorden -> bench,0.5709,sognefjorden -> bench,53,73,0.117,0.189,0.16,60,90,28,0.0,0.133,13.6,sognefjord,0.55,5,3.12,6.01,0.516,"sognefjord 47%, <long> 12%","sognefjord 41%, sognefjorden 22%",0.5314,0.286,0.246,0.246
r8_1611_skin_feature,"Name a type of skin feature. Reply with only the name, nothing else.",0.5528,melasma -> real,0.5528,melasma -> real,0.579,melasma -> real,40,59,0.333,0.344,0.34,60,90,42,0.0,0.313,21.0,freckle,0.15,16,14.77,22.74,0.212,"<long> 33%, wrinkles 13%","<long> 34%, wrinkles 14%",0.5502,0.33,0.634,0.634
r8_0373_workplace,"Name a workplace. Reply with only the name, nothing else.",0.5528,google -> real,0.5528,google -> real,0.5633,google -> real,50,75,0.167,0.167,0.167,60,90,73,0.0,0.113,12.9,google,0.2,15,13.2,43.6,0.184,"google 22%, <long> 17%","<long> 17%, google 11%",0.5398,0.465,0.393,0.298
r8_1727_delivery_service,"Name a delivery service. Reply with only the name, nothing else.",0.5528,ups -> bench,0.5528,ups -> bench,0.5692,ups -> bench,54,76,0.1,0.156,0.133,60,90,48,0.0,0.107,11.3,fedex,0.2,13,10.9,17.0,0.285,"ups 18%, fedex 15%","ups 29%, fedex 22%",0.5553,0.229,0.362,0.362
r8s_0987_official_record,"Suggest a type of official record. Reply with only the name, nothing else.",0.5528,<long> -> bench,0.5444,birth certificate -> real,0.5431,birth certificate -> real,49,63,0.183,0.289,0.247,60,90,75,0.007,0.133,14.4,birth certificate,0.6,6,3.41,40.86,0.196,"birth certificate 20%, <long> 18%","<long> 29%, birth certificate 11%",0.5548,0.576,0.418,0.403
r8_1741_iron,"Name an iron. Reply with only the name, nothing else.",0.5528,<long> -> bench,0.5361,iron -> bench,0.5736,iron -> bench,41,52,0.317,0.422,0.38,60,90,64,0.0,0.3,20.9,iron man,0.1,18,17.41,39.8,0.204,"<long> 32%, iron 8%","<long> 42%, iron 16%",0.5661,0.502,0.973,0.668
r8_0360_flower_arrangement,"Name a type of flower arrangement. Reply with only the name, nothing else.",0.5528,<long> -> bench,0.5333,bouquet -> real,0.5431,cascade bouquet -> bench,45,58,0.25,0.356,0.313,60,90,55,0.0,0.273,19.0,bouquet,0.2,16,14.14,27.35,0.184,"<long> 25%, bouquet 17%","<long> 36%, rose bouquet 10%",0.5367,0.657,0.379,0.379
r8_1119_dictionary,"Name a dictionary. Reply with only the name, nothing else.",0.5528,oxford english dictionary -> real,0.5528,oxford english dictionary -> real,0.5776,oxford english dictionary -> real,39,53,0.267,0.3,0.287,60,90,61,0.1,0.28,21.3,oxford english dictionary,0.2,12,9.74,38.57,0.141,"<long> 27%, oxford english dictionary 15%","<long> 30%, <unparsed> 11%",0.5761,0.501,0.623,0.676
r8_0225_painting_style,"Name a painting style. Reply with only the name, nothing else.",0.5528,impressionism -> bench,0.5528,impressionism -> bench,0.5594,impressionism -> bench,55,82,0.083,0.089,0.087,60,90,29,0.0,0.073,9.6,impressionism,0.5,11,6.32,6.58,0.562,"impressionism 45%, abstract expressionism 15%","impressionism 56%, <long> 9%",0.5402,0.54,0.923,0.923
r8s_1985_historical_place,"Suggest a type of historical place. Reply with only the name, nothing else.",0.5528,<long> -> bench,0.5167,alamo -> real,0.5271,castle -> bench,49,64,0.183,0.289,0.247,60,90,83,0.0,0.167,14.5,ancient ruins,0.15,16,14.77,62.09,0.133,"<long> 18%, castle 8%","<long> 29%, castle 11%",0.5499,0.555,0.635,0.635
r8_0240_art_medium,"Name an art medium. Reply with only the name, nothing else.",0.5528,painting -> real,0.5528,painting -> real,0.5533,painting -> real,55,75,0.083,0.167,0.133,60,90,40,0.0,0.12,10.8,sculpture,0.2,13,11.49,18.05,0.185,"sculpture 22%, painting 18%","<long> 17%, oil painting 17%",0.5566,0.403,0.743,0.743
r8_0762_emotional_state,"Name an emotional state. Reply with only the name, nothing else.",0.5528,anxiety -> real,0.5528,anxiety -> real,0.5524,anxiety -> real,56,81,0.067,0.089,0.08,60,90,34,0.007,0.08,8.9,anxiety,0.4,11,7.38,14.08,0.277,"anxiety 32%, anxious 17%","anxiety 21%, anxious 16%",0.5387,0.478,0.116,0.116
r8_0021_body_part,"Name a body part. Reply with only the name, nothing else.",0.5528,<long> -> bench,0.5389,eyelid -> real,0.5382,eyelid -> real,59,79,0.017,0.122,0.08,60,90,55,0.0,0.067,8.9,heart,0.4,9,6.43,37.87,0.072,"head 10%, eyelid 10%","<long> 12%, arm 8%",0.5377,0.536,0.402,0.402
r8_1617_casting,"Name a type of casting. Reply with only the name, nothing else.",0.5528,<long> -> bench,0.525,casting -> bench,0.5417,sand casting -> bench,57,76,0.05,0.156,0.113,60,90,50,0.0,0.087,10.3,sand casting,0.6,7,3.92,16.18,0.346,"sand casting 28%, casting 12%","sand casting 32%, casting 17%",0.5416,0.468,0.398,0.381
r8_1241_earbud,"Name an earbud. Reply with only the name, nothing else.",0.5528,airpods -> real,0.5528,airpods -> real,0.5571,airpods -> real,51,69,0.15,0.233,0.2,60,90,68,0.0,0.147,14.8,airpods,0.3,15,11.68,40.64,0.15,"airpods 18%, <long> 15%","<long> 23%, powerbeats pro 9%",0.55,0.465,0.522,0.522
r8_1809_planet_feature,"Name a type of planet feature. Reply with only the name, nothing else.",0.5528,<long> -> bench,0.5278,impact crater -> bench,0.5403,canyon -> bench,49,64,0.183,0.289,0.247,60,90,43,0.0,0.193,15.9,canyon,0.3,9,6.37,21.5,0.177,"<long> 18%, craters 13%","<long> 29%, canyon 14%",0.5413,0.457,0.382,0.382
r8s_0570_school,"Suggest a type of school. Reply with only the name, nothing else.",0.5528,charter school -> real,0.5528,charter school -> real,0.563,charter school -> real,50,74,0.167,0.178,0.173,60,90,38,0.0,0.14,13.1,charter school,0.5,7,4.67,12.65,0.387,"elementary school 30%, <long> 17%","elementary school 33%, <long> 18%",0.5486,0.397,0.4,0.4
r8_0162_beer,"Name a beer. Reply with only the name, nothing else.",0.5528,budweiser -> real,0.5528,budweiser -> real,0.5527,budweiser -> real,52,71,0.133,0.211,0.18,60,90,48,0.0,0.113,13.4,coors light,0.15,14,12.85,23.91,0.228,"budweiser 25%, <long> 13%","<long> 21%, budweiser 14%",0.5385,0.611,0.311,0.311
r8_1017_leviathan,"Name a leviathan. Reply with only the name, nothing else.",0.5528,leviathan -> real,0.5528,leviathan -> real,0.563,behemoth -> bench,43,58,0.283,0.356,0.327,60,90,43,0.0,0.28,19.7,leviathan,0.4,10,6.6,13.82,0.426,"leviathan 35%, <long> 28%","<long> 36%, leviathan 24%",0.5519,0.409,0.529,0.529
r8_0476_flower_part,"Name a flower part. Reply with only the name, nothing else.",0.5528,sepal -> bench,0.5528,sepal -> bench,0.5586,sepal -> bench,51,79,0.15,0.111,0.127,60,90,16,0.007,0.113,10.5,petal,0.35,7,5.01,5.3,0.469,"petal 40%, stamen 18%","petal 41%, sepal 19%",0.5311,0.488,0.392,0.392
r8s_1450_alarm,"Suggest a type of alarm. Reply with only the name, nothing else.",0.5528,carbon monoxide alarm -> real,0.5528,carbon monoxide alarm -> real,0.5623,carbon monoxide alarm -> real,51,77,0.15,0.144,0.147,60,90,67,0.0,0.113,12.6,smoke alarm,0.8,5,2.18,30.22,0.266,"smoke alarm 20%, carbon monoxide alarm 15%","smoke alarm 24%, <long> 14%",0.5412,0.52,0.434,0.254
r8_1834_bed_sheet,"Name a bed sheet. Reply with only the name, nothing else.",0.5528,<long> -> bench,0.5278,fitted sheet -> real,0.5288,percale bed sheet -> bench,41,52,0.317,0.422,0.38,60,90,57,0.0,0.233,19.3,fitted sheet,0.25,16,13.37,29.95,0.269,"<long> 32%, fitted sheet 20%","<long> 42%, fitted sheet 14%",0.5338,0.701,0.436,0.436
r8_1005_metronome,"Name a metronome. Reply with only the name, nothing else.",0.5528,metronome.com -> real,0.5528,metronome.com -> real,0.562,metronome.com -> real,49,67,0.183,0.256,0.227,60,90,69,0.0,0.193,17.2,metronome,0.3,12,8.85,37.09,0.19,"<long> 18%, metronome 18%","<long> 26%, metronome 12%",0.557,0.534,1.033,1.033
r8_1376_washing_machine,"Name a washing machine. Reply with only the name, nothing else.",0.5528,maytag -> bench,0.5528,maytag -> bench,0.5773,maytag -> bench,40,61,0.333,0.322,0.327,60,90,58,0.0,0.233,19.3,maytag,0.2,13,11.19,36.73,0.168,"<long> 33%, whirlpool 8%","<long> 32%, maytag 16%",0.5421,0.387,0.715,0.715
r8_0222_wallet,"Name a wallet. Reply with only the name, nothing else.",0.5528,<long> -> bench,0.5361,metamask -> real,0.5417,metamask -> real,47,61,0.217,0.322,0.28,60,90,79,0.0,0.22,17.6,fold wallet,0.1,19,18.66,57.26,0.102,"<long> 22%, metamask 12%","<long> 32%, coinbase wallet 6%",0.5406,0.638,0.416,0.602
r8_1468_magician,"Name a magician. Reply with only the name, nothing else.",0.5528,david blaine -> real,0.5528,david blaine -> real,0.5568,david copperfield -> bench,57,83,0.05,0.078,0.067,60,90,41,0.0,0.04,9.9,david copperfield,0.55,8,4.54,11.4,0.436,"david copperfield 35%, david blaine 18%","david copperfield 44%, <long> 8%",0.5306,0.431,0.095,0.095
r8_1627_motor,"Name a motor. Reply with only the name, nothing else.",0.5528,<long> -> bench,0.525,dc motor -> bench,0.5429,dc motor -> bench,43,55,0.283,0.389,0.347,60,90,50,0.0,0.22,18.6,electric motor,0.3,11,7.81,17.63,0.408,"<long> 28%, electric motor 27%","<long> 39%, electric motor 27%",0.5436,0.545,0.699,0.699
r8s_1453_prince,"Suggest a type of prince. Reply with only the name, nothing else.",0.5528,prince charming -> real,0.5528,prince charming -> real,0.5547,prince charming -> real,46,60,0.233,0.333,0.293,60,90,56,0.0,0.227,17.1,charming prince,0.4,11,7.38,27.17,0.264,"prince charming 25%, <long> 23%","<long> 33%, prince charming 14%",0.5512,0.473,0.268,0.268
r8_1055_social_media_platform,"Name a social media platform. Reply with only the name, nothing else.",0.5528,facebook -> bench,0.5528,facebook -> bench,0.5415,facebook -> bench,55,86,0.083,0.044,0.06,60,90,8,0.0,0.053,7.1,facebook,0.75,4,2.23,2.57,0.723,"facebook 62%, instagram 17%","facebook 72%, instagram 10%",0.5417,0.112,0.451,0.451
r8_1804_marine_ecosystem,"Name a marine ecosystem. Reply with only the name, nothing else.",0.5528,coral reef ecosystem -> real,0.5528,coral reef ecosystem -> real,0.5584,coral reef ecosystem -> real,49,65,0.183,0.278,0.24,60,90,52,0.0,0.207,16.2,coral reef ecosystem,0.2,11,9.09,23.14,0.228,"coral reef ecosystem 18%, <long> 18%","<long> 28%, coral reefs 18%",0.5287,0.561,0.122,0.122
r8_1204_fast_food,"Name a fast food. Reply with only the name, nothing else.",0.5528,mcdonalds -> real,0.5528,mcdonalds -> real,0.5195,chick-fil-a -> bench,57,77,0.05,0.144,0.107,60,90,17,0.0,0.06,10.2,mcdonalds,0.75,5,2.45,2.87,0.769,"mcdonalds 75%, burger king 7%","mcdonalds 64%, <long> 14%",0.5264,0.311,0.511,0.511
r8_1798_allergen,"Name an allergen. Reply with only the name, nothing else.",0.5528,peanuts -> real,0.5528,peanuts -> real,0.5606,peanuts -> real,50,72,0.167,0.2,0.187,60,90,29,0.0,0.16,13.5,peanut,0.35,9,6.51,11.09,0.27,"peanuts 22%, peanut 17%","peanut 26%, <long> 20%",0.5302,0.582,0.275,0.275
r8_0457_vocal_range,"Name a vocal range. Reply with only the name, nothing else.",0.5528,<long> -> bench,0.5389,mezzo-soprano -> real,0.5439,mezzo-soprano -> real,51,67,0.15,0.256,0.213,60,90,20,0.0,0.193,14.7,soprano,0.3,11,8.63,5.58,0.593,"soprano 48%, <long> 15%","soprano 46%, <long> 26%",0.5338,0.371,0.248,0.248
r8_1042_vegetable_that_is_red,"Name a vegetable that is red. Reply with only the name, nothing else.",0.5528,red bell pepper -> real,0.5528,red bell pepper -> real,0.5606,red bell pepper -> real,52,77,0.133,0.144,0.14,60,90,31,0.0,0.127,12.3,red pepper,0.2,12,10.44,14.86,0.186,"red bell pepper 15%, tomato 13%","tomato 18%, red pepper 16%",0.5586,0.223,0.486,0.486
r8_1051_cleaning_tool,"Name a cleaning tool. Reply with only the name, nothing else.",0.5528,broom -> real,0.5528,broom -> real,0.5545,broom -> real,53,71,0.117,0.211,0.173,60,90,62,0.0,0.12,11.8,broom,0.3,9,7.01,32.68,0.161,"vacuum cleaner 18%, broom 18%","<long> 21%, vacuum cleaner 10%",0.5546,0.42,0.254,0.254
r8s_1920_gymnastics_event,"Suggest a type of gymnastics event. Reply with only the name, nothing else.",0.5528,floor exercise -> real,0.5528,floor exercise -> real,0.5695,floor exercise -> real,49,76,0.183,0.156,0.167,60,90,43,0.0,0.14,13.1,floor exercise,0.35,11,7.67,14.28,0.344,"floor exercise 35%, <long> 18%","floor exercise 24%, uneven bars 18%",0.543,0.338,0.328,0.328
r8_1640_fan_type,"Name a fan type. Reply with only the name, nothing else.",0.5528,<long> -> bench,0.525,axial fan -> bench,0.5415,axial fan -> bench,55,73,0.083,0.189,0.147,60,90,42,0.0,0.127,12.6,ceiling fan,0.2,10,8.12,14.14,0.227,"box fan 20%, axial fan 15%","axial fan 20%, box fan 19%",0.5508,0.408,0.263,0.263
r8s_0100_brass_instrument,"Suggest a type of brass instrument. Reply with only the name, nothing else.",0.5528,<long> -> bench,0.5361,trombone -> real,0.5746,trumpet -> bench,57,76,0.05,0.156,0.113,60,90,15,0.0,0.1,10.4,trumpet,0.4,8,5.43,3.4,0.699,"trumpet 58%, trombone 15%","trumpet 64%, <long> 16%",0.5336,0.327,0.679,0.679
r8_1227_tv_brand,"Name a tv brand. Reply with only the name, nothing else.",0.5528,samsung -> real,0.5528,samsung -> real,0.5432,samsung -> real,59,83,0.017,0.078,0.053,60,90,18,0.0,0.033,7.4,samsung,0.4,7,5.22,6.61,0.373,"samsung 42%, lg 22%","samsung 31%, lg 24%",0.5443,0.326,0.491,0.491
r8_1628_tomb,"Name a tomb. Reply with only the name, nothing else.",0.5528,<long> -> bench,0.5194,tomb of tutankhamun -> real,0.533,tomb of tutankhamun -> real,33,40,0.45,0.556,0.513,60,90,69,0.0,0.26,20.6,tomb of tutankhamun,0.2,14,12.31,65.14,0.055,"<long> 45%, tomb of tutankhamun 5%","<long> 56%, urbana 1%",0.5479,0.507,0.275,0.275
r8_1061_castle_part,"Name a castle part. Reply with only the name, nothing else.",0.5528,moat -> real,0.5528,moat -> real,0.5551,moat -> real,53,76,0.117,0.156,0.14,60,90,34,0.0,0.12,11.3,moat,0.2,11,9.49,14.7,0.256,"moat 28%, gatehouse 13%","gatehouse 19%, moat 18%",0.5388,0.531,0.427,0.427
r8_0245_olive,"Name an olive. Reply with only the name, nothing else.",0.5528,<long> -> bench,0.5472,kalamata -> bench,0.571,kalamata -> bench,49,64,0.183,0.289,0.247,60,90,73,0.0,0.16,15.3,kalamata,0.2,17,15.16,41.05,0.168,"olive 18%, <long> 18%","<long> 29%, kalamata 14%",0.5491,0.711,1.059,1.059
r8s_0118_breakfast_cereal,"Suggest a type of breakfast cereal. Reply with only the name, nothing else.",0.55,<long> -> bench,0.5417,honey nut cheerios -> real,0.5278,honey nut cheerios -> real,54,72,0.1,0.2,0.16,60,90,41,0.0,0.1,12.4,honey nut cheerios,0.5,9,5.36,11.94,0.357,"honey nut cheerios 35%, cheerios 22%","honey nut cheerios 27%, <long> 20%",0.5407,0.595,0.57,0.57
r8s_1671_haunted_location,"Suggest a type of haunted location. Reply with only the name, nothing else.",0.55,old theater -> bench,0.55,old theater -> bench,0.5633,old theater -> bench,53,73,0.117,0.189,0.16,60,90,54,0.0,0.14,12.9,abandoned hospital,0.25,12,9.87,32.52,0.111,"<long> 12%, abandoned asylum 10%","<long> 19%, old theater 13%",0.5488,0.294,0.921,0.921
r8s_1875_flower_bulb,"Suggest a type of flower bulb. Reply with only the name, nothing else.",0.55,<long> -> bench,0.5361,hyacinth bulb -> real,0.5412,hyacinth bulb -> real,48,63,0.2,0.3,0.26,60,90,40,0.0,0.247,17.6,tulips,0.25,13,10.58,18.2,0.216,"<long> 20%, tulips 17%","<long> 30%, tulips 16%",0.545,0.589,0.836,0.836
r8s_0106_chocolate,"Suggest a type of chocolate. Reply with only the name, nothing else.",0.55,dark chocolate -> bench,0.55,dark chocolate -> bench,0.5811,dark chocolate -> bench,47,64,0.217,0.289,0.26,60,90,47,0.0,0.18,15.3,milk chocolate,0.3,11,8.26,15.9,0.306,"milk chocolate 22%, <long> 22%","<long> 29%, dark chocolate 27%",0.5632,0.465,0.978,0.978
r8_1437_toad,"Name a toad. Reply with only the name, nothing else.",0.55,american toad -> bench,0.55,american toad -> bench,0.5634,american toad -> bench,52,71,0.133,0.211,0.18,60,90,71,0.0,0.12,12.3,toadstool,0.25,11,8.6,41.94,0.171,"<long> 13%, toad 12%","<long> 21%, toad 16%",0.5413,0.627,0.759,0.143
r8s_0119_juice,"Suggest a type of juice. Reply with only the name, nothing else.",0.55,orange juice -> bench,0.55,orange juice -> bench,0.5542,apple juice -> real,54,82,0.1,0.089,0.093,60,90,17,0.0,0.047,8.8,orange juice,0.6,4,2.63,4.16,0.507,"orange juice 40%, apple juice 35%","orange juice 50%, apple juice 26%",0.5437,0.201,0.353,0.353
r8s_0058_seafood,"Suggest a type of seafood. Reply with only the name, nothing else.",0.55,salmon -> real,0.55,salmon -> real,0.5681,salmon -> real,51,79,0.15,0.122,0.133,60,90,24,0.0,0.127,11.2,salmon,0.6,7,3.92,4.91,0.623,"salmon 60%, <long> 15%","salmon 50%, shrimp 17%",0.5352,0.28,0.425,0.425
r8_1413_whistle,"Name a whistle. Reply with only the name, nothing else.",0.55,<long> -> bench,0.5111,whistle -> real,0.5109,"adam gaynor, msph, phd -> real",46,60,0.233,0.333,0.293,60,90,77,0.0,0.24,18.9,fox 40,0.25,14,11.64,42.06,0.264,"<long> 23%, whistle 20%","<long> 33%, whistle 18%",0.5396,0.511,0.381,0.381
r8s_0072_unit_of_volume,"Suggest a type of unit of volume. Reply with only the name, nothing else.",0.55,liter -> bench,0.55,liter -> bench,0.5579,liter -> bench,57,83,0.05,0.078,0.067,60,90,36,0.0,0.053,7.7,liter,0.25,10,8.37,12.59,0.314,"liter 23%, cubic meter 20%","liter 33%, cubic meter 16%",0.5481,0.326,0.23,0.23
r8s_1932_piece_of_armor,"Suggest a type of piece of armor. Reply with only the name, nothing else.",0.55,chainmail -> bench,0.55,chainmail -> bench,0.5536,chainmail -> bench,56,84,0.067,0.067,0.067,60,90,60,0.0,0.06,9.8,gauntlet,0.2,14,11.99,30.22,0.171,"chainmail 10%, breastplate 10%","chainmail 20%, helmet 13%",0.5505,0.476,0.554,0.554
r8_1974_camera_brand,"Name a camera brand. Reply with only the name, nothing else.",0.55,canon -> real,0.55,canon -> real,0.5429,canon -> real,57,82,0.05,0.089,0.073,60,90,14,0.0,0.04,6.9,canon,0.7,5,2.74,4.46,0.511,"canon 53%, sony 25%","canon 43%, sony 21%",0.5343,0.494,0.019,0.019
r8s_1929_keyboard_instrument,"Suggest a type of keyboard instrument. Reply with only the name, nothing else.",0.55,harpsichord -> real,0.55,harpsichord -> real,0.5576,piano -> bench,55,75,0.083,0.167,0.133,60,90,41,0.0,0.12,10.6,harpsichord,0.45,9,5.64,11.16,0.485,"piano 38%, harpsichord 13%","piano 44%, <long> 17%",0.5431,0.384,0.516,0.516
r8_1707_equestrian_sport,"Name an equestrian sport. Reply with only the name, nothing else.",0.55,show jumping -> real,0.55,show jumping -> real,0.5424,eventing -> bench,57,80,0.05,0.111,0.087,60,90,15,0.0,0.053,8.7,show jumping,0.45,7,4.64,5.55,0.372,"show jumping 40%, dressage 28%","show jumping 30%, dressage 30%",0.5465,0.313,0.646,0.646
r8s_1611_skin_feature,"Suggest a type of skin feature. Reply with only the name, nothing else.",0.55,wrinkles -> bench,0.55,wrinkles -> bench,0.5647,wrinkles -> bench,47,70,0.217,0.222,0.22,60,90,61,0.0,0.187,14.9,wrinkles,0.25,14,11.64,35.12,0.205,"<long> 22%, wrinkles 10%","<long> 22%, wrinkles 20%",0.5544,0.386,0.452,0.452
r8_1574_coffee,"Name a coffee. Reply with only the name, nothing else.",0.55,<long> -> bench,0.5306,flat white -> real,0.5321,flat white -> real,50,66,0.167,0.267,0.227,60,90,60,0.0,0.167,15.3,latte,0.15,16,14.77,31.54,0.207,"<long> 17%, latte 15%","<long> 27%, latte 17%",0.5419,0.495,0.707,0.707
r8s_1526_body_of_land,"Suggest a type of body of land. Reply with only the name, nothing else.",0.55,island -> bench,0.55,island -> bench,0.5622,island -> bench,50,74,0.167,0.178,0.173,60,90,52,0.0,0.147,12.4,island,0.55,10,5.35,23.5,0.274,"island 17%, <long> 17%","island 27%, <long> 18%",0.5514,0.426,0.317,0.332
r8s_0603_eclipse_type,"Suggest an eclipse type. Reply with only the name, nothing else.",0.55,<long> -> bench,0.5333,solar eclipse -> bench,0.5476,solar eclipse -> bench,48,63,0.2,0.3,0.26,60,90,82,0.0,0.147,15.6,total solar eclipse,0.4,8,5.43,57.52,0.135,"<long> 20%, total solar eclipse 12%","<long> 30%, total solar eclipse 9%",0.5401,0.557,0.235,0.03
r8s_1427_grape_wine,"Suggest a type of grape wine. Reply with only the name, nothing else.",0.55,malbec -> real,0.55,malbec -> real,0.5545,merlot -> real,52,72,0.133,0.2,0.173,60,90,46,0.0,0.12,13.4,merlot,0.2,12,10.17,20.88,0.185,"malbec 20%, merlot 17%","<long> 20%, pinot noir 16%",0.5488,0.371,0.562,0.562
r8s_1369_fruit_climbing_plant,"Suggest a type of fruit climbing plant. Reply with only the name, nothing else.",0.55,passion fruit climbing plant -> real,0.55,passion fruit climbing plant -> real,0.5572,passion fruit climbing plant -> real,45,61,0.25,0.322,0.293,60,90,50,0.0,0.167,16.2,passion fruit,0.1,17,16.25,21.53,0.245,"<long> 25%, passion fruit climbing plant 23%","<long> 32%, passion fruit 13%",0.5389,0.533,0.334,0.334
r8s_1398_timepiece,"Suggest a type of timepiece. Reply with only the name, nothing else.",0.55,<long> -> bench,0.5194,chronograph -> real,0.5208,wall clock -> bench,54,72,0.1,0.2,0.16,60,90,57,0.0,0.127,12.8,chronograph,0.35,11,8.01,30.82,0.19,"chronograph 18%, watch 10%","<long> 20%, chronograph 14%",0.5399,0.604,0.642,0.642
r8s_0667_stone_product,"Suggest a type of stone product. Reply with only the name, nothing else.",0.55,marble -> bench,0.55,marble -> bench,0.5556,marble -> bench,51,81,0.15,0.1,0.12,60,90,64,0.0,0.1,11.0,flagstone,0.1,16,15.16,40.49,0.076,"<long> 15%, granite countertops 8%","<long> 10%, marble 10%",0.5458,0.279,0.196,0.196
r8s_1314_pancake,"Suggest a type of pancake. Reply with only the name, nothing else.",0.55,<long> -> bench,0.5306,blueberry pancakes -> real,0.5362,blueberry pancakes -> real,48,63,0.2,0.3,0.26,60,90,33,0.0,0.167,14.9,buttermilk pancakes,0.2,13,11.19,13.75,0.297,"blueberry pancake 25%, <long> 20%","<long> 30%, blueberry pancake 20%",0.5427,0.413,0.407,0.407
r8_1552_custard_dessert,"Name a custard dessert. Reply with only the name, nothing else.",0.55,<long> -> bench,0.5278,custard cream -> real,0.5384,custard cream -> real,42,54,0.3,0.4,0.36,60,90,72,0.0,0.24,19.5,banana pudding,0.05,20,20.0,57.08,0.094,"<long> 30%, custard pudding 8%","<long> 40%, custard pudding 4%",0.544,0.504,0.356,0.356
r8s_0684_calendar_month,"Suggest a type of calendar month. Reply with only the name, nothing else.",0.55,september -> real,0.55,september -> real,0.5615,september -> real,50,81,0.167,0.1,0.127,60,90,50,0.0,0.073,9.9,july,0.1,16,15.16,30.51,0.115,"<long> 17%, september 13%","gregorian calendar month 13%, <long> 10%",0.542,0.562,0.376,0.376
r8s_0711_synthetic_fibre,"Suggest a type of synthetic fibre. Reply with only the name, nothing else.",0.55,<long> -> bench,0.5472,polyester -> real,0.5628,nylon -> bench,52,69,0.133,0.233,0.193,60,90,49,0.0,0.153,13.5,polyester,0.7,7,3.15,21.27,0.281,"polyester 28%, <long> 13%","<long> 23%, polyester 19%",0.5451,0.5,0.512,0.512
r8s_0751_tap_dance_step,"Suggest a type of tap dance step. Reply with only the name, nothing else.",0.55,shuffle ball change -> real,0.55,shuffle ball change -> real,0.5528,shuffle ball change -> real,55,80,0.083,0.111,0.1,60,90,62,0.0,0.053,10.0,shuffle ball change,0.4,11,7.38,30.2,0.156,"shuffle ball change 20%, shuffle step 10%","shuffle step 13%, <long> 11%",0.547,0.232,0.758,0.758
r8s_0831_edible_oil,"Suggest a type of edible oil. Reply with only the name, nothing else.",0.55,olive oil -> bench,0.55,olive oil -> bench,0.5433,olive oil -> bench,55,85,0.083,0.056,0.067,60,90,11,0.0,0.033,8.2,olive oil,0.4,5,4.19,2.95,0.707,"olive oil 60%, canola oil 13%","olive oil 70%, canola oil 11%",0.5283,0.364,0.362,0.362
r8s_0902_carving,"Suggest a type of carving. Reply with only the name, nothing else.",0.55,<long> -> bench,0.5306,wood carving -> bench,0.5453,wood carving -> bench,54,71,0.1,0.2,0.16,60,90,57,0.007,0.133,13.2,relief carving,0.2,13,11.19,29.97,0.16,"relief carving 15%, <long> 10%","<long> 20%, wood carving 14%",0.5391,0.551,0.293,0.293
r8s_1155_dessert_topping,"Suggest a type of dessert topping. Reply with only the name, nothing else.",0.55,<long> -> bench,0.5417,whipped cream -> bench,0.5532,whipped cream -> bench,56,75,0.067,0.167,0.127,60,90,30,0.0,0.093,10.6,whipped cream,0.25,13,10.14,8.6,0.443,"chocolate sauce 40%, chocolate chips 15%","chocolate sauce 38%, <long> 17%",0.5303,0.324,0.213,0.213
r8s_1139_shade_of_green,"Suggest a type of shade of green. Reply with only the name, nothing else.",0.55,emerald green -> real,0.55,emerald green -> real,0.5517,emerald green -> real,58,80,0.033,0.111,0.08,60,90,47,0.0,0.047,8.4,lime green,0.3,8,5.92,19.91,0.297,"lime green 28%, emerald green 10%","lime green 27%, <long> 11%",0.5305,0.657,0.163,0.163
r8_1712_laboratory_glassware,"Name a type of laboratory glassware. Reply with only the name, nothing else.",0.55,beaker -> real,0.55,beaker -> real,0.5572,erlenmeyer flask -> bench,59,83,0.017,0.078,0.053,60,90,17,0.0,0.027,8.3,beakers,0.3,7,5.62,5.4,0.338,"beaker 33%, erlenmeyer flask 27%","erlenmeyer flask 36%, beaker 23%",0.5494,0.135,0.569,0.569
r8s_1009_sprocket,"Suggest a type of sprocket. Reply with only the name, nothing else.",0.55,<long> -> real,0.5167,plastic sprocket -> real,0.5238,plastic sprocket -> real,42,72,0.3,0.2,0.24,60,90,85,0.0,0.16,15.7,roller chain sprocket,0.1,18,17.66,64.33,0.132,"<long> 30%, chain sprocket 8%","<long> 20%, chain sprocket 11%",0.5358,0.64,0.321,0.321
r8s_1007_sound_heard_at_night,"Suggest a type of sound heard at night. Reply with only the name, nothing else.",0.55,<long> -> bench,0.5417,owl hooting -> real,0.5456,owl hooting -> real,52,69,0.133,0.233,0.193,60,90,64,0.0,0.16,14.2,owl hooting,0.4,12,8.12,43.77,0.083,"<long> 13%, owl hooting 12%","<long> 23%, barking 6%",0.5477,0.594,0.667,0.667
r8s_1039_window_covering,"Suggest a type of window covering. Reply with only the name, nothing else.",0.55,roman shades -> real,0.55,roman shades -> real,0.5408,roman shades -> real,57,78,0.05,0.133,0.1,60,90,42,0.0,0.073,10.3,roman shades,0.25,10,8.02,18.59,0.304,"roman shades 33%, cellular shades 5%","roman shades 23%, <long> 13%",0.54,0.565,0.598,0.598
r8_1564_rice_dish,"Name a rice dish. Reply with only the name, nothing else.",0.55,<long> -> bench,0.5167,arancini -> bench,0.5362,arroz con leche -> bench,38,48,0.367,0.467,0.427,60,90,55,0.0,0.133,15.9,arroz con pollo,0.2,17,15.16,38.67,0.128,"<long> 37%, arroz con pollo 7%","<long> 47%, arroz con pollo 8%",0.5435,0.503,0.5,0.5
r8s_1218_building_toy,"Suggest a type of building toy. Reply with only the name, nothing else.",0.55,legos -> bench,0.55,legos -> bench,0.5745,legos -> bench,38,59,0.367,0.344,0.353,60,90,63,0.0,0.173,16.7,duplo blocks,0.1,19,18.66,39.13,0.196,"<long> 37%, magnetic tiles 8%","<long> 34%, legos 17%",0.5503,0.361,0.406,0.406
r8_1473_visual_art_style,"Name a visual art style. Reply with only the name, nothing else.",0.55,art deco -> bench,0.55,art deco -> bench,0.561,art deco -> bench,55,77,0.083,0.144,0.12,60,90,39,0.0,0.107,11.0,pop art,0.2,10,8.26,13.71,0.333,"pop art 25%, cubism 13%","pop art 32%, art deco 17%",0.5421,0.416,0.28,0.28
r8_1570_penguin,"Name a penguin. Reply with only the name, nothing else.",0.55,<long> -> bench,0.5333,emperor penguin -> real,0.5527,emperor -> bench,56,75,0.067,0.167,0.127,60,90,49,0.0,0.093,9.9,emperor penguin,0.4,10,6.89,17.43,0.328,"emperor 25%, emperor penguin 17%","emperor 31%, <long> 17%",0.5629,0.577,0.935,0.935
r8_1480_drift,"Name a drift. Reply with only the name, nothing else.",0.55,<long> -> bench,0.5083,adam selzer -> real,0.5156,adam selzer -> real,32,39,0.467,0.567,0.527,60,90,71,0.0,0.42,27.7,spread,0.05,20,20.0,69.63,0.028,"<long> 47%, dreeft 2%","<long> 57%, manifest 1%",0.5352,0.751,0.819,0.819
r8_1921_cheese_storage,"Name a type of cheese storage. Reply with only the name, nothing else.",0.55,refrigerator -> bench,0.55,refrigerator -> bench,0.5656,refrigerator -> bench,53,71,0.117,0.211,0.173,60,90,73,0.0,0.14,13.4,cheese board,0.1,19,18.66,48.12,0.113,"<long> 12%, cheese drawer 10%","<long> 21%, refrigerator 13%",0.6346,0.343,1.114,1.114
r8_1932_piece_of_armor,"Name a piece of armor. Reply with only the name, nothing else.",0.55,breastplate -> bench,0.55,breastplate -> bench,0.5645,helmet -> bench,53,75,0.117,0.167,0.147,60,90,51,0.0,0.093,11.0,chainmail,0.2,14,11.99,21.02,0.227,"helmet 13%, chainmail 12%","helmet 23%, <long> 17%",0.5478,0.46,0.36,0.36
r8s_1593_beverage_cold,"Suggest a type of beverage cold. Reply with only the name, nothing else.",0.55,<long> -> bench,0.5306,iced tea -> real,0.5218,iced coffee -> bench,48,63,0.2,0.3,0.26,60,90,45,0.0,0.127,14.2,iced tea,0.35,11,7.67,18.66,0.333,"iced tea 28%, <long> 20%","<long> 30%, iced tea 22%",0.5379,0.429,0.389,0.389
r8s_1707_equestrian_sport,"Suggest a type of equestrian sport. Reply with only the name, nothing else.",0.55,show jumping -> real,0.55,show jumping -> real,0.5489,show jumping -> real,57,83,0.05,0.078,0.067,60,90,27,0.0,0.067,8.8,show jumping,0.4,8,5.43,7.12,0.386,"dressage 37%, show jumping 33%","dressage 36%, show jumping 23%",0.5471,0.324,0.666,0.666
r8_1935_shakespearean_play,"Name a shakespearean play. Reply with only the name, nothing else.",0.55,<long> -> bench,0.5361,hamlet -> real,0.5172,romeo and juliet -> real,58,78,0.033,0.133,0.093,60,90,11,0.0,0.087,9.5,hamlet,0.95,2,1.22,1.52,0.926,"hamlet 88%, <long> 3%","hamlet 81%, <long> 13%",0.5121,0.045,0.826,0.826
r8_1537_musical,"Name a musical. Reply with only the name, nothing else.",0.55,hamilton -> real,0.55,hamilton -> real,0.5179,hamlet -> real,56,76,0.067,0.156,0.12,60,90,18,0.0,0.1,9.9,hamilton,0.7,5,2.74,2.7,0.803,"hamilton 77%, <long> 7%","hamilton 67%, <long> 16%",0.5436,0.265,0.417,0.417
r8s_1605_desert_animal,"Suggest a type of desert animal. Reply with only the name, nothing else.",0.55,camel -> bench,0.55,camel -> bench,0.5775,camel -> bench,52,70,0.133,0.222,0.187,60,90,34,0.0,0.187,14.2,fennec fox,0.25,13,10.14,11.29,0.32,"fennec fox 25%, camel 20%","camel 30%, <long> 22%",0.5456,0.51,0.615,0.615
r8_1892_superhero_from_dc_comi,"Name a superhero from dc comic. Reply with only the name, nothing else.",0.55,<long> -> bench,0.5278,superman -> real,0.5259,wonder woman -> real,58,78,0.033,0.133,0.093,60,90,12,0.0,0.073,9.2,batman,0.5,3,2.35,3.56,0.449,"batman 42%, superman 40%","batman 40%, superman 34%",0.5522,0.133,0.763,0.763
r8s_1583_screw,"Suggest a type of screw. Reply with only the name, nothing else.",0.55,wood screw -> real,0.55,wood screw -> real,0.5507,wood screw -> real,54,77,0.1,0.144,0.127,60,90,46,0.0,0.1,11.4,torx screw,0.25,15,12.48,20.84,0.237,"wood screw 27%, torx screw 12%","wood screw 17%, <long> 14%",0.5373,0.528,0.271,0.271
r8_1879_oasis,"Name a type of oasis. Reply with only the name, nothing else.",0.55,desert oasis -> real,0.55,desert oasis -> real,0.5698,desert oasis -> real,42,59,0.3,0.333,0.32,60,90,86,0.007,0.22,17.9,lut desert oasis,0.1,19,18.66,69.93,0.109,"<long> 30%, desert oasis 13%","<long> 33%, desert oasis 3%",0.5337,0.686,0.455,0.509
r8_1780_exam_type,"Name an exam type. Reply with only the name, nothing else.",0.55,<long> -> bench,0.5333,midterm exam -> bench,0.5533,midterm exam -> bench,46,60,0.233,0.333,0.293,60,90,77,0.0,0.207,16.7,gre,0.15,17,15.83,56.19,0.104,"<long> 23%, multiple choice exam 7%","<long> 33%, midterm exam 10%",0.5501,0.633,0.464,0.486
r8_1871_frame,"Name a frame. Reply with only the name, nothing else.",0.55,<long> -> bench,0.5167,none -> bench,0.5268,none -> bench,44,56,0.267,0.367,0.327,60,90,99,0.007,0.26,21.2,cityscapeaccelerate,0.05,20,20.0,95.43,0.03,"<long> 27%, welcome 3%","<long> 37%, none 3%",0.5337,0.722,0.43,0.469
r8s_0383_gemstone_color,"Suggest a type of gemstone color. Reply with only the name, nothing else.",0.55,emerald green -> real,0.55,emerald green -> real,0.5555,emerald green -> real,53,75,0.117,0.167,0.147,60,90,55,0.0,0.107,11.0,green,0.1,17,16.25,33.18,0.109,"emerald green 13%, <long> 12%","<long> 17%, green 10%",0.5438,0.244,0.417,0.417
r8_1859_ball_sport_position,"Name a ball sport position. Reply with only the name, nothing else.",0.55,center fielder -> real,0.55,center fielder -> real,0.5502,center fielder -> real,56,79,0.067,0.122,0.1,60,90,26,0.0,0.093,10.5,point guard,0.5,7,4.47,11.84,0.252,"center fielder 20%, point guard 20%","point guard 24%, catcher 13%",0.5453,0.327,0.231,0.231
r8s_0240_art_medium,"Suggest a type of art medium. Reply with only the name, nothing else.",0.55,sculpture -> real,0.55,sculpture -> real,0.5562,sculpture -> real,53,78,0.117,0.133,0.127,60,90,52,0.0,0.08,10.7,acrylic paints,0.25,11,9.21,28.03,0.176,"sculpture 13%, <long> 12%","oil painting 18%, <long> 13%",0.5694,0.332,0.824,0.824
r8s_1569_mode_of_transportation,"Suggest a type of mode of transportation. Reply with only the name, nothing else.",0.55,bus -> real,0.55,bus -> real,0.5479,bicycle -> bench,59,81,0.017,0.1,0.067,60,90,33,0.0,0.053,7.6,bus,0.3,8,6.18,10.4,0.279,"bus 30%, train 23%","train 28%, bus 20%",0.5408,0.4,0.317,0.317
r8s_0420_seasoning_or_spice,"Suggest a type of seasoning or spice. Reply with only the name, nothing else.",0.55,<long> -> bench,0.5306,turmeric -> real,0.5293,turmeric -> real,60,81,0.0,0.1,0.06,60,90,39,0.0,0.047,8.8,cinnamon,0.25,11,8.98,17.12,0.206,"cinnamon 18%, garlic powder 15%","cinnamon 20%, garlic powder 12%",0.5401,0.557,0.346,0.346
r8_1566_breaker,"Name a breaker. Reply with only the name, nothing else.",0.55,<long> -> bench,0.525,circuit breaker -> real,0.5375,circuit breaker -> real,40,51,0.333,0.433,0.393,60,90,89,0.0,0.3,23.0,circuit breaker,0.1,19,18.66,86.44,0.033,"<long> 33%, circuit breaker 5%","<long> 43%, main breaker 1%",0.531,0.786,0.464,0.45
r8s_0198_academic_field,"Suggest a type of academic field. Reply with only the name, nothing else.",0.55,<long> -> bench,0.5333,sociology -> real,0.536,sociology -> real,52,69,0.133,0.233,0.193,60,90,73,0.0,0.147,13.1,history,0.15,14,12.2,56.31,0.074,"<long> 13%, sociology 10%","<long> 23%, computer science 6%",0.5599,0.559,0.992,1.075
r8_1439_tool_of_agriculture,"Name a type of tool of agriculture. Reply with only the name, nothing else.",0.55,tractor -> real,0.55,tractor -> real,0.5521,tractor -> real,54,74,0.1,0.178,0.147,60,90,57,0.0,0.12,12.3,harvester,0.2,14,11.99,29.59,0.18,"combine harvester 17%, tractor 17%","<long> 18%, combine harvester 14%",0.5563,0.41,0.444,0.444
r8_0535_stove,"Name a stove. Reply with only the name, nothing else.",0.55,stovetop -> real,0.55,stovetop -> real,0.5708,gas stove -> bench,42,61,0.3,0.322,0.313,60,90,53,0.0,0.227,18.5,gas stove,0.1,19,18.66,26.33,0.155,"<long> 30%, stovetop 13%","<long> 32%, gas stove 14%",0.5392,0.64,0.676,0.676
r8_0521_demon,"Name a demon. Reply with only the name, nothing else.",0.55,asmodeus -> real,0.55,asmodeus -> real,0.5388,asmodeus -> real,55,78,0.083,0.133,0.113,60,90,42,0.0,0.087,10.7,asmodeus,0.85,4,1.8,7.46,0.609,"asmodeus 60%, <long> 8%","asmodeus 50%, <long> 13%",0.5612,0.373,0.334,0.334
r8_0774_insect_mouthpart,"Name an insect mouthpart. Reply with only the name, nothing else.",0.55,mandible -> real,0.55,mandible -> real,0.5428,mandible -> real,58,81,0.033,0.1,0.073,60,90,16,0.0,0.073,8.9,mandibles,0.6,4,2.81,4.62,0.482,"mandibles 47%, mandible 33%","mandibles 43%, mandible 23%",0.5284,0.211,0.624,0.624
r8_0756_blessing,"Name a type of blessing. Reply with only the name, nothing else.",0.55,<long> -> bench,0.5444,house blessing -> bench,0.5699,house blessing -> bench,46,60,0.233,0.333,0.293,60,90,85,0.0,0.227,18.2,financial blessing,0.1,19,18.66,66.58,0.123,"<long> 23%, generational blessing 3%","<long> 33%, house blessing 12%",0.5465,0.668,0.475,0.475
r8_0670_song_genre,"Name a song genre. Reply with only the name, nothing else.",0.55,<long> -> bench,0.5444,country -> real,0.5484,pop -> bench,58,78,0.033,0.133,0.093,60,90,34,0.0,0.08,9.3,country,0.2,17,15.16,15.84,0.228,"country 23%, pop 17%","pop 23%, country 14%",0.5468,0.58,0.635,0.635
r8_0586_deity,"Name a deity. Reply with only the name, nothing else.",0.55,<long> -> bench,0.5417,zeus -> bench,0.5903,zeus -> bench,54,72,0.1,0.2,0.16,60,90,26,0.0,0.133,11.8,zeus,0.65,7,3.52,4.08,0.714,"zeus 55%, thor 10%","zeus 63%, <long> 20%",0.5295,0.351,0.035,0.035
r8_0541_crime,"Name a crime. Reply with only the name, nothing else.",0.55,murder -> real,0.55,murder -> real,0.5569,murder -> real,54,82,0.1,0.089,0.093,60,90,18,0.0,0.08,9.0,theft,0.4,6,4.31,7.48,0.265,"murder 30%, burglary 23%","burglary 20%, murder 20%",0.5482,0.408,0.485,0.485
r8_0555_sculpture_material,"Name a sculpture material. Reply with only the name, nothing else.",0.55,bronze -> real,0.55,bronze -> real,0.5477,bronze -> real,55,80,0.083,0.111,0.1,60,90,12,0.0,0.093,8.4,marble,0.5,3,2.35,2.98,0.489,"bronze 50%, marble 35%","marble 41%, bronze 40%",0.5379,0.128,0.195,0.195
r8_0514_hot_spring,"Name a type of hot spring. Reply with only the name, nothing else.",0.55,<long> -> bench,0.5167,geyser hot spring -> real,0.5263,hot spring -> bench,44,57,0.267,0.367,0.327,60,90,87,0.0,0.227,18.6,hot springs,0.05,20,20.0,78.96,0.05,"<long> 27%, soda springs 3%","<long> 37%, travertine hot spring 4%",0.5402,0.75,0.443,0.443
r8_1305_pottery_type,"Name a pottery type. Reply with only the name, nothing else.",0.55,<long> -> bench,0.5278,stoneware -> bench,0.5488,stoneware -> bench,52,69,0.133,0.233,0.193,60,90,47,0.0,0.127,14.1,earthenware,0.3,13,9.91,16.54,0.248,"earthenware 20%, stoneware 17%","<long> 23%, stoneware 22%",0.5447,0.431,0.41,0.41
r8_0485_film_genre,"Name a film genre. Reply with only the name, nothing else.",0.55,horror -> bench,0.55,horror -> bench,0.5719,horror -> bench,54,75,0.1,0.167,0.14,60,90,25,0.0,0.133,11.2,horror,0.35,8,5.81,8.78,0.38,"horror 27%, comedy 13%","horror 37%, <long> 17%",0.5438,0.432,0.305,0.305
r8_0461_poem_form,"Name a poem form. Reply with only the name, nothing else.",0.55,sonnet -> bench,0.55,sonnet -> bench,0.576,sonnet -> bench,59,81,0.017,0.089,0.06,60,90,21,0.007,0.047,9.1,sonnet,0.55,9,4.99,5.05,0.529,"sonnet 43%, haiku 27%","sonnet 53%, haiku 18%",0.5291,0.36,0.119,0.119
r8_0460_scarf,"Name a scarf. Reply with only the name, nothing else.",0.55,<long> -> bench,0.5444,silk scarf -> real,0.5558,silk scarf -> real,44,57,0.267,0.367,0.327,60,90,51,0.0,0.227,17.7,infinity scarf,0.4,12,8.12,24.8,0.248,"<long> 27%, infinity scarf 17%","<long> 37%, infinity scarf 17%",0.5463,0.534,0.54,0.54
r8_0381_planet_type,"Name a planet type. Reply with only the name, nothing else.",0.55,<long> -> bench,0.5222,rocky planet -> real,0.5321,gas giant -> bench,50,66,0.167,0.267,0.227,60,90,41,0.0,0.213,15.3,gas giant,0.6,9,4.5,14.67,0.397,"gas giant 30%, <long> 17%","gas giant 31%, <long> 27%",0.5417,0.394,0.276,0.276
r8_0406_horror_movie,"Name a horror movie. Reply with only the name, nothing else.",0.55,conjuring -> bench,0.55,conjuring -> bench,0.5598,conjuring -> bench,56,80,0.067,0.111,0.093,60,90,31,0.0,0.073,11.2,haunting within,0.25,12,9.87,9.76,0.375,"haunting within 38%, conjuring 13%","haunting within 31%, conjuring 23%",0.5322,0.378,0.942,0.942
r8_0363_sunglass,"Name a type of sunglass. Reply with only the name, nothing else.",0.55,aviator sunglasses -> bench,0.55,aviator sunglasses -> bench,0.5681,aviator sunglasses -> bench,57,77,0.05,0.144,0.107,60,90,45,0.0,0.093,12.2,aviator sunglasses,0.45,9,6.04,19.78,0.254,"aviator sunglasses 17%, ray-ban 8%","aviator sunglasses 27%, <long> 14%",0.5533,0.341,0.591,0.591
r8_0789_gift,"Name a gift. Reply with only the name, nothing else.",0.55,<long> -> bench,0.5333,book -> bench,0.5635,book -> bench,42,54,0.3,0.4,0.36,60,90,72,0.0,0.267,19.4,book,0.35,10,6.77,50.3,0.167,"<long> 30%, book 7%","<long> 40%, book 13%",0.5366,0.675,0.351,0.351
r8_0910_handlebar,"Name a handlebar. Reply with only the name, nothing else.",0.55,<long> -> bench,0.5083,- handlebar name -> real,0.5116,- handlebar name -> real,43,57,0.233,0.333,0.293,60,90,102,0.04,0.26,20.9,bullhorn handlebar,0.1,19,18.66,100.0,0.01,"<long> 23%, <unparsed> 5%","<long> 33%, <unparsed> 3%",0.5352,0.796,0.463,0.526
r8_0314_essential_oil,"Name an essential oil. Reply with only the name, nothing else.",0.55,lavender oil -> real,0.55,lavender oil -> real,0.5422,lavender oil -> real,54,76,0.1,0.156,0.133,60,90,16,0.0,0.073,10.5,lavender oil,0.55,6,3.95,5.19,0.469,"lavender oil 47%, tea tree oil 13%","lavender oil 37%, tea tree oil 17%",0.5981,0.323,1.505,1.505
r8_1053_competition_prize,"Name a competition prize. Reply with only the name, nothing else.",0.55,nobel prize -> bench,0.55,nobel prize -> bench,0.6125,nobel prize -> bench,29,40,0.517,0.556,0.54,60,90,54,0.0,0.24,21.0,grand prize,0.25,16,13.37,40.54,0.13,"<long> 52%, grand prize 7%","<long> 56%, nobel prize 10%",0.5611,0.566,0.569,0.557
r8_1249_reef_feature,"Name a type of reef feature. Reply with only the name, nothing else.",0.55,barrier reef -> bench,0.55,barrier reef -> bench,0.5718,barrier reef -> bench,45,65,0.25,0.278,0.267,60,90,49,0.0,0.233,18.0,coral head,0.15,15,13.78,22.91,0.218,"<long> 25%, coral reef 12%","<long> 28%, barrier reef 20%",0.5458,0.412,0.722,0.722
r8_1256_business,"Name a type of business. Reply with only the name, nothing else.",0.55,<long> -> bench,0.525,clothing store -> real,0.537,grocery store -> bench,54,72,0.1,0.2,0.16,60,90,70,0.0,0.127,13.6,bakery,0.3,10,7.29,41.01,0.19,"grocery store 13%, <long> 10%","<long> 20%, grocery store 18%",0.536,0.529,0.317,0.317
r8_1212_mean_of_communication,"Name a mean of communication. Reply with only the name, nothing else.",0.55,<long> -> bench,0.5472,email -> real,0.532,email -> real,56,75,0.067,0.167,0.127,60,90,40,0.0,0.113,10.3,email,0.4,8,5.84,11.59,0.374,"email 38%, slack 20%","email 29%, <long> 17%",0.5714,0.398,0.422,0.422
r8_1172_fuse_rating,"Name a type of fuse rating. Reply with only the name, nothing else.",0.55,<long> -> bench,0.5333,fast-acting fuse -> bench,0.5565,fast-acting fuse -> bench,48,63,0.2,0.3,0.26,60,90,74,0.0,0.2,18.5,fast-acting fuse rating,0.2,15,13.2,40.66,0.189,"<long> 20%, fast-acting fuse 10%","<long> 30%, fast-acting fuse 17%",0.5323,0.696,0.397,0.397
r8_1129_textbook,"Name a textbook. Reply with only the name, nothing else.",0.55,<long> -> bench,0.5333,introduction to algorithms -> real,0.5595,introduction to linear algebra -> bench,34,42,0.433,0.533,0.493,60,90,64,0.0,0.2,19.7,introduction to psychology,0.2,15,12.85,55.94,0.066,"<long> 43%, introduction to algorithms 7%","<long> 53%, introduction to linear algebra 6%",0.5594,0.27,0.394,0.439
r8_1127_flower_used_in_wedding,"Name a type of flower used in wedding. Reply with only the name, nothing else.",0.55,<long> -> bench,0.5278,carnation -> real,0.5569,rose -> bench,52,69,0.133,0.233,0.193,60,90,26,0.0,0.173,13.6,rose,0.45,7,4.91,5.77,0.603,"rose 47%, <long> 13%","rose 50%, <long> 23%",0.5377,0.38,0.005,0.005
r8_1037_hot_dog_topping,"Name a type of hot dog topping. Reply with only the name, nothing else.",0.55,<long> -> bench,0.55,ketchup -> real,0.5853,mustard -> bench,52,69,0.133,0.233,0.193,60,90,25,0.0,0.167,12.9,mustard,0.45,7,4.78,6.91,0.405,"ketchup 30%, mustard 27%","mustard 37%, <long> 23%",0.5449,0.359,0.3,0.3
r8_0970_capital_city,"Name a capital city. Reply with only the name, nothing else.",0.55,<long> -> bench,0.5278,london -> real,0.5268,buenos aires -> real,56,75,0.067,0.167,0.127,60,90,42,0.0,0.087,9.9,paris,0.3,10,7.71,17.82,0.229,"paris 20%, london 20%","paris 20%, <long> 17%",0.5397,0.483,0.203,0.203
r8_1032_swimming_stroke,"Name a swimming stroke. Reply with only the name, nothing else.",0.55,freestyle -> bench,0.55,freestyle -> bench,0.5286,freestyle -> bench,51,82,0.15,0.089,0.113,60,90,14,0.0,0.1,10.6,freestyle,0.8,5,2.18,2.37,0.82,"freestyle 67%, <long> 15%","freestyle 77%, <long> 9%",0.5269,0.215,0.241,0.241
r8_0989_sewing_term,"Name a sewing term. Reply with only the name, nothing else.",0.55,seam allowance -> real,0.55,seam allowance -> real,0.5539,seam allowance -> real,57,86,0.05,0.044,0.047,60,90,44,0.0,0.04,7.9,seam allowance,0.25,14,11.64,12.6,0.462,"seam allowance 50%, <long> 5%","seam allowance 40%, hemming 6%",0.5306,0.497,0.356,0.356
r8_0979_sink,"Name a sink. Reply with only the name, nothing else.",0.55,kitchen sink -> real,0.55,kitchen sink -> real,0.5628,kitchen sink -> real,44,63,0.267,0.3,0.287,60,90,64,0.0,0.193,17.2,kitchen sink,0.15,18,16.96,30.96,0.29,"<long> 27%, kitchen sink 27%","<long> 30%, kitchen sink 17%",0.5399,0.634,0.594,0.263
r8_1282_bread_shape,"Name a bread shape. Reply with only the name, nothing else.",0.55,baguette -> bench,0.55,baguette -> bench,0.579,baguette -> bench,47,64,0.217,0.289,0.26,60,90,49,0.0,0.213,16.8,baguette,0.5,10,5.9,24.05,0.261,"<long> 22%, baguette 13%","<long> 29%, baguette 23%",0.5438,0.434,0.282,0.282
r8_1292_vegetable_that_is_gree,"Name a vegetable that is green. Reply with only the name, nothing else.",0.55,spinach -> real,0.55,spinach -> real,0.5574,spinach -> real,53,80,0.117,0.111,0.113,60,90,26,0.0,0.08,9.1,broccoli,0.35,8,5.74,7.74,0.331,"spinach 33%, broccoli 30%","broccoli 29%, spinach 23%",0.5515,0.206,0.806,0.806
r8_0965_garden_implement,"Name a type of garden implement. Reply with only the name, nothing else.",0.55,<long> -> bench,0.55,rake -> bench,0.56,rake -> bench,56,75,0.067,0.167,0.127,60,90,55,0.0,0.127,12.2,hoe,0.15,16,14.77,31.05,0.176,"hoe 15%, garden hoe 10%","<long> 17%, hoe 16%",0.5426,0.587,0.462,0.462
r8_0321_fantasy_race,"Name a fantasy race. Reply with only the name, nothing else.",0.55,elf -> bench,0.55,elf -> bench,0.5565,elf -> bench,49,78,0.183,0.133,0.153,60,90,38,0.0,0.147,12.8,orcs,0.2,14,11.99,17.45,0.228,"dwarves 22%, <long> 18%","dwarves 18%, orcs 16%",0.55,0.535,0.604,0.604
r8_1317_sport_event,"Name a sport event. Reply with only the name, nothing else.",0.55,<long> -> bench,0.5222,fifa world cup -> bench,0.5387,fifa world cup -> bench,44,57,0.267,0.367,0.327,60,90,62,0.0,0.18,16.7,uefa champions league final,0.15,15,13.42,41.42,0.149,"<long> 27%, super bowl 10%","<long> 37%, super bowl 10%",0.5438,0.462,0.203,0.203
r8_0066_sea_creature,"Name a type of sea creature. Reply with only the name, nothing else.",0.55,dolphin -> real,0.55,dolphin -> real,0.5397,dolphin -> real,58,80,0.033,0.111,0.08,60,90,30,0.0,0.08,8.9,dolphin,0.2,11,9.09,12.23,0.333,"dolphin 37%, octopus 13%","dolphin 27%, seahorse 13%",0.5373,0.526,0.312,0.312
r8_0155_bird,"Name a bird. Reply with only the name, nothing else.",0.55,pigeon -> bench,0.55,pigeon -> bench,0.5584,pigeon -> bench,56,77,0.067,0.144,0.113,60,90,36,0.0,0.093,10.0,robin,0.4,11,7.58,12.54,0.391,"robin 35%, parrot 12%","robin 34%, <long> 14%",0.5532,0.453,0.442,0.442
r8_0094_adhesive,"Name an adhesive. Reply with only the name, nothing else.",0.55,super glue -> bench,0.55,super glue -> bench,0.5584,super glue -> bench,50,76,0.167,0.156,0.16,60,90,55,0.0,0.133,13.3,super glue,0.45,12,7.44,25.24,0.19,"superglue 18%, <long> 17%","super glue 20%, <long> 16%",0.537,0.515,0.247,0.247
r8_0216_spice_blend,"Name a spice blend. Reply with only the name, nothing else.",0.55,garam masala -> real,0.55,garam masala -> real,0.5628,garam masala -> real,44,59,0.267,0.344,0.313,60,90,49,0.0,0.233,17.7,garam masala,0.35,11,7.67,28.8,0.155,"<long> 27%, garam masala 17%","<long> 34%, ras el hanout 9%",0.5424,0.589,0.506,0.506
r8_0008_sculpture,"Name a type of sculpture. Reply with only the name, nothing else.",0.55,<long> -> bench,0.525,bust sculpture -> real,0.5317,marble sculpture -> bench,48,63,0.2,0.3,0.26,60,90,42,0.0,0.233,16.2,bust,0.5,9,5.36,11.81,0.486,"bust 38%, <long> 20%","bust 34%, <long> 30%",0.5431,0.207,0.178,0.178
r8_0262_stone_fruit,"Name a stone fruit. Reply with only the name, nothing else.",0.55,<long> -> bench,0.5167,plum -> real,0.5406,peach -> bench,56,75,0.067,0.167,0.127,60,90,19,0.0,0.107,10.3,peach,0.7,5,2.74,2.99,0.779,"peach 68%, <long> 7%","peach 68%, <long> 17%",0.5292,0.248,0.241,0.241
r8s_1229_choir,"Suggest a type of choir. Reply with only the name, nothing else.",0.5472,gospel choir -> real,0.5472,gospel choir -> real,0.5571,gospel choir -> real,49,70,0.183,0.222,0.207,60,90,54,0.0,0.147,14.3,alto choir,0.05,20,20.0,35.24,0.109,"<long> 18%, gospel choir 12%","<long> 22%, chamber choir 10%",0.5343,0.578,0.388,0.388
r8_0817_bird_migration_season,"Name a bird migration season. Reply with only the name, nothing else.",0.5472,<long> -> bench,0.5361,spring migration season -> real,0.5484,fall migration -> bench,47,62,0.217,0.311,0.273,60,90,41,0.0,0.193,16.3,spring migration,0.3,10,7.51,17.45,0.284,"<long> 22%, spring migration 18%","<long> 31%, spring migration 22%",0.5339,0.521,0.423,0.423
r8s_1683_percussion_instrument,"Suggest a type of percussion instrument. Reply with only the name, nothing else.",0.5472,<long> -> bench,0.5333,marimba -> real,0.5339,marimba -> real,59,80,0.017,0.111,0.073,60,90,36,0.0,0.06,9.5,marimba,0.15,13,11.38,16.34,0.309,"snare drum 30%, bongos 10%","snare drum 28%, <long> 11%",0.5548,0.482,0.899,0.899
r8s_1651_life_stage,"Suggest a type of life stage. Reply with only the name, nothing else.",0.5472,larvae -> bench,0.5472,larvae -> bench,0.5591,larvae -> bench,53,73,0.117,0.189,0.16,60,90,45,0.0,0.12,12.4,larva,0.35,12,8.58,21.49,0.19,"larva 13%, larval stage 12%","<long> 19%, larva 18%",0.5927,0.457,0.722,0.722
r8_1862_jelly,"Name a jelly. Reply with only the name, nothing else.",0.5472,<long> -> real,0.5194,jelly belly -> real,0.5293,jelly belly -> real,41,69,0.317,0.222,0.26,60,90,84,0.007,0.18,15.3,grape jelly,0.2,15,12.85,64.05,0.082,"<long> 32%, jelly 5%","<long> 22%, jelly 7%",0.5372,0.561,0.246,0.246
r8_1863_valkyrie,"Name a valkyrie. Reply with only the name, nothing else.",0.5472,valkyrie -> bench,0.5472,valkyrie -> bench,0.5584,valkyrie -> bench,53,75,0.117,0.167,0.147,60,90,54,0.0,0.133,13.8,brynhildr,0.35,12,8.81,19.23,0.328,"brynhildr 33%, <long> 12%","brynhildr 24%, <long> 17%",0.5762,0.349,0.606,0.606
r8_1878_dam,"Name a dam. Reply with only the name, nothing else.",0.5472,hoover dam -> bench,0.5472,hoover dam -> bench,0.5664,hoover dam -> bench,51,74,0.15,0.178,0.167,60,90,42,0.0,0.12,13.4,hoover dam,0.7,7,3.15,7.93,0.608,"hoover dam 45%, <long> 15%","hoover dam 54%, <long> 18%",0.5476,0.5,0.16,0.16
r8_1938_grain_crop,"Name a grain crop. Reply with only the name, nothing else.",0.5472,wheat -> real,0.5472,wheat -> real,0.5596,rice -> bench,57,80,0.05,0.111,0.087,60,90,17,0.0,0.073,8.5,wheat,0.4,5,3.54,5.34,0.35,"wheat 32%, rice 27%","rice 36%, wheat 22%",0.5529,0.202,0.321,0.321
r8_1962_structural_element,"Name a type of structural element. Reply with only the name, nothing else.",0.5472,column -> real,0.5472,column -> real,0.5478,column -> real,55,79,0.083,0.122,0.107,60,90,38,0.0,0.08,9.5,beam,0.7,6,2.94,9.1,0.448,"beam 42%, column 25%","beam 39%, column 16%",0.536,0.265,0.11,0.085
r8_1939_heating_device,"Name a heating device. Reply with only the name, nothing else.",0.5472,furnace -> real,0.5472,furnace -> real,0.5494,furnace -> real,55,79,0.083,0.122,0.107,60,90,49,0.0,0.087,10.5,electric heater,0.25,11,9.21,25.4,0.142,"furnace 18%, space heater 17%","<long> 12%, furnace 9%",0.5545,0.413,0.632,0.71
r8s_1712_laboratory_glassware,"Suggest a type of laboratory glassware. Reply with only the name, nothing else.",0.5472,beakers -> bench,0.5472,beakers -> bench,0.5509,beakers -> bench,60,87,0.0,0.033,0.02,60,90,29,0.0,0.013,7.7,erlenmeyer flask,0.4,4,3.4,7.01,0.429,"erlenmeyer flask 43%, beaker 23%","erlenmeyer flask 41%, beakers 21%",0.5402,0.365,0.293,0.293
r8_0794_bird_mating_call,"Name a bird mating call. Reply with only the name, nothing else.",0.5472,<long> -> bench,0.5333,northern cardinal song -> bench,0.5682,northern cardinal song -> bench,35,44,0.417,0.511,0.473,60,90,55,0.0,0.34,24.4,northern cardinal,0.1,19,18.66,43.74,0.076,"<long> 42%, northern cardinal mating call 5%","<long> 51%, northern cardinal song 7%",0.5357,0.664,0.07,0.07
r8_0863_onomatopoeia,"Name an onomatopoeia. Reply with only the name, nothing else.",0.5472,bang -> real,0.5472,bang -> real,0.5551,bang -> real,51,74,0.15,0.178,0.167,60,90,56,0.0,0.14,12.7,buzz,0.25,13,10.58,31.41,0.168,"<long> 15%, pop 13%","<long> 18%, pop 14%",0.5523,0.333,0.479,0.479
r8_0100_brass_instrument,"Name a type of brass instrument. Reply with only the name, nothing else.",0.5472,trombone -> real,0.5472,trombone -> real,0.5602,trumpet -> bench,60,82,0.0,0.089,0.053,60,90,14,0.0,0.047,7.6,trumpet,0.5,7,4.47,2.5,0.803,"trumpet 73%, trombone 12%","trumpet 78%, <long> 9%",0.5231,0.212,0.25,0.25
r8s_0011_grain,"Suggest a type of grain. Reply with only the name, nothing else.",0.5472,rice -> bench,0.5472,rice -> bench,0.5538,rice -> bench,56,82,0.067,0.089,0.08,60,90,26,0.0,0.067,9.0,brown rice,0.3,8,6.18,10.36,0.283,"brown rice 30%, rice 15%","rice 24%, brown rice 23%",0.5492,0.368,0.338,0.338
r8_1997_battlefield,"Name a battlefield. Reply with only the name, nothing else.",0.5472,<long> -> bench,0.5194,stalingrad -> real,0.5298,battle of gettysburg -> bench,53,71,0.117,0.211,0.173,60,90,49,0.0,0.14,13.9,battle of gettysburg,0.35,11,8.22,18.12,0.355,"battle of gettysburg 28%, <long> 12%","battle of gettysburg 30%, <long> 21%",0.5433,0.246,0.248,0.248
r8_0830_river_in_europe,"Name a river in europe. Reply with only the name, nothing else.",0.5472,danube river -> real,0.5472,danube river -> real,0.5551,danube river -> real,51,74,0.15,0.178,0.167,60,90,29,0.0,0.12,12.3,danube,0.35,6,4.68,8.95,0.344,"rhine 30%, danube 18%","rhine 28%, danube 23%",0.5448,0.363,0.802,0.802
r8s_0027_state_of_matter,"Suggest a type of state of matter. Reply with only the name, nothing else.",0.5472,<long> -> bench,0.5389,liquid -> real,0.5319,liquid -> real,57,77,0.05,0.144,0.107,60,90,22,0.0,0.093,9.7,plasma,0.65,5,2.86,6.28,0.366,"solid 32%, liquid 23%","solid 33%, plasma 23%",0.5496,0.15,0.302,0.302
r8_0821_housing,"Name a type of housing. Reply with only the name, nothing else.",0.5472,apartment -> real,0.5472,apartment -> real,0.5201,apartment -> real,52,70,0.133,0.222,0.187,60,90,21,0.0,0.167,12.8,apartment,0.55,9,4.99,4.23,0.689,"apartment 62%, <long> 13%","apartment 52%, <long> 22%",0.5314,0.346,0.056,0.056
r8s_0052_soft_drink,"Suggest a type of soft drink. Reply with only the name, nothing else.",0.5472,coke -> bench,0.5472,coke -> bench,0.5522,coke -> bench,51,79,0.15,0.122,0.133,60,90,33,0.0,0.087,11.2,sprite,0.15,14,12.52,9.17,0.4,"coca-cola 30%, <long> 15%","coca-cola 38%, coke 18%",0.5481,0.458,0.679,0.679
r8_0811_beatles_album,"Name a beatles album. Reply with only the name, nothing else.",0.5472,abbey road -> real,0.5472,abbey road -> real,0.5682,abbey road -> real,33,46,0.45,0.489,0.473,60,90,9,0.0,0.093,12.4,sgt. peppers lonely hearts club band,0.35,7,5.13,3.99,0.557,"<long> 45%, abbey road 35%","<long> 49%, abbey road 26%",0.5462,0.35,0.668,0.668
r8s_0060_feeling,"Suggest a type of feeling. Reply with only the name, nothing else.",0.5472,<long> -> bench,0.5417,sadness -> real,0.5449,sadness -> real,53,71,0.117,0.211,0.173,60,90,46,0.0,0.16,13.2,happiness,0.2,12,10.44,27.97,0.137,"sadness 12%, <long> 12%","<long> 21%, anxious 12%",0.5383,0.47,0.338,0.338
r8_1854_palindrome,"Name a palindrome. Reply with only the name, nothing else.",0.5472,<long> -> bench,0.5444,racecar -> bench,0.5829,racecar -> bench,57,77,0.05,0.144,0.107,60,90,27,0.0,0.087,9.7,racecar,0.7,7,3.15,4.71,0.657,"racecar 53%, madam 13%","racecar 62%, <long> 14%",0.5385,0.503,0.549,0.549
r8s_1742_rock_texture,"Suggest a type of rock texture. Reply with only the name, nothing else.",0.5472,<long> -> bench,0.5417,smooth -> real,0.551,smooth -> real,49,65,0.183,0.278,0.24,60,90,67,0.0,0.187,16.2,clastic texture,0.25,13,10.86,47.07,0.096,"<long> 18%, granular 10%","<long> 28%, granular 6%",0.5609,0.501,0.706,0.69
r8s_1761_gym_equipment,"Suggest a type of gym equipment. Reply with only the name, nothing else.",0.5472,treadmill -> bench,0.5472,treadmill -> bench,0.569,treadmill -> bench,57,79,0.05,0.122,0.093,60,90,36,0.0,0.093,11.1,treadmill,0.3,12,8.85,11.27,0.449,"treadmill 35%, elliptical trainer 10%","treadmill 44%, <long> 12%",0.5327,0.488,0.392,0.392
r8_0787_rainforest,"Name a rainforest. Reply with only the name, nothing else.",0.5472,amazon rainforest -> real,0.5472,amazon rainforest -> real,0.5307,amazon rainforest -> real,54,77,0.083,0.144,0.12,60,90,12,0.007,0.093,10.6,amazon rainforest,0.95,2,1.22,1.63,0.908,"amazon rainforest 85%, <long> 8%","amazon rainforest 76%, <long> 14%",0.5351,0.268,0.423,0.423
r8_1610_fencing_sword,"Name a fencing sword. Reply with only the name, nothing else.",0.5472,<long> -> bench,0.5139,rapier -> bench,0.5216,rapier -> bench,47,62,0.217,0.311,0.273,60,90,44,0.0,0.24,17.3,foil,0.4,7,5.22,16.91,0.321,"foil 23%, <long> 22%","<long> 31%, foil 23%",0.5299,0.635,0.192,0.192
r8_0175_paper_product,"Name a paper product. Reply with only the name, nothing else.",0.5472,paper towel -> real,0.5472,paper towel -> real,0.5494,paper towel -> real,52,71,0.133,0.211,0.18,60,90,51,0.0,0.14,14.1,paper towels,0.3,9,6.71,23.32,0.171,"paper towel 18%, <long> 13%","<long> 21%, paper towels 16%",0.5548,0.446,0.545,0.545
r8s_1972_respiratory_part,"Suggest a type of respiratory part. Reply with only the name, nothing else.",0.5472,<long> -> bench,0.5222,nasal cannula -> real,0.5182,nasal passages -> real,55,74,0.083,0.178,0.14,60,90,64,0.0,0.107,12.7,diaphragm,0.2,11,8.71,30.85,0.279,"nasal cannula 27%, <long> 8%","nasal cannula 22%, <long> 18%",0.5485,0.303,0.225,0.225
r8_1636_fast_food_mascot,"Name a fast food mascot. Reply with only the name, nothing else.",0.5472,ronald mcdonalds -> real,0.5472,ronald mcdonalds -> real,0.5486,ronald mcdonalds -> real,58,85,0.033,0.056,0.047,60,90,14,0.0,0.027,7.8,ronald mcdonald,0.8,5,2.18,1.98,0.86,"ronald mcdonald 78%, ronald mcdonalds 12%","ronald mcdonald 84%, <long> 6%",0.5179,0.08,0.22,0.22
r8_1638_lip_balm_flavor,"Name a lip balm flavor. Reply with only the name, nothing else.",0.5472,<long> -> bench,0.5194,cherry flavored lip balm -> real,0.5276,strawberry -> bench,43,56,0.283,0.378,0.34,60,90,62,0.0,0.22,18.5,strawberry,0.1,19,18.66,46.9,0.101,"<long> 28%, cherry flavored lip balm 5%","<long> 38%, strawberry 8%",0.5449,0.636,1.211,1.211
r8_0003_constellation,"Name a constellation. Reply with only the name, nothing else.",0.5472,<long> -> bench,0.5444,orion -> real,0.5268,orion -> real,57,77,0.05,0.144,0.107,60,90,38,0.0,0.067,9.9,orion,0.4,8,5.09,11.3,0.425,"orion 43%, ursa major 12%","orion 34%, <long> 14%",0.5449,0.329,0.393,0.393
r8s_1984_unit_of_time,"Suggest a type of unit of time. Reply with only the name, nothing else.",0.5472,minute -> real,0.5472,minute -> real,0.5472,minute -> real,58,84,0.033,0.067,0.053,60,90,27,0.0,0.027,6.3,second,0.35,8,6.07,9.05,0.415,"second 35%, minute 18%","second 42%, millisecond 10%",0.5873,0.283,0.519,0.519
r8_1162_girl_group,"Name a girl group. Reply with only the name, nothing else.",0.5472,spice girls -> real,0.5472,spice girls -> real,0.5423,spice girls -> real,53,72,0.117,0.2,0.167,60,90,36,0.0,0.153,13.0,spice girls,0.3,12,9.25,13.35,0.272,"spice girls 28%, fifth harmony 17%","<long> 20%, spice girls 19%",0.5432,0.433,0.263,0.263
r8_1689_alga,"Name an alga. Reply with only the name, nothing else.",0.5472,chlorella -> bench,0.5472,chlorella -> bench,0.5595,chlorella -> bench,58,81,0.033,0.1,0.073,60,90,37,0.0,0.053,10.3,chlamydomonas,0.2,12,10.17,14.26,0.259,"chlorella 18%, chlamydomonas reinhardtii 17%","chlorella 28%, chlamydomonas 16%",0.5338,0.3,0.242,0.242
r8s_1925_economic_term,"Suggest a type of economic term. Reply with only the name, nothing else.",0.5472,<long> -> bench,0.5333,gdp -> real,0.5343,gdp -> real,55,74,0.083,0.178,0.14,60,90,71,0.0,0.127,12.2,gross domestic product,0.2,15,13.2,46.45,0.093,"gdp 10%, <long> 8%","<long> 18%, gross domestic product 9%",0.5379,0.576,0.186,0.186
r8_1713_bushing,"Name a type of bushing. Reply with only the name, nothing else.",0.5472,<long> -> bench,0.525,rubber bushing -> real,0.5231,rubber bushing -> real,55,74,0.083,0.178,0.14,60,90,73,0.0,0.107,12.2,oilite bushing,0.15,17,15.83,43.11,0.171,"spherical bushing 13%, rubber bushing 12%","<long> 18%, spherical bushing 16%",0.5352,0.574,0.194,0.194
r8_1738_kitchen_gadget,"Name a kitchen gadget. Reply with only the name, nothing else.",0.5472,avocado slicer -> real,0.5472,avocado slicer -> real,0.5472,avocado slicer -> real,57,83,0.05,0.078,0.067,60,90,42,0.0,0.047,8.2,garlic press,0.25,13,10.86,12.87,0.336,"garlic press 27%, avocado slicer 25%","garlic press 34%, avocado slicer 16%",0.5518,0.553,0.792,0.792
r8_1742_rock_texture,"Name a type of rock texture. Reply with only the name, nothing else.",0.5472,clastic texture -> bench,0.5472,clastic texture -> bench,0.5749,smooth -> real,36,59,0.4,0.344,0.367,60,90,55,0.0,0.3,21.3,clastic texture,0.25,16,13.37,36.01,0.116,"<long> 40%, smooth 10%","<long> 34%, clastic texture 11%",0.5789,0.476,0.774,0.774
r8_0032_taste,"Name a taste. Reply with only the name, nothing else.",0.5472,sweet -> bench,0.5472,sweet -> bench,0.5608,sweet -> bench,52,71,0.133,0.211,0.18,60,90,53,0.0,0.127,11.7,sour,0.15,15,13.78,24.81,0.236,"chocolate 23%, <long> 13%","<long> 21%, chocolate 17%",0.5555,0.542,0.54,0.54
r8_1103_cattle_breed,"Name a cattle breed. Reply with only the name, nothing else.",0.5472,angus cattle -> real,0.5472,angus cattle -> real,0.5535,angus cattle -> real,53,80,0.117,0.111,0.113,60,90,23,0.0,0.087,10.4,angus,0.65,6,3.29,6.38,0.451,"angus 37%, hereford 23%","angus 42%, hereford 22%",0.5486,0.172,0.421,0.421
r8_1076_noble,"Name a noble. Reply with only the name, nothing else.",0.5472,<long> -> bench,0.5167,gold -> bench,0.5268,gold -> bench,43,56,0.283,0.378,0.34,60,90,86,0.0,0.247,18.5,lord byron,0.15,18,16.96,79.67,0.03,"<long> 28%, william wallace 3%","<long> 38%, gold 3%",0.5545,0.507,0.406,0.345
r8_1754_dune,"Name a dune. Reply with only the name, nothing else.",0.5472,<long> -> bench,0.5222,dune -> real,0.5313,dune -> real,39,50,0.35,0.444,0.407,60,90,81,0.0,0.313,23.8,dune,0.1,19,18.66,73.67,0.067,"<long> 35%, dune 7%","<long> 44%, big dune 2%",0.535,0.687,0.338,0.364
r8_1725_medical_specialist,"Name a medical specialist. Reply with only the name, nothing else.",0.5472,oncologist -> bench,0.5472,oncologist -> bench,0.5529,oncologist -> bench,51,79,0.15,0.122,0.133,60,90,60,0.0,0.093,12.9,cardiologist,0.25,12,9.62,31.2,0.162,"<long> 15%, cardiologist 12%","cardiologist 16%, oncologist 14%",0.6588,0.385,1.183,1.183
r8_1788_printmaking,"Name a type of printmaking. Reply with only the name, nothing else.",0.5472,etching -> real,0.5472,etching -> real,0.5559,etching -> real,48,66,0.2,0.267,0.24,60,90,46,0.0,0.213,16.6,etching,0.3,14,10.9,26.39,0.123,"<long> 20%, etching 15%","<long> 27%, screen printing 11%",0.5445,0.537,0.578,0.578
r8s_1818_unit_of_pressure,"Suggest a type of unit of pressure. Reply with only the name, nothing else.",0.5472,pascal -> bench,0.5472,pascal -> bench,0.5293,pascal -> bench,52,84,0.133,0.067,0.093,60,90,27,0.0,0.06,8.2,pascal,0.9,3,1.48,5.32,0.632,"pascal 52%, <long> 13%","pascal 61%, pascals 9%",0.525,0.207,0.076,0.076
r8s_1763_pollen,"Suggest a type of pollen. Reply with only the name, nothing else.",0.5472,pine pollen -> bench,0.5472,pine pollen -> bench,0.5762,pine pollen -> bench,51,70,0.15,0.222,0.193,60,90,44,0.0,0.12,12.4,pine pollen,0.55,10,5.35,13.15,0.421,"pine pollen 28%, <long> 15%","pine pollen 38%, <long> 22%",0.538,0.507,0.66,0.66
r8_1807_settlement,"Name a type of settlement. Reply with only the name, nothing else.",0.5472,village -> bench,0.5472,village -> bench,0.5644,village -> bench,44,66,0.267,0.267,0.267,60,90,68,0.0,0.193,16.4,village,0.5,8,5.0,39.76,0.191,"<long> 27%, class action settlement 8%","<long> 27%, village 18%",0.5409,0.646,0.516,0.407
r8s_1752_zipper,"Suggest a type of zipper. Reply with only the name, nothing else.",0.5472,ykk zipper -> real,0.5472,ykk zipper -> real,0.5504,ykk zipper -> real,54,76,0.1,0.156,0.133,60,90,64,0.0,0.113,12.5,coil zipper,0.3,15,11.68,33.12,0.185,"coil zipper 17%, ykk zipper 15%","<long> 16%, coil zipper 16%",0.5406,0.593,0.361,0.361
r8s_1659_gymnastics_event,"Suggest a type of gymnastics event. Reply with only the name, nothing else.",0.5472,<long> -> bench,0.5417,uneven bars -> real,0.5652,floor exercise -> bench,53,71,0.117,0.211,0.173,60,90,46,0.0,0.133,13.0,floor exercise,0.55,10,5.35,16.12,0.282,"uneven bars 25%, floor exercise 18%","floor exercise 27%, <long> 21%",0.5461,0.337,0.316,0.316
r8s_0098_sausage,"Suggest a type of sausage. Reply with only the name, nothing else.",0.5472,chorizo sausage -> real,0.5472,chorizo sausage -> real,0.5563,chorizo sausage -> real,52,80,0.133,0.111,0.12,60,90,41,0.0,0.093,11.6,italian sausage,0.25,10,8.02,17.98,0.182,"chorizo sausage 22%, <long> 13%","italian sausage 16%, bratwurst sausage 12%",0.5502,0.349,0.538,0.538
r8_0776_cymbal,"Name a cymbal. Reply with only the name, nothing else.",0.5472,ride cymbal -> real,0.5472,ride cymbal -> real,0.5553,ride cymbal -> real,48,65,0.2,0.278,0.247,60,90,39,0.0,0.2,16.2,crash cymbal,0.2,13,10.9,13.94,0.274,"zildjian 23%, <long> 20%","<long> 28%, zildjian 19%",0.5456,0.41,0.33,0.33
r8_0430_luggage,"Name a type of luggage. Reply with only the name, nothing else.",0.5472,<long> -> bench,0.5222,suitcase -> real,0.5185,soft-sided luggage -> real,54,74,0.083,0.178,0.14,60,90,23,0.007,0.147,12.7,suitcase,0.45,8,5.26,3.51,0.75,"suitcase 67%, <long> 8%","suitcase 62%, <long> 18%",0.5331,0.31,0.716,0.716
r8s_0595_burger_topping,"Suggest a type of burger topping. Reply with only the name, nothing else.",0.5472,avocado slices -> real,0.5472,avocado slices -> real,0.5605,avocado slices -> real,47,71,0.217,0.211,0.213,60,90,41,0.0,0.153,13.3,avocado slices,0.15,15,13.42,19.45,0.22,"<long> 22%, bacon 18%","<long> 21%, bacon 17%",0.5594,0.412,0.958,0.958
r8_0489_clock_type,"Name a clock type. Reply with only the name, nothing else.",0.5472,analog clock -> real,0.5472,analog clock -> real,0.5414,analog clock -> real,56,78,0.067,0.122,0.1,60,90,43,0.007,0.1,10.6,alarm clock,0.35,7,5.15,15.17,0.291,"analog clock 32%, alarm clock 13%","analog clock 22%, atomic clock 13%",0.5766,0.38,0.787,0.802
r8s_0475_painter,"Suggest a type of painter. Reply with only the name, nothing else.",0.5472,<long> -> bench,0.5222,bob ross -> real,0.5299,bob ross -> real,41,53,0.317,0.411,0.373,60,90,72,0.0,0.28,21.2,michelangelo,0.15,14,12.85,61.39,0.064,"<long> 32%, bob ross 7%","<long> 41%, acrylic painter 3%",0.5332,0.673,0.446,0.446
r8s_1158_barbecue,"Suggest a type of barbecue. Reply with only the name, nothing else.",0.5472,ribs -> real,0.5472,ribs -> real,0.57,ribs -> real,40,57,0.333,0.367,0.353,60,90,69,0.0,0.233,18.8,beef brisket,0.1,15,14.14,52.3,0.093,"<long> 33%, ribs 12%","<long> 37%, pulled pork barbecue 7%",0.5429,0.613,0.383,0.383
r8_0167_hairstyle,"Name a hairstyle. Reply with only the name, nothing else.",0.5472,<long> -> bench,0.5472,bob -> bench,0.5592,bob -> bench,57,76,0.05,0.144,0.107,60,90,41,0.007,0.087,11.8,bob haircut,0.35,10,7.16,14.56,0.293,"bob haircut 27%, bob hairstyle 13%","bob haircut 26%, bob 14%",0.5333,0.312,0.097,0.097
r8s_0666_lantern,"Suggest a type of lantern. Reply with only the name, nothing else.",0.5472,<long> -> bench,0.5278,paper lantern -> real,0.5258,led lantern -> bench,53,71,0.117,0.211,0.173,60,90,51,0.0,0.14,13.2,paper lantern,0.2,17,15.16,18.13,0.363,"paper lantern 33%, <long> 12%","paper lantern 28%, <long> 21%",0.5519,0.441,0.833,0.833
r8s_0479_sugar,"Suggest a type of sugar. Reply with only the name, nothing else.",0.5472,glucose -> bench,0.5472,glucose -> bench,0.5552,glucose -> bench,47,76,0.217,0.156,0.18,60,90,22,0.0,0.127,12.0,sucrose,0.45,10,6.48,10.03,0.276,"<long> 22%, sucrose 22%","sucrose 23%, <long> 16%",0.5649,0.294,0.913,0.913
r8_0449_communication_device,"Name a communication device. Reply with only the name, nothing else.",0.5472,smartphone -> real,0.5472,smartphone -> real,0.5552,smartphone -> real,51,76,0.15,0.156,0.153,60,90,46,0.0,0.093,11.0,telephone,0.25,8,6.32,19.96,0.22,"smartphone 18%, telephone 18%","telephone 19%, <long> 16%",0.5492,0.42,0.569,0.56
r8s_0787_rainforest,"Suggest a type of rainforest. Reply with only the name, nothing else.",0.5472,amazon rainforest -> bench,0.5472,amazon rainforest -> bench,0.5619,amazon rainforest -> bench,53,78,0.117,0.133,0.127,60,90,20,0.0,0.1,11.4,amazon rainforest,0.85,4,1.8,2.37,0.847,"amazon rainforest 68%, <long> 12%","amazon rainforest 78%, <long> 13%",0.531,0.285,0.005,0.005
r8_0438_car_part,"Name a car part. Reply with only the name, nothing else.",0.5472,<long> -> bench,0.5333,steering wheel -> bench,0.539,steering wheel -> bench,57,77,0.05,0.144,0.107,60,90,69,0.0,0.08,9.8,tire,0.2,13,11.49,47.73,0.112,"engine 12%, tire 7%","<long> 14%, engine 9%",0.5403,0.659,0.047,0.047
r8_0244_atmospheric_layer,"Name an atmospheric layer. Reply with only the name, nothing else.",0.5472,<long> -> bench,0.5278,ozone layer -> real,0.5369,stratosphere -> bench,57,77,0.05,0.144,0.107,60,90,19,0.0,0.087,11.0,stratosphere,0.6,5,3.18,5.07,0.388,"troposphere 35%, stratosphere 30%","troposphere 34%, stratosphere 33%",0.5365,0.332,0.119,0.119
r8s_0579_chord,"Suggest a type of chord. Reply with only the name, nothing else.",0.5472,major chord -> real,0.5472,major chord -> real,0.5454,major chord -> real,52,72,0.133,0.2,0.173,60,90,53,0.0,0.147,13.6,minor chord,0.25,12,8.94,19.9,0.274,"major chord 28%, minor chord 15%","<long> 20%, major chord 19%",0.5363,0.545,0.365,0.337
r8s_1302_gemstone_clarity,"Suggest a type of gemstone clarity. Reply with only the name, nothing else.",0.5472,<long> -> bench,0.5417,vvs1 -> real,0.5475,vvs1 -> real,43,56,0.283,0.378,0.34,60,90,50,0.0,0.28,19.9,eye-clean,0.1,18,17.41,27.85,0.202,"<long> 28%, vvs1 18%","<long> 38%, vvs1 10%",0.556,0.507,0.743,0.743
r8_0398_ocean_creature,"Name a type of ocean creature. Reply with only the name, nothing else.",0.5472,seahorse -> real,0.5472,seahorse -> real,0.5489,seahorse -> real,57,80,0.05,0.111,0.087,60,90,20,0.0,0.073,9.0,dolphin,0.45,9,5.89,5.86,0.547,"dolphin 47%, whale shark 12%","dolphin 52%, <long> 11%",0.5324,0.507,0.143,0.143
r8_0334_revolution,"Name a revolution. Reply with only the name, nothing else.",0.5472,american revolution -> real,0.5472,american revolution -> real,0.5463,american revolution -> real,58,86,0.033,0.044,0.04,60,90,15,0.0,0.033,7.8,american revolution,0.75,4,2.23,3.98,0.479,"american revolution 52%, french revolution 27%","american revolution 42%, french revolution 32%",0.5478,0.135,0.24,0.24
r8_0345_truck_brand,"Name a truck brand. Reply with only the name, nothing else.",0.5472,<long> -> bench,0.525,kenworth -> real,0.5357,ford -> bench,55,74,0.083,0.178,0.14,60,90,35,0.0,0.107,11.2,ford,0.6,9,4.5,6.99,0.605,"ford 52%, <long> 8%","ford 52%, <long> 18%",0.5278,0.344,0.059,0.059
r8_0328_philosopher,"Name a philosopher. Reply with only the name, nothing else.",0.5472,plato -> real,0.5472,plato -> real,0.5555,plato -> real,51,76,0.15,0.156,0.153,60,90,42,0.0,0.133,12.1,socrates,0.4,9,6.16,14.32,0.402,"socrates 38%, <long> 15%","socrates 31%, <long> 16%",0.5381,0.632,0.386,0.386
r8s_1113_ball,"Suggest a type of ball. Reply with only the name, nothing else.",0.5472,baseball -> bench,0.5472,baseball -> bench,0.5538,baseball -> bench,59,82,0.017,0.089,0.06,60,90,24,0.0,0.047,8.3,tennis ball,0.4,5,3.84,6.77,0.369,"soccer ball 33%, tennis ball 32%","soccer ball 36%, tennis ball 24%",0.5589,0.249,0.272,0.272
r8_0139_insect,"Name an insect. Reply with only the name, nothing else.",0.5472,<long> -> bench,0.5389,cricket -> real,0.5396,cricket -> real,57,77,0.05,0.144,0.107,60,90,26,0.0,0.093,9.4,ant,0.2,12,9.74,9.42,0.403,"ant 37%, ants 12%","ant 36%, <long> 14%",0.5509,0.438,0.565,0.655
r8_0243_phase_of_the_moon,"Name a phase of the moon. Reply with only the name, nothing else.",0.5472,waxing crescent -> real,0.5472,waxing crescent -> real,0.5644,waxing crescent -> real,45,75,0.25,0.167,0.2,60,90,22,0.0,0.16,13.9,full moon,0.45,4,2.77,7.97,0.333,"<long> 25%, full moon 23%","new moon 30%, full moon 22%",0.5445,0.267,0.147,0.147
r8s_1146_type_of_household_pet,"Suggest a type of type of household pet. Reply with only the name, nothing else.",0.5472,<long> -> bench,0.5444,hamster -> real,0.5496,hamster -> real,53,71,0.117,0.211,0.173,60,90,27,0.0,0.173,13.0,goldfish,0.45,9,5.89,11.75,0.226,"goldfish 22%, cat 13%","<long> 21%, dog 18%",0.5603,0.393,0.707,0.707
r8s_1292_vegetable_that_is_gree,"Suggest a type of vegetable that is green. Reply with only the name, nothing else.",0.5472,green beans -> real,0.5472,green beans -> real,0.5494,green beans -> real,52,71,0.133,0.2,0.173,60,90,27,0.007,0.147,12.6,broccoli,0.3,7,5.17,8.86,0.285,"spinach 25%, broccoli 22%","broccoli 24%, <long> 20%",0.554,0.223,0.501,0.501
r8s_0589_pigment,"Suggest a type of pigment. Reply with only the name, nothing else.",0.5472,<long> -> bench,0.5278,titanium dioxide -> real,0.5385,titanium dioxide pigment -> bench,49,65,0.183,0.278,0.24,60,90,64,0.0,0.187,16.1,ultramarine,0.35,13,9.44,44.81,0.114,"<long> 18%, ultramarine 8%","<long> 28%, ultramarine 9%",0.5314,0.648,0.109,0.109
r8s_0580_astronomical_event,"Suggest a type of astronomical event. Reply with only the name, nothing else.",0.5472,supernova explosion -> bench,0.5472,supernova explosion -> bench,0.5549,supernova explosion -> bench,57,80,0.05,0.111,0.087,60,90,33,0.0,0.08,9.4,supernova,0.5,9,5.36,9.65,0.46,"supernova 43%, solar eclipse 10%","supernova 41%, supernova explosion 14%",0.5769,0.25,0.996,0.996
r8s_1163_superpower,"Suggest a type of superpower. Reply with only the name, nothing else.",0.5472,telekinesis -> real,0.5472,telekinesis -> real,0.5445,telekinesis -> real,55,78,0.083,0.133,0.113,60,90,51,0.0,0.087,10.6,telekinesis,0.35,11,7.67,21.1,0.293,"telekinesis 32%, teleportation 8%","telekinesis 22%, <long> 13%",0.5287,0.444,0.097,0.097
r8_0616_career,"Name a career. Reply with only the name, nothing else.",0.5472,data scientist -> bench,0.5472,data scientist -> bench,0.5579,data scientist -> bench,56,78,0.067,0.133,0.107,60,90,38,0.0,0.08,10.0,software engineer,0.35,13,9.44,9.75,0.47,"software engineer 43%, data scientist 8%","software engineer 41%, data scientist 18%",0.547,0.298,0.449,0.46
r8_0117_noodle_dish,"Name a noodle dish. Reply with only the name, nothing else.",0.5472,pad thai -> bench,0.5472,pad thai -> bench,0.5535,pad thai -> bench,43,68,0.283,0.244,0.26,60,90,45,0.0,0.12,13.6,pad thai,0.3,11,7.81,13.81,0.414,"<long> 28%, pad thai 25%","pad thai 34%, <long> 24%",0.5352,0.534,0.049,0.049
r8_0775_texture_of_food,"Name a texture of food. Reply with only the name, nothing else.",0.5472,<long> -> bench,0.5444,crispy -> real,0.5669,crispy -> real,39,50,0.35,0.444,0.407,60,90,45,0.0,0.3,20.9,chewy,0.25,11,8.82,25.68,0.18,"<long> 35%, crunchy 15%","<long> 44%, rough 8%",0.5456,0.497,0.408,0.408
r8_0761_floss,"Name a type of floss. Reply with only the name, nothing else.",0.5472,<long> -> bench,0.5167,dentalfloss -> bench,0.5316,dental floss -> bench,55,74,0.083,0.178,0.14,60,90,50,0.0,0.127,13.2,dental floss,0.35,14,10.12,11.81,0.527,"dental floss 45%, <long> 8%","dental floss 46%, <long> 18%",0.5383,0.501,0.396,0.396
r8s_1213_unit_of_length,"Suggest a type of unit of length. Reply with only the name, nothing else.",0.5472,meter -> bench,0.5472,meter -> bench,0.549,meter -> bench,54,82,0.1,0.089,0.093,60,90,23,0.0,0.073,8.3,meter,0.4,7,4.41,7.0,0.522,"meter 42%, millimeter 12%","meter 51%, <long> 9%",0.5328,0.434,0.247,0.247
r8s_0173_toy,"Suggest a type of toy. Reply with only the name, nothing else.",0.5472,teddy bear -> bench,0.5472,teddy bear -> bench,0.5703,teddy bear -> bench,52,71,0.133,0.211,0.18,60,90,51,0.0,0.147,13.9,stuffed animal,0.2,12,10.17,23.45,0.293,"teddy bear 18%, <long> 13%","teddy bear 28%, <long> 21%",0.5473,0.408,0.33,0.353
r8_0697_plier,"Name a plier. Reply with only the name, nothing else.",0.5472,<long> -> real,0.5194,needle-nose pliers -> real,0.5327,needle-nose pliers -> real,37,64,0.383,0.289,0.327,60,90,89,0.0,0.267,19.6,needle-nose pliers,0.5,10,5.9,81.78,0.04,"<long> 38%, needle-nose pliers 5%","<long> 29%, plier 3%",0.5432,0.719,0.552,0.613
r8_0684_calendar_month,"Name a calendar month. Reply with only the name, nothing else.",0.5472,july -> bench,0.5472,july -> bench,0.5493,july -> bench,59,87,0.017,0.033,0.027,60,90,17,0.0,0.027,5.6,august,0.15,9,8.4,11.97,0.137,"august 15%, january 12%","july 14%, january 13%",0.5466,0.329,0.492,0.492
r8_0664_energy_drink,"Name an energy drink. Reply with only the name, nothing else.",0.5472,red bull -> real,0.5472,red bull -> real,0.5396,celsius -> real,54,75,0.1,0.167,0.14,60,90,22,0.0,0.1,11.0,red bull,0.7,7,3.15,3.77,0.729,"red bull 68%, <long> 10%","red bull 59%, <long> 17%",0.5291,0.271,0.023,0.023
r8s_0180_cleaning_product,"Suggest a type of cleaning product. Reply with only the name, nothing else.",0.5472,all-purpose cleaner -> bench,0.5472,all-purpose cleaner -> bench,0.5545,all-purpose cleaner -> bench,52,78,0.133,0.133,0.133,60,90,47,0.0,0.053,10.9,all-purpose cleaner,0.5,10,5.9,9.22,0.585,"all-purpose cleaner 45%, <long> 13%","all-purpose cleaner 54%, <long> 13%",0.5521,0.382,0.29,0.29
r8_0653_flower_reproductive_pa,"Name a flower reproductive part. Reply with only the name, nothing else.",0.5472,pistil -> real,0.5472,pistil -> real,0.5411,pistil -> real,56,80,0.067,0.111,0.093,60,90,17,0.0,0.087,9.5,stamen,0.45,8,5.26,5.44,0.434,"pistil 45%, stamen 22%","pistil 36%, stamen 21%",0.5542,0.214,0.384,0.384
r8_0626_ink_color,"Name an ink color. Reply with only the name, nothing else.",0.5472,blue -> bench,0.5472,blue -> bench,0.5612,blue -> bench,50,73,0.167,0.189,0.18,60,90,51,0.0,0.133,12.3,blue,0.35,11,7.67,21.33,0.293,"blue 18%, <long> 17%","blue 28%, <long> 19%",0.5567,0.423,0.691,0.691
r8s_0552_water_sport,"Suggest a type of water sport. Reply with only the name, nothing else.",0.5472,<long> -> bench,0.5361,kayaking -> real,0.5268,windsurfing -> bench,59,80,0.017,0.111,0.073,60,90,27,0.0,0.047,8.6,kayaking,0.2,12,10.44,11.16,0.331,"kayaking 35%, wakeboarding 15%","kayaking 28%, wakeboarding 14%",0.5385,0.556,0.481,0.481
r8s_0327_whale,"Suggest a type of whale. Reply with only the name, nothing else.",0.5472,humpback whale -> real,0.5472,humpback whale -> real,0.5358,blue whale -> bench,53,73,0.117,0.189,0.16,60,90,20,0.0,0.127,13.3,blue whale,0.45,7,4.91,5.51,0.508,"humpback whale 48%, blue whale 17%","humpback whale 39%, blue whale 21%",0.5406,0.312,0.1,0.1
r8_0553_weather_instrument,"Name a type of weather instrument. Reply with only the name, nothing else.",0.5472,<long> -> real,0.5194,anemometer -> bench,0.5216,barometer -> real,51,85,0.15,0.056,0.093,60,90,26,0.0,0.067,9.8,barometer,0.6,4,2.81,8.23,0.338,"anemometer 28%, barometer 22%","anemometer 32%, barometer 20%",0.5463,0.436,0.508,0.508
r8s_1201_line_type,"Suggest a line type. Reply with only the name, nothing else.",0.5472,<long> -> real,0.5111,single-line comment -> bench,0.5152,single-line comment -> bench,39,66,0.35,0.256,0.293,60,90,78,0.007,0.24,17.7,solid line,0.3,13,9.91,49.28,0.2,"<long> 35%, solid line 13%","<long> 26%, solid line 14%",0.5317,0.655,0.405,0.443
r8_1594_wave_type,"Name a wave type. Reply with only the name, nothing else.",0.5472,tsunami -> real,0.5472,tsunami -> real,0.5553,tsunami -> real,51,75,0.133,0.167,0.153,60,90,85,0.007,0.107,12.0,tsunami,0.25,15,12.48,63.62,0.071,"<long> 13%, tsunami 12%","<long> 17%, sine wave 4%",0.5481,0.596,0.565,0.575
r8_0531_athletic_event,"Name an athletic event. Reply with only the name, nothing else.",0.5472,marathon -> bench,0.5472,marathon -> bench,0.5622,marathon -> bench,44,67,0.267,0.256,0.26,60,90,55,0.0,0.18,15.8,marathon,0.1,19,18.66,29.17,0.234,"<long> 27%, marathon 12%","<long> 26%, marathon 21%",0.63,0.4,1.414,1.414
r8_0551_honey,"Name a honey. Reply with only the name, nothing else.",0.5472,honey -> bench,0.5472,honey -> bench,0.5573,honey -> bench,51,75,0.133,0.167,0.153,60,90,63,0.007,0.127,13.3,manuka honey,0.4,7,4.41,32.96,0.167,"wildflower honey 17%, <long> 13%","<long> 17%, honey 14%",0.5488,0.301,0.381,0.381
r8_0161_cereal,"Name a cereal. Reply with only the name, nothing else.",0.5472,honey nut cheerios -> real,0.5472,honey nut cheerios -> real,0.5467,honey nut cheerios -> real,55,75,0.083,0.167,0.133,60,90,43,0.0,0.12,11.9,cheerios,0.25,9,7.27,18.84,0.254,"cheerios 25%, honey nut cheerios 18%","cheerios 20%, <long> 17%",0.5557,0.385,0.868,0.868
r8_0214_nut_butter,"Name a nut butter. Reply with only the name, nothing else.",0.5472,<long> -> bench,0.525,peanut butter -> real,0.5158,almond butter -> bench,53,71,0.117,0.211,0.173,60,90,9,0.0,0.14,13.5,almond butter,0.5,4,2.75,2.36,0.669,"peanut butter 58%, almond butter 23%","peanut butter 53%, almond butter 23%",0.5334,0.411,0.271,0.271
r8s_0551_honey,"Suggest a type of honey. Reply with only the name, nothing else.",0.5472,<long> -> bench,0.5222,raw honey -> bench,0.526,raw honey -> bench,57,77,0.05,0.144,0.107,60,90,21,0.0,0.1,10.9,manuka honey,0.25,8,6.69,7.22,0.313,"wildflower honey 30%, manuka honey 23%","wildflower honey 27%, manuka honey 20%",0.5429,0.275,0.386,0.386
r8s_1493_publication,"Suggest a type of publication. Reply with only the name, nothing else.",0.5472,journal article -> bench,0.5472,journal article -> bench,0.5648,journal article -> bench,51,69,0.15,0.233,0.2,60,90,62,0.0,0.113,12.4,journal,0.2,15,13.2,33.7,0.133,"<long> 15%, article 10%","<long> 23%, journal article 14%",0.5871,0.493,0.666,0.672
r8_1247_queen_song,"Name a queen song. Reply with only the name, nothing else.",0.5472,<long> -> real,0.5278,i will survive -> bench,0.5424,i will survive -> bench,29,52,0.517,0.422,0.46,60,90,31,0.0,0.147,15.3,another one bites the dust,0.2,13,11.49,11.46,0.42,"<long> 52%, bohemian rhapsody 20%","<long> 42%, bohemian rhapsody 24%",0.5406,0.348,0.526,0.526
r8s_1997_battlefield,"Suggest a type of battlefield. Reply with only the name, nothing else.",0.5472,<long> -> bench,0.5389,urban battlefield -> real,0.5448,urban battlefield -> real,47,62,0.217,0.311,0.273,60,90,80,0.0,0.213,17.2,forest battlefield,0.15,17,15.83,60.25,0.119,"<long> 22%, urban battlefield 13%","<long> 31%, urban battlefield 6%",0.5393,0.595,0.208,0.208
r8_1482_brake,"Name a brake. Reply with only the name, nothing else.",0.5472,<long> -> bench,0.5472,disc brake -> real,0.5454,disc brake -> real,49,65,0.183,0.278,0.24,60,90,62,0.0,0.213,16.5,disc brake,0.45,12,7.44,28.45,0.254,"disc brake 25%, <long> 18%","<long> 28%, disc brake 16%",0.5491,0.551,0.614,0.614
r8_1496_zombie,"Name a zombie. Reply with only the name, nothing else.",0.5472,zombie -> bench,0.5472,zombie -> bench,0.5597,zombie -> bench,49,72,0.183,0.2,0.193,60,90,88,0.0,0.16,14.0,zombie,0.15,18,16.96,63.78,0.132,"<long> 18%, shaun 5%","<long> 20%, zombie 14%",0.5338,0.696,0.478,0.478
r8_1375_oven_type,"Name an oven type. Reply with only the name, nothing else.",0.5472,gas oven -> real,0.5472,gas oven -> real,0.5444,gas oven -> real,57,79,0.05,0.122,0.093,60,90,19,0.0,0.087,10.0,electric oven,0.2,12,10.44,6.18,0.382,"electric oven 35%, gas oven 22%","electric oven 34%, convection oven 23%",0.541,0.413,0.237,0.237
r8_1490_motorboat,"Name a motorboat. Reply with only the name, nothing else.",0.5472,<long> -> bench,0.5167,sea ray 270 sundancer -> real,0.5206,speedboat -> bench,49,65,0.183,0.278,0.24,60,90,81,0.0,0.173,16.7,sea ray,0.3,13,9.91,50.35,0.202,"<long> 18%, sea ray 17%","<long> 28%, sea ray 14%",0.5388,0.656,0.635,0.635
r8_1528_photographic_device,"Name a photographic device. Reply with only the name, nothing else.",0.5472,camera -> bench,0.5472,camera -> bench,0.5742,camera -> bench,50,67,0.167,0.256,0.22,60,90,53,0.0,0.147,14.4,polaroid camera,0.35,9,6.68,23.0,0.265,"<long> 17%, camera 15%","<long> 26%, camera 24%",0.5484,0.539,0.341,0.288
r8_1421_ice_cream_cone,"Name an ice cream cone. Reply with only the name, nothing else.",0.5472,<long> -> real,0.5222,mint chocolate chip -> bench,0.5312,mint chocolate chip -> bench,37,64,0.383,0.289,0.327,60,90,64,0.0,0.153,16.3,cone,0.15,16,14.38,49.68,0.079,"<long> 38%, waffle cone 7%","<long> 29%, cone 6%",0.5364,0.682,0.477,0.477
r8_1344_tea,"Name a tea. Reply with only the name, nothing else.",0.5472,earl grey tea -> real,0.5472,earl grey tea -> real,0.5696,earl grey tea -> real,48,76,0.2,0.156,0.173,60,90,29,0.0,0.107,12.1,earl grey tea,0.6,8,4.2,9.64,0.435,"earl grey tea 42%, <long> 20%","earl grey tea 32%, <long> 16%",0.5593,0.415,1.073,1.073
r8_1515_slide,"Name a slide. Reply with only the name, nothing else.",0.5472,<long> -> bench,0.5417,slide 1 -> real,0.5549,slide 1 -> real,35,44,0.417,0.511,0.473,60,90,45,0.0,0.22,19.5,slide 1,0.3,11,8.63,23.26,0.253,"<long> 42%, slide 1 18%","<long> 51%, slide 1 10%",0.5391,0.155,0.164,0.164
r8_1481_shaft,"Name a shaft. Reply with only the name, nothing else.",0.5472,crankshaft -> bench,0.5472,crankshaft -> bench,0.5634,crankshaft -> bench,41,65,0.317,0.278,0.293,60,90,83,0.0,0.24,18.4,crankshaft,0.3,11,7.81,59.03,0.151,"<long> 32%, main shaft 5%","<long> 28%, crankshaft 14%",0.5555,0.65,0.361,0.361
r8_1320_heading,"Name a type of heading. Reply with only the name, nothing else.",0.5472,subheading -> real,0.5472,subheading -> real,0.5619,subheading -> real,45,63,0.25,0.3,0.28,60,90,36,0.0,0.24,17.5,heading 2,0.1,16,15.16,19.62,0.148,"<long> 25%, h1 13%","<long> 30%, heading 1 12%",0.5461,0.344,0.37,0.37
r8_1538_model_airplane,"Name a model airplane. Reply with only the name, nothing else.",0.5472,<long> -> bench,0.5167,f-14 tomcat -> bench,0.5254,f-14 tomcat -> bench,45,59,0.25,0.344,0.307,60,90,78,0.0,0.22,19.9,balsa airplane,0.1,18,17.41,62.84,0.096,"<long> 25%, p-51 mustang 8%","<long> 34%, p-51 mustang 6%",0.5342,0.697,0.383,0.383
r8_1273_embroidery_style,"Name an embroidery style. Reply with only the name, nothing else.",0.5472,<long> -> bench,0.5389,satin stitch embroidery -> real,0.5605,cross stitch -> bench,45,59,0.25,0.344,0.307,60,90,51,0.0,0.273,18.9,cross stitch,0.2,14,11.49,24.11,0.202,"<long> 25%, satin stitch embroidery 13%","<long> 34%, cross stitch 17%",0.5525,0.584,0.383,0.383
r8_1470_glassblowing,"Name a type of glassblowing. Reply with only the name, nothing else.",0.5472,<long> -> bench,0.5361,lampworking -> real,0.5392,lampworking -> real,51,68,0.15,0.244,0.207,60,90,79,0.0,0.187,15.7,lampworking,0.1,19,18.66,56.01,0.092,"<long> 15%, lampworking 12%","<long> 24%, freeblowing 7%",0.5388,0.687,0.775,0.775
r8_1316_wind_term,"Name a wind term. Reply with only the name, nothing else.",0.5472,wind chill -> real,0.5472,wind chill -> real,0.5513,wind chill -> real,54,74,0.1,0.178,0.147,60,90,73,0.0,0.12,12.4,wind chill,0.3,11,8.4,40.34,0.18,"wind shear 15%, wind chill 12%","<long> 18%, wind shear 16%",0.5277,0.452,0.093,0.068
r8_1242_transistor,"Name a transistor. Reply with only the name, nothing else.",0.5472,2n3904 -> real,0.5472,2n3904 -> real,0.5584,2n3904 -> real,47,70,0.217,0.222,0.22,60,90,33,0.0,0.167,17.4,2n3904,0.75,5,2.45,7.22,0.59,"2n3904 52%, <long> 22%","2n3904 42%, <long> 22%",0.5842,0.355,0.893,0.893
r8_1054_dinosaur,"Name a dinosaur. Reply with only the name, nothing else.",0.5444,rexy -> real,0.5444,rexy -> real,0.5491,rexy -> real,54,77,0.1,0.144,0.127,60,90,19,0.0,0.093,10.6,triceratops,0.65,5,2.99,5.05,0.573,"triceratops 52%, rexy 10%","triceratops 49%, <long> 14%",0.5586,0.306,0.849,0.849
r8_0566_medical_procedure,"Name a medical procedure. Reply with only the name, nothing else.",0.5444,<long> -> bench,0.5167,cardiac ablation procedure -> real,0.5185,cardiac ablation procedure -> real,54,72,0.1,0.189,0.153,60,90,75,0.007,0.127,13.6,appendectomy,0.65,7,3.52,44.22,0.198,"appendectomy 17%, <long> 10%","<long> 19%, appendectomy 17%",0.5427,0.692,0.47,0.47
r8_1761_gym_equipment,"Name a type of gym equipment. Reply with only the name, nothing else.",0.5444,<long> -> bench,0.5278,elliptical trainer -> bench,0.5329,elliptical trainer -> bench,56,76,0.067,0.156,0.12,60,90,28,0.0,0.107,11.8,treadmill,0.65,8,3.78,4.34,0.72,"treadmill 67%, <long> 7%","treadmill 61%, <long> 16%",0.5379,0.37,0.36,0.36
r8_0569_pea,"Name a pea. Reply with only the name, nothing else.",0.5444,snowbird -> bench,0.5444,snowbird -> bench,0.5541,snowbird -> bench,48,74,0.2,0.178,0.187,60,90,71,0.0,0.167,14.1,snow pea,0.1,19,18.66,49.52,0.107,"<long> 20%, snow pea 8%","<long> 18%, snowbird 9%",0.5413,0.583,0.385,0.385
r8_1772_raptor,"Name a raptor. Reply with only the name, nothing else.",0.5444,<long> -> bench,0.5361,hawk -> bench,0.5497,hawk -> bench,50,67,0.167,0.256,0.22,60,90,74,0.0,0.167,14.2,hawk,0.2,12,10.44,52.19,0.103,"<long> 17%, golden eagle 8%","<long> 26%, hawk 9%",0.5384,0.542,0.231,0.254
r8_0513_lentil,"Name a lentil. Reply with only the name, nothing else.",0.5444,<long> -> real,0.525,red lentil -> bench,0.5399,green lentil -> real,46,77,0.233,0.144,0.18,60,90,47,0.0,0.14,13.3,green lentil,0.55,7,4.23,14.7,0.407,"green lentil 35%, <long> 23%","green lentil 32%, <long> 14%",0.5448,0.407,0.348,0.348
r8s_0407_law,"Suggest a type of law. Reply with only the name, nothing else.",0.5444,intellectual property law -> bench,0.5444,intellectual property law -> bench,0.5526,intellectual property law -> bench,53,77,0.117,0.144,0.133,60,90,50,0.0,0.08,10.3,criminal law,0.35,9,6.79,24.74,0.154,"criminal law 15%, <long> 12%","<long> 14%, intellectual property law 12%",0.5425,0.477,0.336,0.336
r8_1502_classroom,"Name a classroom. Reply with only the name, nothing else.",0.5444,<long> -> bench,0.5389,mrs. smiths class -> real,0.5451,mrs. smiths class -> real,50,67,0.167,0.256,0.22,60,90,94,0.0,0.127,15.4,mrs. smiths classroom,0.2,17,15.16,75.24,0.077,"<long> 17%, mrs. smiths class 10%","<long> 26%, room 101 8%",0.5599,0.492,0.449,0.449
r8_1272_element_of_nature,"Name a type of element of nature. Reply with only the name, nothing else.",0.5444,tree -> real,0.5444,tree -> real,0.55,rainforest -> real,50,70,0.15,0.211,0.187,60,90,49,0.013,0.173,12.9,hurricane,0.15,14,12.52,24.86,0.183,"tree 20%, <long> 15%","<long> 21%, mountain 13%",0.54,0.565,0.633,0.433
r8s_0331_vine,"Suggest a type of vine. Reply with only the name, nothing else.",0.5444,<long> -> bench,0.5417,merlot -> bench,0.5522,merlot -> bench,56,76,0.067,0.156,0.12,60,90,70,0.0,0.1,12.4,muscadine vine,0.1,18,17.41,37.58,0.182,"pinot noir 18%, <long> 7%","<long> 16%, pinot noir 14%",0.5439,0.513,0.466,0.466
r8_0621_cyclop,"Name a cyclop. Reply with only the name, nothing else.",0.5444,cyclops -> real,0.5444,cyclops -> real,0.5538,cyclops -> real,44,63,0.267,0.3,0.287,60,90,63,0.0,0.24,18.0,cyclops,0.6,9,4.5,26.02,0.346,"cyclops 30%, <long> 27%","<long> 30%, cyclops 21%",0.5348,0.346,0.529,0.529
r8_1746_zoo_exhibit,"Name a zoo exhibit. Reply with only the name, nothing else.",0.5444,<long> -> bench,0.5194,gorilla grotto -> real,0.5234,gorilla grotto -> real,48,64,0.2,0.289,0.253,60,90,84,0.0,0.167,15.3,tiger exhibit,0.15,16,14.77,64.95,0.08,"<long> 20%, reptile house 8%","<long> 29%, reptile house 4%",0.5444,0.589,0.515,0.515
r8_1205_sports_apparel,"Name a sports apparel. Reply with only the name, nothing else.",0.5444,adidas -> bench,0.5444,adidas -> bench,0.5556,adidas -> bench,45,72,0.25,0.2,0.22,60,90,63,0.0,0.18,15.1,jersey,0.3,12,9.49,25.73,0.342,"nike 30%, <long> 25%","nike 24%, <long> 20%",0.5367,0.305,0.604,0.604
r8s_0336_dressing,"Suggest a type of dressing. Reply with only the name, nothing else.",0.5444,<long> -> bench,0.5361,caesar salad dressing -> real,0.5443,caesar salad dressing -> real,48,64,0.2,0.289,0.253,60,90,74,0.0,0.147,15.6,honey mustard dressing,0.45,5,3.69,49.87,0.098,"<long> 20%, caesar salad dressing 8%","<long> 29%, hydrocolloid dressing 8%",0.5445,0.606,0.713,0.713
r8_1500_recycling_material,"Name a recycling material. Reply with only the name, nothing else.",0.5444,<long> -> real,0.5333,aluminum can -> bench,0.5349,aluminum can -> bench,52,86,0.133,0.044,0.08,60,90,31,0.0,0.067,8.9,aluminum,0.35,9,6.79,13.64,0.254,"glass 20%, aluminum 13%","glass 26%, aluminum 18%",0.5458,0.414,0.292,0.292
r8_1107_lettuce,"Name a lettuce. Reply with only the name, nothing else.",0.5444,<long> -> bench,0.5222,romaine lettuce -> real,0.5343,lettuce -> bench,56,76,0.067,0.156,0.12,60,90,44,0.0,0.093,10.9,romaine lettuce,0.3,10,7.71,13.5,0.379,"lettuce 32%, romaine lettuce 13%","lettuce 34%, <long> 16%",0.5421,0.4,0.523,0.523
r8_0537_cooking_fat,"Name a cooking fat. Reply with only the name, nothing else.",0.5444,butter -> real,0.5444,butter -> real,0.5494,butter -> real,54,81,0.1,0.1,0.1,60,90,20,0.0,0.087,9.9,olive oil,0.6,6,3.56,4.36,0.644,"olive oil 55%, butter 13%","olive oil 60%, <long> 10%",0.5294,0.34,0.249,0.249
r8s_0594_pepper,"Suggest a type of pepper. Reply with only the name, nothing else.",0.5444,jalapeño -> bench,0.5444,jalapeño -> bench,0.5521,jalapeño -> bench,57,79,0.05,0.122,0.093,60,90,46,0.0,0.073,10.5,cayenne pepper,0.55,10,5.35,16.58,0.338,"cayenne pepper 30%, jalapeño pepper 12%","cayenne pepper 31%, jalapeño 12%",0.5449,0.508,0.216,0.216
r8s_0754_nut_edible,"Suggest a type of nut edible. Reply with only the name, nothing else.",0.5444,almond -> bench,0.5444,almond -> bench,0.5646,almond -> bench,46,66,0.233,0.267,0.253,60,90,39,0.0,0.22,17.0,almond,0.25,12,9.46,17.98,0.25,"<long> 23%, almond 13%","<long> 27%, almond 22%",0.5463,0.33,0.513,0.513
r8s_0762_emotional_state,"Suggest a type of emotional state. Reply with only the name, nothing else.",0.5444,anxiety -> real,0.5444,anxiety -> real,0.5414,anxiety -> real,53,73,0.117,0.189,0.16,60,90,40,0.0,0.153,12.9,anxiety,0.35,8,5.74,16.14,0.254,"anxiety 27%, anxious 23%","<long> 19%, anxiety 18%",0.54,0.386,0.14,0.14
r8s_0719_plastic,"Suggest a type of plastic. Reply with only the name, nothing else.",0.5444,polyethylene -> bench,0.5444,polyethylene -> bench,0.5492,polyethylene -> bench,48,75,0.2,0.167,0.18,60,90,30,0.0,0.127,13.2,polyethylene,0.3,10,7.84,13.83,0.268,"<long> 20%, polyethylene 17%","polyethylene 26%, <long> 17%",0.5449,0.393,0.832,0.832
r8s_0688_fruit_peel,"Suggest a type of fruit peel. Reply with only the name, nothing else.",0.5444,banana peel -> real,0.5444,banana peel -> real,0.5441,orange peel -> bench,58,79,0.033,0.122,0.087,60,90,17,0.0,0.08,9.4,orange peel,0.5,10,5.9,3.54,0.672,"orange peel 60%, banana peel 17%","orange peel 62%, <long> 12%",0.5344,0.323,0.538,0.538
r8s_0686_bacon,"Suggest a type of bacon. Reply with only the name, nothing else.",0.5444,pancetta -> real,0.5444,pancetta -> real,0.5558,pancetta -> real,47,62,0.217,0.3,0.267,60,90,54,0.007,0.193,16.1,canadian bacon,0.3,10,7.51,26.85,0.257,"canadian bacon 23%, <long> 22%","<long> 30%, canadian bacon 16%",0.5418,0.661,0.616,0.616
r8s_0679_bird_feather_color,"Suggest a type of bird feather color. Reply with only the name, nothing else.",0.5444,blue -> bench,0.5444,blue -> bench,0.5594,blue -> bench,47,69,0.217,0.233,0.227,60,90,62,0.0,0.18,14.4,scarlet,0.15,16,14.77,33.24,0.198,"<long> 22%, red 12%","<long> 23%, blue 19%",0.5306,0.671,0.506,0.506
r8s_0596_tool,"Suggest a type of tool. Reply with only the name, nothing else.",0.5444,<long> -> bench,0.5333,sed -> bench,0.5411,sed -> bench,54,73,0.1,0.189,0.153,60,90,110,0.0,0.073,10.7,hammer,0.65,8,3.78,99.74,0.047,"<long> 10%, piechart tool 2%","<long> 19%, sed 7%",0.5265,0.765,0.534,0.444
r8s_0563_biome,"Suggest a type of biome. Reply with only the name, nothing else.",0.5444,<long> -> bench,0.5194,temperate forest biome -> bench,0.524,temperate forest biome -> bench,56,76,0.067,0.156,0.12,60,90,51,0.0,0.087,12.4,temperate rainforest,0.1,16,15.16,26.61,0.167,"tropical rainforest biome 15%, temperate rainforest biome 13%","<long> 16%, tropical rainforest biome 14%",0.5478,0.464,0.757,0.757
r8s_0480_month,"Suggest a type of month. Reply with only the name, nothing else.",0.5444,august -> bench,0.5444,august -> bench,0.5526,august -> bench,55,76,0.083,0.156,0.127,60,90,39,0.0,0.093,9.6,february,0.3,12,9.49,19.16,0.198,"february 20%, january 10%","<long> 16%, february 16%",0.5407,0.592,0.445,0.445
r8_0510_pirate,"Name a pirate. Reply with only the name, nothing else.",0.5444,jack sparrow -> real,0.5444,jack sparrow -> real,0.5443,jack sparrow -> real,57,82,0.05,0.089,0.073,60,90,24,0.0,0.06,8.6,blackbeard,0.85,4,1.8,4.73,0.619,"blackbeard 62%, jack sparrow 20%","blackbeard 54%, jack sparrow 11%",0.5379,0.141,0.244,0.244
r8_1886_dolphin,"Name a dolphin. Reply with only the name, nothing else.",0.5444,echo -> real,0.5444,echo -> real,0.5522,echo -> real,50,74,0.167,0.178,0.173,60,90,43,0.0,0.14,12.1,flipper,0.3,14,10.9,10.6,0.427,"flipper 38%, echo 23%","flipper 33%, <long> 18%",0.547,0.385,0.452,0.452
r8_1495_drink_type,"Name a drink type. Reply with only the name, nothing else.",0.5444,<long> -> bench,0.5333,iced coffee -> real,0.537,iced coffee -> real,54,72,0.1,0.189,0.153,60,90,55,0.007,0.093,10.9,cocktail,0.1,19,18.66,32.32,0.175,"water 18%, <long> 10%","<long> 19%, water 12%",0.5365,0.552,0.247,0.247
r8_0516_art_movement,"Name a type of art movement. Reply with only the name, nothing else.",0.5444,impressionism -> real,0.5444,impressionism -> real,0.546,impressionism -> real,57,85,0.05,0.056,0.053,60,90,22,0.0,0.04,8.1,surrealism,0.25,7,6.08,8.22,0.296,"impressionism 33%, surrealism 22%","impressionism 24%, surrealism 20%",0.5436,0.413,0.846,0.846
r8_0643_camera_lens,"Name a type of camera lens. Reply with only the name, nothing else.",0.5444,<long> -> bench,0.525,wide-angle lens -> real,0.5442,telephoto lens -> bench,56,76,0.067,0.156,0.12,60,90,23,0.0,0.093,11.5,telephoto lens,0.7,5,2.74,5.83,0.515,"telephoto lens 43%, wide-angle lens 22%","telephoto lens 47%, wide-angle lens 17%",0.551,0.297,0.443,0.443
r8_1257_newspaper_section,"Name a newspaper section. Reply with only the name, nothing else.",0.5444,<long> -> bench,0.5417,sports -> bench,0.5727,sports -> bench,54,73,0.1,0.189,0.153,60,90,41,0.0,0.14,11.6,sports,0.5,10,5.9,11.79,0.472,"sports 35%, <long> 10%","sports 43%, <long> 19%",0.5369,0.531,0.694,0.694
r8_0528_branch_of_science,"Name a branch of science. Reply with only the name, nothing else.",0.5444,chemistry -> bench,0.5444,chemistry -> bench,0.5574,chemistry -> bench,56,79,0.067,0.122,0.1,60,90,23,0.0,0.093,9.0,geology,0.3,8,6.83,9.56,0.281,"chemistry 20%, geology 15%","chemistry 29%, physics 19%",0.5469,0.279,0.529,0.529
r8_0649_dance,"Name a dance. Reply with only the name, nothing else.",0.5444,<long> -> bench,0.5417,waltz -> real,0.5291,waltz -> real,58,79,0.033,0.122,0.087,60,90,27,0.0,0.08,9.5,waltz,0.4,8,5.09,7.19,0.328,"waltz 35%, tango 27%","tango 29%, waltz 27%",0.5505,0.261,0.389,0.389
r8_1801_brake_type,"Name a brake type. Reply with only the name, nothing else.",0.5444,disc brake -> real,0.5444,disc brake -> real,0.5269,disc brake -> real,56,79,0.067,0.122,0.1,60,90,18,0.0,0.1,10.6,disc brake,0.75,4,2.28,3.33,0.719,"disc brake 70%, disc brakes 10%","disc brake 61%, <long> 12%",0.5311,0.2,1.024,1.024
r8_0557_lipid,"Name a lipid. Reply with only the name, nothing else.",0.5444,phospholipid -> real,0.5444,phospholipid -> real,0.5503,phospholipid -> real,53,79,0.117,0.122,0.12,60,90,32,0.0,0.093,11.9,cholesterol,0.7,5,2.67,5.78,0.652,"cholesterol 60%, <long> 12%","cholesterol 56%, <long> 12%",0.5949,0.28,1.148,1.148
r8s_0005_bread,"Suggest a type of bread. Reply with only the name, nothing else.",0.5444,<long> -> bench,0.5278,baguette -> real,0.5349,sourdough bread -> bench,58,79,0.033,0.122,0.087,60,90,23,0.0,0.067,9.8,sourdough bread,0.7,7,3.15,3.62,0.73,"sourdough bread 67%, rye bread 10%","sourdough bread 67%, <long> 12%",0.542,0.31,1.267,1.267
r8s_0084_meat,"Suggest a type of meat. Reply with only the name, nothing else.",0.5444,<long> -> bench,0.5278,bacon -> real,0.5325,bacon -> real,50,67,0.167,0.256,0.22,60,90,49,0.0,0.167,15.1,chicken,0.2,16,14.14,25.6,0.179,"<long> 17%, beef chuck roast 15%","<long> 26%, beef chuck roast 13%",0.5507,0.401,0.742,0.742
r8_0998_vehicle_type,"Name a vehicle type. Reply with only the name, nothing else.",0.5444,car -> bench,0.5444,car -> bench,0.5495,car -> bench,57,82,0.033,0.089,0.067,60,90,41,0.007,0.06,8.7,sedan,0.4,10,6.89,16.5,0.252,"sedan 20%, suv 17%","sedan 26%, car 12%",0.5463,0.389,0.429,0.429
r8_0792_decoration_type,"Name a decoration type. Reply with only the name, nothing else.",0.5444,<long> -> bench,0.525,wreath -> bench,0.5348,wreath -> bench,50,67,0.167,0.256,0.22,60,90,86,0.0,0.187,14.8,garland,0.15,18,16.96,63.73,0.103,"<long> 17%, ribbon 7%","<long> 26%, ribbon 9%",0.5379,0.633,0.44,0.475
r8s_0065_room_in_a_house,"Suggest a type of room in a house. Reply with only the name, nothing else.",0.5444,bathroom -> real,0.5444,bathroom -> real,0.5501,bathroom -> real,54,82,0.1,0.089,0.093,60,90,14,0.0,0.073,8.9,living room,0.35,7,5.52,5.02,0.434,"living room 42%, bathroom 20%","living room 38%, bedroom 23%",0.5416,0.371,0.085,0.085
r8_1302_gemstone_clarity,"Name a gemstone clarity. Reply with only the name, nothing else.",0.5444,vvs1 -> real,0.5444,vvs1 -> real,0.5702,vvs1 -> real,38,57,0.367,0.367,0.367,60,90,42,0.0,0.32,21.4,vvs1,0.2,13,11.19,24.04,0.179,"<long> 37%, vvs1 17%","<long> 37%, flawless 8%",0.5461,0.593,0.782,0.782
r8_1855_food_group,"Name a food group. Reply with only the name, nothing else.",0.5444,fruits -> real,0.5444,fruits -> real,0.5352,fruits -> real,55,75,0.083,0.167,0.133,60,90,32,0.0,0.127,11.2,dairy group,0.15,12,10.9,11.83,0.323,"fruits 33%, dairy 15%","fruits 24%, <long> 17%",0.5488,0.412,0.799,0.799
r8s_0015_winter_sport,"Suggest a type of winter sport. Reply with only the name, nothing else.",0.5444,<long> -> real,0.5361,snowboarding -> bench,0.5259,downhill skiing -> real,50,83,0.167,0.078,0.113,60,90,23,0.0,0.093,10.8,snowboarding,0.45,8,5.26,8.46,0.368,"snowboarding 28%, <long> 17%","snowboarding 36%, skiing 18%",0.5678,0.144,0.886,0.886
r8_1427_grape_wine,"Name a grape wine. Reply with only the name, nothing else.",0.5444,malbec -> bench,0.5444,malbec -> bench,0.58,malbec -> bench,38,50,0.367,0.444,0.413,60,90,53,0.0,0.273,21.2,pinot noir,0.15,16,14.77,31.35,0.205,"<long> 37%, merlot 17%","<long> 44%, malbec 9%",0.5389,0.554,0.389,0.389
r8_1990_diagram,"Name a diagram. Reply with only the name, nothing else.",0.5444,<long> -> bench,0.5361,gantt chart -> real,0.5619,gantt chart -> real,34,43,0.433,0.522,0.487,60,90,60,0.0,0.267,21.8,venn diagram,0.25,16,13.37,46.88,0.104,"<long> 43%, gantt chart 8%","<long> 52%, class diagram 4%",0.5432,0.636,0.947,0.439
r8_0564_university,"Name an university. Reply with only the name, nothing else.",0.5444,<long> -> bench,0.5444,stanford university -> real,0.5467,stanford university -> real,54,73,0.1,0.189,0.153,60,90,52,0.0,0.067,10.1,harvard university,0.5,8,4.79,24.36,0.228,"university of california, berkeley 22%, harvard university 15%","<long> 19%, university of california, berkeley 18%",0.5553,0.362,0.812,0.812
r8_0771_carrot,"Name a carrot. Reply with only the name, nothing else.",0.5444,<long> -> bench,0.525,baby carrot -> real,0.5618,carrot -> bench,52,70,0.133,0.222,0.187,60,90,45,0.0,0.147,13.4,carrot,0.15,17,15.83,8.71,0.59,"carrot 45%, <long> 13%","carrot 50%, <long> 22%",0.5472,0.409,0.183,0.183
r8_1963_legal_term,"Name a legal term. Reply with only the name, nothing else.",0.5444,<long> -> real,0.5333,tort -> real,0.5419,tort -> real,50,83,0.167,0.078,0.113,60,90,71,0.0,0.107,10.6,habeas corpus,0.15,18,16.96,52.05,0.068,"<long> 17%, tort 10%","<long> 8%, contract 7%",0.5395,0.676,0.406,0.406
r8_0920_poetic_device,"Name a poetic device. Reply with only the name, nothing else.",0.5444,<long> -> bench,0.5278,metaphor -> real,0.5218,simile -> real,58,79,0.033,0.122,0.087,60,90,15,0.0,0.08,9.3,metaphor,0.8,3,1.85,2.24,0.839,"metaphor 80%, simile 7%","metaphor 74%, <long> 12%",0.5199,0.139,0.151,0.151
r8_1933_science_fiction_device,"Name a science-fiction device. Reply with only the name, nothing else.",0.5444,wormhole -> real,0.5444,wormhole -> real,0.5494,wormhole -> real,54,81,0.1,0.1,0.1,60,90,59,0.0,0.08,10.4,teleportation device,0.25,9,6.78,23.37,0.289,"warp drive 28%, teleportation device 12%","warp drive 24%, teleportation device 13%",0.5387,0.397,0.313,0.313
r8_1920_gymnastics_event,"Name a gymnastics event. Reply with only the name, nothing else.",0.5444,floor exercise -> bench,0.5444,floor exercise -> bench,0.5552,floor exercise -> bench,53,76,0.117,0.156,0.14,60,90,41,0.0,0.133,13.4,uneven bars,0.3,10,7.51,12.11,0.403,"uneven bars 37%, <long> 12%","uneven bars 33%, floor exercise 19%",0.5418,0.363,0.236,0.236
r8_1301_game_fish,"Name a game fish. Reply with only the name, nothing else.",0.5444,trout -> real,0.5444,trout -> real,0.5531,salmon -> bench,55,76,0.083,0.156,0.127,60,90,28,0.0,0.1,9.9,salmon,0.15,15,13.42,6.21,0.534,"salmon 43%, trout 23%","salmon 49%, <long> 16%",0.5351,0.493,0.886,0.886
r8_1929_keyboard_instrument,"Name a type of keyboard instrument. Reply with only the name, nothing else.",0.5444,piano -> bench,0.5444,piano -> bench,0.5492,piano -> bench,57,85,0.05,0.056,0.053,60,90,19,0.0,0.04,7.5,piano,0.45,8,4.98,2.81,0.796,"piano 70%, pianos 7%","piano 79%, <long> 6%",0.5341,0.291,0.004,0.004
r8_0937_funeral_item,"Name a funeral item. Reply with only the name, nothing else.",0.5444,casket -> real,0.5444,casket -> real,0.521,casket -> real,58,79,0.033,0.122,0.087,60,90,26,0.0,0.08,10.2,casket,0.5,5,3.2,4.71,0.562,"casket 57%, urn 23%","casket 48%, urn 23%",0.5472,0.133,0.362,0.362
r8_1569_mode_of_transportation,"Name a mode of transportation. Reply with only the name, nothing else.",0.5444,airplane -> bench,0.5444,airplane -> bench,0.5454,airplane -> bench,54,86,0.1,0.044,0.067,60,90,27,0.0,0.053,7.1,bus,0.35,8,6.34,10.79,0.329,"bus 30%, car 12%","bus 31%, train 13%",0.5475,0.436,0.21,0.21
r8s_0074_cooking_oil,"Suggest a type of cooking oil. Reply with only the name, nothing else.",0.5444,canola oil -> bench,0.5444,canola oil -> bench,0.5499,canola oil -> bench,58,83,0.033,0.078,0.06,60,90,12,0.0,0.04,8.3,olive oil,0.45,5,3.69,4.47,0.496,"olive oil 48%, avocado oil 22%","olive oil 46%, canola oil 16%",0.5535,0.297,0.593,0.593
r8_0767_lens,"Name a type of lens. Reply with only the name, nothing else.",0.5444,convex lens -> bench,0.5444,convex lens -> bench,0.5535,convex lens -> bench,53,76,0.117,0.156,0.14,60,90,42,0.0,0.113,12.6,telephoto lens,0.55,9,4.99,18.3,0.287,"telephoto lens 28%, <long> 12%","telephoto lens 22%, <long> 16%",0.5675,0.472,0.603,0.603
r8_0760_childhood_game,"Name a childhood game. Reply with only the name, nothing else.",0.5444,red rover -> bench,0.5444,red rover -> bench,0.5624,red rover -> bench,51,71,0.15,0.211,0.187,60,90,19,0.0,0.133,12.8,hide and seek,0.2,10,8.12,7.31,0.238,"hide-and-seek 23%, hide and seek 22%","red rover 22%, <long> 21%",0.5451,0.395,0.361,0.361
r8s_0255_grass,"Suggest a type of grass. Reply with only the name, nothing else.",0.5444,buffalo grass -> real,0.5444,buffalo grass -> real,0.5537,buffalo grass -> real,50,79,0.167,0.122,0.14,60,90,37,0.0,0.093,11.8,bermuda grass,0.2,11,9.09,15.15,0.248,"kentucky bluegrass 18%, bermuda grass 18%","kentucky bluegrass 23%, bermuda grass 16%",0.5479,0.39,0.21,0.21
r8s_0760_childhood_game,"Suggest a type of childhood game. Reply with only the name, nothing else.",0.5444,hide and seek -> real,0.5444,hide and seek -> real,0.5484,hide and seek -> real,53,78,0.117,0.133,0.127,60,90,34,0.0,0.093,12.2,hide-and-seek,0.45,9,5.64,12.55,0.252,"hide-and-seek 27%, hide and seek 27%","hide-and-seek 19%, hide and seek 18%",0.5323,0.53,0.013,0.013
r8_0591_tissue,"Name a tissue. Reply with only the name, nothing else.",0.5444,facial tissue -> real,0.5444,facial tissue -> real,0.5648,facial tissue -> real,41,60,0.317,0.333,0.327,60,90,57,0.0,0.267,19.8,muscle tissue,0.5,10,5.9,39.21,0.099,"<long> 32%, facial tissue 10%","<long> 33%, brain tissue 8%",0.6041,0.412,1.341,1.341
r8_1755_country_in_europe,"Name a country in europe. Reply with only the name, nothing else.",0.5444,france -> bench,0.5444,france -> bench,0.5556,france -> bench,57,83,0.05,0.078,0.067,60,90,10,0.0,0.047,7.0,france,0.5,4,3.13,3.62,0.557,"france 47%, italy 20%","france 56%, germany 16%",0.5308,0.423,0.189,0.189
r8_0949_seal_relative,"Name a seal relative. Reply with only the name, nothing else.",0.5444,<long> -> bench,0.5111,sea lions -> real,0.5147,sea lions -> real,42,55,0.3,0.389,0.353,60,90,76,0.0,0.293,21.1,sea lion,0.4,8,5.09,57.97,0.124,"<long> 30%, sea lion 8%","<long> 39%, sea lion 8%",0.5306,0.637,0.245,0.337
r8_1802_solder,"Name a solder. Reply with only the name, nothing else.",0.5444,tin-lead solder -> bench,0.5444,tin-lead solder -> bench,0.5625,tin-lead solder -> bench,42,64,0.3,0.289,0.293,60,90,81,0.0,0.233,18.7,oliver morton,0.05,20,20.0,67.07,0.075,"<long> 30%, tin 5%","<long> 29%, tin-lead solder 9%",0.5757,0.574,1.018,1.037
r8_1289_park_feature,"Name a type of park feature. Reply with only the name, nothing else.",0.5444,<long> -> bench,0.5389,park bench -> bench,0.5522,park bench -> bench,50,67,0.167,0.256,0.22,60,90,36,0.0,0.213,14.6,playground,0.55,10,5.35,12.32,0.436,"playground 38%, <long> 17%","playground 31%, <long> 26%",0.5345,0.453,0.262,0.262
r8s_0191_herb,"Suggest a type of herb. Reply with only the name, nothing else.",0.5444,rosemary -> real,0.5444,rosemary -> real,0.5357,rosemary -> real,56,77,0.067,0.144,0.113,60,90,28,0.0,0.093,10.0,rosemary,0.4,8,5.74,11.32,0.316,"rosemary 33%, mint 15%","rosemary 24%, <long> 14%",0.546,0.507,0.287,0.287
r8s_0176_letter_of_the_alphabet,"Suggest a type of letter of the alphabet. Reply with only the name, nothing else.",0.5444,q -> real,0.5444,q -> real,0.5631,q -> real,42,60,0.283,0.333,0.313,60,90,44,0.007,0.213,16.0,e,0.15,16,14.38,29.5,0.098,"<long> 28%, q 10%","<long> 33%, a 7%",0.542,0.613,0.764,0.837
r8_0712_fish,"Name a fish. Reply with only the name, nothing else.",0.5444,goldfish -> real,0.5444,goldfish -> real,0.5572,salmon -> bench,57,81,0.05,0.1,0.08,60,90,20,0.0,0.073,8.6,salmon,0.7,6,2.94,4.01,0.681,"salmon 58%, goldfish 10%","salmon 66%, <long> 10%",0.5367,0.268,0.356,0.356
r8_1818_unit_of_pressure,"Name an unit of pressure. Reply with only the name, nothing else.",0.5444,<long> -> real,0.5444,pascal -> bench,0.53,pascals unit -> real,50,83,0.167,0.078,0.113,60,90,20,0.0,0.073,8.7,pascal,0.85,4,1.8,3.57,0.737,"pascal 60%, <long> 17%","pascal 69%, <long> 8%",0.5295,0.21,0.195,0.195
r8_0720_form_of_media,"Name a form of media. Reply with only the name, nothing else.",0.5444,newspaper -> bench,0.5444,newspaper -> bench,0.5526,newspaper -> bench,51,76,0.15,0.156,0.153,60,90,49,0.0,0.147,12.8,television,0.35,10,7.16,23.41,0.244,"image 18%, <long> 15%","image 22%, <long> 16%",0.5669,0.447,0.506,0.546
r8_0739_tableware_item,"Name a tableware item. Reply with only the name, nothing else.",0.5444,fork -> real,0.5444,fork -> real,0.546,fork -> real,58,87,0.033,0.033,0.033,60,90,26,0.0,0.027,6.2,fork,0.5,9,5.36,9.57,0.29,"fork 33%, plate 18%","plate 26%, fork 24%",0.5453,0.423,0.346,0.346
r8s_0122_body_of_water,"Suggest a type of body of water. Reply with only the name, nothing else.",0.5444,<long> -> bench,0.5389,ocean -> real,0.5313,ocean -> real,60,82,0.0,0.089,0.053,60,90,22,0.0,0.04,7.1,lake,0.6,7,3.82,6.47,0.479,"lake 45%, ocean 23%","lake 46%, ocean 16%",0.5332,0.369,0.052,0.052
r8_0746_musical_note_duration,"Name a musical note duration. Reply with only the name, nothing else.",0.5444,quarter note -> real,0.5444,quarter note -> real,0.5537,quarter note -> real,50,76,0.167,0.156,0.16,60,90,43,0.0,0.107,11.7,whole note,0.5,8,5.14,18.73,0.278,"whole note 25%, <long> 17%","whole note 22%, <long> 16%",0.5325,0.726,0.486,0.486
r8_1832_prehistoric_creature,"Name a type of prehistoric creature. Reply with only the name, nothing else.",0.5444,pterodactyl -> real,0.5444,pterodactyl -> real,0.5478,stegosaurus -> bench,56,78,0.067,0.133,0.107,60,90,48,0.0,0.093,11.0,stegosaurus,0.3,13,10.17,24.74,0.216,"stegosaurus 15%, mammoth 10%","stegosaurus 22%, <long> 13%",0.5403,0.565,0.398,0.398
r8_0990_caviar,"Name a caviar. Reply with only the name, nothing else.",0.5444,beluga -> bench,0.5444,beluga -> bench,0.5555,beluga -> bench,55,78,0.083,0.133,0.113,60,90,32,0.0,0.08,11.1,beluga caviar,0.75,5,2.45,7.09,0.504,"beluga caviar 50%, beluga 13%","beluga caviar 41%, beluga 22%",0.549,0.349,0.525,0.525
r8s_0798_food,"Suggest a type of food. Reply with only the name, nothing else.",0.5444,apple -> bench,0.5444,apple -> bench,0.583,apple -> bench,37,50,0.367,0.444,0.413,60,90,49,0.007,0.193,15.8,pizza,0.2,14,11.49,33.55,0.149,"<long> 37%, pizza 5%","<long> 44%, apple 12%",0.5719,0.495,0.909,0.909
r8_0536_rapper,"Name a rapper. Reply with only the name, nothing else.",0.5444,<long> -> bench,0.5222,kanye west -> real,0.5233,kanye west -> real,54,73,0.1,0.189,0.153,60,90,30,0.0,0.127,11.9,kendrick lamar,0.25,9,6.78,10.08,0.417,"drake 37%, eminem 10%","drake 34%, <long> 19%",0.5507,0.467,0.741,0.741
r8_1265_thread,"Name a thread. Reply with only the name, nothing else.",0.5444,<long> -> real,0.5167,main -> bench,0.5319,main -> bench,26,47,0.567,0.478,0.513,60,90,67,0.0,0.367,24.6,advanced pattern pursuit,0.05,20,20.0,62.55,0.041,"<long> 57%, invitation review thread 2%","<long> 48%, main 3%",0.5437,0.653,0.829,0.797
r8_0279_wetland,"Name a wetland. Reply with only the name, nothing else.",0.5444,everglades -> real,0.5444,everglades -> real,0.5517,everglades -> real,46,66,0.233,0.267,0.253,60,90,54,0.0,0.193,16.4,everglades,0.4,11,7.38,21.49,0.33,"everglades 30%, <long> 23%","<long> 27%, everglades 21%",0.5451,0.543,0.345,0.345
r8_0056_literary_genre,"Name a literary genre. Reply with only the name, nothing else.",0.5444,thriller -> bench,0.5444,thriller -> bench,0.552,thriller -> bench,54,78,0.1,0.133,0.12,60,90,39,0.0,0.12,10.7,horror,0.2,12,9.74,18.96,0.159,"fantasy 17%, science fiction 12%","<long> 13%, thriller 12%",0.5422,0.552,0.263,0.263
r8s_1424_shade_of_red,"Suggest a type of shade of red. Reply with only the name, nothing else.",0.5444,brick red -> real,0.5444,brick red -> real,0.5471,brick red -> real,56,77,0.067,0.144,0.113,60,90,42,0.0,0.087,10.8,crimson,0.6,8,4.2,16.99,0.331,"crimson 33%, burgundy 12%","crimson 27%, <long> 14%",0.5424,0.505,0.356,0.356
r8_1224_marionette,"Name a marionette. Reply with only the name, nothing else.",0.5444,<long> -> bench,0.5361,pinocchio -> real,0.5357,kermit -> bench,52,70,0.133,0.222,0.187,60,90,96,0.0,0.147,13.8,pinocchio,0.35,13,9.44,65.36,0.172,"pinocchio 18%, <long> 13%","<long> 22%, pinocchio 11%",0.5349,0.6,0.341,0.341
r8_1219_hospital_department,"Name a type of hospital department. Reply with only the name, nothing else.",0.5444,emergency department -> bench,0.5444,emergency department -> bench,0.5768,emergency department -> bench,54,74,0.1,0.178,0.147,60,90,27,0.0,0.133,12.6,emergency department,0.5,7,4.47,6.03,0.57,"emergency department 43%, emergency room 15%","emergency department 52%, <long> 18%",0.5344,0.329,0.649,0.649
r8s_1311_gnome,"Suggest a type of gnome. Reply with only the name, nothing else.",0.5444,<long> -> bench,0.5333,gnome -> bench,0.5411,gnome -> bench,54,73,0.1,0.189,0.153,60,90,82,0.0,0.113,12.7,garden gnome,0.2,15,12.85,48.52,0.142,"garden gnome 15%, flower gnome 12%","<long> 19%, garden gnome 10%",0.547,0.541,0.3,0.3
r8s_1207_bearing,"Suggest a type of bearing. Reply with only the name, nothing else.",0.5444,ball bearing -> bench,0.5444,ball bearing -> bench,0.5417,ball bearing -> bench,54,84,0.1,0.067,0.08,60,90,32,0.0,0.06,10.0,ball bearing,0.4,9,5.82,11.65,0.384,"ball bearing 30%, deep groove ball bearing 15%","ball bearing 39%, deep groove ball bearing 9%",0.5366,0.531,0.108,0.108
r8_0276_snow,"Name a snow. Reply with only the name, nothing else.",0.5444,<long> -> bench,0.5278,powder snow -> bench,0.5373,powder snow -> bench,50,67,0.167,0.256,0.22,60,90,83,0.0,0.18,14.6,snowflake,0.15,16,14.77,58.35,0.154,"<long> 17%, snow 12%","<long> 26%, snow 12%",0.5394,0.65,0.24,0.24
r8_1458_animal_phylum,"Name an animal phylum. Reply with only the name, nothing else.",0.5444,<long> -> bench,0.5222,chordata -> real,0.5156,mollusca -> bench,58,79,0.033,0.122,0.087,60,90,24,0.0,0.08,9.4,arthropoda,0.35,7,5.13,6.2,0.387,"arthropoda 37%, chordata 30%","arthropoda 34%, chordata 26%",0.5462,0.198,0.28,0.28
r8_0327_whale,"Name a whale. Reply with only the name, nothing else.",0.5444,<long> -> bench,0.525,moby dick -> real,0.5286,moby dick -> real,48,64,0.2,0.289,0.253,60,90,47,0.0,0.207,16.7,humpback whale,0.2,14,11.99,17.97,0.312,"humpback whale 25%, <long> 20%","<long> 29%, humpback whale 22%",0.553,0.395,0.387,0.387
r8s_1266_sports_official,"Suggest a type of sports official. Reply with only the name, nothing else.",0.5444,umpire -> bench,0.5444,umpire -> bench,0.55,umpire -> bench,60,85,0.0,0.056,0.033,60,90,20,0.0,0.033,7.1,referee,0.55,5,3.12,3.4,0.697,"referee 67%, umpire 10%","referee 68%, umpire 19%",0.5361,0.286,0.749,0.749
r8s_1176_lake_color,"Suggest a type of lake color. Reply with only the name, nothing else.",0.5444,<long> -> bench,0.5361,green -> bench,0.5558,green -> bench,46,60,0.233,0.322,0.287,60,90,56,0.007,0.213,17.1,blue-green,0.1,17,16.25,36.17,0.094,"<long> 23%, turquoise 8%","<long> 32%, green 9%",0.5434,0.612,1.255,1.255
r8_1654_cable,"Name a cable. Reply with only the name, nothing else.",0.5444,hdmi cable -> real,0.5444,hdmi cable -> real,0.55,usb cable -> bench,45,60,0.25,0.333,0.3,60,90,58,0.0,0.2,18.4,hdmi cable,0.7,5,2.67,26.42,0.257,"<long> 25%, hdmi cable 23%","<long> 33%, hdmi cable 14%",0.57,0.469,0.413,0.413
r8s_1169_type_of_bread,"Suggest a type of type of bread. Reply with only the name, nothing else.",0.5444,sourdough bread -> real,0.5444,sourdough bread -> real,0.5405,rye bread -> real,58,81,0.033,0.1,0.073,60,90,26,0.0,0.067,10.5,sourdough bread,0.45,9,5.89,4.67,0.662,"sourdough bread 67%, rye bread 15%","sourdough bread 58%, <long> 10%",0.5539,0.356,1.435,1.435
r8_0169_ghost,"Name a ghost. Reply with only the name, nothing else.",0.5444,casper -> bench,0.5444,casper -> bench,0.552,casper -> bench,44,69,0.267,0.222,0.24,60,90,72,0.007,0.187,15.2,casper,0.45,11,6.94,30.52,0.336,"<long> 27%, casper 20%","casper 29%, <long> 22%",0.5296,0.638,0.396,0.4
r8s_1220_neurotransmitter,"Suggest a type of neurotransmitter. Reply with only the name, nothing else.",0.5444,gaba -> bench,0.5444,gaba -> bench,0.55,gaba -> bench,56,80,0.067,0.111,0.093,60,90,10,0.0,0.08,10.0,dopamine,0.75,6,2.62,2.98,0.699,"dopamine 65%, serotonin 15%","dopamine 62%, <long> 11%",0.5707,0.28,1.613,1.613
r8_0298_writing_system,"Name a writing system. Reply with only the name, nothing else.",0.5444,<long> -> bench,0.5194,chinese -> real,0.5286,arabic -> bench,48,64,0.2,0.289,0.253,60,90,55,0.0,0.207,16.0,braille,0.1,17,16.25,33.41,0.161,"<long> 20%, latin 12%","<long> 29%, latin 12%",0.5364,0.538,0.403,0.403
r8_0055_mollusk,"Name a mollusk. Reply with only the name, nothing else.",0.5444,oyster -> real,0.5444,oyster -> real,0.5466,oyster -> real,51,68,0.15,0.233,0.2,60,90,43,0.007,0.16,14.3,octopus,0.3,10,7.71,20.46,0.202,"snail 20%, oyster 17%","<long> 23%, snail 13%",0.557,0.387,0.645,0.645
r8_0165_space_mission,"Name a space mission. Reply with only the name, nothing else.",0.5444,apollo 11 mission -> real,0.5444,apollo 11 mission -> real,0.5534,apollo 11 mission -> real,47,63,0.217,0.3,0.267,60,90,65,0.0,0.173,17.5,apollo 11,0.3,14,10.9,45.12,0.109,"<long> 22%, apollo 11 mission 13%","<long> 30%, cassini-huygens 6%",0.5543,0.544,0.628,0.628
r8s_1529_film_production_role,"Suggest a type of film production role. Reply with only the name, nothing else.",0.5444,director of photography -> real,0.5444,director of photography -> real,0.5488,director of photography -> real,54,79,0.1,0.122,0.113,60,90,33,0.0,0.093,10.2,production designer,0.15,12,10.9,17.56,0.143,"director of photography 13%, producer 13%","cinematographer 16%, <long> 12%",0.5449,0.453,0.509,0.509
r8_0136_amusement_park_ride,"Name an amusement park ride. Reply with only the name, nothing else.",0.5444,incredible hulk coaster -> real,0.5444,incredible hulk coaster -> real,0.5644,incredible hulk coaster -> real,41,57,0.317,0.367,0.347,60,90,61,0.0,0.233,18.7,haunted mansion,0.1,18,17.41,43.77,0.102,"<long> 32%, incredible hulk coaster 10%","<long> 37%, space mountain 8%",0.5477,0.393,0.652,0.652
r8_0173_toy,"Name a toy. Reply with only the name, nothing else.",0.5444,mr. potato head -> bench,0.5444,mr. potato head -> bench,0.5588,mr. potato head -> bench,48,68,0.2,0.244,0.227,60,90,45,0.0,0.147,14.2,teddy bear,0.3,10,8.05,19.12,0.25,"teddy bear 23%, <long> 20%","<long> 24%, teddy bear 17%",0.558,0.402,0.629,0.629
r8s_1934_slipper,"Suggest a type of slipper. Reply with only the name, nothing else.",0.5444,<long> -> bench,0.5222,memory foam slipper -> real,0.526,memory foam slipper -> real,48,64,0.2,0.289,0.253,60,90,91,0.0,0.173,16.8,moccasin slipper,0.1,18,17.41,75.0,0.08,"<long> 20%, memory foam slipper 7%","<long> 29%, memory foam slippers 7%",0.5314,0.777,0.372,0.372
r8_1235_prehistoric_mammal,"Name a prehistoric mammal. Reply with only the name, nothing else.",0.5444,woolly mammoth -> bench,0.5444,woolly mammoth -> bench,0.5502,woolly mammoth -> bench,54,80,0.1,0.111,0.107,60,90,36,0.0,0.107,11.5,smilodon,0.25,12,9.62,18.49,0.127,"<long> 10%, mammuthus 10%","mammuthus 12%, woolly mammoth 12%",0.5478,0.25,0.422,0.422
r8_0053_nocturnal_animal,"Name a nocturnal animal. Reply with only the name, nothing else.",0.5444,opossum -> bench,0.5444,opossum -> bench,0.5559,opossum -> bench,58,79,0.033,0.122,0.087,60,90,26,0.0,0.073,8.9,owl,0.7,5,2.67,5.66,0.555,"owl 55%, bat 12%","owl 48%, opossum 19%",0.5563,0.305,0.605,0.605
r8_1606_crab,"Name a crab. Reply with only the name, nothing else.",0.5444,king crab -> bench,0.5444,king crab -> bench,0.5556,king crab -> bench,52,72,0.133,0.189,0.167,60,90,76,0.007,0.147,13.0,dungeness crab,0.25,13,10.58,53.65,0.081,"<long> 13%, pinchy 5%","<long> 19%, king crab 9%",0.5583,0.579,0.801,0.801
r8_1240_social_institution,"Name a social institution. Reply with only the name, nothing else.",0.5444,marriage -> real,0.5444,marriage -> real,0.5539,marriage -> real,48,68,0.2,0.244,0.227,60,90,56,0.0,0.12,12.7,marriage,0.3,7,5.17,35.1,0.112,"<long> 20%, marriage 13%","<long> 24%, family 11%",0.5538,0.444,0.429,0.429
r8_1588_narrative_structure,"Name a type of narrative structure. Reply with only the name, nothing else.",0.5444,<long> -> bench,0.5167,chronological structure -> real,0.5214,in medias res -> bench,52,70,0.133,0.222,0.187,60,90,49,0.0,0.167,15.1,flashback,0.2,12,10.0,28.29,0.164,"linear narrative structure 13%, <long> 13%","<long> 22%, linear narrative structure 13%",0.5498,0.425,0.641,0.641
r8s_1794_odor,"Suggest a type of odor. Reply with only the name, nothing else.",0.5444,lavender -> real,0.5444,lavender -> real,0.5452,lavender -> real,57,80,0.05,0.111,0.087,60,90,94,0.0,0.073,9.1,floral,0.1,19,18.66,68.26,0.088,"lavender 13%, <long> 5%","<long> 11%, floral 9%",0.5411,0.662,0.285,0.285
r8_0058_seafood,"Name a seafood. Reply with only the name, nothing else.",0.5444,shrimp -> real,0.5444,shrimp -> real,0.5517,shrimp -> real,51,76,0.133,0.156,0.147,60,90,20,0.007,0.127,11.2,salmon,0.65,3,2.21,3.82,0.63,"salmon 48%, shrimp 23%","salmon 57%, <long> 16%",0.5384,0.359,0.591,0.591
r8_0088_baking_ingredient,"Name a baking ingredient. Reply with only the name, nothing else.",0.5444,sugar -> real,0.5444,sugar -> real,0.5394,sugar -> real,58,80,0.033,0.111,0.08,60,90,21,0.0,0.08,8.5,all-purpose flour,0.25,11,8.98,7.79,0.37,"flour 32%, sugar 23%","flour 36%, sugar 14%",0.5581,0.273,0.592,0.592
r8_1613_chicken_breed,"Name a chicken breed. Reply with only the name, nothing else.",0.5444,<long> -> bench,0.5417,cornish cross -> real,0.5593,rhode island red -> bench,50,67,0.167,0.256,0.22,60,90,45,0.0,0.167,15.3,rhode island red,0.3,10,7.29,19.21,0.248,"<long> 17%, rhode island red 15%","<long> 26%, rhode island red 22%",0.5405,0.614,0.476,0.476
r8s_1514_fortified_wine,"Suggest a type of fortified wine. Reply with only the name, nothing else.",0.5444,<long> -> real,0.5167,porto wine -> bench,0.5319,porto wine -> bench,26,47,0.567,0.478,0.513,60,90,51,0.0,0.36,24.6,port wine,0.45,11,6.94,32.34,0.233,"<long> 57%, port wine 12%","<long> 48%, port wine 11%",0.5628,0.594,0.567,0.567
r8_0133_sushi_roll,"Name a sushi roll. Reply with only the name, nothing else.",0.5444,philadelphia roll -> real,0.5444,philadelphia roll -> real,0.5492,philadelphia roll -> real,53,76,0.117,0.156,0.14,60,90,21,0.0,0.087,10.4,california roll,0.45,6,4.22,6.23,0.496,"california roll 40%, philadelphia roll 13%","california roll 44%, spicy tuna roll 17%",0.5431,0.244,0.378,0.378
r8s_1568_cloud_cover,"Suggest a type of cloud cover. Reply with only the name, nothing else.",0.5444,cumulus clouds -> bench,0.5444,cumulus clouds -> bench,0.5606,cumulus clouds -> bench,49,69,0.183,0.233,0.213,60,90,52,0.0,0.187,17.1,cumulus clouds,0.15,17,15.83,31.39,0.153,"<long> 18%, stratus cloud cover 8%","<long> 23%, cumulus clouds 16%",0.5376,0.541,0.25,0.25
r8s_1516_leather,"Suggest a type of leather. Reply with only the name, nothing else.",0.5444,<long> -> bench,0.5361,aniline leather -> bench,0.5437,aniline leather -> bench,56,76,0.067,0.156,0.12,60,90,45,0.0,0.093,11.8,full-grain leather,0.2,14,12.31,16.7,0.348,"full-grain leather 30%, suede 12%","full-grain leather 31%, <long> 16%",0.5312,0.65,0.184,0.184
r8_0301_butter,"Name a butter. Reply with only the name, nothing else.",0.5444,<long> -> real,0.5222,butter -> bench,0.5308,butter -> bench,38,65,0.367,0.278,0.313,60,90,84,0.0,0.2,17.8,kerrygold,0.15,17,15.83,71.85,0.078,"<long> 37%, kerrygold 3%","<long> 28%, kerrygold 7%",0.5386,0.641,0.408,0.408
r8_0938_taxi_service,"Name a taxi service. Reply with only the name, nothing else.",0.5444,uber -> real,0.5444,uber -> real,0.5321,lyft -> bench,58,81,0.033,0.1,0.073,60,90,32,0.0,0.06,8.4,uber,0.7,7,3.15,4.69,0.698,"uber 70%, lyft 3%","uber 61%, <long> 10%",0.5326,0.228,0.343,0.343
r8_1687_star_pattern,"Name a star pattern. Reply with only the name, nothing else.",0.5444,<long> -> bench,0.5333,ursa major -> bench,0.5554,ursa major -> bench,45,58,0.233,0.322,0.287,60,90,57,0.027,0.227,19.0,orions belt,0.3,8,6.18,25.12,0.282,"<long> 23%, big dipper 18%","<long> 32%, big dipper 20%",0.5471,0.468,0.34,0.412
r8s_0604_texture,"Suggest a type of texture. Reply with only the name, nothing else.",0.5444,<long> -> bench,0.5333,velvet -> real,0.5385,velvet -> real,52,70,0.133,0.222,0.187,60,90,90,0.0,0.147,13.8,smooth,0.25,14,11.64,72.77,0.057,"<long> 13%, velvet 7%","<long> 22%, concrete 6%",0.5396,0.639,0.519,0.519
r8_1455_art_technique,"Name an art technique. Reply with only the name, nothing else.",0.5444,collage -> real,0.5444,collage -> real,0.5534,collage -> real,50,76,0.167,0.156,0.16,60,90,74,0.0,0.08,12.1,collage,0.1,19,18.66,49.58,0.119,"<long> 17%, collage 10%","<long> 16%, sgraffito 10%",0.5374,0.708,0.324,0.324
r8_1128_banjo,"Name a banjo. Reply with only the name, nothing else.",0.5444,<long> -> bench,0.5167,bluegrass banjo -> real,0.5263,bluegrass banjo -> real,38,48,0.367,0.456,0.42,60,90,69,0.007,0.287,22.5,earl scruggs banjo,0.2,15,13.2,55.41,0.105,"<long> 37%, earl scruggs banjo 7%","<long> 46%, earl scruggs banjo 6%",0.5945,0.472,0.691,0.691
r8s_0868_road_feature,"Suggest a type of road feature. Reply with only the name, nothing else.",0.5444,roundabout -> real,0.5444,roundabout -> real,0.543,roundabout -> real,54,75,0.1,0.167,0.14,60,90,66,0.0,0.127,11.8,roundabout,0.25,13,10.14,35.23,0.209,"roundabout 23%, <long> 10%","<long> 17%, roundabout 14%",0.5458,0.475,0.28,0.295
r8_0413_ice_cream_topping,"Name a type of ice cream topping. Reply with only the name, nothing else.",0.5444,chocolate sauce -> real,0.5444,chocolate sauce -> real,0.5622,chocolate chips -> bench,53,73,0.117,0.189,0.16,60,90,22,0.0,0.113,11.6,chocolate sauce,0.45,8,5.26,5.47,0.468,"chocolate chips 35%, chocolate sauce 30%","chocolate chips 42%, chocolate sauce 21%",0.5283,0.199,0.002,0.002
r8_0362_mineral,"Name a mineral. Reply with only the name, nothing else.",0.5444,<long> -> bench,0.5417,quartz -> real,0.5379,quartz -> real,58,79,0.033,0.122,0.087,60,90,41,0.0,0.073,9.1,quartz,0.4,10,6.6,23.44,0.146,"quartz 18%, diamond 12%","<long> 12%, diamond 11%",0.5423,0.48,0.476,0.468
r8s_1041_giant,"Suggest a type of giant. Reply with only the name, nothing else.",0.5444,<long> -> bench,0.5167,gentle giant -> real,0.5286,cloud giant -> bench,48,64,0.2,0.289,0.253,60,90,81,0.0,0.167,16.0,cloud giant,0.6,8,4.2,54.65,0.179,"<long> 20%, cloud giant 12%","<long> 29%, cloud giant 14%",0.5366,0.691,0.418,0.418
r8s_1029_nail_product,"Suggest a type of nail product. Reply with only the name, nothing else.",0.5444,gel polish remover -> real,0.5444,gel polish remover -> real,0.5565,gel polish remover -> real,47,68,0.217,0.244,0.233,60,90,42,0.0,0.12,14.4,nail polish remover,0.35,12,8.58,16.66,0.278,"<long> 22%, gel nail polish 18%","<long> 24%, gel nail polish 23%",0.5521,0.275,0.367,0.367
r8s_1061_castle_part,"Suggest a type of castle part. Reply with only the name, nothing else.",0.5444,gatehouse -> bench,0.5444,gatehouse -> bench,0.5497,gatehouse -> bench,56,83,0.067,0.078,0.073,60,90,44,0.0,0.067,9.3,gatehouse,0.3,11,7.81,16.45,0.309,"gatehouse 23%, moat 15%","gatehouse 32%, moat 11%",0.5415,0.499,0.541,0.541
r8s_0967_hygiene_product,"Suggest a type of hygiene product. Reply with only the name, nothing else.",0.5444,hand sanitizer -> bench,0.5444,hand sanitizer -> bench,0.5304,hand sanitizer -> bench,53,84,0.117,0.067,0.087,60,90,27,0.0,0.067,9.8,hand sanitizer,0.4,11,7.38,4.56,0.679,"hand sanitizer 57%, <long> 12%","hand sanitizer 66%, hand soap 9%",0.5271,0.231,0.478,0.478
r8_0370_razor,"Name a razor. Reply with only the name, nothing else.",0.5444,<long> -> bench,0.5222,gillette -> real,0.5306,gillette mach3 turbo -> bench,38,49,0.367,0.456,0.42,60,90,58,0.0,0.313,22.9,gillette,0.25,13,10.58,34.6,0.241,"<long> 37%, gillette 17%","<long> 46%, gillette 12%",0.5377,0.455,0.265,0.265
r8s_1046_tisane,"Suggest a type of tisane. Reply with only the name, nothing else.",0.5444,rooibos tisane -> bench,0.5444,rooibos tisane -> bench,0.5614,rooibos tisane -> bench,50,69,0.167,0.233,0.207,60,90,51,0.0,0.1,13.7,rooibos tisane,0.15,15,13.42,25.81,0.185,"<long> 17%, chamomile tisane 15%","<long> 23%, rooibos tisane 16%",0.5458,0.599,0.358,0.358
r8_0335_cheese,"Name a cheese. Reply with only the name, nothing else.",0.5444,cheddar -> real,0.5444,cheddar -> real,0.5364,brie -> real,57,80,0.05,0.111,0.087,60,90,26,0.0,0.08,9.2,cheddar,0.55,8,4.54,8.53,0.489,"cheddar 50%, brie 12%","cheddar 41%, <long> 11%",0.5357,0.445,0.497,0.497
r8s_0879_cereal,"Suggest a type of cereal. Reply with only the name, nothing else.",0.5444,<long> -> bench,0.5444,honey nut cheerios -> real,0.5386,honey nut cheerios -> real,54,73,0.1,0.189,0.153,60,90,49,0.0,0.133,12.8,honey nut cheerios,0.5,9,5.36,15.36,0.299,"honey nut cheerios 27%, cheerios 23%","cheerios 27%, <long> 19%",0.5524,0.429,0.275,0.284
r8_0436_nut,"Name a nut. Reply with only the name, nothing else.",0.5444,almond -> real,0.5444,almond -> real,0.5395,almond -> real,52,72,0.117,0.2,0.167,60,90,36,0.007,0.153,13.1,almond,0.7,7,3.15,14.0,0.339,"almond 33%, <long> 12%","almond 24%, <long> 20%",0.545,0.409,0.423,0.423
r8s_0834_astronomical_instrumen,"Suggest a type of astronomical instrument. Reply with only the name, nothing else.",0.5444,telescope -> real,0.5444,telescope -> real,0.5457,telescope -> real,53,76,0.117,0.156,0.14,60,90,56,0.0,0.087,11.1,telescope,0.6,9,4.5,24.38,0.248,"telescope 27%, <long> 12%","telescope 18%, <long> 16%",0.5813,0.44,0.743,0.743
r8s_0115_acid,"Suggest a type of acid. Reply with only the name, nothing else.",0.5417,sulfuric acid -> real,0.5417,sulfuric acid -> real,0.5407,sulfuric acid -> real,57,83,0.05,0.078,0.067,60,90,22,0.0,0.067,9.7,sulfuric acid,0.35,7,5.36,8.75,0.25,"sulfuric acid 28%, hydrochloric acid 23%","sulfuric acid 20%, acetic acid 19%",0.5451,0.319,0.272,0.272
r8_0751_tap_dance_step,"Name a tap dance step. Reply with only the name, nothing else.",0.5417,shuffle step -> real,0.5417,shuffle step -> real,0.5421,shuffle step -> real,58,82,0.033,0.089,0.067,60,90,58,0.0,0.047,9.0,shuffle,0.4,11,7.58,25.83,0.193,"shuffle 22%, shuffle ball change 13%","shuffle 16%, shuffle ball change 13%",0.5538,0.239,0.487,0.487
r8s_1701_canvas,"Suggest a type of canvas. Reply with only the name, nothing else.",0.5417,<long> -> bench,0.5333,stretched canvas -> real,0.5435,stretched canvas -> real,43,57,0.283,0.367,0.333,60,90,69,0.0,0.18,17.3,stretched canvas,0.25,16,13.37,46.0,0.16,"<long> 28%, canvas 10%","<long> 37%, canvas 11%",0.5655,0.544,0.499,0.528
r8_0786_bird_call,"Name a bird call. Reply with only the name, nothing else.",0.5417,northern cardinal -> real,0.5417,northern cardinal -> real,0.5477,northern cardinal -> real,45,62,0.25,0.311,0.287,60,90,63,0.0,0.233,18.3,northern cardinal,0.25,14,11.64,34.93,0.234,"<long> 25%, northern cardinal 22%","<long> 31%, northern cardinal 13%",0.5367,0.421,0.084,0.084
r8_1979_oil_machine,"Name an oil machine. Reply with only the name, nothing else.",0.5417,<long> -> bench,0.5083,air compressor -> real,0.5158,oil machine -> bench,37,48,0.383,0.467,0.433,60,90,73,0.0,0.287,23.1,oil machine,0.1,19,18.66,56.49,0.153,"<long> 38%, oil machine 8%","<long> 47%, oil machine 9%",0.5303,0.72,0.207,0.207
r8_0805_cooking_vessel,"Name a cooking vessel. Reply with only the name, nothing else.",0.5417,cast iron skillet -> bench,0.5417,cast iron skillet -> bench,0.5472,cast iron skillet -> bench,55,80,0.083,0.111,0.1,60,90,35,0.0,0.08,10.0,saucepan,0.3,10,7.29,14.63,0.185,"dutch oven 18%, saucepan 18%","dutch oven 16%, saucepan 16%",0.5517,0.395,0.938,0.938
r8_0655_textile,"Name a textile. Reply with only the name, nothing else.",0.5417,silk -> real,0.5417,silk -> real,0.5461,silk -> real,53,78,0.117,0.133,0.127,60,90,43,0.0,0.08,10.1,silk,0.3,9,6.37,13.01,0.321,"linen 27%, silk 18%","linen 29%, cotton 17%",0.5525,0.369,0.351,0.351
r8s_1655_file_format,"Suggest a type of file format. Reply with only the name, nothing else.",0.5417,pdf -> real,0.5417,pdf -> real,0.5575,pdf -> real,48,77,0.2,0.144,0.167,60,90,58,0.0,0.12,11.1,pdf,0.3,10,7.84,24.3,0.2,"pdf 22%, <long> 20%","json 17%, <long> 14%",0.547,0.314,0.538,0.589
r8_1377_celestial_body_type,"Name a celestial body type. Reply with only the name, nothing else.",0.5417,<long> -> bench,0.5333,star -> real,0.5302,star -> real,56,78,0.05,0.133,0.1,60,90,31,0.007,0.093,9.5,comet,0.2,9,7.58,11.78,0.306,"asteroid 27%, star 20%","asteroid 28%, <long> 13%",0.545,0.4,0.27,0.27
r8s_1682_legume,"Suggest a type of legume. Reply with only the name, nothing else.",0.5417,lentils -> real,0.5417,lentils -> real,0.5427,lentils -> real,57,80,0.05,0.111,0.087,60,90,37,0.0,0.087,10.0,soybean,0.25,12,10.14,14.78,0.321,"soybean 27%, soybeans 17%","soybean 31%, <long> 11%",0.5747,0.417,1.406,1.406
r8_0453_root_crop,"Name a root crop. Reply with only the name, nothing else.",0.5417,<long> -> bench,0.5333,beetroot -> real,0.557,sweet potato -> bench,57,78,0.05,0.133,0.1,60,90,20,0.0,0.08,9.2,sweet potato,0.25,8,6.8,6.13,0.452,"sweet potato 37%, cassava 17%","sweet potato 43%, cassava 17%",0.5426,0.191,0.181,0.181
r8_0051_vitamin,"Name a vitamin. Reply with only the name, nothing else.",0.5417,vitamin c -> bench,0.5417,vitamin c -> bench,0.5539,vitamin c -> bench,56,81,0.067,0.1,0.087,60,90,20,0.0,0.08,9.9,vitamin c,0.45,4,3.29,5.63,0.474,"vitamin c 38%, vitamin b12 20%","vitamin c 47%, vitamin b12 18%",0.5202,0.079,0.616,0.616
r8_1428_transportation_mode,"Name a transportation mode. Reply with only the name, nothing else.",0.5417,bus -> real,0.5417,bus -> real,0.5288,bus -> real,54,74,0.1,0.178,0.147,60,90,26,0.0,0.127,10.7,bus,0.55,9,4.99,8.54,0.43,"bus 42%, train 17%","bus 33%, <long> 18%",0.5595,0.406,0.706,0.706
r8_1348_sound_maker,"Name a sound maker. Reply with only the name, nothing else.",0.5417,<long> -> bench,0.5222,jbl -> bench,0.5361,jbl -> bench,45,60,0.25,0.333,0.3,60,90,78,0.0,0.207,18.5,bose,0.1,19,18.66,58.14,0.086,"<long> 25%, yamaha 5%","<long> 33%, jbl 8%",0.5325,0.635,0.429,0.403
r8s_1660_warrior,"Suggest a type of warrior. Reply with only the name, nothing else.",0.5417,<long> -> bench,0.5361,berserker warrior -> real,0.5472,berserker -> bench,57,78,0.05,0.133,0.1,60,90,56,0.0,0.087,11.0,berserker,0.6,9,4.5,19.4,0.37,"berserker 30%, berserker warrior 8%","berserker 36%, <long> 13%",0.5488,0.428,0.448,0.448
r8_0336_dressing,"Name a type of dressing. Reply with only the name, nothing else.",0.5417,caesar dressing -> real,0.5417,caesar dressing -> real,0.5476,caesar dressing -> real,52,76,0.133,0.156,0.147,60,90,82,0.0,0.1,12.3,ranch dressing,0.45,11,6.94,53.06,0.117,"<long> 13%, caesar dressing 12%","<long> 16%, ranch dressing 10%",0.5446,0.505,0.539,0.539
r8_0801_type_of_shakespearean,"Name a type of shakespearean villain. Reply with only the name, nothing else.",0.5417,iago-type villain -> bench,0.5417,iago-type villain -> bench,0.5548,iago-type villain -> bench,44,68,0.267,0.244,0.253,60,90,56,0.0,0.213,17.4,iago,0.1,19,18.66,23.33,0.312,"<long> 27%, iago 23%","<long> 24%, iago 23%",0.5585,0.478,0.675,0.675
r8s_0805_cooking_vessel,"Suggest a type of cooking vessel. Reply with only the name, nothing else.",0.5417,dutch oven -> real,0.5417,dutch oven -> real,0.556,dutch oven -> real,54,86,0.1,0.044,0.067,60,90,36,0.0,0.06,9.0,dutch oven,0.65,7,3.52,11.09,0.357,"dutch oven 38%, saucepan 17%","dutch oven 30%, saucepan 16%",0.5556,0.318,0.993,0.993
r8_1891_gimbal,"Name a gimbal. Reply with only the name, nothing else.",0.5417,<long> -> bench,0.5167,dji ronin gimbal -> real,0.5234,dji ronin-s -> bench,51,69,0.15,0.233,0.2,60,90,89,0.0,0.127,15.5,dji ronin-s,0.2,16,14.14,65.44,0.125,"<long> 15%, dji ronin-s 8%","<long> 23%, dji ronin-s 11%",0.6408,0.564,1.423,1.423
r8s_0855_food_group,"Suggest a type of food group. Reply with only the name, nothing else.",0.5417,dairy -> real,0.5417,dairy -> real,0.5511,dairy -> real,50,76,0.167,0.156,0.16,60,90,37,0.0,0.14,12.7,fruits,0.3,11,8.63,15.35,0.246,"fruits 22%, dairy 22%","fruits 20%, <long> 16%",0.5449,0.485,0.647,0.647
r8s_1959_connector,"Suggest a type of connector. Reply with only the name, nothing else.",0.5417,<long> -> bench,0.5222,sma connector -> bench,0.5278,sma connector -> bench,53,72,0.117,0.2,0.167,60,90,94,0.0,0.127,12.9,usb-c connector,0.25,13,10.58,72.18,0.096,"<long> 12%, usb-c connector 7%","<long> 20%, usb-c connector 9%",0.5361,0.664,0.528,0.773
r8_0016_unit_of_weight,"Name an unit of weight. Reply with only the name, nothing else.",0.5417,kilogram -> real,0.5417,kilogram -> real,0.54,gram -> bench,59,85,0.017,0.056,0.04,60,90,10,0.0,0.033,6.9,kilogram,0.35,7,5.01,3.76,0.521,"kilogram 55%, pound 23%","kilogram 47%, pound 21%",0.5455,0.189,0.248,0.248
r8s_1938_grain_crop,"Suggest a type of grain crop. Reply with only the name, nothing else.",0.5417,barley -> real,0.5417,barley -> real,0.5482,barley -> real,53,81,0.117,0.089,0.1,60,90,22,0.007,0.087,8.8,rice,0.25,9,7.08,8.08,0.254,"wheat 25%, corn 22%","wheat 21%, corn 19%",0.5468,0.213,0.526,0.526
r8_0050_musical_note,"Name a musical note. Reply with only the name, nothing else.",0.5417,<long> -> bench,0.5278,g -> real,0.5346,g -> real,47,63,0.217,0.3,0.267,60,90,39,0.0,0.22,16.4,c,0.5,9,5.51,9.4,0.545,"c 40%, <long> 22%","c 40%, <long> 30%",0.5322,0.447,0.454,0.454
r8_0038_car_brand,"Name a car brand. Reply with only the name, nothing else.",0.5417,tesla -> real,0.5417,tesla -> real,0.5369,tesla -> real,60,84,0.0,0.067,0.04,60,90,26,0.0,0.027,6.1,ford,0.3,12,9.49,10.38,0.292,"ford 27%, tesla 22%","ford 29%, tesla 13%",0.544,0.433,0.451,0.451
r8_1293_medical_equipment,"Name a type of medical equipment. Reply with only the name, nothing else.",0.5417,defibrillator -> real,0.5417,defibrillator -> real,0.5444,defibrillator -> real,54,79,0.1,0.122,0.113,60,90,48,0.0,0.093,10.8,blood pressure monitor,0.3,9,6.71,22.45,0.188,"defibrillator 22%, stethoscope 13%","defibrillator 13%, <long> 12%",0.5472,0.449,0.568,0.568
r8_0895_defensive_structure,"Name a type of defensive structure. Reply with only the name, nothing else.",0.5417,<long> -> real,0.5333,fort -> bench,0.5427,moat -> real,51,84,0.15,0.067,0.1,60,90,49,0.0,0.073,9.3,moat,0.2,12,10.17,22.15,0.185,"<long> 15%, moat 13%","wall 19%, castle 13%",0.5415,0.453,0.316,0.316
r8_0899_mechanism,"Name a type of mechanism. Reply with only the name, nothing else.",0.5417,<long> -> bench,0.5167,lever -> real,0.5208,sn2 reaction -> bench,53,72,0.117,0.2,0.167,60,90,114,0.0,0.113,13.4,cam mechanism,0.1,17,16.25,105.69,0.048,"<long> 12%, lever mechanism 5%","<long> 20%, lever mechanism 3%",0.5391,0.764,0.65,0.919
r8_0043_water_sport,"Name a water sport. Reply with only the name, nothing else.",0.5417,kayaking -> real,0.5417,kayaking -> real,0.5442,kayaking -> real,56,83,0.067,0.067,0.067,60,90,32,0.007,0.067,9.1,surfing,0.2,13,11.19,14.52,0.223,"wakeboarding 22%, kayaking 15%","wakeboarding 20%, surfing 13%",0.5468,0.362,0.444,0.444
r8s_0780_tie,"Suggest a type of tie. Reply with only the name, nothing else.",0.5417,bow tie -> real,0.5417,bow tie -> real,0.5473,skinny tie -> real,52,75,0.133,0.167,0.153,60,90,57,0.0,0.113,12.2,skinny tie,0.1,18,17.41,25.36,0.197,"bow tie 22%, <long> 13%","<long> 17%, silk tie 16%",0.539,0.596,0.215,0.215
r8_0881_cologne,"Name a cologne. Reply with only the name, nothing else.",0.5417,<long> -> bench,0.5167,armani code -> real,0.5222,armani code -> real,45,60,0.25,0.333,0.3,60,90,76,0.0,0.213,18.5,dior sauvage,0.15,17,15.83,57.99,0.105,"<long> 25%, dior sauvage 7%","<long> 33%, dior sauvage 8%",0.5374,0.733,0.656,0.656
r8_0838_pant_style,"Name a pant style. Reply with only the name, nothing else.",0.5417,<long> -> bench,0.5306,bootcut pants -> bench,0.5431,bootcut pants -> bench,51,69,0.15,0.233,0.2,60,90,71,0.0,0.14,14.3,bootcut pants,0.3,12,9.49,46.12,0.108,"<long> 15%, skinny jeans 12%","<long> 23%, bootcut pants 11%",0.5352,0.565,0.179,0.179
r8s_1827_musician,"Suggest a type of musician. Reply with only the name, nothing else.",0.5417,jazz musician -> bench,0.5417,jazz musician -> bench,0.5464,jazz musician -> bench,51,80,0.15,0.111,0.127,60,90,44,0.0,0.113,11.7,pianist,0.15,14,12.52,20.76,0.244,"pianist 22%, <long> 15%","pianist 21%, <long> 11%",0.5434,0.505,0.556,0.556
r8_0061_magazine,"Name a magazine. Reply with only the name, nothing else.",0.5417,<long> -> bench,0.525,rolling stone -> real,0.5283,rolling stone -> real,53,72,0.117,0.2,0.167,60,90,46,0.0,0.113,11.6,vogue,0.2,10,8.48,22.54,0.248,"sports illustrated 20%, <long> 12%","sports illustrated 21%, <long> 20%",0.5491,0.335,0.557,0.557
r8s_0020_day_of_the_week,"Suggest a type of day of the week. Reply with only the name, nothing else.",0.5417,friday -> bench,0.5417,friday -> bench,0.5447,friday -> bench,58,85,0.033,0.056,0.047,60,90,10,0.0,0.033,5.7,wednesday,0.45,5,3.99,5.69,0.294,"tuesday 27%, wednesday 25%","tuesday 29%, wednesday 26%",0.5424,0.495,0.627,0.627
r8_0725_rock_subgenre,"Name a rock subgenre. Reply with only the name, nothing else.",0.5417,<long> -> bench,0.5361,grunge -> real,0.5343,grunge -> real,53,72,0.117,0.2,0.167,60,90,43,0.0,0.127,12.6,progressive rock,0.25,13,10.14,18.04,0.272,"progressive rock 22%, grunge 18%","progressive rock 23%, <long> 20%",0.5425,0.557,0.575,0.575
r8_0107_jam,"Name a jam. Reply with only the name, nothing else.",0.5417,<long> -> bench,0.5389,strawberry jam -> bench,0.5809,strawberry jam -> bench,47,63,0.217,0.3,0.267,60,90,52,0.0,0.167,15.2,strawberry jam,0.75,6,2.62,13.03,0.518,"strawberry jam 33%, <long> 22%","strawberry jam 41%, <long> 30%",0.5498,0.368,0.401,0.401
r8s_0030_condiment,"Suggest a type of condiment. Reply with only the name, nothing else.",0.5417,soy sauce -> bench,0.5417,soy sauce -> bench,0.5448,soy sauce -> bench,53,83,0.1,0.078,0.087,60,90,28,0.007,0.053,8.9,mustard,0.25,10,8.37,8.72,0.404,"ketchup 37%, mustard 20%","ketchup 37%, mustard 18%",0.5472,0.279,0.589,0.589
r8_0716_fictional_robot,"Name a fictional robot. Reply with only the name, nothing else.",0.5417,r2-d2 -> bench,0.5417,r2-d2 -> bench,0.5589,r2-d2 -> bench,49,67,0.183,0.256,0.227,60,90,87,0.0,0.193,18.0,r2-d2,0.4,10,6.6,60.9,0.129,"<long> 18%, r2-d2 5%","<long> 26%, r2-d2 13%",0.5264,0.65,0.029,0.029
r8s_0154_art_supply,"Suggest a type of art supply. Reply with only the name, nothing else.",0.5417,sculpting clay -> real,0.5417,sculpting clay -> real,0.5463,sculpting clay -> real,54,76,0.1,0.156,0.133,60,90,66,0.0,0.1,11.5,scrapbook paper,0.15,17,15.83,40.04,0.154,"acrylic paints 15%, <long> 10%","<long> 16%, acrylic paints 12%",0.5425,0.582,0.422,0.422
r8_1475_hair_dye_color,"Name a hair dye color. Reply with only the name, nothing else.",0.5417,<long> -> bench,0.525,ash blonde -> real,0.5366,ash blonde -> real,41,54,0.317,0.4,0.367,60,90,85,0.0,0.2,20.7,auburn,0.15,18,16.96,78.43,0.042,"<long> 32%, ash blonde 5%","<long> 40%, red 3%",0.5419,0.523,0.659,0.659
r8s_0642_liqueur,"Suggest a type of liqueur. Reply with only the name, nothing else.",0.5417,amaretto -> real,0.5417,amaretto -> real,0.543,amaretto -> real,53,74,0.117,0.178,0.153,60,90,50,0.0,0.12,13.7,amaretto,0.45,12,7.44,22.17,0.26,"amaretto liqueur 22%, amaretto 18%","amaretto liqueur 22%, <long> 18%",0.536,0.442,0.895,0.895
r8_0641_gallery,"Name a type of gallery. Reply with only the name, nothing else.",0.5417,<long> -> bench,0.5278,art gallery -> real,0.5261,art gallery -> real,55,75,0.083,0.167,0.133,60,90,56,0.0,0.107,12.0,modern art gallery,0.1,18,17.41,25.48,0.169,"image gallery 15%, art gallery 13%","<long> 17%, image gallery 14%",0.5397,0.427,0.207,0.224
r8_0263_musical_term,"Name a musical term. Reply with only the name, nothing else.",0.5417,staccato -> real,0.5417,staccato -> real,0.5499,staccato -> real,51,80,0.15,0.111,0.127,60,90,62,0.0,0.093,10.2,allegro,0.2,16,14.14,39.23,0.099,"<long> 15%, tempo 12%","<long> 11%, allegro 9%",0.5287,0.755,0.386,0.386
r8s_0280_moss,"Suggest a type of moss. Reply with only the name, nothing else.",0.5417,sphagnum moss -> bench,0.5417,sphagnum moss -> bench,0.5602,sphagnum moss -> bench,48,69,0.2,0.233,0.22,60,90,52,0.0,0.147,15.9,hypnum cupressiforme,0.55,5,3.12,18.57,0.342,"sphagnum moss 22%, <long> 20%","sphagnum moss 30%, <long> 23%",0.5458,0.468,0.402,0.402
r8_0635_battery,"Name a type of battery. Reply with only the name, nothing else.",0.5417,<long> -> bench,0.5222,lithium-ion battery -> real,0.5199,lithium battery -> real,57,78,0.05,0.133,0.1,60,90,13,0.0,0.08,12.3,lithium-ion battery,0.7,4,2.49,2.3,0.822,"lithium-ion battery 77%, li-ion battery 5%","lithium-ion battery 72%, <long> 13%",0.525,0.134,0.826,0.826
r8_0250_bean,"Name a bean. Reply with only the name, nothing else.",0.5417,<long> -> bench,0.5222,green bean -> bench,0.5317,green bean -> bench,47,63,0.217,0.3,0.267,60,90,79,0.0,0.2,16.6,kidney bean,0.3,12,9.49,57.25,0.109,"<long> 22%, lima bean 7%","<long> 30%, kidney bean 9%",0.5304,0.678,0.25,0.257
r8s_0493_habitat,"Suggest a type of habitat. Reply with only the name, nothing else.",0.5417,tropical rainforest -> bench,0.5417,tropical rainforest -> bench,0.5551,tropical rainforest -> bench,51,71,0.15,0.211,0.187,60,90,53,0.0,0.153,13.9,rainforest,0.2,13,11.49,31.38,0.123,"<long> 15%, forest habitat 13%","<long> 21%, tropical rainforest 13%",0.5387,0.544,0.312,0.312
r8s_0342_plant_part,"Suggest a type of plant part. Reply with only the name, nothing else.",0.5417,roots -> real,0.5417,roots -> real,0.5446,roots -> real,56,77,0.067,0.144,0.113,60,90,31,0.0,0.087,9.7,leaves,0.25,12,9.87,8.59,0.504,"leaf 43%, stem 10%","leaf 46%, <long> 14%",0.5387,0.486,0.395,0.395
r8_1200_freshwater_feature,"Name a type of freshwater feature. Reply with only the name, nothing else.",0.5417,<long> -> bench,0.5111,lake -> bench,0.5461,lake -> bench,55,75,0.083,0.167,0.133,60,90,22,0.0,0.12,12.0,lake,0.5,6,3.69,3.45,0.708,"lake 60%, river 13%","lake 62%, <long> 17%",0.5306,0.274,0.375,0.375
r8s_0496_compass,"Suggest a type of compass. Reply with only the name, nothing else.",0.5417,digital compass -> bench,0.5417,digital compass -> bench,0.5494,digital compass -> bench,49,75,0.183,0.167,0.173,60,90,61,0.0,0.12,13.4,magnetic compass,0.2,14,11.99,25.72,0.266,"magnetic compass 25%, <long> 18%","magnetic compass 20%, <long> 17%",0.5635,0.463,0.716,0.716
r8_0294_tea_type,"Name a tea type. Reply with only the name, nothing else.",0.5417,<long> -> bench,0.5361,earl grey -> real,0.5364,green tea -> bench,59,81,0.017,0.1,0.067,60,90,24,0.0,0.04,8.6,earl grey tea,0.25,7,5.75,9.45,0.229,"earl grey tea 22%, green tea 18%","green tea 23%, earl grey tea 20%",0.5684,0.201,1.232,1.232
r8_0596_tool,"Name a tool. Reply with only the name, nothing else.",0.5417,hammer -> real,0.5417,hammer -> real,0.5518,hammer -> real,49,75,0.183,0.167,0.173,60,90,85,0.0,0.12,12.5,hammer,0.8,5,2.18,58.19,0.121,"<long> 18%, hammer 15%","<long> 17%, grep 8%",0.5447,0.629,0.907,0.745
r8s_0274_metal,"Suggest a type of metal. Reply with only the name, nothing else.",0.5417,aluminum -> real,0.5417,aluminum -> real,0.5294,aluminum -> real,57,79,0.05,0.122,0.093,60,90,19,0.0,0.073,8.3,aluminum,0.25,9,7.08,8.08,0.404,"aluminum 42%, copper 10%","aluminum 33%, <long> 12%",0.548,0.278,0.464,0.464
r8s_0525_potato,"Suggest a type of potato. Reply with only the name, nothing else.",0.5417,yukon gold -> bench,0.5417,yukon gold -> bench,0.5446,yukon gold -> bench,56,84,0.067,0.067,0.067,60,90,31,0.0,0.04,9.8,yukon gold potato,0.45,6,4.33,9.79,0.336,"yukon gold potato 35%, russet potato 15%","yukon gold potato 29%, yukon gold 20%",0.5411,0.351,0.719,0.719
r8s_1098_textile,"Suggest a type of textile. Reply with only the name, nothing else.",0.5417,velvet -> real,0.5417,velvet -> real,0.5446,velvet -> real,56,77,0.067,0.144,0.113,60,90,46,0.0,0.08,9.8,silk,0.3,10,7.71,17.38,0.248,"silk 23%, linen 17%","silk 21%, <long> 14%",0.5534,0.345,0.576,0.576
r8s_0357_sculptor,"Suggest a type of sculptor. Reply with only the name, nothing else.",0.5417,auguste rodin -> bench,0.5417,auguste rodin -> bench,0.5619,auguste rodin -> bench,43,62,0.283,0.311,0.3,60,90,74,0.0,0.253,18.2,auguste rodin,0.2,17,15.16,53.65,0.143,"<long> 28%, auguste rodin 5%","<long> 31%, auguste rodin 13%",0.5319,0.715,0.042,0.042
r8s_0389_dance_move,"Suggest a type of dance move. Reply with only the name, nothing else.",0.5417,cha-cha slide -> real,0.5417,cha-cha slide -> real,0.549,cha-cha slide -> real,51,77,0.15,0.144,0.147,60,90,74,0.0,0.067,10.9,twist,0.15,16,14.77,46.76,0.133,"<long> 15%, salsa 8%","<long> 14%, salsa 13%",0.538,0.566,0.062,0.062
r8s_0481_sandwich_bread,"Suggest a type of sandwich bread. Reply with only the name, nothing else.",0.5417,<long> -> bench,0.5333,rye bread -> bench,0.5435,rye bread -> bench,51,69,0.15,0.233,0.2,60,90,25,0.0,0.153,14.4,sourdough bread,0.75,6,2.62,6.39,0.575,"sourdough bread 48%, <long> 15%","sourdough bread 44%, <long> 23%",0.5482,0.495,0.546,0.546
r8_0550_boat_type,"Name a boat type. Reply with only the name, nothing else.",0.5417,sailboat -> bench,0.5417,sailboat -> bench,0.5495,sailboat -> bench,54,80,0.1,0.111,0.107,60,90,29,0.0,0.093,11.0,sailboat,0.5,8,5.14,8.14,0.485,"sailboat 38%, speedboat 13%","sailboat 47%, <long> 11%",0.5354,0.547,0.202,0.202
r8s_0411_fabric_weave,"Suggest a type of fabric weave. Reply with only the name, nothing else.",0.5417,plain weave -> bench,0.5417,plain weave -> bench,0.5533,plain weave -> bench,54,74,0.1,0.178,0.147,60,90,53,0.0,0.1,12.1,satin weave,0.45,11,6.94,21.83,0.211,"satin weave 20%, twill weave 20%","<long> 18%, satin weave 17%",0.5587,0.327,0.901,0.901
r8_0369_alien,"Name an alien. Reply with only the name, nothing else.",0.5417,zorgon -> real,0.5417,zorgon -> real,0.549,zorgon -> real,51,69,0.15,0.222,0.193,60,90,64,0.007,0.18,14.4,zorg,0.3,14,10.9,25.1,0.35,"zorg 25%, <long> 15%","zorg 30%, <long> 22%",0.5539,0.514,0.366,0.366
r8s_0250_bean,"Suggest a type of bean. Reply with only the name, nothing else.",0.5417,black bean -> real,0.5417,black bean -> real,0.5432,lima bean -> bench,57,81,0.05,0.1,0.08,60,90,55,0.0,0.06,9.7,kidney bean,0.15,15,13.78,28.09,0.174,"kidney bean 20%, black bean 12%","kidney bean 13%, <long> 10%",0.5415,0.511,0.297,0.225
r8_1362_saxophone,"Name a saxophone. Reply with only the name, nothing else.",0.5417,alto saxophone -> bench,0.5417,alto saxophone -> bench,0.5521,alto saxophone -> bench,48,72,0.2,0.2,0.2,60,90,58,0.0,0.147,14.9,alto saxophone,0.25,13,10.58,23.44,0.333,"alto saxophone 22%, <long> 20%","alto saxophone 30%, <long> 20%",0.546,0.728,1.066,1.066
r8_0673_angel,"Name an angel. Reply with only the name, nothing else.",0.5417,michael -> bench,0.5417,michael -> bench,0.5563,michael -> bench,46,68,0.233,0.244,0.24,60,90,49,0.0,0.207,15.7,raphael,0.35,4,3.43,20.53,0.219,"<long> 23%, gabriel 20%","<long> 24%, michael 20%",0.5452,0.446,0.399,0.399
r8s_0649_dance,"Suggest a type of dance. Reply with only the name, nothing else.",0.5417,salsa -> real,0.5417,salsa -> real,0.5447,salsa -> real,55,82,0.083,0.089,0.087,60,90,28,0.0,0.08,9.1,waltz,0.55,5,3.44,8.92,0.292,"salsa 32%, tango 23%","salsa 23%, waltz 20%",0.5473,0.278,0.728,0.728
r8_0719_plastic,"Name a plastic. Reply with only the name, nothing else.",0.5417,<long> -> bench,0.5278,pet bottle -> real,0.5379,polyethylene -> bench,51,69,0.15,0.233,0.2,60,90,36,0.0,0.153,14.7,polyethylene,0.4,10,7.07,9.42,0.475,"polyethylene 37%, <long> 15%","polyethylene 39%, <long> 23%",0.5424,0.389,0.296,0.296
r8_1460_visual_art_technique,"Name a visual-art technique. Reply with only the name, nothing else.",0.5417,<long> -> bench,0.5167,negative space -> real,0.5238,perspective -> bench,47,63,0.217,0.3,0.267,60,90,76,0.0,0.227,16.7,chiaroscuro,0.25,13,10.86,56.71,0.091,"<long> 22%, chiaroscuro 7%","<long> 30%, sgraffito 7%",0.5369,0.588,0.543,0.543
r8_0401_animated_movie,"Name an animated movie. Reply with only the name, nothing else.",0.5417,<long> -> bench,0.5333,frozen 2 -> real,0.5451,frozen -> bench,49,66,0.183,0.267,0.233,60,90,40,0.0,0.18,15.1,toy story,0.2,12,10.44,24.0,0.13,"<long> 18%, frozen 2 13%","<long> 27%, frozen 11%",0.5429,0.407,0.279,0.279
r8_1341_mattress,"Name a type of mattress. Reply with only the name, nothing else.",0.5417,memory foam mattress -> real,0.5417,memory foam mattress -> real,0.5424,memory foam mattress -> real,51,73,0.15,0.189,0.173,60,90,36,0.0,0.16,14.3,memory foam mattress,0.6,9,4.5,13.06,0.323,"memory foam mattress 32%, <long> 15%","memory foam mattress 23%, <long> 19%",0.5347,0.569,0.567,0.567
r8s_0195_stationery_item,"Suggest a type of stationery item. Reply with only the name, nothing else.",0.5417,notebook -> bench,0.5417,notebook -> bench,0.5456,sticky notes -> real,55,83,0.083,0.078,0.08,60,90,43,0.0,0.067,8.6,notepad,0.15,14,12.52,13.02,0.362,"notebook 28%, notepad 17%","notebook 37%, notepad 19%",0.5498,0.48,0.772,0.772
r8s_0201_belt,"Suggest a type of belt. Reply with only the name, nothing else.",0.5417,leather belt -> real,0.5417,leather belt -> real,0.5417,leather belt -> real,49,66,0.183,0.267,0.233,60,90,63,0.0,0.18,15.6,canvas belt,0.4,8,5.43,30.75,0.217,"leather belt 22%, <long> 18%","<long> 27%, leather belt 13%",0.5491,0.539,0.582,0.582
r8s_0211_writing_surface,"Suggest a type of writing surface. Reply with only the name, nothing else.",0.5417,dry erase board -> bench,0.5417,dry erase board -> bench,0.5525,dry erase board -> bench,50,72,0.167,0.2,0.187,60,90,67,0.0,0.14,13.1,whiteboard,0.15,15,13.78,31.71,0.262,"whiteboard 20%, <long> 17%","whiteboard 22%, <long> 20%",0.5472,0.483,0.437,0.446
r8s_1416_mailing_item,"Suggest a type of mailing item. Reply with only the name, nothing else.",0.5417,<long> -> bench,0.5333,newsletter -> real,0.535,newsletter -> real,51,69,0.15,0.233,0.2,60,90,34,0.0,0.16,13.8,postcard,0.55,10,5.35,8.37,0.525,"postcard 42%, <long> 15%","postcard 42%, <long> 23%",0.5352,0.335,0.185,0.185
r8_0515_legal_document,"Name a type of legal document. Reply with only the name, nothing else.",0.5417,<long> -> bench,0.5194,will -> bench,0.5337,contract -> bench,57,78,0.05,0.133,0.1,60,90,50,0.0,0.073,9.7,contract,0.2,11,9.49,15.58,0.407,"contract 35%, will 5%","contract 38%, <long> 13%",0.5419,0.464,0.287,0.326
r8s_1379_bank,"Suggest a type of bank. Reply with only the name, nothing else.",0.5417,<long> -> bench,0.5361,online bank -> real,0.5387,online bank -> real,55,74,0.083,0.167,0.133,60,90,64,0.007,0.1,12.0,online bank,0.3,11,8.4,34.86,0.209,"chase bank 22%, online bank 8%","<long> 17%, chase bank 16%",0.5411,0.538,0.235,0.24
r8_0679_bird_feather_color,"Name a bird feather color. Reply with only the name, nothing else.",0.5417,blue -> real,0.5417,blue -> real,0.5446,red -> bench,54,76,0.1,0.156,0.133,60,90,35,0.0,0.127,10.6,white,0.2,10,8.26,13.29,0.269,"blue 28%, white 15%","blue 20%, <long> 16%",0.5372,0.562,0.176,0.176
r8s_0078_canyon,"Suggest a type of canyon. Reply with only the name, nothing else.",0.5417,zion canyon -> real,0.5417,zion canyon -> real,0.5568,zion canyon -> real,44,63,0.267,0.3,0.287,60,90,69,0.0,0.193,16.6,grand canyon,0.1,18,17.41,50.39,0.075,"<long> 27%, zion canyon 8%","<long> 30%, box canyon 6%",0.5391,0.567,0.681,0.608
r8_0255_grass,"Name a type of grass. Reply with only the name, nothing else.",0.5417,kentucky bluegrass -> real,0.5417,kentucky bluegrass -> real,0.5418,bermuda grass -> bench,57,78,0.05,0.133,0.1,60,90,26,0.0,0.073,9.5,bermuda grass,0.4,9,6.16,6.92,0.452,"bermuda grass 38%, kentucky bluegrass 25%","bermuda grass 42%, kentucky bluegrass 17%",0.5486,0.398,0.265,0.288
r8_0246_landform,"Name a landform. Reply with only the name, nothing else.",0.5417,mountain -> bench,0.5417,mountain -> bench,0.557,mountain -> bench,55,78,0.083,0.133,0.113,60,90,47,0.0,0.087,10.1,mountain,0.25,12,9.62,17.24,0.376,"mountain 28%, desert 8%","mountain 37%, <long> 13%",0.5717,0.617,0.92,0.92
r8_0269_puzzle_type,"Name a puzzle type. Reply with only the name, nothing else.",0.5417,sudoku puzzle -> real,0.5417,sudoku puzzle -> real,0.5471,sudoku puzzle -> real,53,79,0.117,0.111,0.113,60,90,35,0.007,0.1,10.5,sudoku,0.85,4,1.8,8.09,0.523,"sudoku 47%, sudoku puzzle 12%","sudoku 46%, <long> 11%",0.5391,0.359,0.02,0.02
r8_1466_archery_bow,"Name an archery bow. Reply with only the name, nothing else.",0.5417,recurve bow -> bench,0.5417,recurve bow -> bench,0.5816,recurve bow -> bench,43,58,0.283,0.356,0.327,60,90,53,0.0,0.227,18.6,recurve bow,0.25,13,10.14,19.38,0.396,"<long> 28%, recurve bow 22%","<long> 36%, recurve bow 30%",0.5509,0.488,0.512,0.512
r8_0434_milkshake,"Name a milkshake. Reply with only the name, nothing else.",0.5417,chocolate milkshake -> bench,0.5417,chocolate milkshake -> bench,0.5543,chocolate milkshake -> bench,50,70,0.167,0.222,0.2,60,90,61,0.0,0.093,11.9,strawberry milkshake,0.5,9,5.36,24.21,0.333,"strawberry milkshake 27%, <long> 17%","strawberry milkshake 27%, <long> 22%",0.5377,0.445,0.245,0.245
r8s_0261_wave,"Suggest a type of wave. Reply with only the name, nothing else.",0.5417,tsunami -> real,0.5417,tsunami -> real,0.546,tsunami -> real,53,75,0.117,0.167,0.147,60,90,61,0.0,0.12,12.3,sound wave,0.25,12,9.87,33.38,0.18,"sine wave 15%, rogue wave 12%","<long> 17%, sine wave 16%",0.5614,0.614,0.722,0.719
r8_1543_shampoo_variety,"Name a shampoo variety. Reply with only the name, nothing else.",0.5417,<long> -> bench,0.5167,avocado shampoo -> real,0.5282,hydrating shampoo -> bench,37,48,0.383,0.467,0.433,60,90,71,0.0,0.207,19.1,anti dandruff shampoo,0.05,20,20.0,62.8,0.059,"<long> 38%, argan shampoo 3%","<long> 47%, hydrating shampoo 4%",0.532,0.678,0.544,0.544
r8_1616_chicken_part,"Name a chicken part. Reply with only the name, nothing else.",0.5417,drumstick -> bench,0.5417,drumstick -> bench,0.5462,drumstick -> bench,52,80,0.133,0.111,0.12,60,90,28,0.0,0.08,9.8,drumstick,0.25,12,9.87,11.62,0.258,"wing 25%, thigh 17%","wing 21%, thigh 16%",0.546,0.34,0.431,0.431
r8_1512_spice_seed,"Name a spice seed. Reply with only the name, nothing else.",0.5417,<long> -> bench,0.5306,anise seed -> real,0.5311,dill seed -> bench,51,69,0.15,0.233,0.2,60,90,68,0.0,0.16,15.6,dill seed,0.2,14,11.99,40.03,0.183,"anise seed 18%, <long> 15%","<long> 23%, anise seed 12%",0.5525,0.585,0.571,0.629
r8_0887_food_chain_level,"Name a food chain level. Reply with only the name, nothing else.",0.5417,producer -> bench,0.5417,producer -> bench,0.5495,producer -> bench,55,79,0.083,0.122,0.107,60,90,39,0.0,0.1,10.0,producer,0.4,7,4.75,13.31,0.328,"producer level 30%, producers 12%","producer level 29%, producer 17%",0.5491,0.503,0.498,0.498
r8_1579_dna_base,"Name a dna base. Reply with only the name, nothing else.",0.5417,adenine -> real,0.5417,adenine -> real,0.5397,adenine -> real,56,83,0.067,0.078,0.073,60,90,14,0.0,0.053,8.7,adenine,0.9,3,1.48,2.03,0.863,"adenine 85%, <long> 7%","adenine 77%, <long> 8%",0.5292,0.153,0.456,0.456
r8_1519_drama_type,"Name a drama type. Reply with only the name, nothing else.",0.5417,tragedy -> bench,0.5417,tragedy -> bench,0.5589,tragedy -> bench,53,73,0.117,0.189,0.16,60,90,44,0.0,0.153,13.0,melodrama,0.4,10,6.89,14.42,0.31,"melodrama 27%, tragedy 15%","melodrama 26%, tragedy 23%",0.5472,0.402,0.321,0.321
r8_1690_martial_art,"Name a martial art. Reply with only the name, nothing else.",0.5417,taekwondo -> real,0.5417,taekwondo -> real,0.5402,taekwondo -> real,56,80,0.067,0.111,0.093,60,90,22,0.0,0.073,9.9,karate,0.4,8,5.09,7.85,0.309,"karate 28%, taekwondo 25%","karate 28%, judo 20%",0.5468,0.333,0.508,0.508
r8_1666_gift,"Name a gift. Reply with only the name, nothing else.",0.5417,<long> -> bench,0.5222,book -> bench,0.5501,book -> bench,37,48,0.383,0.467,0.433,60,90,62,0.0,0.32,21.8,computer,0.05,20,20.0,44.52,0.165,"<long> 38%, book 7%","<long> 47%, book 11%",0.539,0.675,0.363,0.363
r8_1575_aurora,"Name an aurora. Reply with only the name, nothing else.",0.5417,<long> -> bench,0.525,aurora australis -> real,0.5273,aurora australis -> real,51,69,0.15,0.233,0.2,60,90,48,0.0,0.16,14.4,aurora borealis,0.3,7,5.4,18.73,0.192,"aurora borealis 17%, aurora 15%","<long> 23%, aurora 16%",0.5573,0.241,0.405,0.405
r8_1646_meditation_style,"Name a meditation style. Reply with only the name, nothing else.",0.5417,<long> -> bench,0.5333,transcendental meditation -> bench,0.5456,transcendental meditation -> bench,53,72,0.117,0.2,0.167,60,90,36,0.0,0.127,13.1,transcendental meditation,0.25,12,9.87,16.99,0.168,"mindfulness meditation 15%, zen meditation 13%","<long> 20%, transcendental meditation 13%",0.5424,0.485,0.34,0.34
r8_1774_custard,"Name a custard. Reply with only the name, nothing else.",0.5417,custard -> bench,0.5417,custard -> bench,0.5517,custard -> bench,51,74,0.15,0.178,0.167,60,90,65,0.0,0.133,14.0,vanilla custard,0.15,15,13.42,34.71,0.176,"chocolate custard 18%, <long> 15%","<long> 18%, custard 13%",0.5449,0.44,0.554,0.554
r8_1110_saltwater_sport_fish,"Name a saltwater sport fish. Reply with only the name, nothing else.",0.5417,<long> -> bench,0.5361,redfish -> real,0.5434,redfish -> real,49,66,0.183,0.267,0.233,60,90,42,0.0,0.213,16.3,salmon,0.15,14,12.85,25.4,0.183,"<long> 18%, salmon 15%","<long> 27%, salmon 13%",0.5452,0.589,0.584,0.584
r8_0963_comic_book_villain,"Name a comic book villain. Reply with only the name, nothing else.",0.5417,joker -> real,0.5417,joker -> real,0.5429,joker -> real,56,82,0.067,0.089,0.08,60,90,20,0.0,0.053,8.8,lex luthor,0.4,6,4.31,8.1,0.297,"lex luthor 28%, joker 22%","lex luthor 27%, green goblin 16%",0.5411,0.446,0.578,0.578
r8_0922_tread,"Name a tread. Reply with only the name, nothing else.",0.5417,<long> -> real,0.5083,--frog-green -> real,0.5185,--frog-green -> real,27,47,0.55,0.467,0.5,60,90,76,0.007,0.347,24.5,continental,0.15,17,15.83,74.0,0.014,"<long> 55%, use of microinteractions 2%","<long> 47%, clearcache.py.o 1%",0.5403,0.662,0.416,0.424
r8_1864_map_type,"Name a map type. Reply with only the name, nothing else.",0.5417,choropleth map -> real,0.5417,choropleth map -> real,0.5472,choropleth map -> real,53,76,0.117,0.144,0.133,60,90,52,0.007,0.107,11.5,topographic map,0.75,6,2.62,19.67,0.341,"topographic map 30%, <long> 12%","topographic map 29%, <long> 14%",0.5466,0.437,0.31,0.309
r8_1560_branch_of_engineering,"Name a type of branch of engineering. Reply with only the name, nothing else.",0.5417,civil engineering -> real,0.5417,civil engineering -> real,0.5428,civil engineering -> real,53,78,0.117,0.133,0.127,60,90,28,0.0,0.107,10.9,civil engineering,0.4,7,5.0,7.93,0.496,"civil engineering 48%, <long> 12%","civil engineering 40%, <long> 13%",0.5447,0.338,0.383,0.354
r8_1652_motor_type,"Name a motor type. Reply with only the name, nothing else.",0.5417,<long> -> bench,0.5333,brushless dc motor -> real,0.5341,dc motor -> bench,53,72,0.117,0.2,0.167,60,90,29,0.0,0.14,12.8,dc motor,0.4,8,5.6,10.18,0.36,"dc motor 28%, electric motor 13%","dc motor 31%, <long> 20%",0.566,0.282,0.575,0.575
r8_1661_musical_style,"Name a musical style. Reply with only the name, nothing else.",0.5417,jazz -> bench,0.5417,jazz -> bench,0.5443,reggae -> real,53,81,0.117,0.1,0.107,60,90,42,0.0,0.067,9.6,jazz,0.45,9,6.04,12.8,0.448,"jazz 35%, <long> 12%","jazz 43%, <long> 10%",0.5318,0.565,0.537,0.537
r8_1777_occupation_in_media,"Name an occupation in media. Reply with only the name, nothing else.",0.5417,<long> -> bench,0.525,video editor -> bench,0.5331,video editor -> bench,57,78,0.05,0.133,0.1,60,90,72,0.0,0.087,9.7,journalist,0.15,15,13.42,47.91,0.126,"video editor 8%, editor 7%","video editor 13%, <long> 13%",0.5403,0.485,0.305,0.305
r8s_0398_ocean_creature,"Suggest a type of ocean creature. Reply with only the name, nothing else.",0.5389,sea turtle -> real,0.5389,sea turtle -> real,0.5431,sea turtle -> real,54,80,0.1,0.111,0.107,60,90,38,0.0,0.093,9.6,dolphin,0.3,9,6.8,13.41,0.336,"dolphin 30%, seahorse 20%","dolphin 30%, seahorse 13%",0.5603,0.445,1.053,1.053
r8_0074_cooking_oil,"Name a cooking oil. Reply with only the name, nothing else.",0.5389,olive oil -> real,0.5389,olive oil -> real,0.525,canola oil -> bench,60,84,0.0,0.067,0.04,60,90,16,0.0,0.027,7.5,olive oil,0.7,4,2.56,3.36,0.681,"olive oil 70%, canola oil 12%","olive oil 62%, canola oil 16%",0.5333,0.39,0.254,0.254
r8s_1148_grainy_substance,"Suggest a type of grainy substance. Reply with only the name, nothing else.",0.5389,sandpaper -> bench,0.5389,sandpaper -> bench,0.5453,sandpaper -> bench,50,76,0.167,0.156,0.16,60,90,52,0.0,0.133,12.8,sandpaper,0.4,10,7.07,20.01,0.278,"sand 23%, <long> 17%","sand 23%, sandpaper 18%",0.5341,0.558,0.185,0.185
r8_1409_ghost_story,"Name a ghost story. Reply with only the name, nothing else.",0.5389,<long> -> bench,0.5222,haunting within the walls -> bench,0.5375,haunting within -> bench,54,74,0.1,0.178,0.147,60,90,16,0.0,0.133,13.9,haunting within the walls,0.5,7,4.23,2.77,0.766,"haunting within 65%, <long> 10%","haunting within 66%, <long> 18%",0.5243,0.11,0.543,0.543
r8_0309_christmas_movie,"Name a christmas movie. Reply with only the name, nothing else.",0.5389,elf -> real,0.5389,elf -> real,0.5284,elf -> real,57,79,0.05,0.122,0.093,60,90,21,0.0,0.06,10.5,elf,0.55,4,3.03,5.71,0.353,"elf 37%, home alone 32%","home alone 32%, elf 29%",0.5537,0.212,0.623,0.623
r8_1499_greeting_card,"Name a greeting card. Reply with only the name, nothing else.",0.5389,<long> -> bench,0.5278,happy birthday greeting card -> real,0.5535,happy birthday card -> bench,34,44,0.433,0.511,0.48,60,90,61,0.0,0.3,22.7,happy birthday card,0.05,20,20.0,46.23,0.128,"<long> 43%, happy birthday greeting card 10%","<long> 51%, happy birthday card 7%",0.5432,0.47,0.607,0.607
r8_0812_cheese_spread,"Name a cheese spread. Reply with only the name, nothing else.",0.5389,<long> -> real,0.5167,philadelphia cream cheese spread -> bench,0.5223,philadelphia cream cheese spread -> bench,34,58,0.433,0.356,0.387,60,90,42,0.0,0.193,17.6,cream cheese spread,0.25,12,9.46,20.1,0.293,"<long> 43%, cream cheese spread 17%","<long> 36%, cream cheese spread 19%",0.5451,0.411,0.311,0.311
r8_0071_coffee_drink,"Name a coffee drink. Reply with only the name, nothing else.",0.5389,latte -> bench,0.5389,latte -> bench,0.558,latte -> bench,53,73,0.117,0.189,0.16,60,90,41,0.0,0.073,10.8,latte macchiato,0.15,13,11.68,17.49,0.294,"latte 20%, <long> 12%","latte 28%, <long> 19%",0.5456,0.464,0.439,0.439
r8_0304_jazz_musician,"Name a jazz musician. Reply with only the name, nothing else.",0.5389,<long> -> bench,0.5361,charlie parker -> real,0.5435,john coltrane -> bench,58,80,0.033,0.111,0.08,60,90,21,0.0,0.067,9.0,miles davis,0.4,8,5.09,5.92,0.464,"miles davis 43%, charlie parker 18%","miles davis 42%, john coltrane 20%",0.5355,0.373,0.031,0.031
r8_0220_philosophical_concept,"Name a philosophical concept. Reply with only the name, nothing else.",0.5389,<long> -> bench,0.5333,existentialism -> real,0.5379,existentialism -> real,50,68,0.167,0.244,0.213,60,90,67,0.0,0.187,14.8,categorical imperative,0.1,16,15.16,42.67,0.127,"<long> 17%, utilitarianism 13%","<long> 24%, utilitarianism 8%",0.543,0.576,0.714,0.714
r8_0693_cryptid,"Name a cryptid. Reply with only the name, nothing else.",0.5389,<long> -> bench,0.5361,mothman -> real,0.5252,chupacabra -> bench,56,77,0.067,0.144,0.113,60,90,39,0.0,0.113,11.0,mothman,0.5,8,5.0,13.08,0.346,"mothman 35%, jersey devil 13%","mothman 28%, <long> 14%",0.559,0.495,1.122,1.122
r8s_0034_ice_cream_flavor,"Suggest a type of ice cream flavor. Reply with only the name, nothing else.",0.5389,<long> -> bench,0.5389,mint chocolate chip -> bench,0.5614,mint chocolate chip -> bench,46,62,0.233,0.311,0.28,60,90,36,0.0,0.14,13.9,mint chocolate chip,0.25,16,13.37,19.1,0.157,"<long> 23%, chocolate chip cookie dough 15%","<long> 31%, mint chocolate chip 14%",0.5537,0.362,0.774,0.774
r8s_1389_type_of_meteorological,"Suggest a type of type of meteorological event. Reply with only the name, nothing else.",0.5389,hurricane -> bench,0.5389,hurricane -> bench,0.5511,hurricane -> bench,58,82,0.033,0.089,0.067,60,90,48,0.0,0.06,8.5,hurricane,0.2,13,11.19,15.82,0.336,"hurricane 27%, thunderstorm 13%","hurricane 34%, thunderstorm 12%",0.5604,0.368,0.741,0.741
r8s_1377_celestial_body_type,"Suggest a celestial body type. Reply with only the name, nothing else.",0.5389,comet -> real,0.5389,comet -> real,0.5433,comet -> real,55,85,0.083,0.056,0.067,60,90,41,0.0,0.047,8.4,brown dwarf,0.1,16,15.16,18.47,0.264,"asteroid 22%, comet 13%","asteroid 27%, planet 9%",0.5448,0.551,0.544,0.544
r8s_1772_raptor,"Suggest a type of raptor. Reply with only the name, nothing else.",0.5389,golden eagle -> bench,0.5389,golden eagle -> bench,0.5341,golden eagle -> bench,52,83,0.133,0.078,0.1,60,90,45,0.0,0.08,9.8,golden eagle,0.4,13,8.71,16.14,0.311,"golden eagle 23%, <long> 13%","golden eagle 31%, peregrine falcon 13%",0.5424,0.409,0.406,0.406
r8_1015_bone_in_the_body,"Name a bone in the body. Reply with only the name, nothing else.",0.5389,femur -> bench,0.5389,femur -> bench,0.5373,femur -> bench,49,76,0.183,0.156,0.167,60,90,26,0.0,0.113,12.1,femur,0.7,6,2.94,6.27,0.576,"femur 43%, <long> 18%","femur 51%, <long> 16%",0.5331,0.423,0.015,0.015
r8s_1068_natural_substance,"Suggest a type of natural substance. Reply with only the name, nothing else.",0.5389,aloe vera -> real,0.5389,aloe vera -> real,0.5433,aloe vera -> real,53,75,0.117,0.167,0.147,60,90,79,0.0,0.107,11.1,clay,0.15,15,13.42,54.29,0.086,"<long> 12%, aloe vera 10%","<long> 17%, honey 10%",0.5367,0.677,0.239,0.248
r8_0563_biome,"Name a biome. Reply with only the name, nothing else.",0.5389,amazon rainforest biome -> real,0.5389,amazon rainforest biome -> real,0.5482,amazon rainforest biome -> real,48,70,0.2,0.222,0.213,60,90,50,0.0,0.18,15.4,tundra,0.2,12,10.0,31.17,0.11,"<long> 20%, amazon rainforest biome 10%","<long> 22%, tropical rainforest biome 9%",0.5382,0.484,0.248,0.248
r8s_0471_tooth,"Suggest a type of tooth. Reply with only the name, nothing else.",0.5389,<long> -> bench,0.5333,incisor -> real,0.5218,wisdom tooth -> real,52,71,0.133,0.211,0.18,60,90,19,0.0,0.167,15.1,incisor,0.7,5,2.74,3.94,0.683,"incisor 60%, <long> 13%","incisor 53%, <long> 21%",0.5339,0.224,0.443,0.443
r8_1086_greeting_card_occasion,"Name a greeting card occasion. Reply with only the name, nothing else.",0.5389,<long> -> bench,0.5306,mothers day -> bench,0.5435,mothers day -> bench,50,68,0.167,0.244,0.213,60,90,43,0.0,0.187,15.8,valentines day,0.25,16,13.37,16.68,0.347,"valentines day 28%, <long> 17%","valentines day 27%, <long> 24%",0.5357,0.563,0.747,0.747
r8s_0009_galaxy,"Suggest a type of galaxy. Reply with only the name, nothing else.",0.5389,spiral -> bench,0.5389,spiral -> bench,0.5444,spiral -> bench,53,79,0.117,0.122,0.12,60,90,25,0.0,0.093,10.3,spiral galaxy,0.85,4,1.8,4.84,0.652,"spiral galaxy 58%, <long> 12%","spiral galaxy 57%, <long> 12%",0.5344,0.269,0.213,0.213
r8_1325_general,"Name a general. Reply with only the name, nothing else.",0.5389,<long> -> bench,0.525,douglas macarthur -> real,0.5341,douglas macarthur -> real,44,59,0.267,0.344,0.313,60,90,75,0.0,0.26,18.5,george washington,0.5,10,5.9,49.54,0.165,"<long> 27%, george washington 13%","<long> 34%, george washington 10%",0.5523,0.554,0.482,0.578
r8_0584_government_type,"Name a government type. Reply with only the name, nothing else.",0.5389,<long> -> bench,0.5167,anarchy -> real,0.5187,republic -> bench,56,77,0.067,0.144,0.113,60,90,49,0.0,0.067,9.8,democracy,0.35,10,6.77,23.01,0.218,"republic 18%, democracy 10%","republic 20%, <long> 14%",0.5418,0.386,0.159,0.159
r8_1775_caecilian,"Name a caecilian. Reply with only the name, nothing else.",0.5389,<long> -> bench,0.5278,amphiuma -> bench,0.5424,amphiuma -> bench,44,59,0.267,0.344,0.313,60,90,85,0.0,0.173,18.6,dermophis mexicanus,0.1,19,18.66,74.2,0.049,"<long> 27%, typhlus caecilianus 3%","<long> 34%, amphiuma 6%",0.5434,0.51,0.512,0.512
r8s_0405_musical_interval,"Suggest a type of musical interval. Reply with only the name, nothing else.",0.5389,tritone interval -> real,0.5389,tritone interval -> real,0.5444,tritone interval -> real,52,75,0.133,0.167,0.153,60,90,62,0.0,0.14,12.6,octave,0.1,16,15.16,37.66,0.142,"tritone 13%, <long> 13%","<long> 17%, tritone 11%",0.5444,0.48,0.52,0.52
r8_1450_alarm,"Name an alarm. Reply with only the name, nothing else.",0.5389,<long> -> real,0.525,fire alarm -> real,0.5422,smoke alarm -> real,41,69,0.3,0.222,0.253,60,90,82,0.013,0.18,16.6,bedside alarm clock i have,0.05,20,20.0,50.92,0.191,"<long> 30%, smoke alarm 17%","<long> 22%, smoke alarm 12%",0.5361,0.547,0.377,0.377
r8_0637_beaker,"Name a beaker. Reply with only the name, nothing else.",0.5389,beaker 1 -> bench,0.5389,beaker 1 -> bench,0.5524,beaker 1 -> bench,42,65,0.3,0.278,0.287,60,90,65,0.0,0.233,20.5,beaker,0.2,15,13.2,38.31,0.159,"<long> 30%, erlenmeyer beaker 8%","<long> 28%, beaker 1 14%",0.5419,0.539,0.304,0.304
r8_0113_seed,"Name a seed. Reply with only the name, nothing else.",0.5389,<long> -> real,0.5278,pumpkin seed -> bench,0.5384,sunflower seed -> real,44,73,0.267,0.189,0.22,60,90,91,0.0,0.173,16.3,sunflower seed,0.6,6,3.56,69.47,0.111,"<long> 27%, sunflower seed 12%","<long> 19%, sunflower seed 7%",0.5379,0.663,0.439,0.448
r8_1517_spirit,"Name a spirit. Reply with only the name, nothing else.",0.5389,<long> -> bench,0.5333,jack daniels -> real,0.5394,jack daniels -> real,48,65,0.2,0.278,0.247,60,90,63,0.0,0.18,15.2,gin,0.2,14,11.99,36.04,0.168,"<long> 20%, gin 13%","<long> 28%, gin 12%",0.5411,0.641,0.263,0.263
r8_1323_wrench,"Name a wrench. Reply with only the name, nothing else.",0.5389,<long> -> bench,0.5361,wrench -> real,0.5372,wrench -> real,52,71,0.133,0.211,0.18,60,90,46,0.0,0.127,12.8,adjustable wrench,0.2,15,13.2,21.97,0.22,"adjustable wrench 18%, wrench 15%","<long> 21%, adjustable wrench 18%",0.5549,0.568,0.917,0.917
r8_0769_camping_gear,"Name a camping gear. Reply with only the name, nothing else.",0.5389,sleeping bag -> real,0.5389,sleeping bag -> real,0.538,sleeping bag -> real,56,78,0.067,0.133,0.107,60,90,19,0.0,0.087,9.7,tent,0.4,8,5.09,3.02,0.739,"tent 68%, sleeping bag 17%","tent 64%, <long> 13%",0.5337,0.299,0.371,0.371
r8_1523_cheese_used_on_pizza,"Name a cheese used on pizza. Reply with only the name, nothing else.",0.5389,mozzarella cheese -> bench,0.5389,mozzarella cheese -> bench,0.5442,mozzarella cheese -> bench,50,76,0.167,0.156,0.16,60,90,12,0.0,0.12,12.4,mozzarella,0.45,6,3.77,2.77,0.595,"mozzarella 50%, mozzarella cheese 23%","mozzarella 50%, mozzarella cheese 31%",0.5227,0.091,0.028,0.028
r8_1752_zipper,"Name a zipper. Reply with only the name, nothing else.",0.5389,<long> -> bench,0.5167,ykk zipper -> real,0.5179,re zipper -> bench,42,56,0.3,0.378,0.347,60,90,68,0.0,0.273,21.1,ykk zipper,0.25,15,12.48,43.9,0.173,"<long> 30%, ykk zipper 13%","<long> 38%, ykk zipper 10%",0.5379,0.587,0.695,0.695
r8s_0083_wild_animal,"Suggest a type of wild animal. Reply with only the name, nothing else.",0.5389,<long> -> bench,0.5389,wolf -> bench,0.5503,wolf -> bench,56,77,0.067,0.144,0.113,60,90,56,0.0,0.107,10.8,wolf,0.15,14,12.85,30.67,0.165,"tiger 12%, wolf 10%","wolf 18%, <long> 14%",0.5368,0.669,0.341,0.341
r8_0779_quilting_pattern,"Name a quilting pattern. Reply with only the name, nothing else.",0.5389,double wedding ring -> real,0.5389,double wedding ring -> real,0.551,double wedding ring -> real,45,64,0.25,0.289,0.273,60,90,90,0.0,0.153,16.1,log cabin quilt pattern,0.1,18,17.41,76.95,0.073,"<long> 25%, double wedding ring 10%","<long> 29%, log cabin 4%",0.5322,0.798,1.015,1.015
r8s_1313_laundry_detergent_scen,"Suggest a type of laundry detergent scent. Reply with only the name, nothing else.",0.5389,ocean breeze -> bench,0.5389,ocean breeze -> bench,0.5545,ocean breeze -> bench,44,65,0.267,0.278,0.273,60,90,49,0.0,0.167,14.3,ocean breeze,0.2,14,11.99,22.83,0.193,"<long> 27%, fresh scent 13%","<long> 28%, fresh scent 14%",0.5429,0.306,0.368,0.368
r8s_1300_migratory_bird,"Suggest a type of migratory bird. Reply with only the name, nothing else.",0.5389,arctic tern -> bench,0.5389,arctic tern -> bench,0.5503,arctic tern -> bench,54,77,0.1,0.144,0.127,60,90,65,0.0,0.1,11.6,arctic tern,0.3,12,9.49,29.84,0.244,"arctic tern 17%, <long> 10%","arctic tern 24%, <long> 14%",0.5372,0.603,0.438,0.438
r8s_1573_seashore_find,"Suggest a type of seashore find. Reply with only the name, nothing else.",0.5389,seashell -> real,0.5389,seashell -> real,0.5463,seashell -> real,49,67,0.183,0.256,0.227,60,90,43,0.0,0.187,15.0,sand dollar,0.25,11,9.21,18.23,0.216,"<long> 18%, sea glass 15%","<long> 26%, sand dollar 19%",0.5512,0.324,0.643,0.643
r8_0122_body_of_water,"Name a body of water. Reply with only the name, nothing else.",0.5389,<long> -> bench,0.5361,lake tahoe -> real,0.5381,lake tahoe -> real,56,77,0.067,0.144,0.113,60,90,40,0.0,0.113,10.9,pacific ocean,0.35,12,8.81,17.47,0.18,"lake michigan 18%, pacific ocean 18%","<long> 14%, lake michigan 14%",0.5535,0.404,0.55,0.55
r8_0593_yarn,"Name a yarn. Reply with only the name, nothing else.",0.5389,cotton yarn -> bench,0.5389,cotton yarn -> bench,0.5556,cotton yarn -> bench,41,63,0.3,0.289,0.293,60,90,89,0.013,0.227,18.1,red heart love knots,0.05,20,20.0,74.87,0.067,"<long> 30%, yarn 8%","<long> 29%, cotton yarn 8%",0.537,0.659,0.422,0.533
r8s_0068_rodent,"Suggest a type of rodent. Reply with only the name, nothing else.",0.5389,<long> -> bench,0.5278,gerbil -> real,0.5267,gerbil -> real,58,80,0.033,0.111,0.08,60,90,45,0.0,0.06,8.2,rat,0.3,12,9.25,15.34,0.399,"rat 40%, gerbil 10%","rat 34%, <long> 11%",0.5371,0.407,0.341,0.341
r8_0993_violin,"Name a violin. Reply with only the name, nothing else.",0.5389,stradivarius -> real,0.5389,stradivarius -> real,0.5544,stradivarius -> real,36,50,0.4,0.444,0.427,60,90,55,0.0,0.307,22.9,stradivarius,0.2,17,15.16,26.49,0.326,"<long> 40%, stradivarius 23%","<long> 44%, stradivarius 16%",0.561,0.544,0.599,0.599
r8s_0070_building_material,"Suggest a type of building material. Reply with only the name, nothing else.",0.5389,<long> -> bench,0.5222,reinforced concrete -> bench,0.526,reinforced concrete -> bench,56,77,0.067,0.144,0.113,60,90,36,0.0,0.073,9.5,concrete,0.2,13,10.72,11.14,0.368,"concrete 32%, plywood 15%","concrete 33%, <long> 14%",0.5658,0.337,0.999,0.999
r8_0289_supernatural_being,"Name a type of supernatural being. Reply with only the name, nothing else.",0.5389,vampire -> bench,0.5389,vampire -> bench,0.552,vampire -> bench,54,78,0.1,0.133,0.12,60,90,27,0.0,0.093,9.7,ghost,0.2,11,9.09,8.96,0.432,"vampire 33%, ghost 15%","vampire 41%, <long> 13%",0.5481,0.456,0.828,0.828
r8_0798_food,"Name a food. Reply with only the name, nothing else.",0.5389,avocado -> bench,0.5389,avocado -> bench,0.5497,avocado -> bench,41,66,0.317,0.267,0.287,60,90,38,0.0,0.173,14.1,apple,0.25,14,11.64,19.91,0.206,"<long> 32%, apple 15%","<long> 27%, avocado 14%",0.5739,0.431,0.938,0.938
r8s_0375_geological_period,"Suggest a type of geological period. Reply with only the name, nothing else.",0.5389,<long> -> real,0.5333,paleozoic period -> real,0.537,paleozoic period -> real,54,88,0.1,0.022,0.053,60,90,47,0.0,0.047,8.4,cretaceous period,0.25,11,9.21,31.26,0.106,"triassic period 13%, <long> 10%","triassic 10%, triassic period 8%",0.5366,0.609,0.448,0.448
r8_1494_pipette,"Name a pipette. Reply with only the name, nothing else.",0.5389,<long> -> bench,0.5278,pipette -> bench,0.5403,pipette -> bench,46,62,0.233,0.311,0.28,60,90,66,0.0,0.24,18.8,micropipette,0.4,12,8.12,39.67,0.148,"<long> 23%, micropipette 10%","<long> 31%, micropipette 11%",0.5389,0.464,0.257,0.257
r8_0800_lock_type,"Name a lock type. Reply with only the name, nothing else.",0.5389,deadbolt -> real,0.5389,deadbolt -> real,0.5455,deadbolt -> real,51,76,0.15,0.156,0.153,60,90,61,0.0,0.127,12.1,deadbolt lock,0.4,11,7.38,28.53,0.189,"padlock 20%, deadbolt lock 17%","<long> 16%, padlock 13%",0.5769,0.464,0.584,0.567
r8_1456_tolkien_character,"Name a tolkien character. Reply with only the name, nothing else.",0.5389,gandalf -> bench,0.5389,gandalf -> bench,0.5449,gandalf -> bench,56,82,0.067,0.089,0.08,60,90,27,0.0,0.073,10.0,aragorn,0.35,9,6.51,10.96,0.239,"aragorn 22%, gandalf 17%","gandalf 24%, aragorn 22%",0.5466,0.516,0.782,0.782
r8_1196_alphabet_other_than_en,"Name an alphabet other than english. Reply with only the name, nothing else.",0.5389,greek -> bench,0.5389,greek -> bench,0.5471,greek -> bench,51,75,0.15,0.167,0.16,60,90,42,0.0,0.113,11.4,russian alphabet,0.35,12,8.81,19.48,0.238,"russian 23%, <long> 15%","russian 18%, <long> 17%",0.5431,0.51,0.622,0.622
r8_0234_video_game,"Name a video game. Reply with only the name, nothing else.",0.5389,breath of the wild -> real,0.5389,breath of the wild -> real,0.5406,breath of the wild -> real,54,77,0.1,0.144,0.127,60,90,48,0.0,0.093,12.1,breath of the wild,0.2,15,13.2,25.91,0.168,"breath of the wild 17%, super mario bros 13%","super mario bros 16%, <long> 14%",0.5443,0.434,0.421,0.421
r8s_1225_musical_form,"Suggest a musical form. Reply with only the name, nothing else.",0.5389,symphony -> bench,0.5389,symphony -> bench,0.5399,symphony -> bench,47,76,0.217,0.156,0.18,60,90,52,0.0,0.147,13.3,sonata form,0.3,9,6.8,19.95,0.236,"<long> 22%, sonata 17%","symphony 21%, sonata 21%",0.5508,0.407,0.376,0.376
r8s_0051_vitamin,"Suggest a type of vitamin. Reply with only the name, nothing else.",0.5389,vitamin b12 -> bench,0.5389,vitamin b12 -> bench,0.5453,vitamin b12 -> bench,56,82,0.067,0.089,0.08,60,90,15,0.0,0.08,10.3,vitamin c,0.3,8,6.26,6.43,0.283,"vitamin d 27%, vitamin c 20%","vitamin b12 28%, vitamin d 26%",0.5229,0.117,0.23,0.23
r8_1089_mystery_novel_author,"Name a mystery novel author. Reply with only the name, nothing else.",0.5389,agatha christie -> real,0.5389,agatha christie -> real,0.5203,agatha christies -> bench,53,74,0.117,0.178,0.153,60,90,25,0.0,0.14,13.1,agatha christie,0.85,4,1.8,3.38,0.772,"agatha christie 70%, <long> 12%","agatha christie 62%, <long> 18%",0.5248,0.175,0.281,0.281
r8_1620_unicorn,"Name an unicorn. Reply with only the name, nothing else.",0.5389,sparkle -> bench,0.5389,sparkle -> bench,0.5504,sparkle -> bench,50,71,0.167,0.2,0.187,60,90,69,0.007,0.147,13.0,sparkles,0.3,13,10.17,31.85,0.273,"sparkles 18%, <long> 17%","sparkles 24%, <long> 20%",0.5467,0.516,0.549,0.588
r8s_0050_musical_note,"Suggest a type of musical note. Reply with only the name, nothing else.",0.5389,c -> bench,0.5389,c -> bench,0.553,c -> bench,46,66,0.233,0.267,0.253,60,90,69,0.0,0.2,15.4,whole note,0.1,18,17.41,50.83,0.071,"<long> 23%, whole note 7%","<long> 27%, c 8%",0.5413,0.679,0.602,0.602
r8_0522_syrup,"Name a syrup. Reply with only the name, nothing else.",0.5389,maple syrup -> real,0.5389,maple syrup -> real,0.5235,maple syrup -> real,51,71,0.15,0.2,0.18,60,90,38,0.007,0.127,13.4,maple syrup,0.95,2,1.22,6.69,0.639,"maple syrup 57%, <long> 15%","maple syrup 49%, <long> 20%",0.5791,0.317,0.593,0.682
r8_1852_fantasy_author,"Name a fantasy author. Reply with only the name, nothing else.",0.5389,j.r.r. tolkien -> real,0.5389,j.r.r. tolkien -> real,0.5354,tolkien -> bench,56,79,0.067,0.122,0.1,60,90,34,0.0,0.087,11.9,brandon sanderson,0.3,12,9.25,12.58,0.281,"j.r.r. tolkien 30%, brandon sanderson 22%","j.r.r. tolkien 22%, brandon sanderson 21%",0.5646,0.51,1.061,1.061
r8s_1949_speech,"Suggest a type of speech. Reply with only the name, nothing else.",0.5389,<long> -> bench,0.5361,persuasive speech -> real,0.5377,persuasive speech -> real,48,65,0.2,0.278,0.247,60,90,60,0.0,0.213,16.8,persuasive speech,0.3,12,8.85,32.66,0.186,"<long> 20%, persuasive speech 18%","<long> 28%, persuasive speech 11%",0.5421,0.617,0.348,0.35
r8_0182_polymer,"Name a polymer. Reply with only the name, nothing else.",0.5389,polyethylene -> real,0.5389,polyethylene -> real,0.5243,polyethylene -> real,55,76,0.083,0.156,0.127,60,90,40,0.0,0.1,10.8,polyethylene,0.3,14,10.9,10.66,0.481,"polyethylene 47%, <long> 8%","polyethylene 39%, <long> 16%",0.5529,0.366,1.395,1.395
r8_1953_pharmaceutical_form,"Name a pharmaceutical form. Reply with only the name, nothing else.",0.5389,capsule -> real,0.5389,capsule -> real,0.5374,capsule -> real,57,82,0.05,0.089,0.073,60,90,23,0.0,0.06,8.7,capsule,0.4,7,4.41,5.45,0.518,"tablet 50%, capsule 23%","tablet 47%, capsule 16%",0.5406,0.489,0.469,0.469
r8s_0575_amusement_park,"Suggest a type of amusement park. Reply with only the name, nothing else.",0.5389,<long> -> bench,0.525,six flags great adventure -> real,0.5312,six flags great adventure -> real,48,65,0.2,0.278,0.247,60,90,53,0.0,0.2,15.5,cedar point,0.1,16,15.16,29.12,0.177,"<long> 20%, disneyland 13%","<long> 28%, disneyland 13%",0.5445,0.41,0.369,0.369
r8_0847_fictional_villain,"Name a fictional villain. Reply with only the name, nothing else.",0.5389,dr. doom -> real,0.5389,dr. doom -> real,0.5438,dr. doom -> real,52,72,0.133,0.2,0.173,60,90,63,0.0,0.127,12.8,darth vader,0.4,8,5.6,36.94,0.137,"<long> 13%, dr. evil 10%","<long> 20%, dr. evil 12%",0.5417,0.405,0.369,0.369
r8_1811_office_item,"Name an office item. Reply with only the name, nothing else.",0.5389,stapler -> real,0.5389,stapler -> real,0.5198,stapler -> real,60,86,0.0,0.033,0.02,60,90,19,0.007,0.027,6.6,stapler,0.85,3,1.68,2.04,0.877,"stapler 90%, paper clip 3%","stapler 82%, <long> 3%",0.5245,0.19,0.045,0.045
r8s_0821_housing,"Suggest a type of housing. Reply with only the name, nothing else.",0.5389,apartment -> bench,0.5389,apartment -> bench,0.5467,apartment -> bench,50,75,0.167,0.167,0.167,60,90,34,0.0,0.147,13.2,townhouse,0.5,8,5.14,10.93,0.376,"apartment 27%, townhouse 18%","apartment 34%, <long> 17%",0.542,0.436,0.27,0.27
r8_1238_echinoderm,"Name an echinoderm. Reply with only the name, nothing else.",0.5389,starfish -> real,0.5389,starfish -> real,0.5432,starfish -> real,54,81,0.1,0.1,0.1,60,90,22,0.0,0.093,10.8,starfish,0.4,5,4.02,6.7,0.393,"starfish 40%, sea urchin 18%","starfish 32%, sea urchin 19%",0.5591,0.177,0.647,0.647
r8s_0114_ballet,"Suggest a type of ballet. Reply with only the name, nothing else.",0.5389,giselle -> real,0.5389,giselle -> real,0.5387,giselle -> real,54,76,0.1,0.156,0.133,60,90,27,0.0,0.08,10.4,swan lake,0.5,8,5.14,8.02,0.423,"swan lake 40%, giselle 20%","swan lake 34%, <long> 16%",0.5369,0.424,0.406,0.406
r8_1797_nail,"Name a nail. Reply with only the name, nothing else.",0.5389,<long> -> real,0.5139,nail -> bench,0.5173,nail -> bench,34,57,0.433,0.356,0.387,60,90,83,0.007,0.307,22.0,nail,0.4,13,8.71,69.59,0.11,"<long> 43%, nail 5%","<long> 36%, nail 8%",0.5307,0.7,0.276,0.276
r8_0031_unit_of_length,"Name an unit of length. Reply with only the name, nothing else.",0.5389,<long> -> bench,0.5278,inch -> real,0.5272,meter -> bench,60,83,0.0,0.078,0.047,60,90,19,0.0,0.04,7.1,meter,0.7,6,2.94,3.18,0.748,"meter 72%, inch 10%","meter 71%, <long> 8%",0.5322,0.335,0.15,0.15
r8_0492_blanket,"Name a blanket. Reply with only the name, nothing else.",0.5389,<long> -> bench,0.5194,comfy -> real,0.5349,comforter -> bench,40,53,0.333,0.411,0.38,60,90,74,0.0,0.28,20.8,cozy,0.05,20,20.0,56.18,0.14,"<long> 33%, comforter 7%","<long> 41%, comforter 10%",0.5363,0.693,0.271,0.26
r8_0692_textile_pattern,"Name a textile pattern. Reply with only the name, nothing else.",0.5389,ikat -> real,0.5389,ikat -> real,0.5448,ikat -> real,50,71,0.167,0.211,0.193,60,90,58,0.0,0.16,14.0,paisley,0.2,12,10.44,34.07,0.116,"<long> 17%, ikat 13%","<long> 21%, paisley 11%",0.55,0.416,0.369,0.369
r8_0420_seasoning_or_spice,"Name a seasoning or spice. Reply with only the name, nothing else.",0.5389,ginger -> real,0.5389,ginger -> real,0.5407,ginger -> real,57,84,0.05,0.067,0.06,60,90,30,0.0,0.06,8.2,cinnamon,0.45,8,5.26,14.09,0.227,"cinnamon 18%, salt 15%","cinnamon 23%, garlic powder 14%",0.5482,0.426,0.537,0.537
r8_1694_artificial_sweetener,"Name an artificial sweetener. Reply with only the name, nothing else.",0.5389,splenda -> real,0.5389,splenda -> real,0.5381,splenda -> real,58,81,0.033,0.1,0.073,60,90,13,0.0,0.033,8.7,sucralose,0.3,7,5.52,4.43,0.388,"sucralose 35%, stevia 35%","sucralose 37%, stevia 30%",0.5459,0.309,0.327,0.327
r8_0431_pop_star,"Name a pop star. Reply with only the name, nothing else.",0.5389,ariana grande -> real,0.5389,ariana grande -> real,0.5417,ariana grande -> real,56,84,0.067,0.067,0.067,60,90,27,0.0,0.06,8.8,taylor swift,0.2,9,8.26,12.02,0.25,"taylor swift 20%, justin bieber 13%","taylor swift 26%, justin bieber 14%",0.544,0.377,0.359,0.359
r8_0181_literary_device,"Name a literary device. Reply with only the name, nothing else.",0.5389,metaphor -> real,0.5389,metaphor -> real,0.519,simile -> bench,60,84,0.0,0.067,0.04,60,90,17,0.0,0.04,7.8,metaphor,0.65,5,2.99,2.45,0.819,"metaphor 83%, simile 3%","metaphor 76%, <long> 7%",0.5295,0.2,0.114,0.114
r8_1923_ghost_story,"Name a ghost story. Reply with only the name, nothing else.",0.5389,<long> -> bench,0.5139,haunting within the walls -> bench,0.5213,haunting within the walls -> bench,54,74,0.1,0.178,0.147,60,90,21,0.0,0.113,14.2,haunting within,0.55,5,3.12,3.95,0.688,"haunting within 60%, <long> 10%","haunting within 58%, <long> 18%",0.5244,0.11,0.558,0.558
r8_0701_violin_maker,"Name a violin maker. Reply with only the name, nothing else.",0.5389,antonio stradivari -> bench,0.5389,antonio stradivari -> bench,0.5545,antonio stradivari -> bench,47,67,0.217,0.256,0.24,60,90,68,0.0,0.173,15.5,antonio stradivari,0.4,9,6.26,36.66,0.167,"<long> 22%, stradivari 12%","<long> 26%, antonio stradivari 14%",0.5457,0.498,0.475,0.475
r8_0704_ocean_zone,"Name an ocean zone. Reply with only the name, nothing else.",0.5389,twilight zone -> real,0.5389,twilight zone -> real,0.5473,twilight zone -> real,48,66,0.2,0.256,0.233,60,90,60,0.007,0.2,16.1,abyssal zone,0.5,10,5.9,35.0,0.14,"<long> 20%, arctic zone 10%","<long> 26%, abyssal zone 12%",0.5415,0.554,0.364,0.364
r8s_0436_nut,"Suggest a type of nut. Reply with only the name, nothing else.",0.5389,cashew nut -> real,0.5389,cashew nut -> real,0.5443,cashew nut -> real,50,70,0.167,0.222,0.2,60,90,27,0.0,0.193,14.8,almond,0.4,10,6.89,10.33,0.392,"almond 32%, <long> 17%","almond 31%, <long> 22%",0.5427,0.441,0.519,0.519
r8_0305_dinner_food,"Name a dinner food. Reply with only the name, nothing else.",0.5389,<long> -> bench,0.5222,chicken -> bench,0.5377,chicken -> bench,40,53,0.333,0.411,0.38,60,90,53,0.0,0.14,15.4,salmon,0.15,17,15.83,34.5,0.172,"<long> 33%, salmon 13%","<long> 41%, salmon 9%",0.543,0.475,0.585,0.585
r8_1708_leather_item,"Name a leather item. Reply with only the name, nothing else.",0.5389,wallet -> real,0.5389,wallet -> real,0.5462,wallet -> real,54,83,0.1,0.078,0.087,60,90,38,0.0,0.08,9.0,wallet,0.4,8,5.09,14.16,0.277,"wallet 30%, leather jacket 22%","wallet 22%, leather jacket 17%",0.5876,0.299,0.745,0.745
r8_1899_wheelie,"Name a wheelie. Reply with only the name, nothing else.",0.5389,<long> -> bench,0.5194,wheelie -> bench,0.531,wheelie -> bench,44,59,0.267,0.344,0.313,60,90,98,0.0,0.273,19.8,wheelie,0.05,20,20.0,91.55,0.058,"<long> 27%, wheelie.com 3%","<long> 34%, wheelie 6%",0.533,0.697,0.371,0.371
r8_0440_towel,"Name a towel. Reply with only the name, nothing else.",0.5389,bath towel -> bench,0.5389,bath towel -> bench,0.5665,bath towel -> bench,41,55,0.317,0.389,0.36,60,90,59,0.0,0.253,20.1,towel,0.2,17,15.16,33.52,0.188,"<long> 32%, towel 15%","<long> 39%, bath towel 11%",0.539,0.682,0.545,0.545
r8_1310_cartoon_show,"Name a cartoon show. Reply with only the name, nothing else.",0.5389,<long> -> bench,0.5222,scooby-doo -> real,0.5268,spongebob squarepants -> bench,54,74,0.1,0.178,0.147,60,90,32,0.0,0.1,12.2,spongebob squarepants,0.55,9,4.99,12.65,0.383,"spongebob squarepants 32%, <long> 10%","spongebob squarepants 33%, <long> 18%",0.5375,0.539,0.218,0.218
r8_1365_wedding,"Name a type of wedding. Reply with only the name, nothing else.",0.5389,beach wedding -> bench,0.5389,beach wedding -> bench,0.5459,beach wedding -> bench,55,78,0.083,0.122,0.107,60,90,43,0.007,0.1,11.0,destination wedding,0.5,11,6.32,9.15,0.549,"destination wedding 50%, <long> 8%","destination wedding 48%, <long> 12%",0.5377,0.487,1.09,1.09
r8_0941_stunt,"Name a stunt. Reply with only the name, nothing else.",0.5389,<long> -> bench,0.5111,vanishing act -> bench,0.5263,vanishing act -> bench,30,38,0.5,0.578,0.547,60,90,67,0.0,0.313,23.3,backflip,0.05,20,20.0,65.28,0.029,"<long> 50%, double 12 2%","<long> 58%, vanishing act 2%",0.5375,0.577,0.38,0.38
r8s_0732_dried_culinary_herb,"Suggest a type of dried culinary herb. Reply with only the name, nothing else.",0.5389,rosemary -> real,0.5389,rosemary -> real,0.5308,rosemary -> real,45,62,0.25,0.311,0.287,60,90,35,0.0,0.227,17.2,rosemary,0.4,13,8.71,8.8,0.542,"rosemary 43%, <long> 25%","rosemary 36%, <long> 31%",0.5422,0.508,1.092,1.092
r8_0445_squash,"Name a squash. Reply with only the name, nothing else.",0.5389,<long> -> bench,0.5333,butternut squash -> bench,0.5508,butternut squash -> bench,46,62,0.233,0.311,0.28,60,90,89,0.0,0.22,18.8,butternut squash,0.45,9,6.04,72.35,0.102,"<long> 23%, squash 5%","<long> 31%, butternut squash 10%",0.5408,0.667,0.296,0.35
r8_1154_celebration_item,"Name a celebration item. Reply with only the name, nothing else.",0.5389,<long> -> bench,0.5167,victoria sponge cake -> real,0.532,birthday cake -> bench,38,49,0.367,0.444,0.413,60,90,57,0.007,0.26,19.1,cake,0.25,16,13.37,31.46,0.23,"<long> 37%, cake 13%","<long> 44%, cake 13%",0.5487,0.564,0.3,0.36
r8_0454_taco_filling,"Name a type of taco filling. Reply with only the name, nothing else.",0.5389,chicken -> real,0.5389,chicken -> real,0.5504,ground beef -> bench,50,69,0.167,0.233,0.207,60,90,40,0.0,0.173,14.5,ground beef,0.15,16,14.77,14.9,0.277,"chicken 27%, <long> 17%","<long> 23%, ground beef 20%",0.5404,0.483,0.323,0.323
r8_1634_sports_trophy,"Name a sports trophy. Reply with only the name, nothing else.",0.5389,<long> -> bench,0.5306,world series trophy -> real,0.5326,world series trophy -> real,54,73,0.1,0.178,0.147,60,90,44,0.007,0.1,11.5,stanley cup,0.5,8,5.0,14.61,0.37,"stanley cup 30%, <long> 10%","stanley cup 32%, <long> 18%",0.5372,0.497,0.044,0.044
r8_1551_dryer,"Name a dryer. Reply with only the name, nothing else.",0.5389,maytag -> bench,0.5389,maytag -> bench,0.5593,maytag -> bench,43,62,0.283,0.311,0.3,60,90,62,0.0,0.22,18.3,maytag,0.15,17,15.83,35.39,0.21,"<long> 28%, maytag 10%","<long> 31%, maytag 18%",0.539,0.66,0.409,0.409
r8s_0557_lipid,"Suggest a type of lipid. Reply with only the name, nothing else.",0.5389,cholesterol -> real,0.5389,cholesterol -> real,0.5419,cholesterol -> real,55,82,0.083,0.089,0.087,60,90,38,0.0,0.073,10.7,phospholipid,0.4,7,4.75,13.5,0.307,"phospholipid 25%, cholesterol 23%","phospholipid 30%, cholesterol 16%",0.5651,0.329,0.701,0.701
r8s_0988_financial_document,"Suggest a type of financial document. Reply with only the name, nothing else.",0.5389,income statement -> bench,0.5389,income statement -> bench,0.5511,income statement -> bench,51,72,0.15,0.2,0.18,60,90,57,0.0,0.127,13.8,income statement,0.2,16,14.14,29.19,0.163,"<long> 15%, balance sheet 15%","<long> 20%, income statement 14%",0.5495,0.317,0.3,0.3
r8_1743_villain,"Name a villain. Reply with only the name, nothing else.",0.5389,green goblin -> bench,0.5389,green goblin -> bench,0.5432,green goblin -> bench,58,81,0.033,0.1,0.073,60,90,53,0.0,0.06,9.0,darth vader,0.25,11,8.82,22.12,0.252,"thanos 23%, lex luthor 10%","thanos 23%, lex luthor 17%",0.5454,0.523,0.344,0.37
r8_0867_fictional_planet,"Name a fictional planet. Reply with only the name, nothing else.",0.5389,<long> -> bench,0.5278,tatooine -> bench,0.5368,tatooine -> bench,50,68,0.167,0.244,0.213,60,90,101,0.0,0.193,16.7,tatooine,0.15,15,13.42,90.33,0.042,"<long> 17%, planet zargon 5%","<long> 24%, tatooine 6%",0.5614,0.527,0.44,0.475
r8_1557_paper_type,"Name a paper type. Reply with only the name, nothing else.",0.5389,<long> -> bench,0.5306,newspaper -> real,0.5382,newspaper -> real,46,62,0.233,0.311,0.28,60,90,71,0.0,0.247,17.5,a4 paper,0.25,16,13.37,51.95,0.102,"<long> 23%, newspaper 8%","<long> 31%, research paper 8%",0.5391,0.589,0.335,0.259
r8s_0537_cooking_fat,"Suggest a type of cooking fat. Reply with only the name, nothing else.",0.5389,<long> -> bench,0.5278,extra virgin olive oil -> real,0.53,canola oil -> bench,56,77,0.067,0.144,0.113,60,90,16,0.0,0.08,10.7,olive oil,0.85,4,1.8,3.32,0.722,"olive oil 67%, avocado oil 8%","olive oil 62%, <long> 14%",0.5306,0.324,0.098,0.098
r8_1125_noise,"Name a noise. Reply with only the name, nothing else.",0.5389,gaussian noise -> bench,0.5389,gaussian noise -> bench,0.55,gaussian noise -> bench,50,70,0.167,0.222,0.2,60,90,69,0.0,0.153,13.2,siren,0.2,14,12.31,47.07,0.092,"<long> 17%, traffic 8%","<long> 22%, white noise 9%",0.55,0.541,0.685,0.576
r8_1021_capacitor,"Name a capacitor. Reply with only the name, nothing else.",0.5389,<long> -> bench,0.5167,electrolytic capacitor -> bench,0.5308,electrolytic capacitor -> bench,44,59,0.267,0.344,0.313,60,90,82,0.0,0.227,20.8,electrolytic capacitor,0.25,16,13.37,62.76,0.126,"<long> 27%, electrolytic capacitor 7%","<long> 34%, electrolytic capacitor 10%",0.5426,0.582,0.506,0.506
r8_1961_type_of_sports_team,"Name a type of sports team. Reply with only the name, nothing else.",0.5389,baseball team -> bench,0.5389,baseball team -> bench,0.5459,baseball team -> bench,55,78,0.083,0.133,0.113,60,90,42,0.0,0.087,10.5,soccer team,0.25,12,9.62,16.26,0.256,"soccer team 25%, basketball team 15%","soccer team 21%, basketball team 21%",0.5457,0.472,0.437,0.437
r8_1401_griffin,"Name a griffin. Reply with only the name, nothing else.",0.5389,griffin -> bench,0.5389,griffin -> bench,0.5583,griffin -> bench,51,73,0.15,0.189,0.173,60,90,59,0.0,0.127,12.8,griffin,0.55,9,4.99,14.83,0.5,"griffin 37%, <long> 15%","griffin 44%, <long> 19%",0.5407,0.379,0.613,0.613
r8s_1380_ungulate,"Suggest a type of ungulate. Reply with only the name, nothing else.",0.5389,deer -> bench,0.5389,deer -> bench,0.5582,deer -> bench,53,76,0.117,0.156,0.14,60,90,29,0.0,0.133,11.4,deer,0.4,11,7.38,6.5,0.597,"deer 47%, <long> 12%","deer 54%, <long> 16%",0.5406,0.372,0.34,0.34
r8_0045_playground_equipment,"Name a type of playground equipment. Reply with only the name, nothing else.",0.5389,<long> -> bench,0.5389,swings -> real,0.5329,swings -> real,57,80,0.033,0.111,0.08,60,90,18,0.007,0.08,10.3,swing set,0.45,6,4.22,5.53,0.314,"swing set 32%, swings 30%","swing set 27%, swings 22%",0.5485,0.403,0.892,0.892
r8_1304_discovery,"Name a type of discovery. Reply with only the name, nothing else.",0.5389,<long> -> bench,0.5167,exoplanet discovery -> bench,0.5242,exoplanet discovery -> bench,46,62,0.233,0.311,0.28,60,90,92,0.0,0.2,16.6,accidental discovery,0.25,15,12.48,79.99,0.065,"<long> 23%, accidental discovery 5%","<long> 31%, accidental discovery 4%",0.5294,0.778,0.417,0.503
r8_0509_body_system,"Name a body system. Reply with only the name, nothing else.",0.5389,musculoskeletal system -> bench,0.5389,musculoskeletal system -> bench,0.5461,musculoskeletal system -> bench,52,76,0.133,0.156,0.147,60,90,36,0.0,0.133,12.5,nervous system,0.35,9,6.79,18.23,0.156,"nervous system 17%, digestive system 13%","<long> 16%, digestive system 13%",0.5483,0.319,0.383,0.383
r8_0961_fish_scale_shape,"Name a fish scale shape. Reply with only the name, nothing else.",0.5389,<long> -> bench,0.525,rhomboid -> bench,0.5404,rhomboid -> bench,44,58,0.267,0.344,0.313,60,90,75,0.007,0.227,18.6,cycloid,0.3,12,9.49,57.19,0.098,"<long> 27%, cycloid 7%","<long> 34%, rhomboid 7%",0.5473,0.462,0.365,0.365
r8_1927_fruit_tree_blossom,"Name a fruit tree blossom. Reply with only the name, nothing else.",0.5389,apple blossom -> real,0.5389,apple blossom -> real,0.5551,apple -> bench,42,57,0.3,0.356,0.333,60,90,39,0.007,0.18,16.1,apple blossom,0.2,15,13.2,13.83,0.384,"<long> 30%, apple blossom 30%","<long> 36%, apple blossom 22%",0.5782,0.386,0.822,0.822
r8s_1423_bitter,"Suggest a type of bitter. Reply with only the name, nothing else.",0.5389,<long> -> bench,0.525,campari bitter -> real,0.5341,campari bitter -> real,44,59,0.267,0.344,0.313,60,90,92,0.0,0.233,18.8,angostura bitters,0.15,16,14.77,86.31,0.029,"<long> 27%, campari bitter 5%","<long> 34%, grapefruit bitter 2%",0.55,0.556,0.749,0.749
r8s_1886_dolphin,"Suggest a type of dolphin. Reply with only the name, nothing else.",0.5389,spinner dolphin -> real,0.5389,spinner dolphin -> real,0.5386,spinner dolphin -> real,58,84,0.033,0.067,0.053,60,90,29,0.0,0.04,8.8,bottlenose dolphin,0.45,10,6.31,7.72,0.465,"bottlenose dolphin 47%, spinner dolphin 17%","bottlenose dolphin 42%, common dolphin 16%",0.533,0.487,0.106,0.106
r8_1218_building_toy,"Name a building toy. Reply with only the name, nothing else.",0.5389,<long> -> bench,0.525,lego house -> real,0.5503,legos -> bench,44,59,0.267,0.344,0.313,60,90,36,0.0,0.207,17.0,lego,0.35,11,7.67,11.18,0.35,"<long> 27%, lego 25%","<long> 34%, lego 23%",0.5445,0.378,0.61,0.61
r8_1531_lake_formation,"Name a lake formation. Reply with only the name, nothing else.",0.5389,<long> -> bench,0.5278,lake baikal -> bench,0.539,lake baikal -> bench,52,71,0.133,0.211,0.18,60,90,62,0.0,0.153,14.0,lake bonneville,0.15,17,15.83,36.31,0.122,"<long> 13%, lake michigan 12%","<long> 21%, lake baikal 12%",0.5389,0.236,0.506,0.506
r8s_0387_predator,"Suggest a type of predator. Reply with only the name, nothing else.",0.5389,hawk -> bench,0.5389,hawk -> bench,0.5449,hawk -> bench,50,77,0.167,0.144,0.153,60,90,41,0.0,0.113,11.3,lion,0.4,10,6.89,17.26,0.26,"lion 23%, <long> 17%","lion 21%, wolf 16%",0.5417,0.548,0.302,0.302
r8_0889_wind_pattern,"Name a wind pattern. Reply with only the name, nothing else.",0.5389,santa ana winds -> real,0.5389,santa ana winds -> real,0.5403,santa ana winds -> real,53,74,0.117,0.178,0.153,60,90,41,0.0,0.14,12.6,trade winds,0.45,12,7.44,12.76,0.409,"trade winds 37%, santa ana winds 17%","trade winds 33%, <long> 18%",0.5542,0.472,1.061,1.061
r8_0282_train_type,"Name a train type. Reply with only the name, nothing else.",0.5389,amtrak -> real,0.5389,amtrak -> real,0.5449,amtrak -> real,49,68,0.183,0.244,0.22,60,90,57,0.0,0.173,15.6,amtrak,0.45,12,7.44,30.55,0.179,"<long> 18%, bullet train 15%","<long> 24%, bullet train 13%",0.5594,0.556,0.389,0.411
r8s_1941_printed_publication,"Suggest a type of printed publication. Reply with only the name, nothing else.",0.5389,<long> -> bench,0.525,brochure -> real,0.5406,magazine -> bench,50,68,0.167,0.244,0.213,60,90,47,0.0,0.14,12.7,magazine,0.35,11,7.67,15.89,0.407,"magazine 30%, <long> 17%","magazine 33%, <long> 24%",0.543,0.482,0.639,0.639
r8_0844_spice_from_peppercorn,"Name a spice from peppercorn. Reply with only the name, nothing else.",0.5389,allspice -> real,0.5389,allspice -> real,0.5548,allspice -> real,43,67,0.283,0.256,0.267,60,90,56,0.0,0.193,16.6,piperine,0.2,15,13.19,34.17,0.155,"<long> 28%, black pepper 10%","<long> 26%, black pepper 12%",0.5559,0.398,0.554,0.554
r8_1942_dice_game,"Name a dice game. Reply with only the name, nothing else.",0.5389,craps -> bench,0.5389,craps -> bench,0.5434,craps -> bench,49,76,0.183,0.156,0.167,60,90,33,0.0,0.113,12.8,yahtzee,0.6,8,4.2,9.58,0.352,"yahtzee 27%, <long> 18%","yahtzee 31%, craps 21%",0.548,0.315,0.383,0.383
r8s_0888_navigational_instrumen,"Suggest a type of navigational instrument. Reply with only the name, nothing else.",0.5389,gps receiver -> bench,0.5389,gps receiver -> bench,0.5485,gps receiver -> bench,55,75,0.083,0.156,0.127,60,90,51,0.007,0.087,10.5,compass,0.55,7,4.05,19.97,0.323,"compass 32%, gps 10%","compass 26%, <long> 16%",0.5502,0.452,0.171,0.171
r8_1160_nereid,"Name a nereid. Reply with only the name, nothing else.",0.5389,nereid -> bench,0.5389,nereid -> bench,0.5583,nereid -> bench,36,60,0.367,0.333,0.347,60,90,81,0.013,0.253,19.9,nereid,0.15,18,16.96,69.67,0.073,"<long> 37%, thetis 5%","<long> 33%, nereid 8%",0.5407,0.678,0.694,0.769
r8s_0245_olive,"Suggest a type of olive. Reply with only the name, nothing else.",0.5361,<long> -> bench,0.5361,castelvetrano olive -> real,0.5342,castelvetrano olive -> real,55,76,0.083,0.156,0.127,60,90,55,0.0,0.1,12.5,manzanilla olives,0.15,13,11.68,28.08,0.16,"castelvetrano olive 18%, kalamata olive 10%","<long> 16%, kalamata olive 11%",0.5413,0.629,0.466,0.466
r8s_1387_political_office,"Suggest a type of political office. Reply with only the name, nothing else.",0.5361,<long> -> bench,0.5361,mayor -> bench,0.5498,mayor -> bench,55,76,0.083,0.156,0.127,60,90,46,0.0,0.067,8.4,mayor,0.35,13,9.44,20.03,0.221,"mayor 15%, governor 12%","mayor 22%, governor 17%",0.5444,0.45,0.685,0.685
r8_0662_game_meat,"Name a game meat. Reply with only the name, nothing else.",0.5361,<long> -> bench,0.525,venison jerky -> real,0.5486,venison -> bench,51,70,0.15,0.222,0.193,60,90,39,0.0,0.173,14.7,venison,0.7,7,3.15,10.83,0.488,"venison 37%, <long> 15%","venison 41%, <long> 22%",0.5564,0.352,0.512,0.512
r8_0533_yoga_pose,"Name a yoga pose. Reply with only the name, nothing else.",0.5361,<long> -> bench,0.5194,downward-facing dog -> real,0.5189,warrior two -> real,53,73,0.117,0.189,0.16,60,90,29,0.0,0.127,14.3,downward-facing dog,0.35,9,6.97,9.07,0.429,"downward-facing dog 38%, childs pose 13%","downward-facing dog 34%, <long> 19%",0.5383,0.407,0.857,0.857
r8_0632_european_capital,"Name an european capital. Reply with only the name, nothing else.",0.5361,paris -> real,0.5361,paris -> real,0.5293,paris -> real,56,79,0.067,0.122,0.1,60,90,11,0.0,0.073,8.4,paris,0.55,6,3.58,3.67,0.504,"berlin 48%, paris 35%","berlin 43%, paris 28%",0.5508,0.233,0.596,0.596
r8_0930_viruse,"Name a viruse. Reply with only the name, nothing else.",0.5361,<long> -> real,0.5278,influenza virus -> bench,0.5299,influenza virus -> bench,45,74,0.25,0.178,0.207,60,90,53,0.0,0.167,14.5,hiv,0.3,13,10.17,24.59,0.244,"<long> 25%, hiv 18%","hiv 20%, <long> 18%",0.5551,0.399,0.498,0.461
r8_0688_fruit_peel,"Name a fruit peel. Reply with only the name, nothing else.",0.5361,<long> -> bench,0.5278,apple peel -> real,0.5259,apple peel -> real,57,79,0.05,0.122,0.093,60,90,9,0.0,0.08,9.4,orange peel,0.6,5,3.18,3.14,0.618,"orange peel 57%, banana peel 18%","orange peel 56%, banana peel 18%",0.5474,0.251,0.514,0.514
r8_0629_deodorant,"Name a deodorant. Reply with only the name, nothing else.",0.5361,degree -> real,0.5361,degree -> real,0.5459,degree -> real,47,70,0.217,0.211,0.213,60,90,42,0.007,0.14,13.9,sure,0.2,12,10.44,20.15,0.145,"<long> 22%, degree 12%","<long> 21%, old spice 11%",0.5464,0.542,0.53,0.53
r8_1280_yeti,"Name a yeti. Reply with only the name, nothing else.",0.5361,yeti -> real,0.5361,yeti -> real,0.5495,yeti -> real,45,68,0.25,0.244,0.247,60,90,65,0.0,0.18,15.5,yeti,0.75,6,2.62,22.54,0.407,"yeti 35%, <long> 25%","yeti 28%, <long> 24%",0.5376,0.506,0.239,0.239
r8_0231_liquor,"Name a liquor. Reply with only the name, nothing else.",0.5361,whiskey -> bench,0.5361,whiskey -> bench,0.5474,whiskey -> bench,53,74,0.117,0.178,0.153,60,90,41,0.0,0.113,12.2,gin,0.25,8,6.32,18.32,0.213,"gin 22%, <long> 12%","<long> 18%, gin 16%",0.5445,0.37,0.433,0.433
r8s_0215_soap,"Suggest a type of soap. Reply with only the name, nothing else.",0.5361,dove soap -> real,0.5361,dove soap -> real,0.5464,dove soap -> real,46,68,0.233,0.244,0.24,60,90,52,0.0,0.12,13.2,dove soap,0.35,12,8.81,27.69,0.14,"<long> 23%, dove soap 15%","<long> 24%, castile soap 10%",0.539,0.568,0.282,0.282
r8_1065_culinary_mushroom,"Name a culinary mushroom. Reply with only the name, nothing else.",0.5361,chanterelle mushroom -> real,0.5361,chanterelle mushroom -> real,0.5435,agaricus bisporus -> bench,49,69,0.183,0.233,0.213,60,90,37,0.0,0.16,15.3,maitake mushroom,0.15,13,11.38,21.5,0.11,"<long> 18%, shiitake mushroom 12%","<long> 23%, shiitake 9%",0.5512,0.57,0.786,0.786
r8_1789_food_flavor,"Name a food flavor. Reply with only the name, nothing else.",0.5361,<long> -> bench,0.5167,orange -> real,0.5196,orange -> real,51,70,0.15,0.222,0.193,60,90,72,0.0,0.16,12.9,vanilla,0.1,18,17.41,48.59,0.091,"<long> 15%, strawberry 7%","<long> 22%, vanilla 8%",0.5427,0.574,0.611,0.611
r8s_0257_feeling,"Suggest a type of feeling. Reply with only the name, nothing else.",0.5361,anxious -> real,0.5361,anxious -> real,0.5389,anxious -> real,53,76,0.1,0.156,0.133,60,90,52,0.007,0.133,11.9,excitement,0.2,14,11.99,31.75,0.124,"anxious 15%, <long> 10%","<long> 16%, anxious 8%",0.5435,0.469,0.34,0.34
r8_0952_savanna,"Name a savanna. Reply with only the name, nothing else.",0.5361,<long> -> bench,0.5194,serengeti savanna -> bench,0.5361,serengeti savanna -> bench,41,55,0.317,0.389,0.36,60,90,61,0.0,0.3,21.3,serengeti savanna,0.25,11,8.98,37.38,0.146,"<long> 32%, serengeti 8%","<long> 39%, serengeti 10%",0.5483,0.418,0.446,0.446
r8s_1329_legume_pod,"Suggest a type of legume pod. Reply with only the name, nothing else.",0.5361,soybean pod -> bench,0.5361,soybean pod -> bench,0.5441,soybean pod -> bench,53,76,0.117,0.156,0.14,60,90,55,0.0,0.087,12.6,snow pea pod,0.2,15,13.2,33.26,0.14,"snow pea pod 12%, <long> 12%","<long> 16%, soybean pod 12%",0.5424,0.535,0.505,0.505
r8s_0592_musical_band,"Suggest a type of musical band. Reply with only the name, nothing else.",0.5361,jazz band -> bench,0.5361,jazz band -> bench,0.5419,jazz band -> bench,50,77,0.167,0.144,0.153,60,90,65,0.0,0.113,12.6,bluegrass band,0.1,19,18.66,37.14,0.181,"<long> 17%, indie rock band 12%","indie rock band 18%, <long> 14%",0.5525,0.535,0.618,0.618
r8_0433_college_major,"Name a college major. Reply with only the name, nothing else.",0.5361,<long> -> bench,0.5194,political science -> real,0.5271,computer science major -> bench,49,67,0.183,0.256,0.227,60,90,50,0.0,0.2,14.9,computer science,0.2,15,13.2,25.18,0.233,"<long> 18%, computer science 18%","<long> 26%, computer science 18%",0.5595,0.428,0.74,0.503
r8s_0524_kitchen_utensil,"Suggest a type of kitchen utensil. Reply with only the name, nothing else.",0.5361,spatula -> bench,0.5361,spatula -> bench,0.5351,silicone spatula -> real,57,87,0.05,0.033,0.04,60,90,38,0.0,0.027,7.1,whisk,0.25,12,9.46,10.2,0.479,"spatula 42%, whisk 15%","spatula 49%, whisk 9%",0.5357,0.558,0.617,0.617
r8_1070_mixer,"Name a mixer. Reply with only the name, nothing else.",0.5361,kitchenaid mixer -> bench,0.5361,kitchenaid mixer -> bench,0.5556,kitchenaid mixer -> bench,41,59,0.317,0.344,0.333,60,90,79,0.0,0.233,19.4,singer,0.05,20,20.0,64.33,0.09,"<long> 32%, sound mixer 3%","<long> 34%, kitchenaid mixer 9%",0.5359,0.671,0.525,0.452
r8_0365_monster,"Name a monster. Reply with only the name, nothing else.",0.5361,<long> -> bench,0.525,mothra -> real,0.5331,frankensteins monster -> bench,55,76,0.083,0.156,0.127,60,90,61,0.0,0.107,12.3,beholder,0.25,11,8.6,25.27,0.275,"frankensteins monster 22%, mothra 8%","frankensteins monster 26%, <long> 16%",0.5359,0.481,0.25,0.258
r8s_0876_performing_art_venue,"Suggest a type of performing-art venue. Reply with only the name, nothing else.",0.5361,<long> -> real,0.5139,theatre -> bench,0.5149,opera house -> real,53,86,0.117,0.044,0.073,60,90,28,0.0,0.06,9.0,theater,0.35,9,5.91,6.71,0.453,"opera house 42%, theater 23%","opera house 42%, theater 23%",0.5432,0.336,0.307,0.307
r8_1007_sound_heard_at_night,"Name a sound heard at night. Reply with only the name, nothing else.",0.5361,barking -> bench,0.5361,barking -> bench,0.5488,barking -> bench,46,67,0.217,0.256,0.24,60,90,54,0.007,0.213,16.0,owl hooting,0.25,11,8.82,34.26,0.133,"<long> 22%, owl 8%","<long> 26%, owl 11%",0.5469,0.49,0.808,0.808
r8_0507_precious_stone,"Name a precious stone. Reply with only the name, nothing else.",0.5361,<long> -> bench,0.5306,ruby -> real,0.5527,diamond -> bench,57,79,0.05,0.122,0.093,60,90,10,0.0,0.08,8.6,diamond,0.65,3,2.21,2.69,0.728,"diamond 63%, ruby 12%","diamond 68%, <long> 12%",0.5384,0.274,0.769,0.769
r8_1008_book_cover,"Name a book cover. Reply with only the name, nothing else.",0.5361,to kill a mockingbird -> real,0.5361,to kill a mockingbird -> real,0.5582,to kill a mockingbird -> real,32,44,0.467,0.511,0.493,60,90,41,0.0,0.253,22.9,to kill a mockingbird,0.3,12,8.85,20.61,0.276,"<long> 47%, to kill a mockingbird 18%","<long> 51%, to kill a mockingbird 11%",0.5598,0.45,1.455,1.455
r8_1133_meteor,"Name a meteor. Reply with only the name, nothing else.",0.5361,<long> -> bench,0.5194,leonid -> real,0.5315,chelyabinsk meteor -> bench,43,58,0.283,0.356,0.327,60,90,79,0.0,0.233,18.9,chelyabinsk meteor,0.1,19,18.66,63.86,0.089,"<long> 28%, meteor 7%","<long> 36%, meteor 6%",0.5419,0.583,0.386,0.386
r8_1645_sacred_text,"Name a sacred text. Reply with only the name, nothing else.",0.5361,bhagavad gita -> bench,0.5361,bhagavad gita -> bench,0.5444,bhagavad gita -> bench,52,74,0.133,0.178,0.16,60,90,18,0.0,0.133,12.4,bible,0.7,7,3.15,3.32,0.738,"bible 60%, <long> 13%","bible 63%, <long> 18%",0.544,0.218,0.272,0.272
r8_1313_laundry_detergent_scen,"Name a laundry detergent scent. Reply with only the name, nothing else.",0.5361,ocean breeze -> real,0.5361,ocean breeze -> real,0.5516,ocean breeze -> real,43,66,0.283,0.267,0.273,60,90,60,0.0,0.18,15.2,fresh scent,0.25,14,11.34,34.22,0.165,"<long> 28%, ocean breeze 15%","<long> 27%, fresh scent 14%",0.5466,0.415,0.537,0.537
r8_1248_golem,"Name a golem. Reply with only the name, nothing else.",0.5361,golem -> bench,0.5361,golem -> bench,0.5542,golem -> bench,41,61,0.317,0.322,0.32,60,90,65,0.0,0.26,19.4,goliath,0.15,16,14.77,32.28,0.284,"<long> 32%, golem 15%","<long> 32%, golem 22%",0.535,0.505,0.545,0.545
r8_1152_fungus_type,"Name a fungus type. Reply with only the name, nothing else.",0.5361,<long> -> bench,0.5278,penicillium -> real,0.5242,penicillium -> real,53,73,0.117,0.189,0.16,60,90,70,0.0,0.127,13.4,candida albicans,0.1,19,18.66,36.09,0.198,"penicillium 20%, aspergillus 13%","<long> 19%, penicillium 14%",0.5413,0.504,0.553,0.358
r8s_0797_athlete,"Suggest a type of athlete. Reply with only the name, nothing else.",0.5361,<long> -> bench,0.5333,marathoner -> bench,0.538,marathoner -> bench,57,79,0.05,0.122,0.093,60,90,47,0.0,0.087,10.7,gymnast,0.15,11,9.65,26.08,0.132,"marathon runner 12%, basketball player 12%","<long> 12%, marathon runner 12%",0.5579,0.524,0.714,0.592
r8_1144_part_of_a_seed,"Name a part of a seed. Reply with only the name, nothing else.",0.5361,embryo -> real,0.5361,embryo -> real,0.5457,endosperm -> real,47,70,0.217,0.222,0.22,60,90,40,0.0,0.127,13.1,embryo,0.25,12,9.87,11.68,0.436,"embryo 38%, <long> 22%","embryo 31%, <long> 22%",0.5438,0.413,0.402,0.433
r8_1135_cookie_variety,"Name a cookie variety. Reply with only the name, nothing else.",0.5361,<long> -> real,0.5361,chocolate chip cookie -> real,0.5557,chocolate chip cookie -> real,47,77,0.217,0.144,0.173,60,90,47,0.0,0.127,14.0,chocolate chip cookie,0.2,14,11.99,18.53,0.25,"chocolate chip cookie 25%, <long> 22%","chocolate chip cookies 19%, chocolate chip cookie 18%",0.5314,0.487,0.085,0.085
r8_1719_us_state,"Name an us state. Reply with only the name, nothing else.",0.5361,texas -> bench,0.5361,texas -> bench,0.5422,texas -> bench,53,78,0.117,0.133,0.127,60,90,32,0.0,0.093,9.2,california,0.4,11,7.58,11.94,0.374,"california 35%, florida 13%","california 31%, <long> 13%",0.5343,0.647,0.392,0.392
r8_0456_jazz_standard,"Name a jazz standard. Reply with only the name, nothing else.",0.5361,take five -> bench,0.5361,take five -> bench,0.5415,take five -> bench,41,65,0.317,0.267,0.287,60,90,32,0.007,0.127,13.4,take five,0.2,12,10.17,10.95,0.368,"<long> 32%, take five 22%","take five 29%, <long> 27%",0.5606,0.37,0.832,0.832
r8s_0931_tunnel,"Suggest a type of tunnel. Reply with only the name, nothing else.",0.5361,eisenhower tunnel -> bench,0.5361,eisenhower tunnel -> bench,0.545,eisenhower tunnel -> bench,51,73,0.15,0.189,0.173,60,90,93,0.0,0.087,12.1,rail tunnel,0.05,20,20.0,74.12,0.073,"<long> 15%, single-tube tunnel 7%","<long> 19%, eisenhower tunnel 9%",0.5363,0.622,0.24,0.256
r8s_0547_bathroom_fixture,"Suggest a type of bathroom fixture. Reply with only the name, nothing else.",0.5361,<long> -> bench,0.525,pedestal sink -> real,0.5273,pedestal sink -> real,55,76,0.083,0.156,0.127,60,90,58,0.0,0.113,11.6,toilet paper holder,0.15,17,15.83,34.44,0.168,"bathtub 17%, <long> 8%","<long> 16%, bathtub 13%",0.547,0.401,0.719,0.719
r8_0378_number,"Name a number. Reply with only the name, nothing else.",0.5361,two -> real,0.5361,two -> real,0.5392,two -> real,55,80,0.083,0.111,0.1,60,90,54,0.0,0.087,10.1,seven,0.35,11,8.22,29.34,0.141,"seven 13%, one 12%","seven 12%, <long> 11%",0.5561,0.503,0.291,0.291
r8_0344_coastal_feature,"Name a type of coastal feature. Reply with only the name, nothing else.",0.5361,sandbar -> real,0.5361,sandbar -> real,0.5443,sandbar -> real,49,74,0.167,0.178,0.173,60,90,60,0.007,0.16,13.7,cliffs,0.2,17,15.16,37.34,0.13,"<long> 17%, sandbar 8%","<long> 18%, beach 13%",0.5458,0.585,1.011,1.011
r8s_0326_glove,"Suggest a type of glove. Reply with only the name, nothing else.",0.5361,nitrile gloves -> bench,0.5361,nitrile gloves -> bench,0.5439,nitrile gloves -> bench,53,75,0.117,0.167,0.147,60,90,54,0.0,0.067,11.4,nitrile glove,0.2,14,11.99,26.76,0.211,"nitrile glove 15%, <long> 12%","nitrile glove 20%, <long> 17%",0.5495,0.408,0.501,0.494
r8_0471_tooth,"Name a tooth. Reply with only the name, nothing else.",0.5361,<long> -> bench,0.5333,wisdom tooth -> real,0.5681,incisor -> bench,55,76,0.083,0.156,0.127,60,90,17,0.0,0.12,12.8,incisor,1.0,1,1.0,2.44,0.824,"incisor 68%, <long> 8%","incisor 74%, <long> 16%",0.5275,0.17,0.242,0.242
r8_1072_state_of_equilibrium,"Name a state of equilibrium. Reply with only the name, nothing else.",0.5361,chemical equilibrium -> bench,0.5361,chemical equilibrium -> bench,0.5573,static equilibrium -> real,38,59,0.367,0.344,0.353,60,90,52,0.0,0.273,20.1,dynamic equilibrium,0.2,14,12.31,34.58,0.144,"<long> 37%, static equilibrium 8%","<long> 34%, chemical equilibrium 12%",0.5545,0.511,0.569,0.566
r8_0598_magic_spell,"Name a magic spell. Reply with only the name, nothing else.",0.5361,<long> -> real,0.5222,invisibility spell -> bench,0.5285,abracadabra -> real,45,74,0.25,0.178,0.207,60,90,75,0.0,0.14,14.6,expelliarmus,0.1,18,17.41,45.21,0.185,"<long> 25%, expecto patronum 13%","<long> 18%, expecto patronum 16%",0.5342,0.693,0.37,0.403
r8s_0344_coastal_feature,"Suggest a type of coastal feature. Reply with only the name, nothing else.",0.5361,salt marsh -> real,0.5361,salt marsh -> real,0.5392,salt marsh -> real,55,80,0.083,0.111,0.1,60,90,69,0.0,0.093,11.0,salt marsh,0.15,15,13.42,44.49,0.111,"estuary 10%, salt marsh 8%","<long> 11%, estuary 10%",0.5422,0.438,0.565,0.565
r8_0571_steak,"Name a steak. Reply with only the name, nothing else.",0.5361,porterhouse steak -> real,0.5361,porterhouse steak -> real,0.5416,porterhouse steak -> real,52,77,0.133,0.144,0.14,60,90,26,0.0,0.127,13.8,ribeye steak,0.5,8,5.14,9.36,0.403,"ribeye steak 37%, <long> 13%","ribeye steak 33%, <long> 14%",0.5397,0.497,0.328,0.328
r8s_0218_mountain,"Suggest a type of mountain. Reply with only the name, nothing else.",0.5361,<long> -> bench,0.5167,mount everest -> real,0.5213,mount everest -> real,47,64,0.217,0.289,0.26,60,90,78,0.0,0.227,17.1,folded mountains,0.1,18,17.41,58.36,0.099,"<long> 22%, alps 7%","<long> 29%, alps 8%",0.533,0.71,0.329,0.358
r8_1507_children_s_tv_show,"Name a children's tv show. Reply with only the name, nothing else.",0.5361,peppa pig -> real,0.5361,peppa pig -> real,0.5378,peppa pig -> real,49,70,0.183,0.222,0.207,60,90,47,0.0,0.18,15.5,peppa pig,0.2,14,11.99,21.07,0.303,"peppa pig 28%, <long> 18%","<long> 22%, peppa pig 21%",0.54,0.66,0.254,0.254
r8s_1250_oral_care_product,"Suggest a type of oral care product. Reply with only the name, nothing else.",0.5361,toothbrush -> real,0.5361,toothbrush -> real,0.5409,toothbrush -> real,51,74,0.15,0.178,0.167,60,90,38,0.0,0.087,11.8,fluoride toothpaste,0.25,11,8.6,16.62,0.184,"mouthwash 17%, <long> 15%","<long> 18%, toothpaste 16%",0.5526,0.366,0.732,0.732
r8_1115_laughter,"Name a laughter. Reply with only the name, nothing else.",0.5361,<long> -> bench,0.5167,chuckles -> real,0.5227,chuckles -> real,44,61,0.25,0.322,0.293,60,90,101,0.007,0.22,17.8,giggles,0.1,19,18.66,96.52,0.029,"<long> 25%, chuckles 3%","<long> 32%, laughter 2%",0.527,0.745,0.295,0.31
r8_1193_type_of_fictional_spac,"Name a type of fictional spaceship. Reply with only the name, nothing else.",0.5361,destroyer -> real,0.5361,destroyer -> real,0.5488,destroyer -> real,45,69,0.25,0.233,0.24,60,90,52,0.0,0.207,16.2,millennium falcon,0.5,10,5.9,17.05,0.404,"millennium falcon 27%, <long> 25%","millennium falcon 33%, <long> 23%",0.5387,0.485,0.168,0.168
r8s_1204_fast_food,"Suggest a type of fast food. Reply with only the name, nothing else.",0.5361,burger king -> bench,0.5361,burger king -> bench,0.5436,burger king -> bench,57,80,0.05,0.111,0.087,60,90,26,0.0,0.08,10.4,mcdonalds,0.5,7,4.47,7.2,0.511,"mcdonalds 50%, burger king 8%","mcdonalds 44%, burger king 16%",0.5478,0.323,0.299,0.299
r8_1753_bottled_water_brand,"Name a bottled water brand. Reply with only the name, nothing else.",0.5361,dasani -> real,0.5361,dasani -> real,0.5367,dasani -> real,54,75,0.1,0.167,0.14,60,90,24,0.0,0.12,12.0,aquafina,0.3,8,6.37,6.63,0.504,"aquafina 42%, dasani 15%","aquafina 44%, <long> 17%",0.5364,0.405,0.279,0.279
r8_0312_garnish,"Name a garnish. Reply with only the name, nothing else.",0.5361,<long> -> bench,0.525,lime wedge -> bench,0.5349,lime wedge -> bench,51,70,0.15,0.222,0.193,60,90,64,0.0,0.16,13.3,mint leaves,0.15,16,14.77,35.63,0.19,"mint leaves 18%, <long> 15%","<long> 22%, mint leaves 13%",0.5377,0.595,0.367,0.367
r8s_0445_squash,"Suggest a type of squash. Reply with only the name, nothing else.",0.5361,honey squash -> bench,0.5361,honey squash -> bench,0.5449,honey squash -> bench,51,74,0.15,0.178,0.167,60,90,61,0.0,0.127,12.7,butternut squash,0.7,6,2.94,31.71,0.176,"<long> 15%, butternut squash 15%","<long> 18%, butternut squash 14%",0.539,0.503,0.303,0.303
r8_0200_game_show,"Name a game show. Reply with only the name, nothing else.",0.5361,<long> -> bench,0.5083,challenge. good sam -> real,0.5187,jeopardy -> bench,55,76,0.083,0.156,0.127,60,90,28,0.0,0.08,10.8,jeopardy,0.45,6,4.46,7.76,0.458,"jeopardy 40%, wheel of fortune 13%","jeopardy 40%, <long> 16%",0.5416,0.436,0.224,0.224
r8_1174_colour_shade,"Name a colour shade. Reply with only the name, nothing else.",0.5361,light blue -> bench,0.5361,light blue -> bench,0.543,light blue -> bench,52,76,0.133,0.156,0.147,60,90,92,0.0,0.113,11.2,baby pink,0.1,19,18.66,73.61,0.07,"<long> 13%, dusty rose 3%","<long> 16%, light blue 9%",0.5337,0.728,0.247,0.247
r8s_0190_wood,"Suggest a type of wood. Reply with only the name, nothing else.",0.5361,<long> -> bench,0.5333,mahogany -> real,0.5322,mahogany -> real,57,79,0.05,0.122,0.093,60,90,32,0.0,0.067,9.7,oak,0.3,9,7.32,13.05,0.338,"oak 33%, mahogany 13%","oak 29%, <long> 12%",0.5316,0.487,0.016,0.016
r8s_1428_transportation_mode,"Suggest a type of transportation mode. Reply with only the name, nothing else.",0.5361,bicycle -> real,0.5361,bicycle -> real,0.5395,airplane -> bench,54,76,0.1,0.156,0.133,60,90,40,0.0,0.12,10.8,bus,0.2,12,10.17,15.35,0.254,"bus 20%, bicycle 15%","bus 23%, <long> 16%",0.5519,0.345,0.55,0.55
r8s_1879_oasis,"Suggest a type of oasis. Reply with only the name, nothing else.",0.5361,<long> -> real,0.5194,temperate oasis -> bench,0.5236,temperate oasis -> bench,43,71,0.283,0.211,0.24,60,90,90,0.0,0.14,14.8,desert oasis,0.15,16,14.77,73.5,0.061,"<long> 28%, palm oasis 5%","<long> 21%, temperate oasis 6%",0.5322,0.717,0.199,0.209
r8_0128_medicine,"Name a medicine. Reply with only the name, nothing else.",0.5361,aspirin -> real,0.5361,aspirin -> real,0.5468,aspirin -> real,49,75,0.183,0.167,0.173,60,90,47,0.0,0.087,12.5,aspirin,0.5,6,3.69,19.01,0.29,"aspirin 28%, <long> 18%","aspirin 21%, <long> 17%",0.5437,0.492,0.448,0.448
r8s_0151_flower,"Suggest a type of flower. Reply with only the name, nothing else.",0.5361,<long> -> bench,0.5278,lily of the valley -> bench,0.5342,lily of the valley -> bench,53,73,0.117,0.189,0.16,60,90,25,0.0,0.147,12.1,rose,0.5,8,5.0,7.98,0.508,"rose 43%, <long> 12%","rose 42%, <long> 19%",0.5484,0.472,1.084,1.084
r8s_0113_seed,"Suggest a type of seed. Reply with only the name, nothing else.",0.5361,<long> -> bench,0.5278,chia seed -> bench,0.5393,chia seed -> bench,49,67,0.183,0.256,0.227,60,90,66,0.0,0.173,15.1,sunflower seed,0.5,6,3.95,42.63,0.112,"<long> 18%, pumpkin seed 8%","<long> 26%, chia seed 9%",0.5705,0.485,0.624,0.624
r8_1004_tire_width,"Name a tire width. Reply with only the name, nothing else.",0.5361,245/40r18 -> real,0.5361,245/40r18 -> real,0.5429,245/40r18 -> real,50,70,0.167,0.222,0.2,60,90,93,0.0,0.173,20.6,245/40r19,0.1,16,15.16,78.81,0.05,"<long> 17%, 245/40r18 8%","<long> 22%, 225/45r18 3%",0.5286,0.159,0.646,0.646
r8_0929_hub,"Name a hub. Reply with only the name, nothing else.",0.5361,github -> bench,0.5361,github -> bench,0.5503,github -> bench,41,64,0.317,0.289,0.3,60,90,93,0.0,0.187,17.4,atlanta hub,0.05,20,20.0,79.5,0.086,"<long> 32%, contents hub 2%","<long> 29%, github 9%",0.5485,0.682,0.323,0.312
r8_0084_meat,"Name a meat. Reply with only the name, nothing else.",0.5361,brisket -> real,0.5361,brisket -> real,0.5439,brisket -> real,49,70,0.183,0.222,0.207,60,90,34,0.0,0.16,13.3,steak,0.2,11,9.09,15.5,0.16,"<long> 18%, beef chuck roast 12%","<long> 22%, steak 14%",0.5413,0.587,0.714,0.714
r8_0749_witch,"Name a witch. Reply with only the name, nothing else.",0.5361,<long> -> bench,0.5361,maleficent -> bench,0.5495,maleficent -> bench,49,67,0.183,0.256,0.227,60,90,63,0.0,0.18,14.8,sabrina,0.1,19,18.66,37.05,0.164,"<long> 18%, sabrina 10%","<long> 26%, sabrina 14%",0.5347,0.627,0.34,0.34
r8_1546_sewing_notion,"Name a sewing notion. Reply with only the name, nothing else.",0.5361,buttonhole foot -> real,0.5361,buttonhole foot -> real,0.5395,buttonhole foot -> real,55,84,0.083,0.067,0.073,60,90,64,0.0,0.06,10.9,seam ripper,0.45,12,7.44,26.99,0.281,"seam ripper 30%, buttonhole foot 8%","seam ripper 23%, bobbin 12%",0.565,0.276,0.784,0.784
r8_0017_historical_period,"Name a historical period. Reply with only the name, nothing else.",0.5361,american revolution -> real,0.5361,american revolution -> real,0.5401,american revolution -> real,53,77,0.117,0.144,0.133,60,90,55,0.0,0.087,10.8,american revolution era,0.2,14,11.99,35.41,0.1,"american revolution 12%, <long> 12%","<long> 14%, renaissance 9%",0.5377,0.449,0.544,0.544
r8s_1947_clothing_fastener,"Suggest a type of clothing fastener. Reply with only the name, nothing else.",0.5361,<long> -> real,0.5194,zipper -> bench,0.5196,button hook -> real,51,83,0.15,0.078,0.107,60,90,45,0.0,0.1,10.6,button,0.3,10,7.51,17.3,0.321,"button 28%, <long> 15%","button 29%, zipper 12%",0.5412,0.37,0.207,0.207
r8_1779_switch,"Name a switch. Reply with only the name, nothing else.",0.5361,light switch -> bench,0.5361,light switch -> bench,0.5506,light switch -> bench,42,64,0.3,0.278,0.287,60,90,86,0.007,0.22,18.5,light switch,0.1,19,18.66,63.52,0.113,"<long> 30%, toggle switch 7%","<long> 28%, light switch 9%",0.5437,0.592,0.421,0.329
r8_0850_wallet_material,"Name a wallet material. Reply with only the name, nothing else.",0.5361,<long> -> bench,0.525,leather -> real,0.5213,suede -> real,47,63,0.217,0.289,0.26,60,90,47,0.007,0.173,15.2,leather,0.85,4,1.8,11.49,0.527,"leather 42%, <long> 22%","leather 37%, <long> 29%",0.5252,0.486,0.099,0.099
r8_0080_comet,"Name a comet. Reply with only the name, nothing else.",0.5361,halleys comet -> real,0.5361,halleys comet -> real,0.542,halleys comet -> real,48,70,0.2,0.222,0.213,60,90,62,0.0,0.193,16.0,halleys comet,0.4,11,7.38,29.51,0.263,"halleys comet 25%, <long> 20%","<long> 22%, halleys comet 18%",0.5453,0.404,0.172,0.172
r8_1516_leather,"Name a leather. Reply with only the name, nothing else.",0.5361,suede -> bench,0.5361,suede -> bench,0.5539,suede -> bench,43,61,0.283,0.322,0.307,60,90,63,0.0,0.253,19.1,full-grain leather,0.15,17,15.83,40.77,0.135,"<long> 28%, full-grain leather 8%","<long> 32%, full-grain leather 10%",0.5491,0.594,0.687,0.687
r8_0714_supernova,"Name a supernova. Reply with only the name, nothing else.",0.5361,betelgeuse -> real,0.5361,betelgeuse -> real,0.5437,betelgeuse -> real,49,72,0.183,0.2,0.193,60,90,77,0.0,0.16,17.7,sn 1987a,0.4,11,7.58,48.18,0.099,"<long> 18%, betelgeuse 12%","<long> 20%, sn 1006a 9%",0.6286,0.242,1.515,1.515
r8s_1784_endocrine_gland,"Suggest a type of endocrine gland. Reply with only the name, nothing else.",0.5361,adrenal gland -> real,0.5361,adrenal gland -> real,0.5412,pineal gland -> bench,56,82,0.067,0.089,0.08,60,90,27,0.0,0.08,10.3,pancreas,0.25,7,6.08,10.23,0.246,"thyroid gland 27%, pancreas 13%","thyroid gland 20%, pineal gland 19%",0.5484,0.38,0.575,0.575
r8_1988_geological_process,"Name a type of geological process. Reply with only the name, nothing else.",0.5361,sedimentation -> bench,0.5361,sedimentation -> bench,0.5465,sedimentation -> bench,52,74,0.133,0.178,0.16,60,90,42,0.0,0.133,12.3,erosion,0.25,9,7.29,18.71,0.23,"erosion 18%, <long> 13%","erosion 20%, <long> 18%",0.5397,0.634,0.587,0.587
r8_0036_alcoholic_drink,"Name an alcoholic drink. Reply with only the name, nothing else.",0.5361,whiskey -> bench,0.5361,whiskey -> bench,0.5406,whiskey -> bench,55,81,0.083,0.1,0.093,60,90,39,0.0,0.08,9.6,gin,0.2,13,11.19,18.69,0.162,"gin 13%, beer 12%","beer 17%, whiskey 12%",0.5504,0.429,0.379,0.379
r8s_0096_actor,"Suggest a type of actor. Reply with only the name, nothing else.",0.5361,comedian -> bench,0.5361,comedian -> bench,0.541,comedian -> bench,52,79,0.133,0.122,0.127,60,90,94,0.0,0.113,11.6,character actor,0.55,6,3.58,69.67,0.069,"<long> 13%, developer 7%","<long> 12%, comedian 9%",0.5518,0.632,0.22,0.049
r8_0027_state_of_matter,"Name a state of matter. Reply with only the name, nothing else.",0.5361,<long> -> bench,0.5278,solid -> real,0.52,gas -> real,57,79,0.05,0.122,0.093,60,90,8,0.0,0.08,8.6,solid,0.7,4,2.39,2.53,0.735,"solid 70%, liquid 10%","solid 64%, <long> 12%",0.5391,0.27,0.294,0.294
r8_1969_cake_type,"Name a cake type. Reply with only the name, nothing else.",0.5361,red velvet cake -> real,0.5361,red velvet cake -> real,0.5378,red velvet cake -> real,57,82,0.05,0.089,0.073,60,90,27,0.0,0.06,8.8,chocolate cake,0.55,9,4.99,4.74,0.683,"chocolate cake 62%, red velvet cake 8%","chocolate cake 64%, <long> 9%",0.533,0.287,0.331,0.331
r8_0121_party_game,"Name a party game. Reply with only the name, nothing else.",0.5361,<long> -> bench,0.5194,charades -> real,0.5311,codenames -> bench,43,58,0.283,0.356,0.327,60,90,39,0.0,0.207,16.8,charades,0.35,12,8.81,19.6,0.188,"<long> 28%, charades 15%","<long> 36%, charades 11%",0.543,0.556,0.172,0.172
r8s_0001_natural_disaster,"Suggest a type of natural disaster. Reply with only the name, nothing else.",0.5361,<long> -> bench,0.5333,hurricane -> real,0.5247,earthquake -> bench,59,82,0.017,0.089,0.06,60,90,17,0.0,0.053,7.4,hurricane,0.55,9,4.99,3.06,0.738,"hurricane 73%, earthquake 8%","hurricane 67%, earthquake 12%",0.5326,0.33,0.053,0.053
r8_0861_cactus_flower_color,"Name a cactus flower color. Reply with only the name, nothing else.",0.5361,pink -> bench,0.5361,pink -> bench,0.5417,pink -> bench,52,78,0.133,0.133,0.133,60,90,26,0.0,0.087,9.5,pink,0.75,5,2.45,6.79,0.531,"pink 42%, <long> 13%","pink 49%, <long> 13%",0.5427,0.37,0.892,0.892
r8_1283_hinge,"Name a hinge. Reply with only the name, nothing else.",0.5361,<long> -> bench,0.5333,butt hinge -> bench,0.5468,butt hinge -> bench,49,67,0.183,0.256,0.227,60,90,79,0.0,0.187,15.7,cabinet hinge,0.15,17,15.83,52.81,0.095,"<long> 18%, door hinge 7%","<long> 26%, butt hinge 10%",0.5341,0.62,0.471,0.471
r8_0988_financial_document,"Name a type of financial document. Reply with only the name, nothing else.",0.5361,bank statement -> real,0.5361,bank statement -> real,0.5441,balance sheet -> bench,51,72,0.15,0.2,0.18,60,90,44,0.0,0.16,14.4,balance sheet,0.25,12,9.87,23.56,0.13,"<long> 15%, income statement 12%","<long> 20%, balance sheet 13%",0.5573,0.338,0.374,0.374
r8_0790_optical_effect,"Name an optical effect. Reply with only the name, nothing else.",0.5361,<long> -> real,0.5361,refraction -> bench,0.5396,refraction -> bench,41,68,0.317,0.244,0.273,60,90,67,0.0,0.227,17.2,refraction,0.35,14,10.12,39.39,0.22,"<long> 32%, refraction 12%","<long> 24%, refraction 19%",0.5556,0.627,0.611,0.633
r8_1287_sushi_fish,"Name a sushi fish. Reply with only the name, nothing else.",0.5361,<long> -> bench,0.5222,salmon -> bench,0.5576,salmon -> bench,53,73,0.117,0.189,0.16,60,90,14,0.0,0.127,11.6,salmon,0.8,5,2.18,2.81,0.746,"salmon 60%, tuna 13%","salmon 64%, <long> 19%",0.527,0.173,0.433,0.433
r8_1966_gum_flavor,"Name a gum flavor. Reply with only the name, nothing else.",0.5361,spearmint -> real,0.5361,spearmint -> real,0.5427,spearmint -> real,47,66,0.217,0.267,0.247,60,90,67,0.0,0.187,17.1,spearmint,0.4,13,8.71,43.42,0.142,"<long> 22%, spearmint 15%","<long> 27%, spearmint 8%",0.5574,0.554,0.781,0.781
r8_1296_guitar,"Name a guitar. Reply with only the name, nothing else.",0.5361,<long> -> bench,0.5278,gibson -> bench,0.541,gibson -> bench,53,73,0.117,0.189,0.16,60,90,45,0.0,0.133,12.9,gibson les paul,0.45,11,6.94,19.12,0.198,"gibson les paul 17%, stratocaster 15%","<long> 19%, gibson 19%",0.5434,0.398,0.612,0.612
r8s_0127_flightless_bird,"Suggest a type of flightless bird. Reply with only the name, nothing else.",0.5361,penguin -> bench,0.5361,penguin -> bench,0.5446,penguin -> bench,56,80,0.067,0.111,0.093,60,90,17,0.0,0.087,9.3,emu,0.3,6,5.04,5.7,0.375,"ostrich 33%, emu 23%","ostrich 34%, penguin 22%",0.5489,0.284,0.449,0.449
r8s_1738_kitchen_gadget,"Suggest a type of kitchen gadget. Reply with only the name, nothing else.",0.5361,immersion blender -> bench,0.5361,immersion blender -> bench,0.5384,spiralizer -> bench,57,85,0.05,0.056,0.053,60,90,58,0.0,0.04,8.6,avocado slicer,0.3,9,7.13,23.35,0.197,"avocado slicer 20%, garlic press 17%","garlic press 20%, avocado slicer 17%",0.5464,0.515,0.713,0.713
r8_0077_zodiac_sign,"Name a zodiac sign. Reply with only the name, nothing else.",0.5361,aries -> real,0.5361,aries -> real,0.5425,aries -> real,54,83,0.1,0.078,0.087,60,90,16,0.0,0.067,8.4,leo,0.25,9,7.81,10.31,0.226,"aries 25%, aquarius 13%","aries 18%, gemini 14%",0.5344,0.658,0.531,0.531
r8_0932_cold_dessert,"Name a cold dessert. Reply with only the name, nothing else.",0.5361,<long> -> bench,0.5167,ice cream sundae -> real,0.5213,ice cream sundae -> real,47,64,0.217,0.289,0.26,60,90,56,0.0,0.153,15.7,ice cream,0.45,10,6.31,33.5,0.189,"<long> 22%, ice cream 13%","<long> 29%, ice cream 14%",0.528,0.675,0.179,0.179
r8_0172_spacecraft,"Name a spacecraft. Reply with only the name, nothing else.",0.5361,<long> -> bench,0.5278,voyager 1 -> real,0.5223,cassini -> real,51,70,0.15,0.222,0.193,60,90,53,0.0,0.18,14.7,voyager 1,0.4,9,6.16,21.74,0.331,"voyager 1 30%, <long> 15%","voyager 1 24%, <long> 22%",0.5349,0.702,0.058,0.058
r8_1395_latin_dance,"Name a latin dance. Reply with only the name, nothing else.",0.5361,salsa -> real,0.5361,salsa -> real,0.5402,rumba -> bench,58,82,0.033,0.089,0.067,60,90,23,0.0,0.06,8.3,salsa,0.6,6,3.56,6.53,0.507,"salsa 52%, bachata 17%","salsa 44%, bachata 13%",0.5454,0.475,0.709,0.709
r8_0715_sour_candy,"Name a sour candy. Reply with only the name, nothing else.",0.5361,<long> -> bench,0.5167,sour punch bites -> real,0.5333,sour patch kids -> bench,59,82,0.017,0.089,0.06,60,90,23,0.0,0.04,8.4,sour patch kids,0.85,4,1.8,2.91,0.801,"sour patch kids 75%, warheads 5%","sour patch kids 76%, <long> 9%",0.5397,0.136,1.105,1.105
r8_0935_workbook,"Name a workbook. Reply with only the name, nothing else.",0.5361,<long> -> real,0.5083,20261 millionpocketorchestraprediction -> real,0.5143,20261 millionpocketorchestraprediction -> real,35,59,0.417,0.344,0.373,60,90,95,0.0,0.18,19.8,introduction to psychology,0.05,20,20.0,94.0,0.011,"<long> 42%, pending invitations workbook 2%","<long> 34%, data analysis project workbook.xlsx.xlsx 1%",0.5464,0.641,0.555,0.67
r8_0205_kitchen_appliance,"Name a kitchen appliance. Reply with only the name, nothing else.",0.5361,<long> -> bench,0.5306,microwave -> real,0.5308,microwave oven -> bench,59,82,0.017,0.089,0.06,60,90,29,0.0,0.06,8.4,toaster oven,0.4,12,8.12,11.63,0.298,"blender 28%, toaster oven 18%","blender 28%, toaster oven 16%",0.5467,0.442,0.619,0.619
r8s_1961_type_of_sports_team,"Suggest a type of type of sports team. Reply with only the name, nothing else.",0.5361,basketball team -> bench,0.5361,basketball team -> bench,0.5494,basketball team -> bench,55,77,0.083,0.144,0.12,60,90,43,0.0,0.1,11.5,soccer team,0.25,14,11.34,15.33,0.258,"basketball team 18%, baseball team 13%","basketball team 26%, soccer team 18%",0.5538,0.48,0.805,0.805
r8s_1623_rubber_product,"Suggest a type of rubber product. Reply with only the name, nothing else.",0.5361,rubber band -> real,0.5361,rubber band -> real,0.5411,rubber band -> real,52,77,0.133,0.144,0.14,60,90,85,0.0,0.087,11.0,rubber band,0.25,15,12.48,58.29,0.124,"rubber band 15%, <long> 13%","<long> 14%, rubber band 8%",0.5591,0.547,0.811,0.811
r8_1998_nipple,"Name a nipple. Reply with only the name, nothing else.",0.5361,right nipple -> real,0.5361,right nipple -> real,0.546,right nipple -> real,45,63,0.25,0.289,0.273,60,90,58,0.007,0.193,17.5,areola,0.5,11,6.32,25.25,0.296,"<long> 25%, areola 23%","<long> 29%, areola 20%",0.5626,0.418,0.627,0.627
r8_1030_fashion_accessory,"Name a fashion accessory. Reply with only the name, nothing else.",0.5361,scarf -> real,0.5361,scarf -> real,0.5339,scarf -> real,56,80,0.067,0.111,0.093,60,90,37,0.0,0.08,10.2,sunglasses,0.35,10,6.77,11.03,0.346,"sunglasses 33%, scarf 25%","sunglasses 30%, scarf 18%",0.5475,0.41,0.488,0.488
r8_0933_makeup,"Name a makeup. Reply with only the name, nothing else.",0.5361,<long> -> bench,0.5306,mascara -> real,0.5525,mascara -> real,33,43,0.45,0.522,0.493,60,90,57,0.0,0.26,22.2,mascara,0.2,15,13.2,44.31,0.105,"<long> 45%, maybelline 8%","<long> 52%, maybelline 3%",0.5406,0.712,0.537,0.537
r8_0907_insect_wing,"Name a type of insect wing. Reply with only the name, nothing else.",0.5361,<long> -> bench,0.5222,elytra -> real,0.5359,forewing -> bench,57,79,0.05,0.122,0.093,60,90,46,0.0,0.08,10.1,forewing,0.25,10,8.02,14.78,0.375,"forewing 32%, elytra 13%","forewing 36%, <long> 12%",0.5335,0.568,0.422,0.422
r8s_0041_precious_metal,"Suggest a type of precious metal. Reply with only the name, nothing else.",0.5361,<long> -> bench,0.5361,gold -> real,0.5389,silver -> real,55,76,0.083,0.156,0.127,60,90,12,0.0,0.107,10.3,gold,0.55,4,2.71,2.45,0.771,"gold 72%, platinum 10%","gold 64%, <long> 16%",0.5349,0.086,0.218,0.218
r8_1980_traditional_instrument,"Name a type of traditional instrument. Reply with only the name, nothing else.",0.5361,violin -> bench,0.5361,violin -> bench,0.5472,violin -> bench,55,79,0.083,0.111,0.1,60,90,36,0.007,0.067,10.1,sitar,0.2,12,10.17,12.23,0.328,"violin 25%, flute 18%","violin 32%, flute 16%",0.5395,0.533,0.282,0.263
r8_0065_room_in_a_house,"Name a room in a house. Reply with only the name, nothing else.",0.5361,<long> -> bench,0.5278,bedroom -> real,0.5259,bedroom -> real,57,79,0.05,0.122,0.093,60,90,15,0.0,0.08,9.0,kitchen,0.5,5,3.2,4.2,0.566,"living room 52%, kitchen 13%","living room 51%, kitchen 16%",0.5413,0.472,0.19,0.19
r8_0942_waterway,"Name a waterway. Reply with only the name, nothing else.",0.5361,io river -> bench,0.5361,io river -> bench,0.5451,io river -> bench,48,72,0.2,0.2,0.2,60,90,36,0.0,0.133,13.1,amazon river,0.35,10,6.77,15.86,0.233,"amazon river 20%, <long> 20%","<long> 20%, mississippi river 19%",0.5463,0.45,0.26,0.26
r8_0185_cracker,"Name a cracker. Reply with only the name, nothing else.",0.5361,<long> -> bench,0.5167,goldfish crackers -> real,0.5233,goldfish crackers -> real,43,58,0.283,0.356,0.327,60,90,71,0.0,0.267,19.2,triscuit,0.25,12,9.46,54.33,0.099,"<long> 28%, cheez-it 8%","<long> 36%, cheez-it 6%",0.5322,0.723,0.314,0.127
r8_0081_team_sport,"Name a team sport. Reply with only the name, nothing else.",0.5361,<long> -> bench,0.5306,soccer -> real,0.5406,basketball -> bench,53,73,0.117,0.189,0.16,60,90,14,0.0,0.12,11.3,basketball,0.45,8,4.98,3.82,0.651,"basketball 53%, <long> 12%","basketball 56%, <long> 19%",0.536,0.444,0.696,0.696
r8s_1719_us_state,"Suggest a type of us state. Reply with only the name, nothing else.",0.5361,florida -> real,0.5361,florida -> real,0.544,florida -> real,50,77,0.167,0.144,0.153,60,90,65,0.0,0.113,11.4,mountain state,0.15,17,15.83,38.87,0.165,"<long> 17%, florida 12%","california 16%, <long> 14%",0.5359,0.614,0.506,0.523
r8_1226_candlestick,"Name a candlestick. Reply with only the name, nothing else.",0.5333,doji -> real,0.5333,doji -> real,0.5515,doji -> real,37,53,0.383,0.411,0.4,60,90,64,0.0,0.3,20.8,doji,0.25,16,13.37,43.44,0.156,"<long> 38%, doji 13%","<long> 41%, doji 7%",0.5425,0.546,0.421,0.421
r8_0193_craft,"Name a craft. Reply with only the name, nothing else.",0.5333,knitting -> real,0.5333,knitting -> real,0.5311,knitting -> real,56,81,0.067,0.1,0.087,60,90,49,0.0,0.08,10.3,knitting,0.65,5,2.99,17.66,0.285,"knitting 30%, pottery 20%","knitting 23%, pottery 18%",0.5574,0.405,0.308,0.308
r8s_0002_reptile,"Suggest a type of reptile. Reply with only the name, nothing else.",0.5333,iguana -> bench,0.5333,iguana -> bench,0.5433,iguana -> bench,50,73,0.167,0.189,0.18,60,90,34,0.0,0.147,13.5,bearded dragon,0.2,15,12.85,13.14,0.285,"bearded dragon 25%, <long> 17%","bearded dragon 22%, iguana 20%",0.5686,0.428,0.701,0.701
r8_0836_film_director,"Name a film director. Reply with only the name, nothing else.",0.5333,david lynch -> real,0.5333,david lynch -> real,0.5357,david lynch -> real,56,79,0.067,0.122,0.1,60,90,24,0.0,0.093,10.7,quentin tarantino,0.35,13,9.44,9.04,0.356,"quentin tarantino 33%, steven spielberg 17%","quentin tarantino 31%, steven spielberg 18%",0.5425,0.535,0.389,0.389
r8_0322_chart,"Name a chart. Reply with only the name, nothing else.",0.5333,line chart -> bench,0.5333,line chart -> bench,0.5625,line chart -> bench,32,48,0.467,0.467,0.467,60,90,52,0.0,0.227,19.7,line chart,0.3,13,10.17,32.59,0.2,"<long> 47%, line chart 7%","<long> 47%, line chart 13%",0.5378,0.612,0.639,0.465
r8s_0556_bedroom_item,"Suggest a type of bedroom item. Reply with only the name, nothing else.",0.5333,bed -> bench,0.5333,bed -> bench,0.5438,bedside lamp -> real,53,85,0.117,0.056,0.08,60,90,26,0.0,0.067,9.9,bedside lamp,0.25,12,9.62,9.28,0.312,"bed frame 32%, bedside lamp 23%","bed frame 27%, bedside lamp 17%",0.5558,0.309,1.518,1.518
r8_0893_bag,"Name a bag. Reply with only the name, nothing else.",0.5333,purse -> real,0.5333,purse -> real,0.5513,purse -> real,39,56,0.35,0.378,0.367,60,90,67,0.0,0.3,21.3,purse,0.25,8,6.32,52.07,0.084,"<long> 35%, backpack 7%","<long> 38%, backpack 4%",0.544,0.649,0.52,0.52
r8_0386_wizard,"Name a wizard. Reply with only the name, nothing else.",0.5333,<long> -> bench,0.5194,gandalf -> real,0.5193,gandalf -> real,50,69,0.167,0.233,0.207,60,90,69,0.0,0.147,13.2,merlin,0.45,7,4.64,27.73,0.311,"merlin 27%, <long> 17%","<long> 23%, merlin 23%",0.5437,0.468,0.331,0.331
r8s_1051_cleaning_tool,"Suggest a type of cleaning tool. Reply with only the name, nothing else.",0.5333,microfiber cloth -> bench,0.5333,microfiber cloth -> bench,0.5395,microfiber cloth -> bench,57,84,0.05,0.067,0.06,60,90,52,0.0,0.02,8.5,microfiber cloth,0.35,13,9.44,14.43,0.468,"microfiber cloth 40%, microfiber duster 5%","microfiber cloth 47%, <long> 7%",0.5333,0.465,0.356,0.356
r8_0206_siren,"Name a siren. Reply with only the name, nothing else.",0.5333,sirena -> real,0.5333,sirena -> real,0.544,sirena -> real,44,62,0.267,0.3,0.287,60,90,91,0.007,0.193,16.7,melody,0.25,15,12.48,74.38,0.085,"<long> 27%, sirena 10%","<long> 30%, siren 6%",0.5382,0.688,0.635,0.691
r8_0824_chocolate_bar,"Name a chocolate bar. Reply with only the name, nothing else.",0.5333,snickers -> bench,0.5333,snickers -> bench,0.5391,snickers -> bench,45,69,0.233,0.233,0.233,60,90,44,0.007,0.167,15.1,snickers,0.4,10,6.89,12.68,0.447,"snickers 30%, <long> 23%","snickers 37%, <long> 23%",0.5316,0.612,0.33,0.33
r8_1111_retail_store,"Name a retail store. Reply with only the name, nothing else.",0.5333,walmart -> real,0.5333,walmart -> real,0.5283,walmart -> real,55,79,0.083,0.122,0.107,60,90,35,0.0,0.073,10.1,walmart,0.35,8,5.12,10.48,0.403,"walmart 40%, target 18%","walmart 33%, target 16%",0.5572,0.363,0.524,0.524
r8_0069_dairy_product,"Name a dairy product. Reply with only the name, nothing else.",0.5333,mozzarella cheese -> bench,0.5333,mozzarella cheese -> bench,0.5375,mozzarella cheese -> bench,54,80,0.1,0.111,0.107,60,90,35,0.0,0.08,9.9,milk,0.6,7,3.92,6.54,0.597,"milk 55%, yogurt 10%","milk 52%, <long> 11%",0.5306,0.349,0.277,0.277
r8_1168_aneide,"Name an aneide. Reply with only the name, nothing else.",0.5333,<long> -> bench,0.5222,aneide -> bench,0.5376,aneide -> bench,42,57,0.3,0.367,0.34,60,90,92,0.0,0.24,20.7,aneide,0.05,20,20.0,81.07,0.091,"<long> 30%, aneide 3%","<long> 37%, aneide 8%",0.5337,0.71,0.449,0.449
r8s_1001_spider,"Suggest a type of spider. Reply with only the name, nothing else.",0.5333,wolf spider -> bench,0.5333,wolf spider -> bench,0.5416,wolf spider -> bench,52,74,0.133,0.178,0.16,60,90,65,0.0,0.12,13.4,tarantula,0.25,14,11.64,33.03,0.222,"tarantula 18%, <long> 13%","tarantula 19%, <long> 18%",0.5376,0.54,0.254,0.254
r8s_0295_leafy_salad_green,"Suggest a type of leafy salad green. Reply with only the name, nothing else.",0.5333,spinach leaves -> real,0.5333,spinach leaves -> real,0.5518,spinach leaves -> real,47,76,0.217,0.156,0.18,60,90,23,0.0,0.133,12.6,arugula,0.25,12,8.94,8.38,0.276,"spinach leaves 27%, <long> 22%","spinach 20%, spinach leaves 20%",0.5437,0.305,0.559,0.559
r8s_1092_ceramic,"Suggest a type of ceramic. Reply with only the name, nothing else.",0.5333,china -> real,0.5333,china -> real,0.54,china -> real,50,72,0.167,0.2,0.187,60,90,49,0.0,0.113,12.8,porcelain,0.75,4,2.23,11.81,0.516,"porcelain 42%, <long> 17%","porcelain 42%, <long> 20%",0.5401,0.404,0.528,0.528
r8s_1086_greeting_card_occasion,"Suggest a type of greeting card occasion. Reply with only the name, nothing else.",0.5333,birthday -> bench,0.5333,birthday -> bench,0.5435,birthday -> bench,46,69,0.233,0.233,0.233,60,90,53,0.0,0.193,15.9,birthday card,0.25,15,12.48,29.84,0.139,"<long> 23%, valentines day 12%","<long> 23%, birthday 13%",0.544,0.541,0.933,0.933
r8_1178_watercolor_painting,"Name a type of watercolor painting. Reply with only the name, nothing else.",0.5333,landscape watercolor painting -> bench,0.5333,landscape watercolor painting -> bench,0.5588,landscape watercolor painting -> bench,37,51,0.383,0.433,0.413,60,90,73,0.0,0.307,22.3,landscape watercolor painting,0.1,19,18.66,62.66,0.068,"<long> 38%, abstract watercolor painting 7%","<long> 43%, landscape watercolor painting 7%",0.534,0.651,0.649,0.693
r8_0827_russian_novelist,"Name a russian novelist. Reply with only the name, nothing else.",0.5333,gogol -> bench,0.5333,gogol -> bench,0.5374,gogol -> bench,53,80,0.117,0.111,0.113,60,90,22,0.0,0.093,10.6,tolstoy,0.25,12,10.14,7.25,0.474,"tolstoy 43%, <long> 12%","tolstoy 41%, dostoyevsky 13%",0.5463,0.496,0.655,0.655
r8_1446_garden_item,"Name a garden item. Reply with only the name, nothing else.",0.5333,<long> -> bench,0.525,rose bush -> bench,0.537,rose bush -> bench,50,69,0.167,0.233,0.207,60,90,65,0.0,0.167,14.4,garden hose,0.15,15,13.42,38.78,0.143,"<long> 17%, rose bushes 10%","<long> 23%, rose bush 13%",0.5434,0.468,0.452,0.452
r8_0350_rope_material,"Name a rope material. Reply with only the name, nothing else.",0.5333,polyester rope -> real,0.5333,polyester rope -> real,0.5348,polyester rope -> real,56,80,0.067,0.111,0.093,60,90,37,0.0,0.06,9.7,nylon,0.35,7,5.66,10.88,0.441,"nylon 38%, polyester rope 10%","nylon 41%, <long> 11%",0.5361,0.502,0.195,0.195
r8_1167_pad,"Name a pad. Reply with only the name, nothing else.",0.5333,<long> -> bench,0.5222,pad1 -> bench,0.5392,pad1 -> bench,38,51,0.367,0.433,0.407,60,90,86,0.0,0.3,22.5,ultra,0.1,19,18.66,82.33,0.045,"<long> 37%, amajuandiafede1 2%","<long> 43%, pad1 4%",0.5377,0.74,0.44,0.497
r8_0307_light_bulb_type,"Name a light bulb type. Reply with only the name, nothing else.",0.5333,led bulb -> bench,0.5333,led bulb -> bench,0.5476,led bulb -> bench,54,77,0.1,0.144,0.127,60,90,36,0.0,0.093,11.4,led bulb,0.4,8,5.6,11.86,0.389,"led bulb 30%, smart bulb 10%","led bulb 37%, <long> 14%",0.5428,0.276,0.22,0.22
r8_0076_internal_organ,"Name an internal organ. Reply with only the name, nothing else.",0.5333,<long> -> bench,0.5333,liver -> real,0.5263,kidney -> real,57,81,0.033,0.1,0.073,60,90,12,0.007,0.073,8.9,liver,0.8,4,2.03,2.57,0.754,"liver 73%, heart 10%","liver 67%, heart 12%",0.5334,0.293,0.244,0.244
r8_0342_plant_part,"Name a plant part. Reply with only the name, nothing else.",0.5333,stem -> real,0.5333,stem -> real,0.5315,stem -> real,55,79,0.083,0.122,0.107,60,90,16,0.0,0.1,9.7,stem,0.3,8,5.92,4.62,0.522,"leaf 45%, stem 27%","leaf 48%, stem 20%",0.5345,0.51,0.249,0.249
r8_1463_rest_in_music,"Name a rest in music. Reply with only the name, nothing else.",0.5333,<long> -> bench,0.5306,rest -> bench,0.5625,rest -> bench,36,48,0.4,0.467,0.44,60,90,68,0.0,0.333,23.0,rest,0.4,12,8.12,52.01,0.155,"<long> 40%, rest 5%","<long> 47%, rest 11%",0.5485,0.609,0.417,0.466
r8_0217_headwear,"Name a type of headwear. Reply with only the name, nothing else.",0.5333,baseball cap -> bench,0.5333,baseball cap -> bench,0.5428,baseball cap -> bench,58,83,0.033,0.078,0.06,60,90,15,0.0,0.06,9.3,beanie,0.5,7,4.23,3.09,0.582,"beanie 58%, baseball cap 27%","beanie 52%, baseball cap 33%",0.5383,0.131,0.242,0.242
r8s_0991_fog_type,"Suggest a fog type. Reply with only the name, nothing else.",0.5333,radiation fog -> bench,0.5333,radiation fog -> bench,0.5632,radiation fog -> bench,41,56,0.317,0.367,0.347,60,90,60,0.007,0.26,20.0,radiation fog,0.55,8,4.66,31.32,0.268,"<long> 32%, radiation fog 13%","<long> 37%, radiation fog 20%",0.5592,0.543,0.316,0.337
r8_1539_sports_team,"Name a sports team. Reply with only the name, nothing else.",0.5333,angeles lakers -> real,0.5333,angeles lakers -> real,0.5402,golden state warriors -> bench,56,79,0.067,0.122,0.1,60,90,46,0.0,0.093,10.9,angeles lakers,0.5,10,5.9,21.72,0.215,"angeles lakers 23%, chicago cubs 10%","angeles lakers 17%, golden state warriors 13%",0.5365,0.56,0.289,0.289
r8s_0851_tower,"Suggest a type of tower. Reply with only the name, nothing else.",0.5333,wind tower -> bench,0.5333,wind tower -> bench,0.5395,wind tower -> bench,50,76,0.167,0.156,0.16,60,90,88,0.0,0.12,13.1,communication tower,0.25,14,11.64,69.93,0.056,"<long> 17%, water tower 7%","<long> 16%, wind tower 7%",0.5377,0.65,0.414,0.468
r8_0946_pod_spice,"Name a pod spice. Reply with only the name, nothing else.",0.5333,allspice -> real,0.5333,allspice -> real,0.5579,allspice -> real,35,54,0.417,0.4,0.407,60,90,69,0.0,0.273,21.0,allspice,0.15,18,16.96,54.9,0.101,"<long> 42%, allspice 10%","<long> 40%, pod spice 6%",0.5419,0.649,0.569,0.569
r8_1947_clothing_fastener,"Name a clothing fastener. Reply with only the name, nothing else.",0.5333,zipper -> bench,0.5333,zipper -> bench,0.5367,zipper -> bench,55,82,0.083,0.089,0.087,60,90,12,0.0,0.073,8.4,button,0.8,5,2.18,2.18,0.825,"button 78%, <long> 8%","button 73%, zipper 10%",0.529,0.259,0.274,0.274
r8s_0606_incense,"Suggest a type of incense. Reply with only the name, nothing else.",0.5333,nag champa incense -> real,0.5333,nag champa incense -> real,0.5356,nag champa incense -> real,55,79,0.083,0.122,0.107,60,90,40,0.0,0.073,11.3,sandalwood incense,0.35,13,9.44,10.3,0.493,"sandalwood incense 42%, nag champa incense 10%","sandalwood incense 46%, <long> 12%",0.5316,0.437,0.057,0.057
r8_1916_music_stand,"Name a music stand. Reply with only the name, nothing else.",0.5333,<long> -> bench,0.5194,music stand -> real,0.5238,melodious music stand -> real,42,56,0.3,0.367,0.34,60,90,54,0.007,0.247,19.3,hercules,0.25,16,13.37,23.73,0.296,"<long> 30%, music stand 22%","<long> 37%, music stand 18%",0.5429,0.61,0.365,0.365
r8_1406_latte_flavor,"Name a latte flavor. Reply with only the name, nothing else.",0.5333,hazelnut latte -> real,0.5333,hazelnut latte -> real,0.5475,vanilla latte -> bench,45,66,0.25,0.267,0.26,60,90,43,0.0,0.153,15.7,caramel latte,0.15,15,13.78,20.11,0.234,"<long> 25%, vanilla latte 13%","<long> 27%, vanilla latte 20%",0.5515,0.316,0.274,0.274
r8s_0823_lake_on_earth,"Suggest a type of lake on earth. Reply with only the name, nothing else.",0.5333,lake superior -> real,0.5333,lake superior -> real,0.5343,lake superior -> real,55,81,0.083,0.1,0.093,60,90,49,0.0,0.067,9.9,salton sea,0.15,17,15.83,22.83,0.25,"lake superior 27%, <long> 8%","lake superior 20%, <long> 10%",0.5473,0.333,0.432,0.432
r8s_0613_harp,"Suggest a type of harp. Reply with only the name, nothing else.",0.5333,celtic harp -> real,0.5333,celtic harp -> real,0.5373,celtic harp -> real,51,75,0.15,0.167,0.16,60,90,37,0.0,0.133,12.5,lever harp,0.6,5,3.18,9.28,0.421,"lever harp 33%, celtic harp 23%","lever harp 37%, <long> 17%",0.5444,0.395,0.226,0.226
r8_0950_type_of_wine_variety,"Name a type of wine variety. Reply with only the name, nothing else.",0.5333,pinot grigio -> real,0.5333,pinot grigio -> real,0.5363,pinot grigio -> real,54,78,0.1,0.133,0.12,60,90,26,0.0,0.107,12.1,pinot noir,0.2,11,9.25,9.41,0.326,"pinot noir 27%, merlot 20%","pinot noir 30%, merlot 21%",0.5338,0.639,0.458,0.458
r8_1137_tripod,"Name a tripod. Reply with only the name, nothing else.",0.5333,<long> -> real,0.525,joby gorillapod 1k kit -> real,0.5489,manfrotto -> real,40,66,0.333,0.267,0.293,60,90,67,0.0,0.147,17.0,manfrotto,0.2,15,13.2,35.22,0.264,"<long> 33%, manfrotto 22%","<long> 27%, manfrotto 17%",0.5488,0.398,0.66,0.661
r8_1829_logo,"Name a logo. Reply with only the name, nothing else.",0.5333,facebook -> bench,0.5333,facebook -> bench,0.5448,facebook -> bench,47,67,0.217,0.256,0.24,60,90,88,0.0,0.153,16.0,apple,0.15,17,15.83,73.81,0.053,"<long> 22%, apple 3%","<long> 26%, facebook 7%",0.536,0.611,0.284,0.173
r8s_1981_scream,"Suggest a type of scream. Reply with only the name, nothing else.",0.5333,bloodcurdling scream -> bench,0.5333,bloodcurdling scream -> bench,0.5516,bloodcurdling scream -> bench,47,65,0.217,0.278,0.253,60,90,75,0.0,0.207,16.9,primal scream,0.05,20,20.0,47.14,0.188,"<long> 22%, bloodcurdling scream 10%","<long> 28%, bloodcurdling scream 17%",0.5457,0.701,0.518,0.518
r8_0332_coffee_roast,"Name a coffee roast. Reply with only the name, nothing else.",0.5333,dark roast -> bench,0.5333,dark roast -> bench,0.5476,dark roast -> bench,44,65,0.267,0.278,0.273,60,90,53,0.0,0.22,17.3,french roast,0.2,15,13.2,25.21,0.239,"<long> 27%, dark roast 13%","<long> 28%, dark roast 20%",0.5505,0.485,0.704,0.704
r8_0419_toothbrush,"Name a toothbrush. Reply with only the name, nothing else.",0.5333,oral-b -> bench,0.5333,oral-b -> bench,0.547,oral-b -> bench,48,70,0.2,0.211,0.207,60,90,62,0.007,0.147,15.7,oral-b,0.2,17,15.16,23.32,0.347,"oral-b 23%, <long> 20%","oral-b 30%, <long> 21%",0.5354,0.482,0.225,0.225
r8s_0484_muffin,"Suggest a type of muffin. Reply with only the name, nothing else.",0.5333,<long> -> bench,0.5278,chocolate chip muffins -> real,0.5293,chocolate chip muffins -> real,56,78,0.067,0.133,0.107,60,90,31,0.0,0.067,10.2,blueberry muffin,0.45,10,6.48,7.76,0.403,"chocolate chip muffin 35%, blueberry muffin 25%","chocolate chip muffin 37%, blueberry muffin 27%",0.548,0.221,0.115,0.115
r8s_0745_temple,"Suggest a type of temple. Reply with only the name, nothing else.",0.5333,hindu temple -> bench,0.5333,hindu temple -> bench,0.5486,hindu temple -> bench,50,70,0.167,0.222,0.2,60,90,71,0.0,0.153,15.1,angkor wat,0.2,16,14.14,39.18,0.217,"<long> 17%, hindu temple 13%","<long> 22%, hindu temple 20%",0.5418,0.622,0.462,0.462
r8_1122_melodic_motion,"Name a melodic motion. Reply with only the name, nothing else.",0.5333,<long> -> bench,0.5167,melancholic waltz -> real,0.5312,melancholic waltz -> real,32,42,0.467,0.533,0.507,60,90,65,0.0,0.387,26.0,arpeggio,0.1,19,18.66,59.32,0.068,"<long> 47%, melancholic motion 5%","<long> 53%, syncopation 2%",0.546,0.498,0.595,0.595
r8s_0712_fish,"Suggest a type of fish. Reply with only the name, nothing else.",0.5333,salmon -> bench,0.5333,salmon -> bench,0.5446,salmon -> bench,58,85,0.033,0.056,0.047,60,90,15,0.0,0.04,7.1,salmon,0.85,4,1.8,2.2,0.846,"salmon 77%, salmon trout 5%","salmon 83%, <long> 6%",0.5242,0.132,0.091,0.091
r8_0959_tarot_card,"Name a tarot card. Reply with only the name, nothing else.",0.5333,empress -> real,0.5333,empress -> real,0.5415,empress -> real,50,78,0.167,0.133,0.147,60,90,37,0.0,0.14,12.5,fool,0.3,11,8.63,20.62,0.156,"<long> 17%, fool 13%","<long> 13%, fool 13%",0.5187,0.095,0.164,0.164
r8_1900_insulator,"Name an insulator. Reply with only the name, nothing else.",0.5333,diamond -> bench,0.5333,diamond -> bench,0.54,diamond -> bench,52,75,0.133,0.167,0.153,60,90,59,0.0,0.093,11.6,rubber,0.55,3,2.33,31.66,0.165,"rubber 15%, <long> 13%","<long> 17%, rubber 13%",0.5644,0.411,0.614,0.476
r8s_0541_crime,"Suggest a type of crime. Reply with only the name, nothing else.",0.5333,burglary -> bench,0.5333,burglary -> bench,0.542,burglary -> bench,58,83,0.033,0.078,0.06,60,90,34,0.0,0.053,8.6,burglary,0.3,14,10.9,13.5,0.291,"burglary 23%, robbery 18%","burglary 30%, robbery 18%",0.5422,0.566,0.53,0.53
r8s_0947_theater_term,"Suggest a type of theater term. Reply with only the name, nothing else.",0.5333,<long> -> bench,0.5167,melodrama -> real,0.5227,melodrama -> real,44,60,0.267,0.333,0.307,60,90,80,0.0,0.233,18.8,monologue,0.25,13,10.58,59.59,0.135,"<long> 27%, monologue 10%","<long> 33%, monologue 9%",0.5488,0.653,0.559,0.559
r8_0379_bear,"Name a bear. Reply with only the name, nothing else.",0.5333,bear -> bench,0.5333,bear -> bench,0.5441,bear -> bench,49,68,0.183,0.244,0.22,60,90,61,0.0,0.173,14.2,grizzly,0.2,14,12.31,34.16,0.145,"<long> 18%, baloo 13%","<long> 24%, grizzly 12%",0.5379,0.598,0.532,0.532
r8_0883_handbag_style,"Name a handbag style. Reply with only the name, nothing else.",0.5333,<long> -> bench,0.5278,crossbody bag -> real,0.5315,crossbody bag -> real,52,72,0.133,0.2,0.173,60,90,58,0.0,0.147,13.8,tote bag,0.25,14,11.64,35.01,0.121,"slouchy hobo bag 13%, <long> 13%","<long> 20%, top handle bag 9%",0.5482,0.619,0.518,0.518
r8s_0562_tomato,"Suggest a type of tomato. Reply with only the name, nothing else.",0.5333,<long> -> real,0.5278,beefsteak tomato -> bench,0.5294,roma tomato -> real,46,75,0.233,0.167,0.193,60,90,65,0.0,0.147,14.0,beefsteak tomato,0.55,8,4.54,31.8,0.248,"<long> 23%, beefsteak tomato 17%","beefsteak tomato 22%, <long> 17%",0.5375,0.563,0.561,0.561
r8_0375_geological_period,"Name a geological period. Reply with only the name, nothing else.",0.5333,permian -> bench,0.5333,permian -> bench,0.5361,permian -> bench,57,83,0.05,0.078,0.067,60,90,48,0.0,0.053,8.7,permian period,0.15,13,11.68,30.25,0.107,"triassic 12%, cretaceous 12%","triassic 9%, cretaceous 9%",0.5283,0.752,0.608,0.608
r8_0052_soft_drink,"Name a soft drink. Reply with only the name, nothing else.",0.5333,<long> -> real,0.5167,coca cola -> bench,0.5369,coca-cola -> real,56,90,0.067,0.0,0.027,60,90,19,0.0,0.02,7.5,coca-cola,0.4,8,5.84,4.41,0.562,"coca-cola 57%, coke 22%","coca-cola 53%, coke 23%",0.5286,0.444,0.213,0.213
r8_1915_seafood_dish,"Name a seafood dish. Reply with only the name, nothing else.",0.5333,shrimp scampi pasta -> real,0.5333,shrimp scampi pasta -> real,0.5714,shrimp scampi pasta -> real,28,39,0.533,0.567,0.553,60,90,37,0.0,0.12,14.4,grilled salmon with asparagus,0.1,18,17.41,26.49,0.134,"<long> 53%, grilled salmon with asparagus 8%","<long> 57%, shrimp scampi 7%",0.5437,0.356,0.407,0.407
r8s_0569_pea,"Suggest a type of pea. Reply with only the name, nothing else.",0.5333,<long> -> bench,0.5333,snow pea -> real,0.5222,snow pea -> real,54,75,0.1,0.167,0.14,60,90,31,0.0,0.113,11.6,snow peas,0.65,8,3.78,8.79,0.419,"snow pea 40%, snow peas 20%","snow pea 33%, <long> 17%",0.5329,0.357,0.493,0.493
r8s_0434_milkshake,"Suggest a type of milkshake. Reply with only the name, nothing else.",0.5333,strawberry milkshake -> bench,0.5333,strawberry milkshake -> bench,0.5519,strawberry milkshake -> bench,46,67,0.233,0.256,0.247,60,90,31,0.0,0.04,9.4,chocolate chip cookie dough milkshake,0.3,12,8.85,7.27,0.54,"strawberry milkshake 37%, <long> 23%","strawberry milkshake 43%, <long> 26%",0.5323,0.577,0.227,0.227
r8s_0937_funeral_item,"Suggest a type of funeral item. Reply with only the name, nothing else.",0.5333,urn vase -> bench,0.5333,urn vase -> bench,0.5375,urn vase -> bench,54,80,0.1,0.111,0.107,60,90,29,0.0,0.087,11.4,urn,0.5,7,4.23,6.31,0.537,"urn 45%, casket 20%","urn 50%, casket 14%",0.55,0.086,0.801,0.801
r8_1234_werewolf,"Name a werewolf. Reply with only the name, nothing else.",0.5333,fenris -> real,0.5333,fenris -> real,0.5398,fenris -> real,49,70,0.183,0.222,0.207,60,90,68,0.0,0.18,14.4,jacob,0.1,19,18.66,43.71,0.101,"<long> 18%, fenris 10%","<long> 22%, jacob 9%",0.5381,0.579,0.535,0.535
r8s_0916_fountain,"Suggest a type of fountain. Reply with only the name, nothing else.",0.5333,cascading fountain -> real,0.5333,cascading fountain -> real,0.5309,cascading fountain -> real,49,68,0.183,0.244,0.22,60,90,63,0.0,0.167,15.1,cascade fountain,0.25,13,10.86,28.28,0.291,"cascading fountain 27%, <long> 18%","<long> 24%, cascading fountain 20%",0.5273,0.744,0.789,0.789
r8s_0554_angel,"Suggest a type of angel. Reply with only the name, nothing else.",0.5333,guardian angel -> real,0.5333,guardian angel -> real,0.5398,guardian angel -> real,47,69,0.217,0.233,0.227,60,90,58,0.0,0.173,14.8,guardian angel,0.4,12,8.12,26.79,0.293,"guardian angel 27%, <long> 22%","<long> 23%, guardian angel 20%",0.5574,0.435,0.372,0.372
r8_1959_connector,"Name a connector. Reply with only the name, nothing else.",0.5333,usb -> bench,0.5333,usb -> bench,0.5441,usb -> bench,47,68,0.217,0.244,0.233,60,90,89,0.0,0.167,14.8,usb,0.15,15,13.78,72.72,0.078,"<long> 22%, usb-c connector 8%","<long> 24%, usb 7%",0.5637,0.608,0.478,0.291
r8_1561_cheese_hard,"Name a cheese hard. Reply with only the name, nothing else.",0.5333,aged cheddar -> real,0.5333,aged cheddar -> real,0.54,aged cheddar -> real,50,70,0.167,0.222,0.2,60,90,35,0.0,0.173,15.1,parmesan cheese,0.3,11,8.26,12.51,0.325,"parmesan 30%, cheddar 18%","parmesan 23%, <long> 22%",0.541,0.242,0.11,0.11
r8_0019_building,"Name a type of building. Reply with only the name, nothing else.",0.5333,<long> -> bench,0.5333,school -> real,0.537,school -> real,54,75,0.1,0.167,0.14,60,90,37,0.0,0.127,11.8,apartment building,0.4,9,6.43,10.18,0.504,"apartment building 43%, <long> 10%","apartment building 43%, <long> 17%",0.5387,0.47,0.5,0.5
r8_0512_outerwear,"Name a type of outerwear. Reply with only the name, nothing else.",0.5333,raincoat -> bench,0.5333,raincoat -> bench,0.5385,raincoat -> bench,53,78,0.117,0.122,0.12,60,90,33,0.007,0.107,10.3,parka,0.35,7,4.78,7.91,0.557,"jacket 50%, <long> 12%","jacket 48%, <long> 12%",0.5296,0.462,0.102,0.102
r8_1960_mushroom_edible,"Name a mushroom edible. Reply with only the name, nothing else.",0.5333,agaricus bisporus -> bench,0.5333,agaricus bisporus -> bench,0.5443,agaricus bisporus -> bench,50,70,0.167,0.222,0.2,60,90,40,0.0,0.167,15.3,chanterelle,0.25,10,8.37,21.68,0.117,"<long> 17%, shiitake mushroom 13%","<long> 22%, agaricus bisporus 10%",0.5572,0.484,0.869,0.869
r8s_1944_swimsuit,"Suggest a type of swimsuit. Reply with only the name, nothing else.",0.5333,one-piece swimsuit -> real,0.5333,one-piece swimsuit -> real,0.5423,one-piece swimsuit -> real,49,74,0.183,0.178,0.18,60,90,41,0.0,0.107,13.1,one-piece swimsuit,0.4,13,8.71,11.23,0.48,"one-piece swimsuit 43%, <long> 18%","one-piece swimsuit 37%, <long> 18%",0.5356,0.565,0.363,0.363
r8s_1789_food_flavor,"Suggest a type of food flavor. Reply with only the name, nothing else.",0.5333,<long> -> real,0.5222,strawberry -> bench,0.5278,strawberry flavor -> bench,44,72,0.267,0.2,0.227,60,90,83,0.0,0.173,14.3,spicy,0.15,17,15.83,62.59,0.086,"<long> 27%, chocolate 5%","<long> 20%, chocolate 8%",0.5362,0.611,0.611,0.611
r8_0293_folklore_creature,"Name a type of folklore creature. Reply with only the name, nothing else.",0.5333,banshee -> bench,0.5333,banshee -> bench,0.5455,banshee -> bench,55,77,0.083,0.144,0.12,60,90,43,0.0,0.113,11.1,banshee,0.45,9,6.04,20.5,0.235,"banshee 17%, dragon 10%","banshee 23%, <long> 14%",0.5449,0.556,0.733,0.733
r8_1093_public_service,"Name a public service. Reply with only the name, nothing else.",0.5333,usps -> real,0.5333,usps -> real,0.5426,usps -> real,47,72,0.217,0.2,0.207,60,90,69,0.0,0.12,12.9,social security,0.1,17,16.25,30.86,0.319,"social security administration 27%, <long> 22%","social security administration 24%, <long> 20%",0.5406,0.548,0.303,0.331
r8_1034_ball_type,"Name a ball type. Reply with only the name, nothing else.",0.5333,<long> -> bench,0.5306,baseball -> bench,0.5433,baseball -> bench,54,75,0.1,0.167,0.14,60,90,27,0.0,0.113,10.7,soccer ball,0.3,7,5.4,8.16,0.333,"tennis ball 30%, soccer ball 20%","tennis ball 28%, baseball 21%",0.5663,0.379,0.223,0.223
r8_1940_bridge_style,"Name a bridge style. Reply with only the name, nothing else.",0.5333,beam bridge -> bench,0.5333,beam bridge -> bench,0.5554,beam bridge -> bench,40,56,0.333,0.367,0.353,60,90,70,0.007,0.233,19.0,truss bridge,0.15,15,13.42,48.69,0.115,"<long> 33%, arch bridge 5%","<long> 37%, beam bridge 10%",0.5336,0.631,0.107,0.119
r8_1749_evergreen_plant,"Name an evergreen plant. Reply with only the name, nothing else.",0.5333,snake plant -> real,0.5333,snake plant -> real,0.5396,snake plant -> real,44,62,0.267,0.311,0.293,60,90,57,0.0,0.227,17.2,boxwood,0.1,19,18.66,28.87,0.226,"<long> 27%, snake plant 20%","<long> 31%, snake plant 13%",0.5721,0.591,0.626,0.625
r8_1430_physical_sensation,"Name a physical sensation. Reply with only the name, nothing else.",0.5333,<long> -> bench,0.525,itching -> real,0.5362,touch -> bench,50,68,0.167,0.233,0.207,60,90,67,0.007,0.187,14.8,heat,0.1,18,17.41,45.41,0.102,"<long> 17%, pressure 5%","<long> 23%, touch 10%",0.5456,0.657,0.718,0.718
r8_0273_eyewear,"Name a type of eyewear. Reply with only the name, nothing else.",0.5333,sunglasses -> bench,0.5333,sunglasses -> bench,0.5425,sunglasses -> bench,58,84,0.033,0.067,0.053,60,90,19,0.0,0.047,8.8,sunglasses,0.4,7,4.94,4.27,0.43,"glasses 42%, sunglasses 37%","sunglasses 43%, glasses 37%",0.5461,0.191,0.251,0.251
r8_1441_electrical_outlet,"Name an electrical outlet. Reply with only the name, nothing else.",0.5333,outlet -> bench,0.5333,outlet -> bench,0.5509,outlet -> bench,44,63,0.267,0.3,0.287,60,90,54,0.0,0.167,16.1,gfci outlet,0.25,16,13.37,27.74,0.196,"<long> 27%, gfci outlet 13%","<long> 30%, outlet 17%",0.545,0.443,0.372,0.372
r8_0973_kappa,"Name a kappa. Reply with only the name, nothing else.",0.5333,<long> -> bench,0.5167,lambda -> real,0.5217,lambda -> real,46,63,0.233,0.3,0.273,60,90,85,0.0,0.213,16.9,kappa,0.25,16,13.37,52.78,0.22,"<long> 23%, kappa 17%","<long> 30%, kappa 16%",0.5435,0.528,0.606,0.606
r8_1655_file_format,"Name a file format. Reply with only the name, nothing else.",0.5333,jpg -> real,0.5333,jpg -> real,0.5351,jpg -> real,57,84,0.05,0.067,0.06,60,90,36,0.0,0.06,7.2,mp3,0.3,11,8.63,13.32,0.284,"pdf 30%, json 18%","pdf 24%, json 20%",0.5553,0.315,0.471,0.49
r8_1062_music_festival,"Name a music festival. Reply with only the name, nothing else.",0.5333,<long> -> bench,0.5194,glastonbury festival -> real,0.5326,bonnaroo music festival -> bench,44,60,0.267,0.333,0.307,60,90,27,0.0,0.087,12.1,coachella,0.25,11,8.6,10.87,0.327,"<long> 27%, coachella 25%","<long> 33%, coachella 21%",0.5327,0.487,0.047,0.047
r8s_0069_dairy_product,"Suggest a type of dairy product. Reply with only the name, nothing else.",0.5333,cheese -> bench,0.5333,cheese -> bench,0.5395,cheese -> bench,50,76,0.167,0.156,0.16,60,90,35,0.0,0.113,11.6,yogurt,0.55,8,4.66,12.12,0.333,"yogurt 30%, milk 17%","yogurt 27%, milk 17%",0.5481,0.399,0.712,0.712
r8_0611_photography_style,"Name a photography style. Reply with only the name, nothing else.",0.5333,fine art photography -> real,0.5333,fine art photography -> real,0.5401,fine art photography -> real,48,67,0.2,0.256,0.233,60,90,69,0.0,0.227,17.0,lifestyle photography,0.15,16,14.77,53.6,0.078,"<long> 20%, fine art photography 10%","<long> 26%, portraiture 4%",0.5414,0.547,0.667,0.667
r8_0983_pear,"Name a pear. Reply with only the name, nothing else.",0.5333,bartlett pear -> real,0.5333,bartlett pear -> real,0.5426,bartlett pear -> real,47,70,0.217,0.222,0.22,60,90,47,0.0,0.153,14.6,bartlett,0.35,10,7.47,16.84,0.325,"anjou 27%, <long> 22%","anjou 24%, <long> 22%",0.5498,0.342,0.38,0.395
r8s_1433_major_music_industry_a,"Suggest a type of major music industry award. Reply with only the name, nothing else.",0.5333,grammy award -> real,0.5333,grammy award -> real,0.5316,grammy award -> real,55,81,0.083,0.1,0.093,60,90,8,0.0,0.073,10.7,grammy award,0.55,2,1.99,2.4,0.544,"grammy award 53%, grammy awards 37%","grammy award 47%, grammy awards 39%",0.5197,0.108,0.783,0.783
r8_1140_home_decor,"Name a home decor. Reply with only the name, nothing else.",0.5333,couch -> bench,0.5333,couch -> bench,0.5383,couch -> bench,51,77,0.15,0.144,0.147,60,90,42,0.0,0.127,11.7,couch,0.3,8,5.79,14.93,0.242,"sofa 18%, couch 17%","couch 23%, sofa bed 17%",0.5418,0.34,0.277,0.277
r8s_0158_aquatic_plant,"Suggest a type of aquatic plant. Reply with only the name, nothing else.",0.5333,water lily -> bench,0.5333,water lily -> bench,0.5416,water lily -> bench,52,74,0.133,0.178,0.16,60,90,60,0.0,0.12,12.9,water lily,0.2,13,10.9,32.61,0.159,"water hyacinth 13%, <long> 13%","<long> 18%, water hyacinth 13%",0.5585,0.481,0.722,0.722
r8s_0109_alloy,"Suggest a type of alloy. Reply with only the name, nothing else.",0.5333,stainless steel -> real,0.5333,stainless steel -> real,0.5385,stainless steel -> real,52,78,0.133,0.133,0.133,60,90,73,0.0,0.087,12.4,bronze,0.2,13,11.19,49.77,0.092,"<long> 13%, bronze alloy 8%","<long> 13%, bronze alloy 8%",0.5494,0.58,0.492,0.492
r8_1509_pop_star,"Name a pop star. Reply with only the name, nothing else.",0.5333,taylor swift -> real,0.5333,taylor swift -> real,0.533,taylor swift -> real,55,80,0.083,0.111,0.1,60,90,20,0.0,0.08,9.8,justin bieber,0.25,12,9.87,9.93,0.252,"taylor swift 27%, justin bieber 17%","taylor swift 20%, justin timberlake 14%",0.5462,0.377,0.349,0.349
r8s_1544_track_and_field_event,"Suggest a type of track and field event. Reply with only the name, nothing else.",0.5333,<long> -> bench,0.525,long jump -> real,0.5278,long jump -> real,54,75,0.1,0.167,0.14,60,90,53,0.0,0.14,15.1,triple jump,0.2,15,13.2,29.72,0.194,"100-meter dash 15%, <long> 10%","100-meter dash 18%, <long> 17%",0.5653,0.323,1.313,1.313
r8s_0155_bird,"Suggest a type of bird. Reply with only the name, nothing else.",0.5333,northern cardinal -> real,0.5333,northern cardinal -> real,0.5364,northern cardinal -> real,55,83,0.083,0.078,0.08,60,90,53,0.0,0.08,9.1,robin,0.25,13,10.14,23.87,0.275,"robin 23%, parrot 8%","robin 27%, <long> 8%",0.5319,0.668,0.264,0.264
r8_1052_doll_brand,"Name a doll brand. Reply with only the name, nothing else.",0.5333,barbie -> real,0.5333,barbie -> real,0.5337,barbie -> real,51,75,0.15,0.167,0.16,60,90,16,0.0,0.14,12.2,barbie,0.75,6,2.62,4.15,0.587,"barbie 53%, <long> 15%","barbie 47%, american girl 19%",0.5402,0.152,0.135,0.135
r8_1252_farming_method,"Name a farming method. Reply with only the name, nothing else.",0.5333,no-till farming -> real,0.5333,no-till farming -> real,0.533,no-till farming -> real,55,80,0.083,0.111,0.1,60,90,21,0.0,0.073,10.3,hydroponics,0.4,7,4.75,5.39,0.481,"hydroponics 43%, no-till farming 27%","hydroponics 43%, no-till farming 20%",0.5689,0.339,0.972,0.972
r8_0140_coral,"Name a coral. Reply with only the name, nothing else.",0.5333,<long> -> real,0.5278,coral -> bench,0.5342,coral -> bench,42,69,0.3,0.233,0.26,60,90,46,0.0,0.193,16.5,staghorn coral,0.4,9,6.16,19.07,0.243,"<long> 30%, staghorn coral 18%","<long> 23%, staghorn coral 18%",0.5437,0.378,0.225,0.225
r8s_1589_lightning,"Suggest a type of lightning. Reply with only the name, nothing else.",0.5333,cg lightning -> bench,0.5333,cg lightning -> bench,0.5353,cg lightning -> bench,55,85,0.083,0.056,0.067,60,90,38,0.0,0.047,8.8,intracloud lightning,0.4,10,6.89,8.01,0.579,"intracloud lightning 52%, <long> 8%","intracloud lightning 56%, cg lightning 7%",0.5505,0.379,0.474,0.474
r8s_0046_bird_of_prey,"Suggest a type of bird of prey. Reply with only the name, nothing else.",0.5333,hawk -> bench,0.5333,hawk -> bench,0.5354,hawk -> bench,55,84,0.083,0.067,0.073,60,90,20,0.0,0.06,8.9,golden eagle,0.25,9,7.08,5.72,0.532,"golden eagle 48%, falcon 12%","golden eagle 50%, peregrine falcon 12%",0.5358,0.514,0.344,0.344
r8s_0224_cosmetic,"Suggest a type of cosmetic. Reply with only the name, nothing else.",0.5333,lip gloss -> real,0.5333,lip gloss -> real,0.5427,lip gloss -> real,49,77,0.183,0.144,0.16,60,90,64,0.0,0.12,12.8,lip gloss,0.2,14,12.31,36.34,0.119,"<long> 18%, lip gloss 13%","<long> 14%, day cream 11%",0.5322,0.646,0.176,0.176
r8s_1360_lizard,"Suggest a type of lizard. Reply with only the name, nothing else.",0.5333,bearded lizard -> real,0.5333,bearded lizard -> real,0.5386,bearded lizard -> real,51,74,0.15,0.178,0.167,60,90,44,0.0,0.133,14.0,bearded dragon,0.35,10,7.16,19.29,0.216,"bearded dragon 17%, <long> 15%","bearded dragon 19%, <long> 18%",0.5601,0.35,0.94,0.94
r8_1686_plant_leaf_type,"Name a plant leaf type. Reply with only the name, nothing else.",0.5333,maple leaf -> real,0.5333,maple leaf -> real,0.5425,maple leaf -> real,46,66,0.233,0.267,0.253,60,90,89,0.0,0.173,16.9,needle leaf,0.1,19,18.66,74.08,0.08,"<long> 23%, maple leaf 10%","<long> 27%, coleus leaf 3%",0.5378,0.685,0.833,0.833
r8_0213_storm,"Name a storm. Reply with only the name, nothing else.",0.5333,hurricane sandy -> real,0.5333,hurricane sandy -> real,0.5392,hurricane sandy -> real,51,73,0.15,0.189,0.173,60,90,56,0.0,0.12,11.3,hurricane irma,0.3,10,8.05,23.94,0.274,"hurricane 25%, <long> 15%","hurricane 21%, <long> 19%",0.5333,0.28,0.042,0.042
r8_1632_track_event,"Name a track event. Reply with only the name, nothing else.",0.5333,<long> -> real,0.525,100 meter dash -> real,0.5375,100 meter dash -> real,40,66,0.333,0.267,0.293,60,90,73,0.0,0.22,19.5,100 meter dash,0.1,16,15.16,51.6,0.104,"<long> 33%, 100-meter dash 7%","<long> 27%, 100m dash 9%",0.5417,0.359,0.233,0.23
r8_0247_olympic_event,"Name an olympic event. Reply with only the name, nothing else.",0.5333,100m sprint -> real,0.5333,100m sprint -> real,0.5358,100m sprint -> real,52,73,0.133,0.189,0.167,60,90,61,0.0,0.147,15.6,100 meter dash,0.1,19,18.66,34.26,0.12,"100m sprint 13%, <long> 13%","<long> 19%, 100 meter dash 10%",0.5479,0.407,1.128,1.128
r8_0202_facial_expression,"Name a facial expression. Reply with only the name, nothing else.",0.5333,furrowed brows -> real,0.5333,furrowed brows -> real,0.5462,eyebrows furrowing -> bench,49,68,0.183,0.244,0.22,60,90,45,0.0,0.193,15.5,furrowed brows,0.15,15,13.78,24.37,0.197,"<long> 18%, eyebrows furrowing 12%","<long> 24%, eyebrows furrowing 18%",0.5459,0.446,0.407,0.407
r8_0681_singer,"Name a singer. Reply with only the name, nothing else.",0.5333,taylor swift -> real,0.5333,taylor swift -> real,0.5349,taylor swift -> real,54,78,0.1,0.133,0.12,60,90,48,0.0,0.087,10.8,beyoncé,0.15,15,13.78,26.95,0.144,"taylor swift 17%, adele 10%","<long> 13%, beyoncé 11%",0.5445,0.568,0.686,0.686
r8_1436_unpleasant_smell,"Name an unpleasant smell. Reply with only the name, nothing else.",0.5333,burnt popcorn -> real,0.5333,burnt popcorn -> real,0.5364,burnt popcorn -> real,55,81,0.083,0.1,0.093,60,90,60,0.0,0.073,9.7,limburger cheese,0.1,17,16.25,36.99,0.081,"body odor 10%, stinky cheese 10%","<long> 10%, rotten eggs 8%",0.539,0.591,0.48,0.48
r8_1245_castle,"Name a castle. Reply with only the name, nothing else.",0.5333,<long> -> bench,0.5333,neuschwanstein castle -> real,0.5432,neuschwanstein castle -> real,44,60,0.267,0.333,0.307,60,90,57,0.0,0.233,18.4,neuschwanstein castle,0.3,9,6.63,28.88,0.183,"<long> 27%, windsor castle 15%","<long> 33%, neuschwanstein 12%",0.5606,0.511,0.633,0.633
r8_0039_ancient_civilization,"Name an ancient civilization. Reply with only the name, nothing else.",0.5333,<long> -> bench,0.5306,maya civilization -> real,0.5369,maya civilization -> real,48,66,0.2,0.267,0.24,60,90,60,0.0,0.18,14.8,mayan civilization,0.1,17,16.25,42.56,0.07,"<long> 20%, maya civilization 8%","<long> 27%, maya 7%",0.5381,0.593,0.492,0.492
r8_1423_bitter,"Name a bitter. Reply with only the name, nothing else.",0.5333,coffee -> bench,0.5333,coffee -> bench,0.55,coffee -> bench,39,60,0.35,0.333,0.34,60,90,81,0.0,0.307,20.8,quinine,0.05,20,20.0,67.94,0.061,"<long> 35%, quinine 5%","<long> 33%, coffee 7%",0.5363,0.645,0.496,0.496
r8s_1451_sports_venue,"Suggest a type of sports venue. Reply with only the name, nothing else.",0.5333,basketball arena -> bench,0.5333,basketball arena -> bench,0.5408,basketball arena -> bench,52,75,0.133,0.167,0.153,60,90,33,0.0,0.107,11.5,tennis court,0.25,12,8.94,15.5,0.213,"baseball stadium 22%, <long> 13%","<long> 17%, baseball stadium 16%",0.5451,0.344,0.621,0.621
r8s_1480_drift,"Suggest a type of drift. Reply with only the name, nothing else.",0.5333,concept drift -> real,0.5333,concept drift -> real,0.54,concept drift -> real,50,74,0.167,0.167,0.167,60,90,103,0.007,0.133,13.0,lateral drift,0.15,18,16.96,84.77,0.073,"<long> 17%, concept drift 7%","<long> 17%, model drift 7%",0.5269,0.711,0.194,0.199
r8s_1174_colour_shade,"Suggest a type of colour shade. Reply with only the name, nothing else.",0.5333,teal -> real,0.5333,teal -> real,0.54,teal -> real,50,72,0.167,0.2,0.187,60,90,91,0.0,0.147,13.5,teal,0.25,16,13.37,72.21,0.09,"<long> 17%, light blue 7%","<long> 20%, light blue 8%",0.5508,0.703,0.558,0.558
r8s_0054_mythological_creature,"Suggest a type of mythological creature. Reply with only the name, nothing else.",0.5333,centaur -> real,0.5333,centaur -> real,0.5439,griffin -> bench,57,81,0.05,0.1,0.08,60,90,37,0.0,0.053,7.8,cerberus,0.15,13,11.38,15.76,0.297,"griffin 23%, phoenix 10%","griffin 30%, dragon 13%",0.5457,0.622,1.037,1.037
r8_1049_literary_device,"Name a literary device. Reply with only the name, nothing else.",0.5333,alliteration -> real,0.5333,alliteration -> real,0.5439,metaphor -> bench,59,83,0.017,0.078,0.053,60,90,13,0.0,0.053,7.9,metaphor,0.7,4,2.39,2.19,0.831,"metaphor 77%, alliteration 10%","metaphor 80%, <long> 8%",0.5212,0.2,0.128,0.128
r8s_0184_unit_of_temperature,"Suggest a type of unit of temperature. Reply with only the name, nothing else.",0.5333,kelvin -> bench,0.5333,kelvin -> bench,0.5364,kelvin -> bench,54,82,0.1,0.089,0.093,60,90,15,0.0,0.08,8.5,celsius,0.55,5,3.44,3.2,0.706,"celsius 67%, fahrenheit 10%","celsius 62%, kelvin 10%",0.5408,0.174,0.498,0.498
r8_0538_geographic_boundary,"Name a geographic boundary. Reply with only the name, nothing else.",0.5333,equator -> bench,0.5333,equator -> bench,0.5468,equator -> bench,51,71,0.15,0.211,0.187,60,90,74,0.0,0.12,12.6,equator,0.5,10,5.9,43.55,0.172,"<long> 15%, equator 10%","<long> 21%, equator 17%",0.5381,0.608,0.328,0.328
r8_1073_philosopher,"Name a philosopher. Reply with only the name, nothing else.",0.5333,immanuel kant -> real,0.5333,immanuel kant -> real,0.5364,immanuel kant -> real,55,80,0.083,0.111,0.1,60,90,44,0.0,0.073,10.5,plato,0.2,12,10.17,18.23,0.296,"socrates 27%, aristotle 10%","socrates 27%, <long> 11%",0.5425,0.632,0.381,0.381
r8_0558_scent,"Name a scent. Reply with only the name, nothing else.",0.5333,rose -> bench,0.5333,rose -> bench,0.5417,rose -> bench,47,72,0.217,0.2,0.207,60,90,60,0.0,0.173,14.1,lavender,0.5,9,5.36,23.87,0.319,"lavender 23%, <long> 22%","lavender 27%, <long> 20%",0.5456,0.577,0.355,0.355
r8_1571_tea_blend,"Name a tea blend. Reply with only the name, nothing else.",0.5333,<long> -> real,0.5333,earl grey tea -> bench,0.5549,earl grey tea -> bench,30,51,0.5,0.433,0.46,60,90,30,0.0,0.087,14.4,earl grey tea blend,0.3,11,7.81,11.58,0.383,"<long> 50%, earl grey tea blend 18%","<long> 43%, earl grey tea blend 22%",0.532,0.371,0.434,0.434
r8_0559_wildflower,"Name a wildflower. Reply with only the name, nothing else.",0.5333,california poppy -> bench,0.5333,california poppy -> bench,0.5428,california poppy -> bench,54,77,0.1,0.144,0.127,60,90,53,0.0,0.113,12.1,california poppy,0.15,15,13.78,27.08,0.198,"california poppy 13%, black-eyed susan 10%","california poppy 20%, <long> 14%",0.5406,0.549,0.341,0.341
r8s_1695_talent,"Suggest a type of talent. Reply with only the name, nothing else.",0.5333,<long> -> bench,0.5333,software engineer -> bench,0.5497,software engineer -> bench,52,72,0.133,0.2,0.173,60,90,59,0.0,0.12,11.7,singer,0.4,10,6.89,26.98,0.25,"software engineer 17%, <long> 13%","software engineer 23%, <long> 20%",0.5609,0.428,0.4,0.394
r8s_0056_literary_genre,"Suggest a literary genre. Reply with only the name, nothing else.",0.5333,romance -> bench,0.5333,romance -> bench,0.539,romance -> bench,53,77,0.117,0.144,0.133,60,90,44,0.0,0.12,11.6,science fiction,0.25,12,9.46,17.54,0.238,"fantasy 20%, science fiction 20%","science fiction 21%, fantasy 20%",0.545,0.468,0.371,0.371
r8_1477_cloud_temperature,"Name a type of cloud temperature. Reply with only the name, nothing else.",0.5333,cloud-top temperature -> real,0.5333,cloud-top temperature -> real,0.5426,cloud-top temperature -> real,47,68,0.217,0.244,0.233,60,90,69,0.0,0.167,15.6,cloud top temperature,0.35,13,9.44,37.42,0.174,"<long> 22%, cloud base temperature 15%","<long> 24%, cloud top temperature 13%",0.5443,0.485,0.371,0.371
r8s_1598_weave,"Suggest a type of weave. Reply with only the name, nothing else.",0.5333,plain weave -> bench,0.5333,plain weave -> bench,0.5423,plain weave -> bench,49,71,0.183,0.211,0.2,60,90,67,0.0,0.127,13.9,plain weave,0.15,16,14.38,38.56,0.158,"<long> 18%, satin weave 12%","<long> 21%, satin weave 13%",0.5435,0.534,0.528,0.528
r8_1368_epic,"Name an epic. Reply with only the name, nothing else.",0.5333,<long> -> bench,0.5222,odyssey -> real,0.5338,lord of the rings -> bench,40,54,0.333,0.4,0.373,60,90,39,0.0,0.207,18.2,odyssey,0.75,3,2.08,12.76,0.436,"<long> 33%, odyssey 30%","<long> 40%, odyssey 26%",0.537,0.383,0.321,0.283
r8_0631_watch_style,"Name a watch style. Reply with only the name, nothing else.",0.5333,<long> -> bench,0.5278,chronograph -> real,0.5322,chronograph -> real,48,66,0.2,0.267,0.24,60,90,84,0.0,0.193,17.0,chronograph,0.25,12,9.62,63.55,0.088,"<long> 20%, chronograph 10%","<long> 27%, classic 8%",0.5322,0.64,0.174,0.174
r8_0274_metal,"Name a metal. Reply with only the name, nothing else.",0.5333,gold -> bench,0.5333,gold -> bench,0.5345,gold -> bench,58,87,0.033,0.033,0.033,60,90,21,0.0,0.027,6.1,gold,0.35,7,4.78,8.07,0.276,"iron 28%, gold 20%","gold 27%, iron 26%",0.5563,0.326,0.378,0.378
r8_0201_belt,"Name a belt. Reply with only the name, nothing else.",0.5333,<long> -> bench,0.5278,gucci belt -> real,0.5477,gucci belt -> real,34,45,0.433,0.5,0.473,60,90,63,0.0,0.347,23.9,gucci belt,0.35,14,10.12,51.84,0.089,"<long> 43%, gucci belt 7%","<long> 50%, black belt 6%",0.5413,0.661,0.514,0.563
r8_0717_writing_style,"Name a writing style. Reply with only the name, nothing else.",0.5333,narrative -> bench,0.5333,narrative -> bench,0.5469,narrative -> bench,45,64,0.25,0.289,0.273,60,90,74,0.0,0.22,16.9,expository,0.15,17,15.83,58.66,0.083,"<long> 25%, descriptive 7%","<long> 29%, narrative 7%",0.5384,0.634,0.56,0.519
r8s_1190_comb,"Suggest a type of comb. Reply with only the name, nothing else.",0.5333,rat-tail comb -> real,0.5333,rat-tail comb -> real,0.5385,rat-tail comb -> real,52,82,0.133,0.089,0.107,60,90,40,0.0,0.087,12.0,wide-tooth comb,0.4,11,7.58,11.63,0.455,"wide-tooth comb 43%, <long> 13%","wide-tooth comb 39%, wide-toothed comb 10%",0.5291,0.431,0.357,0.357
r8_0579_chord,"Name a chord. Reply with only the name, nothing else.",0.5333,f major -> real,0.5333,f major -> real,0.5426,f major -> real,47,70,0.217,0.222,0.22,60,90,63,0.0,0.187,14.9,c major,0.15,15,13.42,32.4,0.239,"c major 22%, <long> 22%","<long> 22%, c major 17%",0.5486,0.457,0.388,0.388
r8s_0160_soil,"Suggest a type of soil. Reply with only the name, nothing else.",0.5333,sandy loam soil -> real,0.5333,sandy loam soil -> real,0.5351,sandy loam soil -> real,56,81,0.067,0.1,0.087,60,90,30,0.0,0.08,10.5,clay soil,0.55,8,4.66,10.33,0.372,"clay soil 33%, loamy soil 17%","clay soil 34%, loamy soil 17%",0.5502,0.282,0.653,0.653
r8_1629_behemoth,"Name a behemoth. Reply with only the name, nothing else.",0.5333,amazon.com -> real,0.5333,amazon.com -> real,0.5411,amazon.com -> real,48,70,0.2,0.222,0.213,60,90,48,0.0,0.16,14.4,behemoth,0.4,13,8.71,24.55,0.178,"<long> 20%, amazon 13%","<long> 22%, amazon 14%",0.5767,0.373,0.709,0.651
r8_0109_alloy,"Name an alloy. Reply with only the name, nothing else.",0.5333,bronze alloy -> real,0.5333,bronze alloy -> real,0.5408,bronze alloy -> real,49,76,0.167,0.156,0.16,60,90,49,0.007,0.147,12.8,bronze,0.4,6,4.31,22.71,0.216,"bronze 18%, <long> 17%","bronze 18%, <long> 16%",0.5467,0.44,0.098,0.098
r8s_1411_sensation,"Suggest a type of sensation. Reply with only the name, nothing else.",0.5306,touch -> bench,0.5306,touch -> bench,0.5402,touch -> bench,48,70,0.2,0.211,0.207,60,90,66,0.007,0.173,14.5,touch,0.15,17,15.83,45.66,0.11,"<long> 20%, warmth 5%","<long> 21%, touch 11%",0.5393,0.788,0.796,0.553
r8_1388_door_type,"Name a door type. Reply with only the name, nothing else.",0.5306,french doors -> real,0.5306,french doors -> real,0.5338,french doors -> real,53,75,0.117,0.167,0.147,60,90,52,0.0,0.12,11.9,french door,0.25,13,10.14,24.76,0.195,"sliding door 18%, french door 12%","<long> 17%, sliding door 16%",0.5475,0.423,0.534,0.534
r8_1208_digestif,"Name a digestif. Reply with only the name, nothing else.",0.5306,<long> -> bench,0.5278,amaro -> real,0.538,amaro -> real,43,59,0.283,0.344,0.32,60,90,71,0.0,0.253,19.3,amaretto,0.1,17,16.25,56.29,0.078,"<long> 28%, amaretto 8%","<long> 34%, digestive 3%",0.5535,0.597,0.613,0.66
r8_1387_political_office,"Name a political office. Reply with only the name, nothing else.",0.5306,president -> bench,0.5306,president -> bench,0.5458,president -> bench,39,59,0.35,0.344,0.347,60,90,45,0.0,0.047,9.6,president of the united states,0.4,8,5.09,24.7,0.235,"<long> 35%, president 12%","<long> 34%, president 18%",0.5501,0.533,0.828,0.828
r8_1702_part_of_a_book,"Name a part of a book. Reply with only the name, nothing else.",0.5306,<long> -> bench,0.5278,preface -> bench,0.5438,introduction -> bench,49,68,0.183,0.244,0.22,60,90,52,0.0,0.133,12.7,introduction,0.2,11,9.09,21.82,0.316,"introduction 22%, <long> 18%","introduction 27%, <long> 24%",0.5516,0.304,0.412,0.412
r8s_1421_ice_cream_cone,"Suggest a type of ice cream cone. Reply with only the name, nothing else.",0.5306,waffle cone -> real,0.5306,waffle cone -> real,0.5606,waffle cone -> real,40,65,0.333,0.278,0.3,60,90,40,0.0,0.147,14.2,waffle cone,0.55,9,4.99,14.8,0.4,"<long> 33%, waffle cone 32%","<long> 28%, waffle cone 26%",0.5359,0.387,0.165,0.165
r8s_0697_plier,"Suggest a type of plier. Reply with only the name, nothing else.",0.5306,<long> -> bench,0.5306,needle-nose pliers -> real,0.5312,diagonal pliers -> bench,57,80,0.05,0.111,0.087,60,90,49,0.0,0.06,10.3,needle-nose pliers,0.35,12,8.81,16.88,0.38,"needle-nose pliers 38%, needle-nose plier 8%","needle-nose pliers 32%, <long> 11%",0.5367,0.501,0.483,0.483
r8_1472_nature_sound,"Name a nature sound. Reply with only the name, nothing else.",0.5306,birds chirping -> real,0.5306,birds chirping -> real,0.5294,birds chirping -> real,48,67,0.2,0.256,0.233,60,90,43,0.0,0.187,15.1,thunderstorm,0.2,15,12.85,20.08,0.278,"birds chirping 25%, <long> 20%","<long> 26%, birds chirping 19%",0.5625,0.377,1.053,1.053
r8_1259_school_level,"Name a school level. Reply with only the name, nothing else.",0.5306,<long> -> bench,0.5278,middle school -> bench,0.5382,middle school -> bench,51,71,0.15,0.211,0.187,60,90,22,0.0,0.12,12.4,elementary school,0.3,9,7.01,7.71,0.377,"elementary school 30%, high school 18%","elementary school 31%, <long> 21%",0.5461,0.355,0.133,0.133
r8s_1533_human_action,"Suggest a type of human action. Reply with only the name, nothing else.",0.5306,<long> -> bench,0.5278,click -> bench,0.5325,click -> bench,55,77,0.083,0.144,0.12,60,90,69,0.0,0.06,9.0,walking,0.15,15,13.42,36.92,0.189,"typing 15%, <long> 8%","typing 18%, <long> 14%",0.5449,0.663,0.398,0.372
r8s_0758_cup,"Suggest a type of cup. Reply with only the name, nothing else.",0.5306,coffee cup -> real,0.5306,coffee cup -> real,0.5367,coffee cup -> real,49,72,0.183,0.2,0.193,60,90,51,0.0,0.14,12.9,mug,0.45,11,6.94,23.33,0.223,"<long> 18%, mug 18%","<long> 20%, mug 18%",0.554,0.474,0.575,0.575
r8s_1675_palace,"Suggest a type of palace. Reply with only the name, nothing else.",0.5306,<long> -> bench,0.5278,palace of versailles -> bench,0.5439,palace of versailles -> bench,47,65,0.217,0.278,0.253,60,90,54,0.0,0.187,15.9,palace of versailles,0.15,16,14.77,28.91,0.179,"<long> 22%, palace of versailles 10%","<long> 28%, palace of versailles 16%",0.5496,0.534,0.752,0.752
r8_0421_spread,"Name a spread. Reply with only the name, nothing else.",0.5306,<long> -> bench,0.5083,26.00 -> real,0.5161,26.00 -> real,31,41,0.483,0.544,0.52,60,90,72,0.0,0.267,22.3,classic spread,0.05,20,20.0,70.63,0.028,"<long> 48%, ingredients 2%","<long> 54%, all page spread 1%",0.5386,0.663,0.446,0.675
r8s_1442_force,"Suggest a type of force. Reply with only the name, nothing else.",0.5306,gravitational force -> bench,0.5306,gravitational force -> bench,0.5364,gravitational force -> bench,51,76,0.15,0.156,0.153,60,90,61,0.0,0.113,11.8,friction,0.25,10,8.23,28.98,0.252,"gravity 20%, <long> 15%","gravity 22%, <long> 16%",0.5332,0.641,0.474,0.362
r8_1147_gas_station_brand,"Name a gas station brand. Reply with only the name, nothing else.",0.5306,chevron -> real,0.5306,chevron -> real,0.5394,chevron -> real,49,78,0.183,0.133,0.153,60,90,23,0.0,0.14,11.5,shell,0.55,9,4.99,5.14,0.606,"shell 50%, <long> 18%","shell 52%, <long> 13%",0.5289,0.43,0.186,0.186
r8s_1395_latin_dance,"Suggest a type of latin dance. Reply with only the name, nothing else.",0.5306,rumba -> bench,0.5306,rumba -> bench,0.5341,rumba -> bench,55,81,0.083,0.1,0.093,60,90,25,0.0,0.073,9.5,bachata,0.25,13,10.58,6.35,0.515,"salsa 50%, bachata 18%","salsa 44%, bachata 14%",0.5318,0.483,0.302,0.302
r8_1622_pirate_ship,"Name a pirate ship. Reply with only the name, nothing else.",0.5306,jolly roger -> bench,0.5306,jolly roger -> bench,0.542,jolly roger -> bench,48,70,0.2,0.222,0.213,60,90,53,0.0,0.147,13.9,queen annes revenge,0.35,9,6.51,17.64,0.288,"black pearl 22%, <long> 20%","black pearl 23%, <long> 22%",0.5505,0.323,0.7,0.7
r8_1433_major_music_industry_a,"Name a major music industry award. Reply with only the name, nothing else.",0.5306,<long> -> bench,0.5306,grammy awards -> real,0.5194,grammys -> real,59,83,0.017,0.078,0.053,60,90,10,0.0,0.047,8.7,grammy awards,0.85,3,1.68,2.58,0.648,"grammy awards 65%, grammy award 27%","grammy awards 59%, grammy award 27%",0.519,0.111,0.821,0.821
r8s_1384_vegetable_seed,"Suggest a type of vegetable seed. Reply with only the name, nothing else.",0.5306,<long> -> bench,0.5306,radish seed -> bench,0.5379,radish seed -> bench,53,74,0.117,0.178,0.153,60,90,58,0.0,0.133,12.3,cucumber seed,0.2,14,12.31,35.19,0.15,"<long> 12%, cucumber seed 12%","<long> 18%, cucumber seed 13%",0.5375,0.704,0.402,0.402
r8_0096_actor,"Name an actor. Reply with only the name, nothing else.",0.5306,alice -> bench,0.5306,alice -> bench,0.531,alice -> bench,55,85,0.083,0.056,0.067,60,90,67,0.0,0.053,9.0,tom hanks,0.55,9,4.99,32.92,0.179,"tom hanks 15%, leonardo dicaprio 10%","tom hanks 18%, alice 14%",0.5422,0.591,0.183,0.204
r8_0377_snack,"Name a snack. Reply with only the name, nothing else.",0.5306,apple -> bench,0.5306,apple -> bench,0.5387,apple -> bench,47,71,0.217,0.2,0.207,60,90,54,0.007,0.14,13.8,popcorn,0.4,10,6.89,24.66,0.246,"popcorn 22%, <long> 22%","<long> 20%, popcorn 18%",0.5472,0.552,0.377,0.377
r8_1326_fruit_seed_count,"Name a fruit seed count. Reply with only the name, nothing else.",0.5306,<long> -> bench,0.5167,dragon fruit seed count -> real,0.5252,dragon fruit seed count -> real,35,47,0.417,0.478,0.453,60,90,60,0.0,0.34,24.2,dragon fruit seed count,0.1,19,18.66,47.71,0.085,"<long> 42%, dragon fruit seed count 7%","<long> 48%, avocado seed count 6%",0.5416,0.508,0.571,0.571
r8_1222_marine_creature,"Name a type of marine creature. Reply with only the name, nothing else.",0.5306,sea turtle -> real,0.5306,sea turtle -> real,0.5323,sea turtle -> real,56,81,0.067,0.1,0.087,60,90,27,0.0,0.08,8.9,dolphin,0.45,8,5.26,9.25,0.453,"dolphin 43%, sea turtle 8%","dolphin 40%, whale shark 11%",0.5335,0.558,0.467,0.467
r8s_1619_occupation_in_transpor,"Suggest a type of occupation in transport. Reply with only the name, nothing else.",0.5306,bus driver -> bench,0.5306,bus driver -> bench,0.529,delivery driver -> bench,52,83,0.133,0.078,0.1,60,90,32,0.0,0.073,9.6,bus driver,0.55,6,3.58,8.75,0.356,"bus driver 28%, truck driver 23%","bus driver 34%, truck driver 29%",0.5495,0.275,0.468,0.468
r8_1236_form_of_cooking,"Name a type of form of cooking. Reply with only the name, nothing else.",0.5306,grilling -> real,0.5306,grilling -> real,0.5277,roasting -> bench,55,78,0.083,0.133,0.113,60,90,35,0.0,0.093,10.1,grilling,0.3,12,9.49,16.93,0.241,"grilling 25%, baking 12%","grilling 19%, <long> 13%",0.5407,0.464,0.511,0.511
r8s_1262_leg,"Suggest a type of leg. Reply with only the name, nothing else.",0.5306,hamstring -> real,0.5306,hamstring -> real,0.5412,hamstring -> real,44,64,0.267,0.289,0.28,60,90,72,0.0,0.18,16.6,thigh,0.2,12,10.44,52.12,0.074,"<long> 27%, hamstring 8%","<long> 29%, thigh 7%",0.5481,0.443,0.72,0.72
r8s_1624_pizza,"Suggest a type of pizza. Reply with only the name, nothing else.",0.5306,margherita pizza -> bench,0.5306,margherita pizza -> bench,0.5339,margherita pizza -> bench,43,68,0.283,0.244,0.26,60,90,27,0.0,0.127,13.9,margherita pizza,0.2,15,12.85,8.78,0.333,"<long> 28%, pepperoni pizza 25%","pepperoni pizza 24%, margherita pizza 24%",0.5439,0.343,0.377,0.377
r8s_1720_casino_game,"Suggest a type of casino game. Reply with only the name, nothing else.",0.5306,roulette -> bench,0.5306,roulette -> bench,0.5333,blackjack -> real,55,84,0.083,0.067,0.073,60,90,21,0.0,0.06,9.1,roulette,0.5,5,3.2,5.02,0.417,"blackjack 37%, roulette 35%","roulette 41%, blackjack 31%",0.5429,0.164,0.666,0.666
r8_1379_bank,"Name a bank. Reply with only the name, nothing else.",0.5306,<long> -> bench,0.5139,hsbc -> real,0.5264,bank of america -> bench,53,74,0.117,0.178,0.153,60,90,29,0.0,0.12,12.4,bank of america,0.45,6,4.06,6.52,0.559,"bank of america 47%, chase bank 12%","bank of america 48%, <long> 18%",0.5597,0.347,0.605,0.605
r8_1355_monster,"Name a monster. Reply with only the name, nothing else.",0.5306,behemoth -> real,0.5306,behemoth -> real,0.5355,behemoth -> real,51,74,0.15,0.167,0.16,60,90,61,0.007,0.12,13.0,frankensteins monster,0.2,14,11.99,26.48,0.272,"frankensteins monster 25%, <long> 15%","frankensteins monster 21%, <long> 17%",0.5392,0.481,0.25,0.259
r8_0144_stuffed_animal,"Name a stuffed animal. Reply with only the name, nothing else.",0.5306,<long> -> bench,0.5194,beanie baby -> real,0.5253,beanie baby -> real,45,62,0.25,0.311,0.287,60,90,82,0.0,0.193,17.9,teddy bear,0.3,15,11.68,67.82,0.065,"<long> 25%, beanie baby 5%","<long> 31%, ted 4%",0.5662,0.551,0.792,0.792
r8_1192_massage,"Name a type of massage. Reply with only the name, nothing else.",0.5306,swedish massage -> bench,0.5306,swedish massage -> bench,0.5283,swedish massage -> bench,56,85,0.067,0.056,0.06,60,90,9,0.0,0.053,8.2,swedish massage,0.65,4,2.52,2.38,0.73,"swedish massage 65%, deep tissue massage 20%","swedish massage 71%, deep tissue massage 17%",0.5306,0.338,0.34,0.34
r8s_1117_antelope,"Suggest a type of antelope. Reply with only the name, nothing else.",0.5306,<long> -> real,0.525,blackbuck -> bench,0.5273,springbok -> bench,47,76,0.217,0.156,0.18,60,90,51,0.0,0.147,13.9,springbok,0.35,12,8.81,25.98,0.146,"<long> 22%, blackbuck antelope 10%","<long> 16%, blackbuck 13%",0.5398,0.519,0.203,0.203
r8_0079_cat_breed,"Name a cat breed. Reply with only the name, nothing else.",0.5306,persian -> real,0.5306,persian -> real,0.5304,persian -> real,56,80,0.067,0.111,0.093,60,90,32,0.0,0.087,10.1,siamese,0.2,13,11.19,11.91,0.257,"siamese 22%, maine coon 20%","siamese 24%, maine coon 14%",0.5307,0.617,0.24,0.24
r8s_1317_sport_event,"Suggest a type of sport event. Reply with only the name, nothing else.",0.5306,tennis tournament -> real,0.5306,tennis tournament -> real,0.5391,tennis tournament -> real,47,71,0.217,0.211,0.213,60,90,79,0.0,0.107,12.3,marathon,0.1,19,18.66,61.16,0.085,"<long> 22%, tennis tournament 8%","<long> 21%, basketball game 7%",0.5378,0.594,0.365,0.365
r8_1510_dice_face,"Name a dice face. Reply with only the name, nothing else.",0.5306,<long> -> bench,0.5194,one -> real,0.5292,1 -> bench,35,46,0.417,0.478,0.453,60,90,43,0.007,0.32,22.7,four,0.1,19,18.66,25.23,0.173,"<long> 42%, one 12%","<long> 48%, one 8%",0.5361,0.666,0.348,0.348
r8_0237_reality_show,"Name a reality show. Reply with only the name, nothing else.",0.5306,big brother -> real,0.5306,big brother -> real,0.5364,big brother -> real,47,69,0.217,0.233,0.227,60,90,32,0.0,0.107,11.9,survivor,0.4,7,4.94,11.45,0.276,"big brother 25%, <long> 22%","survivor 23%, <long> 23%",0.5465,0.36,0.272,0.272
r8s_1936_card_suit,"Suggest a type of card suit. Reply with only the name, nothing else.",0.5306,clubs -> real,0.5306,clubs -> real,0.5345,clubs -> real,53,79,0.117,0.122,0.12,60,90,12,0.0,0.087,9.4,hearts,0.55,6,3.78,3.82,0.606,"hearts 53%, spades 13%","hearts 53%, spades 18%",0.5406,0.413,1.111,1.111
r8_0024_school_subject,"Name a school subject. Reply with only the name, nothing else.",0.5306,<long> -> bench,0.525,history -> real,0.526,history -> real,55,77,0.083,0.144,0.12,60,90,26,0.0,0.107,10.3,math,0.4,7,5.22,8.3,0.348,"math 33%, mathematics 27%","math 29%, mathematics 22%",0.547,0.336,0.803,0.803
r8_1359_wind,"Name a wind. Reply with only the name, nothing else.",0.5306,santa ana winds -> bench,0.5306,santa ana winds -> bench,0.5394,santa ana winds -> bench,44,69,0.267,0.233,0.247,60,90,77,0.0,0.213,15.8,santa ana winds,0.25,11,8.6,57.87,0.088,"<long> 27%, west wind 7%","<long> 23%, santa ana winds 8%",0.5336,0.666,0.232,0.232
r8s_1338_teaching_method,"Suggest a type of teaching method. Reply with only the name, nothing else.",0.5306,<long> -> bench,0.5278,lecture method -> bench,0.5312,lecture method -> bench,57,80,0.05,0.111,0.087,60,90,61,0.0,0.06,9.9,project-based learning,0.2,13,11.19,36.05,0.088,"flipped classroom method 10%, lecture 8%","<long> 11%, lecture 8%",0.5454,0.433,0.37,0.37
r8_0103_candy_bar,"Name a candy bar. Reply with only the name, nothing else.",0.5306,<long> -> real,0.5278,snickers -> bench,0.5165,kitkat -> real,53,85,0.117,0.056,0.08,60,90,17,0.0,0.08,10.3,snickers,0.55,7,4.05,2.98,0.761,"snickers 67%, <long> 12%","snickers 72%, twix 7%",0.5253,0.191,0.132,0.132
r8_1156_planet_s_moon,"Name a planet's moon. Reply with only the name, nothing else.",0.5306,<long> -> bench,0.525,ganymede -> bench,0.5403,ganymede -> bench,55,77,0.083,0.144,0.12,60,90,17,0.0,0.1,10.0,titan,0.3,9,6.37,4.57,0.432,"europa 40%, ganymede 28%","europa 37%, ganymede 33%",0.5529,0.268,0.64,0.64
r8s_1570_penguin,"Suggest a type of penguin. Reply with only the name, nothing else.",0.5306,adelie penguin -> real,0.5306,adelie penguin -> real,0.5327,adelie penguin -> real,56,84,0.067,0.067,0.067,60,90,14,0.0,0.067,8.9,emperor penguin,0.7,4,2.49,3.12,0.729,"emperor penguin 67%, adelie penguin 8%","emperor penguin 69%, gentoo penguin 9%",0.5275,0.293,0.091,0.091
r8s_1345_pollutant,"Suggest a type of pollutant. Reply with only the name, nothing else.",0.5306,<long> -> bench,0.5278,lead -> real,0.5287,pm2.5 -> bench,57,80,0.05,0.111,0.087,60,90,51,0.0,0.067,9.4,particulate matter,0.2,14,11.99,26.66,0.131,"ozone 15%, lead 13%","<long> 11%, particulate matter 10%",0.544,0.486,0.321,0.321
r8_0044_salad,"Name a salad. Reply with only the name, nothing else.",0.5306,caprese salad -> real,0.5306,caprese salad -> real,0.539,caprese salad -> real,49,77,0.183,0.144,0.16,60,90,35,0.0,0.093,10.9,caesar salad,0.5,10,5.9,8.45,0.524,"caesar salad 47%, <long> 18%","caesar salad 42%, <long> 14%",0.5419,0.53,0.292,0.292
r8_0112_children_s_book,"Name a children's book. Reply with only the name, nothing else.",0.5306,cat in the hat -> real,0.5306,cat in the hat -> real,0.5401,goodnight moon -> bench,43,60,0.283,0.333,0.313,60,90,29,0.0,0.087,13.8,cat in the hat,0.65,7,3.52,8.28,0.505,"cat in the hat 38%, <long> 28%","<long> 33%, cat in the hat 32%",0.5397,0.495,0.021,0.021
r8s_1057_crooked,"Suggest a type of crooked. Reply with only the name, nothing else.",0.5306,<long> -> real,0.5222,twisted -> bench,0.5312,twisted -> bench,39,64,0.35,0.289,0.313,60,90,98,0.0,0.227,18.3,bent,0.2,17,15.16,93.26,0.039,"<long> 35%, imprinted vinyl plank flooring 2%","<long> 29%, twisted 4%",0.5332,0.77,0.317,0.317
r8_0125_shakespeare_play,"Name a shakespeare play. Reply with only the name, nothing else.",0.5306,hamlet -> real,0.5306,hamlet -> real,0.5233,hamlet -> real,59,87,0.017,0.033,0.027,60,90,10,0.0,0.02,6.4,hamlet,0.85,3,1.68,1.43,0.938,"hamlet 95%, romeo and juliet 2%","hamlet 89%, <long> 3%",0.5164,0.05,0.802,0.802
r8_1361_video_game,"Name a video game. Reply with only the name, nothing else.",0.5306,grand theft auto v -> real,0.5306,grand theft auto v -> real,0.5372,grand theft auto v -> real,50,78,0.167,0.133,0.147,60,90,56,0.0,0.093,11.8,breath of the wild,0.2,15,12.85,30.72,0.148,"<long> 17%, breath of the wild 12%","breath of the wild 13%, <long> 13%",0.5431,0.434,0.407,0.407
r8s_0965_garden_implement,"Suggest a type of garden implement. Reply with only the name, nothing else.",0.5306,<long> -> bench,0.525,hand cultivator -> real,0.5263,hand cultivator -> real,57,80,0.05,0.111,0.087,60,90,55,0.0,0.08,9.4,hand trowel,0.15,14,12.85,33.78,0.102,"garden rake 12%, hoe 10%","<long> 11%, garden rake 8%",0.5423,0.532,0.079,0.079
r8s_1855_food_group,"Suggest a type of food group. Reply with only the name, nothing else.",0.5306,dairy -> real,0.5306,dairy -> real,0.5364,dairy -> real,51,77,0.15,0.144,0.147,60,90,38,0.0,0.12,11.5,fruits,0.25,12,9.87,15.69,0.273,"fruits 22%, dairy 18%","fruits 24%, <long> 14%",0.5451,0.485,0.67,0.67
r8_1254_legal_proceeding,"Name a type of legal proceeding. Reply with only the name, nothing else.",0.5306,arbitration -> real,0.5306,arbitration -> real,0.5332,arbitration -> real,52,75,0.133,0.167,0.153,60,90,55,0.0,0.14,13.5,divorce,0.15,14,12.85,30.02,0.134,"arbitration 15%, <long> 13%","<long> 17%, divorce proceeding 10%",0.548,0.388,0.74,0.74
r8_0447_wrapping_paper,"Name a wrapping paper. Reply with only the name, nothing else.",0.5306,<long> -> bench,0.5167,gift wrap -> bench,0.5341,gift wrap -> bench,33,44,0.45,0.511,0.487,60,90,74,0.0,0.28,22.0,candy cane lane wrapping paper,0.1,19,18.66,71.16,0.039,"<long> 45%, simple solutions wrapping paper 2%","<long> 51%, gift wrap 3%",0.5334,0.685,0.516,0.516
r8s_0696_carnival_game,"Suggest a type of carnival game. Reply with only the name, nothing else.",0.5306,ring toss -> bench,0.5306,ring toss -> bench,0.5386,skee-ball -> real,48,74,0.2,0.178,0.187,60,90,27,0.0,0.14,13.2,ring toss,0.7,7,3.15,5.63,0.598,"ring toss 45%, <long> 20%","ring toss 51%, <long> 18%",0.5384,0.321,0.905,0.905
r8_0818_tv_drama,"Name a tv drama. Reply with only the name, nothing else.",0.5306,rectify -> bench,0.5306,rectify -> bench,0.5308,rectify -> bench,56,85,0.067,0.056,0.06,60,90,17,0.0,0.053,9.1,better off ted,0.55,5,3.12,3.29,0.589,"better off ted 55%, rectify 25%","better off ted 56%, rectify 31%",0.5325,0.409,0.27,0.27
r8_1823_hot_sauce,"Name a hot sauce. Reply with only the name, nothing else.",0.5306,sriracha -> bench,0.5306,sriracha -> bench,0.5441,sriracha -> bench,46,66,0.233,0.267,0.253,60,90,57,0.0,0.167,17.0,sriracha,0.25,15,12.48,31.61,0.161,"<long> 23%, franks redhot sauce 13%","<long> 27%, sriracha 14%",0.5445,0.51,0.414,0.414
r8_1981_scream,"Name a scream. Reply with only the name, nothing else.",0.5306,<long> -> bench,0.5111,help -> bench,0.5263,help -> bench,29,38,0.517,0.578,0.553,60,90,66,0.0,0.407,27.4,banshee,0.05,20,20.0,64.28,0.03,"<long> 52%, avatar 2%","<long> 58%, help 2%",0.5381,0.597,0.231,0.231
r8s_0101_leafy_green,"Suggest a type of leafy green. Reply with only the name, nothing else.",0.5306,kale -> real,0.5306,kale -> real,0.5361,kale -> real,53,82,0.117,0.089,0.1,60,90,22,0.0,0.06,8.6,spinach leaves,0.35,6,4.93,5.66,0.504,"spinach 42%, kale 15%","spinach 48%, spinach leaves 19%",0.5324,0.249,0.689,0.689
r8_1298_story_genre,"Name a story genre. Reply with only the name, nothing else.",0.5306,romance -> bench,0.5306,romance -> bench,0.5344,romance -> bench,50,77,0.167,0.144,0.153,60,90,42,0.0,0.127,11.9,horror,0.35,10,7.16,19.88,0.15,"<long> 17%, fantasy 12%","romance 14%, horror 14%",0.5424,0.359,0.47,0.47
r8s_0067_individual_sport,"Suggest a type of individual sport. Reply with only the name, nothing else.",0.5306,tennis -> real,0.5306,tennis -> real,0.5326,tennis -> real,54,80,0.1,0.111,0.107,60,90,33,0.0,0.073,8.9,golf,0.2,11,9.49,11.55,0.239,"tennis 25%, swimming 23%","tennis 19%, swimming 19%",0.5491,0.379,0.251,0.251
r8s_0482_wave,"Suggest a type of wave. Reply with only the name, nothing else.",0.5306,<long> -> bench,0.5306,rogue wave -> real,0.5312,rogue wave -> real,55,77,0.083,0.144,0.12,60,90,69,0.0,0.087,11.0,sound wave,0.2,16,14.14,39.13,0.159,"rogue wave 12%, sine wave 12%","sine wave 16%, <long> 14%",0.5595,0.614,0.675,0.676
r8_0552_water_sport,"Name a water sport. Reply with only the name, nothing else.",0.5306,wakeboarding -> bench,0.5306,wakeboarding -> bench,0.5379,wakeboarding -> bench,55,78,0.083,0.133,0.113,60,90,35,0.0,0.1,11.1,surfing,0.35,9,6.97,18.35,0.158,"kayaking 15%, water skiing 10%","wakeboarding 14%, <long> 13%",0.5462,0.363,0.443,0.443
r8s_0062_liquid,"Suggest a type of liquid. Reply with only the name, nothing else.",0.5306,milk -> real,0.5306,milk -> real,0.5311,milk -> real,58,83,0.033,0.078,0.06,60,90,35,0.0,0.053,7.4,water,0.8,4,2.03,5.2,0.688,"water 63%, milk 8%","water 66%, <long> 8%",0.5288,0.288,0.117,0.117
r8_0815_robe,"Name a robe. Reply with only the name, nothing else.",0.5306,<long> -> bench,0.5306,bathrobe -> bench,0.5477,bathrobe -> bench,43,59,0.283,0.344,0.32,60,90,78,0.0,0.207,17.6,bathrobe,0.25,14,11.34,59.33,0.088,"<long> 28%, robe 7%","<long> 34%, bathrobe 8%",0.5357,0.682,0.53,0.53
r8_0985_caster,"Name a caster. Reply with only the name, nothing else.",0.5306,<long> -> bench,0.5139,merlin -> bench,0.5201,merlin -> bench,47,65,0.217,0.278,0.253,60,90,108,0.0,0.193,16.5,merlin,0.3,15,11.68,102.95,0.045,"<long> 22%, jonathan edward 2%","<long> 28%, merlin 4%",0.5326,0.765,0.658,0.691
r8_1545_manga,"Name a manga. Reply with only the name, nothing else.",0.5306,<long> -> bench,0.5306,hunter x hunter -> real,0.5323,hunter x hunter -> real,53,74,0.117,0.178,0.153,60,90,44,0.0,0.12,11.9,attack on titan,0.2,14,11.99,16.53,0.276,"one piece 23%, attack on titan 13%","one piece 23%, <long> 18%",0.5412,0.524,0.481,0.481
r8_1524_japanese_novelist,"Name a japanese novelist. Reply with only the name, nothing else.",0.5306,haruki murakami -> real,0.5306,haruki murakami -> real,0.5216,haruki murakami -> real,58,85,0.033,0.056,0.047,60,90,17,0.0,0.04,8.5,haruki murakami,0.85,4,1.8,1.92,0.888,"haruki murakami 88%, <long> 3%","haruki murakami 82%, <long> 6%",0.5223,0.121,0.387,0.387
r8_1099_television_format,"Name a television format. Reply with only the name, nothing else.",0.5306,4k -> bench,0.5306,4k -> bench,0.5391,4k -> bench,43,69,0.283,0.233,0.253,60,90,55,0.0,0.213,17.8,sitcom,0.3,15,11.68,26.67,0.196,"<long> 28%, 1080p 12%","<long> 23%, hdtv 17%",0.5566,0.344,0.634,0.623
r8_1182_writing_method,"Name a writing method. Reply with only the name, nothing else.",0.5306,<long> -> bench,0.5278,narrative -> bench,0.5472,narrative -> bench,39,53,0.35,0.411,0.387,60,90,66,0.0,0.3,20.6,freewriting,0.45,12,7.44,50.67,0.098,"<long> 35%, freewriting 8%","<long> 41%, narrative writing 6%",0.5587,0.58,0.609,0.636
r8_0826_brewery_product,"Name a brewery product. Reply with only the name, nothing else.",0.5306,budweiser -> bench,0.5306,budweiser -> bench,0.5497,budweiser -> bench,39,56,0.35,0.378,0.367,60,90,63,0.0,0.233,19.3,lagunitas ipa,0.1,18,17.41,48.89,0.084,"<long> 35%, leffe blonde 3%","<long> 38%, budweiser 8%",0.5348,0.701,0.258,0.258
r8s_0502_sleepwear,"Suggest a type of sleepwear. Reply with only the name, nothing else.",0.5306,<long> -> bench,0.5222,nightgown -> real,0.5259,silk pajama set -> bench,51,70,0.15,0.211,0.187,60,90,64,0.007,0.153,14.4,silk pajamas,0.5,10,5.9,40.38,0.149,"<long> 15%, silk pajamas 12%","<long> 21%, silk pajamas 12%",0.5351,0.673,0.169,0.169
r8s_0026_crustacean,"Suggest a type of crustacean. Reply with only the name, nothing else.",0.5306,<long> -> bench,0.5278,lobster -> real,0.519,crayfish -> bench,57,79,0.05,0.111,0.087,60,90,25,0.007,0.06,8.1,lobster,0.5,5,3.45,6.3,0.404,"lobster 40%, crab 23%","lobster 34%, crab 20%",0.5544,0.347,0.742,0.742
r8s_0021_body_part,"Suggest a type of body part. Reply with only the name, nothing else.",0.5306,<long> -> bench,0.5278,foot -> bench,0.5366,foot -> bench,53,74,0.117,0.178,0.153,60,90,50,0.0,0.133,11.3,eye,0.15,15,13.42,29.12,0.126,"arm 12%, <long> 12%","<long> 18%, foot 12%",0.54,0.544,0.437,0.437
r8_0825_urodele,"Name an urodele. Reply with only the name, nothing else.",0.5306,salamander -> real,0.5306,salamander -> real,0.5348,salamander -> real,48,70,0.2,0.222,0.213,60,90,35,0.0,0.187,14.7,salamander,0.35,8,5.74,11.26,0.271,"salamander 25%, <long> 20%","<long> 22%, salamander 19%",0.5544,0.411,0.454,0.454
r8_1532_architectural_feature,"Name a type of architectural feature. Reply with only the name, nothing else.",0.5306,bay window -> real,0.5306,bay window -> real,0.5294,bay window -> real,54,79,0.1,0.122,0.113,60,90,61,0.0,0.093,11.3,bay window,0.3,11,8.26,20.75,0.391,"bay window 38%, <long> 10%","bay window 32%, <long> 12%",0.5742,0.589,0.265,0.296
r8s_0462_sandal,"Suggest a type of sandal. Reply with only the name, nothing else.",0.5306,birkenstock sandals -> real,0.5306,birkenstock sandals -> real,0.5408,birkenstock sandals -> real,45,68,0.25,0.244,0.247,60,90,64,0.0,0.14,15.0,birkenstock,0.15,15,13.78,44.85,0.088,"<long> 25%, birkenstock sandals 8%","<long> 24%, flip-flops 9%",0.5474,0.517,0.783,0.783
r8_0561_roman_god,"Name a roman god. Reply with only the name, nothing else.",0.5306,jupiter -> bench,0.5306,jupiter -> bench,0.5514,jupiter -> bench,59,84,0.017,0.067,0.047,60,90,10,0.0,0.04,6.6,jupiter,0.65,5,2.86,2.46,0.755,"jupiter 68%, mars 12%","jupiter 74%, mars 12%",0.5323,0.375,0.25,0.25
r8_0722_tv_channel,"Name a tv channel. Reply with only the name, nothing else.",0.5306,abc -> real,0.5306,abc -> real,0.5348,abc -> real,51,74,0.15,0.178,0.167,60,90,57,0.0,0.153,12.6,syfy,0.1,15,14.14,32.27,0.16,"<long> 15%, abc 12%","<long> 18%, cnn 14%",0.5369,0.5,0.315,0.315
r8_0735_shrub,"Name a shrub. Reply with only the name, nothing else.",0.5306,<long> -> real,0.5222,hawthorn -> bench,0.5278,hawthorn -> bench,41,67,0.317,0.256,0.28,60,90,54,0.0,0.22,17.4,hydrangea,0.25,14,11.64,32.42,0.176,"<long> 32%, rosebush 12%","<long> 26%, rosebush 13%",0.5441,0.592,0.84,0.84
r8_1090_fitting,"Name a type of fitting. Reply with only the name, nothing else.",0.5306,elbow fitting -> bench,0.5306,elbow fitting -> bench,0.5358,elbow fitting -> bench,55,78,0.083,0.133,0.113,60,90,103,0.0,0.1,11.7,elbow fitting,0.25,12,9.46,77.3,0.113,"<long> 8%, compression fitting 8%","<long> 13%, compression fitting 11%",0.5475,0.638,0.788,0.225
r8s_0141_renewable_energy_sourc,"Suggest a type of renewable energy source. Reply with only the name, nothing else.",0.5306,solar energy source -> real,0.5306,solar energy source -> real,0.5341,solar energy source -> real,54,82,0.1,0.089,0.093,60,90,20,0.0,0.067,9.6,solar energy,0.6,6,3.56,4.28,0.669,"solar energy 63%, <long> 10%","solar energy 59%, <long> 9%",0.5234,0.151,0.368,0.368
r8s_0273_eyewear,"Suggest a type of eyewear. Reply with only the name, nothing else.",0.5306,glasses -> bench,0.5306,glasses -> bench,0.5392,glasses -> bench,54,76,0.1,0.156,0.133,60,90,50,0.0,0.113,11.7,reading glasses,0.3,12,9.25,23.98,0.185,"sunglasses 13%, aviator sunglasses 12%","sunglasses 18%, <long> 16%",0.547,0.434,0.503,0.503
r8_0602_chip,"Name a chip. Reply with only the name, nothing else.",0.5306,doritos -> real,0.5306,doritos -> real,0.5431,doritos -> real,42,61,0.3,0.322,0.313,60,90,87,0.0,0.253,20.4,doritos,0.5,9,5.36,76.78,0.068,"<long> 30%, doritos 8%","<long> 32%, none 2%",0.5439,0.503,0.536,0.638
r8_0494_tax,"Name a tax. Reply with only the name, nothing else.",0.5306,property tax -> real,0.5306,property tax -> real,0.5539,sales tax -> bench,57,81,0.05,0.1,0.08,60,90,11,0.0,0.053,8.6,sales tax,0.6,2,1.96,2.36,0.783,"sales tax 68%, property tax 8%","sales tax 74%, income tax 11%",0.5262,0.314,0.178,0.178
r8_1390_medieval_castle,"Name a medieval castle. Reply with only the name, nothing else.",0.5306,<long> -> bench,0.5278,neuschwanstein castle -> real,0.5418,neuschwanstein castle -> real,39,53,0.35,0.411,0.387,60,90,59,0.0,0.327,22.0,windsor castle,0.15,18,16.96,39.57,0.174,"<long> 35%, windsor castle 10%","<long> 41%, windsor castle 11%",0.5439,0.562,0.6,0.6
r8s_0367_unit_of_distance,"Suggest a type of unit of distance. Reply with only the name, nothing else.",0.5306,kilometer -> real,0.5306,kilometer -> real,0.5312,kilometer -> real,57,85,0.05,0.056,0.053,60,90,32,0.0,0.04,7.5,kilometer,0.65,5,2.86,9.84,0.366,"kilometer 38%, meter 23%","kilometer 32%, meter 21%",0.556,0.346,0.246,0.245
r8_0682_natural_fiber,"Name a natural fiber. Reply with only the name, nothing else.",0.5306,flax -> bench,0.5306,flax -> bench,0.5357,hemp -> bench,58,83,0.033,0.078,0.06,60,90,23,0.0,0.047,7.4,hemp,0.25,10,8.02,5.92,0.525,"hemp 47%, cotton 20%","hemp 51%, cotton 14%",0.5333,0.376,0.339,0.339
r8s_0381_planet_type,"Suggest a planet type. Reply with only the name, nothing else.",0.5306,<long> -> bench,0.525,jupiter -> real,0.5283,jupiter -> real,53,74,0.117,0.178,0.153,60,90,53,0.0,0.113,12.7,gas giant,0.2,13,10.72,20.51,0.291,"gas giant 25%, super-earth 15%","gas giant 24%, <long> 18%",0.5424,0.357,0.236,0.236
r8s_0385_lighting_fixture,"Suggest a type of lighting fixture. Reply with only the name, nothing else.",0.5306,<long> -> real,0.525,recessed lighting fixture -> real,0.5307,recessed lighting fixture -> real,51,82,0.15,0.089,0.113,60,90,70,0.0,0.073,10.4,chandelier,0.25,12,9.46,45.12,0.113,"<long> 15%, pendant light fixture 10%","chandelier 10%, pendant light fixture 10%",0.5582,0.288,0.505,0.505
r8_0683_loud_noise,"Name a loud noise. Reply with only the name, nothing else.",0.5306,<long> -> bench,0.5194,siren -> real,0.5243,rock concert -> bench,53,74,0.117,0.178,0.153,60,90,56,0.0,0.133,12.3,jackhammer,0.2,14,11.99,32.64,0.189,"jackhammer 18%, <long> 12%","<long> 18%, jackhammer 14%",0.5413,0.512,0.424,0.424
r8_1398_timepiece,"Name a timepiece. Reply with only the name, nothing else.",0.5306,<long> -> bench,0.5194,apple watch -> real,0.527,watch -> bench,45,61,0.25,0.311,0.287,60,90,65,0.007,0.233,18.5,apple watch,0.1,19,18.66,41.73,0.123,"<long> 25%, rolex 10%","<long> 31%, rolex 8%",0.5564,0.506,0.657,0.657
r8s_0219_bear_species,"Suggest a bear species. Reply with only the name, nothing else.",0.5306,alaskan brown bear -> real,0.5306,alaskan brown bear -> real,0.5363,alaskan brown bear -> real,50,73,0.167,0.189,0.18,60,90,21,0.0,0.167,14.2,brown bear,0.3,9,7.01,7.14,0.407,"brown bear 32%, <long> 17%","brown bear 34%, <long> 19%",0.5509,0.344,0.524,0.524
r8s_0412_flour,"Suggest a type of flour. Reply with only the name, nothing else.",0.5306,<long> -> bench,0.5167,all purpose flour -> bench,0.5181,all purpose flour -> bench,59,83,0.017,0.078,0.053,60,90,10,0.0,0.047,9.9,all-purpose flour,0.9,2,1.38,1.69,0.894,"all-purpose flour 87%, whole wheat flour 5%","all-purpose flour 83%, <long> 8%",0.5187,0.113,0.242,0.242
r8s_0262_stone_fruit,"Suggest a type of stone fruit. Reply with only the name, nothing else.",0.5306,nectarine -> bench,0.5306,nectarine -> bench,0.5358,nectarine -> bench,53,78,0.117,0.133,0.127,60,90,17,0.0,0.107,10.1,peach,0.4,7,5.31,3.51,0.695,"peach 62%, <long> 12%","peach 60%, <long> 13%",0.5382,0.266,0.902,0.902
r8_0603_eclipse_type,"Name an eclipse type. Reply with only the name, nothing else.",0.5306,total solar eclipse -> real,0.5306,total solar eclipse -> real,0.5382,total solar eclipse -> real,48,72,0.2,0.2,0.2,60,90,61,0.0,0.127,12.9,solar eclipse,0.45,6,4.06,27.46,0.208,"<long> 20%, total eclipse 15%","<long> 20%, total eclipse 18%",0.5565,0.449,0.335,0.366
r8s_0282_train_type,"Suggest a train type. Reply with only the name, nothing else.",0.5306,high-speed train -> bench,0.5306,high-speed train -> bench,0.5455,high-speed train -> bench,39,60,0.35,0.333,0.34,60,90,71,0.0,0.24,19.0,high-speed train,0.1,17,16.25,55.46,0.081,"<long> 35%, bullet train 5%","<long> 33%, high-speed train 8%",0.5484,0.592,0.365,0.365
r8s_0457_vocal_range,"Suggest a type of vocal range. Reply with only the name, nothing else.",0.5306,<long> -> bench,0.5167,tenor -> bench,0.5203,tenor -> bench,53,74,0.117,0.178,0.153,60,90,32,0.0,0.147,12.8,soprano,0.45,8,5.26,10.18,0.449,"soprano 38%, <long> 12%","soprano 38%, <long> 18%",0.5344,0.414,0.025,0.025
r8s_0153_celestial_body,"Suggest a type of celestial body. Reply with only the name, nothing else.",0.5306,asteroid -> bench,0.5306,asteroid -> bench,0.542,asteroid -> bench,54,77,0.1,0.144,0.127,60,90,34,0.0,0.107,10.5,comet,0.3,10,8.05,14.98,0.29,"asteroid 22%, <long> 10%","asteroid 28%, <long> 14%",0.5535,0.42,0.787,0.787
r8_0831_edible_oil,"Name an edible oil. Reply with only the name, nothing else.",0.5306,canola oil -> real,0.5306,canola oil -> real,0.5359,canola oil -> real,53,81,0.117,0.1,0.107,60,90,16,0.0,0.08,10.1,olive oil,0.8,3,1.85,3.55,0.664,"olive oil 58%, canola oil 18%","olive oil 60%, canola oil 12%",0.5357,0.315,0.272,0.272
r8s_0485_film_genre,"Suggest a film genre. Reply with only the name, nothing else.",0.5306,sci-fi -> bench,0.5306,sci-fi -> bench,0.5332,sci-fi -> bench,53,82,0.117,0.089,0.1,60,90,40,0.0,0.073,9.4,horror,0.25,11,8.82,15.31,0.326,"horror 28%, <long> 12%","horror 30%, action 9%",0.5403,0.508,0.375,0.375
r8s_0670_song_genre,"Suggest a song genre. Reply with only the name, nothing else.",0.5306,jazz -> real,0.5306,jazz -> real,0.5367,jazz -> real,50,75,0.167,0.167,0.167,60,90,38,0.0,0.133,11.7,pop,0.15,14,12.85,21.85,0.184,"<long> 17%, pop 15%","<long> 17%, pop 16%",0.5466,0.536,0.542,0.542
r8_0467_bathroom_item,"Name a bathroom item. Reply with only the name, nothing else.",0.5306,towel rack -> real,0.5306,towel rack -> real,0.5315,towel rack -> real,57,81,0.05,0.089,0.073,60,90,44,0.007,0.073,9.9,toilet paper holder,0.15,13,11.99,27.07,0.087,"toothbrush holder 10%, towel rack 8%","toilet 9%, <long> 9%",0.5417,0.513,0.332,0.332
r8_1479_road_type,"Name a road type. Reply with only the name, nothing else.",0.5306,<long> -> bench,0.5194,rural road -> real,0.5233,rural road -> real,49,68,0.183,0.244,0.22,60,90,65,0.0,0.167,15.0,highway,0.3,12,9.25,28.21,0.333,"highway 27%, <long> 18%","highway 26%, <long> 24%",0.5408,0.552,0.284,0.284
r8_0473_knitting_stitch,"Name a knitting stitch. Reply with only the name, nothing else.",0.5306,<long> -> real,0.5306,knit stitch -> bench,0.5372,garter stitch -> real,51,82,0.15,0.089,0.113,60,90,22,0.0,0.093,10.9,garter stitch,0.35,10,7.47,4.05,0.699,"garter stitch 63%, <long> 15%","garter stitch 61%, <long> 9%",0.5378,0.36,0.614,0.614
r8_1922_topping_for_pancake,"Name a topping for pancake. Reply with only the name, nothing else.",0.5306,strawberry slices -> real,0.5306,strawberry slices -> real,0.5372,strawberry slices -> real,48,67,0.2,0.256,0.233,60,90,37,0.0,0.18,14.7,chocolate chips,0.2,12,10.0,17.79,0.209,"<long> 20%, chocolate chips 17%","<long> 26%, chocolate chips 16%",0.5439,0.402,0.423,0.423
r8_1141_vehicle_for_water,"Name a vehicle for water. Reply with only the name, nothing else.",0.5306,water truck -> real,0.5306,water truck -> real,0.5407,water truck -> real,44,62,0.267,0.311,0.293,60,90,70,0.0,0.193,17.6,boat,0.1,18,17.41,50.65,0.113,"<long> 27%, water truck 8%","<long> 31%, boat 10%",0.5578,0.483,0.468,0.468
r8_0465_coffee_chain,"Name a coffee chain. Reply with only the name, nothing else.",0.5306,starbucks -> bench,0.5306,starbucks -> bench,0.5304,starbucks -> bench,55,83,0.083,0.078,0.08,60,90,10,0.0,0.08,8.9,starbucks,0.9,3,1.48,1.5,0.928,"starbucks 82%, <long> 8%","starbucks 88%, <long> 8%",0.5206,0.091,0.176,0.176
r8_0799_landscape_feature,"Name a type of landscape feature. Reply with only the name, nothing else.",0.5306,hill -> real,0.5306,hill -> real,0.5364,hill -> real,51,77,0.15,0.144,0.147,60,90,46,0.0,0.147,12.5,mountain range,0.25,13,10.58,21.49,0.172,"hill 18%, <long> 15%","<long> 14%, mountain 13%",0.5431,0.506,0.295,0.295
r8s_0246_landform,"Suggest a type of landform. Reply with only the name, nothing else.",0.5278,hill -> bench,0.5278,hill -> bench,0.5316,hill -> bench,54,79,0.1,0.122,0.113,60,90,47,0.0,0.107,10.3,mountain,0.15,14,12.85,20.76,0.316,"mountain 28%, <long> 10%","mountain 28%, <long> 12%",0.5427,0.636,0.364,0.364
r8s_0885_dwarve,"Suggest a type of dwarve. Reply with only the name, nothing else.",0.5278,mountain dwarf -> bench,0.5278,mountain dwarf -> bench,0.534,mountain dwarf -> bench,48,73,0.2,0.189,0.193,60,90,43,0.0,0.167,14.2,hill dwarf,0.35,12,8.58,12.84,0.413,"hill dwarf 35%, <long> 20%","hill dwarf 32%, <long> 19%",0.5385,0.429,0.259,0.259
r8_1335_model_car,"Name a model car. Reply with only the name, nothing else.",0.5278,<long> -> bench,0.5167,ford gt -> bench,0.5263,ford gt -> bench,42,57,0.3,0.356,0.333,60,90,72,0.007,0.24,19.8,ford mustang,0.25,13,10.58,55.46,0.081,"<long> 30%, tesla model s plaid 7%","<long> 36%, tesla model s plaid 4%",0.5489,0.471,0.555,0.545
r8_0374_delta,"Name a delta. Reply with only the name, nothing else.",0.5278,<long> -> bench,0.525,mississippi river delta -> real,0.5441,mississippi river delta -> real,34,46,0.433,0.489,0.467,60,90,65,0.0,0.34,24.8,mississippi delta,0.55,6,3.78,55.04,0.087,"<long> 43%, mississippi delta 7%","<long> 49%, mississippi delta 3%",0.5427,0.517,0.522,0.568
r8_0020_day_of_the_week,"Name a day of the week. Reply with only the name, nothing else.",0.5278,wednesday -> bench,0.5278,wednesday -> bench,0.5272,friday -> real,57,87,0.05,0.033,0.04,60,90,12,0.0,0.02,5.5,monday,0.3,5,4.26,6.32,0.278,"monday 25%, wednesday 23%","wednesday 29%, monday 23%",0.5506,0.205,0.687,0.687
r8_1664_method_of_birth_contro,"Name a method of birth control. Reply with only the name, nothing else.",0.5278,diaphragm -> real,0.5278,diaphragm -> real,0.5422,iud -> bench,47,66,0.217,0.267,0.247,60,90,51,0.0,0.187,16.1,iud,0.2,13,11.19,24.32,0.212,"<long> 22%, pill 13%","<long> 27%, pill 18%",0.5297,0.709,0.207,0.207
r8s_1472_nature_sound,"Suggest a type of nature sound. Reply with only the name, nothing else.",0.5278,ocean waves -> bench,0.5278,ocean waves -> bench,0.5332,ocean waves -> bench,48,74,0.2,0.178,0.187,60,90,53,0.0,0.14,13.8,birds chirping,0.2,11,9.09,30.96,0.139,"<long> 20%, rainforest sounds 10%","<long> 18%, forest sounds 13%",0.5576,0.527,1.497,1.497
r8_1660_warrior,"Name a warrior. Reply with only the name, nothing else.",0.5278,<long> -> bench,0.5222,joan of arc -> real,0.5279,joan of arc -> real,46,64,0.233,0.289,0.267,60,90,87,0.0,0.213,16.4,conan,0.1,19,18.66,69.73,0.091,"<long> 23%, joan of arc 7%","<long> 29%, achilles 8%",0.5308,0.738,0.356,0.384
r8s_0247_olympic_event,"Suggest a type of olympic event. Reply with only the name, nothing else.",0.5278,100m sprint -> bench,0.5278,100m sprint -> bench,0.5357,100m sprint -> bench,49,70,0.183,0.222,0.207,60,90,69,0.0,0.167,14.8,triple jump,0.1,18,17.41,49.38,0.101,"<long> 18%, figure skating 10%","<long> 22%, figure skating 7%",0.5667,0.527,1.035,1.035
r8_1883_underworld_place,"Name an underworld place. Reply with only the name, nothing else.",0.5278,river styx -> bench,0.5278,river styx -> bench,0.5373,river styx -> bench,45,67,0.25,0.256,0.253,60,90,64,0.0,0.213,16.8,hades,0.35,8,6.07,38.78,0.116,"<long> 25%, tartarus 10%","<long> 26%, limbo 10%",0.5449,0.41,0.235,0.235
r8s_0152_woodwind_instrument,"Suggest a type of woodwind instrument. Reply with only the name, nothing else.",0.5278,flute -> bench,0.5278,flute -> bench,0.5387,flute -> bench,57,82,0.05,0.089,0.073,60,90,17,0.0,0.067,8.9,oboe,0.4,7,4.75,4.72,0.432,"flute 37%, clarinet 33%","flute 42%, clarinet 31%",0.5572,0.28,0.833,0.833
r8_0195_stationery_item,"Name a stationery item. Reply with only the name, nothing else.",0.5278,notebook -> real,0.5278,notebook -> real,0.5328,pen -> bench,56,81,0.067,0.1,0.087,60,90,46,0.0,0.067,8.9,notebook,0.25,13,10.58,24.46,0.146,"notebook 17%, pen 10%","pen 16%, notebook 11%",0.5571,0.254,0.566,0.566
r8_0306_airplane_part,"Name an airplane part. Reply with only the name, nothing else.",0.5278,<long> -> real,0.5222,landing gear -> bench,0.5222,landing gear -> bench,54,86,0.1,0.044,0.067,60,90,60,0.0,0.033,9.0,wing,0.2,13,10.9,32.99,0.143,"aileron 13%, <long> 10%","aileron 13%, landing gear 8%",0.5486,0.542,0.682,0.682
r8s_0429_ecosystem,"Suggest a type of ecosystem. Reply with only the name, nothing else.",0.5278,rainforest ecosystem -> real,0.5278,rainforest ecosystem -> real,0.5325,rainforest ecosystem -> real,51,75,0.133,0.167,0.153,60,90,73,0.007,0.113,12.6,coral reef ecosystem,0.25,15,12.48,53.33,0.087,"<long> 13%, rainforest ecosystem 7%","<long> 17%, coral reef ecosystem 8%",0.5475,0.452,0.23,0.226
r8s_0459_television_genre,"Suggest a television genre. Reply with only the name, nothing else.",0.5278,comedy -> bench,0.5278,comedy -> bench,0.5341,comedy -> bench,55,79,0.083,0.122,0.107,60,90,61,0.0,0.1,10.4,sitcom,0.15,16,14.77,33.08,0.149,"science fiction 12%, comedy 10%","comedy 16%, <long> 12%",0.5489,0.486,0.267,0.267
r8_1720_casino_game,"Name a casino game. Reply with only the name, nothing else.",0.5278,poker -> real,0.5278,poker -> real,0.5309,poker -> real,54,82,0.1,0.089,0.093,60,90,21,0.0,0.073,9.6,blackjack,0.4,7,4.75,4.9,0.5,"blackjack 43%, roulette 25%","blackjack 47%, roulette 28%",0.5486,0.165,0.678,0.678
r8_0809_shot,"Name a shot. Reply with only the name, nothing else.",0.5278,<long> -> bench,0.5167,james bond shot -> real,0.5286,james bond shot -> real,35,49,0.4,0.456,0.433,60,90,83,0.007,0.293,22.9,long shot,0.1,19,18.66,79.94,0.024,"<long> 40%, james bond shot 3%","<long> 46%, tequila shot 2%",0.5385,0.721,0.447,0.376
r8_2000_chisel,"Name a chisel. Reply with only the name, nothing else.",0.5278,<long> -> bench,0.525,chisel -> bench,0.542,chisel -> bench,40,55,0.333,0.389,0.367,60,90,85,0.0,0.307,21.7,mortise chisel,0.2,13,11.19,76.52,0.074,"<long> 33%, morino chisel 2%","<long> 39%, chisel 7%",0.5323,0.63,0.252,0.309
r8_1633_cyborg,"Name a cyborg. Reply with only the name, nothing else.",0.5278,neil harbisson -> real,0.5278,neil harbisson -> real,0.5473,neil harbisson -> real,39,61,0.35,0.322,0.333,60,90,68,0.0,0.273,19.9,neil harbisson,0.6,9,4.5,38.3,0.25,"<long> 35%, neil harbisson 20%","<long> 32%, neil harbisson 14%",0.5394,0.591,0.379,0.379
r8s_1567_seashell,"Suggest a type of seashell. Reply with only the name, nothing else.",0.5278,cowrie shell -> bench,0.5278,cowrie shell -> bench,0.5338,cowrie shell -> bench,49,74,0.183,0.178,0.18,60,90,69,0.0,0.113,13.3,scallop shell,0.3,15,11.68,37.74,0.22,"<long> 18%, scallop shell 17%","scallop shell 19%, <long> 18%",0.529,0.733,0.514,0.514
r8_1331_articulation_in_music,"Name an articulation in music. Reply with only the name, nothing else.",0.5278,<long> -> bench,0.525,cadence -> real,0.5417,cadence -> real,36,49,0.4,0.456,0.433,60,90,73,0.0,0.313,22.6,staccato articulation,0.25,16,13.37,63.44,0.071,"<long> 40%, cadence 5%","<long> 46%, articulation 4%",0.5378,0.717,0.809,0.475
r8s_1927_fruit_tree_blossom,"Suggest a type of fruit tree blossom. Reply with only the name, nothing else.",0.5278,<long> -> bench,0.5167,peach blossom -> bench,0.5265,peach blossom -> bench,44,61,0.267,0.322,0.3,60,90,49,0.0,0.107,13.7,apple blossom,0.35,13,9.44,22.36,0.295,"<long> 27%, apple blossom 22%","<long> 32%, apple blossom 20%",0.5566,0.466,0.756,0.756
r8s_0134_songbird,"Suggest a type of songbird. Reply with only the name, nothing else.",0.5278,<long> -> bench,0.525,american robin -> real,0.5222,northern cardinal -> bench,54,76,0.1,0.156,0.133,60,90,50,0.0,0.107,11.0,robin,0.2,13,10.72,21.12,0.254,"american robin 25%, robin 12%","american robin 20%, <long> 16%",0.5488,0.512,0.564,0.564
r8_0104_tv_show,"Name a tv show. Reply with only the name, nothing else.",0.5278,better off ted -> bench,0.5278,better off ted -> bench,0.5329,better off ted -> bench,54,80,0.1,0.111,0.107,60,90,23,0.0,0.08,10.5,parks and recreation,0.3,10,7.51,7.06,0.351,"parks and recreation 33%, better off ted 23%","parks and recreation 30%, better off ted 29%",0.5441,0.366,0.232,0.232
r8s_1102_monarch,"Suggest a type of monarch. Reply with only the name, nothing else.",0.5278,<long> -> bench,0.525,monarch butterfly -> bench,0.5419,monarch butterfly -> bench,42,58,0.3,0.356,0.333,60,90,73,0.0,0.233,17.9,king,0.1,18,17.41,55.0,0.12,"<long> 30%, monarch butterfly 5%","<long> 36%, monarch butterfly 10%",0.5615,0.496,0.646,0.677
r8s_0755_spider,"Suggest a type of spider. Reply with only the name, nothing else.",0.5278,<long> -> bench,0.5222,jumping spider -> bench,0.5275,jumping spider -> bench,54,76,0.1,0.156,0.133,60,90,73,0.0,0.107,12.1,tarantula,0.2,11,9.49,46.16,0.123,"<long> 10%, tarantula 10%","<long> 16%, tarantula 11%",0.5406,0.541,0.261,0.261
r8_1533_human_action,"Name a human action. Reply with only the name, nothing else.",0.5278,breathing -> real,0.5278,breathing -> real,0.5316,breathing -> real,53,82,0.117,0.089,0.1,60,90,57,0.0,0.06,8.8,walking,0.15,14,12.2,34.24,0.111,"<long> 12%, walking 12%","sleeping 10%, <long> 9%",0.5391,0.454,0.391,0.407
r8s_1386_historical_figure,"Suggest a type of historical figure. Reply with only the name, nothing else.",0.5278,<long> -> bench,0.5222,abraham lincoln -> real,0.5229,abraham lincoln -> real,50,70,0.167,0.222,0.2,60,90,62,0.0,0.173,14.6,queen victoria,0.1,18,17.41,38.61,0.133,"<long> 17%, abraham lincoln 13%","<long> 22%, abraham lincoln 9%",0.547,0.616,0.187,0.187
r8s_0290_tide_type,"Suggest a tide type. Reply with only the name, nothing else.",0.5278,neap tide -> bench,0.5278,neap tide -> bench,0.5417,neap tide -> bench,41,60,0.317,0.333,0.327,60,90,74,0.0,0.247,18.9,spring tide,0.45,10,6.31,49.9,0.149,"<long> 32%, spring tide 8%","<long> 33%, spring tide 11%",0.553,0.646,0.449,0.376
r8s_1930_utopia,"Suggest a type of utopia. Reply with only the name, nothing else.",0.5278,ecotopia -> real,0.5278,ecotopia -> real,0.5422,ecotopia -> real,39,58,0.35,0.356,0.353,60,90,72,0.0,0.227,18.5,thelmas utopia,0.05,20,20.0,53.18,0.155,"<long> 35%, ecotopia 13%","<long> 36%, ecotopia 8%",0.5382,0.679,0.589,0.589
r8_0905_environmental_movement,"Name a type of environmental movement. Reply with only the name, nothing else.",0.5278,<long> -> real,0.5222,climate change movement -> bench,0.5312,climate movement -> real,44,70,0.267,0.211,0.233,60,90,57,0.007,0.187,16.0,sierra club,0.15,18,16.96,31.32,0.211,"<long> 27%, greenpeace 17%","<long> 21%, greenpeace 16%",0.5375,0.497,0.249,0.249
r8s_1322_part_of_a_song,"Suggest a type of part of a song. Reply with only the name, nothing else.",0.5278,chorus -> real,0.5278,chorus -> real,0.5222,chorus -> real,56,82,0.067,0.089,0.08,60,90,10,0.0,0.073,8.3,chorus,0.65,7,3.52,2.82,0.652,"chorus 63%, verse 23%","chorus 58%, verse 21%",0.5472,0.143,0.353,0.353
r8_0660_chupacabra,"Name a chupacabra. Reply with only the name, nothing else.",0.5278,<long> -> real,0.5167,chupacabra.com.br -> real,0.525,chupacabra.com.br -> real,40,65,0.333,0.278,0.3,60,90,70,0.0,0.24,19.2,chupacabra,0.1,17,16.25,33.02,0.314,"<long> 33%, chupacabra 22%","<long> 28%, chupacabra 22%",0.5465,0.413,0.859,0.859
r8s_1736_vegetable_green,"Suggest a type of vegetable green. Reply with only the name, nothing else.",0.5278,asparagus -> bench,0.5278,asparagus -> bench,0.5334,spinach -> bench,51,76,0.15,0.156,0.153,60,90,50,0.0,0.12,12.2,spinach,0.35,9,6.32,22.0,0.22,"spinach leaves 18%, <long> 15%","spinach 19%, spinach leaves 19%",0.558,0.532,0.972,0.972
r8s_0689_fairy,"Suggest a type of fairy. Reply with only the name, nothing else.",0.5278,pixie -> bench,0.5278,pixie -> bench,0.5371,pixie -> bench,51,74,0.15,0.178,0.167,60,90,69,0.0,0.12,13.4,pixie,0.2,14,12.31,34.61,0.24,"pixie 17%, <long> 15%","pixie 22%, <long> 18%",0.5373,0.629,0.044,0.044
r8_1067_backpack,"Name a backpack. Reply with only the name, nothing else.",0.5278,<long> -> bench,0.525,jansport -> bench,0.5468,jansport -> bench,48,67,0.2,0.256,0.233,60,90,57,0.0,0.14,13.9,jansport,0.25,13,10.14,19.45,0.409,"jansport 28%, <long> 20%","jansport 33%, <long> 26%",0.535,0.475,0.218,0.218
r8s_1357_beast_of_burden,"Suggest a type of beast of burden. Reply with only the name, nothing else.",0.5278,mule -> real,0.5278,mule -> real,0.5306,mule -> real,53,77,0.117,0.144,0.133,60,90,26,0.0,0.12,10.9,donkey,0.4,6,4.75,9.92,0.269,"ox 25%, donkey 22%","ox 22%, donkey 21%",0.5421,0.285,0.08,0.08
r8s_0359_amino_acid,"Suggest a type of amino acid. Reply with only the name, nothing else.",0.5278,tryptophan -> real,0.5278,tryptophan -> real,0.5315,tryptophan -> real,54,83,0.1,0.078,0.087,60,90,29,0.0,0.087,10.2,alanine,0.3,10,8.05,15.41,0.263,"alanine 27%, <long> 10%","alanine 22%, glycine 10%",0.5511,0.447,0.942,0.942
r8_0170_joint,"Name a joint. Reply with only the name, nothing else.",0.5278,hip -> bench,0.5278,hip -> bench,0.5379,hip -> bench,47,66,0.217,0.267,0.247,60,90,53,0.0,0.187,16.3,elbow,0.2,11,10.0,20.05,0.327,"hip joint 25%, <long> 22%","<long> 27%, hip joint 24%",0.5619,0.48,0.501,0.501
r8s_1293_medical_equipment,"Suggest a type of medical equipment. Reply with only the name, nothing else.",0.5278,cardiac monitor -> real,0.5278,cardiac monitor -> real,0.53,cardiac monitor -> real,55,79,0.083,0.122,0.107,60,90,61,0.0,0.06,10.1,stethoscope,0.25,12,9.87,30.68,0.164,"blood pressure monitor 17%, defibrillator 13%","blood pressure monitor 13%, <long> 12%",0.5486,0.435,0.656,0.656
r8_0397_king,"Name a type of king. Reply with only the name, nothing else.",0.5278,king -> bench,0.5278,king -> bench,0.5385,king -> bench,46,65,0.233,0.278,0.26,60,90,85,0.0,0.227,17.0,consort king,0.1,18,17.41,68.21,0.072,"<long> 23%, lion king 5%","<long> 28%, king 6%",0.536,0.634,0.44,0.44
r8s_1414_sour_food,"Suggest a type of sour food. Reply with only the name, nothing else.",0.5278,sour cream -> bench,0.5278,sour cream -> bench,0.5329,sour cream -> bench,49,75,0.183,0.167,0.173,60,90,49,0.0,0.113,12.7,pickles,0.5,10,5.9,25.67,0.226,"<long> 18%, pickles 17%","pickles 20%, <long> 17%",0.5416,0.218,0.184,0.184
r8_0529_short_story,"Name a short story. Reply with only the name, nothing else.",0.5278,lottery -> bench,0.5278,lottery -> bench,0.5403,lottery -> bench,42,62,0.3,0.311,0.307,60,90,56,0.0,0.16,17.2,gift of the magi,0.35,10,6.77,31.24,0.221,"<long> 30%, gift of the magi 15%","<long> 31%, gift of the magi 16%",0.5435,0.115,0.111,0.111
r8s_0168_sports_equipment,"Suggest a type of sports equipment. Reply with only the name, nothing else.",0.5278,basketball hoop -> real,0.5278,basketball hoop -> real,0.529,basketball hoop -> real,56,83,0.067,0.078,0.073,60,90,48,0.0,0.073,9.8,soccer ball,0.3,11,8.63,22.66,0.144,"basketball hoop 17%, basketball 12%","basketball 13%, baseball bat 11%",0.5444,0.45,0.715,0.715
r8_0138_fictional_place,"Name a fictional place. Reply with only the name, nothing else.",0.5278,hogwarts -> bench,0.5278,hogwarts -> bench,0.5472,hogwarts -> bench,36,53,0.4,0.411,0.407,60,90,76,0.0,0.287,21.5,shire,0.15,15,13.78,68.1,0.056,"<long> 40%, shire 3%","<long> 41%, hogwarts 6%",0.5475,0.643,0.55,0.662
r8_0957_type_of_river,"Name a type of river. Reply with only the name, nothing else.",0.5278,amazon river -> real,0.5278,amazon river -> real,0.5205,amazon river -> real,56,80,0.067,0.111,0.093,60,90,39,0.0,0.08,10.1,amazon river,0.45,7,4.64,10.98,0.404,"amazon river 40%, mississippi river 18%","amazon river 34%, mississippi river 19%",0.5424,0.393,0.303,0.303
r8_1214_writing_style,"Name a writing style. Reply with only the name, nothing else.",0.5278,descriptive -> real,0.5278,descriptive -> real,0.5339,descriptive -> real,48,70,0.2,0.222,0.213,60,90,63,0.0,0.167,14.3,expository,0.2,11,9.09,39.28,0.11,"<long> 20%, descriptive 10%","<long> 22%, narrative 9%",0.5424,0.634,0.568,0.528
r8_1139_shade_of_green,"Name a shade of green. Reply with only the name, nothing else.",0.5278,lime green -> bench,0.5278,lime green -> bench,0.5287,lime green -> bench,58,87,0.033,0.033,0.033,60,90,37,0.0,0.033,6.9,lime green,0.6,6,3.41,10.31,0.483,"lime green 43%, emerald 8%","lime green 49%, emerald 8%",0.5418,0.472,0.661,0.661
r8_0583_protein,"Name a protein. Reply with only the name, nothing else.",0.5278,albumin -> bench,0.5278,albumin -> bench,0.5399,albumin -> bench,46,66,0.233,0.267,0.253,60,90,52,0.0,0.233,18.0,hemoglobin,0.2,15,13.2,25.62,0.196,"<long> 23%, hemoglobin 13%","<long> 27%, hemoglobin 16%",0.5694,0.529,0.714,0.457
r8_1768_character_archetype,"Name a character archetype. Reply with only the name, nothing else.",0.5278,<long> -> bench,0.5222,rebel -> real,0.5259,tragic hero -> bench,52,73,0.133,0.189,0.167,60,90,57,0.0,0.133,13.3,damsel in distress,0.25,13,10.86,36.51,0.088,"<long> 13%, wise woman 8%","<long> 19%, tragic hero 9%",0.5367,0.406,0.707,0.707
r8_1203_cocktail,"Name a cocktail. Reply with only the name, nothing else.",0.5278,cosmopolitan -> bench,0.5278,cosmopolitan -> bench,0.5313,cosmopolitan -> bench,50,78,0.167,0.133,0.147,60,90,42,0.0,0.1,11.4,old fashioned,0.2,8,7.07,18.58,0.227,"margarita 18%, <long> 17%","margarita 20%, <long> 13%",0.5486,0.369,0.492,0.492
r8s_1209_road_surface,"Suggest a type of road surface. Reply with only the name, nothing else.",0.5278,asphalt -> real,0.5278,asphalt -> real,0.525,concrete -> bench,55,80,0.083,0.111,0.1,60,90,34,0.0,0.08,11.0,asphalt,0.75,6,2.62,6.81,0.593,"asphalt 57%, asphalt road surface 8%","asphalt 51%, <long> 11%",0.5296,0.196,0.185,0.185
r8_0911_reptile_pet,"Name a reptile pet. Reply with only the name, nothing else.",0.5278,bearded dragon -> bench,0.5278,bearded dragon -> bench,0.5242,bearded dragon -> bench,48,74,0.2,0.178,0.187,60,90,19,0.0,0.133,13.7,bearded dragon,0.7,7,3.15,3.4,0.738,"bearded dragon 57%, <long> 20%","bearded dragon 62%, <long> 18%",0.5346,0.259,0.184,0.184
r8s_1318_drop,"Suggest a type of drop. Reply with only the name, nothing else.",0.5278,<long> -> bench,0.5167,cascade drop -> real,0.5234,dropout -> bench,46,64,0.233,0.289,0.267,60,90,102,0.0,0.173,16.0,soft candy drops,0.05,20,20.0,97.74,0.027,"<long> 23%, dropdown 3%","<long> 29%, dropout 3%",0.5231,0.795,0.463,0.352
r8_1559_naiad,"Name a naiad. Reply with only the name, nothing else.",0.5278,naiad -> bench,0.5278,naiad -> bench,0.5367,naiad -> bench,49,70,0.183,0.211,0.2,60,90,107,0.007,0.167,15.0,alkes,0.05,20,20.0,92.52,0.084,"<long> 18%, leucothoe 3%","<long> 21%, naiad 9%",0.5361,0.668,0.793,0.834
r8_1080_stadium,"Name a stadium. Reply with only the name, nothing else.",0.5278,dodger stadium -> real,0.5278,dodger stadium -> real,0.5322,yankee stadium -> bench,52,74,0.133,0.178,0.16,60,90,43,0.0,0.12,12.3,lambeau field,0.3,10,7.84,20.89,0.23,"yankee stadium 17%, <long> 13%","yankee stadium 21%, <long> 18%",0.5411,0.522,0.41,0.41
r8_1925_economic_term,"Name an economic term. Reply with only the name, nothing else.",0.5278,gdp -> real,0.5278,gdp -> real,0.5324,gdp -> real,54,83,0.1,0.078,0.087,60,90,46,0.0,0.067,9.1,gross domestic product gdp,0.3,13,10.17,19.87,0.226,"inflation 22%, gdp 17%","inflation 20%, gross domestic product 11%",0.5478,0.358,0.38,0.38
r8_1422_djinn,"Name a djinn. Reply with only the name, nothing else.",0.5278,genie -> real,0.5278,genie -> real,0.5286,genie -> real,45,63,0.25,0.3,0.28,60,90,75,0.0,0.207,18.1,genie,0.15,18,16.96,39.38,0.278,"<long> 25%, genie 23%","<long> 30%, genie 18%",0.553,0.624,0.836,0.836
r8_1264_art_genre,"Name an art genre. Reply with only the name, nothing else.",0.5278,abstract art -> bench,0.5278,abstract art -> bench,0.5349,abstract art -> bench,52,75,0.133,0.167,0.153,60,90,44,0.0,0.14,12.5,pop art,0.45,10,6.31,15.49,0.362,"pop art 30%, <long> 13%","pop art 31%, <long> 17%",0.5357,0.663,0.779,0.779
r8s_0810_pajama,"Suggest a type of pajama. Reply with only the name, nothing else.",0.5278,flannel pajama pants -> bench,0.5278,flannel pajama pants -> bench,0.5352,flannel pajama pants -> bench,51,73,0.15,0.189,0.173,60,90,52,0.0,0.107,12.6,flannel pajamas,0.15,15,13.42,30.91,0.169,"<long> 15%, flannel pajamas 12%","<long> 19%, flannel pajamas 16%",0.5415,0.597,0.534,0.534
r8_0495_egg_dish,"Name an egg dish. Reply with only the name, nothing else.",0.5278,<long> -> real,0.5278,eggs benedict -> bench,0.5833,scrambled eggs with bacon -> real,18,31,0.7,0.644,0.667,60,90,20,0.007,0.113,15.8,scrambled eggs with toast,0.2,13,11.49,9.55,0.327,"<long> 70%, deviled eggs 10%","<long> 64%, deviled eggs 11%",0.5594,0.191,0.795,0.795
r8_1858_piece_of_outdoor_furni,"Name a type of piece of outdoor furniture. Reply with only the name, nothing else.",0.5278,<long> -> bench,0.525,lounge chair -> real,0.5312,lounge chair -> real,48,67,0.2,0.256,0.233,60,90,43,0.0,0.213,16.0,bench,0.25,13,10.58,22.2,0.252,"<long> 20%, bench 18%","<long> 26%, bench 20%",0.5462,0.584,0.718,0.718
r8s_0952_savanna,"Suggest a type of savanna. Reply with only the name, nothing else.",0.5278,<long> -> bench,0.5194,southern savanna -> real,0.5284,southern savanna -> real,40,55,0.333,0.389,0.367,60,90,70,0.0,0.26,20.8,african savanna,0.2,17,15.16,53.9,0.116,"<long> 33%, african savanna 8%","<long> 39%, african savanna 7%",0.5455,0.644,0.751,0.751
r8_0041_precious_metal,"Name a precious metal. Reply with only the name, nothing else.",0.5278,<long> -> bench,0.5139,gold -> real,0.5113,gold -> bench,60,85,0.0,0.056,0.033,60,90,9,0.0,0.033,6.5,gold,0.8,3,1.85,1.63,0.897,"gold 88%, platinum 5%","gold 86%, <long> 6%",0.5152,0.079,0.105,0.105
r8_0816_major_ocean,"Name a major ocean. Reply with only the name, nothing else.",0.5278,pacific -> bench,0.5278,pacific -> bench,0.5291,pacific -> bench,58,86,0.033,0.044,0.04,60,90,11,0.0,0.04,7.1,pacific ocean,0.8,3,1.85,2.67,0.729,"pacific ocean 73%, atlantic ocean 13%","pacific ocean 68%, atlantic ocean 16%",0.5289,0.244,0.21,0.21
r8_1077_evergreen,"Name an evergreen. Reply with only the name, nothing else.",0.5278,douglas fir -> bench,0.5278,douglas fir -> bench,0.5442,douglas fir -> bench,35,55,0.417,0.389,0.4,60,90,74,0.0,0.32,23.0,fraser fir,0.15,16,14.77,59.57,0.111,"<long> 42%, norfolk island pine 3%","<long> 39%, douglas fir 9%",0.5375,0.669,0.443,0.455
r8_0072_unit_of_volume,"Name an unit of volume. Reply with only the name, nothing else.",0.5278,litre -> bench,0.5278,litre -> bench,0.5309,litre -> bench,54,81,0.1,0.1,0.1,60,90,22,0.0,0.067,9.3,liter,0.5,7,4.47,5.72,0.533,"liter 48%, cubic meter 15%","liter 48%, cubic meter 20%",0.5538,0.33,0.183,0.207
r8_0040_cartoon_character,"Name a cartoon character. Reply with only the name, nothing else.",0.5278,scooby-doo -> real,0.5278,scooby-doo -> real,0.5296,scooby-doo -> real,56,82,0.067,0.089,0.08,60,90,32,0.0,0.073,9.4,bugs bunny,0.3,8,6.18,10.56,0.362,"bugs bunny 32%, spongebob squarepants 17%","bugs bunny 34%, snoopy 13%",0.5429,0.451,0.22,0.22
r8s_0948_digestive_organ,"Suggest a type of digestive organ. Reply with only the name, nothing else.",0.5278,liver -> bench,0.5278,liver -> bench,0.5315,liver -> bench,56,81,0.067,0.1,0.087,60,90,13,0.0,0.073,9.1,stomach,0.8,4,2.03,3.23,0.701,"stomach 65%, small intestine 10%","stomach 63%, <long> 10%",0.5333,0.332,0.277,0.277
r8s_0928_airport,"Suggest a type of airport. Reply with only the name, nothing else.",0.5278,international airport -> bench,0.5278,international airport -> bench,0.5402,small airport -> real,46,73,0.233,0.189,0.207,60,90,47,0.0,0.133,13.5,regional airport,0.55,6,3.85,19.96,0.185,"<long> 23%, small airport 17%","<long> 19%, international airport 16%",0.5396,0.486,0.201,0.201
r8s_0986_artists_tool,"Suggest a type of artists' tool. Reply with only the name, nothing else.",0.5278,easel -> real,0.5278,easel -> real,0.5327,easel -> real,51,77,0.15,0.144,0.147,60,90,61,0.0,0.107,11.6,palette knife,0.8,5,2.18,21.56,0.391,"palette knife 35%, <long> 15%","palette knife 32%, <long> 14%",0.5357,0.445,0.187,0.248
r8_0791_spinach,"Name a spinach. Reply with only the name, nothing else.",0.5278,spinach -> bench,0.5278,spinach -> bench,0.5472,spinach -> bench,37,53,0.383,0.411,0.4,60,90,60,0.0,0.3,21.5,baby spinach,0.25,16,13.37,33.67,0.256,"<long> 38%, baby spinach 13%","<long> 41%, baby spinach 17%",0.5567,0.509,0.717,0.717
r8_1116_food_type,"Name a food type. Reply with only the name, nothing else.",0.5278,pizza -> bench,0.5278,pizza -> bench,0.5373,pizza -> bench,46,67,0.233,0.256,0.247,60,90,63,0.0,0.153,13.8,broccoli,0.1,19,18.66,45.95,0.08,"<long> 23%, broccoli 5%","<long> 26%, apple 7%",0.5466,0.572,0.706,0.706
r8_1850_algae,"Name an algae. Reply with only the name, nothing else.",0.5278,<long> -> bench,0.525,chlamydomonas -> bench,0.5313,chlamydomonas -> bench,56,79,0.067,0.122,0.1,60,90,36,0.0,0.093,11.9,chlamydomonas,0.25,12,9.87,13.18,0.259,"chlorella 23%, chlamydomonas reinhardtii 17%","chlorella 23%, chlamydomonas reinhardtii 14%",0.5368,0.352,0.572,0.572
r8s_1027_ray,"Suggest a type of ray. Reply with only the name, nothing else.",0.5278,gamma ray -> bench,0.5278,gamma ray -> bench,0.5332,gamma ray -> bench,48,74,0.2,0.178,0.187,60,90,95,0.0,0.127,13.4,x-ray,0.3,15,11.68,72.05,0.082,"<long> 20%, x-ray 8%","<long> 18%, gamma ray 9%",0.5313,0.688,0.354,0.381
r8s_0979_sink,"Suggest a type of sink. Reply with only the name, nothing else.",0.5278,vessel sink -> real,0.5278,vessel sink -> real,0.5388,vessel sink -> real,43,65,0.283,0.278,0.28,60,90,71,0.0,0.193,16.5,bar sink,0.15,15,13.78,50.87,0.12,"<long> 28%, kitchen sink 10%","<long> 28%, kitchen sink 8%",0.5475,0.53,0.359,0.384
r8s_0588_lipstick,"Suggest a type of lipstick. Reply with only the name, nothing else.",0.5278,cream lipstick -> bench,0.5278,cream lipstick -> bench,0.5373,cream lipstick -> bench,43,67,0.283,0.256,0.267,60,90,69,0.0,0.12,15.1,ruby woo lipstick,0.2,15,13.2,40.29,0.191,"<long> 28%, ruby woo lipstick 17%","<long> 26%, ruby woo lipstick 12%",0.5566,0.624,0.615,0.615
r8_1336_microgreen,"Name a microgreen. Reply with only the name, nothing else.",0.5278,pea shoots microgreen -> real,0.5278,pea shoots microgreen -> real,0.5318,pea shoots microgreen -> real,51,74,0.133,0.178,0.16,60,90,74,0.007,0.127,14.4,pea shoots microgreen,0.3,12,9.49,48.75,0.088,"<long> 13%, pea shoots microgreen 10%","<long> 18%, pea shoots 9%",0.5442,0.659,0.933,0.933
r8s_1832_prehistoric_creature,"Suggest a type of prehistoric creature. Reply with only the name, nothing else.",0.5278,stegosaurus -> real,0.5278,stegosaurus -> real,0.5276,stegosaurus -> real,57,84,0.05,0.067,0.06,60,90,60,0.0,0.053,9.4,smilodon,0.2,13,10.9,30.16,0.213,"stegosaurus 23%, woolly mammoth 10%","stegosaurus 18%, woolly mammoth 12%",0.541,0.5,0.28,0.28
r8_0785_font,"Name a font. Reply with only the name, nothing else.",0.5278,helvetica -> bench,0.5278,helvetica -> bench,0.5328,helvetica -> bench,53,78,0.117,0.133,0.127,60,90,41,0.0,0.107,10.9,arial,0.25,13,10.58,12.12,0.405,"arial 37%, <long> 12%","arial 34%, <long> 13%",0.5435,0.333,0.276,0.276
r8_0007_fairy_tale,"Name a fairy tale. Reply with only the name, nothing else.",0.5278,cinderella -> real,0.5278,cinderella -> real,0.5453,cinderella -> real,43,69,0.283,0.233,0.253,60,90,17,0.0,0.2,15.8,sleeping beauty,0.3,10,7.29,7.58,0.232,"<long> 28%, cinderella 20%","<long> 23%, once upon a time 17%",0.5478,0.155,0.36,0.36
r8_1309_chocolate_form,"Name a chocolate form. Reply with only the name, nothing else.",0.5278,chocolate pizza -> bench,0.5278,chocolate pizza -> bench,0.5532,chocolate pizza -> bench,33,47,0.45,0.478,0.467,60,90,42,0.0,0.313,21.1,chocolate bar,0.55,9,4.99,19.49,0.35,"<long> 45%, chocolate bar 17%","<long> 48%, chocolate bar 20%",0.5329,0.357,0.25,0.25
r8_1199_waffle,"Name a waffle. Reply with only the name, nothing else.",0.5278,waffle -> real,0.5278,waffle -> real,0.5392,waffle -> real,42,62,0.283,0.311,0.3,60,90,89,0.007,0.22,17.5,waffle,0.1,19,18.66,74.16,0.096,"<long> 28%, waffle 10%","<long> 31%, waffle 4%",0.5458,0.668,0.629,0.629
r8_1244_watch_type,"Name a watch type. Reply with only the name, nothing else.",0.5278,analog -> bench,0.5278,analog -> bench,0.5379,analog -> bench,46,66,0.233,0.267,0.253,60,90,76,0.0,0.18,16.1,chronograph,0.1,17,16.25,55.47,0.098,"<long> 23%, casio watch 10%","<long> 27%, analog 6%",0.5341,0.581,0.262,0.281
r8_0414_alphabet,"Name an alphabet. Reply with only the name, nothing else.",0.5278,alphabet -> bench,0.5278,alphabet -> bench,0.541,alphabet -> bench,43,61,0.283,0.322,0.307,60,90,59,0.0,0.247,17.1,english alphabet,0.15,16,14.77,40.05,0.115,"<long> 28%, a 7%","<long> 32%, abc 10%",0.5425,0.472,0.343,0.345
r8_0060_feeling,"Name a type of feeling. Reply with only the name, nothing else.",0.5278,joy -> real,0.5278,joy -> real,0.5299,joy -> real,55,81,0.083,0.1,0.093,60,90,34,0.0,0.08,9.0,anger,0.25,13,10.86,14.93,0.228,"sadness 18%, happiness 15%","sadness 22%, happiness 13%",0.545,0.326,0.245,0.245
r8_1679_heater_type,"Name a heater type. Reply with only the name, nothing else.",0.5278,infrared heater -> real,0.5278,infrared heater -> real,0.5316,infrared heater -> real,53,80,0.117,0.111,0.113,60,90,52,0.0,0.087,11.1,electric heater,0.35,11,8.01,19.63,0.263,"electric heater 22%, baseboard heater 18%","electric heater 24%, baseboard heater 16%",0.5516,0.501,0.55,0.55
r8_1391_hotel_chain,"Name a hotel chain. Reply with only the name, nothing else.",0.5278,<long> -> bench,0.525,ibis -> real,0.5288,ibis -> real,52,73,0.133,0.189,0.167,60,90,45,0.0,0.1,11.5,hilton,0.25,12,9.87,18.42,0.312,"hilton 25%, marriott 13%","hilton 27%, <long> 19%",0.5338,0.537,0.299,0.299
r8s_0082_fossil_fuel,"Suggest a type of fossil fuel. Reply with only the name, nothing else.",0.5278,<long> -> bench,0.525,coal -> bench,0.5511,coal -> bench,58,82,0.033,0.089,0.067,60,90,19,0.0,0.067,8.5,coal,0.6,8,4.2,2.44,0.836,"coal 75%, oil 3%","coal 80%, <long> 9%",0.5229,0.174,0.017,0.017
r8_0958_beach_destination,"Name a beach destination. Reply with only the name, nothing else.",0.5278,clearwater beach -> bench,0.5278,clearwater beach -> bench,0.5368,clearwater beach -> bench,44,68,0.267,0.244,0.253,60,90,50,0.0,0.193,15.9,miami beach,0.2,17,15.16,22.68,0.286,"<long> 27%, miami beach 22%","<long> 24%, miami beach 21%",0.5357,0.639,0.165,0.165
r8s_1842_size,"Suggest a type of size. Reply with only the name, nothing else.",0.5278,small size -> bench,0.5278,small size -> bench,0.5312,small size -> bench,55,80,0.083,0.111,0.1,60,90,65,0.0,0.087,9.6,small,0.35,9,6.51,23.55,0.319,"small 28%, large 13%","small 29%, <long> 11%",0.529,0.543,0.217,0.18
r8_0504_season,"Name a season. Reply with only the name, nothing else.",0.5278,<long> -> bench,0.5278,fall -> real,0.5418,summer -> bench,56,79,0.067,0.122,0.1,60,90,15,0.0,0.1,8.7,summer,0.25,5,4.53,5.56,0.37,"summer 30%, spring 23%","summer 36%, spring 24%",0.5511,0.224,0.259,0.259
r8s_1394_natural_landform,"Suggest a type of natural landform. Reply with only the name, nothing else.",0.525,hill -> bench,0.525,hill -> bench,0.5267,hill -> bench,58,85,0.033,0.056,0.047,60,90,52,0.0,0.04,7.7,mountain,0.4,9,6.16,21.81,0.28,"mountain 27%, mountain range 10%","mountain 27%, mountains 7%",0.5286,0.636,0.165,0.165
r8s_1862_jelly,"Suggest a type of jelly. Reply with only the name, nothing else.",0.525,<long> -> bench,0.5167,lychee jelly -> real,0.5308,strawberry jelly -> bench,55,78,0.083,0.133,0.113,60,90,45,0.0,0.067,10.2,strawberry jelly,0.45,8,5.26,12.45,0.436,"strawberry jelly 37%, grape jelly 8%","strawberry jelly 40%, <long> 13%",0.5349,0.468,0.697,0.697
r8_0628_firearm,"Name a firearm. Reply with only the name, nothing else.",0.525,<long> -> bench,0.5222,beretta 92fs -> real,0.5244,beretta 92fs -> real,53,75,0.117,0.167,0.147,60,90,58,0.0,0.113,13.5,ar-15,0.1,18,17.41,35.4,0.117,"<long> 12%, glock 17 12%","<long> 17%, glock 17 9%",0.5414,0.501,0.452,0.452
r8s_1970_orbit,"Suggest a type of orbit. Reply with only the name, nothing else.",0.525,geostationary orbit -> real,0.525,geostationary orbit -> real,0.5344,geostationary orbit -> real,51,79,0.15,0.122,0.133,60,90,59,0.0,0.12,13.0,geostationary orbit,0.65,7,3.52,23.19,0.331,"geostationary orbit 32%, <long> 15%","geostationary orbit 27%, <long> 12%",0.5431,0.45,0.275,0.167
r8s_0036_alcoholic_drink,"Suggest a type of alcoholic drink. Reply with only the name, nothing else.",0.525,<long> -> bench,0.5167,aperol spritz -> real,0.52,mojito -> bench,53,75,0.117,0.167,0.147,60,90,60,0.0,0.087,11.1,margarita,0.25,13,10.58,32.77,0.172,"gin and tonic 15%, <long> 12%","<long> 17%, gin and tonic 14%",0.5412,0.583,0.241,0.241
r8_1329_legume_pod,"Name a legume pod. Reply with only the name, nothing else.",0.525,green bean pod -> real,0.525,green bean pod -> real,0.5293,green bean pod -> real,52,79,0.133,0.122,0.127,60,90,64,0.0,0.067,11.1,green bean pod,0.2,15,13.2,39.49,0.122,"<long> 13%, green bean pod 12%","<long> 12%, soybean pod 12%",0.5557,0.406,0.563,0.563
r8_1910_war_weapon,"Name a war weapon. Reply with only the name, nothing else.",0.525,<long> -> bench,0.525,drone -> real,0.5319,drone -> real,47,66,0.217,0.267,0.247,60,90,92,0.0,0.18,16.3,atomic bomb,0.15,18,16.96,84.04,0.035,"<long> 22%, drone 5%","<long> 27%, cruise missile 2%",0.5337,0.654,0.519,0.523
r8_1948_nymph,"Name a nymph. Reply with only the name, nothing else.",0.525,shelly -> real,0.525,shelly -> real,0.5326,shelly -> real,46,73,0.233,0.189,0.207,60,90,101,0.0,0.127,13.5,echo,0.3,14,10.9,91.5,0.042,"<long> 23%, syrinx 5%","<long> 19%, betsy 2%",0.5379,0.785,0.688,0.694
r8s_0254_breakfast_food,"Suggest a type of breakfast food. Reply with only the name, nothing else.",0.525,oatmeal -> real,0.525,oatmeal -> real,0.5872,oatmeal -> real,18,29,0.7,0.678,0.687,60,90,20,0.0,0.147,15.9,oatmeal,0.25,15,12.48,12.27,0.234,"<long> 70%, oatmeal 8%","<long> 68%, yogurt 8%",0.5522,0.334,0.378,0.378
r8_0089_muscle,"Name a muscle. Reply with only the name, nothing else.",0.525,biceps brachii -> bench,0.525,biceps brachii -> bench,0.5158,biceps brachii -> bench,49,77,0.183,0.144,0.16,60,90,23,0.0,0.133,13.4,biceps brachii,0.75,5,2.45,5.17,0.611,"biceps brachii 48%, <long> 18%","biceps brachii 53%, <long> 14%",0.5221,0.171,0.187,0.187
r8_1307_christmas_carol,"Name a christmas carol. Reply with only the name, nothing else.",0.525,<long> -> bench,0.5167,silent night -> real,0.5186,jingle bells -> bench,55,78,0.083,0.133,0.113,60,90,11,0.0,0.08,11.0,silent night,0.8,4,2.03,2.49,0.767,"silent night 70%, jingle bells 8%","silent night 67%, <long> 13%",0.5443,0.142,0.472,0.472
r8_1290_pasta_type,"Name a pasta type. Reply with only the name, nothing else.",0.525,penne -> bench,0.525,penne -> bench,0.5314,penne -> bench,54,76,0.1,0.144,0.127,60,90,36,0.007,0.087,10.5,spaghetti,0.6,8,4.2,11.4,0.423,"spaghetti 37%, linguine 10%","spaghetti 37%, <long> 14%",0.5366,0.366,0.125,0.125
r8_0685_storm_wind_speed,"Name a storm wind speed. Reply with only the name, nothing else.",0.525,hurricane-force winds -> bench,0.525,hurricane-force winds -> bench,0.5357,hurricane-force winds -> bench,42,63,0.3,0.3,0.3,60,90,56,0.0,0.193,17.0,hurricane-force winds,0.3,12,9.49,26.46,0.257,"<long> 30%, hurricane-force winds 15%","<long> 30%, hurricane-force winds 20%",0.5347,0.365,0.199,0.199
r8_1905_seat_on_transportation,"Name a seat on transportation. Reply with only the name, nothing else.",0.525,<long> -> bench,0.5139,drivers seat -> real,0.5167,front passenger seat -> bench,43,60,0.283,0.333,0.313,60,90,83,0.0,0.193,17.3,drivers seat,0.1,19,18.66,67.49,0.097,"<long> 28%, drivers seat 8%","<long> 33%, drivers seat 6%",0.5368,0.678,0.317,0.309
r8_0666_lantern,"Name a lantern. Reply with only the name, nothing else.",0.525,<long> -> real,0.525,lantern -> bench,0.5288,lantern -> bench,43,69,0.283,0.233,0.253,60,90,91,0.0,0.213,17.4,luminary,0.1,19,18.66,66.81,0.152,"<long> 28%, lantern 8%","<long> 23%, lantern 13%",0.5417,0.649,0.31,0.31
r8_1295_theater,"Name a theater. Reply with only the name, nothing else.",0.525,<long> -> bench,0.5167,globe theater -> real,0.5233,globe theater -> real,43,60,0.283,0.333,0.313,60,90,92,0.0,0.227,18.5,royal theater,0.1,18,17.41,86.31,0.029,"<long> 28%, broadway theater 3%","<long> 33%, dear evan hansen 2%",0.5318,0.732,0.674,0.674
r8s_0241_historical_artifact,"Suggest a type of historical artifact. Reply with only the name, nothing else.",0.525,clay tablet -> bench,0.525,clay tablet -> bench,0.5277,clay tablet -> bench,51,80,0.15,0.111,0.127,60,90,90,0.0,0.1,11.8,coin,0.15,18,16.96,66.51,0.069,"<long> 15%, ancient coin 8%","<long> 11%, clay tablet 7%",0.5364,0.628,0.356,0.356
r8_0690_electronics_brand,"Name an electronics brand. Reply with only the name, nothing else.",0.525,sony -> real,0.525,sony -> real,0.534,samsung -> bench,59,85,0.017,0.056,0.04,60,90,19,0.0,0.04,6.8,samsung,0.5,7,4.47,3.99,0.549,"samsung 50%, sony 32%","samsung 54%, sony 27%",0.5323,0.394,0.036,0.036
r8_1230_dragon,"Name a dragon. Reply with only the name, nothing else.",0.525,toothless -> bench,0.525,toothless -> bench,0.5343,toothless -> bench,50,70,0.167,0.211,0.193,60,90,41,0.007,0.16,13.1,smaug,0.4,11,7.58,9.49,0.525,"smaug 42%, <long> 17%","smaug 42%, <long> 21%",0.5391,0.477,0.58,0.584
r8s_0205_kitchen_appliance,"Suggest a type of kitchen appliance. Reply with only the name, nothing else.",0.525,stand mixer -> real,0.525,stand mixer -> real,0.5266,stand mixer -> real,55,81,0.083,0.1,0.093,60,90,46,0.0,0.087,9.7,food processor,0.25,10,7.68,18.77,0.176,"food processor 17%, toaster oven 13%","blender 18%, toaster oven 16%",0.5525,0.464,1.289,1.289
r8s_0031_unit_of_length,"Suggest a type of unit of length. Reply with only the name, nothing else.",0.525,<long> -> bench,0.525,meter -> real,0.5179,centimeter -> bench,59,84,0.017,0.067,0.047,60,90,29,0.0,0.027,7.0,inch,0.2,11,8.71,7.98,0.51,"meter 52%, inch 8%","meter 47%, millimeter 9%",0.5329,0.434,0.241,0.241
r8_0991_fog_type,"Name a fog type. Reply with only the name, nothing else.",0.525,freezing fog -> real,0.525,freezing fog -> real,0.5306,freezing fog -> real,49,70,0.183,0.211,0.2,60,90,59,0.007,0.18,14.3,radiation fog,0.55,8,4.54,29.25,0.244,"radiation fog 18%, <long> 18%","<long> 21%, radiation fog 20%",0.5424,0.544,0.279,0.279
r8s_0103_candy_bar,"Suggest a type of candy bar. Reply with only the name, nothing else.",0.525,kit kat -> real,0.525,kit kat -> real,0.5269,kit kat -> real,55,81,0.083,0.1,0.093,60,90,18,0.0,0.067,9.8,snickers,0.65,8,3.78,3.25,0.75,"snickers 68%, kit kat 8%","snickers 68%, <long> 10%",0.5305,0.219,0.774,0.774
r8_0118_breakfast_cereal,"Name a breakfast cereal. Reply with only the name, nothing else.",0.525,honey nut cheerios -> real,0.525,honey nut cheerios -> real,0.5214,honey nut cheerios -> real,56,80,0.067,0.111,0.093,60,90,39,0.0,0.08,11.0,honey nut cheerios,0.25,11,8.6,10.95,0.331,"cheerios 32%, honey nut cheerios 25%","cheerios 29%, honey nut cheerios 20%",0.544,0.42,0.532,0.532
r8_1590_bicycle_type,"Name a bicycle type. Reply with only the name, nothing else.",0.525,mountain bike -> real,0.525,mountain bike -> real,0.5321,mountain bike -> real,53,81,0.117,0.1,0.107,60,90,27,0.0,0.093,10.6,mountain bike,0.45,8,4.98,6.87,0.433,"mountain bike 42%, road bike 27%","mountain bike 37%, road bike 23%",0.5446,0.194,0.511,0.511
r8_1426_eyeshadow,"Name an eyeshadow. Reply with only the name, nothing else.",0.525,rose gold eyeshadow -> real,0.525,rose gold eyeshadow -> real,0.5429,rose gold eyeshadow -> real,35,52,0.417,0.422,0.42,60,90,80,0.0,0.253,20.8,bronze eye shadow,0.05,20,20.0,75.67,0.034,"<long> 42%, rose gold eyeshadow 5%","<long> 42%, smoky eye shadow palette 3%",0.5354,0.657,0.568,0.568
r8_0158_aquatic_plant,"Name an aquatic plant. Reply with only the name, nothing else.",0.525,<long> -> bench,0.5222,water lily -> bench,0.5278,water lily -> bench,53,75,0.117,0.167,0.147,60,90,54,0.0,0.127,13.6,hydrilla,0.2,12,10.17,23.95,0.18,"hydrilla verticillata 17%, <long> 12%","<long> 17%, hydrilla verticillata 14%",0.5483,0.484,0.881,0.881
r8_0759_cheese_soft,"Name a cheese soft. Reply with only the name, nothing else.",0.525,brie cheese -> bench,0.525,brie cheese -> bench,0.5321,brie cheese -> bench,48,71,0.2,0.211,0.207,60,90,24,0.0,0.173,13.9,brie,0.65,5,2.86,4.62,0.664,"brie 55%, <long> 20%","brie 51%, <long> 21%",0.5286,0.308,0.038,0.038
r8_0615_gift_wrap_pattern,"Name a gift wrap pattern. Reply with only the name, nothing else.",0.525,<long> -> real,0.5222,candy cane pattern -> bench,0.537,candy cane pattern -> bench,33,54,0.45,0.4,0.42,60,90,74,0.0,0.213,18.8,plaid,0.1,19,18.66,66.88,0.046,"<long> 45%, classic pattern 3%","<long> 40%, candy cane pattern 4%",0.542,0.621,0.481,0.481
r8s_1482_brake,"Suggest a type of brake. Reply with only the name, nothing else.",0.525,disc brake -> real,0.525,disc brake -> real,0.5327,disc brake -> real,54,82,0.1,0.089,0.093,60,90,15,0.0,0.087,9.9,disc brake,0.65,5,2.86,2.33,0.831,"disc brake 78%, <long> 10%","disc brake 73%, <long> 9%",0.5262,0.164,0.145,0.145
r8_1626_washer,"Name a washer. Reply with only the name, nothing else.",0.525,maytag -> real,0.525,maytag -> real,0.5306,washer -> real,49,73,0.183,0.189,0.187,60,90,74,0.0,0.133,13.5,maytag,0.3,15,11.68,42.43,0.23,"maytag 22%, <long> 18%","<long> 19%, maytag 17%",0.5441,0.561,0.756,0.811
r8_1279_amplifier,"Name an amplifier. Reply with only the name, nothing else.",0.525,marantz -> real,0.525,marantz -> real,0.55,marantz -> real,30,45,0.5,0.5,0.5,60,90,70,0.0,0.367,26.9,marantz 6004 receiver,0.05,20,20.0,66.2,0.04,"<long> 50%, marantz 5%","<long> 50%, marshall 2%",0.5375,0.57,0.611,0.592
r8_1952_insectivore,"Name an insectivore. Reply with only the name, nothing else.",0.525,anteater -> bench,0.525,anteater -> bench,0.5441,shrew -> real,45,73,0.233,0.189,0.207,60,90,53,0.007,0.207,14.8,anteater,0.25,9,7.48,17.83,0.39,"shrew 33%, <long> 23%","shrew 29%, <long> 19%",0.5424,0.501,0.868,0.868
r8_1618_horror_author,"Name a horror author. Reply with only the name, nothing else.",0.525,dean koontz -> real,0.525,dean koontz -> real,0.5273,dean koontz -> real,55,82,0.083,0.089,0.087,60,90,10,0.0,0.067,9.0,stephen king,1.0,1,1.0,1.55,0.92,"stephen king 85%, <long> 8%","stephen king 83%, <long> 9%",0.5187,0.088,0.416,0.416
r8_1967_fruit_seed,"Name a fruit seed. Reply with only the name, nothing else.",0.525,apple seed -> bench,0.525,apple seed -> bench,0.5267,apple seed -> bench,52,79,0.133,0.122,0.127,60,90,49,0.0,0.093,10.9,apple seed,0.25,12,10.14,18.01,0.321,"apple seed 25%, <long> 13%","apple seed 30%, <long> 12%",0.5414,0.461,0.956,0.956
r8s_1510_dice_face,"Suggest a type of dice face. Reply with only the name, nothing else.",0.525,<long> -> bench,0.525,snake eyes -> real,0.5349,snake eyes -> real,43,60,0.283,0.333,0.313,60,90,77,0.0,0.22,18.9,pentagonal dice face,0.1,19,18.66,61.35,0.097,"<long> 28%, d6 7%","<long> 33%, d6 7%",0.5347,0.645,0.454,0.411
r8_0093_marsupial,"Name a marsupial. Reply with only the name, nothing else.",0.525,kangaroo -> real,0.525,kangaroo -> real,0.5247,opossum -> bench,56,81,0.067,0.089,0.08,60,90,29,0.007,0.087,10.4,kangaroo,0.6,6,3.41,7.97,0.423,"kangaroo 42%, koala 20%","kangaroo 37%, koala 21%",0.5299,0.534,0.234,0.234
r8_0166_hat_style,"Name a hat style. Reply with only the name, nothing else.",0.525,baseball cap -> bench,0.525,baseball cap -> bench,0.5301,baseball cap -> bench,57,82,0.05,0.089,0.073,60,90,29,0.0,0.067,9.8,beanie,0.4,10,7.07,10.96,0.295,"fedora 27%, beanie 13%","fedora 28%, baseball cap 17%",0.5456,0.354,0.37,0.37
r8_0742_desert_succulent,"Name a desert succulent. Reply with only the name, nothing else.",0.525,echeveria -> real,0.525,echeveria -> real,0.5306,jade plant -> real,49,72,0.183,0.2,0.193,60,90,72,0.0,0.147,15.0,aloe vera,0.15,16,14.38,39.85,0.149,"<long> 18%, echeveria 15%","<long> 20%, echeveria 10%",0.5448,0.424,0.119,0.119
r8s_1518_greek_letter,"Suggest a type of greek letter. Reply with only the name, nothing else.",0.525,<long> -> bench,0.5194,theta -> bench,0.523,theta -> bench,55,78,0.083,0.133,0.113,60,90,29,0.0,0.1,9.8,gamma,0.2,14,12.31,14.69,0.248,"alpha 23%, beta 10%","alpha 21%, <long> 13%",0.5236,0.74,0.227,0.227
r8_1392_kebab,"Name a kebab. Reply with only the name, nothing else.",0.525,doner kebab -> real,0.525,doner kebab -> real,0.5417,doner kebab -> real,36,50,0.4,0.444,0.427,60,90,55,0.0,0.307,21.5,shish kebab,0.25,12,9.87,37.1,0.128,"<long> 40%, chicken kebab 10%","<long> 44%, shish kebab 7%",0.55,0.577,0.485,0.516
r8s_1638_lip_balm_flavor,"Suggest a type of lip balm flavor. Reply with only the name, nothing else.",0.525,strawberry -> bench,0.525,strawberry -> bench,0.5398,strawberry -> bench,39,57,0.333,0.367,0.353,60,90,62,0.007,0.22,18.5,strawberry,0.1,19,18.66,48.69,0.073,"<long> 33%, strawberry lip balm flavor 5%","<long> 37%, strawberry 7%",0.5454,0.654,0.972,0.972
r8s_0171_scientific_instrument,"Suggest a type of scientific instrument. Reply with only the name, nothing else.",0.525,atomic force microscope -> real,0.525,atomic force microscope -> real,0.5278,atomic force microscope -> real,54,82,0.1,0.089,0.093,60,90,42,0.0,0.053,9.6,spectrometer,0.4,9,6.16,11.72,0.441,"spectrometer 42%, spectrophotometer 13%","spectrometer 39%, spectrophotometer 12%",0.5583,0.357,0.452,0.452
r8_1958_kitsune,"Name a kitsune. Reply with only the name, nothing else.",0.525,tamamo-no-mae -> real,0.525,tamamo-no-mae -> real,0.5322,tamamo-no-mae -> real,47,71,0.217,0.211,0.213,60,90,91,0.0,0.173,15.3,tamamo-no-mae,0.2,16,14.14,67.87,0.11,"<long> 22%, tamamo-no-mae 12%","<long> 21%, kitsune 8%",0.5391,0.561,0.843,0.843
r8s_1474_pencil,"Suggest a type of pencil. Reply with only the name, nothing else.",0.525,<long> -> bench,0.5194,hb pencil -> real,0.5188,hb pencil -> real,51,72,0.15,0.2,0.18,60,90,32,0.0,0.14,13.5,2b pencil,0.35,8,5.12,10.32,0.366,"2b pencil 30%, <long> 15%","2b pencil 30%, <long> 20%",0.5362,0.49,0.319,0.319
r8s_1577_speed,"Suggest a type of speed. Reply with only the name, nothing else.",0.525,<long> -> bench,0.525,kilometers per hour -> real,0.5294,kilometers per hour -> real,51,72,0.15,0.2,0.18,60,90,76,0.0,0.133,12.6,average speed,0.15,15,13.78,40.67,0.244,"fast 18%, <long> 15%","fast 21%, <long> 20%",0.5452,0.695,0.47,0.505
r8_1995_fruit_dessert,"Name a fruit dessert. Reply with only the name, nothing else.",0.525,<long> -> real,0.5167,fruit salad -> real,0.5409,fruit salad -> real,29,48,0.517,0.467,0.487,60,90,39,0.0,0.147,15.2,fruit salad,0.15,16,14.38,27.12,0.156,"<long> 52%, fruit salad 10%","<long> 47%, fruit salad 7%",0.534,0.527,0.456,0.456
r8_0224_cosmetic,"Name a cosmetic. Reply with only the name, nothing else.",0.525,moisturizer -> real,0.525,moisturizer -> real,0.5385,moisturizer -> real,39,56,0.35,0.378,0.367,60,90,72,0.0,0.24,18.4,lip balm,0.1,18,17.41,57.05,0.074,"<long> 35%, maybelline 5%","<long> 38%, maybelline 4%",0.5327,0.756,0.373,0.339
r8_0030_condiment,"Name a type of condiment. Reply with only the name, nothing else.",0.525,ketchup -> bench,0.525,ketchup -> bench,0.5366,ketchup -> bench,60,86,0.0,0.044,0.027,60,90,21,0.0,0.013,6.7,ketchup,0.4,8,5.6,6.35,0.493,"ketchup 45%, mustard 17%","ketchup 50%, mustard 13%",0.5315,0.487,0.496,0.496
r8s_1823_hot_sauce,"Suggest a type of hot sauce. Reply with only the name, nothing else.",0.525,sriracha -> real,0.525,sriracha -> real,0.5326,sriracha -> real,44,62,0.267,0.311,0.293,60,90,55,0.0,0.153,16.8,franks redhot sauce,0.1,19,18.66,29.98,0.236,"<long> 27%, sriracha hot sauce 17%","<long> 31%, sriracha hot sauce 17%",0.5463,0.592,0.701,0.701
r8_1068_natural_substance,"Name a natural substance. Reply with only the name, nothing else.",0.525,<long> -> real,0.5194,clay -> bench,0.5211,clay -> bench,51,81,0.15,0.1,0.12,60,90,58,0.0,0.087,9.6,water,0.65,8,3.78,22.99,0.326,"water 28%, <long> 15%","water 29%, <long> 10%",0.5399,0.494,0.381,0.403
r8_0625_wilderness,"Name a type of wilderness. Reply with only the name, nothing else.",0.525,<long> -> bench,0.525,taiga wilderness -> real,0.5319,taiga wilderness -> real,47,66,0.217,0.267,0.247,60,90,70,0.0,0.187,16.5,amazon rainforest,0.1,19,18.66,47.73,0.133,"<long> 22%, forest 10%","<long> 27%, forest 10%",0.5475,0.602,0.755,0.755
r8s_0438_car_part,"Suggest a type of car part. Reply with only the name, nothing else.",0.525,steering wheel -> real,0.525,steering wheel -> real,0.5259,steering wheel -> real,58,84,0.033,0.067,0.053,60,90,66,0.0,0.053,9.2,brake pads,0.25,11,9.21,36.19,0.19,"brake pads 20%, brake pad 13%","brake pads 17%, brake pad 9%",0.5324,0.685,0.284,0.284
r8s_0939_boxing_punch,"Suggest a type of boxing punch. Reply with only the name, nothing else.",0.525,cross -> real,0.525,cross -> real,0.5273,cross -> real,55,81,0.083,0.1,0.093,60,90,45,0.0,0.087,9.7,jab,0.5,11,6.32,12.47,0.485,"jab 43%, <long> 8%","jab 44%, <long> 10%",0.5375,0.268,0.182,0.2
r8_1306_animal_defense,"Name an animal defense. Reply with only the name, nothing else.",0.525,<long> -> bench,0.5167,camouflage -> bench,0.5333,camouflage -> bench,33,45,0.45,0.5,0.48,60,90,75,0.0,0.32,22.8,camouflage,0.1,19,18.66,72.16,0.038,"<long> 45%, silver fox defense 2%","<long> 50%, camouflage 3%",0.5563,0.643,1.009,1.027
r8s_0907_insect_wing,"Suggest a type of insect wing. Reply with only the name, nothing else.",0.525,gossamer wings -> real,0.525,gossamer wings -> real,0.5301,forewing -> bench,50,71,0.167,0.211,0.193,60,90,66,0.0,0.16,14.0,forewing,0.3,12,9.25,25.9,0.355,"forewing 27%, <long> 17%","forewing 30%, <long> 21%",0.5337,0.681,0.319,0.319
r8_0395_board_game_piece,"Name a board game piece. Reply with only the name, nothing else.",0.525,chess pawn -> real,0.525,chess pawn -> real,0.5283,chess pawn -> real,53,76,0.117,0.156,0.14,60,90,18,0.0,0.12,11.3,pawn,0.75,6,2.62,2.69,0.806,"pawn 68%, <long> 12%","pawn 70%, <long> 16%",0.5367,0.332,0.607,0.607
r8_0387_predator,"Name a predator. Reply with only the name, nothing else.",0.525,<long> -> bench,0.5194,lion -> bench,0.5348,lion -> bench,57,81,0.05,0.1,0.08,60,90,29,0.0,0.067,8.4,lion,0.6,5,3.18,7.82,0.514,"lion 45%, wolf 8%","lion 49%, <long> 10%",0.5412,0.553,0.129,0.129
r8s_0509_body_system,"Suggest a type of body system. Reply with only the name, nothing else.",0.525,respiratory system -> bench,0.525,respiratory system -> bench,0.5275,respiratory system -> bench,58,83,0.033,0.078,0.06,60,90,32,0.0,0.053,9.0,nervous system,0.3,10,7.51,12.71,0.333,"nervous system 32%, digestive system 13%","nervous system 31%, digestive system 9%",0.5445,0.449,0.353,0.353
r8_0355_historical_document,"Name a type of historical document. Reply with only the name, nothing else.",0.525,<long> -> real,0.5167,diary entry -> real,0.5213,diary entry -> real,47,75,0.217,0.167,0.187,60,90,88,0.0,0.133,13.7,diary,0.15,18,16.96,68.54,0.107,"<long> 22%, declaration of independence 10%","<long> 17%, declaration of independence 8%",0.5351,0.708,0.326,0.326
r8_0530_tide,"Name a tide. Reply with only the name, nothing else.",0.525,pacific tide -> bench,0.525,pacific tide -> bench,0.5414,pacific tide -> bench,38,55,0.367,0.389,0.38,60,90,67,0.0,0.273,20.3,high tide,0.25,13,10.14,50.02,0.118,"<long> 37%, high tide 8%","<long> 39%, pacific tide 7%",0.5456,0.58,0.375,0.417
r8_0523_skin_care_product,"Name a skin care product. Reply with only the name, nothing else.",0.525,cleansing oil -> real,0.525,cleansing oil -> real,0.5625,cleansing oil -> real,24,35,0.6,0.611,0.607,60,90,31,0.0,0.193,19.2,hydrating day cream,0.2,14,11.99,12.67,0.441,"<long> 60%, hydrating day cream 20%","<long> 61%, hydrating day cream 16%",0.5586,0.529,1.925,1.925
r8_0340_mythical_place,"Name a mythical place. Reply with only the name, nothing else.",0.525,shangri-la -> real,0.525,shangri-la -> real,0.5275,shangri-la -> real,51,73,0.15,0.189,0.173,60,90,56,0.0,0.153,14.2,atlantis,0.25,14,11.64,29.78,0.161,"atlantis 15%, <long> 15%","<long> 19%, atlantis 12%",0.5495,0.381,0.472,0.472
r8_1158_barbecue,"Name a barbecue. Reply with only the name, nothing else.",0.525,<long> -> real,0.5222,baby back ribs -> bench,0.5303,baby back ribs -> bench,41,66,0.317,0.267,0.287,60,90,97,0.0,0.213,17.9,memphis barbecue network,0.05,20,20.0,91.59,0.037,"<long> 32%, sonnys bbq 3%","<long> 27%, baby back ribs 4%",0.5369,0.742,0.71,0.71
r8_0320_classroom_item,"Name a classroom item. Reply with only the name, nothing else.",0.525,chalkboard -> real,0.525,chalkboard -> real,0.5278,chalkboard -> real,54,78,0.1,0.133,0.12,60,90,57,0.0,0.12,11.5,desk,0.25,12,9.46,30.55,0.189,"desk 17%, <long> 10%","desk 17%, <long> 13%",0.5372,0.627,0.364,0.364
r8_0573_knife,"Name a knife. Reply with only the name, nothing else.",0.525,chefs knife -> bench,0.525,chefs knife -> bench,0.5413,chefs knife -> bench,53,76,0.117,0.156,0.14,60,90,45,0.0,0.12,12.7,chefs knife,0.6,7,3.92,9.65,0.558,"chefs knife 45%, <long> 12%","chefs knife 50%, <long> 16%",0.5306,0.451,0.148,0.148
r8s_1065_culinary_mushroom,"Suggest a type of culinary mushroom. Reply with only the name, nothing else.",0.525,porcini mushroom -> bench,0.525,porcini mushroom -> bench,0.5276,porcini mushroom -> bench,53,81,0.117,0.1,0.107,60,90,37,0.0,0.073,11.0,chanterelle mushroom,0.2,15,12.85,16.44,0.291,"shiitake mushroom 25%, <long> 12%","shiitake mushroom 27%, <long> 10%",0.542,0.533,0.156,0.156
r8s_0421_spread,"Suggest a type of spread. Reply with only the name, nothing else.",0.525,<long> -> real,0.525,cream cheese spread -> bench,0.5706,cream cheese spread -> bench,17,30,0.717,0.667,0.687,60,90,41,0.0,0.267,21.1,honey butter cheese,0.05,20,20.0,34.15,0.149,"<long> 72%, croissant slider 2%","<long> 67%, cream cheese spread 7%",0.5449,0.544,0.483,0.43
r8_0409_lunch_food,"Name a lunch food. Reply with only the name, nothing else.",0.525,tuna salad sandwich -> real,0.525,tuna salad sandwich -> real,0.5395,tuna salad sandwich -> real,38,58,0.367,0.356,0.36,60,90,43,0.0,0.173,15.2,sandwich,0.15,14,12.52,21.45,0.25,"<long> 37%, sandwich 15%","<long> 36%, sandwich 17%",0.5426,0.463,0.387,0.387
r8_0496_compass,"Name a type of compass. Reply with only the name, nothing else.",0.525,<long> -> bench,0.5111,lodestone compass -> bench,0.5145,lodestone compass -> bench,49,69,0.183,0.233,0.213,60,90,44,0.0,0.167,15.9,magnetic compass,0.2,15,12.85,12.63,0.458,"magnetic compass 37%, <long> 18%","magnetic compass 36%, <long> 23%",0.5476,0.461,0.513,0.513
r8_0411_fabric_weave,"Name a fabric weave. Reply with only the name, nothing else.",0.525,plain weave -> bench,0.525,plain weave -> bench,0.5323,plain weave -> bench,50,71,0.167,0.211,0.193,60,90,42,0.0,0.147,14.5,twill,0.2,13,11.19,20.51,0.223,"satin weave 20%, <long> 17%","<long> 21%, satin weave 17%",0.5456,0.386,0.258,0.258
r8_1449_smile,"Name a smile. Reply with only the name, nothing else.",0.525,jennifer -> real,0.525,jennifer -> real,0.5375,jennifer -> real,40,59,0.317,0.311,0.313,60,90,84,0.027,0.2,17.4,grin,0.15,18,16.96,70.72,0.091,"<long> 32%, grin 7%","<long> 31%, grin 6%",0.5356,0.677,0.639,0.639
r8_0399_prey,"Name a prey. Reply with only the name, nothing else.",0.525,<long> -> bench,0.5194,doe -> real,0.5209,doe -> real,55,78,0.083,0.133,0.113,60,90,31,0.0,0.107,10.2,rabbit,0.4,8,5.09,6.67,0.571,"deer 52%, rabbit 13%","deer 50%, <long> 13%",0.5685,0.501,0.422,0.362
r8s_0680_bookmark,"Suggest a type of bookmark. Reply with only the name, nothing else.",0.525,paper bookmark -> bench,0.525,paper bookmark -> bench,0.537,paper bookmark -> bench,44,62,0.267,0.311,0.293,60,90,84,0.0,0.22,16.8,paper bookmark,0.15,17,15.83,72.22,0.066,"<long> 27%, image bookmark 5%","<long> 31%, paper bookmark 7%",0.531,0.651,0.196,0.209
r8s_0735_shrub,"Suggest a type of shrub. Reply with only the name, nothing else.",0.525,rhododendron -> bench,0.525,rhododendron -> bench,0.5375,rhododendron -> bench,40,60,0.333,0.333,0.333,60,90,71,0.0,0.247,18.7,hydrangea,0.3,14,10.9,53.43,0.08,"<long> 33%, hydrangea shrub 7%","<long> 33%, rhododendron 7%",0.5545,0.591,0.919,0.919
r8s_0799_landscape_feature,"Suggest a type of landscape feature. Reply with only the name, nothing else.",0.525,hill -> bench,0.525,hill -> bench,0.5307,hill -> bench,51,74,0.15,0.178,0.167,60,90,71,0.0,0.133,12.8,mountain range,0.25,14,11.64,49.08,0.112,"<long> 15%, mountain range 7%","<long> 18%, mountain range 11%",0.5347,0.663,0.209,0.227
r8_1726_financial_instrument,"Name a type of financial instrument. Reply with only the name, nothing else.",0.525,mortgage-backed security -> real,0.525,mortgage-backed security -> real,0.5294,mortgage-backed security -> real,51,80,0.15,0.111,0.127,60,90,29,0.0,0.113,10.4,bond,0.45,10,6.48,3.49,0.779,"bond 67%, <long> 15%","bond 69%, <long> 11%",0.5273,0.321,0.075,0.075
r8_0368_wine,"Name a wine. Reply with only the name, nothing else.",0.525,sauvignon blanc -> real,0.525,sauvignon blanc -> real,0.5349,sauvignon blanc -> real,43,63,0.283,0.3,0.293,60,90,49,0.0,0.233,18.6,pinot noir,0.2,14,11.49,26.61,0.179,"<long> 28%, merlot 13%","<long> 30%, pinot noir 13%",0.5352,0.646,0.463,0.463
r8s_0791_spinach,"Suggest a type of spinach. Reply with only the name, nothing else.",0.525,baby spinach -> bench,0.525,baby spinach -> bench,0.5326,baby spinach -> bench,46,69,0.233,0.233,0.233,60,90,26,0.0,0.18,14.7,baby spinach,0.65,6,3.2,3.72,0.757,"baby spinach 55%, <long> 23%","baby spinach 60%, <long> 23%",0.5398,0.228,1.546,1.546
r8s_0869_airport,"Suggest a type of airport. Reply with only the name, nothing else.",0.525,international airport -> bench,0.525,international airport -> bench,0.5288,international airport -> bench,51,77,0.15,0.144,0.147,60,90,55,0.0,0.08,10.8,regional airport,0.65,8,3.78,24.24,0.188,"regional airport 17%, <long> 15%","international airport 17%, regional airport 16%",0.5411,0.485,0.207,0.207
r8_1483_pocket_type,"Name a pocket type. Reply with only the name, nothing else.",0.525,slim pocket -> real,0.525,slim pocket -> real,0.5283,slim pocket -> real,53,76,0.117,0.156,0.14,60,90,93,0.0,0.113,11.9,front pocket,0.1,16,15.16,65.07,0.132,"<long> 12%, front pocket 10%","<long> 16%, front pocket 12%",0.5365,0.718,0.333,0.349
r8_1572_story_type,"Name a story type. Reply with only the name, nothing else.",0.525,fairy tale -> bench,0.525,fairy tale -> bench,0.5314,once upon a time -> bench,46,71,0.233,0.211,0.22,60,90,54,0.0,0.14,13.6,fairy tale,0.25,14,11.64,27.98,0.231,"<long> 23%, fairy tale 15%","<long> 21%, fairy tale 20%",0.533,0.616,0.301,0.326
r8_0490_hormone,"Name a hormone. Reply with only the name, nothing else.",0.525,melatonin -> real,0.525,melatonin -> real,0.5268,melatonin -> real,56,84,0.067,0.067,0.067,60,90,19,0.0,0.067,8.5,insulin,0.9,3,1.48,6.75,0.457,"insulin 40%, testosterone 17%","insulin 44%, testosterone 17%",0.5386,0.386,0.406,0.406
r8_0432_font,"Name a font. Reply with only the name, nothing else.",0.525,roboto -> real,0.525,roboto -> real,0.5326,arial -> bench,55,79,0.083,0.122,0.107,60,90,38,0.0,0.093,10.1,arial,0.25,14,11.34,11.24,0.366,"arial 30%, times new roman 13%","arial 34%, times new roman 17%",0.5475,0.333,0.295,0.295
r8_0506_animal_group,"Name an animal group. Reply with only the name, nothing else.",0.525,dogs -> real,0.525,dogs -> real,0.5273,dogs -> real,55,81,0.083,0.1,0.093,60,90,35,0.0,0.087,10.7,mammals,0.3,11,8.63,11.54,0.404,"mammals 35%, reptiles 13%","mammals 38%, <long> 10%",0.5756,0.541,0.418,0.418
r8_0341_sandwich_filling,"Name a type of sandwich filling. Reply with only the name, nothing else.",0.525,avocado slices -> real,0.525,avocado slices -> real,0.5349,avocado slices -> real,43,64,0.283,0.289,0.287,60,90,37,0.0,0.2,16.2,ham,0.25,16,13.37,12.6,0.449,"ham 32%, <long> 28%","ham 32%, <long> 29%",0.5378,0.427,0.85,0.85
r8s_0279_wetland,"Suggest a type of wetland. Reply with only the name, nothing else.",0.525,coastal wetland -> real,0.525,coastal wetland -> real,0.5294,coastal wetland -> real,51,79,0.15,0.122,0.133,60,90,47,0.0,0.113,11.6,swamp,0.25,12,9.46,24.89,0.146,"<long> 15%, swamp 12%","salt marsh 14%, <long> 12%",0.5493,0.476,0.657,0.657
r8_1676_resistor_value,"Name a resistor value. Reply with only the name, nothing else.",0.525,10kohm -> real,0.525,10kohm -> real,0.5326,10kohm -> real,46,69,0.233,0.233,0.233,60,90,76,0.0,0.22,18.8,10k ohms resistor,0.1,16,15.16,59.47,0.061,"<long> 23%, 100 ohms 7%","<long> 23%, 10k resistor 6%",0.5335,0.344,0.045,0.045
r8_1403_medical_speciality,"Name a medical speciality. Reply with only the name, nothing else.",0.525,<long> -> bench,0.5222,ophthalmology -> real,0.5322,cardiology -> bench,57,81,0.05,0.1,0.08,60,90,29,0.0,0.073,9.6,cardiology,0.55,6,3.78,7.87,0.529,"cardiology 47%, dermatology 10%","cardiology 50%, <long> 10%",0.5315,0.506,0.081,0.081
r8s_0313_storm_type,"Suggest a storm type. Reply with only the name, nothing else.",0.525,tropical storm -> bench,0.525,tropical storm -> bench,0.5288,tropical storm -> bench,52,78,0.133,0.133,0.133,60,90,62,0.0,0.1,11.1,hurricane,0.55,9,4.99,27.47,0.3,"hurricane 25%, <long> 13%","hurricane 27%, <long> 13%",0.5447,0.469,0.298,0.298
r8s_1312_action_movie,"Suggest a type of action movie. Reply with only the name, nothing else.",0.525,impossible -> bench,0.525,impossible -> bench,0.5337,impossible -> bench,48,68,0.2,0.244,0.227,60,90,52,0.0,0.2,15.9,hard,0.4,11,7.38,21.56,0.345,"hard 27%, <long> 20%","hard 27%, <long> 24%",0.5472,0.349,0.585,0.585
r8s_1265_thread,"Suggest a type of thread. Reply with only the name, nothing else.",0.525,embroidery floss -> real,0.525,embroidery floss -> real,0.5341,embroidery floss -> real,44,63,0.267,0.3,0.287,60,90,82,0.0,0.213,17.7,cotton thread,0.2,12,10.44,63.43,0.103,"<long> 27%, polyester thread 10%","<long> 30%, polyester thread 6%",0.5311,0.7,0.434,0.555
r8_1078_gasket,"Name a gasket. Reply with only the name, nothing else.",0.525,<long> -> bench,0.5222,viton gasket -> bench,0.537,viton gasket -> bench,39,54,0.35,0.4,0.38,60,90,64,0.0,0.28,20.7,o-ring,0.2,17,15.16,46.83,0.151,"<long> 35%, o-ring 8%","<long> 40%, o-ring 10%",0.5358,0.645,0.449,0.348
r8_1358_plant_growth_habit,"Name a plant growth habit. Reply with only the name, nothing else.",0.525,<long> -> bench,0.5167,epiphytic -> real,0.5303,epiphytic -> real,33,45,0.45,0.5,0.48,60,90,56,0.0,0.393,25.2,vining,0.2,17,15.16,43.82,0.115,"<long> 45%, climbing 5%","<long> 50%, vining 7%",0.541,0.72,0.922,0.922
r8_0468_boot,"Name a boot. Reply with only the name, nothing else.",0.525,cowboy boot -> real,0.525,cowboy boot -> real,0.5357,cowboy boot -> real,42,61,0.3,0.322,0.313,60,90,88,0.0,0.267,19.3,dr. martens,0.2,16,14.14,79.62,0.039,"<long> 30%, cowboy boot 5%","<long> 32%, chelsea boot 3%",0.5353,0.739,0.343,0.176
r8_0408_kiln,"Name a kiln. Reply with only the name, nothing else.",0.5222,kiln 1 -> bench,0.5222,kiln 1 -> bench,0.5339,kiln 1 -> bench,44,63,0.267,0.3,0.287,60,90,88,0.0,0.233,20.0,kiln,0.1,17,16.25,67.97,0.131,"<long> 27%, kiln 1 7%","<long> 30%, kiln 1 11%",0.5388,0.536,0.475,0.475
r8_0464_yogurt,"Name a yogurt. Reply with only the name, nothing else.",0.5222,plain yogurt -> bench,0.5222,plain yogurt -> bench,0.529,plain yogurt -> bench,46,69,0.233,0.233,0.233,60,90,55,0.0,0.167,15.2,plain yogurt,0.2,16,14.14,26.34,0.226,"<long> 23%, greek yogurt 15%","<long> 23%, greek yogurt 19%",0.5382,0.644,0.658,0.658
r8_1605_desert_animal,"Name a desert animal. Reply with only the name, nothing else.",0.5222,kangaroo rat -> real,0.5222,kangaroo rat -> real,0.5259,kangaroo rat -> real,51,75,0.15,0.167,0.16,60,90,34,0.0,0.14,12.5,camel,0.55,8,4.66,9.06,0.516,"camel 45%, <long> 15%","camel 42%, <long> 17%",0.5309,0.476,0.017,0.017
r8_1209_road_surface,"Name a road surface. Reply with only the name, nothing else.",0.5222,asphalt road -> real,0.5222,asphalt road -> real,0.5273,asphalt road -> real,49,74,0.183,0.178,0.18,60,90,38,0.0,0.133,13.4,asphalt,0.9,3,1.48,7.11,0.618,"asphalt 48%, <long> 18%","asphalt 52%, <long> 18%",0.564,0.318,0.979,0.979
r8_0864_place_of_worship,"Name a place of worship. Reply with only the name, nothing else.",0.5222,<long> -> bench,0.5167,first unitarian church -> real,0.5286,temple -> bench,38,53,0.367,0.411,0.393,60,90,66,0.0,0.213,17.9,temple,0.25,14,11.34,46.92,0.165,"<long> 37%, temple 8%","<long> 41%, temple 11%",0.5525,0.399,0.375,0.375
r8_1851_footstep_sound,"Name a footstep sound. Reply with only the name, nothing else.",0.5222,clicking -> bench,0.5222,clicking -> bench,0.5408,clicking -> bench,31,49,0.483,0.456,0.467,60,90,63,0.0,0.327,23.5,click,0.25,14,11.56,55.23,0.05,"<long> 48%, click-clack 5%","<long> 46%, clicking 4%",0.5467,0.551,0.534,0.534
r8s_0590_gulf,"Suggest a type of gulf. Reply with only the name, nothing else.",0.5222,arabian gulf -> bench,0.5222,arabian gulf -> bench,0.527,arabian gulf -> bench,50,74,0.167,0.178,0.173,60,90,36,0.0,0.147,13.4,persian gulf,0.45,12,7.44,6.42,0.637,"persian gulf 53%, <long> 17%","persian gulf 52%, <long> 18%",0.5412,0.443,0.444,0.444
r8_0726_star_type,"Name a star type. Reply with only the name, nothing else.",0.5222,cepheid variable -> bench,0.5222,cepheid variable -> bench,0.5323,cepheid variable -> bench,44,62,0.267,0.311,0.293,60,90,76,0.0,0.247,19.0,red giant,0.3,12,9.49,53.05,0.142,"<long> 27%, betelgeuse 10%","<long> 31%, betelgeuse 10%",0.546,0.475,0.146,0.146
r8_0608_blood_type,"Name a blood type. Reply with only the name, nothing else.",0.5222,blood type a -> bench,0.5222,blood type a -> bench,0.5286,blood type a -> bench,49,70,0.183,0.222,0.207,60,90,32,0.0,0.2,15.4,o+,0.35,11,8.01,13.37,0.235,"o+ 20%, <long> 18%","<long> 22%, o+ 18%",0.5348,0.288,0.33,0.33
r8_0875_bird_habitat,"Name a bird habitat. Reply with only the name, nothing else.",0.5222,rainforest -> bench,0.5222,rainforest -> bench,0.5375,rainforest -> bench,40,56,0.333,0.378,0.36,60,90,64,0.0,0.253,19.8,forest,0.25,12,9.46,43.73,0.135,"<long> 33%, amazon rainforest 10%","<long> 38%, amazon rainforest 8%",0.5413,0.654,0.614,0.614
r8_1556_flash,"Name a flash. Reply with only the name, nothing else.",0.5222,flash -> real,0.5222,flash -> real,0.5427,flash -> real,32,49,0.467,0.456,0.46,60,90,70,0.0,0.333,23.2,adobe flash,0.05,20,20.0,56.16,0.136,"<long> 47%, flash 10%","<long> 46%, flash 6%",0.5351,0.773,0.422,0.474
r8_0033_circus_act,"Name a circus act. Reply with only the name, nothing else.",0.5222,<long> -> bench,0.5194,tightrope walkers -> real,0.5236,tightrope walkers -> real,49,71,0.167,0.211,0.193,60,90,71,0.007,0.127,14.3,tightrope walking,0.2,14,12.31,41.78,0.117,"<long> 17%, trapeze act 10%","<long> 21%, trapeze act 9%",0.5457,0.393,0.341,0.341
r8_0242_light_source,"Name a light source. Reply with only the name, nothing else.",0.5222,led -> bench,0.5222,led -> bench,0.5254,led -> bench,53,79,0.117,0.122,0.12,60,90,34,0.0,0.1,10.3,sun,0.65,6,3.2,9.07,0.523,"sun 48%, <long> 12%","sun 44%, <long> 12%",0.5531,0.351,0.384,0.384
r8_0439_cake_flavor,"Name a cake flavor. Reply with only the name, nothing else.",0.5222,strawberry -> bench,0.5222,strawberry -> bench,0.525,strawberry -> bench,51,80,0.15,0.111,0.127,60,90,37,0.0,0.08,9.9,chocolate,0.3,13,10.17,11.71,0.366,"chocolate 33%, chocolate cake 18%","chocolate 31%, chocolate cake 18%",0.531,0.289,0.179,0.179
r8_1213_unit_of_length,"Name an unit of length. Reply with only the name, nothing else.",0.5222,meter -> bench,0.5222,meter -> bench,0.5175,metre -> real,57,87,0.05,0.033,0.04,60,90,14,0.0,0.02,6.1,meter,0.55,7,4.23,3.28,0.722,"meter 67%, inch 8%","meter 71%, inch 7%",0.5301,0.335,0.161,0.161
r8s_1075_edible_substance,"Suggest a type of edible substance. Reply with only the name, nothing else.",0.5222,<long> -> bench,0.5222,apple -> real,0.5164,apple -> real,54,77,0.1,0.144,0.127,60,90,53,0.0,0.1,10.2,apple,0.2,16,14.14,21.1,0.351,"apple 33%, <long> 10%","apple 29%, <long> 14%",0.5633,0.573,0.848,0.848
r8_0839_float,"Name a float. Reply with only the name, nothing else.",0.5222,<long> -> bench,0.5167,none -> real,0.5263,none -> real,38,53,0.367,0.411,0.393,60,90,88,0.0,0.313,23.8,pipoca,0.05,20,20.0,85.62,0.022,"<long> 37%, none 3%","<long> 41%, 3.14 2%",0.5423,0.661,0.538,0.578
r8_1530_level,"Name a level. Reply with only the name, nothing else.",0.5222,level 2 -> real,0.5222,level 2 -> real,0.533,level 2 -> real,42,65,0.283,0.278,0.28,60,90,66,0.007,0.233,17.2,level 1,0.1,19,18.66,35.17,0.215,"<long> 28%, level 1 13%","<long> 28%, level 1 17%",0.5307,0.525,0.282,0.282
r8_0297_chili_pepper,"Name a chili pepper. Reply with only the name, nothing else.",0.5222,jalapeno -> real,0.5222,jalapeno -> real,0.5274,jalapeno -> real,49,74,0.183,0.178,0.18,60,90,54,0.0,0.127,13.1,ghost pepper,0.25,13,10.58,29.1,0.154,"<long> 18%, jalapeño 12%","<long> 18%, jalapeño 13%",0.5412,0.471,0.466,0.466
r8_0277_musical_tempo,"Name a musical tempo. Reply with only the name, nothing else.",0.5222,vivace -> bench,0.5222,vivace -> bench,0.526,vivace -> bench,51,77,0.15,0.144,0.147,60,90,28,0.0,0.107,10.7,andante,0.25,14,11.64,8.86,0.367,"allegro 32%, andante 23%","allegro 31%, andante 21%",0.5481,0.368,0.566,0.566
r8_0054_mythological_creature,"Name a type of mythological creature. Reply with only the name, nothing else.",0.5222,<long> -> bench,0.5222,griffin -> real,0.5232,hydra -> real,56,80,0.067,0.111,0.093,60,90,27,0.0,0.093,9.3,griffin,0.35,9,6.97,9.82,0.331,"dragon 28%, griffin 23%","dragon 31%, griffin 19%",0.5427,0.441,0.438,0.438
r8_1847_piano_brand,"Name a piano brand. Reply with only the name, nothing else.",0.5222,<long> -> bench,0.5139,kawai -> real,0.5285,yamaha -> bench,54,77,0.1,0.144,0.127,60,90,17,0.0,0.107,10.4,yamaha,0.65,4,2.67,3.02,0.756,"yamaha 65%, <long> 10%","yamaha 67%, <long> 14%",0.5525,0.326,1.054,1.054
r8s_1200_freshwater_feature,"Suggest a type of freshwater feature. Reply with only the name, nothing else.",0.5222,river -> bench,0.5222,river -> bench,0.5247,river -> bench,54,81,0.1,0.1,0.1,60,90,34,0.0,0.067,8.8,lake,0.4,9,5.82,5.33,0.674,"lake 58%, <long> 10%","lake 62%, <long> 10%",0.5275,0.24,0.329,0.329
r8s_0946_pod_spice,"Suggest a type of pod spice. Reply with only the name, nothing else.",0.5222,garlic powder -> bench,0.5222,garlic powder -> bench,0.5333,garlic powder -> bench,38,60,0.35,0.333,0.34,60,90,85,0.007,0.2,18.8,apple seed pod spice,0.05,20,20.0,75.37,0.051,"<long> 35%, dill pod spice 3%","<long> 33%, garlic powder 4%",0.5398,0.655,0.592,0.644
r8_1643_endo,"Name an endo. Reply with only the name, nothing else.",0.5222,endo -> bench,0.5222,endo -> bench,0.5404,endo -> bench,40,57,0.333,0.356,0.347,60,90,74,0.007,0.247,19.6,dr. anne lingoier-rofes,0.05,20,20.0,42.71,0.247,"<long> 33%, endo 13%","<long> 36%, endo 18%",0.6418,0.48,1.369,0.906
r8s_0904_jungle_animal,"Suggest a type of jungle animal. Reply with only the name, nothing else.",0.5222,leopard -> bench,0.5222,leopard -> bench,0.5244,leopard -> bench,55,82,0.083,0.089,0.087,60,90,24,0.0,0.073,8.6,jaguar,0.5,10,5.9,5.21,0.504,"jaguar 48%, tiger 27%","jaguar 44%, tiger 26%",0.545,0.296,0.224,0.224
r8_1009_sprocket,"Name a sprocket. Reply with only the name, nothing else.",0.5222,<long> -> bench,0.5083,adidas ultra boost 1.0 -> real,0.5132,adidas ultra boost 1.0 -> real,38,53,0.367,0.411,0.393,60,90,82,0.0,0.267,22.0,pinion sprocket,0.05,20,20.0,70.62,0.099,"<long> 37%, sprocket 7%","<long> 41%, sprocket 6%",0.5468,0.652,0.798,0.869
r8_0258_pollinator,"Name a pollinator. Reply with only the name, nothing else.",0.5222,honeybee -> bench,0.5222,honeybee -> bench,0.5266,honeybee -> bench,54,80,0.1,0.111,0.107,60,90,21,0.0,0.087,10.1,bee,0.5,7,4.55,7.08,0.336,"bee 30%, honeybee 23%","bee 30%, honeybee 28%",0.5417,0.217,0.357,0.357
r8_1785_cosmic_event,"Name a cosmic event. Reply with only the name, nothing else.",0.5222,supernova explosion -> bench,0.5222,supernova explosion -> bench,0.5251,supernova explosion -> bench,46,71,0.233,0.211,0.22,60,90,41,0.0,0.133,14.4,supernova,0.3,11,7.81,13.69,0.308,"supernova 25%, <long> 23%","supernova 23%, supernova explosion 21%",0.5621,0.185,0.567,0.567
r8_0179_primary_color,"Name a primary color. Reply with only the name, nothing else.",0.5222,blue -> bench,0.5222,blue -> bench,0.5263,blue -> bench,59,85,0.017,0.056,0.04,60,90,10,0.0,0.04,6.4,red,0.95,2,1.22,2.2,0.771,"red 73%, blue 13%","red 74%, blue 18%",0.5319,0.061,0.167,0.167
r8_1312_action_movie,"Name an action movie. Reply with only the name, nothing else.",0.5222,hard with a vengeance -> bench,0.5222,hard with a vengeance -> bench,0.5283,impossible -> bench,51,73,0.15,0.189,0.173,60,90,37,0.0,0.133,14.0,hard,0.5,9,5.36,18.65,0.234,"hard 20%, <long> 15%","hard 19%, <long> 19%",0.5486,0.238,0.488,0.488
r8_1881_deep_sea_creature,"Name a type of deep sea creature. Reply with only the name, nothing else.",0.5222,<long> -> bench,0.5222,giant squid -> real,0.5161,giant squid -> real,56,80,0.067,0.111,0.093,60,90,37,0.0,0.087,9.5,anglerfish,0.5,5,3.2,8.42,0.36,"anglerfish 35%, giant squid 33%","anglerfish 31%, giant squid 29%",0.5475,0.312,0.327,0.327
r8s_1768_character_archetype,"Suggest a type of character archetype. Reply with only the name, nothing else.",0.5222,innocent -> real,0.5222,innocent -> real,0.526,trickster -> bench,51,74,0.15,0.178,0.167,60,90,60,0.0,0.127,13.5,innocent,0.2,13,10.72,35.98,0.168,"<long> 15%, trickster 12%","<long> 18%, trickster 16%",0.5404,0.498,0.498,0.498
r8s_0284_musical_genre,"Suggest a musical genre. Reply with only the name, nothing else.",0.5222,<long> -> bench,0.5222,jazz -> real,0.5242,rock -> bench,52,74,0.133,0.178,0.16,60,90,45,0.0,0.147,12.2,jazz,0.2,17,15.16,20.41,0.286,"jazz 27%, <long> 13%","jazz 22%, <long> 18%",0.528,0.688,0.229,0.229
r8s_0681_singer,"Suggest a type of singer. Reply with only the name, nothing else.",0.5222,ella fitzgerald -> real,0.5222,ella fitzgerald -> real,0.5278,ella fitzgerald -> real,48,72,0.2,0.2,0.2,60,90,57,0.0,0.187,14.6,opera singer,0.2,15,13.2,35.57,0.1,"<long> 20%, opera singer 8%","<long> 20%, soprano 9%",0.5519,0.542,0.622,0.622
r8_0939_boxing_punch,"Name a boxing punch. Reply with only the name, nothing else.",0.5222,jab -> bench,0.5222,jab -> bench,0.5192,cross hook -> real,52,80,0.133,0.111,0.12,60,90,45,0.0,0.1,10.7,jab,0.7,6,2.94,9.66,0.561,"jab 47%, <long> 13%","jab 51%, <long> 11%",0.5382,0.412,0.191,0.191
r8_1263_sheep_breed,"Name a sheep breed. Reply with only the name, nothing else.",0.5222,merino -> bench,0.5222,merino -> bench,0.5252,merino -> bench,54,80,0.1,0.111,0.107,60,90,38,0.0,0.08,9.9,suffolk,0.55,10,5.35,11.97,0.418,"suffolk 38%, <long> 10%","suffolk 37%, <long> 11%",0.5414,0.319,0.253,0.253
r8s_2000_chisel,"Suggest a type of chisel. Reply with only the name, nothing else.",0.5222,cold chisel -> real,0.5222,cold chisel -> real,0.5248,cold chisel -> real,54,82,0.1,0.089,0.093,60,90,65,0.0,0.053,9.5,paring chisel,0.15,14,12.52,36.49,0.14,"mortise chisel 15%, <long> 10%","diamond chisel 12%, mortise chisel 11%",0.5387,0.6,0.25,0.25
r8_1965_broadway_musical,"Name a broadway musical. Reply with only the name, nothing else.",0.5222,wicked -> bench,0.5222,wicked -> bench,0.5289,hamilton -> real,55,85,0.083,0.056,0.067,60,90,17,0.0,0.06,8.2,hamilton,0.8,4,2.03,3.28,0.729,"hamilton 70%, <long> 8%","hamilton 67%, dear evan hansen 9%",0.5453,0.282,0.369,0.369
r8_0947_theater_term,"Name a theater term. Reply with only the name, nothing else.",0.5222,break a leg -> real,0.5222,break a leg -> real,0.5276,break a leg -> real,47,67,0.217,0.256,0.24,60,90,76,0.0,0.187,16.0,monologue,0.2,16,14.14,62.01,0.053,"<long> 22%, break a leg 7%","<long> 26%, overcrowding 3%",0.531,0.715,0.453,0.453
r8_1937_streaming_service,"Name a streaming service. Reply with only the name, nothing else.",0.5222,netflix -> bench,0.5222,netflix -> bench,0.5285,netflix -> bench,58,86,0.033,0.044,0.04,60,90,8,0.0,0.04,6.1,netflix,0.85,3,1.68,1.45,0.931,"netflix 87%, <long> 3%","netflix 91%, <long> 4%",0.5187,0.073,0.242,0.242
r8s_0423_first_aid_item,"Suggest a type of first aid item. Reply with only the name, nothing else.",0.5222,adhesive bandage -> real,0.5222,adhesive bandage -> real,0.5247,adhesive bandage -> real,53,77,0.117,0.144,0.133,60,90,50,0.0,0.113,12.4,bandages,0.3,11,8.4,19.86,0.269,"bandage 25%, antiseptic wipes 13%","bandage 22%, <long> 14%",0.5419,0.347,0.327,0.327
r8_0356_norse_god,"Name a norse god. Reply with only the name, nothing else.",0.5222,odin -> bench,0.5222,odin -> bench,0.5313,thor -> real,53,81,0.117,0.1,0.107,60,90,10,0.0,0.087,9.2,thor,0.6,2,1.96,2.51,0.679,"thor 63%, odin 20%","thor 59%, odin 24%",0.528,0.26,0.013,0.013
r8_1592_route,"Name a route. Reply with only the name, nothing else.",0.5222,<long> -> bench,0.5167,get /v1/health -> bench,0.5254,get /v1/health -> bench,42,59,0.3,0.344,0.327,60,90,92,0.0,0.227,21.5,pacific crest trail,0.15,18,16.96,81.78,0.079,"<long> 30%, route 66 5%","<long> 34%, route 66 6%",0.5397,0.301,0.397,0.449
r8s_1955_spice_bark,"Suggest a type of spice bark. Reply with only the name, nothing else.",0.5222,cassia bark -> real,0.5222,cassia bark -> real,0.5258,cassia bark -> real,50,73,0.167,0.189,0.18,60,90,22,0.0,0.127,13.2,cinnamon bark,0.75,4,2.23,3.8,0.715,"cinnamon bark 60%, <long> 17%","cinnamon bark 58%, <long> 19%",0.5287,0.247,0.157,0.157
r8s_0796_purse,"Suggest a type of purse. Reply with only the name, nothing else.",0.5222,top-handle purse -> bench,0.5222,top-handle purse -> bench,0.5278,top-handle purse -> bench,50,72,0.167,0.2,0.187,60,90,55,0.0,0.153,14.0,tote bag,0.25,12,10.14,27.14,0.221,"crossbody purse 18%, <long> 17%","<long> 20%, crossbody purse 18%",0.5423,0.534,0.683,0.683
r8s_0578_bedding_item,"Suggest a type of bedding item. Reply with only the name, nothing else.",0.5222,pillows -> bench,0.5222,pillows -> bench,0.528,pillows -> bench,47,71,0.217,0.211,0.213,60,90,51,0.0,0.173,14.6,pillow,0.2,13,11.19,30.9,0.119,"<long> 22%, duvet cover 10%","<long> 21%, duvet cover 9%",0.5534,0.368,0.325,0.325
r8_1913_dystopia,"Name a dystopia. Reply with only the name, nothing else.",0.5222,1984 -> real,0.5222,1984 -> real,0.5196,handmaids tale -> real,48,68,0.2,0.233,0.22,60,90,17,0.007,0.22,17.1,brave new world,0.3,9,6.63,5.09,0.397,"1984 33%, brave new world 25%","1984 29%, brave new world 26%",0.5417,0.402,0.543,0.543
r8_1114_fictional_sword,"Name a fictional sword. Reply with only the name, nothing else.",0.5222,excalibur -> bench,0.5222,excalibur -> bench,0.5281,excalibur -> bench,55,81,0.083,0.1,0.093,60,90,77,0.0,0.073,10.5,excalibur,0.9,2,1.38,25.72,0.397,"excalibur 33%, <long> 8%","excalibur 38%, <long> 10%",0.5288,0.312,0.082,0.082
r8_1484_tanuki,"Name a tanuki. Reply with only the name, nothing else.",0.5222,<long> -> bench,0.5167,rokuro -> real,0.5192,rokuro -> real,52,74,0.133,0.178,0.16,60,90,103,0.0,0.147,13.4,tanuki,0.1,18,17.41,78.08,0.135,"<long> 13%, tanuki 12%","<long> 18%, tanuki 11%",0.5277,0.752,0.243,0.243
r8s_1301_game_fish,"Suggest a type of game fish. Reply with only the name, nothing else.",0.5222,rainbow trout -> bench,0.5222,rainbow trout -> bench,0.5237,rainbow trout -> bench,54,83,0.1,0.078,0.087,60,90,28,0.0,0.08,9.8,salmon,0.5,8,5.14,5.89,0.599,"salmon 53%, <long> 10%","salmon 56%, trout 10%",0.5363,0.453,0.118,0.118
r8_0967_hygiene_product,"Name a hygiene product. Reply with only the name, nothing else.",0.5222,<long> -> real,0.5222,hand sanitizer -> real,0.5385,hand sanitizer -> real,50,79,0.167,0.122,0.14,60,90,34,0.0,0.1,11.2,hand sanitizer,0.4,9,6.16,9.73,0.473,"hand sanitizer 43%, <long> 17%","hand sanitizer 39%, <long> 12%",0.5376,0.427,0.542,0.542
r8s_1888_dancer,"Suggest a type of dancer. Reply with only the name, nothing else.",0.5222,ballroom dancer -> real,0.5222,ballroom dancer -> real,0.5213,ballet dancer -> bench,58,85,0.033,0.056,0.047,60,90,23,0.0,0.033,8.7,ballet dancer,0.3,11,8.63,8.73,0.336,"ballet dancer 30%, ballroom dancer 27%","ballet dancer 33%, ballroom dancer 22%",0.5388,0.457,0.46,0.46
r8_0429_ecosystem,"Name an ecosystem. Reply with only the name, nothing else.",0.5222,kubernetes -> bench,0.5222,kubernetes -> bench,0.527,kubernetes -> bench,49,74,0.183,0.167,0.173,60,90,73,0.007,0.113,12.6,amazon rainforest,0.45,12,7.44,33.94,0.293,"amazon rainforest 25%, <long> 18%","amazon rainforest 23%, <long> 17%",0.5862,0.488,0.546,0.462
r8_1149_echino,"Name an echino. Reply with only the name, nothing else.",0.5222,echino -> bench,0.5222,echino -> bench,0.5353,echino -> bench,40,58,0.333,0.356,0.347,60,90,90,0.0,0.24,20.0,echinococcus,0.15,17,15.83,78.97,0.092,"<long> 33%, echino 3%","<long> 36%, echino 8%",0.5397,0.601,0.321,0.321
r8_0354_outdoor_activity,"Name an outdoor activity. Reply with only the name, nothing else.",0.5222,<long> -> bench,0.5083,bicycling -> real,0.5156,hiking -> bench,58,83,0.033,0.078,0.06,60,90,11,0.0,0.047,6.8,hiking,0.95,2,1.22,1.6,0.915,"hiking 87%, <long> 3%","hiking 86%, <long> 8%",0.5224,0.117,0.995,0.995
r8s_1447_family_relationship,"Suggest a type of family relationship. Reply with only the name, nothing else.",0.5222,uncle -> bench,0.5222,uncle -> bench,0.5274,uncle -> bench,51,73,0.15,0.189,0.173,60,90,60,0.0,0.16,13.6,aunt,0.15,17,15.83,22.97,0.371,"aunt 30%, <long> 15%","aunt 31%, <long> 19%",0.5416,0.372,0.256,0.256
r8_1386_historical_figure,"Name a historical figure. Reply with only the name, nothing else.",0.5222,nelson mandela -> real,0.5222,nelson mandela -> real,0.5232,nelson mandela -> real,57,84,0.05,0.067,0.06,60,90,51,0.0,0.053,8.8,abraham lincoln,0.2,15,13.2,19.28,0.348,"abraham lincoln 33%, marie curie 7%","abraham lincoln 32%, <long> 7%",0.5786,0.53,1.131,1.131
r8_0204_map,"Name a map. Reply with only the name, nothing else.",0.5222,none -> bench,0.5222,none -> bench,0.537,none -> bench,34,54,0.4,0.389,0.393,60,90,78,0.02,0.26,21.0,mercator projection,0.05,20,20.0,66.27,0.091,"<long> 40%, google maps 5%","<long> 39%, google maps 6%",0.5396,0.66,0.456,0.478
r8_1369_fruit_climbing_plant,"Name a fruit climbing plant. Reply with only the name, nothing else.",0.5222,passion fruit -> bench,0.5222,passion fruit -> bench,0.5342,passion fruit -> bench,45,65,0.25,0.278,0.267,60,90,54,0.0,0.18,16.3,passion fruit,0.35,10,6.77,26.45,0.218,"<long> 25%, passion fruit 13%","<long> 28%, passion fruit 18%",0.5459,0.56,0.955,0.955
r8_1124_chromosome,"Name a chromosome. Reply with only the name, nothing else.",0.5222,<long> -> bench,0.5083,14q11.2-q13.11.2-q13.11.1 -> real,0.6,15q11-q13-q14 chromosomes -> bench,6,5,0.9,0.944,0.927,60,90,12,0.0,0.927,45.5,y chromosome,0.05,20,20.0,11.0,0.091,"<long> 90%, 1q13-q14.2-q14.3-q15.1.1-q15.4 2%","<long> 94%, 15q11-q13-q14 chromosomes 1%",0.5602,0.213,0.527,0.527
r8s_0453_root_crop,"Suggest a type of root crop. Reply with only the name, nothing else.",0.5222,<long> -> bench,0.5222,sweet potato -> real,0.517,sweet potatoes -> real,56,80,0.067,0.111,0.093,60,90,23,0.0,0.087,9.6,sweet potato,0.5,7,4.47,5.72,0.485,"sweet potato 47%, cassava 23%","sweet potato 42%, cassava 23%",0.5412,0.207,0.245,0.245
r8_0142_construction_material,"Name a construction material. Reply with only the name, nothing else.",0.5222,brick -> bench,0.5222,brick -> bench,0.5233,brick -> bench,58,86,0.033,0.044,0.04,60,90,18,0.0,0.033,7.4,concrete,0.75,4,2.28,4.2,0.604,"concrete 60%, steel 13%","concrete 57%, steel 14%",0.5384,0.448,0.563,0.563
r8_1211_fish_scale,"Name a fish scale. Reply with only the name, nothing else.",0.5222,fish scale -> bench,0.5222,fish scale -> bench,0.5345,fish scale -> bench,39,58,0.35,0.356,0.353,60,90,72,0.0,0.287,21.1,trylon,0.05,20,20.0,58.28,0.072,"<long> 35%, cycloid scale 5%","<long> 36%, ganoid scale 6%",0.5405,0.586,0.41,0.41
r8_1621_board_game_piece,"Name a board game piece. Reply with only the name, nothing else.",0.5222,pawn -> real,0.5222,pawn -> real,0.5237,pawn -> real,51,76,0.15,0.156,0.153,60,90,26,0.0,0.133,11.5,pawn,0.65,8,3.78,3.68,0.756,"pawn 67%, <long> 15%","pawn 62%, <long> 16%",0.5344,0.331,0.604,0.604
r8_0148_milk,"Name a milk. Reply with only the name, nothing else.",0.5222,<long> -> real,0.5222,cows milk -> bench,0.5299,cows milk -> bench,42,67,0.3,0.256,0.273,60,90,51,0.0,0.233,17.7,soy milk,0.25,13,10.86,30.62,0.174,"<long> 30%, milk 13%","<long> 26%, milk 12%",0.5397,0.561,0.567,0.567
r8s_1246_bridge,"Suggest a type of bridge. Reply with only the name, nothing else.",0.5222,suspension bridge -> bench,0.5222,suspension bridge -> bench,0.5226,suspension bridge -> bench,51,78,0.15,0.133,0.14,60,90,21,0.0,0.093,11.1,beam bridge,0.35,7,4.78,5.98,0.388,"beam bridge 33%, suspension bridge 27%","beam bridge 33%, suspension bridge 31%",0.5486,0.336,0.204,0.2
r8s_1552_custard_dessert,"Suggest a type of custard dessert. Reply with only the name, nothing else.",0.5222,<long> -> real,0.5194,chocolate custard -> real,0.533,chocolate custard -> real,38,61,0.367,0.322,0.34,60,90,79,0.0,0.12,14.7,vanilla custard cake,0.05,20,20.0,63.78,0.091,"<long> 37%, chocolate custard 8%","<long> 32%, chocolate custard dessert 4%",0.5431,0.565,0.721,0.721
r8s_1058_ninja,"Suggest a type of ninja. Reply with only the name, nothing else.",0.5222,<long> -> bench,0.5167,shadow ninja -> real,0.5149,silent ninja -> bench,54,77,0.1,0.144,0.127,60,90,82,0.0,0.093,10.8,kunoichi,0.1,18,17.41,43.72,0.206,"shadow ninja 20%, <long> 10%","shadow ninja 17%, <long> 14%",0.5497,0.61,0.437,0.387
r8_1396_shifter,"Name a shifter. Reply with only the name, nothing else.",0.5222,<long> -> bench,0.5111,any shifter -> bench,0.5164,any shifter -> bench,44,61,0.267,0.311,0.293,60,90,105,0.007,0.24,18.8,werewolf,0.1,19,18.66,102.26,0.019,"<long> 27%, ronan wattsmaynhew 2%","<long> 31%, any shifter 2%",0.5236,0.839,0.437,0.415
r8_1757_accordion,"Name an accordion. Reply with only the name, nothing else.",0.5222,<long> -> bench,0.5167,accordion menu -> real,0.5263,accordion menu -> real,38,53,0.367,0.411,0.393,60,90,81,0.0,0.273,21.1,accordion,0.15,17,15.97,72.6,0.077,"<long> 37%, accordion 5%","<long> 41%, accordion 4%",0.5419,0.58,0.56,0.635
r8s_1054_dinosaur,"Suggest a type of dinosaur. Reply with only the name, nothing else.",0.5222,tyrannosaurus rex -> bench,0.5222,tyrannosaurus rex -> bench,0.5237,tyrannosaurus rex -> bench,59,86,0.017,0.044,0.033,60,90,18,0.0,0.027,7.7,stegosaurus,0.2,12,10.44,5.61,0.49,"triceratops 47%, stegosaurus 23%","triceratops 48%, stegosaurus 20%",0.5358,0.481,0.114,0.114
r8_1416_mailing_item,"Name a mailing item. Reply with only the name, nothing else.",0.5194,<long> -> bench,0.5194,letter -> real,0.5306,letter -> real,35,49,0.417,0.456,0.44,60,90,57,0.0,0.327,23.5,postcard,0.6,9,4.5,34.01,0.214,"<long> 42%, postcard 13%","<long> 46%, postcard 11%",0.5309,0.628,0.292,0.306
r8s_0942_waterway,"Suggest a type of waterway. Reply with only the name, nothing else.",0.5194,lake -> real,0.5194,lake -> real,0.5259,river -> bench,53,78,0.117,0.133,0.127,60,90,47,0.0,0.113,10.5,canal,0.45,5,3.24,13.75,0.389,"river 32%, <long> 12%","river 36%, canal 16%",0.5405,0.293,0.177,0.177
r8_1424_shade_of_red,"Name a shade of red. Reply with only the name, nothing else.",0.5194,maroon -> bench,0.5194,maroon -> bench,0.5207,maroon -> bench,57,85,0.05,0.056,0.053,60,90,25,0.0,0.04,7.3,crimson,0.6,8,4.2,4.22,0.683,"crimson 63%, scarlet 7%","crimson 66%, maroon 9%",0.5359,0.355,0.19,0.19
r8_1207_bearing,"Name a type of bearing. Reply with only the name, nothing else.",0.5194,<long> -> bench,0.5111,deep groove ball bearing -> real,0.5122,rolling bearing -> bench,57,82,0.05,0.089,0.073,60,90,23,0.0,0.06,9.0,ball bearing,0.75,6,2.62,3.64,0.741,"ball bearing 70%, angular contact bearing 5%","ball bearing 68%, <long> 9%",0.5297,0.249,0.0,0.0
r8_1404_capacitor_type,"Name a capacitor type. Reply with only the name, nothing else.",0.5194,aluminum electrolytic capacitor -> real,0.5194,aluminum electrolytic capacitor -> real,0.5214,aluminum electrolytic capacitor -> real,53,79,0.117,0.122,0.12,60,90,40,0.0,0.113,12.5,ceramic capacitor,0.6,5,3.18,11.15,0.311,"ceramic capacitor 28%, aluminum electrolytic capacitor 22%","ceramic capacitor 27%, aluminum electrolytic capacitor 18%",0.5494,0.268,0.165,0.165
r8_0745_temple,"Name a temple. Reply with only the name, nothing else.",0.5194,hagia sophia -> real,0.5194,hagia sophia -> real,0.5309,hagia sophia -> real,37,52,0.383,0.411,0.4,60,90,62,0.007,0.267,20.8,angkor wat,0.25,15,12.48,40.29,0.135,"<long> 38%, angkor wat 8%","<long> 41%, parthenon 8%",0.538,0.579,0.161,0.161
r8_0331_vine,"Name a vine. Reply with only the name, nothing else.",0.5194,muscadine -> real,0.5194,muscadine -> real,0.5299,merlot -> bench,42,61,0.3,0.311,0.307,60,90,77,0.007,0.227,18.2,grape vine,0.3,12,8.85,57.04,0.107,"<long> 30%, muscadine 5%","<long> 31%, merlot 9%",0.5393,0.585,0.476,0.488
r8_0581_island,"Name an island. Reply with only the name, nothing else.",0.5194,<long> -> bench,0.5167,isle of man -> real,0.5213,isle of man -> real,47,67,0.217,0.256,0.24,60,90,90,0.0,0.18,15.8,hawaii,0.15,16,14.77,79.04,0.044,"<long> 22%, bali 3%","<long> 26%, madagascar 3%",0.5344,0.718,0.57,0.57
r8_0300_travel_document,"Name a type of travel document. Reply with only the name, nothing else.",0.5194,passport -> bench,0.5194,passport -> bench,0.5129,passport -> bench,55,84,0.083,0.067,0.073,60,90,10,0.0,0.073,8.4,passport,0.85,4,1.8,1.62,0.906,"passport 82%, <long> 8%","passport 86%, <long> 7%",0.5156,0.077,0.226,0.226
r8_0171_scientific_instrument,"Name a type of scientific instrument. Reply with only the name, nothing else.",0.5194,microscope -> real,0.5194,microscope -> real,0.5242,spectrometer -> bench,57,82,0.05,0.089,0.073,60,90,30,0.0,0.06,8.7,spectrometer,0.55,7,4.23,5.71,0.59,"spectrometer 53%, spectrophotometer 15%","spectrometer 56%, spectrophotometer 14%",0.5332,0.301,0.276,0.276
r8_1821_finfish,"Name a finfish. Reply with only the name, nothing else.",0.5194,salmon -> real,0.5194,salmon -> real,0.5107,salmon -> real,56,82,0.067,0.089,0.08,60,90,9,0.0,0.067,8.1,salmon,0.5,6,3.69,1.81,0.862,"salmon 82%, tuna 8%","salmon 78%, <long> 9%",0.5306,0.163,0.406,0.406
r8s_1946_hive_product,"Suggest a type of hive product. Reply with only the name, nothing else.",0.5194,honeycomb -> real,0.5194,honeycomb -> real,0.5255,honeycomb -> real,47,71,0.217,0.211,0.213,60,90,79,0.0,0.14,13.9,honeycomb,0.2,15,13.2,44.23,0.203,"<long> 22%, honeycomb 18%","<long> 21%, honeycomb 14%",0.5858,0.267,0.519,0.519
r8s_0873_wind_type,"Suggest a wind type. Reply with only the name, nothing else.",0.5194,<long> -> bench,0.5194,onshore wind -> real,0.5224,onshore wind turbines -> bench,47,67,0.217,0.256,0.24,60,90,78,0.0,0.2,15.9,breeze,0.25,14,11.64,52.4,0.167,"<long> 22%, onshore wind 15%","<long> 26%, onshore wind 11%",0.5357,0.53,0.2,0.19
r8s_1486_meringue,"Suggest a type of meringue. Reply with only the name, nothing else.",0.5194,chocolate meringue -> real,0.5194,chocolate meringue -> real,0.5258,chocolate meringue -> real,46,70,0.233,0.222,0.227,60,90,26,0.0,0.167,14.5,swiss meringue,0.35,11,8.01,7.87,0.483,"swiss meringue 35%, <long> 23%","swiss meringue 39%, <long> 22%",0.5405,0.459,0.798,0.798
r8s_0640_work_by_charles_dicken,"Suggest a type of work by charles dicken. Reply with only the name, nothing else.",0.5194,great expectations -> real,0.5194,great expectations -> real,0.5302,great expectations -> real,40,62,0.333,0.311,0.32,60,90,26,0.0,0.233,17.5,oliver twist,0.55,8,4.66,9.13,0.441,"<long> 33%, oliver twist 30%","<long> 31%, oliver twist 30%",0.5447,0.37,0.349,0.349
r8s_0878_equestrian_discipline,"Suggest a type of equestrian discipline. Reply with only the name, nothing else.",0.5194,show jumping -> real,0.5194,show jumping -> real,0.5222,show jumping -> real,56,86,0.067,0.044,0.053,60,90,23,0.0,0.047,8.1,dressage,0.55,8,4.66,5.77,0.542,"dressage 50%, show jumping 15%","dressage 52%, eventing 11%",0.5377,0.456,1.091,1.091
r8_1106_oread,"Name an oread. Reply with only the name, nothing else.",0.5194,odyssey -> real,0.5194,odyssey -> real,0.5283,odyssey -> real,41,60,0.317,0.333,0.327,60,90,96,0.0,0.233,20.3,daphne,0.05,20,20.0,91.75,0.04,"<long> 32%, odyssey 5%","<long> 33%, tox.ini 2%",0.5455,0.696,0.573,0.712
r8s_1272_element_of_nature,"Suggest a type of element of nature. Reply with only the name, nothing else.",0.5194,mountains -> real,0.5194,mountains -> real,0.5225,mountains -> real,52,79,0.133,0.122,0.127,60,90,65,0.0,0.1,10.1,mountain,0.35,9,6.79,34.63,0.206,"mountain 20%, <long> 13%","mountain 17%, <long> 12%",0.5336,0.675,0.354,0.383
r8_1288_asteroid,"Name an asteroid. Reply with only the name, nothing else.",0.5194,ceres -> bench,0.5194,ceres -> bench,0.5301,ceres -> bench,36,55,0.4,0.389,0.393,60,90,72,0.0,0.293,23.2,ceres,0.75,5,2.45,45.07,0.231,"<long> 40%, ceres 12%","<long> 39%, ceres 16%",0.555,0.545,0.426,0.426
r8_0101_leafy_green,"Name a leafy green. Reply with only the name, nothing else.",0.5194,spinach -> bench,0.5194,spinach -> bench,0.5182,kale -> bench,53,81,0.117,0.1,0.107,60,90,22,0.0,0.087,9.2,spinach,0.7,5,2.74,4.1,0.679,"spinach 58%, <long> 12%","spinach 62%, <long> 10%",0.546,0.17,0.632,0.632
r8_1342_pulsar,"Name a pulsar. Reply with only the name, nothing else.",0.5194,pulsar -> real,0.5194,pulsar -> real,0.5285,pulsar -> real,41,62,0.3,0.311,0.307,60,90,70,0.007,0.253,21.7,psr b1257+12,0.2,13,10.9,43.29,0.194,"<long> 30%, psr b1257+12 15%","<long> 31%, psr b1257+12 12%",0.5423,0.423,0.134,0.134
r8s_1116_food_type,"Suggest a food type. Reply with only the name, nothing else.",0.5194,avocados -> real,0.5194,avocados -> real,0.5304,avocados -> real,39,62,0.35,0.311,0.327,60,90,59,0.0,0.227,16.7,avocado toast with scrambled eggs,0.15,17,15.83,39.82,0.129,"<long> 35%, broccoli 8%","<long> 31%, broccoli 9%",0.5493,0.579,0.477,0.477
r8_0944_electric_animal,"Name an electric animal. Reply with only the name, nothing else.",0.5194,<long> -> real,0.5167,electric animal -> bench,0.5379,electric eel -> real,45,71,0.25,0.211,0.227,60,90,25,0.0,0.173,14.4,electric eel,0.8,5,2.18,3.39,0.776,"electric eel 62%, <long> 25%","electric eel 59%, <long> 21%",0.5277,0.268,0.22,0.058
r8_1653_mop,"Name a mop. Reply with only the name, nothing else.",0.5194,<long> -> bench,0.5167,magic mop -> real,0.5246,microfiber mop -> bench,43,61,0.283,0.322,0.307,60,90,74,0.0,0.173,17.2,o-cedar,0.1,18,17.41,48.66,0.192,"<long> 28%, o-cedar 13%","<long> 32%, o-cedar 13%",0.538,0.499,0.354,0.354
r8_1944_swimsuit,"Name a swimsuit. Reply with only the name, nothing else.",0.5194,<long> -> bench,0.5167,one piece swimsuit -> real,0.527,one piece swimsuit -> real,37,52,0.383,0.422,0.407,60,90,65,0.0,0.273,21.1,bikini,0.1,19,18.66,49.07,0.101,"<long> 38%, speedo 5%","<long> 42%, speedo 7%",0.5409,0.574,0.396,0.396
r8s_0638_glass_item,"Suggest a type of glass item. Reply with only the name, nothing else.",0.5194,whiskey glass -> real,0.5194,whiskey glass -> real,0.5208,whiskey glass -> real,56,83,0.067,0.078,0.073,60,90,39,0.0,0.053,8.7,wine glass,0.4,10,7.07,9.21,0.547,"wine glass 52%, <long> 7%","wine glass 50%, <long> 8%",0.5359,0.476,0.071,0.071
r8_0210_cookware,"Name a type of cookware. Reply with only the name, nothing else.",0.5194,cast iron cookware -> real,0.5194,cast iron cookware -> real,0.5266,cast iron skillet -> bench,55,78,0.083,0.122,0.107,60,90,43,0.007,0.1,11.3,cast iron skillet,0.45,8,5.64,17.2,0.286,"cast iron skillet 23%, frying pan 12%","cast iron skillet 27%, <long> 12%",0.5479,0.4,0.645,0.645
r8_0544_sound_effect,"Name a sound effect. Reply with only the name, nothing else.",0.5194,buzzing -> real,0.5194,buzzing -> real,0.528,buzzing -> real,42,65,0.283,0.278,0.28,60,90,90,0.007,0.193,17.2,footsteps,0.1,18,17.41,78.04,0.047,"<long> 28%, buzzing 5%","<long> 28%, pop 4%",0.5371,0.607,0.456,0.456
r8_0116_greek_god,"Name a greek god. Reply with only the name, nothing else.",0.5194,zeus -> real,0.5194,zeus -> real,0.5201,zeus -> real,58,87,0.033,0.033,0.033,60,90,10,0.0,0.027,6.3,zeus,0.85,4,1.8,1.7,0.89,"zeus 88%, poseidon 7%","zeus 84%, poseidon 4%",0.5321,0.167,0.562,0.562
r8s_0185_cracker,"Suggest a type of cracker. Reply with only the name, nothing else.",0.5194,saltine crackers -> real,0.5194,saltine crackers -> real,0.5258,saltine crackers -> real,46,70,0.233,0.222,0.227,60,90,74,0.0,0.173,15.0,saltine crackers,0.25,12,9.87,55.17,0.095,"<long> 23%, saltine cracker 8%","<long> 22%, saltine cracker 7%",0.5368,0.597,0.366,0.331
r8s_1579_dna_base,"Suggest a type of dna base. Reply with only the name, nothing else.",0.5194,adenine -> bench,0.5194,adenine -> bench,0.5225,adenine -> bench,57,85,0.05,0.056,0.053,60,90,22,0.0,0.047,8.1,adenine,0.6,6,3.56,3.9,0.676,"adenine 62%, guanine 13%","adenine 66%, guanine 12%",0.546,0.158,0.609,0.609
r8_0807_ukulele,"Name an ukulele. Reply with only the name, nothing else.",0.5194,<long> -> real,0.5194,soprano -> bench,0.5273,soprano -> bench,37,59,0.383,0.344,0.36,60,90,48,0.0,0.293,21.4,soprano ukulele,0.3,14,10.9,20.6,0.323,"<long> 38%, soprano ukulele 18%","<long> 34%, soprano ukulele 22%",0.5433,0.574,0.566,0.566
r8_1438_appetizer,"Name an appetizer. Reply with only the name, nothing else.",0.5194,bruscansi -> real,0.5194,bruscansi -> real,0.5404,bruscansi -> real,29,44,0.517,0.511,0.513,60,90,44,0.0,0.247,20.3,shrimp cocktail,0.15,18,16.96,24.91,0.219,"<long> 52%, bruscan 10%","<long> 51%, bruscan 11%",0.5325,0.434,0.197,0.197
r8_1853_photography_term,"Name a photography term. Reply with only the name, nothing else.",0.5194,<long> -> real,0.5194,shutter speed -> bench,0.5206,shutter speed -> bench,51,80,0.15,0.111,0.127,60,90,34,0.0,0.113,11.6,aperture,0.6,8,4.2,6.41,0.618,"aperture 53%, <long> 15%","aperture 54%, <long> 11%",0.5331,0.381,0.251,0.251
r8_1349_cookie_brand,"Name a cookie brand. Reply with only the name, nothing else.",0.5194,<long> -> bench,0.5083,activity -> real,0.5208,oreo -> bench,51,73,0.15,0.189,0.173,60,90,32,0.0,0.14,12.8,oreo,0.8,4,2.03,4.09,0.75,"oreo 62%, <long> 15%","oreo 62%, <long> 19%",0.5343,0.277,0.639,0.639
r8_0114_ballet,"Name a ballet. Reply with only the name, nothing else.",0.5194,swan lake -> real,0.5194,swan lake -> real,0.5242,giselle -> bench,54,78,0.1,0.133,0.12,60,90,13,0.0,0.093,10.6,swan lake,0.8,4,2.03,2.73,0.75,"swan lake 68%, <long> 10%","swan lake 64%, <long> 13%",0.5344,0.313,0.509,0.509
r8_0554_angel,"Name an angel. Reply with only the name, nothing else.",0.5194,uriel -> bench,0.5194,uriel -> bench,0.5257,uriel -> bench,43,67,0.283,0.256,0.267,60,90,51,0.0,0.227,16.1,gabriel,0.55,5,3.44,22.84,0.209,"<long> 28%, gabriel 13%","<long> 26%, gabriel 17%",0.5471,0.446,0.416,0.416
r8_0604_texture,"Name a type of texture. Reply with only the name, nothing else.",0.5194,<long> -> bench,0.5167,embossed -> real,0.5204,embossed -> real,49,70,0.183,0.222,0.207,60,90,78,0.0,0.207,15.3,smooth,0.4,10,6.6,60.72,0.067,"<long> 18%, smooth 7%","<long> 22%, rough 6%",0.5351,0.583,0.378,0.406
r8_0048_citrus_fruit,"Name a citrus fruit. Reply with only the name, nothing else.",0.5194,grapefruit -> bench,0.5194,grapefruit -> bench,0.5216,grapefruit -> bench,54,81,0.1,0.1,0.1,60,90,13,0.0,0.087,9.2,orange,0.5,5,3.59,3.86,0.607,"orange 55%, lemon 12%","orange 54%, lemon 13%",0.5287,0.394,0.203,0.203
r8s_0306_airplane_part,"Suggest a type of airplane part. Reply with only the name, nothing else.",0.5194,spoiler -> bench,0.5194,spoiler -> bench,0.5207,spoiler -> bench,55,84,0.083,0.067,0.073,60,90,71,0.0,0.06,9.3,wing flap,0.3,10,7.51,41.77,0.129,"landing gear 12%, wing flap 10%","wing flap 13%, landing gear 10%",0.5425,0.516,0.715,0.715
r8s_0263_musical_term,"Suggest a type of musical term. Reply with only the name, nothing else.",0.5194,<long> -> bench,0.5167,allegretto -> real,0.5205,melisma -> bench,51,73,0.15,0.189,0.173,60,90,76,0.0,0.153,13.7,dynamics,0.1,16,15.16,48.49,0.177,"<long> 15%, tempo 13%","<long> 19%, tempo 16%",0.537,0.657,0.527,0.527
r8s_0129_pickle,"Suggest a type of pickle. Reply with only the name, nothing else.",0.5194,gherkin -> real,0.5194,gherkin -> real,0.5227,gherkin -> real,51,75,0.15,0.167,0.16,60,90,51,0.0,0.1,12.7,dill pickle spears,0.2,10,8.26,21.91,0.278,"dill pickle 23%, <long> 15%","dill pickle 23%, <long> 17%",0.5326,0.481,0.559,0.559
r8_0384_onion,"Name an onion. Reply with only the name, nothing else.",0.5194,yellow onion -> bench,0.5194,yellow onion -> bench,0.5306,yellow onion -> bench,40,58,0.333,0.333,0.333,60,90,69,0.013,0.26,18.5,red onion,0.15,18,16.96,45.37,0.153,"<long> 33%, onion 8%","<long> 33%, onion 11%",0.5445,0.47,0.432,0.432
r8s_0467_bathroom_item,"Suggest a type of bathroom item. Reply with only the name, nothing else.",0.5194,towel rack -> bench,0.5194,towel rack -> bench,0.5221,towel rack -> bench,56,83,0.067,0.078,0.073,60,90,50,0.0,0.067,10.2,toothbrush holder,0.15,14,12.52,25.23,0.187,"towel rack 15%, toothbrush holder 13%","towel rack 19%, toothbrush holder 12%",0.5506,0.213,0.439,0.439
r8s_1275_woodland_plant,"Suggest a type of woodland plant. Reply with only the name, nothing else.",0.5194,oakleaf hydrangea -> real,0.5194,oakleaf hydrangea -> real,0.5241,oakleaf hydrangea -> real,48,70,0.2,0.222,0.213,60,90,93,0.0,0.153,14.8,bluebell,0.1,18,17.41,79.01,0.059,"<long> 20%, trillium 5%","<long> 22%, bluebell 6%",0.5367,0.745,0.536,0.536
r8_1684_fictional_country,"Name a fictional country. Reply with only the name, nothing else.",0.5167,andorra -> bench,0.5167,andorra -> bench,0.5221,andorra -> bench,47,68,0.217,0.244,0.233,60,90,95,0.0,0.2,16.5,eralia,0.2,13,10.9,83.47,0.061,"<long> 22%, land of eralia 3%","<long> 24%, eralia 6%",0.554,0.624,0.629,0.615
r8_1812_limnodyte,"Name a limnodyte. Reply with only the name, nothing else.",0.5167,limnodynastes -> real,0.5167,limnodynastes -> real,0.5227,limnodynastes -> real,44,65,0.267,0.278,0.273,60,90,80,0.0,0.233,19.3,limnodytes,0.35,13,9.44,47.17,0.229,"<long> 27%, limnodytes 15%","<long> 28%, limnodytes 18%",0.5306,0.416,0.223,0.223
r8_1830_tail_grind,"Name a tail grind. Reply with only the name, nothing else.",0.5167,nosegrind -> bench,0.5167,nosegrind -> bench,0.5263,nosegrind -> bench,40,57,0.333,0.367,0.353,60,90,90,0.0,0.3,21.3,switch tail grind,0.15,16,14.77,85.59,0.031,"<long> 33%, crow tac 2%","<long> 37%, nosegrind 3%",0.535,0.687,0.414,0.414
r8_1598_weave,"Name a weave. Reply with only the name, nothing else.",0.5167,twill weave -> bench,0.5167,twill weave -> bench,0.5246,twill weave -> bench,41,61,0.317,0.322,0.32,60,90,83,0.0,0.247,19.0,basket weave,0.1,19,18.66,65.07,0.118,"<long> 32%, satin weave 7%","<long> 32%, satin weave 9%",0.5349,0.645,0.398,0.332
r8_0689_fairy,"Name a fairy. Reply with only the name, nothing else.",0.5167,<long> -> bench,0.5167,aurora -> real,0.5217,aurora -> real,46,66,0.233,0.267,0.253,60,90,60,0.0,0.22,16.9,tinker bell,0.3,13,9.91,36.97,0.152,"<long> 23%, tinker bell 10%","<long> 27%, tinker bell 12%",0.5393,0.466,0.285,0.285
r8s_1958_kitsune,"Suggest a type of kitsune. Reply with only the name, nothing else.",0.5167,standard -> bench,0.5167,standard -> bench,0.5233,standard kitsune -> real,43,65,0.283,0.278,0.28,60,90,98,0.0,0.213,19.1,island fox kitsune,0.1,19,18.66,91.98,0.028,"<long> 28%, standard kitsune 3%","<long> 28%, standard 3%",0.5354,0.729,0.534,0.51
r8s_1962_structural_element,"Suggest a type of structural element. Reply with only the name, nothing else.",0.5167,column -> real,0.5167,column -> real,0.5197,div -> bench,51,76,0.15,0.156,0.153,60,90,49,0.0,0.12,11.0,beam,0.55,5,3.44,15.41,0.339,"beam 28%, column 20%","beam 29%, column 17%",0.5404,0.433,0.15,0.183
r8_0228_shoe_brand,"Name a shoe brand. Reply with only the name, nothing else.",0.5167,converse -> real,0.5167,converse -> real,0.5174,converse -> real,56,82,0.067,0.089,0.08,60,90,16,0.0,0.06,8.8,nike,0.7,6,2.94,3.22,0.696,"nike 63%, adidas 13%","nike 64%, adidas 14%",0.5324,0.302,0.32,0.32
r8_1647_envelope,"Name an envelope. Reply with only the name, nothing else.",0.5167,<long> -> bench,0.5111,regular -> bench,0.5227,regular -> bench,31,44,0.467,0.5,0.487,60,90,72,0.013,0.373,25.3,envelope,0.1,19,18.66,68.38,0.027,"<long> 47%, envelope named ones.com 2%","<long> 50%, regular 2%",0.5351,0.683,0.457,0.457
r8_0669_performance,"Name a performance. Reply with only the name, nothing else.",0.5167,<unparsed> -> bench,0.5083,apple performance center -> real,0.5227,apple performance center -> real,22,33,0.633,0.6,0.613,60,90,57,0.02,0.407,27.8,hamlet,0.25,14,11.34,55.0,0.018,"<long> 63%, hello, world! concert 2%","<long> 60%, <unparsed> 3%",0.5498,0.595,0.47,0.589
r8_1904_chainring,"Name a type of chainring. Reply with only the name, nothing else.",0.5167,oval -> real,0.5167,oval -> real,0.5217,oval -> real,46,68,0.233,0.244,0.24,60,90,93,0.0,0.207,17.8,oval chainring,0.15,16,14.77,78.98,0.07,"<long> 23%, oval chainring 7%","<long> 24%, narrow-wide chainring 4%",0.5371,0.565,0.739,0.739
r8s_1079_orchestras_instrument,"Suggest a type of orchestras instrument. Reply with only the name, nothing else.",0.5167,<long> -> real,0.5139,viola -> real,0.5165,viola -> real,52,81,0.133,0.1,0.113,60,90,28,0.0,0.087,10.1,violin,0.4,11,7.58,5.5,0.632,"violin 55%, <long> 13%","violin 57%, <long> 10%",0.54,0.35,0.804,0.804
r8_0570_school,"Name a school. Reply with only the name, nothing else.",0.5167,"university of california, berkeley -> bench",0.5167,"university of california, berkeley -> bench",0.5246,"university of california, berkeley -> bench",42,61,0.3,0.311,0.307,60,90,79,0.007,0.187,16.9,harvard university,0.2,17,15.16,52.17,0.184,"<long> 30%, harvard university 12%","<long> 31%, harvard university 13%",0.5437,0.602,0.571,0.571
r8s_0727_documentary,"Suggest a type of documentary. Reply with only the name, nothing else.",0.5167,feature film -> bench,0.5167,feature film -> bench,0.5238,feature film -> bench,43,63,0.283,0.3,0.293,60,90,73,0.0,0.173,15.2,free solo documentary,0.1,19,18.66,51.04,0.151,"<long> 28%, nature documentary 10%","<long> 30%, nature documentary 11%",0.5425,0.594,0.187,0.163
r8_0906_salamander,"Name a salamander. Reply with only the name, nothing else.",0.5167,siddhartha -> real,0.5167,siddhartha -> real,0.5217,siddhartha -> real,46,68,0.233,0.244,0.24,60,90,78,0.0,0.187,16.2,axolotl,0.35,13,9.44,45.63,0.228,"<long> 23%, axolotl 17%","<long> 24%, axolotl 18%",0.5424,0.589,0.494,0.494
r8s_0186_fruit,"Suggest a type of fruit. Reply with only the name, nothing else.",0.5167,mango -> real,0.5167,mango -> real,0.5175,mango -> real,57,85,0.05,0.056,0.053,60,90,14,0.0,0.047,6.6,apple,0.75,5,2.45,2.15,0.845,"apple 80%, orange 5%","apple 80%, orange 6%",0.5279,0.137,0.521,0.521
r8_0918_makeup_remover,"Name a makeup remover. Reply with only the name, nothing else.",0.5167,clinique makeup remover -> real,0.5167,clinique makeup remover -> real,0.5329,micellar water -> real,31,47,0.483,0.478,0.48,60,90,52,0.0,0.26,20.6,micellar cleansing water,0.1,19,18.66,34.72,0.154,"<long> 48%, micellar water 10%","<long> 48%, micellar water 7%",0.5437,0.56,0.944,0.944
r8s_1877_cathedral,"Suggest a type of cathedral. Reply with only the name, nothing else.",0.5167,gothic cathedral -> bench,0.5167,gothic cathedral -> bench,0.5283,gothic cathedral -> bench,49,71,0.183,0.211,0.2,60,90,49,0.0,0.127,12.9,gothic cathedral,0.3,15,11.68,14.95,0.442,"gothic cathedral 33%, <long> 18%","gothic cathedral 37%, <long> 21%",0.579,0.4,0.638,0.638
r8_1181_color_of_sky,"Name a color of sky. Reply with only the name, nothing else.",0.5167,blue -> bench,0.5167,blue -> bench,0.5298,blue -> bench,59,86,0.017,0.044,0.033,60,90,16,0.0,0.027,5.3,blue,0.65,6,3.29,1.94,0.883,"blue 83%, grey 3%","blue 87%, <long> 4%",0.5341,0.102,0.581,0.581
r8_0141_renewable_energy_sourc,"Name a renewable energy source. Reply with only the name, nothing else.",0.5167,solar -> bench,0.5167,solar -> bench,0.5179,solar -> bench,56,84,0.067,0.067,0.067,60,90,13,0.0,0.06,8.4,solar energy,0.9,3,1.48,2.63,0.771,"solar energy 72%, solar power 8%","solar energy 72%, solar power 7%",0.5214,0.119,0.75,0.75
r8_0822_troll,"Name a troll. Reply with only the name, nothing else.",0.5167,trollface -> bench,0.5167,trollface -> bench,0.525,yoda -> real,40,61,0.333,0.322,0.327,60,90,77,0.0,0.293,19.5,troll,0.25,15,12.48,56.71,0.149,"<long> 33%, troll 12%","<long> 32%, troll 9%",0.5369,0.603,0.378,0.378
r8_1132_imp,"Name an imp. Reply with only the name, nothing else.",0.5167,<unparsed> -> bench,0.5111,none -> bench,0.5167,none -> bench,43,60,0.283,0.3,0.293,60,90,104,0.02,0.247,19.4,asmodeus,0.1,18,17.41,101.62,0.019,"<long> 28%, john doe 2%","<long> 30%, <unparsed> 3%",0.5269,0.821,0.458,0.541
r8_1023_booker_prize_novel,"Name a booker prize novel. Reply with only the name, nothing else.",0.5167,disobedience -> real,0.5167,disobedience -> real,0.527,disobedience -> real,37,56,0.383,0.378,0.38,60,90,76,0.0,0.267,22.4,greene grass,0.05,20,20.0,68.12,0.043,"<long> 38%, milkman 3%","<long> 38%, remains of the day 3%",0.5357,0.529,0.272,0.272
r8s_0443_animal_sound,"Suggest a type of animal sound. Reply with only the name, nothing else.",0.5167,birds chirping -> real,0.5167,birds chirping -> real,0.5189,birds chirping -> real,53,78,0.117,0.133,0.127,60,90,61,0.0,0.113,11.2,barking,0.15,15,13.42,33.79,0.176,"bark 15%, <long> 12%","bark 16%, <long> 13%",0.5497,0.436,0.424,0.424
r8_1120_shaving_cream,"Name a shaving cream. Reply with only the name, nothing else.",0.5167,old spice -> real,0.5167,old spice -> real,0.5323,old spice -> real,31,48,0.483,0.467,0.473,60,90,52,0.0,0.28,22.4,gillette,0.15,14,12.2,37.82,0.114,"<long> 48%, nivea shaving cream 7%","<long> 47%, gillette 6%",0.54,0.643,0.561,0.561
r8_1675_palace,"Name a palace. Reply with only the name, nothing else.",0.5167,buckingham palace -> bench,0.5167,buckingham palace -> bench,0.5248,palace of versailles -> bench,52,76,0.133,0.156,0.147,60,90,29,0.0,0.107,12.6,buckingham palace,0.5,6,3.69,5.73,0.414,"palace of versailles 33%, buckingham palace 30%","palace of versailles 37%, buckingham palace 33%",0.5589,0.192,0.551,0.551
r8_0249_meal,"Name a meal. Reply with only the name, nothing else.",0.5167,chicken salad sandwich -> real,0.5167,chicken salad sandwich -> real,0.55,chicken salad sandwich -> real,20,28,0.667,0.689,0.68,60,90,40,0.0,0.207,19.1,avocado toast with scrambled eggs and toast bread,0.15,16,14.77,36.21,0.062,"<long> 67%, chicken salad sandwich 3%","<long> 69%, chicken salad 2%",0.549,0.549,0.477,0.477
r8_1637_easel,"Name an easel. Reply with only the name, nothing else.",0.5167,winsor & newton easel -> real,0.5167,winsor & newton easel -> real,0.5294,winsor & newton easel -> real,34,53,0.433,0.411,0.42,60,90,76,0.0,0.273,22.0,champ easel,0.05,20,20.0,68.72,0.057,"<long> 43%, winsor & newton easel 3%","<long> 41%, easel 3%",0.5356,0.631,0.624,0.624
r8s_0996_tree_part,"Suggest a type of tree part. Reply with only the name, nothing else.",0.5167,trunk -> real,0.5167,trunk -> real,0.5197,trunk -> real,49,71,0.183,0.211,0.2,60,90,56,0.0,0.173,13.7,bark,0.45,6,4.27,23.12,0.267,"bark 20%, <long> 18%","bark 22%, <long> 21%",0.5463,0.434,0.192,0.192
r8_1180_tape,"Name a tape. Reply with only the name, nothing else.",0.5167,cassette tape -> real,0.5167,cassette tape -> real,0.5244,cassette tape -> real,41,62,0.317,0.311,0.313,60,90,62,0.0,0.24,19.4,scotch tape,0.7,7,3.15,29.01,0.311,"<long> 32%, scotch tape 22%","<long> 31%, scotch tape 21%",0.5433,0.48,0.618,0.545
r8s_1606_crab,"Suggest a type of crab. Reply with only the name, nothing else.",0.5167,red crab -> bench,0.5167,red crab -> bench,0.5176,red crab -> bench,58,85,0.033,0.056,0.047,60,90,31,0.0,0.027,7.8,king crab,0.25,12,9.46,10.02,0.252,"dungeness crab 25%, king crab 18%","dungeness crab 23%, snow crab 18%",0.5482,0.239,0.397,0.397
r8s_0476_flower_part,"Suggest a type of flower part. Reply with only the name, nothing else.",0.5167,sepal -> real,0.5167,sepal -> real,0.5178,sepal -> real,53,78,0.117,0.133,0.127,60,90,25,0.0,0.113,11.3,sepal,0.3,9,7.01,7.03,0.45,"petal 40%, stamen 15%","petal 39%, <long> 13%",0.5377,0.525,0.277,0.277
r8_1586_dryad,"Name a dryad. Reply with only the name, nothing else.",0.5167,dryad -> real,0.5167,dryad -> real,0.5278,dryad -> real,36,53,0.4,0.411,0.407,60,90,84,0.0,0.307,22.2,artemis,0.05,20,20.0,81.06,0.022,"<long> 40%, hera 3%","<long> 41%, insert name of dryad 2%",0.5329,0.763,0.48,0.537
r8_1759_classic_arcade_game,"Name a classic arcade game. Reply with only the name, nothing else.",0.5167,pac-man -> real,0.5167,pac-man -> real,0.5223,pac-man -> real,58,88,0.033,0.022,0.027,60,90,11,0.0,0.027,8.1,pac-man,0.9,3,1.48,1.66,0.904,"pac-man 90%, <long> 3%","pac-man 87%, pacman 4%",0.5151,0.045,0.634,0.634
r8s_0951_stage_equipment,"Suggest a type of stage equipment. Reply with only the name, nothing else.",0.5167,drum riser -> real,0.5167,drum riser -> real,0.5213,drum riser -> real,47,68,0.217,0.244,0.233,60,90,104,0.0,0.153,14.3,footlights,0.1,19,18.66,98.61,0.026,"<long> 22%, spotlights 3%","<long> 24%, proscenium stage 2%",0.5305,0.699,0.537,0.368
r8s_1249_reef_feature,"Suggest a type of reef feature. Reply with only the name, nothing else.",0.5167,coral head -> real,0.5167,coral head -> real,0.5227,coral reef -> bench,47,69,0.217,0.233,0.227,60,90,68,0.0,0.173,14.5,patch reef,0.15,16,14.77,38.07,0.138,"<long> 22%, barrier reef 12%","<long> 23%, coral reef 10%",0.5366,0.603,0.517,0.517
r8_0288_oven,"Name an oven. Reply with only the name, nothing else.",0.5167,convection oven -> bench,0.5167,convection oven -> bench,0.5244,electrolux oven -> real,41,62,0.317,0.311,0.313,60,90,73,0.0,0.22,18.7,oven,0.15,18,16.96,42.48,0.243,"<long> 32%, oven 15%","<long> 31%, oven 18%",0.5256,0.785,0.16,0.16
r8_1978_communication,"Name a communication. Reply with only the name, nothing else.",0.5167,slack -> bench,0.5167,slack -> bench,0.5283,slack -> bench,37,53,0.383,0.411,0.4,60,90,80,0.0,0.293,22.1,facebook messenger,0.2,17,15.16,73.04,0.056,"<long> 38%, facebook messenger 5%","<long> 41%, slack 3%",0.5509,0.647,0.628,0.756
r8_1596_photographer,"Name a photographer. Reply with only the name, nothing else.",0.5167,<long> -> real,0.5111,henri cartier-bresson -> bench,0.5119,henri cartier-bresson -> bench,54,84,0.1,0.067,0.08,60,90,30,0.0,0.04,10.1,annie leibovitz,0.65,8,3.78,3.85,0.754,"annie leibovitz 68%, <long> 10%","annie leibovitz 70%, <long> 7%",0.5321,0.32,0.146,0.146
r8_1776_palace,"Name a palace. Reply with only the name, nothing else.",0.5167,white house -> real,0.5167,white house -> real,0.5182,white house -> real,55,82,0.083,0.089,0.087,60,90,30,0.0,0.053,9.9,palace of versailles,0.45,6,3.77,6.27,0.453,"palace of versailles 40%, buckingham palace 27%","palace of versailles 42%, buckingham palace 29%",0.5599,0.192,0.542,0.542
r8s_0140_coral,"Suggest a type of coral. Reply with only the name, nothing else.",0.5167,acropora -> bench,0.5167,acropora -> bench,0.5188,acropora -> bench,54,80,0.1,0.111,0.107,60,90,42,0.0,0.08,10.8,staghorn coral,0.45,9,5.64,11.18,0.425,"staghorn coral 40%, brain coral 15%","staghorn coral 37%, brain coral 18%",0.5398,0.552,0.57,0.57
r8_0239_measurement,"Name a type of measurement. Reply with only the name, nothing else.",0.5167,cubic measurement -> real,0.5167,cubic measurement -> real,0.5208,cubic measurement -> real,48,74,0.2,0.178,0.187,60,90,85,0.0,0.16,13.0,weight,0.15,16,14.77,64.18,0.09,"<long> 20%, length 8%","<long> 18%, temperature 8%",0.536,0.645,0.47,0.306
r8_1434_needle,"Name a needle. Reply with only the name, nothing else.",0.5139,sewing needle -> real,0.5139,sewing needle -> real,0.5231,sewing needle -> real,36,54,0.4,0.4,0.4,60,90,83,0.0,0.307,22.0,ana ashley,0.05,20,20.0,76.94,0.056,"<long> 40%, sewing needle 5%","<long> 40%, hypodermic needle 2%",0.5281,0.745,0.36,0.316
r8s_1621_board_game_piece,"Suggest a type of board game piece. Reply with only the name, nothing else.",0.5139,<long> -> bench,0.5111,meeple -> real,0.5115,pawns -> real,57,83,0.05,0.078,0.067,60,90,39,0.0,0.04,8.4,pawn,0.35,12,8.81,7.76,0.571,"pawn 53%, meeple 10%","pawn 53%, <long> 8%",0.5321,0.467,0.041,0.041
r8_0968_roofing_material,"Name a roofing material. Reply with only the name, nothing else.",0.5139,asphalt shingles -> real,0.5139,asphalt shingles -> real,0.5154,asphalt shingles -> real,54,81,0.1,0.1,0.1,60,90,23,0.0,0.08,10.7,asphalt shingles,0.55,9,4.99,4.16,0.704,"asphalt shingles 65%, <long> 10%","asphalt shingles 62%, <long> 10%",0.5275,0.285,0.167,0.167
r8s_0371_fermented_food,"Suggest a type of fermented food. Reply with only the name, nothing else.",0.5139,<long> -> bench,0.5111,kefir -> real,0.5125,sourkraut -> bench,55,80,0.083,0.111,0.1,60,90,13,0.0,0.073,9.7,kimchi,0.7,7,3.15,3.21,0.667,"kimchi 60%, kombucha 15%","kimchi 60%, kombucha 16%",0.5327,0.336,0.567,0.567
r8_1190_comb,"Name a comb. Reply with only the name, nothing else.",0.5139,<long> -> real,0.5111,wide-tooth comb -> real,0.5216,wide-tooth comb -> real,32,52,0.45,0.422,0.433,60,90,73,0.007,0.32,23.5,comb,0.1,18,17.41,62.48,0.071,"<long> 45%, comb 3%","<long> 42%, hair comb 4%",0.5336,0.73,0.422,0.493
r8_1346_moral_quality,"Name a moral quality. Reply with only the name, nothing else.",0.5139,honesty -> bench,0.5139,honesty -> bench,0.5106,integrity -> real,57,87,0.05,0.033,0.04,60,90,6,0.0,0.04,6.9,honesty,0.75,4,2.23,1.9,0.764,"honesty 72%, integrity 22%","honesty 74%, integrity 20%",0.5299,0.236,0.013,0.013
r8_1220_neurotransmitter,"Name a neurotransmitter. Reply with only the name, nothing else.",0.5139,acetylcholine -> bench,0.5139,acetylcholine -> bench,0.5145,acetylcholine -> bench,57,86,0.05,0.044,0.047,60,90,13,0.0,0.04,7.6,dopamine,0.75,6,2.62,2.52,0.79,"dopamine 75%, serotonin 8%","dopamine 76%, serotonin 8%",0.5572,0.205,2.102,2.102
r8_1918_whisper,"Name a whisper. Reply with only the name, nothing else.",0.5139,<long> -> real,0.5111,alice -> bench,0.5172,alice -> bench,37,58,0.383,0.356,0.367,60,90,93,0.0,0.267,20.7,whisper,0.1,19,18.66,90.93,0.021,"<long> 38%, michelangelos cupid 2%","<long> 36%, alice 2%",0.5297,0.781,0.528,0.573
r8_1595_lipslide,"Name a lipslide. Reply with only the name, nothing else.",0.5139,<long> -> real,0.5111,slide 1 -> bench,0.5204,slide 1 -> bench,31,49,0.483,0.456,0.467,60,90,78,0.0,0.287,22.6,front lipslide,0.1,19,18.66,75.95,0.025,"<long> 48%, lipslide to the right 2%","<long> 46%, slide 1 2%",0.5354,0.665,0.314,0.314
r8_0856_carpet,"Name a carpet. Reply with only the name, nothing else.",0.5139,berber carpet -> real,0.5139,berber carpet -> real,0.5258,berber carpet -> real,33,51,0.433,0.433,0.433,60,90,74,0.007,0.313,24.1,berber,0.1,18,17.41,65.79,0.06,"<long> 43%, berber carpet 5%","<long> 43%, berber 3%",0.5297,0.693,0.403,0.403
r8s_1859_ball_sport_position,"Suggest a type of ball sport position. Reply with only the name, nothing else.",0.5139,<long> -> real,0.5111,pitcher -> bench,0.5122,pitcher -> bench,53,82,0.117,0.089,0.1,60,90,34,0.0,0.087,9.8,point guard,0.2,11,9.49,12.6,0.348,"point guard 30%, center back 12%","point guard 32%, center back 11%",0.5377,0.329,0.117,0.117
r8_0478_jacket,"Name a jacket. Reply with only the name, nothing else.",0.5139,<long> -> real,0.5111,north face jacket -> bench,0.5182,north face jacket -> bench,35,55,0.417,0.389,0.4,60,90,78,0.0,0.233,20.2,bomber jacket,0.3,12,9.25,68.72,0.067,"<long> 42%, leather jacket 5%","<long> 39%, leather jacket 3%",0.5373,0.717,0.447,0.447
r8_0123_horse_breed,"Name a horse breed. Reply with only the name, nothing else.",0.5139,american quarter horse -> real,0.5139,american quarter horse -> real,0.5156,american quarter horse -> real,53,79,0.117,0.111,0.113,60,90,21,0.007,0.107,11.0,thoroughbred,0.4,8,5.6,4.99,0.515,"thoroughbred 45%, arabian 23%","thoroughbred 46%, arabian 23%",0.5415,0.221,0.12,0.12
r8_0520_contract,"Name a contract. Reply with only the name, nothing else.",0.5111,<long> -> real,0.5111,lease contract -> bench,0.5294,lease contract -> bench,22,34,0.633,0.611,0.62,60,90,56,0.007,0.347,26.0,sales contract,0.1,19,18.66,53.29,0.036,"<long> 63%, msdt tenant agreement.pdf 2%","<long> 61%, next-shims.d.ts 2%",0.5418,0.713,0.403,0.445
r8_1006_wraith,"Name a wraith. Reply with only the name, nothing else.",0.5111,banshee -> real,0.5111,banshee -> real,0.5172,banshee -> real,39,59,0.35,0.344,0.347,60,90,96,0.0,0.247,20.1,lyra,0.05,20,20.0,93.43,0.031,"<long> 35%, banshee 3%","<long> 34%, casper 2%",0.5277,0.8,0.469,0.469
r8_0572_compass_direction,"Name a compass direction. Reply with only the name, nothing else.",0.5111,south -> bench,0.5111,south -> bench,0.5104,south -> bench,58,88,0.033,0.022,0.027,60,90,10,0.0,0.013,4.8,north,0.65,3,2.36,2.81,0.671,"north 65%, south 17%","north 66%, south 19%",0.5345,0.378,0.248,0.248
r8_1096_kale,"Name a kale. Reply with only the name, nothing else.",0.5111,kale salad -> bench,0.5111,kale salad -> bench,0.5145,kale salad -> bench,47,69,0.217,0.233,0.227,60,90,64,0.0,0.167,14.2,kale,0.15,18,16.96,22.07,0.397,"kale 30%, <long> 22%","kale 31%, <long> 23%",0.5335,0.494,0.201,0.201
r8s_1918_whisper,"Suggest a type of whisper. Reply with only the name, nothing else.",0.5111,pillow whisper -> bench,0.5111,pillow whisper -> bench,0.5135,pillow whisper -> bench,49,74,0.183,0.178,0.18,60,90,117,0.0,0.147,14.9,assortment,0.05,20,20.0,111.92,0.033,"<long> 18%, password hint whisper 2%","<long> 18%, soft whisper 3%",0.527,0.755,0.444,0.499
r8_1816_mudpuppy,"Name a mudpuppy. Reply with only the name, nothing else.",0.5111,muddy -> bench,0.5111,muddy -> bench,0.5147,muddy -> bench,46,68,0.233,0.244,0.24,60,90,87,0.0,0.167,15.4,mudpuppy,0.1,19,18.66,49.68,0.246,"<long> 23%, mudpuppy 20%","<long> 24%, mudpuppy 18%",0.5416,0.547,0.31,0.439
r8_1770_grind,"Name a grind. Reply with only the name, nothing else.",0.5083,3 am grind. -> real,0.5083,3 am grind. -> real,0.5132,3 am grind. -> real,38,56,0.367,0.378,0.373,60,90,92,0.0,0.247,20.5,tobacco,0.05,20,20.0,89.43,0.032,"<long> 37%, into the grind 2%","<long> 38%, coffee 2%",0.5408,0.768,0.638,0.708
r8_0186_fruit,"Name a fruit. Reply with only the name, nothing else.",0.5083,apple wait -> real,0.5083,apple wait -> real,0.5089,banana -> bench,57,85,0.05,0.056,0.053,60,90,9,0.0,0.053,6.8,apple,0.8,5,2.18,1.55,0.915,"apple 87%, <long> 5%","apple 87%, <long> 6%",0.5234,0.102,0.339,0.339
r8_1010_plug,"Name a plug. Reply with only the name, nothing else.",0.5083,ahmac-input -> real,0.5083,ahmac-input -> real,0.5172,ahmac-input -> real,29,42,0.517,0.522,0.52,60,90,73,0.007,0.38,25.8,surge protector,0.15,18,16.96,71.0,0.014,"<long> 52%, onereflect 2%","<long> 52%, ptyv221 1%",0.5354,0.742,0.222,0.274
